6
8
15
140
172
262
369
389
441
486
626
632
643
657
685
760
825
929
956
974
1029
1166
1245
1274
1324
1346
1366
1446
1514
1538
1726
1867
1933
1975
1986
2073
2128
2208
2230
2237
2245
2345
2361
2435
2439
2683
2727
2730
2790
2796
2876
2936
2967
3236
3260
3318
3385
3390
3479
3560
3600
3714
3794
3836
3889
4025
4114
4120
4139
4167
4194
4309
4339
4373
4422
4464
4520
4565
4655
4769
4788
4843
5156
5201
5263
5321
5361
5396
5450
5523
5567
5648
5780
5783
5955
5988
6105
6152
6197
6206
6232
6475
6478
6538
6559
6672
6684
6699
6827
6862
6928
7052
7081
7133
7136
7140
7169
7314
7589
7603
7612
7757
7795
7849
8033
8053
8091
8184
8371
8382
8486
8491
8660
8726
8859
8900
8917
8940
8994
9075
9148
9165
9178
9228
9284
9367
9443
9490
9497
9609
9615
9661
9671
9779
9781
9808
9939
9970
9993
10056
10125
10130
10158
10164
10212
10272
10285
10362
10507
10526
10547
10661
10718
10726
10751
10886
10891
10895
11055
11132
11273
11298
11301
11367
11624
11737
11751
11903
11912
12132
12170
12346
12474
12557
12562
12610
12700
12711
12793
12813
12825
12851
12879
12945
12951
13083
13114
13164
13179
13185
13547
13656
13678
13814
13817
13823
13964
13969
13985
14062
14178
14240
14255
14289
14345
14359
14374
14408
14485
14557
14570
14609
14651
14687
14710
14740
14782
14803
14858
14936
15011
15025
15027
15030
15067
15117
15140
15157
15402
15404
15462
15475
15603
15653
15737
15837
15850
15942
15966
15994
16042
16080
16138
16150
16162
16182
16217
16225
16239
16247
16306
16484
16518
16528
16551
16663
16780
17036
17206
17348
17353
17714
17778
17796
17825
17939
17967
18091
18097
18108
18180
18244
18271
18359
18383
18407
18484
18498
18527
18549
18669
18675
18677
18715
18723
19068
19085
19173
19261
19340
19355
19378
19415
19471
19703
19706
19746
19803
19805
19809
19936
20000
20018
20230
20291
20309
20351
20366
20376
20559
20623
20640
20670
20675
20688
20743
20793
20810
20823
20826
20948
20956
21074
21217
21237
21315
21359
21459
21463
21550
21649
21674
21750
21775
21777
21807
21840
22002
22053
22157
22273
22597
22613
22645
22732
22790
22803
22879
22898
22928
23036
23090
23122
23139
23142
23251
23387
23535
23578
23740
23745
23768
23833
23880
23899
24053
24093
24222
24382
24504
24529
24550
24666
24698
24711
24743
24887
24943
24956
25079
25103
25140
25299
25357
25370
25381
25414
25521
25559
25668
25674
25872
25909
25934
26013
26019
26020
26029
26035
26062
26173
26176
26182
26218
26275
26284
26331
26436
26606
26648
26654
26718
26742
26750
26792
26841
26859
27067
27325
27448
27491
27504
27577
27586
27606
27643
27677
27687
27708
27756
27778
27793
27883
27905
28005
28008
28067
28111
28131
28222
28278
28365
28397
28439
28453
28488
28531
28578
28594
28673
28723
28735
28754
28780
28832
28901
28955
29082
29319
29457
29541
29778
29944
29953
30064
30148
30158
30287
30306
30434
30586
30661
30805
30812
30874
30950
31060
31074
31125
31231
31290
31327
31339
31377
31392
31465
31598
31653
31671
31696
31707
31903
31982
32032
32125
32178
32217
32227
32357
32387
32423
32443
32623
32625
32675
32678
32683
32710
32921
33177
33186
33340
33353
33385
33402
33407
33467
33517
33551
33630
33744
33749
33751
33796
33912
33936
33952
33965
34002
34012
34063
34125
34211
34250
34276
34366
34541
34577
34606
34610
34640
34831
34858
35041
35136
35192
35224
35280
35328
35368
35428
35442
35607
35636
35764
35835
35949
35973
35986
36000
36061
36111
36161
36289
36360
36409
36461
36518
36524
36535
36623
36709
36859
36948
37217
37365
37419
37448
37699
37702
37716
37765
37783
37972
38045
38095
38118
38124
38175
38260
38305
38342
38373
38449
38504
38600
38612
38665
38789
38812
38894
38983
38989
39010
39020
39050
39135
39234
39252
39512
39632
39639
39665
39670
39711
39729
39739
39996
40130
40202
40359
40366
40380
40423
40465
40499
40535
40895
40940
41001
41020
41125
41333
41463
41472
41523
41568
41631
41642
41644
41741
41743
41760
41955
42047
42057
42169
42380
42386
42395
42399
42436
42632
42684
42696
42722
42748
42776
42786
43017
43034
43077
43127
43152
43179
43288
43305
43560
43593
43616
43652
43665
43678
43722
43803
43913
44119
44196
44200
44280
44330
44404
44468
44590
44617
44692
44923
45004
45012
45043
45064
45074
45082
45215
45252
45361
45374
45404
45466
45488
45497
45530
45672
45687
45759
45811
45815
45827
46130
46148
46199
46219
46267
46315
46349
46353
46357
46397
46449
46712
46725
46742
46780
46852
46936
46949
46953
47160
47167
47171
47283
47340
47384
47696
47712
47713
47729
47863
47897
47972
48028
48148
48210
48223
48253
48286
48318
48464
48512
48569
48613
48640
48661
48694
48713
48766
48826
48867
48878
48965
49003
49016
49044
49060
49159
49212
49305
49371
49479
49554
49665
49712
49751
49810
49818
49824
49941
50001
50043
50088
50314
50402
50465
50539
50796
50955
51234
51245
51258
51288
51315
51407
51422
51487
51531
51544
51605
51634
51713
51730
51744
51747
51928
52007
52084
52114
52189
52227
52254
52281
52315
52365
52390
52655
52696
52719
52763
52821
52852
52901
52941
52966
52987
53030
53107
53206
53283
53288
53292
53385
53485
53489
53523
53579
53658
53712
53818
53939
53949
54019
54034
54075
54110
54238
54275
54367
54431
54444
54457
54463
54535
54673
54682
54789
54805
54816
54855
54898
54900
54955
54979
54999
55014
55077
55116
55296
55305
55317
55395
55482
55489
55783
55815
55827
55841
55894
55942
55950
55974
56055
56210
56545
56631
56643
56897
56982
57059
57067
57081
57109
57129
57189
57213
57221
57296
57298
57362
57394
57742
57801
57905
57918
57938
58068
58084
58157
58190
58205
58277
58306
58345
58359
58456
58469
58501
58592
58749
58789
58851
58882
58935
58995
59010
59111
59175
59234
59268
59410
59478
59557
59570
59595
59656
59724
59759
59800
59844
59851
59875
59961
60009
60033
60055
60118
60175
60208
60238
60349
60484
60498
60522
60587
60731
60740
60792
60813
60851
60933
60939
60950
60996
61076
61165
61334
61436
61501
61567
61651
61730
61763
61875
61927
62029
62049
62066
62076
62111
62157
62164
62233
62252
62275
62353
62385
62425
62469
62522
62535
62572
62596
62609
62656
62671
62698
62724
62735
62800
62889
62901
62903
62908
63042
63079
63084
63174
63176
63222
63251
63277
63301
63562
63701
63730
63792
63801
63814
63853
63882
63894
63926
63954
64054
64152
64284
64345
64429
64432
64457
64543
64544
64578
64587
64727
64833
64932
65094
65189
65321
65345
65440
65484
65510
65564
65747
65774
65812
66146
66202
66233
66245
66287
66376
66391
66538
66636
66658
66689
66700
66716
66719
66772
66830
66839
66841
66851
67195
67209
67289
67325
67399
67444
67493
67514
67587
67591
67636
67814
67842
67854
68021
68161
68163
68177
68198
68411
68438
68453
68486
68529
68639
68714
68739
68785
68790
68881
68886
69115
69177
69210
69233
69259
69271
69350
69430
69497
69519
69744
69749
69897
69975
69998
70030
70036
70042
70057
70113
70244
70306
70320
70352
70438
70468
70506
70542
70617
70643
70702
70718
70721
70727
70793
70905
70916
71028
71076
71236
71309
71484
71544
71561
71752
71780
71822
71879
71988
71991
72017
72104
72149
72217
72230
72245
72271
72303
72359
72380
72547
72615
72760
72765
72775
72783
72984
73154
73207
73215
73239
73257
73304
73399
73437
73442
73454
73507
73596
73615
73616
73648
73692
73710
73774
73789
73823
73833
73854
73912
74074
74184
74195
74255
74310
74404
74537
74639
74690
74698
74778
74859
74887
74897
74917
74943
74975
75004
75036
75104
75110
75148
75177
75194
75238
75257
75387
75474
75508
75528
75541
75566
75631
75662
75663
75727
75852
75978
76003
76126
76146
76273
76321
76367
76471
76501
76563
76627
76723
76839
76885
76965
77001
77047
77070
77101
77223
77318
77518
77640
77685
77760
77766
77768
77792
77798
77803
77913
77933
77957
77962
78040
78225
78260
78317
78432
78440
78486
78496
78553
78658
78685
78737
78830
78911
78944
78953
78964
79011
79080
79163
79247
79378
79445
79569
79599
79609
79654
79657
79697
79737
79753
79906
79982
80010
80045
80111
80154
80189
80202
80251
80256
80289
80292
80308
80437
80642
80674
80684
80748
80765
80787
80862
80896
81004
81232
81520
81555
81606
81667
81716
81743
81825
81919
81924
81939
82058
82123
82169
82185
82237
82254
82330
82392
82594
82783
82843
82941
82989
83313
83316
83437
83443
83551
83570
83573
83600
83761
83765
83810
83856
83877
83901
83995
84000
84025
84136
84221
84232
84273
84378
84395
84402
84767
84787
84905
84933
84943
85145
85268
85301
85332
85468
85552
85635
85649
85652
85834
85897
85921
85952
85957
85962
86018
86025
86100
86258
86274
86387
86398
86447
86538
86619
86676
86736
86766
86770
86951
87089
87173
87267
87467
87552
87636
87674
87805
87838
87842
87846
87872
87994
88017
88023
88045
88097
88126
88143
88184
88248
88314
88329
88558
88606
88644
88675
88785
88808
88839
88861
88903
89026
89046
89052
89066
89127
89149
89174
89178
89262
89267
89281
89300
89312
89391
89402
89505
89517
89552
89656
89764
89791
89848
89972
89989
89991
90078
90091
90147
90175
90227
90265
90324
90335
90467
90538
90574
90617
90618
90748
91067
91088
91364
91399
91446
91515
91609
91672
91685
91723
91739
91878
91986
92000
92102
92215
92262
92306
92326
92340
92349
92443
92477
92575
92674
92720
92771
92815
92852
92880
92882
92926
92951
93010
93065
93076
93082
93086
93143
93150
93177
93241
93308
93329
93350
93396
93496
93538
93550
93767
93784
93814
93847
94004
94058
94101
94129
94198
94279
94376
94398
94433
94465
94562
94700
94843
94992
95004
95122
95231
95245
95253
95337
95346
95369
95411
95456
95462
95491
95615
95619
95737
95760
95818
95935
95951
95968
96010
96055
96214
96287
96355
96462
96492
96535
96559
96562
96688
96752
96858
96977
97003
97091
97576
97612
97622
97844
97892
97909
97988
98160
98228
98248
98271
98279
98439
98507
98520
98562
98750
98772
98794
98917
98979
98988
99035
99056
99077
99088
99095
99126
99179
99188
99237
99270
99276
99299
99415
99439
99651
99683
99740
99757
99774
99877
99895
99914
100068
100225
100242
100281
100327
100341
100377
100490
100506
100520
100578
100585
100694
100739
100783
100940
101127
101181
101283
101307
101331
101351
101514
101595
101665
101671
101717
101752
101755
101775
101905
101917
101985
102024
102070
102077
102089
102169
102170
102175
102265
102334
102364
102379
102385
102402
102565
102594
102649
102694
102795
102815
102825
102841
102894
102965
103125
103196
103286
103309
103377
103391
103427
103474
103500
103706
103763
103795
103837
103923
103949
103998
104044
104059
104075
104351
104384
104429
104433
104477
104500
104601
104613
104638
104675
104676
104701
104886
104921
105237
105326
105527
105537
105555
105569
105695
105748
105870
105879
105918
105937
106108
106230
106261
106337
106362
106383
106504
106574
106640
106661
106705
106722
106936
106943
107127
107130
107153
107180
107192
107287
107316
107416
107447
107664
107677
107764
107775
107791
107914
108151
108171
108198
108203
108341
108351
108371
108474
108498
108503
108513
108526
108582
108648
108753
108800
108820
108892
108909
109028
109195
109431
109440
109481
109528
109581
109590
109609
109647
109777
109851
109932
109943
109949
109965
109976
110095
110254
110601
110655
110763
110946
110992
111053
111161
111168
111196
111235
111373
111497
111512
111534
111573
111744
111820
111889
111928
111957
111987
111993
111995
112059
112067
112083
112114
112149
112280
112346
112421
112441
112446
112512
112645
112655
112788
112911
112918
113028
113036
113085
113111
113190
113217
113271
113279
113290
113596
113660
113678
113713
113757
113843
113917
114050
114058
114079
114170
114177
114315
114339
114372
114390
114481
114490
114545
114640
114734
114793
114883
114888
114942
114995
115008
115025
115082
115196
115214
115447
115487
115507
115563
115565
115651
115770
115789
115940
116073
116141
116156
116198
116201
116212
116242
116254
116517
116755
116777
116915
116951
117022
117050
117083
117182
117300
117337
117381
117425
117497
117532
117614
117624
117700
117703
117708
117882
117965
117988
118021
118080
118090
118244
118263
118430
118598
118609
118658
118662
118956
119035
119112
119128
119375
119394
119559
119574
119671
119681
119694
119707
119800
119870
119929
119959
120044
120061
120074
120150
120253
120278
120376
120385
120393
120399
120440
120497
120524
120707
120759
120776
120928
120991
121049
121063
121078
121100
121353
121383
121395
121443
121514
121528
121534
121647
121698
121714
121728
121762
121907
122136
122153
122154
122395
122677
122849
123047
123092
123213
123287
123338
123343
123358
123407
123420
123480
123499
123542
123625
123671
123851
123939
123980
123993
124035
124133
124248
124263
124324
124331
124364
124410
124420
124427
124445
124455
124514
124540
124588
124618
124663
124686
124707
124787
124892
124951
125022
125047
125122
125175
125238
125244
125262
125286
125294
125372
125515
125557
125572
125602
125605
125668
125704
125746
125795
125879
125899
125904
126272
126300
126357
126557
126662
126840
126873
126966
126994
127034
127356
127383
127390
127462
127549
127606
127634
127672
127778
127783
127794
127837
127941
128032
128068
128172
128178
128284
128319
128457
128474
128521
128574
128589
128654
128678
128692
128704
128720
128789
128795
128807
128836
128909
128916
128954
129076
129085
129262
129363
129407
129422
129444
129486
129590
129596
129686
129750
129837
129855
129888
129938
130003
130015
130064
130076
130103
130167
130179
130182
130200
130223
130373
130397
130560
130604
130693
130757
130900
130908
130929
130952
130987
131035
131069
131135
131154
131189
131239
131248
131508
131558
131559
131617
131715
131795
131904
131931
131971
132110
132166
132311
132336
132359
132397
132400
132426
132463
132475
132668
132687
132826
132885
133070
133155
133255
133267
133273
133283
133571
133662
133745
133795
133860
133900
133907
133944
134030
134051
134179
134207
134241
134291
134322
134461
134498
134513
134592
134609
134658
134696
134709
134744
134823
134884
134894
134895
134944
134970
135028
135106
135201
135294
135381
135477
135636
135706
135744
135883
135909
136032
136034
136057
136140
136157
136227
136272
136302
136356
136373
136414
136448
136475
136509
136554
136558
136584
136640
136847
137107
137142
137149
137152
137267
137387
137455
137512
137546
137747
137757
137767
137773
137823
137890
137902
137979
138024
138170
138303
138469
138503
138625
138694
139003
139081
139085
139117
139122
139166
139187
139249
139252
139371
139381
139414
139432
139442
139483
139654
139883
139920
139992
139996
140011
140053
140072
140105
140375
140430
140505
140524
140584
140675
140813
140834
140876
141013
141104
141107
141157
141189
141200
141378
141473
141731
141826
141841
142059
142141
142202
142205
142365
142467
142477
142513
142522
142617
142638
142651
142672
142706
142928
142938
142975
143047
143091
143157
143211
143215
143222
143226
143321
143334
143380
143389
143414
143426
143490
143561
143660
143666
143777
143818
143866
144133
144141
144285
144366
144508
144766
144871
144896
144980
145110
145268
145292
145330
145383
145448
145500
145556
145578
145632
145637
145650
145652
145682
145886
145902
146023
146045
146075
146152
146204
146221
146234
146364
146389
146499
146516
146629
146803
146816
146945
146949
147110
147154
147228
147247
147268
147356
147362
147399
147460
147473
147606
147624
147652
147691
147868
147891
147969
148117
148136
148210
148283
148327
148340
148350
148363
148485
148627
148635
148645
148702
148712
148763
148806
148836
148930
148999
149011
149019
149113
149135
149211
149380
149390
149447
149487
149490
149504
149618
149638
149652
149705
149778
149885
149923
149932
149954
149995
150071
150142
150276
150331
150387
150420
150461
150552
150605
150622
150655
150803
150842
150844
150858
150968
150971
151039
151108
151251
151301
151347
151499
151605
151661
151839
151857
151990
152012
152037
152063
152197
152211
152214
152377
152603
152663
152724
152729
152820
152934
152955
152987
153010
153083
153094
153115
153197
153255
153290
153295
153300
153363
153670
153694
153829
153856
153923
154043
154186
154199
154305
154308
154448
154553
154566
154605
154887
154936
154976
155008
155109
155136
155175
155283
155398
155405
155408
155421
155530
155558
155747
155766
156116
156128
156309
156331
156343
156372
156446
156484
156539
156564
156588
156611
156635
156639
156662
156666
156705
156746
156785
156801
156813
156926
156958
157042
157076
157170
157207
157480
157773
157787
157815
157895
157913
157956
157984
158152
158258
158314
158400
158535
158617
158640
158643
158720
158741
158755
158836
158887
158988
159016
159069
159104
159168
159245
159280
159300
159304
159321
159347
159354
159559
159573
159617
159777
159930
159999
160153
160274
160423
160462
160491
160587
160734
160792
160874
161050
161055
161062
161118
161149
161194
161313
161339
161345
161424
161469
161727
161753
161788
161986
162000
162026
162060
162087
162155
162160
162188
162219
162436
162701
162759
162763
162766
162860
162891
162910
162922
163034
163072
163131
163196
163263
163311
163327
163514
163525
163574
163585
163668
163719
163741
163792
163807
163817
163898
163907
164091
164188
164275
164289
164299
164347
164385
164388
164603
164609
164759
164761
164788
164915
164947
164983
165106
165186
165194
165196
165241
165243
165275
165305
165314
165380
165473
165611
165619
165880
166033
166124
166180
166203
166242
166317
166459
166488
166534
166551
166924
167056
167122
167254
167273
167342
167396
167402
167475
167481
167512
167676
167832
167891
167925
167953
167977
168006
168023
168052
168125
168153
168167
168204
168351
168364
168428
168451
168456
168529
168655
168777
168795
168960
168971
168978
169003
169054
169084
169146
169153
169177
169195
169240
169250
169393
169449
169510
169542
169550
169644
169690
169867
169991
170139
170187
170270
170292
170372
170419
170459
170499
170523
170552
170691
170862
170885
171145
171179
171259
171352
171426
171428
171438
171475
171858
171880
171883
171943
171975
172054
172172
172227
172232
172248
172251
172323
172335
172352
172363
172403
172414
172452
172593
172626
172697
172706
172836
172946
172986
173056
173076
173077
173085
173114
173230
173274
173312
173499
173509
173580
173618
173824
173875
173953
174073
174102
174213
174312
174392
174419
174577
174581
174658
174670
174672
174734
174851
174872
174886
174902
174939
174957
174983
175010
175023
175042
175218
175226
175273
175329
175344
175430
175463
175542
175655
175663
175728
175821
175864
175934
175939
175949
176168
176263
176296
176341
176368
176482
176488
176493
176505
176519
176556
176684
176778
176781
176847
176908
176932
176943
176950
176971
177059
177115
177125
177137
177148
177217
177226
177274
177330
177340
177348
177371
177397
177402
177630
177646
177662
177689
177765
177784
177798
177894
177908
177972
177987
178050
178116
178139
178218
178231
178248
178294
178302
178311
178318
178333
178462
178520
178728
178770
178778
178786
178845
178907
178935
179023
179038
179098
179109
179126
179196
179212
179376
179440
179497
179503
179660
179786
179801
179927
179931
179933
180073
180106
180201
180275
180281
180403
180534
180572
180584
180683
180883
180891
180894
180950
181189
181205
181221
181254
181344
181347
181385
181404
181507
181550
181887
181923
182030
182204
182282
182326
182343
182551
182682
182763
182826
182840
183001
183006
183080
183143
183149
183211
183234
183303
183403
183538
183650
183793
183825
183906
184031
184047
184049
184064
184123
184125
184401
184415
184509
184647
184724
184780
184825
184916
185001
185019
185132
185176
185222
185309
185348
185452
185485
185679
185771
185785
185814
185976
186159
186258
186266
186283
186321
186324
186427
186438
186598
186833
186926
187035
187053
187062
187067
187161
187246
187258
187274
187282
187290
187307
187328
187366
187394
187452
187482
187551
187603
187751
187803
188134
188199
188264
188311
188333
188409
188420
188424
188548
188578
188636
188664
188690
188701
188903
188943
189025
189095
189104
189138
189215
189271
189336
189354
189425
189510
189631
189690
189706
189739
189774
189846
189924
189960
190070
190109
190258
190333
190347
190372
190421
190472
190476
190589
190630
190643
190669
190762
190829
190901
190911
190918
190939
190953
190957
190961
191044
191129
191373
191400
191426
191527
191552
191608
191616
191723
191727
191816
191833
191852
191882
191894
191949
191997
192060
192101
192109
192137
192186
192189
192211
192233
192244
192250
192323
192349
192453
192499
192696
192735
192761
192772
192790
192824
192827
192900
193001
193027
193396
193473
193515
193548
193665
193686
193732
193749
193813
193846
193915
194110
194115
194194
194281
194307
194336
194346
194465
194494
194518
194563
194650
194791
194795
194886
194911
195017
195093
195108
195158
195390
195412
195418
195430
195452
195458
195627
195647
195752
195762
195785
195802
195887
195915
195952
195981
196036
196074
196086
196143
196235
196463
196525
196579
196617
196645
196754
196828
196835
196879
196937
196961
196971
197035
197056
197087
197135
197136
197225
197238
197295
197311
197356
197397
197513
197577
197582
197744
197757
197777
197967
198042
198126
198141
198206
198251
198428
198563
198620
198627
198707
198746
198778
198815
198952
199021
199035
199045
199053
199130
199208
199391
199568
199604
199666
199671
199719
199824
199836
199865
199867
199911
199940
199951
199964
200100
200109
200124
200139
200140
200173
200243
200315
200349
200517
200536
200652
200717
200758
200887
200925
200927
200988
201005
201035
201056
201117
201125
201224
201286
201519
201772
201835
201858
201995
202005
202013
202036
202214
202379
202618
202644
202661
202680
202843
202846
202849
203001
203035
203226
203240
203414
203477
203676
203738
203743
203831
204049
204068
204105
204124
204249
204307
204512
204518
204524
204565
204579
204632
204651
204660
204689
204820
204850
204940
205069
205101
205142
205174
205205
205262
205365
205425
205461
205528
205570
205648
205708
205719
205733
205800
205820
205825
205935
205976
206026
206042
206137
206163
206204
206245
206264
206279
206313
206377
206392
206407
206469
206512
206674
206719
206774
206863
206898
206948
206994
207077
207096
207115
207301
207383
207409
207422
207427
207469
207510
207686
207719
207727
207775
207812
207905
207923
207939
207948
207964
207977
208093
208131
208272
208341
208380
208391
208473
208584
208585
208733
208968
209037
209085
209101
209130
209197
209216
209233
209260
209284
209315
209343
209525
209671
209730
209756
209762
209785
209832
209870
209883
210011
210020
210036
210062
210073
210092
210118
210121
210172
210193
210225
210233
210332
210349
210363
210378
210519
210568
210662
210726
210775
210905
211026
211032
211093
211121
211274
211322
211354
211536
211612
211772
211896
211909
211961
212058
212125
212152
212173
212209
212511
212518
212533
212638
212777
212898
213079
213114
213151
213239
213272
213312
213337
213417
213469
213666
213924
213970
214012
214045
214059
214127
214298
214304
214341
214446
214448
214482
214500
214539
214570
214683
214783
214852
214903
214924
215245
215295
215296
215346
215353
215389
215444
215450
215494
215503
215525
215580
215636
215697
215734
215785
215835
215864
215877
215907
215912
215931
216012
216036
216080
216221
216240
216258
216306
216437
216509
216628
216655
216699
216831
216904
216935
216975
217069
217112
217140
217163
217189
217351
217371
217657
217676
217690
217704
217722
217934
217956
217991
218032
218116
218138
218210
218220
218269
218306
218309
218354
218491
218607
218627
218662
218716
218726
218848
218858
218891
218895
218930
219344
219387
219477
219489
219679
219755
220065
220126
220178
220193
220263
220278
220283
220332
220373
220391
220437
220547
220567
220646
220664
220770
220855
220886
220900
220966
220972
220988
221040
221106
221111
221151
221185
221197
221228
221269
221280
221320
221425
221484
221603
221623
221757
221860
221890
221944
221950
222128
222146
222261
222441
222478
222505
222617
222621
222753
222804
222836
222908
223016
223170
223218
223294
223417
223496
223509
223523
223539
223551
223560
223567
223598
223613
223623
223643
223783
223795
223813
223828
223937
224018
224031
224074
224091
224138
224223
224349
224572
224598
224613
224635
224691
224767
224775
224783
224788
224801
224831
224841
224855
224866
224872
224896
224998
225032
225046
225055
225135
225143
225163
225190
225194
225204
225214
225297
225378
225458
225484
225489
225505
225567
225575
225641
225691
225823
225886
225994
226068
226132
226276
226421
226428
226467
226553
226580
226593
226613
226636
226660
226976
227010
227087
227105
227429
227453
227477
227504
227581
227648
227689
227764
227789
227797
227803
227843
227867
227914
227926
228087
228230
228303
228392
228475
228532
228546
228561
228583
228615
228632
228696
228715
228846
228867
228878
228959
229124
229154
229250
229271
229289
229338
229357
229373
229395
229400
229506
229608
229641
229646
229678
229830
229894
229905
230037
230044
230071
230081
230092
230256
230284
230300
230328
230331
230342
230481
230612
230644
230687
230792
230910
230967
231129
231142
231459
231569
231589
231682
231700
231776
231816
231904
231974
232308
232322
232332
232399
232472
232529
232582
232588
232631
232642
232654
232670
232721
232791
232798
232866
232884
232888
232979
232993
233029
233070
233101
233107
233163
233179
233185
233206
233236
233344
233401
233464
233601
233607
233620
233646
233686
233813
233859
233873
234016
234026
234043
234102
234169
234174
234206
234211
234305
234339
234350
234355
234491
234519
234579
234596
234611
234636
234735
234756
234778
234831
234837
234869
234905
234964
235006
235045
235101
235131
235168
235280
235402
235459
235470
235493
235507
235553
235569
235588
235635
235741
235815
235845
235856
235860
235879
235891
235943
235955
235966
235969
235974
236218
236256
236364
236443
236451
236478
236496
236579
236583
236774
236836
236855
236899
237011
237049
237134
237157
237183
237225
237235
237256
237335
237526
237619
237693
237695
237762
237884
237892
237904
237925
237933
237989
237990
238072
238092
238128
238204
238246
238255
238333
238357
238431
238466
238878
239092
239108
239195
239277
239341
239342
239384
239395
239406
239413
239544
239548
239701
239765
239845
239857
239877
239953
239974
239984
240165
240294
240299
240451
240463
240507
240516
240572
240668
240705
240742
240752
240796
240855
240872
240917
240957
240979
240997
240999
241005
241056
241073
241074
241113
241139
241160
241174
241219
241395
241443
241462
241490
241554
241599
241714
241730
241857
241923
241982
242017
242027
242080
242186
242250
242266
242286
242320
242453
242487
242538
242550
242564
242602
242698
242743
242777
242842
242869
242940
242955
243009
243016
243023
243124
243176
243276
243306
243384
243511
243537
243605
243640
243718
243833
243998
244003
244049
244190
244233
244292
244331
244418
244523
244570
244619
244632
244912
244925
245094
245173
245231
245293
245460
245787
245830
245861
245864
245943
245966
245996
246012
246216
246245
246297
246306
246335
246365
246478
246538
246551
246605
246829
246884
247035
247150
247185
247273
247421
247435
247468
247503
247530
247556
247593
247743
247762
247824
247853
247896
247923
247937
247978
248009
248112
248131
248295
248315
248320
248337
248341
248393
248523
248621
248628
248632
248678
248800
248926
248930
248973
249015
249044
249053
249085
249151
249161
249226
249261
249320
249382
249469
249500
249523
249533
249565
249595
249642
249651
249677
249684
249742
249804
249826
249873
249936
249994
250067
250080
250132
250135
250166
250195
250199
250277
250300
250366
250377
250499
250711
250873
250894
250970
251023
251113
251150
251228
251416
251446
251530
251541
251554
251641
251810
251852
251890
251897
251978
251988
252043
252087
252115
252181
252223
252226
252245
252305
252314
252330
252516
252563
252599
252617
252683
252724
252732
252908
252959
252997
253042
253074
253129
253169
253211
253242
253279
253313
253492
253570
253630
253684
253717
253783
253794
253875
253896
253939
253970
254009
254013
254129
254354
254371
254484
254499
254526
254648
254718
254728
254801
254809
254913
255018
255040
255071
255082
255231
255246
255336
255405
255410
255543
255566
255588
255609
255626
255712
255725
255782
255799
255956
255984
255986
256031
256038
256080
256117
256125
256214
256272
256283
256436
256449
256549
256912
256923
256965
256968
257000
257023
257069
257096
257103
257104
257184
257210
257239
257320
257326
257345
257360
257373
257391
257421
257540
257569
257572
257600
257661
257664
257739
257781
257976
258082
258261
258349
258396
259030
259040
259217
259245
259311
259324
259328
259435
259649
259697
259741
259752
259759
259795
259906
259961
259974
260250
260370
260472
260507
260515
260584
260703
260719
260779
260840
260909
260928
260933
260941
260979
261027
261166
261219
261355
261375
261419
261679
261713
261738
261743
261860
261988
262022
262042
262055
262109
262137
262142
262204
262253
262276
262349
262410
262474
262495
262531
262546
262572
262673
262735
262785
262899
262955
262960
262993
263029
263129
263148
263181
263194
263300
263323
263413
263497
263560
263675
263677
263747
263758
264002
264027
264051
264058
264063
264085
264117
264141
264198
264219
264228
264258
264265
264408
264444
264456
264520
264642
264726
264737
264829
265042
265096
265136
265148
265282
265287
265303
265431
265519
265616
265619
265657
265765
265838
265843
265878
265889
265922
265941
266184
266190
266423
266468
266701
266750
266798
266844
266862
266997
267006
267013
267145
267219
267238
267265
267331
267393
267439
267635
267709
267812
267888
267929
268090
268117
268154
268248
268337
268354
268377
268395
268403
268417
268457
268564
268567
268616
268660
268846
268863
268949
269142
269172
269240
269570
269854
269881
269919
269931
269998
270064
270229
270322
270368
270595
270659
270699
270795
270848
270880
270896
270968
270995
271079
271086
271088
271191
271194
271445
271511
271531
271547
271558
271607
271654
271663
271755
271786
271896
271950
271968
271990
272007
272027
272065
272108
272243
272254
272390
272479
272508
272555
272669
272767
272826
272916
272938
272963
273094
273109
273236
273245
273464
273484
273676
273686
273734
273802
273883
273926
273972
273976
274033
274045
274118
274176
274309
274562
274629
274647
274699
274806
274830
274850
274890
274903
274925
275133
275139
275217
275222
275278
275338
275366
275397
275409
275441
275689
275789
275801
275820
275850
275913
276099
276116
276129
276155
276180
276211
276491
276562
276660
276663
276694
276701
276712
276805
276808
276845
276891
276923
276944
276957
277009
277054
277157
277174
277299
277311
277342
277361
277541
277554
277568
277620
277649
277772
277856
277870
277914
277922
278014
278035
278060
278091
278210
278283
278317
278322
278335
278473
278560
278586
278589
278619
278668
278683
278718
278962
278988
279013
279038
279066
279248
279270
279279
279348
279368
279603
279792
279828
279859
279897
279906
279917
279956
279993
280074
280085
280097
280119
280123
280146
280153
280176
280388
280421
280428
280474
280492
280502
280556
280657
280694
280805
280887
280895
280905
280908
280918
281152
281175
281185
281236
281315
281421
281545
281567
281599
281666
281810
282048
282126
282139
282191
282246
282270
282340
282612
282819
282846
282976
282985
283124
283136
283170
283219
283310
283366
283400
283640
283670
283765
283779
283838
283997
284005
284017
284053
284094
284100
284105
284203
284243
284300
284343
284393
284497
284511
284537
284698
284815
284829
284930
284996
285023
285031
285059
285092
285119
285201
285230
285243
285282
285337
285419
285523
285535
285636
285639
285644
285687
285716
285772
285791
285824
285925
285943
285981
285987
286092
286259
286377
286416
286440
286593
286652
286674
286716
286810
286885
287045
287075
287135
287168
287189
287380
287393
287483
287493
287631
287892
287900
287916
287966
288123
288170
288222
288265
288483
288589
288783
288803
288838
288883
288941
288991
289062
289112
289157
289197
289247
289255
289275
289495
289508
289606
289609
289622
289631
289649
289733
289774
289927
290117
290140
290230
290261
290280
290283
290357
290555
290577
290593
290753
290843
290870
290893
291028
291049
291055
291058
291101
291189
291205
291294
291298
291305
291394
291530
291605
291643
291690
291722
291802
291972
291987
292017
292043
292121
292140
292179
292186
292255
292290
292321
292353
292460
292560
292571
292613
292669
292891
292921
292948
292965
293011
293019
293029
293033
293066
293133
293146
293205
293371
293383
293389
293426
293439
293474
293511
293745
293765
293770
293807
293814
293819
293833
293942
293951
294019
294112
294203
294420
294444
294450
294519
294523
294543
294644
294662
294672
294701
294713
294766
294771
294805
294830
294848
295040
295073
295116
295122
295144
295196
295214
295230
295351
295378
295419
295480
295499
295519
295528
295574
295620
295629
295682
295736
295756
295757
295823
295962
296228
296247
296354
296375
296444
296454
296567
296576
296621
296629
296672
296744
296759
296769
296784
296913
297247
297271
297551
297620
297634
297696
297750
297756
297786
297913
298039
298095
298099
298103
298166
298180
298197
298317
298346
298359
298416
298457
298528
298735
298756
299040
299056
299092
299125
299167
299176
299192
299195
299212
299330
299351
299428
299501
299651
299684
299701
299717
299825
299828
299968
300004
300028
300262
300302
300311
300454
300459
300523
300529
300617
300638
300643
300965
301030
301127
301136
301274
301462
301533
301564
301566
301600
301624
301655
301667
301692
301781
301805
301960
302014
302146
302247
302467
302547
302571
302640
302772
302824
302843
302860
302889
303016
303270
303319
303323
303334
303353
303463
303569
303784
303831
303848
303854
303908
303999
304036
304037
304080
304116
304128
304181
304185
304445
304572
304587
304629
304668
304688
304709
304732
304850
305016
305019
305043
305112
305124
305178
305221
305224
305243
305311
305325
305397
305460
305542
305628
305630
305656
305819
305826
305858
305875
305918
305949
306106
306169
306240
306271
306275
306283
306326
306419
306485
306524
306538
306645
306668
306724
306876
306925
306943
306962
307059
307075
307090
307093
307107
307228
307359
307370
307488
307519
307617
307630
307781
307792
307831
307849
307854
307874
307976
308021
308125
308133
308149
308207
308228
308286
308304
308312
308319
308473
308544
308565
308694
308705
308888
309037
309150
309194
309247
309253
309333
309385
309475
309517
309549
309667
309698
309720
309913
309922
309935
309950
309964
310001
310068
310078
310163
310325
310438
310470
310521
310611
310636
310660
310721
310883
310935
310938
311022
311060
311114
311309
311335
311357
311423
311426
311442
311472
311516
311526
311576
311615
311700
311722
311726
311819
311838
311871
311915
311935
312023
312221
312385
312522
312563
312605
312624
312662
312696
312704
312710
312727
312733
312742
312812
312838
312953
312977
313043
313096
313103
313108
313161
313231
313330
313337
313378
313447
313476
313488
313514
313547
313560
313573
313589
313679
313686
313724
313800
313851
313869
313976
313991
314032
314060
314269
314278
314353
314357
314372
314463
314548
314570
314842
315028
315037
315060
315066
315080
315082
315131
315191
315316
315378
315453
315520
315548
315899
315905
315952
316069
316084
316123
316242
316378
316639
316959
317073
317099
317142
317162
317291
317350
317391
317415
317454
317462
317488
317572
317758
317765
317796
317837
317840
317898
317926
318019
318052
318096
318175
318189
318454
318546
318605
318609
318635
318670
318702
318704
318709
318933
319077
319254
319316
319404
319591
319703
319706
319709
319770
319810
319872
319902
320001
320041
320068
320093
320128
320136
320143
320145
320158
320216
320416
320429
320440
320578
320593
320690
320781
320790
320793
320898
320904
321015
321019
321127
321193
321275
321328
321371
321537
321543
321556
321586
321839
321933
322110
322122
322192
322247
322260
322294
322400
322410
322631
322786
322813
322821
322848
322952
323331
323334
323403
323437
323551
323687
323690
323734
323888
323922
323957
323973
324084
324157
324268
324337
324440
324483
324493
324566
324609
324622
324723
324782
324818
325056
325118
325139
325153
325162
325209
325216
325290
325299
325367
325385
325437
325448
325489
325549
325626
325630
325703
325797
325822
325829
325861
325870
325877
325883
325919
326181
326213
326242
326249
326262
326378
326395
326417
326433
326512
326523
326640
326673
326696
326767
326771
326852
326933
326949
326965
327086
327093
327144
327180
327223
327351
327364
327402
327423
327480
327489
327644
327732
327789
327834
327875
327889
327980
328044
328086
328228
328258
328363
328492
328494
328530
328534
328567
328569
328588
328601
328621
328657
328709
328720
328724
328744
328847
328876
328882
329029
329274
329289
329324
329577
329758
329795
329829
330030
330112
330123
330133
330257
330359
330458
330468
330535
330591
330663
330698
330705
330844
330867
330918
331068
331090
331098
331126
331134
331215
331263
331626
331639
331671
331830
331878
331945
331963
332064
332130
332158
332200
332439
332543
332618
332645
332735
332793
332889
332982
332988
333038
333203
333210
333235
333305
333314
333318
333376
333415
333634
333654
333720
333769
333785
333935
333998
334031
334049
334075
334084
334087
334114
334157
334165
334206
334279
334365
334399
334403
334527
334637
334680
334756
334767
334963
335011
335030
335048
335256
335420
335440
335444
335474
335539
335660
335674
335719
335726
335781
335795
335808
335910
335918
335981
335989
336017
336038
336214
336273
336307
336350
336353
336366
336420
336467
336714
336886
336913
337034
337080
337102
337290
337299
337310
337364
337375
337554
337559
337683
337686
337707
337767
337907
337927
337931
337952
337971
338009
338168
338177
338224
338248
338292
338336
338349
338397
338407
338469
338522
338566
338620
338621
338728
339076
339099
339133
339167
339239
339250
339252
339260
339301
339352
339371
339451
339690
339764
339767
339854
339867
339929
339933
340002
340093
340121
340160
340187
340295
340331
340387
340513
340566
340601
340667
340795
340847
340970
340974
340995
341046
341109
341125
341131
341212
341267
341294
341403
341451
341721
341775
341815
341855
341987
341999
342117
342128
342254
342277
342334
342392
342407
342453
342512
342714
342745
342784
342804
342826
342844
342878
342914
342933
342989
343048
343144
343163
343179
343195
343225
343232
343248
343251
343260
343387
343397
343606
343635
343676
343700
343781
343894
343952
343965
344006
344029
344055
344121
344155
344266
344289
344309
344394
344511
344874
344913
344939
344994
345023
345057
345126
345133
345149
345337
345339
345423
345435
345549
345566
345633
345698
345700
345890
345913
345942
346123
346171
346196
346296
346398
346460
346480
346688
346724
346753
346823
346854
346867
346992
347027
347099
347201
347276
347302
347304
347328
347423
347436
347476
347505
347640
347664
347697
347819
347831
347875
347899
348080
348136
348198
348211
348288
348330
348342
348413
348431
348535
348599
348652
348706
348759
348772
348799
348983
349005
349057
349071
349124
349183
349200
349220
349267
349280
349286
349292
349352
349527
349609
349642
349699
349934
349991
350014
350165
350363
350410
350415
350538
350643
350660
350692
350695
350874
350910
350942
350981
351094
351136
351206
351241
351395
351536
351568
351647
351694
351702
351752
351855
351894
351908
351930
351987
352006
352202
352227
352274
352299
352446
352494
352752
352757
352788
352870
352912
352913
353080
353118
353199
353221
353226
353335
353343
353369
353401
353414
353426
353475
353636
353710
353729
353742
353767
353786
353848
354006
354016
354026
354125
354213
354281
354321
354344
354362
354436
354478
354499
354505
354560
354591
354672
354825
354874
354883
355013
355031
355055
355112
355115
355155
355260
355298
355381
355405
355438
355463
355479
355564
355636
355847
356021
356028
356038
356041
356179
356198
356207
356353
356477
356478
356505
356519
356583
356587
356601
356737
356762
356822
356949
356969
357036
357050
357075
357118
357171
357241
357290
357396
357405
357421
357497
357621
357623
357636
357658
357730
357774
357779
357893
357922
357967
358023
358162
358300
358316
358369
358462
358477
358494
358504
358514
358620
358666
358674
358704
358727
358795
358958
358962
359037
359091
359102
359129
359165
359221
359231
359264
359361
359417
359500
359514
359569
359817
359997
360045
360053
360192
360216
360221
360241
360387
360425
360521
360530
360596
360609
360637
360708
360735
360774
360830
360967
361006
361011
361085
361104
361132
361191
361273
361304
361307
361378
361409
361457
361521
361539
361544
361557
361648
361818
361859
361910
362047
362081
362203
362275
362301
362348
362391
362432
362541
362593
362666
362740
362799
362816
362844
362850
362952
363100
363104
363177
363199
363223
363289
363335
363360
363380
363405
363521
363538
363652
363730
363813
363904
363909
364064
364135
364160
364168
364184
364216
364275
364331
364383
364392
364471
364581
364625
364631
364677
364762
364857
364864
364903
365044
365102
365197
365228
365243
365271
365447
365488
365522
365584
365664
365674
365735
365757
365764
365783
365821
365852
365873
365881
366031
366102
366144
366156
366230
366331
366373
366414
366434
366759
366768
366779
366907
366912
366975
366985
367053
367203
367341
367352
367365
367427
367467
367501
367535
367622
367638
367666
367727
367746
367756
367764
367788
367870
367904
367916
367967
368026
368123
368184
368322
368334
368339
368490
368526
368577
368580
368592
368686
368754
368759
368884
368898
368955
369033
369144
369428
369439
369473
369607
369632
369695
369704
369751
369794
369809
369826
369931
370017
370153
370332
370438
370489
370642
370653
370685
370698
371017
371092
371166
371179
371189
371198
371226
371271
371313
371339
371370
371404
371482
371505
371512
371599
371603
371658
371831
371873
371908
371915
371990
371994
372075
372123
372142
372263
372394
372428
372440
372496
372516
372523
372602
372611
372639
372710
372749
372805
372910
372964
373029
373104
373332
373431
373500
373566
373574
373683
373709
373788
373798
373825
373933
373966
374199
374234
374321
374695
374794
375078
375201
375206
375258
375303
375417
375484
375769
375898
375903
375914
375936
375939
376063
376078
376238
376345
376366
376420
376441
376487
376586
376599
376611
376646
376714
376718
376739
376849
376859
376878
376899
376924
376933
377065
377142
377160
377230
377250
377348
377405
377418
377482
377547
377555
377650
377669
377760
377781
377936
377949
377978
378035
378145
378251
378269
378312
378379
378401
378465
378498
378503
378543
378593
378598
378604
378639
378648
378689
378722
378795
378888
378937
379175
379360
379377
379422
379437
379480
379520
379649
379683
379696
379718
379797
379807
379852
379890
379906
379975
380020
380057
380062
380337
380349
380461
380535
380556
380577
380641
380761
380804
380920
380947
380998
381102
381197
381238
381250
381336
381441
381494
381499
381556
381587
381597
381837
381845
381866
381899
381993
382164
382223
382346
382353
382374
382406
382567
382718
382771
382800
382813
382856
382971
382992
383022
383080
383102
383144
383204
383293
383348
383377
383497
383546
383549
383589
383613
383643
383661
383746
383764
383788
383885
383898
384288
384321
384427
384502
384674
384694
384739
384758
384789
384796
384855
384868
385016
385105
385126
385433
385582
385615
385662
385717
385746
385791
385822
385980
386117
386158
386169
386180
386185
386235
386320
386412
386541
386627
386643
386743
386775
386811
386852
386866
386883
386904
387047
387196
387211
387342
387568
387641
387800
387834
387951
388012
388056
388130
388154
388266
388375
388474
388485
388664
388751
388941
388996
389062
389127
389139
389357
389373
389393
389468
389548
389675
389703
389732
389859
389919
389979
389997
390107
390163
390194
390212
390217
390226
390299
390330
390358
390466
390618
390823
390843
390860
390899
390957
391057
391095
391102
391111
391155
391302
391309
391368
391419
391464
391467
391567
391586
391602
391609
391616
391712
391726
391771
391926
392191
392324
392448
392544
392672
392730
392789
392813
392916
393056
393075
393123
393186
393207
393244
393367
393392
393415
393417
393523
393527
393566
393597
393731
393824
393852
393926
393932
394068
394095
394105
394175
394451
394520
394654
394719
394763
394775
394791
394808
394875
394912
394978
394998
395008
395190
395238
395240
395322
395350
395363
395369
395393
395448
395486
395496
395550
395660
395682
395705
395774
395813
395863
395984
396052
396115
396136
396175
396423
396472
396622
396751
396856
396986
397081
397115
397121
397172
397237
397363
397379
397461
397536
397570
397594
397781
397905
398049
398074
398129
398206
398280
398298
398476
398529
398553
398673
398783
398822
398948
398959
398984
399174
399206
399216
399273
399345
399375
399401
399478
399480
399561
399651
399671
399680
399717
399862
399871
399914
400002
400036
400055
400119
400161
400166
400252
400373
400397
400399
400411
400458
400464
400482
400485
400543
400593
400597
400690
400694
400779
401008
401023
401028
401063
401242
401295
401378
401484
401526
401538
401543
401621
401694
401781
401803
401824
401851
402041
402078
402238
402513
402723
402833
403067
403090
403101
403268
403390
403432
403465
403581
403639
403656
403708
403787
403791
403829
403972
403981
404063
404084
404193
404211
404306
404492
404562
404626
404689
404719
404726
404740
404759
404865
404941
404979
404999
405031
405081
405128
405196
405199
405202
405300
405350
405369
405372
405412
405422
405456
405476
405569
405594
405639
405748
405781
405795
405852
405880
405973
405980
406067
406111
406201
406203
406234
406521
406536
406615
406941
407008
407108
407117
407156
407224
407326
407574
407791
407805
407821
407859
407871
408026
408041
408208
408215
408256
408286
408352
408599
408630
408703
408845
408897
408936
409305
409376
409415
409435
409513
409523
409536
409722
409730
409740
409828
409853
409923
410139
410143
410155
410157
410265
410299
410399
410411
410427
410479
410588
410589
410670
410718
410754
410775
410790
410816
410822
410844
410904
410950
411037
411081
411142
411250
411257
411274
411316
411322
411388
411405
411472
411476
411497
411558
411595
411866
411868
412053
412111
412257
412277
412428
412484
412620
412700
412753
412764
412827
412861
412987
413038
413062
413066
413070
413265
413290
413360
413378
413382
413416
413492
413505
413798
413804
413965
414062
414271
414369
414415
414518
414537
414542
414618
414657
414755
414927
414970
415058
415151
415197
415214
415290
415375
415378
415407
415477
415530
415571
415583
415589
415629
415650
415704
415817
415840
415901
415987
416002
416012
416124
416171
416177
416188
416243
416261
416308
416328
416353
416458
416508
416594
416622
416688
416701
416718
416744
416819
416848
416944
416976
417139
417180
417465
417659
417737
417823
417839
417843
417881
417936
418041
418105
418309
418315
418334
418401
418558
418583
418645
418651
418765
418789
418930
418951
418972
418994
419008
419050
419343
419367
419400
419443
419450
419468
419481
419596
419727
419883
419898
419936
420055
420154
420170
420181
420202
420505
420597
420613
420791
420833
420855
420869
420883
420927
421113
421185
421227
421321
421361
421406
421426
421496
421502
421517
421565
421655
421665
421719
421732
421828
421845
421847
421887
421924
422058
422065
422108
422166
422173
422381
422454
422508
422534
422556
422573
422607
422671
422679
422768
422886
422948
423043
423146
423282
423300
423370
423507
423551
423665
423713
423734
423943
424022
424026
424052
424054
424214
424382
424533
424603
424668
424846
424922
425028
425082
425100
425110
425229
425247
425272
425286
425325
425336
425362
425555
425589
425671
425737
425782
425820
425834
426236
426241
426373
426406
426752
426769
426820
426831
426881
426914
427036
427189
427407
427440
427533
427553
427556
427634
427641
427728
427739
427762
427921
427926
427936
428094
428102
428209
428263
428314
428359
428510
428760
428837
428878
428950
428960
429096
429331
429339
429413
429437
429502
429555
429587
429645
429691
429705
429711
429799
429841
429855
429862
429902
429925
429928
430092
430180
430201
430206
430284
430301
430390
430406
430505
430693
430845
430902
430975
430987
431018
431055
431071
431102
431157
431262
431413
431556
431891
431939
432053
432092
432138
432407
432486
432551
432621
432684
432699
432783
432885
432901
432968
432971
432998
433040
433114
433159
433288
433304
433329
433356
433362
433408
433470
433542
433561
433580
433604
433650
433778
433849
433858
433886
433903
433906
433917
434177
434280
434291
434302
434348
434454
434563
434613
434618
434725
434745
434756
434792
434965
435034
435053
435063
435076
435232
435333
435347
435371
435440
435572
435688
435736
435859
435934
435949
436115
436231
436327
436359
436370
436389
436530
436626
436716
436757
436918
437039
437087
437153
437170
437268
437284
437301
437414
437478
437714
437796
437809
437871
437903
437992
438069
438071
438107
438177
438203
438220
438363
438372
438388
438463
438471
438551
438569
438575
438617
438684
438692
438759
439006
439163
439204
439244
439369
439375
439399
439445
439486
439757
439815
439916
439938
439951
439970
440019
440090
440182
440186
440218
440234
440251
440302
440473
440490
440595
440603
440708
440805
440878
441004
441019
441051
441061
441190
441205
441230
441335
441345
441397
441424
441431
441459
441503
441573
441596
441645
441716
441816
441897
441919
441928
441965
442009
442032
442173
442222
442286
442341
442432
442440
442519
442612
442678
442762
442798
442843
442888
442924
442939
442993
443087
443282
443322
443335
443368
443387
443499
443538
443641
443703
443771
443774
443811
443857
443881
443904
443938
443974
444095
444115
444128
444207
444380
444394
444406
444445
444504
444548
444550
444641
444646
444699
444706
444880
444968
445004
445016
445071
445139
445158
445173
445182
445208
445215
445236
445519
445538
445656
445863
446060
446101
446151
446221
446373
446376
446495
446568
446614
446622
446674
446689
446727
446998
447077
447139
447220
447292
447467
447505
448036
448105
448159
448182
448191
448215
448289
448337
448419
448438
448618
448622
448639
448721
448729
448853
448912
448948
449052
449072
449120
449213
449225
449292
449327
449493
449601
449674
449693
449760
449789
449925
449934
450089
450105
450124
450207
450276
450291
450367
450392
450548
450588
450601
450607
450631
450647
450760
450769
450800
450826
450834
450837
450963
450989
451005
451078
451174
451179
451199
451242
451326
451344
451447
451451
451509
451561
451715
451850
451855
451876
451883
451923
452152
452415
452418
452438
452492
452514
452578
452674
452686
452724
452737
452828
452916
452965
452966
453025
453061
453064
453082
453108
453173
453185
453277
453316
453319
453368
453384
453387
453437
453486
453488
453499
453633
453711
453739
453827
453935
453990
454015
454036
454106
454121
454248
454263
454272
454397
454415
454491
454524
454531
454534
454558
454583
454601
454641
454673
454925
454969
455058
455081
455153
455201
455358
455406
455461
455466
455634
455645
455761
455870
455943
456037
456063
456105
456131
456220
456300
456378
456410
456464
456469
456693
456774
456878
456924
457017
457028
457122
457146
457165
457213
457227
457302
457407
457454
457523
457665
457752
457774
457801
457821
457826
457849
457887
457902
457960
458150
458173
458177
458193
458278
458303
458325
458369
458421
458425
458433
458455
458473
458558
458579
458935
459093
459095
459183
459452
459467
459497
459608
459646
459734
459764
459812
459827
459864
459925
459960
459979
460061
460272
460327
460332
460464
460517
460540
460594
460774
460990
461010
461036
461302
461404
461416
461503
461626
461922
461962
461996
462028
462130
462158
462282
462303
462328
462336
462351
462399
462423
462483
462497
462536
462545
462701
462827
462865
462869
462903
462908
462950
462962
463093
463135
463198
463218
463278
463287
463290
463347
463400
463461
463493
463516
463530
463546
463561
463567
463607
463627
463667
463679
463693
463761
463787
463854
463885
463889
463913
463971
464229
464309
464343
464354
464374
464393
464426
464527
464596
464687
464698
464763
464862
464904
464966
464974
464995
465004
465005
465216
465300
465355
465493
465552
465587
465610
465664
465683
465732
465796
465982
466013
466032
466041
466048
466175
466187
466210
466321
466374
466460
466518
466524
466594
466772
466793
466828
466843
466884
466929
466943
467008
467051
467107
467195
467254
467278
467361
467409
467541
467589
467608
467644
467814
467838
467999
468020
468042
468225
468244
468342
468376
468544
468679
468775
468880
468932
469009
469037
469051
469095
469148
469166
469171
469197
469314
469402
469420
469431
469483
469486
469491
469570
469576
469614
469625
469636
469683
469698
469752
469862
469868
469891
469909
469918
469938
470099
470133
470146
470288
470333
470348
470470
470712
470767
470856
470868
470962
471011
471428
471444
471584
471621
471792
471794
471845
471907
472006
472010
472089
472124
472396
472435
472492
472505
472550
472587
472825
472833
472850
472899
472907
472932
473063
473105
473112
473238
473255
473314
473388
473408
473410
473496
473531
473595
473683
473707
473718
473764
473852
473865
473926
474050
474080
474137
474179
474243
474344
474367
474379
474567
474696
474707
474712
474752
474777
474787
474845
474875
474886
474996
475044
475088
475171
475333
475348
475422
475476
475518
475564
475589
475666
475781
475802
475852
475854
475905
475955
475989
476130
476199
476230
476252
476321
476388
476479
476483
476515
476679
476808
476843
476882
476999
477020
477085
477092
477096
477111
477253
477343
477428
477452
477465
477480
477522
477570
477619
477752
477759
477813
477858
478000
478182
478260
478267
478322
478422
478488
478790
478999
479043
479071
479131
479160
479178
479183
479199
479221
479281
479285
479301
479323
479380
479482
479639
479726
479779
479865
479961
480061
480072
480091
480103
480109
480113
480164
480192
480255
480257
480345
480401
480503
480570
480625
480705
480711
480727
480789
480850
480881
480905
481047
481082
481157
481169
481204
481233
481249
481283
481292
481434
481445
481637
481860
481910
481941
481984
481993
482085
482093
482123
482155
482174
482292
482360
482436
482444
482479
482556
482649
482676
482947
482999
483003
483053
483131
483160
483210
483218
483256
483372
483403
483411
483429
483490
483739
483756
483889
483958
484018
484061
484182
484184
484212
484224
484341
484368
484395
484399
484473
484615
484712
484770
484914
485036
485074
485138
485167
485266
485414
485425
485474
485486
485507
485522
485528
485572
485620
485843
485846
485872
485949
485976
486164
486373
486390
486403
486558
486560
486605
486664
486786
486797
486908
486972
487084
487185
487383
487409
487460
487544
487570
487670
487678
487702
487766
487791
487808
487815
487839
487883
487946
487954
488018
488034
488092
488124
488146
488191
488206
488236
488267
488352
488395
488479
488508
488514
488590
488609
488631
488763
488773
488904
488915
488992
489062
489072
489103
489110
489114
489277
489331
489349
489480
489515
489567
489574
489588
489684
489749
489851
489952
490290
490394
490485
490492
490501
490517
490532
490609
490689
490706
490948
490988
491002
491124
491135
491143
491207
491248
491290
491335
491352
491366
491462
491527
491530
491567
491579
491633
491723
491725
491758
491771
491778
491790
491857
491908
491922
491927
491943
491963
492011
492120
492163
492196
492204
492208
492238
492295
492306
492322
492371
492572
492754
492820
492836
492860
492862
493081
493172
493206
493240
493420
493557
493585
493602
493627
493651
493702
493769
493822
493871
493899
494084
494136
494308
494397
494504
494535
494568
494599
494684
494806
494811
494871
494909
494986
495000
495045
495054
495118
495161
495189
495214
495272
495420
495509
495557
495622
495721
495728
495773
495851
495855
495890
495963
495995
496011
496083
496100
496133
496324
496468
496513
496542
496611
496630
496733
496739
496949
497183
497204
497213
497223
497280
497389
497410
497453
497497
497501
497526
497584
497590
497620
497630
497749
497882
497885
497927
498021
498025
498100
498233
498373
498404
498409
498434
498773
498785
498816
498852
498862
498876
498885
498891
498985
499002
499013
499025
499071
499079
499281
499316
499335
499336
499465
499483
499512
499536
499559
499571
499582
499681
499689
499738
499755
499832
499848
500005
500119
500156
500178
500229
500340
500346
500377
500620
500823
500830
500942
501037
501084
501092
501107
501268
501288
501291
501319
501451
501478
501539
501625
501642
501697
501728
501799
501829
501849
502008
502016
502026
502138
502233
502261
502289
502372
502443
502470
502578
502591
502654
502716
502735
502746
502780
502859
502883
502902
503017
503042
503057
503094
503099
503116
503206
503308
503350
503438
503452
503467
503475
503501
503545
503636
503657
503683
503961
504075
504092
504121
504169
504198
504255
504361
504363
504432
504492
504547
504628
504708
504887
505094
505163
505188
505201
505229
505292
505314
505391
505409
505481
505491
505500
505518
505606
505611
505682
505806
505855
505878
505887
505901
505969
506016
506174
506267
506355
506372
506397
506506
506523
506583
506635
506669
506728
506771
506871
506910
506956
507039
507051
507061
507168
507223
507260
507336
507395
507486
507595
507704
507767
507771
507818
507868
507928
507974
508000
508074
508122
508149
508242
508252
508268
508309
508311
508347
508362
508493
508579
508644
508675
508771
508793
508813
508855
508902
509088
509151
509193
509294
509302
509330
509423
509506
509573
509727
509749
509783
509817
509936
509964
510022
510108
510136
510155
510186
510192
510365
510378
510395
510401
510440
510493
510502
510547
510609
510629
510650
510767
510778
510806
510918
510992
511058
511259
511268
511404
511411
511466
511507
511751
511902
511991
512012
512228
512254
512283
512304
512321
512387
512392
512568
512615
512696
512719
512757
512867
512872
512879
512973
513004
513045
513054
513121
513152
513238
513372
513381
513582
513595
513611
513686
513869
513933
513972
514091
514152
514213
514335
514440
514495
514587
514590
514645
514710
514783
514912
514950
514957
515037
515040
515096
515371
515390
515414
515436
515486
515559
515605
515682
515738
515855
515895
515974
515990
516039
516095
516137
516148
516188
516207
516275
516336
516337
516344
516386
516441
516443
516446
516458
516463
516478
516534
516613
516653
516755
517070
517157
517235
517247
517292
517356
517452
517461
517504
517563
517601
517655
517722
517804
517861
517878
517983
518353
518721
518793
518794
518914
518930
518953
518970
519140
519164
519183
519227
519261
519465
519467
519634
519660
519670
519724
519897
519945
519952
519967
520055
520059
520069
520076
520108
520128
520250
520396
520408
520439
520527
520573
520612
520641
520764
520811
520859
520872
520897
520919
520959
520973
521017
521035
521252
521304
521313
521435
521467
521519
521590
521649
521710
521807
521812
521850
521931
522057
522072
522082
522148
522173
522192
522399
522411
522417
522460
522483
522502
522570
522689
522703
522742
522772
522972
523075
523176
523198
523212
523300
523406
523523
523773
523777
523823
523925
524287
524329
524363
524466
524480
524531
524572
524637
524751
524792
524892
524907
524945
524974
525038
525115
525215
525303
525328
525363
525402
525436
525502
525546
525563
525583
525802
525819
525827
526005
526142
526146
526280
526300
526308
526324
526341
526387
526441
526471
526478
526537
526624
526700
526744
526832
526993
527116
527136
527277
527405
527459
527552
527562
527592
527644
527763
527777
527863
527935
527972
528059
528077
528150
528162
528223
528247
528258
528330
528361
528389
528408
528426
528476
528520
528578
528585
528748
528773
528850
528864
528924
528979
528986
528990
529073
529119
529176
529194
529236
529295
529301
529321
529341
529378
529386
529499
529574
529663
529720
529738
529774
529825
529833
529885
529951
530132
530182
530350
530363
530454
530455
530474
530529
530639
530669
530870
530964
531001
531006
531148
531161
531185
531231
531384
531418
531450
531476
531498
531505
531543
531579
531697
531719
531872
531910
531931
531934
532081
532097
532107
532131
532154
532221
532285
532364
532399
532477
532591
532615
532647
532910
532922
532934
533109
533146
533186
533189
533323
533377
533380
533480
533608
533649
533761
533846
533902
533987
534041
534160
534190
534232
534341
534363
534444
534446
534488
534538
534739
534806
534912
534920
534971
535082
535155
535184
535191
535201
535231
535301
535381
535391
535509
535580
535653
535659
535676
535724
535838
535864
535920
535939
536098
536195
536303
536311
536320
536345
536397
536561
536564
536592
536598
536600
536620
536628
536671
536680
536704
536716
536779
536804
536933
536964
537053
537142
537173
537187
537246
537252
537298
537311
537396
537516
537526
537571
537732
537881
537908
537920
537943
537976
538066
538070
538085
538172
538244
538299
538306
538386
538414
538444
538473
538482
538501
538652
538655
538663
538677
538778
538786
538805
538861
538873
538913
538981
539097
539145
539194
539203
539244
539288
539300
539337
539404
539596
539706
539865
539971
539977
539993
540028
540046
540066
540080
540262
540315
540324
540379
540397
540526
540549
540562
540567
540641
540684
540731
540736
540892
540991
541002
541065
541073
541203
541377
541471
541589
541686
541728
541752
541842
541927
541948
542082
542141
542383
542473
542494
542548
542761
542770
542774
542815
542869
542940
542989
543081
543164
543172
543189
543237
543312
543544
543571
543581
543620
543628
543678
543812
543943
544057
544082
544091
544097
544125
544171
544178
544245
544292
544306
544342
544344
544393
544410
544462
544476
544571
544582
544595
544638
544679
544755
544810
544813
544824
544926
544988
544995
545010
545018
545062
545071
545249
545522
545553
545605
545843
545875
545902
545905
545971
546014
546025
546129
546144
546234
546253
546272
546283
546347
546670
546718
546858
546924
546953
546964
546985
547037
547104
547197
547394
547455
547473
547554
547724
547747
547773
547784
547820
547835
547853
547937
548066
548072
548185
548189
548306
548341
548358
548393
548435
548501
548642
548675
548783
548799
548862
548870
548876
548955
549052
549065
549073
549089
549138
549141
549162
549195
549206
549385
549403
549480
549500
549515
549557
549559
549624
549720
549725
549798
549801
549807
549817
549848
549904
550074
550076
550087
550132
550137
550170
550223
550276
550295
550420
550423
550540
550639
550647
550688
550702
550771
550777
550814
550852
550892
550933
550952
551041
551075
551085
551102
551168
551603
551607
551650
551683
551913
551970
552050
552080
552123
552205
552256
552263
552271
552281
552308
552410
552445
552566
552582
552618
552755
552855
552860
552895
552922
552935
552997
553007
553023
553034
553044
553054
553057
553104
553347
553358
553360
553507
553550
553552
553609
553712
553725
553743
553823
553829
553989
554054
554065
554143
554231
554241
554372
554383
554456
554508
554749
554785
554960
555008
555118
555236
555337
555391
555396
555428
555456
555473
555498
555521
555601
555614
555620
555674
555783
555792
555889
555897
555900
555947
555958
556000
556016
556089
556112
556130
556198
556206
556355
556450
556628
556768
556783
556856
556890
556959
556970
556984
557040
557073
557097
557171
557175
557193
557251
557271
557282
557284
557297
557332
557338
557413
557429
557463
557551
557599
557607
557648
557662
557820
557854
557898
558001
558118
558372
558414
558449
558464
558655
558671
558829
558873
559076
559413
559463
559830
559861
559893
559956
560043
560202
560222
560273
560285
560338
560370
560409
560518
560565
560603
560634
560650
560672
560694
560718
560770
560935
561003
561060
561120
561217
561272
561294
561348
561439
561485
561492
561533
561553
561619
561677
561685
561702
561712
561799
561813
561846
561928
562053
562122
562183
562198
562215
562261
562327
562372
562387
562417
562440
562475
562497
562663
562731
562744
562939
562963
563023
563046
563067
563077
563109
563231
563272
563286
563298
563312
563322
563393
563697
563709
563822
563897
563913
564090
564119
564126
564162
564365
564552
564604
564671
564704
564761
564779
564816
564843
564903
564966
565036
565049
565066
565126
565154
565191
565334
565365
565415
565440
565495
565518
565627
565660
565668
565687
565710
565744
565762
565999
566008
566028
566055
566172
566192
566242
566310
566333
566454
566553
566612
566637
566712
566730
566766
566785
566800
566831
566833
566845
566865
566870
566941
566986
566991
567030
567073
567102
567120
567131
567166
567332
567418
567450
567613
567616
567631
567737
567799
567820
567855
567871
567905
567979
567983
568034
568082
568187
568192
568246
568307
568415
568455
568468
568528
568534
568565
568626
568697
568761
568801
568817
568934
568948
568962
569071
569083
569119
569225
569295
569442
569463
569519
569601
569619
570109
570751
570877
571032
571080
571238
571565
571605
571607
571648
571745
571876
571878
572051
572169
572270
572372
572447
572469
572483
572493
572514
572528
572560
572645
572657
573085
573158
573170
573295
573308
573321
573342
573374
573441
573556
573586
573601
573608
573767
573769
573802
573813
573825
573996
574093
574108
574120
574131
574135
574179
574241
574306
574326
574332
574362
574429
574437
574566
574591
574667
574671
574745
574776
574788
574794
574801
574807
574822
574831
574855
575091
575188
575205
575242
575249
575250
575310
575465
575483
575559
575670
575682
575738
575743
575936
575992
576022
576106
576184
576191
576251
576310
576389
576413
576479
576507
576517
576598
576635
576682
576695
576869
576963
577084
577189
577307
577353
577514
577583
577616
577736
577769
578046
578058
578136
578177
578252
578262
578506
578518
578583
578652
578670
578699
578701
578707
578721
578766
578869
578959
578967
579060
579077
579099
579110
579126
579268
579293
579301
579311
579345
579390
579489
579499
579590
579604
579652
579687
580026
580074
580122
580132
580163
580170
580301
580340
580478
580493
580495
580585
580599
580642
580713
580815
580869
580899
580988
581142
581149
581278
581317
581325
581332
581526
581564
581625
581698
581771
581791
581807
581842
581850
581857
581898
582005
582168
582370
582396
582400
582418
582486
582497
582508
582556
582580
582651
582667
582689
582735
582745
582777
582923
583060
583073
583197
583208
583239
583315
583462
583726
583831
583897
583905
583952
583963
584037
584102
584112
584331
584388
584406
584556
584585
584621
584625
584660
584672
584694
584706
584964
584973
585010
585049
585074
585098
585187
585263
585266
585314
585339
585342
585455
585536
585609
585649
585656
585916
585930
585932
585946
586177
586179
586181
586270
586319
586374
586389
586419
586430
586460
586474
586482
586577
586582
586621
586652
586672
586685
586727
586812
586842
586872
586937
587034
587134
587293
587333
587411
587440
587492
587501
587550
587751
587802
587832
587836
588027
588044
588192
588247
588266
588367
588566
588599
588623
588638
588742
588749
588777
588900
588921
589003
589177
589178
589260
589412
589428
589439
589460
589565
589799
589802
589816
589869
590044
590107
590145
590222
590479
590549
590708
590756
590829
590839
590895
590896
590902
591036
591111
591159
591238
591269
591337
591627
591653
591684
591753
591821
591973
592019
592120
592125
592162
592188
592223
592270
592358
592425
592448
592522
592580
592601
592715
592734
592775
592844
592862
592877
592999
593157
593277
593340
593342
593365
593593
593617
593666
593973
594069
594186
594217
594252
594253
594289
594311
594373
594396
594502
594523
594577
594771
594784
594855
594969
595001
595137
595151
595311
595433
595516
595526
595560
595640
595688
595746
595764
595861
595945
595955
596064
596148
596282
596335
596378
596493
596563
596703
596752
596790
596847
596881
596933
597027
597038
597104
597173
597307
597316
597393
597467
597494
597537
597593
597594
597615
597810
597852
597889
597911
598004
598073
598101
598131
598184
598296
598458
598514
598568
598581
598616
598623
598706
598746
598842
598880
598891
598923
599156
599168
599192
599246
599282
599604
599609
599630
599718
599795
599816
599821
599890
599928
599948
600069
600379
600426
600443
600516
600646
600653
600668
600720
600774
600792
600929
600991
601007
601016
601021
601037
601187
601213
601235
601270
601331
601351
601402
601433
601442
601470
601499
601502
601508
601576
601658
601669
601673
601779
601795
601806
601815
601834
601871
601883
601931
601983
602016
602048
602099
602221
602248
602298
602332
602397
602424
602599
602601
602719
602721
602732
602733
602812
602835
602846
602875
603119
603130
603172
603198
603269
603287
603297
603313
603413
603418
603560
603585
603609
603639
603682
603693
603702
603764
603947
604020
604041
604075
604114
604212
604324
604369
604385
604413
604431
604436
604482
604509
604578
604738
604750
604806
604832
604902
604916
604971
604983
605011
605061
605091
605237
605254
605445
605474
605495
605581
605697
605761
605804
605829
605886
606002
606004
606026
606062
606152
606263
606275
606351
606367
606408
606497
606798
606875
606978
607009
607030
607060
607085
607162
607263
607282
607504
607666
607769
607959
608000
608041
608073
608182
608190
608268
608317
608354
608416
608469
608542
608597
608662
608775
608821
608882
608955
608979
609040
609190
609278
609338
609405
609410
609430
609478
609482
609498
609539
610022
610050
610068
610110
610112
610120
610337
610547
610619
610662
610688
610739
610796
610810
610825
610924
611081
611106
611155
611164
611180
611233
611389
611448
611457
611655
611864
611931
611936
611946
611975
612056
612282
612368
612387
612419
612471
612486
612512
612525
612739
612789
612860
612987
613096
613174
613333
613376
613440
613506
613540
613629
613970
614020
614026
614077
614167
614243
614387
614453
614473
614552
614601
614665
614809
614913
614961
614994
615154
615176
615228
615244
615274
615278
615305
615485
615490
615504
615587
615638
615649
615654
615770
615822
616026
616029
616031
616054
616190
616273
616621
616627
616644
616654
616661
616711
616735
616775
616877
616887
617018
617090
617117
617152
617190
617210
617227
617369
617379
617430
617446
617459
617467
617549
617565
617583
617645
617655
617733
617764
617930
618018
618078
618136
618167
618193
618254
618273
618445
618465
618525
618658
618668
618685
618712
618863
618983
619028
619115
619214
619254
619327
619375
619431
619440
619508
619521
619554
619560
619578
619790
619908
619914
619944
620014
620072
620097
620287
620360
620429
620551
620641
620694
620756
620785
620845
620892
620902
621053
621130
621144
621313
621315
621414
621421
621429
621529
621647
621658
621675
621686
621710
621732
621746
621791
621916
621955
621977
622050
622107
622202
622206
622228
622258
622284
622345
622402
622446
622469
622533
622571
622693
622756
622789
622888
622944
622965
623147
623316
623330
623336
623421
623466
623477
623486
623509
623545
623549
623551
623638
623697
623973
624070
624124
624224
624293
624423
624499
624502
624532
624573
624699
624754
624789
624815
624827
624844
624895
624904
624935
624979
624993
625003
625017
625065
625150
625171
625173
625212
625336
625411
625537
625548
625567
625660
625792
625809
625880
625913
625991
626002
626142
626189
626252
626262
626353
626376
626433
626496
626650
626763
626773
626981
627108
627137
627158
627189
627214
627265
627500
627645
627776
627922
627947
627985
628026
628436
628585
628625
628686
628795
628816
628821
628827
628951
628963
628975
629008
629042
629124
629284
629354
629370
629423
629487
629501
629701
629805
629813
629869
629950
629965
630032
630191
630247
630322
630337
630353
630392
630499
630515
630516
630562
630629
630649
630725
630821
630856
630875
630915
630992
631020
631026
631089
631091
631203
631241
631310
631362
631383
631414
631424
631556
631584
631982
632003
632080
632172
632177
632337
632419
632445
632487
632581
632617
632635
632727
632861
632915
633008
633060
633220
633361
633531
633533
633552
633612
633629
633665
633676
633924
633932
633963
634227
634234
634253
634266
634294
634306
634313
634390
634529
634561
634586
634686
634740
634811
634869
635018
635073
635124
635133
635187
635195
635232
635282
635353
635420
635477
635488
635605
635635
635755
635878
635981
635991
636030
636045
636078
636113
636168
636256
636277
636368
636380
636406
636432
636451
636518
636534
636579
636708
636786
636932
636967
636969
636994
637034
637074
637168
637184
637208
637271
637319
637389
637402
637549
637676
637731
637844
637920
638002
638010
638019
638035
638067
638072
638108
638228
638482
638502
638590
638625
638655
638671
638798
638817
638884
639049
639119
639248
639309
639360
639402
639560
639745
639928
639975
640007
640061
640072
640114
640123
640217
640260
640334
640351
640372
640388
640445
640552
640616
640627
640660
640682
640698
640711
640816
641030
641068
641461
641595
641620
641825
641838
641846
641886
642005
642047
642054
642098
642117
642127
642195
642452
642514
642529
642552
642557
642590
642664
642671
642682
642716
642750
642821
642956
642962
642997
643049
643196
643238
643294
643404
643437
643490
643510
643610
643866
643915
643982
643999
644004
644148
644179
644206
644231
644256
644309
644326
644498
644594
644633
644661
644676
644686
644774
644994
645071
645094
645189
645244
645290
645303
645322
645347
645617
645952
645991
646010
646055
646156
646164
646189
646211
646279
646348
646370
646430
646459
646472
646482
646507
646537
646543
646570
646642
646690
646732
646739
646776
646931
646934
646973
647034
647051
647083
647210
647230
647300
647431
647508
647658
647683
647693
647730
647749
647850
647852
647889
647913
647950
647954
647976
647986
647990
647994
648242
648383
648384
648629
648634
648785
648811
648906
648959
648970
648983
648997
649392
649403
649466
649529
649598
649686
649707
649794
649848
649905
649912
649916
649958
649980
650028
650094
650202
650299
650553
650559
650644
650715
650725
650734
650870
650882
650930
651038
651095
651108
651124
651139
651161
651207
651222
651273
651350
651364
651385
651389
651484
651486
651530
651566
651594
651623
651644
651668
651678
651708
651779
651797
651809
651816
651873
651892
652036
652040
652118
652175
652181
652246
652308
652585
652597
652701
652784
652874
652902
652996
653033
653075
653134
653147
653148
653330
653337
653414
653454
653548
653674
653685
653702
653809
653852
653909
653926
654074
654166
654194
654226
654417
654472
654479
654547
654568
654649
654653
654690
654797
654875
654885
654933
654968
655013
655138
655223
655297
655347
655386
655416
655423
655427
655443
655481
655627
655634
655824
655971
656023
656097
656114
656151
656236
656253
656402
656422
656476
656489
656504
656511
656569
656587
656701
656767
656775
656814
656869
656938
656953
657064
657380
657486
657503
657512
657520
657572
657764
657775
657779
657790
657816
657951
657978
658061
658076
658114
658151
658160
658165
658229
658271
658331
658344
658447
658521
658541
658553
658812
658827
658851
658909
658948
659131
659178
659219
659235
659273
659308
659317
659365
659411
659607
659645
659666
659802
659878
659944
659960
660040
660087
660098
660135
660167
660215
660243
660303
660325
660400
660473
660489
660513
660519
660570
660595
660665
660671
660747
660779
660791
660840
660849
660855
660887
660902
661247
661265
661327
661436
661477
661553
661561
661595
661716
661785
661887
661980
662153
662158
662238
662272
662287
662297
662374
662384
662386
662400
662405
662479
662533
662544
662602
662636
662650
662674
662759
662823
662857
662925
663014
663104
663180
663490
663551
663562
663647
663657
663697
663708
663739
663848
663853
663910
663939
663943
663994
664002
664036
664079
664087
664170
664213
664229
664256
664287
664297
664328
664420
664494
664497
664522
664657
664675
664709
664732
664950
664959
665024
665060
665069
665091
665105
665171
665203
665206
665268
665273
665313
665373
665482
665525
665539
665542
665678
665785
665799
665859
665939
666004
666017
666027
666054
666125
666235
666312
666394
666474
666540
666558
666576
666648
666753
666779
666918
666942
667016
667138
667149
667156
667279
667284
667326
667352
667432
667454
667479
667678
667745
667788
667803
667827
667847
667944
667988
668011
668196
668271
668313
668324
668391
668425
668469
668484
668630
668660
668712
668811
668859
668872
668893
668900
668931
668941
668946
669063
669172
669411
669430
669471
669639
669690
669691
669711
669716
669798
669801
669843
669861
669874
669884
669913
669933
670003
670079
670200
670365
670371
670439
670509
670574
670587
670868
670894
670914
670928
671008
671059
671207
671254
671302
671450
671549
671593
671863
671924
671943
672002
672103
672186
672235
672285
672315
672685
672689
672733
672833
672842
672857
672936
672996
673012
673038
673286
673373
673377
673410
673423
673546
673554
673558
673578
673687
673749
673760
673870
673872
673899
674037
674071
674089
674094
674132
674234
674253
674303
674316
674329
674334
674362
674433
674596
674627
674662
674738
674767
674948
674962
675021
675030
675105
675124
675194
675304
675316
675367
675385
675400
675475
675480
675485
675490
675540
675596
675635
675722
675737
675831
675960
675969
675980
675989
676082
676243
676367
676397
676466
676476
676479
676535
676561
676564
676615
676662
676691
676811
676833
676875
677076
677082
677174
677235
677262
677294
677396
677461
677505
677542
677563
677603
677651
677728
678030
678095
678317
678358
678417
678517
678568
678580
678622
678644
678720
678785
678810
678884
678934
679031
679091
679099
679182
679248
679563
679628
679690
679730
679744
679826
679981
679995
680132
680179
680256
680314
680416
680427
680741
680785
680824
680882
680889
680908
681026
681191
681248
681344
681370
681372
681404
681475
681516
681520
681576
681608
681635
681686
681702
681757
681836
681844
681889
682027
682110
682157
682170
682321
682343
682372
682424
682466
682541
682572
682608
682610
682649
682799
682827
682850
682920
682950
683001
683018
683035
683114
683125
683181
683205
683214
683218
683263
683397
683569
683649
683749
683784
683789
683800
683831
683853
683858
684020
684220
684223
684469
684503
684669
684777
684849
684924
684929
684957
684973
685045
685122
685176
685190
685220
685240
685318
685322
685368
685371
685402
685413
685481
685487
685499
685502
685513
685602
685685
685706
685887
685899
685942
686185
686215
686228
686255
686337
686344
686419
686491
686516
686566
686605
686723
686730
686799
686868
686881
686912
686965
687006
687024
687065
687123
687130
687199
687321
687394
687531
687536
687545
687595
687616
687648
687653
687685
687885
687981
687994
688062
688080
688162
688184
688211
688226
688282
688287
688300
688307
688326
688410
688520
688565
688586
688808
688904
689013
689047
689101
689232
689249
689302
689306
689366
689422
689529
689591
689608
689745
689781
689947
690008
690229
690306
690331
690366
690397
690501
690566
690592
690657
690685
690708
690803
690838
690855
690950
690954
690982
690992
691032
691040
691146
691151
691298
691315
691492
691583
691605
691719
691738
691799
691806
691840
691963
691971
692014
692015
692068
692105
692163
692208
692255
692291
692386
692400
692503
692588
692599
692611
692726
692766
692792
692884
692914
692932
692971
693060
693130
693131
693136
693175
693206
693224
693260
693338
693513
693665
693843
693865
693886
694190
694323
694360
694544
694705
694771
694842
694958
695037
695068
695091
695111
695167
695173
695205
695239
695320
695334
695393
695402
695412
695492
695494
695627
695654
695665
695778
695810
695813
695853
695904
695947
695971
696024
696025
696031
696112
696129
696216
696271
696284
696383
696393
696538
696601
696724
696727
696820
696851
696872
696920
696924
696941
696968
697031
697178
697192
697216
697258
697272
697281
697430
697433
697509
697518
697539
697646
697660
697795
697814
697821
697829
697864
697876
697890
697961
698060
698111
698193
698256
698282
698302
698361
698366
698387
698417
698421
698443
698470
698481
698492
698533
698575
698608
698698
698732
698781
698925
698951
699119
699128
699146
699184
699207
699238
699272
699304
699311
699381
699385
699423
699446
699526
699559
699594
699600
699800
699805
699830
699885
699890
699987
700042
700068
700088
700148
700227
700287
700303
700398
700424
700478
700505
700606
700673
700702
700819
700825
700867
700927
700949
701054
701121
701129
701140
701151
701158
701210
701217
701224
701279
701352
701412
701414
701637
701653
701692
701707
701718
701762
701786
701790
701819
701851
701853
701908
701930
701956
702017
702080
702093
702278
702383
702396
702435
702445
702519
702528
702645
702754
702755
702809
702875
702960
703094
703100
703252
703366
703473
703529
703538
703633
703719
703727
703742
703972
704021
704049
704061
704088
704210
704219
704333
704454
704521
704574
704587
704740
704782
704800
704890
704958
704977
704994
705006
705102
705183
705240
705283
705360
705376
705560
705565
705627
705663
705764
705782
705815
705838
705890
705940
706043
706133
706173
706234
706295
706325
706543
706597
706627
706686
706858
706877
707232
707241
707257
707275
707345
707349
707368
707381
707493
707549
707611
707695
707697
707825
707830
707903
707953
708115
708134
708151
708234
708447
708758
708776
708816
708880
708944
708954
709074
709136
709165
709362
709379
709491
709497
709504
709518
709567
709653
709790
709825
709919
709942
710340
710375
710420
710487
710569
710590
710754
710776
710812
710825
710976
710998
711049
711078
711099
711103
711108
711166
711335
711351
711437
711451
711475
711487
711510
711530
711723
711748
711809
711871
712007
712026
712077
712145
712181
712188
712208
712226
712301
712311
712358
712418
712522
712576
712668
712710
712730
712778
712792
712796
712830
712888
712996
713134
713145
713169
713274
713323
713440
713486
713607
713639
713643
713682
713687
713720
713737
713781
713872
713899
713935
713999
714031
714203
714206
714221
714308
714753
714868
714906
714991
715087
715120
715401
715403
715459
715481
715498
715598
715659
715812
715841
716101
716143
716344
716397
716415
716468
716484
716675
716688
716779
716813
716875
716886
716899
716932
717038
717043
717199
717227
717293
717306
717403
717422
717439
717515
717588
717624
717645
717651
717677
717803
717818
717824
717892
717906
718027
718039
718044
718356
718425
718498
718583
718593
718661
718693
718707
718744
718810
718866
719062
719167
719201
719419
719515
719554
719780
719862
719986
720039
720129
720235
720240
720258
720287
720353
720460
720537
720601
720685
720705
720746
720837
720930
720993
721037
721038
721084
721092
721097
721109
721117
721119
721167
721328
721351
721368
721388
721455
721555
721632
721644
721694
721755
721875
721924
722010
722220
722364
722387
722403
722439
722513
722520
722695
722711
722719
722761
722781
722829
722849
722889
722905
722925
723015
723025
723077
723087
723115
723142
723207
723219
723298
723550
723553
723562
723880
723935
723960
724017
724121
724156
724191
724431
724456
724469
724560
724644
724661
724767
724790
724798
724813
724902
724957
725067
725096
725528
725531
725560
725570
725609
725672
725681
725777
725817
725839
725844
725887
726072
726135
726300
726348
726503
726563
726696
726826
726861
726880
726897
726915
726943
726954
727015
727032
727064
727235
727347
727439
727652
727677
727681
727878
727885
727893
727950
728020
728076
728080
728137
728174
728195
728199
728208
728283
728413
728466
728474
728516
728669
728757
728802
728819
728831
728972
728980
729095
729117
729161
729192
729326
729364
729373
729395
729402
729428
729548
729658
729682
729701
729823
729843
729878
729883
729942
730100
730144
730315
730340
730346
730451
730568
730572
730573
730585
730643
730679
730738
730772
730816
730830
730965
730979
730987
731013
731037
731100
731109
731196
731322
731357
731435
731556
731572
731723
731794
731833
731864
731890
731919
731984
731988
731994
732029
732066
732086
732209
732269
732423
732440
732463
732558
732565
732588
732724
732784
732835
732893
732938
732952
732982
733076
733090
733332
733379
733395
733397
733408
733415
733460
733624
733702
733705
733766
733866
733870
733931
734006
734071
734089
734141
734178
734204
734333
734348
734379
734407
734545
734906
734916
734932
734941
734955
734957
734992
735046
735053
735177
735319
735334
735339
735385
735411
735605
735622
735642
735664
735696
735712
735755
735804
735806
735864
735984
736008
736016
736180
736222
736296
736316
736332
736348
736374
736389
736426
736441
736476
736560
736574
736588
736610
736619
736654
736690
736841
736922
736976
737073
737130
737166
737237
737300
737435
737485
737499
737514
737528
737550
737567
737664
737736
737744
737793
737812
737896
737983
738009
738209
738236
738308
738417
738447
738469
738512
738573
738588
738643
738756
738764
738896
738961
738976
738992
739011
739053
739091
739293
739318
739334
739342
739614
739639
739678
739686
739829
739882
739940
740020
740055
740144
740164
740199
740254
740265
740437
740536
740546
740559
740620
740708
740749
740778
740993
741163
741359
741365
741435
741461
741477
741582
741612
741814
741922
741933
741950
741957
741993
741995
742039
742096
742122
742319
742356
742561
742619
742622
742746
742778
742956
743050
743110
743121
743143
743190
743209
743242
743298
743474
743485
743504
743709
743735
743786
743877
743981
744149
744157
744217
744223
744437
744545
744597
744665
744697
744701
744731
744740
744905
744948
745015
745107
745171
745208
745306
745317
745503
745507
745526
745556
745560
745634
745808
745816
745862
745884
746184
746253
746259
746269
746305
746324
746472
746568
746595
746601
746620
746664
746709
746763
746787
746796
746905
747177
747241
747257
747343
747359
747372
747402
747564
747644
747804
747814
747882
747907
747974
748002
748056
748145
748209
748249
748396
748418
748502
748512
748607
748614
748710
748714
748876
748975
748981
749070
749187
749270
749299
749302
749316
749328
749484
749752
749825
749830
749863
749891
749930
749976
750062
750265
750281
750318
750324
750340
750445
750537
750597
750619
750737
750810
750861
751075
751116
751143
751185
751201
751293
751306
751345
751376
751473
751822
751920
752002
752155
752204
752233
752253
752306
752575
752662
752673
752699
752753
752765
752806
752818
752857
752996
753117
753390
753456
753504
753662
753839
753847
753905
754001
754200
754351
754425
754475
754516
754538
754556
754642
754722
754783
754849
754896
754901
755181
755193
755284
755319
755334
755394
755412
755561
755571
755633
755704
755805
755886
755890
755893
755903
756014
756069
756119
756191
756307
756416
756499
756523
756605
756634
756638
756863
756956
756983
757024
757043
757088
757137
757169
757297
757331
757356
757384
757394
757460
757549
757597
757638
757668
757671
757698
757729
757731
757775
757866
757891
757922
757986
758244
758311
758343
758353
758381
758394
758422
758523
758630
758670
758686
758782
758808
758854
759043
759047
759178
759209
759219
759222
759245
759297
759343
759359
759381
759472
759523
759681
759711
759718
759787
759809
759832
759848
759852
759866
759918
759927
759937
759941
759978
760038
760065
760147
760235
760277
760332
760435
760478
760488
760492
760495
760517
760523
760598
760600
760620
760656
760702
760749
760787
760823
760910
761000
761019
761022
761045
761108
761150
761183
761220
761233
761262
761273
761322
761413
761471
761731
761747
761794
761805
761852
761895
761964
761980
762011
762028
762071
762108
762115
762134
762141
762238
762310
762429
762481
762528
762581
762636
762690
762852
762878
762893
762993
763104
763198
763225
763232
763261
763329
763412
763429
763462
763525
763536
763661
763688
763813
763860
763882
764099
764142
764161
764186
764281
764330
764360
764405
764441
764451
764595
764614
764637
764651
764726
764824
764847
764867
764883
764895
764903
764937
765013
765027
765137
765183
765190
765217
765266
765308
765434
765456
765519
765678
765698
765774
765791
765823
765857
765919
765923
766033
766082
766093
766147
766185
766203
766227
766297
766305
766339
766379
766416
766426
766457
766471
766479
766483
766527
766657
766689
766727
766730
766773
766917
767128
767249
767250
767316
767324
767389
767486
767597
767605
767622
767660
767846
767870
767892
768059
768207
768246
768295
768323
768365
768419
768441
768547
768636
768726
768794
768803
769006
769050
769077
769095
769127
769152
769160
769180
769228
769244
769282
769302
769314
769318
769367
769442
769588
769637
769642
769765
769771
769813
769823
769833
769913
769922
770003
770048
770066
770263
770265
770380
770411
770435
770525
770655
770740
770758
770944
770970
771032
771089
771176
771211
771253
771274
771352
771418
771446
771483
771657
771667
771708
771797
771858
771877
771901
771937
771952
771984
772055
772137
772236
772241
772303
772326
772365
772592
772611
772614
772853
772857
772993
773007
773110
773132
773344
773422
773535
773552
773652
773705
773717
773772
773811
773877
773899
773909
773923
773995
774047
774081
774129
774150
774165
774186
774206
774221
774274
774386
774401
774469
774480
774501
774503
774614
774626
774665
774691
774742
774849
774873
774911
774924
775004
775016
775074
775107
775167
775284
775404
775409
775455
775544
775611
775645
775655
775680
775770
775793
775835
775870
775893
775993
776212
776322
776463
776491
776635
776685
776751
776790
776839
776892
777029
777040
777179
777255
777280
777337
777405
777512
777535
777598
777653
777697
777796
777800
777830
777877
777977
777990
778020
778079
778161
778291
778323
778415
778534
778647
778777
778800
778811
778919
778932
778938
779095
779120
779122
779227
779363
779405
779421
779509
779559
779627
779650
779665
779692
779712
779716
779719
779737
779767
779839
779853
779857
779894
779920
779998
780020
780024
780138
780191
780222
780355
780370
780379
780418
780449
780461
780465
780502
780522
780581
780650
780664
780686
780754
780986
781045
781151
781169
781217
781232
781382
781386
781463
781512
781542
781564
781620
781651
781675
781705
781707
781714
781863
781871
781901
781921
781978
782153
782230
782369
782466
782481
782496
782516
782518
782543
782592
782661
782684
782795
782798
782846
782853
782897
782923
783121
783167
783239
783256
783267
783281
783376
783388
783413
783432
783449
783581
783898
783996
784008
784012
784038
784238
784254
784355
784534
784576
784628
784663
784710
784823
784831
784858
784940
784980
785070
785084
785106
785208
785364
785374
785418
785438
785606
785691
785832
785870
785889
785897
785907
785921
786220
786270
786281
786305
786516
786538
786563
786601
786611
786649
786711
786759
786792
786793
786832
786837
786844
786909
786987
787016
787018
787065
787171
787198
787205
787295
787337
787376
787404
787432
787467
787539
787580
787590
787601
787630
787660
787692
787732
788045
788123
788222
788328
788563
788737
788740
788769
788898
788905
788960
789058
789279
789636
789645
789666
789747
789915
789939
789981
790027
790124
790145
790262
790366
790390
790407
790564
790875
790900
791027
791040
791078
791171
791178
791312
791334
791425
791447
791484
791493
791518
791521
791588
791644
791838
791852
792061
792067
792105
792109
792156
792275
792314
792374
792442
792524
792621
792685
792760
792774
792794
792867
792909
792969
792986
793020
793047
793058
793168
793291
793352
793374
793393
793513
793658
793760
793842
793857
793872
793905
793972
794028
794043
794057
794080
794090
794169
794204
794600
794646
794769
794793
794841
794871
795044
795078
795098
795169
795214
795393
795405
795427
795439
795466
795545
795553
795571
795631
795830
795864
795879
795938
795987
796025
796036
796204
796251
796259
796350
796408
796576
796666
796703
796784
796821
796971
796989
797039
797143
797238
797245
797335
797373
797425
797453
797469
797546
797701
797864
797996
798061
798089
798168
798193
798204
798212
798221
798265
798334
798355
798385
798392
798413
798434
798527
798531
798541
798605
798635
798687
798785
798861
799007
799022
799072
799111
799166
799234
799238
799295
799334
799344
799465
799476
799496
799571
799628
799660
799690
799717
799835
799874
799961
799986
800146
800149
800325
800355
800425
800572
800576
800840
800955
800971
801029
801155
801210
801244
801359
801401
801492
801605
801644
801779
801932
802015
802033
802120
802123
802295
802321
802357
802373
802386
802403
802448
802463
802477
802508
802518
802531
802605
802751
802800
802860
803299
803319
803330
803392
803430
803474
803768
803773
803808
804079
804147
804157
804193
804254
804393
804401
804538
804539
804607
804648
804855
804898
804964
804975
805038
805136
805143
805212
805392
805407
805418
805441
805464
805500
805609
805733
805781
805817
805915
805989
806175
806185
806219
806231
806565
806570
806617
806633
806775
806797
806801
806890
806995
807010
807028
807038
807077
807113
807301
807337
807417
807428
807456
807468
807557
807559
807569
807620
807715
807731
807833
807924
808192
808195
808207
808209
808278
808311
808315
808405
808411
808435
808572
808658
808731
808738
808745
809026
809166
809173
809340
809366
809390
809529
809632
809680
809729
809753
809809
809914
809950
809999
810088
810127
810147
810184
810187
810241
810262
810285
810541
810631
810657
810762
810780
810881
810938
810967
810994
811019
811059
811227
811547
811569
811572
811638
811674
811773
811808
811814
811856
811894
811903
811961
811984
811996
812215
812343
812401
812412
812453
812464
812548
812597
812606
812619
812698
812865
812868
812879
812881
812956
813062
813155
813187
813208
813245
813298
813430
813482
813564
813592
813730
814073
814185
814197
814243
814353
814493
814646
814793
814822
814870
814953
814969
815154
815159
815260
815275
815286
815315
815359
815370
815437
815457
815460
815587
815634
815639
815763
815776
815785
815831
815832
815854
815861
815889
815995
816116
816234
816318
816522
816543
816625
816674
816754
816763
816871
816879
816923
817024
817108
817240
817305
817416
817429
817568
817587
817618
817717
817820
817895
817982
818021
818080
818213
818227
818328
818351
818377
818455
818470
818515
818576
818622
818688
818768
818792
818801
818828
818833
818863
818867
818930
818937
819059
819065
819085
819143
819172
819322
819337
819396
819520
819701
819722
819808
819917
819990
820007
820076
820249
820253
820261
820267
820392
820424
820428
820569
820578
820597
820853
820855
820891
820898
820949
820976
820991
821022
821056
821217
821245
821300
821317
821378
821408
821422
821483
821525
821597
821612
821617
821654
821685
821712
821817
821822
821863
822081
822125
822149
822231
822277
822530
822538
822559
822565
822586
822592
822624
822672
822844
822866
822906
822927
823038
823055
823079
823125
823226
823235
823259
823282
823350
823359
823389
823394
823455
823473
823478
823515
823536
823571
823746
823822
823913
823987
824040
824199
824242
824306
824344
824458
824483
824679
824697
824749
824801
824879
824885
824897
824982
825008
825065
825107
825189
825249
825425
825463
825488
825520
825528
825548
825630
825631
825658
825686
825754
825834
825835
825865
825899
825950
826256
826336
826357
826421
826485
826556
826577
826603
826619
826803
826858
826872
826881
827000
827044
827054
827144
827152
827163
827217
827228
827242
827252
827260
827271
827338
827389
827590
827616
827633
827665
827702
827753
827819
827865
827884
827904
827950
828054
828130
828261
828354
828389
828410
828446
828455
828462
828579
828598
828622
828679
828717
828729
828796
828835
828883
828924
829068
829155
829187
829212
829222
829226
829238
829270
829315
829335
829358
829360
829368
829415
829530
829607
829625
829720
829759
829832
829958
830048
830083
830126
830137
830194
830199
830207
830213
830224
830286
830295
830297
830313
830321
830433
830450
830458
830484
830566
830890
831039
831048
831104
831152
831182
831262
831269
831271
831575
831598
831655
831703
831759
831855
831923
831952
831975
832060
832072
832147
832152
832180
832331
832456
832503
832561
832567
832594
832620
832632
832735
832934
832944
833004
833016
833022
833142
833147
833229
833289
833390
833457
833546
833562
833593
833650
833770
833776
833803
833839
833863
834056
834094
834123
834260
834318
834456
834683
834710
834783
834790
834857
834896
834933
834988
834998
835066
835138
835188
835285
835300
835350
835429
835475
835505
835523
835555
835558
835613
835625
835687
835874
835893
835967
836090
836115
836187
836227
836419
836458
836535
836568
836673
836786
836804
836822
836846
836877
836998
837011
837023
837025
837097
837107
837168
837171
837209
837224
837226
837257
837445
837499
837513
837577
837617
837627
837758
837768
837881
837911
837976
838070
838469
838766
838835
838959
838984
838992
839076
839141
839200
839230
839335
839358
839394
839402
839427
839504
839617
839643
839662
839700
839874
840041
840220
840265
840546
840571
840630
840653
840678
840754
840791
840800
840962
841023
841105
841118
841194
841267
841318
841366
841423
841452
841482
841525
841601
841611
841682
841729
841821
841825
841967
842120
842231
842236
842312
842341
842474
842567
842579
842588
842706
842765
842791
842810
842846
842849
842855
842979
843050
843057
843102
843118
843131
843146
843202
843216
843343
843385
843391
843401
843411
843611
843837
843884
843996
844114
844228
844363
844395
844421
844465
844490
844546
844566
844576
844639
844656
844727
844781
844890
844927
845025
845064
845077
845092
845188
845209
845217
845350
845359
845386
845410
845460
845466
845494
845520
845545
845580
845674
845780
845807
845840
845902
845910
845911
845952
845960
845978
846040
846050
846194
846293
846306
846492
846562
846596
846759
846827
846880
846890
846897
846903
847023
847062
847087
847091
847144
847146
847189
847219
847305
847331
847416
847458
847479
847527
847610
847713
847814
847827
847886
847903
848042
848181
848212
848240
848256
848520
848563
848708
848782
848867
848945
848981
849116
849145
849289
849305
849327
849470
849475
849607
849614
849617
849864
849868
849984
850042
850096
850266
850278
850298
850475
850504
850632
850758
850783
850799
850848
850872
850964
851075
851441
851519
851551
851626
851852
851867
851899
852211
852286
852315
852348
852476
852488
852506
852525
852543
852656
852697
852702
852819
852826
852872
852966
853013
853026
853045
853125
853143
853158
853209
853247
853302
853316
853330
853372
853376
853391
853478
853726
853829
853832
853908
853920
853932
853938
854013
854140
854262
854325
854363
854401
854416
854470
854498
854583
854879
854884
854988
855148
855152
855223
855293
855333
855479
855505
855597
855619
855629
855771
855800
855820
855847
855916
855933
855959
856104
856177
856190
856200
856475
856511
856629
856646
856661
856671
856679
856749
856752
856832
856835
856897
857033
857452
857499
857511
857518
857539
857593
857813
857836
857943
857995
858101
858105
858110
858121
858252
858281
858416
858430
858527
858554
858578
858742
858838
858865
858911
858935
859054
859089
859132
859133
859191
859333
859571
859575
859649
859706
859800
859809
859810
859866
860048
860095
860149
860175
860203
860206
860281
860460
860484
860568
860595
860614
860702
860719
860737
860834
860972
860986
861021
861306
861334
861438
861443
861502
861555
861648
861743
861783
861853
862066
862148
862258
862350
862352
862492
862522
862523
862536
862666
862768
862835
862875
862976
863009
863013
863080
863091
863098
863219
863417
863486
863552
863576
863596
863643
863879
863890
864034
864040
864184
864380
864454
864549
864587
864602
864671
864793
864831
865023
865075
865158
865174
865289
865314
865386
865403
865427
865513
865562
865589
865601
865622
865736
865826
865875
865929
865951
865961
866087
866097
866123
866171
866211
866248
866336
866473
866487
866704
866729
866805
866810
866883
866888
866903
866970
867013
867025
867076
867146
867160
867206
867252
867295
867537
867573
867768
867778
867880
867893
867930
868115
868140
868274
868312
868390
868395
868442
868495
868603
868612
868647
868696
868733
868822
868851
868888
868945
869016
869055
869080
869114
869221
869268
869387
869411
869461
869481
869524
869601
869769
869828
869882
870140
870252
870258
870265
870314
870401
870546
870549
870665
870724
870843
870979
871038
871089
871208
871222
871242
871271
871476
871503
871539
871606
871754
871848
871872
871883
872065
872069
872078
872169
872257
872260
872295
872296
872318
872379
872433
872437
872448
872487
872574
872620
872696
872748
872829
872986
873058
873177
873188
873199
873210
873309
873457
873469
873517
873612
873735
873774
873829
873980
874030
874071
874137
874154
874300
874441
874495
874513
874668
874755
874819
874906
875021
875057
875123
875164
875330
875624
875710
875867
875965
876046
876168
876197
876342
876387
876444
876556
876591
876644
876673
876691
876701
876737
876772
876775
876901
876970
877060
877192
877269
877297
877344
877472
877504
877604
877683
877776
877800
877866
877887
877891
877931
878002
878010
878016
878021
878027
878064
878116
878126
878145
878231
878299
878325
878351
878554
878598
878638
878666
878678
878724
878751
878843
878865
878957
879090
879335
879466
879500
879509
879516
879547
879604
879661
879709
879838
879957
879982
879992
880045
880169
880170
880225
880372
880481
880489
880558
880576
880621
880740
880769
880811
880914
880920
881031
881064
881072
881097
881132
881139
881159
881161
881432
881575
881581
881610
881678
881713
881741
881771
881805
881812
881826
881835
882081
882125
882217
882220
882266
882356
882365
882384
882493
882511
882517
882580
882815
882857
882889
882950
883021
883055
883085
883155
883189
883226
883232
883307
883340
883393
883411
883436
883695
883800
883806
883810
883821
883854
883904
884086
884136
884158
884202
884234
884333
884370
884425
884556
884732
884757
884859
884864
884890
885104
885158
885242
885283
885299
885368
885418
885443
885507
885574
885823
885830
886045
886082
886116
886153
886160
886224
886227
886272
886347
886425
886437
886526
886627
886659
886744
886782
886829
887011
887042
887060
887070
887144
887166
887182
887244
887252
887286
887308
887328
887406
887423
887426
887534
887564
887613
887687
887694
887833
887881
887990
887995
888027
888154
888265
888346
888375
888472
888574
888579
888592
888648
888703
888729
888779
888794
888799
888887
888900
888923
889081
889113
889210
889217
889222
889288
889311
889336
889343
889385
889393
889403
889419
889451
889623
889676
889686
889699
889733
889737
889870
889900
890054
890096
890116
890306
890330
890350
890479
890489
890506
890684
890758
890786
890789
890848
890878
890883
890922
890940
890990
890999
891033
891043
891072
891215
891279
891317
891384
891417
891438
891537
891612
891620
891676
891707
891725
891781
891841
891891
891998
892201
892238
892266
892323
892339
892391
892658
892667
892679
892729
892746
892871
892883
892924
892998
893023
893079
893168
893309
893382
893413
893581
893660
893715
893716
893734
893793
893805
893903
894098
894268
894407
894410
894430
894490
894518
894640
894663
894704
894713
894754
894899
895265
895335
895384
895560
895666
895670
895685
895688
895714
895720
895740
895750
895798
895815
896001
896084
896119
896409
896551
896607
896639
896707
896773
896792
896889
896949
896997
897156
897353
897404
897425
897464
897586
897621
897689
897768
897824
897850
897902
898037
898085
898114
898190
898203
898250
898293
898324
898408
898424
898430
898603
898641
898676
898698
898800
898821
898823
898847
899078
899170
899391
899588
899621
899648
899673
899692
899726
899759
899768
899845
899925
899940
900045
900046
900281
900392
900628
900689
900854
900930
900987
901017
901025
901132
901350
901359
901431
901457
901476
901510
901554
901590
901595
901646
901694
901726
901819
901896
901933
901954
902001
902062
902172
902211
902217
902270
902293
902303
902307
902351
902402
902497
902575
902674
902731
902867
902966
903002
903157
903181
903255
903297
903423
903552
903583
903611
903629
903696
903764
903792
903861
903923
904024
904057
904129
904140
904149
904320
904345
904392
904416
904513
904726
904782
904907
905094
905119
905136
905154
905269
905349
905371
905447
905541
905624
905684
905809
905891
905970
906071
906087
906099
906118
906288
906325
906380
906397
906428
906713
906794
906934
907006
907021
907026
907075
907098
907159
907176
907201
907249
907325
907409
907425
907525
907556
907660
907735
908053
908082
908140
908214
908270
908291
908295
908329
908394
908586
908629
908677
908758
909074
909090
909211
909251
909282
909356
909397
909468
909494
909587
909616
909621
909721
909730
909777
909794
909823
909896
909903
909973
910060
910063
910136
910190
910257
910531
910558
910638
910829
910845
910932
910989
910998
911003
911037
911059
911200
911207
911232
911256
911290
911335
911362
911374
911430
911542
911565
911748
911761
911858
911941
912022
912038
912079
912085
912089
912229
912319
912335
912384
912559
912620
912629
912676
912759
912824
912909
912972
912983
913055
913165
913291
913332
913351
913363
913430
913472
913503
913644
913755
913807
913882
913927
914031
914091
914113
914184
914209
914363
914408
914466
914575
914621
914631
914652
914685
914731
914742
914855
914898
914922
914934
914978
915006
915024
915059
915212
915276
915297
915412
915448
915511
915525
915530
915534
915586
915618
915869
915946
916044
916133
916226
916246
916293
916326
916372
916378
916388
916489
916528
916537
916571
916578
916615
916703
916756
916783
916817
916825
916841
916873
916967
916975
917016
917070
917094
917131
917173
917197
917236
917239
917463
917481
917531
917539
917596
917729
917776
917787
917937
918040
918054
918137
918185
918194
918240
918327
918344
918405
918596
918716
918751
918894
918968
919005
919067
919107
919118
919240
919241
919407
919451
919484
919515
919583
919604
919626
919761
919820
919928
919952
919972
920154
920187
920213
920222
920240
920261
920281
920353
920439
920565
920572
920578
920610
920643
920656
920728
920788
920802
920807
920913
920925
921011
921044
921051
921098
921132
921142
921248
921269
921326
921341
921354
921372
921508
921559
921621
921661
921664
921712
921713
921754
921842
921920
921946
922002
922059
922070
922077
922086
922420
922429
922442
922530
922593
922669
922715
923074
923120
923176
923237
923254
923326
923385
923509
923555
923601
923710
923757
923843
923871
923935
924035
924165
924193
924212
924227
924326
924378
924416
924437
924463
924468
924490
924522
924525
924536
924591
924967
925004
925047
925220
925334
925421
925438
925583
925668
925691
925697
925717
925731
925837
925845
925901
926096
926158
926174
926194
926212
926226
926271
926454
926461
926468
926585
926642
926684
926721
926776
926787
926860
926869
926900
926925
926926
926938
926964
926976
927101
927146
927218
927219
927283
927513
927576
927626
927668
927675
927684
927746
927767
927788
927804
927821
927844
927875
927919
928122
928131
928375
928383
928422
928426
928460
928475
928481
928527
928615
928642
928663
928691
928811
928931
928945
929107
929111
929246
929289
929331
929359
929432
929506
929573
929585
929595
929660
929683
929774
929789
929810
929853
929860
929869
929878
930031
930035
930045
930368
930507
930655
930885
930984
931183
931204
931255
931398
931610
931632
931675
931679
931717
931745
931796
931831
931945
932085
932213
932238
932328
932370
932396
932469
932481
932745
932753
932830
932833
932892
932945
933147
933176
933208
933302
933333
933338
933359
933482
933550
933584
933754
933790
933974
933992
934022
934141
934182
934209
934213
934317
934487
934581
934595
934685
934740
934760
934836
934898
935067
935110
935196
935206
935207
935224
935345
935427
935449
935490
935529
935644
935665
935674
935704
935823
935840
935890
935894
935909
935918
935961
935975
935988
936023
936096
936100
936113
936229
936238
936437
936500
936512
936519
936639
936661
936805
936841
936900
936935
936936
937005
937011
937026
937047
937194
937259
937263
937267
937291
937328
937343
937389
937412
937422
937611
937624
937799
937815
937849
937888
937909
937918
937946
937964
938041
938493
938710
938716
938760
938782
938809
938840
938873
938888
938899
938922
938948
938956
939052
939109
939189
939237
939292
939400
939458
939488
939509
939576
939695
939862
939909
939919
939998
940013
940032
940137
940229
940276
940560
940569
940575
940601
940613
940623
940640
940759
940832
940884
940891
940945
940978
941015
941024
941096
941101
941110
941174
941190
941199
941262
941355
941387
941394
941412
941466
941548
941593
941618
941652
941679
941772
941806
941904
941955
941993
942026
942255
942319
942359
942430
942500
942516
942666
942769
942799
942830
943034
943043
943183
943210
943255
943305
943334
943345
943357
943384
943679
943687
943771
943814
944070
944146
944207
944243
944252
944379
944487
944552
944565
944619
944710
944734
944812
944843
944857
944881
944884
944891
944914
945040
945046
945076
945119
945154
945194
945472
945485
945523
945588
945899
946159
946171
946190
946248
946279
946316
946328
946374
946379
946556
946611
946685
946723
946752
946762
946768
946774
946784
946800
946854
946866
946905
946942
946963
946974
946985
947003
947018
947067
947231
947242
947364
947388
947393
947408
947411
947474
947486
947490
947505
947583
947782
947834
947839
947889
947950
948057
948081
948143
948153
948189
948277
948294
948306
948317
948357
948483
948507
948510
948513
948568
948594
948615
948617
948676
948735
948852
948927
948977
949026
949085
949103
949130
949137
949206
949393
949477
949636
949644
949668
949713
949751
949787
949790
949810
949838
949886
949995
950014
950031
950071
950093
950119
950184
950190
950195
950210
950228
950252
950274
950304
950342
950429
950467
950512
950531
950613
950654
950726
950743
950751
950876
950952
950973
951006
951092
951165
951378
951490
951660
951694
951803
951905
951945
951992
952035
952098
952101
952112
952164
952171
952210
952278
952289
952334
952416
952455
952468
952494
952676
952786
952845
952875
952885
952902
952926
952955
952988
953012
953120
953126
953266
953281
953508
953539
953577
953649
953698
953709
953762
953795
953983
954330
954363
954392
954522
954532
954575
954776
954805
954887
954925
954985
955046
955059
955144
955161
955193
955216
955236
955289
955345
955368
955391
955402
955454
955570
955717
955813
955964
956119
956126
956135
956217
956251
956337
956426
956438
956613
956680
956757
956873
957005
957046
957090
957128
957200
957308
957358
957466
957475
957546
957559
957629
957648
957666
957714
957721
957748
957760
957780
957796
957895
957918
957944
957963
957982
957990
958003
958052
958075
958209
958221
958374
958442
958516
958745
958818
958934
958984
959131
959175
959183
959206
959246
959342
959596
959717
959789
959811
959943
960016
960065
960116
960181
960207
960366
960453
960456
960506
960533
960626
960643
960659
960807
960832
960900
961067
961084
961094
961116
961141
961202
961211
961232
961343
961344
961400
961439
961496
961502
961511
961602
961758
961861
961891
961898
961912
961919
961983
962036
962041
962128
962234
962347
962363
962378
962501
962513
962544
962619
962631
962635
962678
962697
962727
962739
962745
962754
962857
962874
962881
962989
963030
963053
963061
963139
963144
963224
963260
963326
963345
963362
963379
963403
963418
963422
963495
963599
963602
963613
963633
963690
963726
963814
963938
963955
963980
964016
964026
964105
964147
964156
964290
964332
964357
964364
964494
964501
964608
964633
964658
964833
964845
965099
965142
965194
965197
965336
965355
965366
965393
965427
965473
965601
965622
965630
965640
965690
965723
965839
965960
965974
966030
966046
966094
966167
966401
966410
966519
966764
966791
966946
966986
966994
967327
967469
967736
967750
967779
967806
967853
967930
968041
968097
968133
968281
968301
968383
968607
968718
968790
968851
969009
969016
969167
969197
969210
969496
969546
969577
969601
969632
969726
969752
969810
969820
969892
969901
969921
969976
970002
970073
970138
970225
970268
970297
970304
970310
970344
970379
970383
970424
970560
970574
970628
970638
970656
970740
970790
970807
970853
970921
971133
971241
971253
971259
971365
971474
971525
971631
971698
971775
971838
971867
971904
971936
971954
972142
972174
972207
972223
972345
972598
972635
972656
972669
972735
972822
972845
972967
972984
972988
973063
973129
973287
973299
973437
973471
973478
973549
973638
973698
973739
973770
974095
974108
974149
974276
974374
974462
974560
974571
974733
974736
974782
974915
974967
974971
974996
975016
975093
975106
975193
975229
975267
975282
975340
975431
975461
975495
975544
975653
975660
975711
975817
975962
975975
976109
976165
976313
976338
976373
976392
976470
976476
976516
976533
976592
976623
976630
976716
976757
976796
976822
976826
976867
976881
976910
976952
977041
977046
977055
977082
977172
977227
977244
977577
977651
978006
978031
978042
978054
978073
978091
978156
978199
978225
978238
978249
978290
978306
978382
978410
978433
978506
978534
978545
978547
978557
978746
979052
979138
979151
979214
979222
979266
979408
979411
979415
979447
979471
979496
979590
979610
979626
979737
979782
979798
979805
979916
979922
980169
980201
980216
980269
980299
980311
980323
980361
980367
980388
980437
980576
980688
980721
980753
980785
980835
980840
980865
980938
980951
980960
980976
980993
981107
981108
981113
981140
981178
981244
981300
981317
981349
981460
981493
981519
981556
981580
981596
981649
981669
981682
981769
981954
982188
982190
982398
982422
982452
982465
982505
982533
982695
982885
982904
983068
983107
983129
983159
983208
983227
983231
983307
983340
983430
983447
983466
983486
983597
983605
983641
983651
983661
983677
983756
