290
569
807
1434
1635
1791
2261
2551
3222
3480
5320
7067
8082
8599
9047
11124
11238
11312
11327
11393
11720
11869
11981
13031
13820
14035
14259
14582
14938
16109
16530
16931
16957
17390
17729
18599
18792
18974
20550
21211
21577
21630
22360
22673
22840
22952
23062
23565
23832
24853
24871
25159
25738
25993
26764
27924
28114
28343
29947
30240
30473
31219
31427
31550
31919
32648
32772
32812
32920
33325
33845
34046
34171
35633
36315
36722
36931
36938
37208
37625
37879
38282
38487
38831
39324
39616
39776
40016
40309
40460
40941
41318
42026
42619
43144
43616
44133
44365
44613
44816
44835
44876
44967
45292
45315
45753
45848
46390
47708
47776
48070
48117
48456
49860
50215
50653
52623
53344
53805
53931
54320
54390
54705
56635
56696
57199
58089
58233
60827
61139
61272
62977
63373
64008
64704
65421
65719
65967
66137
66279
66507
66607
66983
67791
67879
68236
68273
68279
68289
68421
68515
68613
68785
68907
68956
68962
69044
69075
69088
69103
69227
69302
69396
69434
69451
69502
69525
69580
69635
69784
69837
69872
70200
70229
70345
70395
70485
70498
70674
70753
70809
70832
70856
71125
71193
71228
71254
71340
71476
71620
71729
71833
71902
71915
72213
72323
72430
72458
72492
72593
72788
72794
72808
72849
73066
73102
73328
73851
73875
74132
74158
74197
74364
74468
74495
74725
74818
74883
74898
74943
75141
75489
75528
75905
75961
76014
76122
76565
76645
76717
76990
77030
77038
77158
77251
77288
77336
77501
77783
77883
78139
78309
78372
78381
78444
78472
78490
78548
78597
78712
78733
78900
78971
78982
79063
79108
79577
79634
79691
79800
79875
79925
79928
79935
80149
80179
80263
80569
80588
80702
80722
81135
81606
81679
81694
81739
81784
81946
82021
82072
82084
82150
82293
82309
82402
82496
82702
82760
82904
82910
83043
83061
83131
83202
83266
83550
83579
83627
83641
83654
83688
83933
84137
84312
84437
84536
84570
84889
84906
85011
85050
85502
85781
85854
86058
86079
86130
86426
86482
86636
86854
86857
87029
87291
87311
87318
87366
87669
87781
87805
87942
88046
88053
88103
88419
88432
88463
88593
88605
88649
88711
88843
88964
89069
89108
89712
90342
90473
90481
90496
90562
90568
90731
90780
90790
90965
91081
91137
91231
91330
91521
91550
91648
91996
92067
92206
92412
92461
92548
92562
92593
92726
92866
93144
93291
93397
93418
93476
93585
93625
94167
94252
94269
94392
94631
94661
94982
95093
95484
95570
95901
96050
96109
96258
96266
96289
96438
96527
96773
96800
96890
96960
97055
97111
97223
97695
97741
97895
97994
98248
98679
98714
98868
99097
99712
99832
100011
100196
100368
100667
100832
100952
101337
101589
101791
101921
101925
102121
102210
102383
102623
102639
102665
102674
102681
102855
103110
103227
103250
103266
103326
103386
103432
103726
103937
104365
104592
104612
104620
104679
104752
104797
104889
104978
105026
105060
105106
105142
105280
105446
105464
105476
105541
105986
105996
106087
106110
106213
106295
106404
106474
106497
106782
107029
107052
107412
107589
107720
107817
107926
108451
108800
108927
109108
109425
109587
109654
109864
109968
110041
110227
110376
110429
110470
110481
110648
110703
110730
110834
110904
110956
111409
111727
111875
111920
111952
112264
112267
112305
112376
112421
112497
112676
112790
112877
113410
113538
113623
113685
113730
114119
114263
114268
114318
114938
115023
115284
115439
115710
115715
115736
115800
115889
115935
115950
116405
116478
116536
116546
116549
116674
116825
116936
117134
117389
117456
117813
117894
117902
118115
118194
118245
118513
118572
118595
118954
118973
119011
119084
119285
119323
119352
119510
119526
119572
119661
119689
119699
119815
119951
120146
120232
120268
120319
120441
120454
120549
120666
120723
120761
120853
121099
121186
121267
121407
121580
121649
121679
121788
121839
121944
122550
122616
122742
122830
122853
122959
123078
123281
123462
123780
123914
124323
124389
124465
124598
124623
124673
124785
124791
124797
124827
124958
125036
125180
125275
125291
125364
125554
125560
125635
125657
125857
126023
126347
126492
126589
126624
126774
126796
127058
127067
127229
127296
127311
127351
127557
127649
127678
127693
127738
127950
127970
127980
127993
128090
128159
128183
128317
128509
128636
128665
128763
128999
129048
129292
129373
129537
129539
129676
129759
129904
130024
130104
130229
130285
130980
131079
131324
131353
131424
131535
131560
131699
131751
131841
132037
132073
132290
132301
132660
132674
132705
132761
132769
133149
133183
133479
133494
133543
133563
133773
133853
133876
134075
134086
134107
134227
134261
134748
134849
134932
134986
135003
135192
135258
135321
135341
135343
135421
135535
135628
135681
135804
135876
136077
136083
136121
136169
136181
136206
136220
136391
136518
136820
136838
136992
137114
137147
137166
137370
137390
137409
137592
137685
137867
137882
138255
138290
138339
138357
138407
138538
138590
138667
138681
138872
138979
139021
139101
139127
139247
139349
139430
139596
139605
139653
139831
139837
139847
139990
140053
140086
140113
140345
140383
140397
140457
140537
140744
140811
140868
140934
140938
141015
141059
141119
141126
141292
141428
141508
141544
141603
141731
141923
142009
142044
142185
142245
142271
142329
142519
142545
142622
142631
142842
142923
143137
143324
143503
143667
144175
144279
144500
144545
144942
144960
145014
145136
145253
145335
145411
145915
146183
146253
146272
146306
146827
146921
147109
148180
148390
148510
148570
148622
148633
148647
148728
148743
148771
148845
149068
149081
149118
149244
149254
149320
149450
149482
149617
149641
149664
149690
149797
149863
150186
150262
150317
150392
150405
150662
150830
150899
151080
151204
151329
151543
151752
151788
151815
151962
152316
152339
152429
152752
152962
152972
153084
153162
153319
153830
154350
154388
154433
154958
155013
155243
155678
155853
156024
156030
156082
156120
156220
156246
156305
156860
156866
157090
157189
157257
157339
157363
157433
157457
157612
157757
158023
158028
158154
158248
158259
158888
159122
159185
159925
160040
160327
160378
160385
160389
160729
160782
160909
160938
160979
161194
161297
161376
161389
161445
161508
161525
161643
161767
162048
162142
162292
162540
162587
162654
163086
163121
163164
163383
163531
163597
163878
163950
164222
164647
164879
165045
165093
165190
165216
165266
165440
165476
165706
165761
165791
165883
165954
166059
166185
166211
166231
166249
166362
166446
166712
166770
166812
166834
166895
167018
167115
167161
167221
167457
167468
167501
167769
167793
167931
167997
168253
168929
169073
169304
169642
169751
169831
169852
170166
170858
170881
170889
170902
171096
171184
171253
171780
171808
171948
172094
172340
172350
172510
173207
173234
173337
173385
173430
173670
173716
173736
173741
173853
173970
174058
174324
174395
174613
174698
174736
174834
174915
174940
174948
175010
175032
175074
175098
175215
175391
175439
175728
175782
175808
175899
176157
176193
176470
176515
176927
176952
177030
177048
177078
177104
177221
177307
177437
177471
177667
177695
177710
177752
177840
177868
177954
178039
178229
178254
178368
178377
178485
178520
178562
178726
178949
179009
179159
179312
179445
179796
179889
179891
180117
180227
180277
180361
180437
180958
181242
181273
181289
181321
181386
181394
181769
181804
182114
182422
182489
182513
182555
182608
182904
182926
183034
183174
183198
183215
183226
183339
183371
183513
183604
183908
183992
184245
184312
184365
184631
184833
184864
184930
185107
185153
185163
185208
185232
185371
185669
185803
185822
185830
185908
186310
186363
186381
186543
186580
186675
186712
186935
187024
187041
187116
187123
187263
187406
187445
187500
187545
187613
187726
187797
187927
188446
188456
188537
188612
188666
188833
188974
189081
189099
189147
189216
189269
189277
189314
189355
189415
189445
189768
189854
189987
190129
190366
190485
190521
190564
190592
190648
190868
190895
190934
191092
191297
191533
191617
191646
191663
191743
191909
192011
192203
192384
192406
192412
192486
192700
192732
192745
192869
192958
193116
193241
193316
193841
193877
193978
194017
194028
194040
194195
194394
194507
194547
194655
194690
194920
194933
195125
195180
195243
195291
195626
195732
196027
196203
196268
196325
196348
196594
196686
196720
197035
197106
197611
197743
197927
198058
198111
198147
198183
198207
198249
198439
198503
198600
198689
198706
198836
198974
199309
199419
199761
199816
200000
200040
200187
200225
200245
200459
200471
200598
200625
200827
201114
201203
201656
202120
202287
202401
202515
202668
202741
202978
203094
203226
203309
203374
203462
203510
203680
203710
203767
203823
203957
204000
204036
204061
204155
204183
204298
204489
204622
204735
204873
205067
205227
205231
205303
205367
205375
205632
205684
205845
205980
206035
206168
206206
206286
206407
206503
206539
206570
206634
206923
207127
207190
207217
207248
207417
207627
207637
207650
207717
207732
208040
208049
208091
208368
208380
208455
208584
208586
208619
208672
208728
208848
208899
208977
208995
209074
209208
209213
209668
209710
209945
209983
210170
210213
210242
210251
210723
210801
210829
211069
211088
211237
211252
211261
211375
211504
211524
211581
211724
211747
211848
211882
211908
212006
212074
212099
212134
212235
212354
212419
212439
212839
212915
212999
213107
213210
213536
213558
213573
213603
213689
213807
214036
214070
214081
214108
214161
214424
214519
214554
214629
214703
214753
214765
214777
214831
215382
215418
215541
215579
215588
215626
215637
215692
215794
215831
215884
215966
216107
216151
216431
216474
216561
216763
216876
216913
216966
217010
217020
217081
217106
217358
217395
217502
217599
217680
217706
217731
217755
217878
217888
217917
217997
218127
218185
218277
218305
218417
218544
218655
218719
219075
219077
219948
219960
220053
220101
220137
220154
220186
220234
220248
220375
220411
220513
220595
220686
220777
220841
220862
220934
220939
220967
221156
221313
221510
221620
221651
221671
221691
221704
222092
222110
222166
222193
222336
222451
222489
222788
222814
223015
223154
223310
223352
223483
223594
223677
223696
223829
223873
223952
223993
224207
224591
224957
225014
225284
225331
225408
225537
225747
225764
225851
225942
226182
226198
226283
226296
226407
226457
226540
226574
226643
226709
226773
226799
226896
226919
226936
227000
227156
227195
227271
227355
227580
227770
227882
227891
228129
228183
228200
228231
228343
228629
228686
228818
228825
228953
229027
229142
229283
229529
229552
229686
229719
229750
229867
229986
230137
230164
230173
230351
230442
230508
230543
230566
230823
230911
231069
231299
231328
231334
231430
231455
231497
231599
231762
231795
231829
231874
231963
232035
232115
232124
232139
232201
232340
232367
232638
232642
232806
233124
233216
233305
233371
233558
233650
233735
233753
233763
233801
233867
233872
233989
234022
234062
234116
234468
235025
235057
235104
235326
235420
235571
235577
235584
235624
235647
235686
235796
235931
236012
236067
236095
236230
236249
236353
236809
236977
237013
237121
237186
237207
237272
237368
237436
237556
237611
237735
237758
237852
237876
237911
237921
237931
238050
238119
238232
238267
238289
238436
238512
238625
238754
238783
238846
238944
238989
239051
239081
239085
239138
239175
239211
239259
239264
239278
239303
239437
239490
239517
239556
239567
239624
239929
239976
240079
240110
240147
240272
240317
240364
240419
240455
240531
240541
240695
240721
240757
240983
241063
241101
241340
241396
241604
241783
241850
241906
242059
242224
242259
242318
242352
242493
242532
242753
242821
242842
242928
243033
243095
243110
243189
243221
243248
243265
243419
243432
243488
243575
243626
243713
243870
244061
244268
244271
244312
244485
244551
244645
244652
244825
244871
244989
245002
245149
245176
245252
245378
245447
245451
245469
245481
245679
245691
245749
245806
245910
245962
246055
246098
246228
246291
246376
246390
246499
246696
246857
246931
246987
247242
247267
247298
247387
247518
247749
247799
247821
247891
247909
247918
247958
248008
248108
248197
248274
248474
248653
248669
248680
248841
248997
249098
249136
249190
249199
249322
249358
249365
249403
249469
249486
249667
249690
249707
249942
249959
250047
250061
250159
250188
250345
250377
250387
250418
250515
250570
250582
250593
250599
250647
250653
250714
250791
251193
251227
251409
251442
251771
251992
252117
252123
252245
252503
252755
252771
252789
253056
253217
253378
253601
253695
253704
253723
253861
253890
253965
254149
254195
254320
254510
254530
254769
254842
254960
255140
255242
255260
255268
255472
255661
255691
255718
255753
256151
256201
256236
256267
256279
256330
256349
256470
256549
256570
256621
256668
256683
256713
256879
256982
257030
257141
257158
257181
257231
257237
257267
257328
257603
257763
257809
257892
257905
258009
258156
258288
258527
259030
259475
259648
259771
259817
260088
260192
260293
260346
260571
260715
260726
260775
260827
260847
260896
260931
260966
261014
261019
261087
261137
261240
261360
261402
261448
261455
261468
261494
261698
261931
261968
261992
262033
262057
262383
262551
262602
262716
262738
262748
262823
262882
262994
263249
263298
263391
263418
263461
263529
263550
263772
263787
263833
264047
264056
264349
264381
264493
264613
264655
264677
264737
264918
265099
265291
265345
265368
265460
265734
265881
265913
265922
265933
266003
266089
266188
266208
266308
266345
266421
266494
266622
266703
266737
267014
267080
267107
267259
267533
267559
267682
267828
267955
268310
268368
268417
268457
268500
268531
268645
268679
268689
268706
268965
269087
269105
269124
269192
269437
269539
269572
269659
269712
269723
269828
269850
270053
270108
270163
270191
270204
270235
270520
270580
270598
270619
270790
270805
270807
270861
270865
270978
271037
271057
271118
271179
271349
271524
271893
271908
271938
271973
272048
272198
272396
272438
272569
272639
272699
272723
272788
272845
273054
273200
273204
273289
273392
273652
273849
274065
274274
274293
274375
274458
274712
274791
275044
275275
275289
275403
275617
275765
275854
275906
275947
276005
276201
276245
276303
276502
276734
276910
276970
277237
277367
277397
277417
277512
277822
277913
278116
278204
278294
278475
278492
278529
278614
278818
278865
278978
278991
279209
279282
279363
279525
279532
279639
279892
279955
279977
280060
280106
280392
280446
280478
280496
280566
280587
280750
280866
280956
281050
281316
281390
281404
281437
281488
281592
281688
281786
281795
282069
282233
282327
282362
282400
282476
282500
282530
282582
282605
282666
282840
282931
282986
283063
283459
283544
283553
283721
283830
283964
283976
284009
284129
284191
284207
284292
284402
284455
284469
284581
284710
284789
284930
284960
284981
285032
285125
285132
285144
285178
285497
285635
285797
285828
285888
285972
286322
286430
286493
286550
286570
286588
286673
286677
287086
287200
287306
287477
287590
287755
287878
288075
288085
288141
288279
288342
288383
288570
288594
288782
288810
288831
288856
288982
289187
289239
289250
289464
289606
289620
289744
289790
289877
289958
289974
290035
290127
290182
290195
290204
290209
290440
290586
290654
290867
290886
290932
290974
291016
291025
291043
291075
291092
291228
291258
291271
291391
291435
291513
291523
291549
291601
291868
291883
291913
291976
292034
292107
292159
292190
292203
292396
292451
292586
292642
292656
292842
292849
293137
293168
293189
293226
293379
293385
293469
293626
293633
293673
293678
293693
293748
293806
293884
293937
293957
293960
294160
294204
294291
294296
294473
294603
294778
294851
294888
295078
295097
295195
295209
295343
295539
295702
295759
295783
295840
296083
296140
296193
296260
296439
296464
296567
296635
296669
296841
296845
296921
296966
297008
297031
297057
297119
297128
297227
297346
297564
297580
297591
297629
297986
298060
298094
298256
298440
298469
298620
298689
299008
299030
299058
299079
299116
299147
299167
299268
299339
299433
299576
299597
299706
299950
300157
300747
300804
300838
300850
301203
301322
301481
301580
301666
301744
301774
301916
301985
302082
302094
302204
302249
302554
302632
302872
302985
303182
303235
303706
303754
303778
303814
303971
303992
304086
304096
304234
304358
304452
304505
304672
304685
304960
305007
305127
305160
305183
305206
305251
305408
305530
305681
306076
306157
306205
306214
306407
306470
306657
306674
306860
306934
306951
306961
306982
307016
307113
307321
307550
307715
307733
307742
307794
307870
308017
308036
308042
308243
308401
308434
308489
308590
308645
308767
308768
308788
308797
308809
309238
309357
309372
309386
309397
309409
309493
309567
309605
309646
309687
310118
310122
310342
310344
310360
310571
310618
310639
310673
310799
310960
310990
311133
311261
311546
311626
311820
312013
312134
312140
312189
312403
312409
312433
312576
312930
313199
313300
313322
313360
313381
313414
313514
313560
313603
313944
313958
313988
314016
314177
314189
314254
314269
314277
314394
314599
314688
314694
314845
314983
315103
315177
315258
315429
315535
315568
315688
315759
315845
316100
316173
316326
316337
316420
316499
316526
316530
316695
316870
316971
317014
317105
317139
317207
317277
317397
317465
317592
317620
317658
317935
318028
318305
318423
318479
318508
318533
318775
318819
318830
318856
318947
318961
319220
319235
319287
319314
319542
319661
319716
319724
319838
319856
319885
319913
319924
319954
320000
320098
320125
320136
320165
320196
320205
320267
320405
320742
320757
320790
320808
320952
321154
321162
321255
321448
321677
321778
321786
321924
321955
322138
322171
322203
322208
322237
322242
322330
322367
322411
322421
322433
322669
322700
322736
322900
323082
323170
323192
323386
323454
323838
323916
324001
324410
324549
324675
324751
325286
325293
325317
325372
325590
325849
325903
325985
326009
326119
326410
326854
326881
326939
326982
327065
327119
327141
327153
327275
327314
327430
327450
327482
327763
327782
327787
327944
327956
327981
328093
328143
328221
328262
328307
328367
328460
328535
328554
328642
328654
328748
328908
328916
329068
329169
329210
329360
329429
329479
329698
329711
329718
329748
329886
330000
330058
330094
330161
330210
330276
330309
330380
330429
330626
330669
330780
330947
330992
330997
331078
331139
331174
331184
331318
331355
331373
331382
331475
331484
331685
331845
331847
331912
332040
332053
332096
332251
332278
332283
332347
332353
332385
332444
332457
332512
332589
332710
332835
332905
332999
333004
333075
333105
333255
333390
333421
333446
333543
333574
333605
333681
333752
333837
333920
333987
334028
334439
334687
334717
334924
334977
334996
335171
335336
335364
335369
335412
335543
335570
335619
335656
335935
336029
336080
336169
336191
336236
336301
336426
336549
336672
336782
336809
337035
337269
337425
337465
337507
337570
337646
337686
337811
337911
337932
337963
337975
338073
338110
338136
338225
338298
338412
338457
338545
338654
338968
339048
339069
339080
339229
339246
339317
339388
339413
339475
339485
339618
339639
339752
339933
339953
339992
340077
340094
340115
340166
340364
340389
340462
340470
340560
340594
340661
340706
340952
341012
341106
341140
341281
341501
341544
341627
341881
341969
342227
342249
342271
342370
342571
342610
342686
342844
342933
343070
343106
343283
343342
343473
343723
343898
344119
344187
344230
344289
344315
344489
344516
344843
344984
345004
345019
345036
345150
345219
345226
345268
345324
345343
345402
345423
345435
345481
345594
345697
345737
345857
345898
345940
345956
346000
346032
346101
346109
346168
346258
346292
346483
346491
346500
346544
346548
346768
346847
346867
346888
347030
347041
347178
347221
347266
347427
347467
347500
347577
347594
347641
347652
347660
347695
347795
348045
348112
348309
348641
348762
348917
349081
349254
349295
349775
349810
349880
349943
350018
350205
350226
350358
350628
350748
351031
351070
351157
351212
351226
351243
351283
351359
351383
351472
351512
351547
351809
351945
351990
352061
352077
352266
352281
352344
352385
352467
352524
352590
352638
352702
352891
352918
353099
353131
353163
353292
353330
353386
353390
353443
353470
353501
353862
353878
353938
354094
354100
354180
354444
354467
354481
354526
354568
354656
354694
354912
354927
354941
354988
355314
355325
355700
355738
355872
356180
356227
356306
356325
356337
356401
356506
356597
356605
356702
356804
356861
356929
357039
357201
357239
357297
357450
357508
357869
357880
357950
358107
358181
358253
358368
358400
358424
358509
358594
358600
358624
358631
358698
358792
358894
358988
359010
359057
359191
359680
359860
359949
359984
360097
360214
360261
360288
360310
360485
360520
360784
360997
361081
361169
361232
361661
361777
361992
362009
362088
362509
362530
362576
362627
362777
362860
362976
362987
363049
363107
363173
363477
363555
363600
363626
363668
363704
363901
363905
363919
363980
364098
364201
364262
364282
364285
364299
364531
364697
364777
364785
364806
364842
364890
364964
365155
365165
365194
365238
365296
365303
365418
365603
365679
365833
366041
366083
366095
366171
366226
366478
366495
366584
366733
366883
366974
367127
367145
367169
367297
367415
367482
367543
367585
367631
367771
367786
367806
367812
367821
367966
368034
368078
368154
368315
368486
368490
368504
368544
368574
368952
369066
369108
369136
369756
369790
369903
369933
369944
369962
369994
370037
370105
370142
370263
370276
370307
370366
370391
370403
370834
370878
370886
370934
371091
371121
371259
371368
371476
371668
371843
371902
371991
372615
372716
372744
373017
373025
373039
373127
373420
373470
373506
373686
373753
373825
374078
374431
374482
374497
374653
374772
374818
375050
375123
375212
375241
375310
375335
375353
375505
375523
375890
375970
375987
376067
376147
376642
376832
376960
377029
377062
377352
377406
377410
377538
377606
377671
377710
377730
377733
377918
377942
378101
378161
378320
378504
378712
378821
379034
379099
379248
379276
379351
379421
379426
379515
379634
379642
379705
379708
379865
380077
380394
380404
380491
380619
380671
380995
381051
381277
381447
381528
381661
381672
381730
381909
381929
381931
381968
382062
382200
382368
382478
382506
382556
382627
382744
382811
382983
383022
383030
383048
383102
383137
383166
383193
383214
383228
383253
383264
383446
383549
383639
383724
383758
383993
384025
384110
384276
384342
384536
384571
384635
384651
384670
384753
384953
385056
385096
385138
385183
385262
385319
385484
385509
385556
385584
385672
385716
385794
385799
385851
385896
385919
386125
386217
386231
386293
386309
386356
386387
386455
386501
386523
386544
386803
386923
386944
387010
387279
387528
387634
387751
387764
387962
387980
388020
388030
388088
388181
388357
388533
388745
388793
388890
388942
389151
389209
389221
389247
389344
389359
389590
389595
389626
389763
389893
389944
389976
390005
390037
390117
390123
390196
390259
390276
390288
390331
390368
390424
390449
390660
390726
390731
390852
390903
390989
391000
391066
391140
391199
391240
391247
391349
391365
391482
391564
391697
391926
392020
392035
392087
392114
392123
392200
392403
392612
392633
392715
392796
392915
392968
393179
393216
393272
393297
393378
393409
393474
393488
393606
393689
393764
393888
393912
393979
393992
394017
394026
394079
394085
394349
394475
394724
394729
394796
394861
394946
395053
395127
395211
395218
395267
395399
395463
395524
395551
395871
395965
395988
396015
396081
396233
396481
396593
396602
396684
396762
396825
396970
397119
397163
397200
397205
397219
397221
397445
397459
397471
398015
398419
398533
398623
398677
398707
398845
398913
399007
399100
399206
399269
399472
399558
399721
399804
399853
399959
400051
400066
400370
400449
400718
400927
401107
401181
401385
401421
401489
401554
401580
401586
401616
402163
402227
402591
402691
402733
402831
402862
402880
402938
402966
403033
403050
403093
403152
403543
403579
403650
403682
403774
403819
403889
403975
404016
404058
404191
404289
404315
404413
404435
404590
404812
404919
404999
405008
405025
405057
405078
405190
405253
405364
405520
405536
405566
405594
405676
405755
405776
405807
405864
405936
405947
405965
406326
406557
406696
406850
407256
407290
407441
407457
407545
407592
407772
407781
407864
407874
408153
408190
408284
408391
408397
408549
408932
409004
409054
409101
409194
409207
409298
409355
409421
409624
410144
410354
410392
410443
410510
410693
410877
410968
411073
411203
411242
411293
411467
411569
412245
412348
412387
412453
412563
412570
412594
412746
412754
412780
412795
412855
413061
413131
413200
413426
413457
413462
413596
413984
414038
414213
414221
414310
414454
414463
414565
414644
414710
414804
414892
415083
415089
415146
415746
415809
416016
416194
416353
416442
416471
416506
416508
416598
416674
416768
416784
416834
417011
417277
417371
417409
417498
417512
417611
417632
417667
417685
417712
417858
418036
418090
418215
418249
418257
418309
418399
418420
418435
418491
418556
418606
418634
418681
418748
418821
418937
419045
419069
419103
419334
419349
419472
419490
419517
419568
419817
419845
419884
419898
419949
420103
420115
420282
420321
420364
420532
420597
420616
420680
420694
420813
420825
420835
421061
421099
421133
421140
421183
421247
421341
421523
421528
421562
421641
421656
421739
421839
422052
422108
422205
422358
422603
422974
423057
423076
423378
423566
423609
423651
423691
423730
423797
423810
423832
423988
424020
424060
424108
424269
424306
424345
424450
424456
424496
424554
424574
424592
424949
424975
425147
425229
425307
425598
425674
425751
425817
425837
426045
426048
426106
426308
426387
426422
426563
426657
426986
427079
427096
427236
427298
427308
427438
427572
427595
427619
427704
427757
427891
427895
427902
427992
428098
428110
428133
428176
428227
428276
428298
428355
428401
428437
428456
428553
428616
428670
428693
428722
428841
428849
429010
429043
429073
429104
429182
429215
429311
429319
429385
429407
429437
429483
429667
429722
430101
430242
430248
430586
430697
430722
430811
430836
430988
431113
431142
431306
431332
431395
431539
431582
431687
431692
431773
431800
431827
431945
431970
432044
432071
432102
432459
432483
432539
432728
432893
432937
433114
433389
433412
433450
433508
433567
433611
433637
433815
433830
434007
434050
434077
434186
434244
434443
434466
434590
434594
434685
434747
434777
434887
435047
435244
435288
435326
435398
435416
435449
435466
435484
435502
435530
435552
435600
435618
435722
435736
435795
435831
435835
435839
435890
435916
435920
436188
436239
436260
436269
436278
436422
436429
436532
436556
436590
436709
436757
436899
436942
437060
437096
437123
437139
437511
437577
437642
437769
438052
438130
438175
438276
438307
438350
438388
438433
438489
438599
438603
438700
438841
438849
438899
438978
438998
439089
439160
439418
439426
439467
439513
439569
439602
439701
439734
439787
439871
439900
440192
440298
440335
440358
440471
440480
440495
440516
440519
440592
440681
440712
440720
440722
441070
441243
441513
441669
441733
441802
442228
442261
442269
442278
442346
442395
442654
442717
442732
442793
442823
442887
442910
442959
443058
443140
443150
443174
443188
443287
443371
443486
443657
443675
443677
443728
443745
443817
443989
444029
444095
444144
444151
444198
444240
444263
444419
444483
444511
444618
444631
444924
445001
445052
445081
445132
445147
445233
445298
445574
445631
445762
445781
445823
445853
445955
445977
446006
446141
446190
446298
446455
446607
446653
446680
446766
447042
447168
447197
447309
447328
447485
447601
447620
447637
447745
447761
447862
447989
448053
448078
448110
448275
448370
448390
448540
448776
448879
448915
448978
449211
449405
449517
449630
449654
449682
449727
449927
449948
450064
450116
450134
450241
450287
450350
450510
450513
450531
450665
450857
451151
451186
451335
451363
451414
451539
451545
451568
451685
451698
451791
451945
452026
452036
452250
452269
452309
452334
452396
452432
452694
452812
452817
452820
452905
453030
453128
453134
453211
453549
453639
453665
453793
453985
454239
454350
454408
454419
454555
454566
454611
454694
454728
454872
455090
455109
455154
455309
455436
455440
455623
455697
455723
455754
455790
455815
455819
455850
456010
456098
456116
456146
456479
456750
456831
456857
456915
456955
457127
457154
457392
457397
457441
457624
457629
457666
457769
457851
457916
457929
458047
458108
458119
458136
458348
458419
458529
458549
458554
458613
458703
458929
458944
459111
459118
459204
459365
459432
459522
459689
459903
460099
460181
460360
460404
460427
460480
460558
460607
460618
460682
460697
460735
460772
460801
460915
460919
461040
461085
461297
461368
461432
461439
461472
461636
461812
461901
461931
461944
461968
462087
462124
462199
462296
462364
462397
462512
462541
462635
462782
462862
462985
462990
463043
463166
463189
463201
463221
463533
463577
463611
463643
463711
463730
463750
463783
463800
463939
464059
464072
464467
464519
464663
464707
464723
464749
464937
464959
465082
465159
465169
465253
465339
465462
465483
465519
465531
465585
465633
465669
465962
466253
466685
466708
466799
466835
467078
467131
467298
467340
467350
467369
467546
467556
467573
467696
467731
468084
468092
468134
468155
468207
468270
468281
468319
468353
468671
468686
469073
469346
469382
469490
469653
469825
470181
470338
470436
470551
470675
470902
470929
470958
471009
471046
471062
471333
471531
471843
471855
471908
471927
472044
472083
472196
472352
472670
472786
472803
472838
472902
472972
473014
473305
473319
473381
473451
473611
473637
473849
473950
474083
474152
474302
474423
474516
474670
474704
474785
474815
474947
474983
475054
475136
475172
475195
475292
475298
475401
475464
475499
475600
475785
476196
476324
476426
476539
476554
476628
476705
476811
476830
476842
476905
476932
477119
477139
477177
477251
477293
477373
477493
477516
477576
477603
477648
477753
478155
478175
478230
478315
478471
478813
479217
479256
479273
479328
479451
479473
479489
479552
479558
479892
479906
479955
479963
479971
480042
480067
480166
480213
480246
480308
480357
480367
480396
480403
480420
480441
480467
480723
480755
480812
480877
480888
480934
480942
480962
480984
481094
481102
481276
481348
481373
481741
481941
482084
482095
482251
482266
482542
482612
482639
482913
483189
483315
483376
483434
483557
483590
483648
483711
483765
483793
484060
484086
484120
484138
484532
484686
484789
484822
484879
484910
484930
485022
485398
485564
485922
485956
485974
486000
486131
486232
486246
486500
486510
486642
486747
486796
486799
486882
486930
487316
487390
487409
487414
487637
487657
487861
487878
487997
488009
488080
488299
488313
488478
488522
488552
488581
488711
488735
488778
488799
488813
489120
489151
489167
489230
489311
489386
489476
489527
489559
489668
489768
489841
489930
489991
490029
490036
490191
490270
490395
490406
490410
490544
490563
490723
490780
490798
490818
490939
491449
491569
491626
491928
491998
492032
492095
492127
492180
492214
492244
492338
492454
492544
492676
492788
492853
492902
492922
493056
493112
493231
493249
493298
493359
493376
493523
493581
493716
493729
493744
493751
493809
493967
494099
494212
494264
494344
494353
494463
494673
495032
495225
495279
495499
495585
495622
495651
495665
495691
495723
495767
495927
496011
496115
496130
496135
496165
496199
496210
496345
496367
496462
496470
496537
496588
496760
496837
496857
496873
496993
497100
497122
497157
497291
497304
497442
497456
497496
497535
497860
497911
497927
497985
497997
498121
498124
498165
498216
498220
498233
498382
498443
498640
498699
498729
498822
498887
498936
498958
499028
499070
499114
499175
499404
499423
499430
499443
499475
499555
499604
499611
499635
499717
499889
499931
500005
500029
500238
500373
500410
500426
500433
500622
500671
500821
500835
500899
500913
501017
501133
501147
501227
501240
501302
501327
501423
501682
502011
502060
502066
502080
502184
502261
502306
502312
502331
502404
502439
502481
502498
502591
502853
502916
502960
503024
503056
503089
503424
503473
503525
503582
503586
503687
503718
503932
504025
504103
504293
504353
504460
504504
504535
504687
504742
504799
504870
505023
505061
505155
505223
505533
505617
505653
505927
505969
506528
506879
507028
507213
507284
507355
507426
507467
507560
507602
507680
507780
507803
507807
507819
507851
507938
508087
508265
508302
508320
508353
508369
508381
508497
508529
508534
508565
508609
508664
508672
508726
508737
508937
509013
509053
509136
509191
509238
509254
509361
509407
509457
509471
509505
509568
509659
509665
510054
510194
510199
510390
510450
510500
510518
511041
511083
511126
511285
511340
511516
511539
511573
511578
511823
511854
511996
512164
512288
512343
512363
512414
512501
512526
512567
512616
512618
512726
512799
512885
512918
512954
512966
512988
513018
513090
513101
513143
513168
513201
513226
513259
513365
513382
513414
513610
513788
513804
513822
513996
514059
514070
514140
514237
514261
514480
514635
514670
514923
515002
515147
515473
515554
515579
515611
515823
515957
515989
516014
516130
516166
516265
516298
516424
516521
516537
516645
516672
516971
516986
517039
517122
517332
517543
517586
517658
517665
517757
517771
517876
517910
517926
517943
518002
518013
518041
518087
518332
518347
518607
518697
518704
518999
519025
519144
519179
519210
519223
519248
519274
519419
519434
519481
519508
519600
519716
519846
519901
520066
520093
520124
520235
520301
520371
520424
520461
520801
520840
520881
521014
521077
521085
521212
521311
521593
521992
522125
522145
522536
522574
522661
522791
522861
522990
523155
523340
523363
523390
523461
523497
523567
523629
523652
523678
523841
523874
523974
524031
524047
524056
524247
524277
524331
524594
524657
524755
524778
524878
524887
525064
525233
525331
525461
525667
525735
525738
525755
525886
526117
526238
526271
526407
526436
526461
526557
526588
526633
526710
526717
526898
526949
527031
527420
527453
527524
527579
527735
527918
527939
528179
528227
528252
528256
528291
528390
528415
528479
528490
528509
528635
528820
528855
528889
528933
528987
528995
529032
529189
529325
529363
529455
529551
529562
529596
529613
529969
529988
530007
530170
530577
530598
530616
530692
530764
530905
530938
531047
531076
531100
531174
531179
531249
531274
531276
531864
531875
532288
532323
532331
532408
532551
532735
532864
533004
533021
533130
533192
533234
533254
533294
533311
533364
533671
533767
533874
533955
533980
533993
534190
534255
534313
534459
534475
534486
534574
534586
534650
534701
534857
534891
535104
535253
535318
535355
535625
535665
535737
535793
535915
535926
535972
535995
536049
536059
536156
536190
536243
536470
536506
536677
536802
536965
537356
537435
537617
537706
537758
537802
537949
538151
538207
538519
538566
538624
538710
538819
539026
539262
539278
539303
539503
539583
539663
539668
539727
539768
539826
539849
539896
539957
540074
540131
540232
540528
540708
540734
540792
540866
541016
541221
541354
541396
541792
541966
541988
542048
542132
542154
542157
542164
542231
542236
542275
542400
542705
542708
542851
542862
542864
542963
543099
543102
543295
543318
543374
543403
543443
543499
543513
543729
543761
543790
543814
543834
543845
544083
544093
544162
544338
544560
544599
544725
544754
544938
544976
545113
545165
545181
545330
545371
545499
545509
545647
545724
545772
545853
546008
546023
546054
546176
546235
546283
546450
546499
546720
546744
546766
547035
547094
547124
547280
547305
547335
547489
547587
547648
547796
547831
547908
548028
548059
548426
548435
548879
548890
549021
549053
549088
549184
549233
549388
549418
549565
549640
549656
549988
550117
550227
550256
550359
550381
550469
550578
550632
551272
551514
551539
551542
551593
551607
551681
551698
551709
551745
551860
551887
551989
552020
552280
552300
552405
552831
552891
552980
553006
553079
553148
553207
553328
553383
553498
553506
553509
553628
553764
553892
554049
554103
554135
554452
554676
554772
554832
554869
555057
555172
555299
555524
555658
555673
555720
555983
556098
556158
556174
556210
556388
556413
556508
556611
556670
556765
556766
556788
556829
557009
557065
557412
557453
557462
557480
557527
557536
557620
557826
557848
557863
557865
557975
558073
558088
558362
558493
558622
558654
558711
558767
558885
559114
559165
559226
559314
559357
559380
559399
559406
559696
559949
560184
560245
560315
560368
560400
560417
560458
560598
560641
560712
560768
560797
560887
561030
561046
561055
561201
561222
561236
561251
561263
561637
561687
561823
561908
562045
562167
562447
562489
562633
562692
562714
562758
562814
562941
562985
563408
563452
563480
563563
563670
563709
563947
563985
564092
564172
564175
564215
564218
564231
564377
564519
564549
564578
564583
564763
564888
564982
565098
565120
565173
565463
565519
565528
565788
565813
565843
565918
566105
566359
566438
566449
566601
566816
566930
567010
567025
567068
567307
567478
567546
567577
567621
567702
567795
567857
567901
568059
568150
568168
568212
568228
568238
568389
568418
568493
568517
568540
568557
568637
568773
568864
569042
569145
569155
569186
569317
569325
569368
569379
569396
569447
569515
569528
569575
569650
569688
569876
569895
570179
570242
570260
570271
570578
570629
570693
570727
570779
570811
570839
570933
570938
571020
571126
571137
571265
571286
571328
571359
571382
571398
571656
571672
572069
572163
572287
572378
572484
572605
572610
572788
572837
572903
572991
573185
573209
573266
573299
573343
573409
573506
573520
573537
573545
573711
573717
573854
574204
574286
574484
574577
574781
574818
574919
574969
574976
575076
575251
575296
575334
575468
575539
575551
575636
575697
575793
575899
575929
575946
575998
576052
576228
576307
576440
576459
576561
576572
576648
576767
576787
576801
576852
576981
576993
577034
577050
577180
577351
577430
577589
577843
577974
578093
578192
578235
578253
578400
578437
578468
578762
578888
578909
578968
578994
579016
579032
579078
579099
579119
579152
579160
579188
579244
579395
579500
579512
579543
579619
579641
579815
579905
579988
580107
580225
580294
580531
580599
580707
580714
580788
580863
580918
580957
580991
581434
581537
581543
581596
581639
581713
581877
581903
581947
582050
582254
582354
582473
582508
582582
582668
582688
582766
582816
582825
582879
582979
583037
583064
583236
583251
583279
583476
583521
583565
583622
583675
583719
583758
583841
583852
583863
583890
584067
584074
584082
584125
584317
584672
584774
585228
585338
585342
585400
585508
585614
585937
586047
586068
586266
586356
586586
586875
587016
587079
587090
587212
587381
587439
587515
587566
587620
587639
587895
587955
588093
588105
588249
588261
588372
588563
588578
588606
588799
588895
588979
589104
589148
589151
589232
589244
589289
589304
589366
589381
589421
589471
589486
589519
589605
589708
590000
590175
590399
590519
590595
590646
590702
590887
590926
591027
591196
591277
591286
591599
591701
591818
591858
591890
592412
592512
592723
592734
592781
592975
593017
593060
593068
593079
593176
593407
593568
593770
593894
594068
594111
594254
594323
594494
594855
594880
595138
595145
595186
595215
595448
595732
595756
595865
596164
596201
596372
596466
596523
596529
596540
596655
596717
596877
596943
596973
597092
597119
597146
597177
597570
597769
597795
597837
597903
597999
598094
598634
598910
598922
599000
599158
599217
599223
599467
599689
599747
599757
599876
599891
599913
599992
600080
600160
600180
600360
600398
600672
600784
600831
600863
600905
600921
600926
601039
601081
601108
601133
601157
601181
601195
601219
601355
601368
601421
601500
601512
601626
601634
601678
601753
601880
601899
601938
601989
601998
602056
602360
602384
602741
602755
602771
602803
602991
603094
603123
603314
603363
603418
603466
603566
603611
603625
603671
603766
603802
603901
603916
604020
604037
604088
604099
604249
604510
604520
604652
604673
604718
604779
604794
605090
605106
605115
605307
605338
605355
605370
605414
605421
605525
606069
606169
606185
606275
606325
606439
606551
606583
606729
606853
607018
607066
607149
607155
607168
607228
607239
607279
607312
607356
607534
607569
607674
607683
607738
607752
607892
607924
607980
608043
608187
608202
608238
608301
608325
608452
608495
608566
608682
608718
608735
608772
609198
609224
609239
609298
609481
609628
609665
609807
609929
609981
610109
610275
610329
610475
610562
610597
610668
610757
610864
610909
610988
611139
611152
611161
611211
611296
611317
611365
611561
611727
611816
611821
611846
611897
611913
611964
612141
612174
612201
612245
612302
612321
612435
612497
612622
612623
612663
612801
612806
612828
613250
613252
613322
613629
613662
613676
613926
614009
614092
614208
614217
614231
614448
614531
614654
614792
615109
615345
615393
615529
615834
615856
616005
616096
616176
616311
616353
616403
616441
616458
616591
616682
616788
616811
616817
616927
616935
616950
616995
617036
617057
617127
617185
617215
617363
617447
617488
617601
617778
617890
617968
618013
618134
618353
618389
618411
618455
618488
618502
618527
618768
619304
619313
619428
619447
619646
619786
619801
619808
619859
619868
619889
619926
619974
619980
620069
620314
620318
620464
620475
620593
620984
621004
621022
621030
621093
621137
621400
621464
621537
621620
621638
621660
621759
621878
622231
622281
622326
622339
622469
622716
622821
622866
622918
623394
623518
623539
623566
623584
623678
623715
623769
623903
624002
624051
624196
624209
624233
624307
624320
624350
624363
624397
624402
624505
624569
624716
624805
624833
624868
624918
625138
625424
625598
625612
625905
626004
626009
626300
626350
626569
626651
626860
627039
627322
627499
627547
627560
627625
627713
627994
628754
628820
628836
629004
629116
629202
629221
629243
629343
629393
629580
629949
629975
630534
630588
630606
630856
630857
630918
631030
631189
631246
631492
631617
631640
631671
631691
631698
631870
631909
631985
632021
632087
632227
632252
632325
632335
632405
632432
632602
632797
632909
632921
632993
633036
633131
633270
633375
633428
633556
633841
633872
633987
634041
634104
634369
634440
634499
634611
634643
634722
634766
634883
634932
635110
635184
635303
635469
635502
635600
635775
636043
636106
636231
636428
636631
636695
636707
636845
636873
636970
636992
637187
637391
637696
637765
637809
638011
638027
638088
638217
638271
638279
638334
638388
638412
638527
638609
638710
638752
638905
638945
638960
638991
639177
639306
639341
639386
639410
639564
639649
639678
639689
639771
639844
639864
639873
639912
640025
640488
640503
640533
640565
640618
640649
640792
640819
640913
640966
640973
641168
641337
641348
641480
641582
641626
641642
641649
641658
641689
641743
641789
641831
641857
641999
642031
642069
642082
642125
642138
642186
642249
642256
642274
642322
642392
642517
642577
642610
642791
642809
642950
643071
643133
643252
643325
643448
643542
643554
643605
643825
643833
643837
643880
643935
643950
644003
644025
644038
644172
644268
644363
644380
644402
644413
644420
644618
644676
644802
644841
644878
644897
644980
645168
645182
645187
645450
645489
645490
645611
645624
645626
645639
645721
645725
645828
645844
645960
646035
646180
646228
646467
646492
646697
646945
647050
647080
647299
647320
647471
647482
647543
647729
647749
647758
648143
648351
648382
648411
648647
649052
649100
649160
649376
649465
649510
649576
649609
650022
650264
650421
650458
650488
650884
651211
651353
651444
651460
651588
651640
651799
651855
651903
652139
652146
652479
652599
652613
652836
652957
653025
653127
653312
653483
653530
653552
653583
653717
653724
653808
653826
653867
653944
653951
654117
654206
654387
654500
654618
654949
655067
655071
655411
655520
655553
655616
655700
655729
655783
655892
655947
655989
656261
656279
656303
656704
656714
656807
656896
656920
657045
657055
657201
657467
657569
657584
657607
657613
657692
657851
657922
657928
657998
658045
658157
658234
658261
658333
658374
658599
658779
658932
659189
659212
659245
659375
659477
659504
659542
659549
659614
659796
659881
659921
660020
660100
660255
660312
660387
660540
660778
660855
661025
661051
661117
661168
661341
661352
661475
661493
661836
661852
661870
661906
661932
662069
662079
662090
662187
662641
662682
662799
662958
662965
663075
663173
663202
663367
663494
663515
663654
663663
663906
663967
664070
664318
664343
664353
664377
664481
664510
664659
664714
664719
664734
665005
665023
665088
665131
665156
665236
665397
665507
665595
665605
665781
665809
666188
666340
666410
666445
666494
666601
666675
666706
666824
667016
667026
667080
667202
667282
667304
667308
667356
667362
667476
667489
667545
667633
667685
667695
667784
667844
667942
668279
668386
668409
668434
668570
668573
668576
668697
668816
668875
668941
668951
669001
669057
669122
669341
669413
669480
669565
669619
669842
669877
669934
669937
669952
670000
670160
670218
670238
670305
670358
670403
670414
670426
670490
670517
670550
670581
670631
670804
670909
670989
671057
671100
671158
671179
671216
671270
671289
671560
671681
671815
671853
671877
671979
672022
672059
672136
672431
672550
672551
672629
672765
672808
672863
673036
673153
673477
673577
673672
673697
673735
673771
673858
673937
673946
674128
674175
674177
674234
674283
674310
674439
674543
674693
674759
674806
674904
674930
674948
674979
674997
675034
675136
675149
675237
675253
675286
675314
675470
675685
675695
675839
675993
676046
676083
676200
676235
676296
676416
676469
676571
676582
676612
676665
676768
676809
676865
676978
677196
677233
677475
677582
677615
677653
677740
677804
677822
677836
677895
677950
678051
678137
678184
678197
678533
678568
678601
678672
678726
678817
678915
678926
678949
679178
679307
679602
679627
679701
679747
679803
679894
679941
680023
680061
680118
680288
680356
680469
680517
680576
680685
680708
680761
680857
680917
680939
680984
681000
681019
681158
681231
681315
681541
681581
681827
681835
681898
681980
682141
682175
682184
682403
682544
682612
682649
682771
682813
682824
682851
683018
683049
683100
683246
683282
683293
683300
683407
683412
683499
683548
683586
683897
683899
684156
684200
684256
684311
684449
684756
684773
684853
684931
684955
685097
685138
685283
685448
685457
685489
685579
685718
685721
685796
685864
686017
686172
686267
686340
686508
686525
686558
686696
686772
686776
687209
687308
687403
687602
687607
687792
687808
687819
687912
688204
688392
688433
688452
688590
688692
688700
688763
688982
689225
689263
689362
689394
689412
689441
689460
689481
689563
689577
689628
689804
689835
689997
690006
690062
690108
690141
690326
690750
690836
690853
690891
690909
691090
691246
691304
691470
691496
691585
691602
691642
691856
691975
691981
691991
692028
692236
692346
692451
692472
692477
692525
692535
692545
692592
692637
692716
692745
692760
692814
693166
693200
693275
693287
693356
693508
693568
693646
693667
693830
693842
693852
693949
694117
694146
694150
694164
694222
694262
694294
694536
694684
694788
694837
694899
694987
695347
695412
695525
695531
695556
695669
695889
695962
696109
696244
696301
696426
696444
696464
696602
696688
696702
696795
696941
696966
697145
697230
697249
697267
697521
697772
697809
697857
697866
697878
698189
698218
698401
698484
698598
698689
698834
698980
699006
699101
699132
699157
699169
699195
699229
699284
699327
699347
699641
699722
699730
699882
699967
700025
700039
700229
700273
700291
700405
700432
700452
700614
700649
700811
700891
700928
700960
701077
701149
701187
701227
701330
701386
701404
701432
701479
701511
701987
702089
702099
702185
702196
702212
702218
702250
702332
702342
702406
702422
702425
702622
702650
702662
702999
703172
703199
703277
703329
703591
703640
703725
703786
703980
704002
704134
704232
704272
704301
704364
704380
704407
704690
704736
704780
704845
705042
705069
705084
705226
705237
705337
705437
705481
705483
705497
705512
705716
705743
705751
705977
706057
706091
706099
706141
706217
706233
706255
706256
706389
706503
706641
706774
706924
707097
707130
707135
707160
707197
707352
707706
707945
707969
708103
708367
708403
708451
708786
708798
708939
709446
709945
710001
710020
710051
710236
710341
710613
710626
710874
711001
711065
711207
711461
711705
711723
711894
711912
711949
711992
712056
712115
712116
712150
712232
712238
712248
712325
712404
712446
712534
712678
712709
712785
712952
713095
713202
713267
713278
713353
713446
713494
713523
713528
713588
713648
713695
713790
713891
714046
714084
714355
714389
714426
714436
714571
714611
714870
714930
715022
715137
715142
715193
715213
715222
715279
715282
715366
715428
715444
715494
715637
715767
715787
715846
715879
715985
716005
716048
716142
716167
716698
716707
716964
717021
717050
717216
717331
717359
717382
717405
717452
717595
717660
717670
717715
717799
717807
717931
718227
718285
718324
718380
718392
718406
718439
718456
718543
718566
718589
718697
718813
718923
718973
718987
719194
719358
719377
719424
719453
719458
719544
719765
719833
719876
719954
720029
720094
720205
720226
720443
720474
720561
720601
720631
720774
720868
720966
721164
721434
721474
721502
721675
722261
722298
722306
722344
722401
722442
722519
722555
722653
722754
722989
723090
723201
723259
723338
723366
723383
723474
723533
723555
723672
723740
723811
723921
723932
724044
724158
724255
724266
724285
724289
724394
724463
724746
724786
725012
725088
725173
725195
725238
725413
725421
725529
725538
725574
725588
725596
725738
725771
725840
725945
725956
725969
726142
726152
726180
726187
726243
726340
726406
726416
726481
726671
726721
726945
727022
727058
727079
727088
727099
727146
727150
727368
727493
727551
727727
727921
727938
728260
728273
728330
728396
728559
728761
728794
728824
728927
728994
729065
729070
729215
729255
729531
729847
729897
729950
729991
730151
730179
730434
730574
730587
730668
730672
730791
730912
730968
730978
730999
731260
731383
731418
731536
731610
731780
731855
731874
731929
731977
732353
732564
732608
732617
732638
732736
732791
732792
732907
733041
733079
733113
733126
733162
733254
733306
733318
733340
733440
733512
733539
733610
733639
733774
733942
734401
734442
734556
734564
734683
735140
735190
735200
735230
735356
735469
735527
735588
735643
735709
735715
735752
735777
735902
736141
736182
736250
736407
736452
736573
736581
736719
736744
736935
737104
737165
737212
737329
737372
737406
737440
737506
737558
737621
737660
737776
737795
737910
737924
738144
738168
738244
738554
738699
738800
738835
738840
738854
738880
738911
739112
739139
739229
739237
739278
739361
739488
739566
739588
739677
739807
739917
740001
740042
740063
740080
740121
740174
740230
740272
740306
740386
740409
740596
740942
741034
741107
741192
741193
741246
741368
741378
741572
741594
741629
741848
742202
742224
742400
742417
742514
742546
742653
742695
742844
742890
742969
743062
743129
743161
743295
743321
743335
743724
743794
743807
743847
743893
744205
744224
744591
744652
744724
744758
744832
744858
744927
745007
745034
745103
745368
745380
745525
745572
745609
745820
745900
745946
745959
746007
746086
746147
746183
746190
746193
746259
746294
746368
746552
746657
746695
746717
746778
746839
746935
747005
747056
747374
747600
747772
747804
747843
747965
748095
748170
748228
748238
748247
748278
748370
748412
748421
748438
748473
748485
748539
748584
749037
749128
749192
749318
749324
749359
749385
749420
749525
749541
749545
749553
749711
749715
749754
749863
749906
750059
750093
750155
750287
750309
750637
750685
750720
750824
751157
751290
751320
751547
751675
751882
751886
751996
752033
752052
752159
752189
752327
752335
752361
752525
752551
752630
752937
752962
752992
753094
753185
753211
753219
753354
753397
753405
753430
753443
753520
753826
753900
754014
754027
754061
754089
754184
754260
754481
754601
754790
754836
755033
755039
755060
755080
755364
755460
755470
755554
755622
755754
755920
755958
756070
756224
756322
756477
756562
756807
756829
756844
757026
757077
757409
757414
757505
757554
757723
757754
757779
757813
758005
758084
758308
758449
758512
758530
758625
758695
758706
758731
758752
758811
758857
759145
759181
759189
759206
759244
759792
759872
759883
759958
760077
760184
760222
760232
760383
760416
760451
760561
760572
760604
760640
760828
761158
761160
761502
761535
761718
761936
762030
762034
762179
762189
762332
762397
762442
762462
762742
762747
762870
762985
763002
763233
763341
763500
763529
763538
763673
763710
763743
763765
763828
763983
764080
764238
764371
764499
764600
764621
764711
764833
764856
764897
764919
764962
765127
765154
765207
765399
765458
765609
765970
765991
766100
766143
766171
766199
766266
766461
766885
766947
766991
767011
767060
767214
767220
767290
767301
767328
767436
767440
767497
767570
767619
767648
767691
767713
767763
768272
768376
768403
768487
768800
768884
768980
768996
769091
769132
769187
769400
769546
769591
769595
769643
769694
769716
769793
769971
770010
770046
770522
770548
770571
770596
770599
770835
770860
771105
771175
771629
771644
771771
771800
771836
771887
772024
772102
772157
772195
772261
772274
772358
772429
772442
772538
772605
772659
772751
772754
772950
773048
773092
773162
773236
773281
773331
773361
773403
773556
773713
773829
773908
773915
773939
774256
774325
774412
774449
774496
774598
774653
774720
774817
774890
774970
774984
775028
775158
775222
775278
775314
775322
775354
775437
775458
775533
775542
775640
775900
775907
775960
776037
776209
776266
776290
776422
776464
776489
776530
776550
776562
776712
776716
776812
776832
776965
777016
777047
777056
777222
777235
777260
777270
777286
777347
777402
777549
777650
777746
777797
777932
777934
778225
778289
778423
778567
778704
778796
778829
778947
779173
779203
779410
779531
779871
779879
779943
780040
780106
780312
780318
780424
780671
780788
780795
780909
781051
781155
781187
781248
781331
781378
781400
781625
781638
781753
781769
782013
782151
782163
782294
782352
782381
782392
782417
782590
782622
782697
782699
782763
782911
782942
783143
783282
783311
783331
783366
783406
783412
783421
783440
783495
783562
783631
783672
783700
783709
783726
783752
783757
783762
783777
784034
784095
784141
784296
784322
784347
784414
784693
784927
784994
785112
785241
785266
785320
785457
785548
785579
785804
786040
786090
786194
786197
786329
786369
786391
786396
786757
786771
786794
786858
786894
787028
787044
787065
787076
787102
787114
787115
787151
787157
787240
787355
787443
787504
787532
787599
787666
787859
787866
787987
788020
788040
788116
788160
788246
788399
788607
788626
788690
788897
789037
789070
789168
789195
789322
789374
789502
789527
789542
789557
789569
789651
789665
789786
789935
789975
790002
790067
790128
790147
790253
790258
790261
790378
790422
790550
790683
790718
790744
790755
790785
790836
790901
790912
790922
790936
790973
791038
791066
791118
791217
791234
791429
791444
791521
791689
791795
791810
791879
791887
791934
792081
792134
792242
792253
792329
792511
792727
792757
792853
792950
793008
793085
793099
793286
793314
793443
793507
793674
793732
793751
793774
793955
794043
794077
794095
794148
794276
794297
794351
794401
794475
794518
794536
794555
794639
794876
794885
794891
794986
795165
795179
795212
795351
795391
795421
795569
795605
795751
795766
795878
796023
796177
796443
796573
796624
796810
796822
796850
796866
797034
797131
797362
797498
797520
797546
797571
797634
797682
797773
797897
797991
798192
798302
798538
798695
798720
798747
798930
798950
798976
798983
798988
799035
799115
799396
799578
799681
799694
799730
799762
799767
799922
800015
800209
800284
800344
800496
800890
800912
801006
801032
801055
801188
801192
801538
801610
801642
801827
801977
802125
802135
802148
802241
802564
802629
802672
802703
802715
802738
803374
803389
803421
803582
803613
803691
803790
804640
804796
804818
804873
805026
805050
805108
805124
805226
805238
805331
805367
805432
805489
805557
805663
805797
805842
805985
806042
806054
806177
806229
806355
806364
806536
806814
806842
806882
806895
806992
807063
807195
807270
807297
807317
807364
807409
807491
807922
808077
808115
808160
808223
808504
808648
808686
808736
808832
808977
808990
809168
809185
809219
809249
809263
809297
809343
809425
809443
809621
809624
809639
809709
810022
810505
810549
810763
810799
810838
810882
810957
810961
811053
811162
811186
811232
811274
811515
811549
811576
811697
811726
811769
811805
812079
812462
812485
813107
813238
813259
813289
813367
813415
813447
813461
813497
813563
813575
813623
813733
813789
813823
813869
813919
814097
814213
814266
814428
814558
814598
814656
814668
814694
814808
814866
814946
814988
814998
815115
815222
815229
815285
815345
815381
815426
815524
815573
815584
815737
815746
815815
815854
815863
815970
816010
816082
816088
816245
816308
816358
816367
816432
816481
816511
816524
816536
816595
816605
816629
816716
816783
816821
816883
816902
816945
817159
817273
817369
817431
817476
817510
817534
817586
817610
817645
817719
817755
817869
817881
818450
818571
818671
818677
818709
818713
818843
818930
818996
819076
819096
819162
819265
819334
819394
819428
819685
819940
820040
820248
820444
820453
820633
820680
820719
820830
820997
821154
821175
821199
821459
821566
821591
821596
821610
821671
821676
821704
821710
821738
821843
821936
822079
822149
822243
822256
822322
822429
822434
822609
822642
822692
822830
822892
822967
823040
823166
823244
823302
823404
823597
823850
824149
824157
824253
824310
824405
824415
824652
824708
824714
825187
825230
825243
825348
825379
825547
825580
825594
825615
825662
825726
825806
825841
825878
825886
826009
826081
826093
826151
826175
826251
826459
826643
826698
826736
826866
826898
826942
827002
827099
827218
827324
827413
827476
827495
827667
827675
827694
827817
827858
827880
827946
827966
828130
828244
828447
828473
828505
828866
828890
828915
828953
828988
829463
829595
829693
829786
829851
829918
829987
830045
830209
830282
830356
830446
830644
830656
830774
830804
830841
830863
830869
830974
831033
831079
831318
831370
831379
831418
831518
831701
831791
832284
832571
832581
832700
832809
833026
833049
833058
833089
833193
833209
833313
833480
833527
833533
833557
833595
833627
833694
833809
834107
834178
834309
834391
834442
834449
834451
834547
834580
834763
834833
834909
834929
835058
835096
835151
835262
835408
835410
835557
835662
835734
835746
835841
835889
835979
835985
836023
836060
836201
836207
836210
836371
836517
836752
836832
836849
836868
836920
837030
837062
837276
837347
837667
837699
837755
837779
837919
838006
838070
838124
838130
838177
838189
838293
838369
838897
838906
838922
839005
839025
839066
839076
839568
839594
839613
839668
839734
839867
839934
839955
839995
840060
840242
840305
840475
840488
840697
840799
840871
840903
841012
841123
841196
841312
841329
841384
841710
841727
841901
842119
842170
842209
842308
842437
842502
842512
842672
842724
843078
843103
843108
843166
843303
843317
843375
843515
843626
843640
843776
844005
844096
844123
844199
844205
844343
844444
844522
844596
844608
844611
844629
844675
844699
844741
844789
844970
845184
845239
845304
845330
845565
845567
845640
845694
845732
845783
845795
845844
845930
845948
846057
846065
846089
846141
846263
846299
846307
846439
846550
846626
846662
846740
846893
846928
847052
847074
847381
847424
847460
847527
847541
847570
847584
847609
847642
847655
847759
847762
848019
848033
848057
848078
848148
848216
848366
848378
848395
848417
848599
848603
848696
848743
848777
848868
848917
849127
849247
849253
849320
849358
849695
849783
849964
850096
850118
850141
850262
850274
850307
850436
850446
850457
850497
850531
850550
850566
850572
850652
850700
850855
850950
851111
851334
851427
851460
851476
851486
851603
851804
852039
852132
852219
852287
852372
852397
852434
852486
852545
852577
852725
852748
852825
853026
853051
853081
853131
853167
853182
853206
853369
853389
853406
853427
853494
853635
853797
853808
853913
853951
853973
854047
854061
854154
854275
854290
854399
854556
854769
854815
854872
854908
854974
854977
855225
855257
855310
855393
855485
855503
855527
855538
855541
855622
855821
855856
855937
855949
856097
856180
856206
856256
856385
856710
856732
856805
856933
857013
857155
857194
857264
857301
857607
857712
857750
857890
858020
858332
858460
858483
858563
858956
858977
858983
859276
859285
859311
859363
859886
860182
860270
860285
860426
860613
860660
860862
861145
861245
861376
861415
861421
861424
861474
861571
861905
861964
862066
862167
862264
862428
862478
862507
862597
862669
862676
862984
863015
863023
863030
863133
863269
863534
863610
863670
863808
863902
863942
863957
863975
864012
864072
864106
864136
864154
864164
864222
864250
864278
864281
864382
864420
864502
864548
864555
864650
864674
864704
864728
864742
864775
865134
865140
865271
865295
865322
865382
865396
865434
865627
865630
865730
865890
865927
866018
866215
866245
866283
866377
866452
866586
866610
866741
866858
866883
866949
867002
867275
867327
867373
867421
867472
867478
867512
867540
867685
867845
867950
867962
868003
868022
868048
868067
868128
868248
868390
868437
868459
868507
868522
868657
868755
868872
868883
868899
868968
869205
869217
869493
869715
869734
869755
869834
869929
869974
870017
870037
870105
870283
870332
870355
870464
870537
870594
870710
870751
870907
871013
871029
871050
871074
871138
871182
871188
871298
871374
871398
871509
871577
871704
871821
871994
872011
872128
872173
872196
872217
872283
872318
872349
872509
872582
872648
872666
872736
872781
872868
872890
872968
873088
873096
873147
873156
873477
873500
873571
873581
873598
873627
873668
873693
873697
873708
873733
873768
873782
873799
873819
873865
873867
873993
874058
874090
874191
874370
874391
874442
874560
874579
874604
874717
874780
874921
874994
875167
875180
875191
875234
875248
875351
875354
875494
875537
875607
875713
875781
875839
875966
876047
876163
876353
876559
876669
876901
877054
877063
877077
877187
877397
877435
877486
877507
877511
877756
877760
877764
877812
877916
878309
878391
878447
878488
878631
878734
878782
878850
878953
878978
879004
879054
879136
879286
879303
879335
879497
879498
879531
879565
879714
879757
879762
879770
879790
879829
879971
880056
880137
880273
880296
880321
880563
880592
880637
880713
880821
880829
880968
881020
881032
881093
881260
881272
881400
881429
881455
881506
881635
881772
881845
881887
882104
882193
882406
882444
882536
882550
882793
882807
882848
882908
882934
883450
883539
883584
883675
883743
883828
883833
883865
883967
883987
884008
884050
884162
884399
884424
884428
884643
884661
884723
884789
884807
885032
885104
885161
885164
885398
885477
885539
885574
885699
885757
885765
885810
885981
886289
886450
886776
886988
887194
887240
887436
887670
887742
887800
887832
887888
887991
888045
888063
888183
888222
888512
888576
888607
888683
888686
888894
888949
888961
889007
889052
889076
889129
889230
889461
889531
889541
889800
889861
889914
890079
890359
890562
890643
890731
890744
890754
890772
891013
891077
891141
891541
891662
891668
891676
891772
891778
891780
891957
891980
892044
892100
892185
892276
892302
892381
892501
892521
892718
892768
893026
893179
893227
893264
893300
893354
893376
893437
893466
893483
893558
893618
893650
893653
894182
894255
894325
894392
894398
894491
894538
894742
894787
894856
894864
894908
894942
894983
895032
895482
895614
895675
895689
895737
895748
895938
896050
896075
896126
896152
896253
896386
896394
896477
896529
896584
896708
896725
896783
896820
896837
896852
897121
897133
897143
897240
897379
897396
897401
897622
897675
897699
897712
897726
897811
898005
898323
898400
898482
898528
898725
898853
898865
899039
899060
899092
899105
899121
899211
899299
899327
899348
899358
899361
899465
899495
899563
899636
899746
899762
899773
899823
899953
899995
900105
900117
900261
900284
900375
900387
900403
900417
900459
900522
900601
900640
900672
900679
900790
900889
900941
901007
901145
901247
901272
901314
901353
901375
901393
901429
901490
901533
901756
901844
901857
901890
901907
901959
901974
902021
902119
902145
902590
902678
902780
903106
903200
903259
903309
903366
903452
903478
903565
903584
903612
903742
903791
903807
903901
903916
903932
903971
904373
904527
904537
904582
904644
904694
904706
904818
904861
904926
904966
905268
905329
905363
905384
905427
905475
905482
905494
905572
905851
905901
905906
906177
906314
906350
906389
906392
906436
906506
906586
906673
906705
906939
907034
907040
907077
907165
907317
907374
907564
907791
907839
907942
908196
908379
908401
908408
908415
908511
908621
908780
908964
909075
909144
909279
909295
909424
909458
909559
909940
910196
910217
910311
910351
910461
910480
910494
910507
910690
910781
910814
910857
910949
910975
911195
911327
911360
911478
911524
911694
911776
911932
911965
912121
912159
912163
912194
912402
912620
912820
912890
913151
913167
913201
913297
913323
913333
913340
913373
913740
913802
913830
913903
913986
914075
914095
914133
914325
914514
914526
914594
914642
914758
914898
914913
915080
915235
915322
915371
915452
915475
915620
915667
915700
915792
915924
916003
916025
916168
916337
916590
916611
916649
916797
916803
916826
916968
917098
917105
917123
917134
917147
917167
917299
917307
917415
917485
917523
917603
917657
917914
918116
918258
918317
918448
918650
918684
918689
918739
918887
919017
919028
919086
919166
919481
919533
919550
919564
919703
919735
919786
919798
919867
919873
919949
920050
920264
920395
920422
920428
920488
920510
920529
920629
920666
920803
920877
921079
921191
921228
921586
921625
921662
921682
921810
922112
922161
922198
922270
922286
922536
922685
922737
922757
922803
922878
923224
923295
923321
923719
923933
923957
924196
924235
924259
924281
924312
924416
924443
924456
924475
924608
924700
924706
924743
924915
924975
924984
925094
925183
925196
925271
925379
925546
925579
925631
925635
925661
925877
926047
926077
926098
926212
926297
926305
926334
926417
926429
926554
926642
926705
926774
927069
927107
927186
927220
927255
927444
927570
927677
927906
927996
928038
928049
928184
928223
928234
928305
928353
928491
928517
928542
928578
928688
928758
928773
928937
928940
928954
929027
929116
929260
929289
929310
929469
929684
929743
929850
929884
929914
930051
930149
930154
930168
930271
930291
930331
930484
930730
930859
930949
930993
931005
931039
931389
931493
931581
931643
931741
931765
931797
931939
931962
932142
932474
932508
932516
932580
932638
932788
932800
932952
933025
933191
933257
933292
933603
933665
933875
933891
934042
934074
934167
934189
934326
934624
934722
934760
934862
934900
934937
934947
934963
935415
935543
935688
935698
936024
936095
936232
936367
936568
936579
936607
936661
936685
936790
936802
937043
937181
937240
937352
937431
937453
937874
937940
937961
938059
938110
938256
938271
938295
938479
938506
938562
938731
938769
938854
938865
938905
939045
939090
939148
939209
939251
939567
939602
939794
939851
939961
939976
940094
940201
940249
940360
940414
940563
940584
940628
940672
940784
940904
940915
940980
940997
941035
941197
941239
941455
941464
941580
941686
941693
941766
941954
942020
942042
942092
942162
942333
942362
942429
942460
942536
942562
942743
943217
943384
943398
943575
943580
943688
943759
943781
943798
943851
943893
944061
944306
944455
944487
944513
944570
944648
944694
944721
944744
944823
944933
944941
944964
945029
945070
945101
945166
945233
945239
945342
945378
945550
945640
945771
945848
946116
946247
946259
946279
946306
946394
946510
946525
946622
946718
946730
946778
947034
947168
947182
947311
947437
947503
947522
947557
947593
947937
948016
948167
948425
948489
948716
948765
948908
948988
949274
949517
949540
949609
949681
949798
949824
949955
949971
949973
949977
949982
949993
950008
950061
950123
950182
950205
950377
950554
950556
950583
950694
950741
950895
950920
951098
951180
951202
951227
951250
951367
951432
951510
951552
951605
951630
951635
951661
951667
951692
951836
951920
952020
952059
952079
952107
952194
952279
952310
952396
952476
952489
952630
952714
952770
952802
952856
952999
953023
953077
953105
953126
953501
953660
953773
953867
953881
953949
953952
953955
953961
954043
954097
954352
954611
954653
954658
954668
954768
954776
954826
954883
954983
955000
955076
955387
955454
955496
955530
955586
955613
955665
955928
956185
956212
956323
956362
956413
956469
956544
956682
956753
956883
956890
956931
957108
957199
957496
957547
957558
957662
957668
957908
957947
957985
958008
958206
958257
958427
958443
958491
958729
958834
958884
958930
958961
959011
959020
959291
959352
959357
959375
959416
959446
959619
959716
959724
959731
959877
960009
960046
960391
960457
960483
960653
960683
960752
960760
961035
961076
961181
961339
961374
961483
961577
961602
961669
961677
961798
961916
962155
962221
962237
962296
962343
962360
962414
962608
962630
962647
962685
962822
963010
963053
963071
963091
963170
963209
963283
963391
963445
963593
963617
963629
963637
963644
963763
963813
963865
963951
964077
964101
964196
964213
964273
964462
964673
964699
964707
964870
965021
965112
965263
965282
965396
965438
965467
965636
965639
965656
965758
965975
966083
966180
966214
966669
966751
966774
967185
967269
967313
967373
967390
967488
967693
967795
967835
967865
968083
968281
968321
968327
968483
968583
968693
968708
968814
968842
968882
968925
968937
969005
969061
969079
969089
969133
969144
969356
969433
969470
969607
969694
970114
970401
970439
970649
970731
970781
971114
971129
971153
971348
971487
971536
971571
971639
971698
971748
971790
971961
972107
972112
972242
972306
972511
972583
972632
972737
972912
972955
972973
973034
973196
973301
973439
973462
973556
973576
973945
973981
974019
974034
974279
974528
974563
974622
974693
974742
974772
974806
974829
974908
974972
975011
975191
975335
975348
975470
975546
975691
975832
975844
975856
975945
975975
976037
976085
976131
976533
976739
976803
976931
976979
976991
976999
977024
977062
977078
977277
977326
977380
977545
977601
977721
977827
977863
977874
977915
977975
978157
978435
978487
978586
978598
978722
978736
978769
978974
979211
979393
979436
979488
979539
979597
979745
979826
979996
980028
980235
980307
980347
980497
980627
980668
980858
980888
980898
980960
980964
980972
981265
981342
981559
981570
981681
982135
982157
982162
982270
982281
982292
982304
982466
982597
982605
982606
982632
982661
982918
983001
983006
983066
983168
983243
983285
983287
983300
983388
983651
983746
983859
983900
984100
984246
984444
984524
984590
984607
984698
984800
984889
984912
984966
985032
985113
985185
985199
985416
985473
985507
985521
985555
985583
985596
985824
985850
985904
985953
985954
986071
986240
986383
986395
986411
986462
986517
986523
986560
986591
986598
986658
986759
986800
986875
987032
987046
987060
987216
987256
987331
987352
987366
987375
987588
987610
987808
987917
988046
988050
988113
988281
988617
988715
988777
988946
988977
988996
989016
989066
989068
989276
989364
989406
989436
989571
989576
989633
989673
989743
989782
989827
989833
989852
989881
990502
990590
990849
990864
991290
991356
991373
991517
991845
991965
992009
992013
992091
992165
992183
992357
992396
992412
992556
992593
992610
992712
993005
993306
993588
993617
993792
993822
993882
993974
994392
994437
994446
994450
994508
994522
994567
994744
994773
994813
994991
995154
995281
995455
995507
995526
995598
995626
995722
995777
996023
996249
996256
996419
996451
996749
996862
996909
997174
997263
997374
997393
997461
997536
997668
997718
997838
997868
998069
998091
998127
998130
998282
998517
998530
998546
998552
998861
998866
998871
999008
999062
999124
999138
999228
999247
999255
999279
999331
999459
999479
999481
999508
999866
999879
1000007
1000141
1000207
1000294
1000585
1000606
1000630
1000670
1000715
1000921
1001160
1001240
1001290
1001375
1001558
1001573
1001608
1001655
1001689
1001725
1001800
1001899
1001931
1002010
1002036
1002047
1002170
1002187
1002389
1002455
1002464
1002516
1002562
1002623
1002740
1002796
1002805
1003019
1003051
1003154
1003198
1003257
1003503
1003693
1003701
1003726
1003812
1003876
1003958
1004062
1004066
1004409
1004461
1004506
1004520
1004556
1004573
1004582
1004611
1004674
1004689
1004715
1004855
1005078
1005225
1005373
1005425
1005429
1005476
1005674
1005797
1005942
1006118
1006306
1006581
1006650
1007001
1007008
1007033
1007054
1007108
1007115
1007128
1007143
1007356
1007753
1008059
1008170
1008186
1008262
1008271
1008363
1008810
1009174
1009201
1009212
1009344
1009354
1009455
1009476
1009513
1009563
1009639
1009648
1009744
1009898
1009958
1009990
1010113
1010390
1010450
1010462
1010499
1010579
1010604
1010656
1010676
1010804
1010839
1010854
1010891
1010988
1010995
1011092
1011100
1011158
1011220
1011426
1011443
1011513
1011611
1011663
1011715
1012072
1012171
1012205
1012809
1012860
1012914
1012982
1013018
1013082
1013185
1013273
1013402
1013619
1013690
1013715
1013735
1013833
1014029
1014088
1014179
1014194
1014351
1014455
1014534
1014664
1014760
1014800
1014859
1014865
1015145
1015156
1015188
1015291
1015314
1015492
1015641
1015708
1015860
1016019
1016030
1016059
1016154
1016358
1016367
1016399
1016433
1016595
1016715
1016729
1016734
1016885
1016905
1016910
1016911
1016917
1016940
1017027
1017055
1017078
1017084
1017204
1017370
1017389
1017403
1017554
1017630
1017651
1017700
1017807
1017862
1017905
1018483
1018517
1018752
1018820
1018954
1019097
1019106
1019207
1019252
1019285
1019288
1019414
1019491
1019568
1019660
1019694
1019698
1019733
1019775
1019790
1019847
1019887
1020047
1020522
1020587
1020608
1020645
1020668
1020673
1020911
1020957
1021034
1021134
1021215
1021227
1021414
1021627
1021943
1021970
1022061
1022238
1022341
1022611
1022708
1022919
1022972
1023042
1023067
1023260
1023349
1023369
1023598
1023824
1024133
1024285
1024297
1024414
1024450
1024533
1024841
1024971
1024990
1025099
1025216
1025233
1025716
1025738
1025941
1026091
1026191
1026305
1026355
1026365
1026485
1026677
1026764
1026776
1027003
1027031
1027471
1027479
1027705
1027840
1027918
1027934
1028029
1028204
1028241
1028335
1028397
1028427
1028586
1028659
1028770
1028880
1028925
1029099
1029522
1029732
1029825
1029914
1030219
1030239
1030514
1030641
1030685
1030791
1030892
1030950
1030964
1031327
1031359
1031382
1031437
1031483
1031543
1031620
1031659
1031671
1031682
1031696
1031720
1031819
1031834
1031968
1032080
1032280
1032381
1032461
1032557
1032712
1032739
1032753
1032762
1032786
1032877
1032907
1032930
1033246
1033273
1033280
1033289
1033296
1033354
1033485
1033507
1033544
1033637
1033682
1033766
1033988
1034085
1034247
1034409
1034534
1034564
1034608
1034657
1034811
1034849
1034911
1035117
1035145
1035255
1035283
1035318
1035321
1035353
1035470
1035530
1035619
1035700
1035738
1035922
1036028
1036093
1036374
1036394
1036402
1036494
1036749
1036755
1036845
1036864
1036911
1037071
1037223
1037436
1037565
1037578
1037647
1037670
1037706
1037815
1037858
1037935
1037978
1037999
1038078
1038185
1038229
1038342
1038355
1038433
1038456
1038503
1038520
1038632
1038654
1038736
1038799
1038851
1038884
1039222
1039421
1039738
1039753
1039812
1039900
1040028
1040183
1040336
1040356
1040726
1040795
1040855
1040874
1041031
1041097
1041125
1041279
1041291
1041547
1041796
1041967
1042117
1042191
1042241
1042253
1042348
1042410
1042437
1042446
1042644
1042752
1042796
1042843
1042864
1042936
1042988
1042997
1043005
1043080
1043124
1043163
1043386
1043435
1043565
1043571
1043625
1043636
1043676
1043718
1043751
1043778
1043929
1043951
1043964
1044131
1044154
1044240
1044282
1044288
1044365
1044451
1044468
1044566
1044584
1044601
1044665
1044751
1044920
1044942
1045082
1045318
1045404
1045451
1045486
1045708
1045992
1046037
1046198
1046212
1046467
1046542
1046619
1046875
1047003
1047296
1047353
1047377
1047515
1047560
1047637
1047662
1047691
1047715
1047920
1048174
1048275
1048369
1048425
1048452
1048509
1048513
1048535
1048571
1048931
1048960
1049044
1049048
1049128
1049157
1049191
1049326
1049472
1049503
1049585
1049716
1049729
1049782
1049792
1049914
1049924
1049934
1049974
1050058
1050074
1050083
1050167
1050184
1050205
1050246
1050276
1050619
1050668
1050850
1050993
1051029
1051070
1051095
1051129
1051231
1051400
1051471
1051482
1051596
1051607
1051707
1051727
1051754
1051790
1051845
1051918
1051931
1051937
1051956
1052019
1052217
1052294
1052341
1052363
1052471
1052627
1052672
1052845
1052853
1052898
1052955
1053024
1053163
1053248
1053366
1053556
1053678
1053701
1053850
1053984
1054363
1054420
1054656
1054685
1054720
1054755
1054844
1054864
1054868
1054884
1054892
1055019
1055023
1055160
1055180
1055247
1055253
1055301
1055302
1055341
1055393
1055494
1055615
1055648
1055652
1055657
1055660
1055703
1055934
1056187
1056287
1056364
1056386
1056600
1056908
1057099
1057116
1057156
1057196
1057213
1057695
1057722
1057769
1057790
1057845
1057913
1057950
1057967
1057981
1058024
1058089
1058184
1058399
1058542
1058555
1058573
1058650
1058763
1059097
1059154
1059428
1059840
1059876
1059879
1060010
1060311
1060330
1060545
1060658
1060764
1060823
1060832
1060995
1061021
1061143
1061236
1061661
1061714
1061720
1061916
1061932
1061951
1061959
1061979
1062108
1062246
1062412
1062645
1062685
1062818
1062825
1062837
1062898
1062962
1063026
1063058
1063078
1063089
1063299
1063325
1063570
1063572
1063656
1063681
1063797
1063813
1063874
1063907
1064085
1064171
1064194
1064229
1064264
1064324
1064423
1064466
1064558
1064602
1064681
1064773
1064853
1064906
1064914
1065178
1065234
1065278
1065349
1065367
1065401
1065434
1065608
1065686
1065860
1065868
1065873
1066040
1066062
1066124
1066270
1066337
1066362
1066414
1066499
1066524
1066600
1066669
1066807
1066947
1067047
1067068
1067200
1067236
1067276
1067564
1067636
1067677
1067698
1067751
1067827
1068007
1068105
1068127
1068131
1068341
1068458
1068533
1068594
1068647
1068756
1068882
1068942
1068952
1069093
1069191
1069358
1069409
1069423
1069482
1069545
1069621
1069632
1069657
1069720
1069752
1069782
1069789
1069817
1069838
1069853
1069896
1070056
1070151
1070291
1070382
1070458
1070512
1070523
1070640
1070650
1070703
1070737
1070961
1071003
1071046
1071076
1071094
1071216
1071222
1071443
1071506
1071606
1071733
1071769
1071824
1071872
1071934
1072094
1072132
1072139
1072553
1072618
1072623
1072651
1072677
1072719
1072828
1073293
1073316
1073379
1073389
1073495
1073545
1073585
1073619
1073681
1073703
1073748
1073770
1073851
1073980
1074091
1074115
1074204
1074267
1074322
1074466
1074597
1074607
1074666
1074708
1074921
1075019
1075106
1075174
1075248
1075282
1075355
1075484
1075498
1075563
1075682
1075770
1075825
1075939
1076253
1076269
1076415
1076531
1076711
1077074
1077195
1077211
1077349
1077510
1077529
1077651
1077654
1077761
1077835
1077936
1078018
1078073
1078086
1078172
1078466
1078476
1078599
1078628
1078685
1078896
1078899
1079002
1079023
1079093
1079178
1079188
1079274
1079498
1079603
1079613
1079717
1079721
1079787
1079872
1080037
1080099
1080130
1080147
1080359
1080469
1080555
1080614
1080872
1080910
1080963
1080981
1080990
1081000
1081029
1081035
1081169
1081228
1081464
1081477
1081526
1081662
1081756
1081929
1081959
1082023
1082076
1082237
1082406
1082549
1082632
1082779
1082857
1082939
1083259
1083328
1083423
1083426
1083499
1083504
1083679
1083733
1083832
1083844
1083965
1084158
1084230
1084257
1084340
1084391
1084464
1084474
1084484
1084651
1084695
1084735
1085036
1085124
1085410
1085633
1085727
1085806
1085835
1085845
1085863
1085962
1086002
1086012
1086070
1086098
1086205
1086226
1086527
1086554
1086589
1086859
1086893
1086912
1086959
1086994
1087240
1087244
1087315
1087354
1087361
1087411
1087424
1087431
1087614
1087813
1087929
1088024
1088137
1088317
1088330
1088340
1088344
1088393
1088525
1088674
1088751
1088846
1088956
1089011
1089020
1089112
1089211
1089251
1089260
1089279
1089397
1089535
1089577
1089618
1089682
1089892
1089966
1090028
1090202
1090258
1090270
1090308
1090323
1090584
1090627
1090759
1090786
1090795
1090810
1090879
1090969
1090987
1090994
1091024
1091109
1091131
1091156
1091197
1091334
1091370
1091406
1091582
1091677
1091734
1091743
1091802
1091870
1091966
1091996
1092031
1092133
1092189
1092248
1092314
1092351
1092454
1092472
1092493
1092531
1092572
1092657
1092677
1092797
1092843
1092941
1093003
1093010
1093219
1093295
1093330
1093376
1093472
1093477
1093580
1093606
1093666
1093679
1093685
1093852
1093855
1093994
1093999
1094021
1094074
1094258
1094403
1094517
1094735
1094899
1095098
1095197
1095223
1095233
1095245
1095295
1095398
1095713
1095717
1095999
1096216
1096225
1096484
1096501
1096698
1096898
1096936
1097152
1097214
1097223
1097422
1097458
1097549
1097566
1097582
1097775
1097855
1098092
1098193
1098369
1098400
1098422
1098510
1098576
1098814
1098843
1098939
1099060
1099085
1099215
1099274
1099304
1099306
1099349
1099395
1099515
1099523
1099597
1099683
1099724
1099850
1099941
1099983
1100024
1100035
1100080
1100270
1100355
1100430
1100740
1100768
1100904
1101051
1101273
1101331
1101349
1101451
1101628
1101885
1101899
1101924
1101988
1102044
1102085
1102108
1102146
1102204
1102381
1102534
1102572
1102631
1102648
1102855
1102889
1102906
1102979
1103012
1103062
1103081
1103105
1103178
1103239
1103309
1103392
1103531
1103737
1103809
1103907
1103961
1104036
1104040
1104082
1104089
1104195
1104514
1104533
1104564
1104657
1104819
1104834
1104864
1105096
1105124
1105164
1105214
1105267
1105426
1105448
1105510
1105610
1105679
1105828
1105937
1105952
1106209
1106254
1106288
1106304
1106336
1106513
1106542
1106565
1106580
1106792
1106882
1106918
1107020
1107206
1107313
1107433
1107542
1107713
1107830
1107966
1107967
1108011
1108181
1108374
1108398
1108458
1108527
1108593
1108645
1108681
1108761
1108768
1108867
1108887
1108936
1108956
1108997
1109018
1109353
1109569
1109618
1109838
1109850
1110037
1110090
1110137
1110278
1110502
1110587
1110647
1110669
1110689
1110776
1110801
1110916
1111069
1111186
1111396
1111481
1111484
1111492
1111537
1111617
1111821
1112021
1112068
1112128
1112224
1112296
1112298
1112312
1112746
1112959
1112972
1113133
1113140
1113287
1113312
1113322
1113370
1113403
1113571
1113707
1113766
1113806
1113865
1113917
1113930
1114002
1114617
1114648
1114661
1114982
1114995
1115271
1115284
1115294
1115349
1115452
1115463
1115508
1115911
1116065
1116275
1116347
1116420
1116514
1116535
1116729
1116755
1116913
1116926
1116957
1116976
1117049
1117106
1117166
1117201
1117251
1117330
1117592
1117621
1117799
1117856
1118043
1118252
1118600
1118623
1118697
1118770
1118809
1118823
1118850
1118972
1119046
1119050
1119168
1119175
1119233
1119306
1119328
1119349
1119480
1119502
1119542
1119631
1119805
1119869
1119981
1120025
1120070
1120116
1120131
1120244
1120305
1120335
1120363
1120371
1120395
1120446
1120532
1120603
1120616
1120697
1120894
1120975
1120985
1121088
1121244
1121318
1121541
1121570
1121657
1121697
1121817
1121833
1121866
1121967
1121973
1121985
1122074
1122079
1122103
1122375
1122617
1122696
1122752
1122829
1122886
1122935
1123114
1123205
1123237
1123383
1123439
1123563
1123600
1123707
1123918
1124029
1124050
1124199
1124388
1124405
1124529
1124603
1124652
1124678
1124744
1124918
1124940
1124971
1125020
1125036
1125172
1125181
1125269
1125290
1125425
1125539
1125622
1125647
1125657
1125674
1125684
1125752
1125816
1125828
1125898
1125923
1125969
1126077
1126102
1126174
1126258
1126287
1126380
1126422
1126478
1126656
1126791
1127073
1127306
1127324
1127376
1127415
1127469
1127625
1127931
1128046
1128111
1128330
1128364
1128382
1128480
1128500
1128574
1128881
1128956
1129070
1129115
1129202
1129238
1129359
1129465
1129550
1129761
1129773
1129822
1129845
1129918
1129987
1130093
1130214
1130259
1130267
1130282
1130528
1130619
1130664
1131236
1131445
1131527
1131566
1131633
1131652
1131873
1131954
1132189
1132297
1132315
1132326
1132366
1132507
1132535
1132575
1132598
1132717
1132892
1132928
1132941
1133006
1133021
1133037
1133154
1133174
1133246
1133470
1133483
1133528
1133543
1133569
1133805
1133851
1133876
1133937
1134346
1134452
1134491
1134528
1134674
1134694
1134697
1134710
1134721
1134872
1134887
1134928
1134977
1135004
1135196
1135209
1135316
1135402
1135610
1135652
1135661
1135889
1135993
1136001
1136046
1136083
1136115
1136155
1136274
1136317
1136525
1136617
1136821
1136899
1136928
1136989
1137002
1137244
1137360
1137393
1137434
1137579
1137593
1137789
1137810
1138073
1138110
1138145
1138172
1138220
1138315
1138611
1138873
1139003
1139257
1139350
1139406
1139503
1139513
1139655
1139729
1139780
1139802
1139989
1140084
1140168
1140224
1140349
1140363
1140421
1140503
1140517
1140530
1140544
1140547
1140608
1140632
1140693
1140775
1140788
1141140
1141384
1141595
1141986
1142188
1142415
1142547
1142631
1142645
1142674
1142736
1142746
1142971
1143214
1143261
1143311
1143317
1143338
1143379
1143408
1143438
1143449
1143472
1143530
1143566
1143583
1143593
1143815
1143903
1143963
1144055
1144157
1144193
1144286
1144384
1144656
1144867
1144905
1145165
1145217
1145306
1145320
1145412
1145484
1145501
1145545
1145726
1145849
1145905
1145925
1145943
1145965
1146056
1146081
1146167
1146201
1146356
1146444
1146550
1146731
1146738
1146914
1147090
1147206
1147237
1147268
1147346
1147461
1147489
1147529
1147551
1147615
1147644
1147705
1147940
1148010
1148286
1148415
1148512
1148579
1148663
1148855
1148905
1148983
1149067
1149119
1149159
1149163
1149223
1149314
1149335
1149363
1149377
1149431
1149555
1149611
1149691
1149796
1149805
1150370
1150389
1150469
1150546
1150552
1150908
1150912
1151078
1151092
1151281
1151302
1151363
1151378
1151400
1151493
1151504
1151583
1151780
1151800
1151863
1151880
1152113
1152388
1152418
1152683
1152708
1152887
1152953
1153088
1153108
1153115
1153148
1153208
1153312
1153592
1153663
1153833
1153835
1153847
1153946
1154012
1154175
1154207
1154285
1154442
1154551
1154596
1154714
1154765
1154782
1154849
1154859
1154951
1154994
1155144
1155165
1155201
1155247
1155273
1155330
1155427
1155451
1155532
1155758
1156152
1156204
1156319
1156332
1156438
1156513
1156575
1156748
1156798
1157014
1157075
1157127
1157201
1157315
1157346
1157477
1157496
1157553
1157710
1157855
1157924
1157951
1158230
1158240
1158341
1158358
1158378
1158469
1158473
1158581
1158594
1158610
1158747
1158843
1158940
1158962
1159027
1159469
1159555
1159615
1159687
1159736
1159836
1160041
1160072
1160275
1160340
1160429
1160461
1160793
1160838
1160914
1160960
1160979
1161068
1161071
1161408
1161464
1161479
1161497
1161566
1161650
1161703
1161734
1161842
1161844
1161892
1161951
1162175
1162207
1162348
1162396
1162413
1162448
1162474
1162638
1162731
1162742
1162849
1162862
1162881
1162918
1162928
1163132
1163373
1163439
1163477
1163633
1163741
1163972
1164133
1164327
1164362
1164526
1164639
1164651
1164797
1164833
1164914
1164940
1165149
1165163
1165201
1165293
1165384
1165427
1165468
1165491
1165614
1165639
1165890
1165904
1166107
1166110
1166355
1166408
1166464
1166521
1166774
1166832
1166847
1167104
1167215
1167263
1167285
1167289
1167429
1167572
1167605
1167730
1167769
1167805
1167929
1167954
1168059
1168168
1168180
1168220
1168343
1168406
1168465
1168488
1168604
1168617
1168666
1168731
1168832
1168848
1168901
1169036
1169450
1169685
1169796
1169941
1170157
1170245
1170397
1170445
1170558
1170666
1170730
1170765
1170794
1170816
1171041
1171216
1171235
1171275
1171470
1171772
1172025
1172032
1172076
1172103
1172304
1172437
1172511
1172517
1172533
1172631
1172682
1172715
1172783
1172801
1172835
1172848
1172944
1172990
1173006
1173207
1173405
1173511
1173549
1173603
1173687
1173872
1174138
1174147
1174249
1174317
1174355
1174502
1174607
1174843
1175307
1175405
1175654
1175656
1175677
1175873
1176053
1176069
1176214
1176315
1176350
1176357
1176414
1176502
1176510
1176539
1176662
1176779
1176797
1176862
1176914
1176960
1177027
1177186
1177330
1177474
1177528
1177565
1177575
1177619
1177812
1177817
1177965
1178042
1178061
1178111
1178270
1178583
1178646
1178785
1178838
1178890
1178963
1178973
1179090
1179133
1179189
1179255
1179289
1179332
1179483
1179495
1179667
1179718
1179764
1179982
1180171
1180278
1180484
1180678
1180845
1180971
1181044
1181114
1181205
1181208
1181313
1181487
1181519
1181537
1181582
1181706
1181802
1181847
1181882
1181898
1181920
1181967
1182109
1182128
1182133
1182169
1182219
1182243
1182266
1182297
1182471
1182529
1182674
1182723
1182856
1183204
1183287
1183425
1183437
1183513
1183578
1183652
1183756
1183802
1183891
1183989
1184039
1184455
1184616
1184712
1184731
1184749
1184981
1185009
1185170
1185584
1185912
1186046
1186190
1186356
1186476
1186788
1186920
1186927
1187141
1187361
1187393
1187649
1187801
1188056
1188161
1188263
1188553
1188611
1188718
1188892
1188928
1188966
1188983
1189183
1189309
1189404
1189407
1189490
1189545
1189822
1189921
1189962
1189974
1189982
1190218
1190225
1190226
1190258
1190507
1190636
1190646
1190736
1190754
1190786
1190840
1190946
1190987
1191005
1191137
1191217
1191256
1191587
1191655
1191789
1191896
1191962
1192127
1192322
1192327
1192378
1192400
1192527
1192590
1192630
1192743
1192895
1192900
1192946
1192963
1193149
1193219
1193293
1193627
1193657
1193680
1193946
1193996
1194183
1194248
1194273
1194442
1194453
1194481
1194650
1194661
1194706
1194751
1194782
1194797
1194895
1194966
1194969
1195123
1195257
1195371
1195421
1195476
1195686
1195979
1196047
1196088
1196104
1196107
1196126
1196218
1196241
1196252
1196280
1196320
1196417
1196461
1196539
1196627
1196659
1196891
1197018
1197393
1197423
1197436
1197453
1197475
1197577
1197660
1197746
1197781
1197807
1198053
1198071
1198179
1198234
1198274
1198325
1198397
1198489
1198606
1198930
1199015
1199059
1199105
1199207
1199313
1199320
1199340
1199784
1199812
1199857
1199886
1199928
1200123
1200164
1200339
1200374
1200488
1200498
1200531
1200597
1200609
1200680
1200710
1200719
1200970
1201033
1201089
1201148
1201157
1201223
1201395
1201403
1201412
1201428
1201504
1201981
1202258
1202281
1202302
1202360
1202396
1202474
1202563
1202661
1202713
1202746
1202908
1203188
1203348
1203410
1203442
1203459
1203504
1203578
1203822
1203882
1203969
1204416
1204423
1204449
1204532
1204788
1204796
1204809
1204838
1204878
1204930
1205025
1205036
1205136
1205171
1205217
1205229
1205313
1205562
1205599
1205952
1206187
1206276
1206381
1206441
1206550
1206597
1206642
1206650
1206662
1206781
1206795
1206945
1207062
1207231
1207310
1207363
1207463
1207486
1207566
1207600
1207820
1208050
1208307
1208512
1208539
1208680
1208711
1208849
1208955
1208973
1209217
1209257
1209399
1209530
1209618
1209619
1209681
1209701
1209712
1209730
1209750
1209833
1209965
1209986
1210055
1210062
1210080
1210101
1210194
1210209
1210227
1210333
1210360
1210390
1210403
1210418
1210528
1210672
1210683
1210874
1211029
1211218
1211251
1211262
1211288
1211296
1211406
1211424
1211491
1211566
1211687
1211822
1212132
1212330
1212350
1212383
1212532
1212545
1212768
1212859
1212974
1213040
1213192
1213592
1213627
1213661
1213743
1213803
1213882
1213921
1214034
1214128
1214235
1214592
1214793
1214851
1214907
1215071
1215300
1215530
1215638
1215733
1215942
1215981
1216023
1216043
1216310
1216420
1216473
1216497
1216525
1216854
1216863
1216932
1217099
1217106
1217149
1217234
1217242
1217309
1217456
1217464
1217493
1217861
1217884
1217969
1218027
1218056
1218070
1218146
1218283
1218309
1218416
1218435
1218495
1218605
1218695
1218854
1218992
1219001
1219007
1219059
1219098
1219195
1219340
1219362
1219415
1219723
1219748
1219753
1219796
1219971
1220008
1220044
1220082
1220251
1220274
1220334
1220339
1220363
1220374
1220511
1220610
1220660
1220721
1220730
1221251
1221296
1221671
1221912
1221934
1221945
1221975
1222046
1222079
1222257
1222391
1222413
1222479
1222650
1222920
1222989
1223075
1223157
1223238
1223288
1223451
1223471
1223560
1223639
1223863
1223941
1224017
1224040
1224105
1224129
1224420
1224530
1224591
1224680
1224786
1224816
1224919
1224934
1225073
1225209
1225287
1225471
1225482
1225576
1225668
1225672
1225779
1225839
1225901
1226192
1226379
1226530
1226587
1226616
1226707
1226795
1226853
1226916
1226978
1227002
1227025
1227031
1227056
1227159
1227181
1227205
1227290
1227395
1227418
1227450
1227553
1227601
1227642
1227781
1227966
1228160
1228607
1228621
1228855
1228910
1229023
1229100
1229128
1229132
1229199
1229361
1229466
1229476
1229485
1229581
1229596
1229638
1229738
1229828
1229846
1230071
1230135
1230312
1230484
1230587
1231103
1231289
1231361
1231374
1231507
1231557
1231578
1231676
1231681
1231819
1231857
1232027
1232056
1232102
1232163
1232187
1232303
1232308
1232418
1232579
1232692
1232704
1232740
1232742
1232983
1233004
1233050
1233332
1233394
1233484
1233573
1233838
1233849
1233988
1234068
1234084
1234193
1234237
1234481
1234523
1234570
1234607
1234693
1234811
1234886
1235092
1235129
1235544
1235554
1235648
1235758
1235800
1235957
1236147
1236235
1236358
1236517
1236615
1236618
1236643
1236656
1236692
1236707
1236901
1236948
1236971
1236984
1237040
1237100
1237121
1237385
1237488
1237542
1237569
1237602
1237620
1237683
1237727
1237743
1237799
1237803
1237909
1238263
1238282
1238380
1238394
1238405
1238436
1238531
1238555
1238633
1238646
1238667
1238855
1238983
1239162
1239227
1239386
1239576
1239609
1239658
1239685
1239854
1239989
1240003
1240026
1240154
1240176
1240265
1240375
1240623
1240636
1240673
1240711
1240784
1240892
1240955
1241039
1241170
1241188
1241399
1241430
1241657
1241695
1241725
1241766
1242027
1242033
1242121
1242222
1242274
1242306
1242560
1242590
1242663
1242804
1242878
1243039
1243118
1243195
1243248
1243283
1243340
1243444
1243461
1243590
1243680
1243729
1243748
1243808
1244069
1244145
1244352
1244405
1244458
1244493
1244509
1244523
1244588
1244610
1244655
1244674
1244692
1244700
1244779
1244823
1244920
1245035
1245288
1245382
1245404
1245635
1245692
1245701
1245757
1245877
1246051
1246054
1246152
1246305
1246560
1246875
1247094
1247157
1247210
1247273
1247278
1247418
1247552
1247591
1247623
1247630
1247732
1247857
1247883
1247902
1247931
1247937
1248100
1248390
1248401
1248487
1248596
1248631
1248940
1249099
1249118
1249286
1249501
1249549
1249570
1249693
1249797
1249806
1249845
1249890
1249904
1250031
1250126
1250136
1250144
1250257
1250288
1250340
1250372
1250407
1250607
1250730
1250759
1250818
1250872
1250899
1251046
1251101
1251117
1251333
1251376
1251603
1251823
1251981
1252010
1252026
1252228
1252241
1252254
1252274
1252444
1252777
1252852
1252896
1252901
1252949
1253123
1253138
1253141
1253158
1253221
1253272
1253334
1253505
1253899
1253902
1253933
1254141
1254280
1254341
1254408
1254442
1254451
1254483
1254547
1254604
1254902
1254914
1254988
1255054
1255148
1255611
1255839
1255850
1255879
1256045
1256086
1256377
1256522
1256546
1256643
1256651
1256708
1256837
1257034
1257121
1257146
1257340
1257470
1257572
1257607
1257678
1257792
1257856
1257926
1258086
1258178
1258193
1258207
1258308
1258355
1258515
1258735
1258779
1258789
1258849
1258864
1258898
1258958
1258999
1259062
1259102
1259140
1259160
1259263
1259461
1259480
1259522
1259526
1259748
1259827
1259838
1259889
1259898
1259934
1260203
1260621
1260955
1261038
1261142
1261269
1261461
1261532
1261561
1261626
1262166
1262345
1262449
1262475
1262729
1262780
1262798
1262933
1262986
1262999
1263014
1263199
1263240
1263309
1263365
1263516
1263720
1263730
1263746
1263761
1263782
1263947
1263951
1264054
1264065
1264116
1264292
1264438
1264474
1264502
1264548
1264596
1264617
1264644
1264710
1264808
1265121
1265151
1265175
1265182
1265203
1265464
1265475
1265531
1265553
1265634
1265833
1266008
1266029
1266127
1266168
1266173
1266208
1266265
1266398
1266531
1266581
1266669
1266725
1266726
1266756
1266902
1266994
1267068
1267073
1267161
1267278
1267644
1267659
1267731
1267737
1267799
1267996
1268086
1268169
1268258
1268350
1268462
1268604
1268643
1268686
1268748
1268773
1268960
1269034
1269173
1269282
1269332
1269355
1269366
1269391
1269437
1269558
1269568
1269584
1269609
1269692
1269870
1269924
1269934
1269974
1270027
1270064
1270195
1270483
1270550
1270609
1270697
1270721
1270883
1270950
1270971
1271005
1271412
1271499
1271749
1271762
1271784
1271800
1271992
1272021
1272034
1272161
1272170
1272178
1272425
1272486
1272513
1272538
1272602
1272619
1272643
1272694
1273386
1273392
1273413
1273445
1273562
1273796
1273886
1273933
1273939
1274084
1274204
1274242
1274277
1274292
1274351
1274365
1274471
1274687
1274840
1274960
1274966
1275021
1275060
1275066
1275215
1275592
1275608
1275711
1275718
1275827
1275867
1275890
1275895
1275902
1275978
1276120
1276164
1276628
1276652
1276706
1276767
1276788
1277115
1277175
1277196
1277446
1277455
1277479
1277539
1277576
1277608
1277619
1277771
1277876
1277947
1278019
1278089
1278163
1278296
1278530
1278582
1278641
1278648
1278903
1278947
1279045
1279212
1279470
1279551
1279617
1279713
1279739
1279919
1279925
1279958
1280166
1280193
1280269
1280326
1280343
1280467
1280542
1280609
1280685
1280753
1281003
1281057
1282105
1282532
1282610
1282687
1282752
1282779
1282836
1282941
1283335
1283626
1283712
1283733
1283751
1283806
1283949
1283995
1284567
1284602
1284643
1284820
1284846
1284973
1285081
1285188
1285245
1285417
1285508
1285686
1285748
1285752
1285897
1286010
1286033
1286056
1286129
1286307
1286389
1286538
1286894
1287018
1287121
1287143
1287159
1287408
1287433
1287506
1287547
1287595
1287698
1287730
1287846
1287854
1288056
1288677
1288702
1289137
1289264
1289275
1289324
1289381
1289451
1289503
1289588
1289708
1289842
1289890
1290105
1290127
1290199
1290365
1290421
1290511
1290531
1290557
1290594
1290673
1290716
1290851
1290950
1290984
1291141
1291166
1291179
1291223
1291514
1291558
1291649
1291726
1291771
1291820
1291940
1292022
1292092
1292129
1292218
1292354
1292364
1292439
1292609
1292648
1292862
1292924
1293127
1293263
1293532
1293660
1293714
1293740
1293873
1293921
1294077
1294167
1294198
1294229
1294333
1294354
1294383
1294455
1294611
1294632
1294704
1294886
1294919
1294938
1295020
1295213
1295228
1295232
1295298
1295325
1295512
1295533
1295560
1295712
1295845
1295864
1296018
1296074
1296295
1296302
1296318
1296343
1296498
1296637
1296696
1296744
1296780
1296857
1296887
1296969
1297128
1297145
1297187
1297221
1297313
1297548
1297661
1297756
1297771
1297859
1297891
1297936
1298052
1298063
1298198
1298250
1298266
1298405
1298491
1298531
1298554
1298612
1298663
1298724
1298766
1298796
1299065
1299194
1299231
1299328
1299610
1299700
1299811
1299926
1299944
1300133
1300233
1300304
1300383
1300392
1300511
1300519
1300524
1300550
1300806
1300832
1300930
1301189
1301343
1301477
1301572
1301578
1301740
1301799
1301903
1301929
1302000
1302039
1302107
1302313
1302463
1302980
1303012
1303053
1303064
1303373
1303381
1303456
1303580
1303594
1303641
1303687
1303750
1303841
1303990
1304028
1304083
1304098
1304118
1304188
1304245
1304273
1304404
1304460
1304490
1304520
1304592
1304744
1304899
1305135
1305152
1305231
1305324
1305358
1305426
1305449
1305522
1305546
1305633
1305693
1305719
1305721
1305813
1305864
1305881
1306024
1306064
1306118
1306181
1306228
1306237
1306275
1306388
1306404
1306466
1306531
1306537
1306606
1306703
1306731
1306759
1306885
1306933
1307048
1307125
1307132
1307137
1307363
1307425
1307522
1307531
1307542
1307630
1307698
1307775
1307783
1307802
1307873
1307930
1308109
1308472
1308569
1308840
1308938
1308963
1309038
1309067
1309166
1309222
1309304
1309398
1309569
1309608
1309663
1309747
1309754
1309836
1309853
1309959
1309967
1310191
1310250
1310398
1310409
1310566
1310587
1310604
1310624
1310788
1310910
1310964
1311030
1311039
1311126
1311153
1311232
1311349
1311372
1311418
1311457
1311500
1311530
1311597
1311729
1311777
1311788
1311863
1311882
1311924
1312005
1312071
1312158
1312241
1312308
1312321
1312453
1312464
1312472
1312774
1312804
1312812
1312836
1313340
1313351
1313432
1313456
1313498
1313594
1313619
1313738
1313742
1313775
1313780
1314008
1314085
1314164
1314242
1314270
1314337
1314431
1314441
1314460
1314600
1314610
1314638
1314700
1314747
1314775
1314959
1314992
1315025
1315091
1315251
1315436
1315470
1315519
1315590
1315627
1315668
1315689
1315731
1315790
1315838
1315850
1316071
1316077
1316122
1316217
1316241
1316319
1316327
1316401
1316423
1316451
1316487
1316832
1316877
1316959
1317164
1317214
1317221
1317313
1317383
1317498
1317692
1317697
1317724
1317744
1318076
1318141
1318355
1318379
1318621
1318639
1318821
1318838
1319026
1319158
1319420
1319482
1319544
1319677
1319752
1319787
1319856
1319916
1319999
1320033
1320057
1320101
1320144
1320149
1320294
1320364
1320426
1320448
1320473
1320531
1320666
1320684
1320698
1320769
1321012
1321116
1321148
1321298
1321542
1321597
1321758
1321803
1321875
1321887
1321941
1322297
1322340
1322347
1322433
1322661
1322740
1322759
1322868
1323173
1323414
1323431
1323445
1323473
1323679
1323715
1323728
1323897
1324052
1324064
1324437
1324472
1324525
1324933
1325117
1325130
1325176
1325376
1325428
1325462
1325477
1325555
1325610
1325620
1325775
1325820
1325865
1325874
1326005
1326016
1326112
1326174
1326289
1326406
1326545
1326563
1326619
1326747
1326766
1326782
1326795
1326921
1326977
1327057
1327156
1327164
1327179
1327231
1327268
1327298
1327404
1327477
1327661
1327675
1327981
1327993
1328011
1328154
1328261
1328299
1328311
1328422
1328427
1328469
1328545
1328779
1328893
1328911
1328934
1329034
1329081
1329170
1329280
1329447
1329531
1329537
1329678
1329763
1329825
1329894
1329926
1329936
1329956
1330001
1330026
1330066
1330090
1330135
1330141
1330444
1330463
1330543
1330571
1330647
1331065
1331157
1331217
1331435
1331444
1331451
1331679
1331720
1331821
1331837
1331855
1331980
1332191
1332295
1332346
1332406
1332515
1332548
1332572
1332613
1332749
1332863
1332915
1333027
1333355
1333378
1333383
1333388
1333412
1333636
1333661
1333711
1334019
1334027
1334049
1334232
1334369
1334469
1334495
1334605
1334674
1334808
1334930
1334984
1334991
1335206
1335256
1335328
1335798
1335811
1335948
1336340
1336417
1336495
1336574
1336608
1336727
1337028
1337076
1337149
1337188
1337223
1337231
1337274
1337281
1337365
1337417
1337466
1337470
1337489
1337519
1337802
1337882
1337931
1338028
1338183
1338493
1338603
1338759
1338775
1338826
1338991
1339006
1339038
1339077
1339217
1339268
1339276
1339378
1339427
1339438
1339447
1339569
1339738
1339786
1339823
1339886
1339899
1339902
1339950
1339994
1340310
1340383
1340471
1340535
1340588
1340798
1340857
1340984
1340988
1341021
1341141
1341225
1341284
1341473
1341519
1341593
1341653
1341657
1341678
1341711
1341770
1341845
1341906
1342197
1342288
1342517
1342598
1342668
1342740
1342797
1342954
1342972
1343160
1343170
1343515
1343521
1343702
1343772
1343786
1343808
1343817
1344079
1344272
1344297
1344322
1344348
1344432
1344514
1344516
1344528
1344937
1344948
1345209
1345224
1345255
1345346
1345583
1345598
1345654
1345683
1345773
1345863
1345912
1346014
1346022
1346154
1346175
1346190
1346202
1346233
1346249
1346360
1346376
1346392
1346462
1346544
1346602
1346622
1346826
1346842
1346864
1347005
1347178
1347247
1347273
1347309
1347337
1347763
1347921
1348128
1348213
1348243
1348369
1348407
1348468
1348491
1348605
1348646
1348984
1349081
1349208
1349222
1349322
1349369
1349467
1349498
1349540
1349563
1349682
1350012
1350023
1350043
1350062
1350129
1350188
1350221
1350286
1350379
1350422
1350669
1350691
1350745
1351061
1351075
1351259
1351277
1351406
1351436
1351465
1351512
1351615
1351661
1351856
1351888
1351957
1351979
1352037
1352096
1352114
1352162
1352178
1352248
1352264
1352334
1352478
1352523
1352570
1352627
1352672
1352732
1352884
1352933
1353217
1353301
1353322
1353839
1353923
1354191
1354317
1354377
1354430
1354576
1354625
1354675
1354710
1354772
1354948
1354963
1354996
1355059
1355096
1355282
1355493
1355620
1355648
1355685
1355738
1355791
1355870
1355875
1355960
1356121
1356205
1356295
1356503
1356511
1356567
1356592
1356640
1356656
1356714
1356809
1356861
1356885
1357069
1357148
1357160
1357322
1357377
1357432
1357497
1357545
1357641
1357711
1357735
1357783
1357853
1357969
1358037
1358048
1358168
1358178
1358215
1358244
1358282
1358346
1358360
1358661
1358673
1358727
1358879
1358951
1359028
1359131
1359141
1359167
1359202
1359506
1359639
1359649
1359655
1359714
1359765
1359820
1359897
1359968
1360063
1360077
1360087
1360098
1360103
1360106
1360146
1360167
1360172
1360207
1360327
1360660
1360671
1360751
1360764
1360940
1360964
1360987
1361199
1361255
1361376
1361646
1361713
1361733
1361929
1361941
1362004
1362029
1362043
1362091
1362112
1362130
1362272
1362333
1362376
1362398
1362417
1362452
1362788
1362899
1362947
1363000
1363031
1363153
1363214
1363315
1363493
1363569
1363655
1363670
1363708
1363779
1363838
1363870
1363884
1364125
1364160
1364263
1364479
1364510
1364519
1364546
1364826
1364850
1364859
1364894
1364898
1364905
1364927
1364984
1365278
1365363
1365409
1365457
1365479
1365621
1365983
1366133
1366137
1366222
1366255
1366288
1366398
1366430
1366617
1366623
1366672
1366911
1366924
1366967
1367029
1367044
1367064
1367143
1367163
1367197
1367330
1367549
1367753
1367762
1367818
1367864
1367892
1367897
1367911
1368206
1368361
1368365
1368436
1368528
1368592
1368736
1368776
1368850
1369050
1369077
1369119
1369543
1369826
1369867
1369929
1369948
1370013
1370091
1370153
1370161
1370322
1370341
1370402
1370441
1370484
1370527
1370719
1370806
1370913
1370964
1371031
1371086
1371180
1371201
1371327
1371383
1371417
1371462
1371498
1371537
1371667
1371834
1372009
1372200
1372261
1372291
1372376
1372465
1372485
1372518
1372540
1372634
1372648
1372710
1372764
1372907
1372912
1372932
1372993
1373119
1373164
1373296
1373323
1373455
1373472
1373474
1373490
1373616
1373640
1373765
1373788
1373879
1374003
1374228
1374252
1374406
1374493
1374607
1374615
1374635
1374735
1374835
1374878
1374965
1375009
1375081
1375094
1375212
1375284
1375303
1375354
1375414
1375490
1375529
1375539
1375685
1375757
1376291
1376306
1376435
1376457
1376668
1376741
1377279
1377295
1377795
1377928
1378471
1378537
1378615
1379089
1379119
1379332
1379375
1379478
1379635
1380145
1380221
1380319
1381105
1381110
1381265
1381306
1381390
1381442
1381472
1381528
1381646
1381790
1381903
1381976
1382005
1382052
1382059
1382076
1382148
1382222
1382256
1382468
1382491
1383132
1383201
1383249
1383271
1383438
1383554
1383742
1383775
1383802
1384111
1384124
1384161
1384284
1384303
1384325
1384343
1384357
1384383
1384411
1384467
1384487
1384575
1384582
1384621
1384668
1384738
1384803
1384814
1384915
1384988
1385258
1385346
1385383
1385536
1385694
1385774
1386006
1386054
1386112
1386133
1386175
1386381
1386411
1386546
1386633
1386773
1386814
1386942
1386962
1387063
1387123
1387268
1387745
1388194
1388267
1388274
1388427
1388440
1388518
1388570
1388639
1388648
1388698
1388765
1388806
1388824
1388932
1389024
1389033
1389039
1389227
1389418
1389521
1389539
1389599
1389703
1389714
1389719
1389814
1389824
1389937
1389999
1390063
1390314
1390373
1390447
1390468
1390517
1390542
1390669
1390719
1390912
1390927
1390932
1391021
1391099
1391174
1391182
1391322
1391502
1391537
1391543
1391555
1391589
1391622
1391644
1391691
1391724
1391845
1391872
1392161
1392315
1392495
1392520
1392574
1392703
1392761
1392770
1392915
1392957
1393063
1393208
1393429
1393534
1393578
1393625
1393648
1393716
1393826
1393873
1393944
1394067
1394250
1394418
1394427
1394452
1394560
1394636
1394893
1394924
1395053
1395115
1395618
1395664
1395669
1395749
1395861
1395950
1395967
1395971
1395984
1396034
1396131
1396280
1396354
1396377
1396390
1396431
1396452
1396470
1396495
1396517
1396625
1396634
1396663
1396973
1396987
1397095
1397648
1397776
1397810
1397979
1398034
1398069
1398075
1398120
1398187
1398195
1398257
1398290
1398448
1398620
1398677
1398817
1398837
1398919
1398925
1398944
1399315
1399331
1399374
1399424
1399638
1399641
1399837
1400016
1400058
1400361
1400487
1400507
1400555
1400556
1400650
1400672
1400747
1400784
1400814
1400863
1400900
1400913
1400934
1401065
1401137
1401191
1401295
1401324
1401345
1401580
1401654
1401736
1401759
1401806
1401823
1401886
1401921
1401942
1401992
1402052
1402063
1402194
1402315
1402341
1402348
1402520
1402606
1402645
1402851
1403048
1403051
1403130
1403139
1403150
1403214
1403223
1403234
1403329
1403388
1403472
1403487
1403514
1403557
1403567
1403705
1403807
1403855
1403952
1404070
1404151
1404195
1404228
1404331
1404511
1404547
1404710
1404741
1404802
1405073
1405078
1405105
1405220
1405353
1405439
1405445
1405476
1405556
1405593
1405624
1405640
1405653
1405754
1405781
1405794
1405800
1405833
1405926
1405981
1406025
1406031
1406142
1406275
1406298
1406308
1406555
1406582
1406748
1406789
1406825
1406834
1406839
1407014
1407038
1407042
1407149
1407226
1407283
1407291
1407354
1407441
1407452
1407473
1407494
1407639
1407680
1407694
1407848
1408000
1408002
1408018
1408125
1408173
1408403
1408436
1408480
1408521
1408706
1408829
1408854
1408861
1408888
1408907
1409148
1409293
1409390
1409399
1409441
1409448
1409621
1409702
1409725
1409779
1409882
1410046
1410085
1410089
1410156
1410165
1410181
1410272
1410339
1410457
1410463
1410494
1410517
1410645
1410684
1410737
1410739
1410844
1410856
1410875
1410979
1410985
1411051
1411123
1411282
1411678
1411689
1411765
1411781
1411894
1411930
1412027
1412044
1412065
1412179
1412212
1412413
1412551
1412558
1412723
1412765
1412777
1412803
1412816
1413122
1413279
1413305
1413315
1413356
1413377
1413395
1413474
1413546
1413605
1413651
1413685
1413769
1413878
1413960
1414299
1414343
1414494
1414577
1414657
1414694
1414707
1414733
1414917
1415003
1415020
1415025
1415060
1415079
1415125
1415196
1415317
1415394
1415458
1415540
1415653
1415676
1415685
1415702
1415738
1415857
1416133
1416155
1416183
1416187
1416219
1416222
1416369
1416521
1416541
1416589
1416625
1416634
1416664
1416676
1416743
1417010
1417151
1417184
1417397
1417550
1417606
1417659
1417667
1417735
1417748
1417761
1417924
1417994
1418168
1418299
1418341
1418363
1418408
1418491
1418559
1418582
1418589
1418604
1418730
1418928
1419036
1419081
1419108
1419172
1419193
1419203
1419256
1419274
1419337
1419483
1419514
1419550
1419727
1419863
1419886
1419888
1419960
1420063
1420091
1420162
1420191
1420292
1420326
1420348
1420357
1420359
1420399
1420686
1420706
1420807
1420838
1420851
1420872
1421029
1421065
1421089
1421151
1421154
1421172
1421245
1421332
1421391
1421495
1421508
1421524
1421576
1421635
1421667
1421856
1421881
1421897
1421907
1422017
1422027
1422053
1422081
1422110
1422115
1422120
1422164
1422298
1422379
1422454
1422600
1422687
1422868
1422873
1423033
1423051
1423059
1423083
1423214
1423362
1423558
1423574
1423593
1423688
1423695
1423705
1423814
1424012
1424202
1424360
1424426
1424537
1424597
1424853
1424899
1425008
1425024
1425077
1425181
1425214
1425273
1425339
1425683
1425919
1425932
1426034
1426133
1426153
1426167
1426293
1426345
1426359
1426440
1426558
1426693
1426831
1426838
1426907
1426947
1427025
1427043
1427132
1427198
1427205
1427446
1427479
1427491
1427519
1427569
1427607
1427812
1427853
1427893
1427906
1427915
1427938
1427985
1428010
1428042
1428151
1428418
1428451
1428553
1429126
1429186
1429243
1429451
1429679
1429810
1429825
1429861
1429869
1429973
1430013
1430064
1430069
1430149
1430212
1430232
1430258
1430314
1430349
1430372
1430526
1430552
1430594
1430664
1430742
1430831
1430862
1430895
1430897
1431033
1431062
1431084
1431087
1431127
1431194
1431228
1431282
1431403
1431427
1431471
1431501
1431605
1431803
1431834
1431850
1431898
1432046
1432049
1432059
1432117
1432155
1432192
1432248
1432309
1432572
1432620
1432807
1432956
1432983
1433038
1433392
1433407
1433445
1433497
1433803
1433861
1433866
1433894
1433923
1433934
1434177
1434454
1434710
1435113
1435213
1435250
1435272
1435362
1435423
1435459
1435695
1435724
1435862
1435881
1435949
1436096
1436212
1436257
1436330
1436398
1436425
1436570
1436584
1436652
1436821
1436833
1436860
1436905
1436999
1437045
1437047
1437064
1437166
1437213
1437226
1437263
1437271
1437457
1437507
1437556
1437608
1437653
1437696
1437709
1437826
1437939
1437971
1437984
1438070
1438083
1438130
1438190
1438315
1438515
1438578
1438699
1438754
1438771
1438780
1438783
1439035
1439107
1439348
1439507
1439512
1439557
1439593
1439706
1439744
1439839
1439880
1439972
1440127
1440262
1440326
1440355
1440392
1440404
1440481
1440540
1440591
1440658
1440700
1440823
1440848
1440866
1440992
1441003
1441025
1441344
1441499
1441520
1441699
1441714
1441754
1441825
1441843
1442121
1442127
1442352
1442406
1442543
1442563
1442592
1442623
1442684
1442778
1442803
1442838
1442959
1443011
1443066
1443071
1443407
1443433
1443440
1443473
1443499
1443529
1443568
1443613
1443686
1443730
1443805
1443842
1443887
1443922
1444065
1444120
1444130
1444141
1444151
1444199
1444204
1444235
1444274
1444305
1444319
1444340
1444375
1444407
1444421
1444541
1444579
1444745
1444765
1444809
1444879
1444936
1445094
1445210
1445269
1445480
1445534
1445557
1445562
1445690
1445797
1446034
1446103
1446252
1446258
1446297
1446334
1446471
1446608
1446629
1446730
1446806
1446821
1446899
1447044
1447079
1447121
1447126
1447144
1447293
1447303
1447396
1447476
1447489
1447569
1447628
1447710
1447756
1447765
1447770
1447913
1447948
1448124
1448182
1448208
1448252
1448279
1448354
1448383
1448420
1448500
1448588
1448659
1448681
1448785
1448796
1448851
1449041
1449057
1449143
1449296
1449299
1449312
1449319
1449399
1449444
1449475
1449484
1449515
1449649
1449659
1449705
1449758
1449829
1449856
1449976
1450027
1450105
1450205
1450213
1450325
1450387
1450399
1450523
1450540
1450574
1450581
1450606
1450669
1450708
1450928
1451040
1451204
1451221
1451347
1451384
1451407
1451468
1452002
1452144
1452341
1452378
1452393
1452418
1452453
1452528
1452691
1452702
1452731
1452762
1453042
1453050
1453055
1453093
1453169
1453189
1453404
1453640
1453742
1453750
1453770
1453789
1453816
1453830
1453859
1453899
1453926
1454023
1454080
1454104
1454116
1454232
1454250
1454266
1454344
1454388
1454605
1454665
1454692
1454724
1454914
1455067
1455161
1455299
1455594
1455597
1455605
1455680
1455739
1455800
1455844
1455905
1455934
1456081
1456122
1456174
1456238
1456250
1456266
1456418
1456474
1456522
1456550
1456686
1456861
1456869
1456939
1457113
1457167
1457193
1457418
1457442
1457478
1457487
1457510
1457589
1457675
1457762
1457876
1457922
1457975
1457997
1458008
1458086
1458092
1458286
1458289
1458515
1458591
1458676
1458728
1458744
1458748
1458819
1458857
1458986
1459055
1459136
1459243
1459257
1459278
1459340
1459535
1459582
1459702
1459773
1459954
1460018
1460053
1460074
1460118
1460146
1460202
1460269
1460334
1460475
1460626
1460642
1460762
1460777
1460783
1460848
1460902
1460920
1460952
1460988
1461002
1461013
1461090
1461099
1461109
1461262
1461302
1461372
1461439
1461485
1461490
1461594
1461772
1461820
1462207
1462412
1462475
1462535
1462613
1462670
1462714
1462982
1463098
1463099
1463103
1463117
1463150
1463208
1463261
1463291
1463321
1463693
1463721
1463742
1463759
1463806
1464006
1464057
1464104
1464110
1464169
1464253
1464272
1464341
1464464
1464583
1464679
1464757
1464766
1464859
1464927
1464973
1464977
1465003
1465062
1465068
1465078
1465184
1465365
1465367
1465406
1465605
1465648
1465694
1465790
1465969
1466074
1466181
1466290
1466341
1466740
1466750
1466770
1466861
1466988
1466990
1466997
1467011
1467109
1467222
1467308
1467441
1467558
1467585
1467615
1467711
1467849
1467916
1467955
1468090
1468144
1468297
1468338
1468400
1468411
1468582
1468621
1468700
1468712
1468719
1468759
1469005
1469023
1469026
1469083
1469110
1469201
1469207
1469315
1469437
1469506
1469622
1469793
1469803
1469852
1470051
1470155
1470303
1470453
1470498
1470726
1470728
1470768
1470773
1470799
1470924
1470980
1471131
1471148
1471175
1471345
1471566
1471586
1471688
1471909
1472086
1472090
1472165
1472245
1472440
1472445
1472533
1472579
1472599
1472756
1472781
1472811
1472900
1472989
1473034
1473089
1473205
1473347
1473362
1473392
1473520
1473720
1473878
1474003
1474010
1474035
1474162
1474224
1474338
1474574
1474586
1474637
1474665
1474771
1474898
1474920
1474983
1474999
1475016
1475035
1475046
1475196
1475410
1475473
1475642
1475671
1475814
1475875
1475990
1476001
1476138
1476154
1476179
1476186
1476316
1476326
1476352
1476439
1476456
1476472
1476769
1476883
1476902
1476985
1477008
1477033
1477105
1477181
1477356
1477396
1477458
1477477
1477652
1477707
1477741
1477824
1477997
1478034
1478099
1478157
1478318
1478323
1478398
1478436
1478453
1478494
1478524
1478585
1478682
1478713
1478815
1478831
1478907
1478993
1479096
1479125
1479253
1479288
1479307
1479318
1479412
1479590
1479680
1479787
1480244
1480293
1480664
1480674
1480837
1480904
1480930
1480984
1481161
1481329
1481348
1481362
1481399
1481408
1481545
1481567
1481640
1481781
1481859
1481873
1481941
1481948
1481960
1481990
1482056
1482099
1482128
1482294
1482434
1482461
1482480
1482505
1482517
1482650
1482758
1482835
1482948
1482968
1483096
1483114
1483123
1483185
1483265
1483345
1483400
1483447
1483533
1483622
1483640
1483709
1483732
1483792
1483920
1484024
1484165
1484196
1484210
1484225
1484381
1484541
1484545
1484597
1484604
1484655
1484678
1484907
1484935
1485087
1485160
1485209
1486045
1486150
1486225
1486283
1486330
1486353
1486375
1486387
1486660
1486747
1486790
1486826
1486986
1487188
1487328
1487565
1487635
1487714
1487730
1487745
1487817
1487832
1487853
1487960
1488112
1488122
1488322
1488459
1488595
1488785
1488921
1488974
1489033
1489133
1489269
1489285
1489432
1489469
1489540
1489616
1489645
1489679
1489709
1489734
1489769
1489856
1490231
1490338
1490486
1490554
1490648
1490679
1490721
1490835
1490913
1491004
1491089
1491112
1491126
1491148
1491262
1491269
1491366
1491404
1491467
1491498
1491512
1491551
1491646
1491709
1491798
1491840
1491876
1491884
1491893
1491943
1491980
1492033
1492080
1492204
1492286
1492295
1492549
1492578
1492626
1492749
1492820
1492966
1492996
1493212
1493292
1493350
1493364
1493377
1493475
1493622
1493626
1493667
1493803
1493814
1493842
1493870
1493880
1494414
1494502
1494574
1494793
1494952
1494999
1495047
1495084
1495112
1495530
1495682
1495690
1495727
1495763
1495868
1495968
1496037
1496120
1496170
1496332
1496477
1496492
1496595
1496700
1496771
1496896
1496946
1496978
1496987
1497002
1497257
1497466
1497577
1497875
1497889
1497927
1497975
1498126
1498352
1498366
1498384
1498441
1498550
1498666
1498689
1498829
1498844
1498930
1499193
1499308
1499473
1499555
1499681
1499861
1500153
1500166
1500263
1500309
1500407
1500596
1500618
1500648
1500812
1500860
1500865
1500936
1501005
1501029
1501146
1501268
1501320
1501354
1501535
1501548
1501631
1501894
1502113
1502534
1502537
1502549
1502589
1502643
1502655
1502705
1502818
1502837
1502866
1502876
1503019
1503146
1503152
1503269
1503295
1503309
1503453
1503523
1503542
1503567
1503737
1503971
1504137
1504161
1504191
1504241
1504347
1504404
1504447
1504517
1504594
1504707
1504759
1504854
1504883
1505080
1505149
1505204
1505239
1505261
1505276
1505299
1505371
1505646
1505680
1505770
1505810
1505839
1505850
1506054
1506186
1506218
1506314
1506326
1506341
1506367
1506437
1506448
1506540
1506612
1506623
1506687
1506794
1507005
1507015
1507075
1507147
1507380
1507401
1507487
1507631
1507830
1507865
1507994
1508053
1508146
1508347
1508406
1508449
1508473
1508485
1508557
1508660
1508903
1508930
1509001
1509084
1509308
1509423
1509492
1509574
1509745
1509785
1509815
1509837
1509970
1510007
1510159
1510203
1510410
1510483
1510529
1510544
1510619
1510660
1510886
1510901
1510913
1510927
1510952
1510968
1511060
1511340
1511392
1511403
1511545
1511566
1511610
1511647
1511749
1511859
1511878
1512199
1512267
1512282
1512301
1512444
1512471
1512592
1512603
1512648
1512811
1512869
1512876
1512982
1513012
1513101
1513245
1513262
1513326
1513473
1513595
1513619
1513685
1513693
1513701
1513716
1513739
1513749
1513797
1513857
1514068
1514144
1514226
1514409
1514680
1514722
1514727
1514741
1514752
1514952
1514955
1515021
1515050
1515119
1515188
1515196
1515289
1515299
1515306
1515336
1515407
1515516
1515579
1515610
1515622
1515757
1515822
1515929
1516012
1516118
1516173
1516282
1516509
1516597
1516648
1516691
1517015
1517041
1517094
1517178
1517187
1517250
1517628
1517797
1517834
1517905
1518057
1518165
1518273
1518621
1518695
1518890
1518947
1519001
1519139
1519170
1519276
1519328
1519334
1519363
1519383
1519391
1519838
1520005
1520051
1520143
1520174
1520265
1520394
1520402
1520449
1520459
1520493
1520535
1520584
1520661
1520687
1520691
1520704
1520820
1520937
1521090
1521136
1521165
1521266
1521296
1521405
1521428
1521495
1521503
1521570
1521642
1521889
1521946
1521990
1522019
1522311
1522392
1522678
1522726
1522912
1522979
1523033
1523128
1523138
1523208
1523286
1523303
1523331
1523345
1523439
1523726
1523790
1523800
1523807
1523845
1523862
1523925
1524167
1524205
1524294
1524330
1524354
1524376
1524383
1524459
1524532
1524583
1524636
1524757
1524793
1524803
1524883
1524937
1525003
1525275
1525299
1525307
1525344
1525501
1525544
1525580
1525593
1525909
1526000
1526014
1526019
1526089
1526095
1526303
1526465
1526562
1526749
1526856
1526905
1526981
1527093
1527140
1527201
1527256
1527551
1527559
1527632
1528049
1528256
1528277
1528355
1528567
1528745
1528815
1528972
1529111
1529195
1529252
1529415
1529467
1529526
1529642
1529704
1529854
1529973
1530014
1530212
1530231
1530280
1530295
1530381
1530390
1530493
1530585
1530767
1530861
1530875
1531004
1531243
1531254
1531331
1531519
1531554
1531585
1531685
1531698
1531777
1531841
1531898
1531924
1532028
1532051
1532183
1532207
1532235
1532391
1532446
1532481
1532602
1532846
1532869
1532943
1532996
1533062
1533083
1533135
1533142
1533171
1533221
1533279
1533345
1533351
1533395
1533424
1533479
1533515
1533524
1533897
1533985
1534095
1534103
1534107
1534113
1534129
1534249
1534395
1534418
1534424
1534608
1534625
1534836
1534853
1535026
1535041
1535083
1535336
1535380
1535386
1535709
1535739
1535777
1535815
1535829
1535907
1536142
1536147
1536240
1536413
1536493
1536591
1536743
1536750
1536871
1537011
1537119
1537340
1537428
1537502
1537528
1537554
1537570
1537667
1537725
1537742
1537824
1537855
1537877
1537943
1537951
1538040
1538064
1538182
1538204
1538743
1538842
1538993
1539047
1539070
1539201
1539237
1539255
1539364
1539423
1539429
1539465
1539508
1539521
1539595
1539773
1539804
1539824
1539844
1539950
1540331
1540422
1540478
1540503
1540841
1541070
1541209
1541312
1541714
1541822
1541842
1541891
1542026
1542090
1542136
1542207
1542248
1542316
1542471
1542484
1542553
1543079
1543117
1543152
1543176
1543191
1543366
1543419
1543497
1543622
1543661
1543668
1543952
1543970
1543997
1544129
1544301
1544310
1544451
1544467
1544605
1544610
1544617
1544922
1544976
1545220
1545236
1545267
1545335
1545390
1545485
1545489
1545645
1545653
1545815
1545848
1546007
1546178
1546203
1546284
1546390
1546427
1546484
1546497
1546663
1546809
1547103
1547211
1547240
1547285
1547419
1547515
1547556
1547731
1547774
1547810
1547858
1548049
1548077
1548109
1548163
1548245
1548263
1548443
1548508
1548622
1548680
1548800
1548846
1548882
1549101
1549161
1549174
1549217
1549398
1549612
1549794
1549815
1549865
1549900
1549964
1549969
1549991
1550163
1550283
1550348
1550381
1550480
1550553
1550572
1550579
1550604
1550670
1550981
1551032
1551071
1551127
1551181
1551209
1551262
1551342
1551401
1551471
1551633
1551693
1551722
1551745
1551777
1551812
1551910
1552068
1552104
1552302
1552397
1552402
1552513
1552595
1552654
1552699
1552744
1552808
1552851
1552965
1553001
1553274
1553359
1553475
1553515
1553537
1553549
1553587
1553588
1553669
1553694
1553759
1553807
1553839
1553848
1554075
1554299
1554319
1554378
1554563
1554688
1554710
1554801
1554807
1554824
1554831
1554857
1554990
1555008
1555021
1555061
1555138
1555171
1555238
1555495
1555656
1555689
1555708
1555754
1555946
1555986
1556018
1556065
1556097
1556125
1556299
1556316
1556410
1556502
1556529
1556555
1556566
1556625
1556645
1556748
1556810
1556842
1556876
1556902
1556954
1556992
1557057
1557084
1557108
1557128
1557193
1557224
1557305
1557365
1557403
1557488
1557586
1557669
1557723
1557813
1557816
1557857
1557877
1558065
1558138
1558234
1558284
1558288
1558324
1558385
1558516
1558531
1558717
1558718
1558780
1558856
1558917
1558968
1559011
1559124
1559248
1559319
1559591
1559658
1559689
1559755
1559831
1559848
1559914
1560294
1560369
1560395
1560400
1560417
1560480
1560569
1560637
1560851
1560951
1561051
1561081
1561121
1561204
1561263
1561274
1561351
1561491
1561652
1561813
1561908
1561973
1562031
1562085
1562086
1562117
1562187
1562252
1562357
1562401
1562405
1562421
1562511
1562541
1562573
1562596
1562630
1562790
1562893
1563204
1563446
1563530
1563583
1563752
1563967
1564007
1564073
1564133
1564153
1564173
1564282
1564291
1564301
1564405
1564833
1564910
1564928
1565037
1565182
1565199
1565264
1565275
1565282
1565446
1565482
1565500
1565520
1565767
1565930
1565973
1566223
1566247
1566259
1566337
1566360
1566371
1566401
1566514
1566527
1566537
1566569
1566735
1566796
1566836
1566884
1566899
1566919
1567009
1567012
1567031
1567142
1567161
1567266
1567383
1567441
1567657
1567669
1567747
1567770
1567933
1567970
1568012
1568045
1568195
1568367
1568477
1568524
1568534
1568556
1568638
1568786
1568982
1569019
1569075
1569232
1569293
1569371
1569454
1569469
1569492
1569548
1569574
1569593
1569645
1569794
1569821
1569857
1569878
1569984
1570122
1570125
1570195
1570328
1570475
1570635
1570659
1570694
1570824
1570846
1570993
1571145
1571695
1571742
1571907
1571931
1572002
1572281
1572324
1572356
1572450
1572548
1572556
1572607
1572693
1572950
1572968
1572989
1573028
1573083
1573087
1573100
1573111
1573147
1573190
1573210
1573302
1573414
1573532
1573570
1573590
1573683
1573724
1573806
1573927
1574109
1574116
1574215
1574331
1574338
1574475
1574491
1574506
1574561
1574654
1574789
1574811
1575041
1575343
1575569
1575742
1575755
1575971
1575983
1576120
1576122
1576211
1576468
1576725
1576740
1576892
1577170
1577194
1577203
1577259
1577441
1577452
1577492
1577584
1577683
1577691
1577771
1577828
1577988
1578048
1578212
1578338
1578343
1578658
1578705
1578916
1578942
1579085
1579102
1579489
1579505
1579531
1579563
1579644
1579705
1579800
1579810
1579859
1580059
1580096
1580215
1580239
1580273
1580322
1580389
1580536
1580572
1580595
1580604
1580622
1580639
1580753
1580773
1580802
1581032
1581087
1581227
1581396
1581424
1581542
1581574
1581604
1581629
1581647
1581655
1581684
1581743
1581752
1581817
1581837
1581842
1581882
1581918
1582244
1582335
1582430
1582494
1582542
1582628
1582634
1582716
1582833
1582848
1582873
1582902
1582997
1583007
1583299
1583334
1583439
1583615
1583871
1583951
1583985
1584103
1584183
1584238
1584395
1584459
1584517
1584676
1584784
1584922
1585117
1585160
1585250
1585292
1585319
1585518
1585523
1585527
1585588
1585610
1585828
1586001
1586129
1586195
1586272
1586635
1586654
1586700
1586919
1586945
1587019
1587027
1587046
1587080
1587266
1587403
1587446
1587511
1587541
1587802
1587860
1587903
1587927
1588275
1588300
1588322
1588374
1588413
1588473
1588498
1588530
1588769
1588968
1589028
1589041
1589092
1589110
1589118
1589274
1589364
1589370
1589488
1589665
1589779
1589895
1589937
1589951
1590005
1590090
1590127
1590236
1590248
1590465
1590708
1590728
1590751
1590782
1590819
1590833
1590837
1590946
1591171
1591231
1591238
1591315
1591393
1591498
1591544
1591547
1591555
1591569
1591602
1591622
1591734
1591760
1591902
1591971
1591987
1592002
1592043
1592051
1592232
1592239
1592425
1592480
1592571
1592640
1592663
1592704
1592807
1593077
1593190
1593249
1593484
1593698
1593708
1593781
1593809
1593901
1593961
1594004
1594071
1594112
1594124
1594248
1594302
1594309
1594340
1594379
1594386
1594389
1594424
1594463
1594476
1594558
1594621
1594656
1594852
1595068
1595134
1595151
1595234
1595348
1595594
1595627
1595682
1595691
1595730
1595852
1595913
1595946
1595954
1596088
1596171
1596232
1596377
1596433
1596457
1596538
1596549
1596630
1596897
1596953
1596996
1597093
1597114
1597116
1597228
1597345
1597407
1597482
1597542
1597585
1597617
1597624
1597685
1597735
1597762
1597874
1597920
1598077
1598164
1598566
1598669
1598675
1598707
1598772
1598776
1598836
1599107
1599119
1599126
1599158
1599176
1599253
1599446
1599650
1599703
1599961
1599984
1600100
1600114
1600126
1600319
1600334
1600480
1600570
1600818
1600850
1600858
1600903
1601071
1601161
1601235
1601254
1601319
1601391
1601555
1601721
1601743
1601864
1601928
1601948
1601961
1601979
1602028
1602068
1602088
1602389
1602443
1602549
1602553
1602579
1602677
1602702
1602726
1602835
1602845
1602869
1602994
1603046
1603056
1603102
1603117
1603153
1603191
1603206
1603259
1603726
1603816
1603987
1604169
1604206
1604258
1604293
1604393
1604411
1604544
1604589
1604610
1604651
1604680
1604727
1604795
1604831
1604916
1604943
1605063
1605332
1605399
1605427
1605645
1605885
1605989
1605999
1606243
1606287
1606293
1606334
1606363
1606370
1606453
1606460
1606484
1606546
1606572
1606645
1606654
1606710
1606718
1606820
1607101
1607105
1607166
1607235
1607318
1607398
1607480
1607485
1607509
1607652
1607695
1607837
1607885
1608056
1608159
1608264
1608320
1608494
1608518
1608597
1608640
1608749
1608849
1608854
1608870
1608956
1609022
1609067
1609171
1609205
1609364
1609588
1609641
1609667
1609678
1609698
1609902
1610076
1610172
1610362
1610409
1610449
1610615
1610696
1610707
1610787
1610849
1610873
1610972
1611000
1611039
1611069
1611196
1611204
1611277
1611371
1611373
1611397
1611424
1611481
1611587
1611690
1611751
1611764
1611896
1611975
1612016
1612093
1612122
1612141
1612184
1612195
1612201
1612208
1612218
1612377
1612401
1612418
1612484
1612521
1612705
1612717
1612754
1612781
1612798
1612919
1613028
1613071
1613102
1613130
1613145
1613193
1613322
1613517
1613578
1613638
1613712
1613722
1613817
1614022
1614076
1614106
1614120
1614157
1614181
1614184
1614196
1614231
1614242
1614301
1614340
1614371
1614387
1614400
1614404
1614529
1614557
1614604
1614751
1614929
1614944
1614953
1615129
1615195
1615209
1615381
1615622
1615908
1615913
1616152
1616158
1616212
1616280
1616418
1616460
1616666
1616688
1616746
1616773
1616798
1616898
1617026
1617093
1617246
1617297
1617309
1617330
1617343
1617535
1617637
1617661
1617802
1617817
1618216
1618314
1618454
1618469
1618509
1618548
1618650
1618707
1618718
1619070
1619089
1619189
1619416
1619561
1619581
1619594
1619618
1619899
1619973
1620082
1620141
1620160
1620394
1620404
1620437
1620449
1620473
1620493
1620762
1620826
1620864
1621053
1621068
1621248
1621261
1621342
1621557
1621679
1621761
1621800
1621814
1621935
1622067
1622146
1622216
1622387
1622489
1622495
1622559
1622651
1622718
1622751
1622896
1622976
1623076
1623179
1623189
1623264
1623618
1623693
1623717
1623807
1623886
1624001
1624114
1624455
1624474
1624704
1624708
1624735
1624834
1624873
1625041
1625128
1625263
1625331
1625402
1625459
1625510
1626037
1626100
1626115
1626123
1626141
1626153
1626169
1626324
1626331
1626377
1626407
1626468
1626540
1626611
1626650
1626828
1626852
1626961
1627020
1627227
1627377
1627510
1627697
1627823
1627837
1627998
1628072
1628081
1628108
1628143
1628154
1628199
1628223
1628349
1628363
1628367
1628376
1628511
1628558
1628720
1628768
1628837
1628992
1629087
1629240
1629266
1629373
1629421
1629428
1629588
1629592
1629611
1629635
1629842
1629861
1630012
1630025
1630077
1630102
1630138
1630179
1630252
1630348
1630368
1630377
1630655
1630796
1630829
1630858
1630888
1630965
1630993
1631003
1631042
1631085
1631134
1631276
1631313
1631324
1631368
1631410
1631526
1631534
1631586
1631634
1631870
1631901
1632029
1632045
1632071
1632245
1632357
1632378
1632428
1632456
1632474
1632477
1632596
1632629
1632658
1632674
1632866
1632997
1633011
1633065
1633083
1633110
1633176
1633198
1633234
1633366
1633422
1633505
1633573
1633578
1633711
1633789
1633817
1633855
1633887
1633900
1633950
1633954
1634062
1634124
1634271
1634276
1634480
1634562
1634592
1634815
1634862
1634922
1634953
1635013
1635102
1635222
1635246
1635333
1635403
1635411
1635440
1635444
1635453
1635455
1635604
1635637
1635664
1635758
1635775
1635797
1635823
1635855
1635858
1636004
1636051
1636105
1636160
1636254
1636343
1636497
1636564
1636568
1636773
1636824
1636934
1636972
1637019
1637255
1637284
1637292
1637349
1637399
1637448
1637473
1637553
1637656
1637719
1637758
1637936
1637974
1638222
1638328
1638346
1638388
1638497
1638547
1638820
1639022
1639074
1639099
1639123
1639128
1639142
1639152
1639327
1639398
1639483
1639498
1639509
1639688
1639713
1639863
1639881
1640015
1640053
1640125
1640191
1640321
1640327
1640417
1640436
1640487
1640542
1640576
1640700
1640803
1640924
1640955
1641000
1641011
1641180
1641285
1641297
1641301
1641480
1641537
1641584
1641594
1641632
1641703
1641708
1641720
1641760
1641816
1641882
1641914
1642071
1642098
1642113
1642157
1642177
1642192
1642326
1642512
1642584
1642620
1642663
1642703
1642780
1643020
1643034
1643050
1643085
1643111
1643193
1643207
1643358
1643402
1643489
1643593
1643699
1643845
1643848
1643923
1644221
1644369
1644380
1644483
1644630
1644637
1644681
1644737
1644744
1644869
1644887
1644949
1645111
1645151
1645456
1645531
1645653
1645662
1645966
1646003
1646145
1646204
1646267
1646355
1646380
1646413
1646429
1646437
1646485
1646511
1646552
1646708
1646879
1647003
1647067
1647086
1647111
1647126
1647174
1647178
1647260
1647261
1647287
1647363
1647493
1647525
1647546
1647576
1647595
1647610
1647623
1647695
1647827
1648220
1648336
1648508
1648579
1648589
1648887
1648915
1648939
1648949
1648992
1649023
1649034
1649081
1649160
1649215
1649225
1649270
1649601
1649630
1649656
1649710
1649802
1649916
1649926
1650076
1650089
1650278
1650311
1650460
1650470
1650535
1650580
1650629
1650716
1650788
1650828
1650883
1650904
1651012
1651257
1651288
1651341
1651426
1651440
1651534
1651864
1651929
1652005
1652019
1652075
1652319
1652440
1652542
1652553
1652574
1652598
1652638
1652650
1652806
1652850
1653019
1653059
1653099
1653290
1653302
1653482
1653646
1653684
1653850
1654090
1654105
1654207
1654277
1654332
1654407
1654430
1654444
1654489
1654523
1654569
1654603
1654663
1654729
1654771
1654833
1654939
1654958
1655113
1655130
1655217
1655227
1655252
1655375
1655440
1655777
1655818
1655880
1655909
1655927
1656119
1656258
1656315
1656499
1656552
1656600
1656714
1656811
1656886
1656945
1657096
1657372
1657679
1657686
1657798
1657836
1657998
1658012
1658032
1658061
1658087
1658167
1658202
1658272
1658447
1658715
1658725
1658806
1658988
1659008
1659073
1659202
1659227
1659284
1659301
1659386
1659512
1659611
1659618
1659666
1659689
1659700
1659746
1659924
1660261
1660266
1660341
1660379
1660769
1660774
1660808
1660860
1660976
1661036
1661114
1661190
1661294
1661305
1661480
1661622
1661659
1661781
1662013
1662036
1662071
1662200
1662614
1662723
1663186
1663229
1663339
1663458
1663600
1663633
1663651
1663784
1663822
1663872
1664125
1664207
1664323
1664390
1664413
1664495
1664503
1664524
1664606
1664672
1664923
1664941
1664975
1665036
1665120
1665329
1665380
1665406
1665520
1665640
1665652
1665854
1665992
1666023
1666032
1666155
1666196
1666231
1666251
1666293
1666362
1666367
1666378
1666756
1666782
1666935
1666941
1667062
1667145
1667162
1667193
1667253
1667269
1667287
1667496
1667686
1667777
1668004
1668038
1668142
1668193
1668304
1668390
1668412
1668468
1668483
1668503
1668508
1668668
1668738
1668786
1668887
1668935
1669047
1669169
1669178
1669247
1669543
1669570
1669589
1669799
1669933
1669961
1670010
1670015
1670026
1670037
1670041
1670130
1670169
1670264
1670284
1670317
1670401
1670468
1670601
1670955
1670974
1671006
1671127
1671161
1671174
1671308
1671346
1671422
1671459
1671479
1671492
1671609
1671769
1671867
1671929
1671939
1671945
1671986
1672041
1672173
1672231
1672505
1672641
1672724
1672824
1672852
1672974
1672977
1673059
1673067
1673404
1673524
1673563
1673627
1673679
1673739
1673882
1673891
1673898
1673934
1673950
1673975
1674097
1674122
1674159
1674265
1674277
1674483
1674613
1674711
1674825
1674893
1674958
1675040
1675044
1675052
1675120
1675133
1675174
1675319
1675326
1675368
1675465
1675639
1675667
1675679
1675718
1675867
1676158
1676243
1676245
1676693
1676919
1676945
1677023
1677167
1677263
1677300
1677362
1677405
1677680
1678041
1678079
1678089
1678097
1678117
1678130
1678155
1678295
1678333
1678407
1678445
1678554
1678773
1678795
1679073
1679200
1679246
1679466
1679612
1679797
1679863
1679865
1679902
1679906
1679946
1679995
1680023
1680062
1680227
1680364
1680425
1680456
1680526
1680618
1680622
1680667
1681037
1681061
1681064
1681084
1681136
1681179
1681200
1681337
1681570
1681616
1681776
1681795
1682067
1682075
1682096
1682107
1682268
1682350
1682432
1682495
1682524
1682589
1682681
1682708
1682877
1682905
1683034
1683200
1683221
1683268
1683457
1683477
1683517
1683644
1683677
1683733
1683836
1683844
1683866
1683867
1683942
1683959
1684062
1684116
1684195
1684269
1684347
1684480
1684497
1684601
1684609
1684694
1684724
1684761
1684766
1684773
1684897
1684909
1684987
1685083
1685350
1685358
1685527
1685753
1685765
1685850
1685868
1685881
1685939
1685962
1686072
1686082
1686138
1686154
1686261
1686263
1686287
1686355
1686700
1686728
1686895
1687050
1687094
1687124
1687134
1687179
1687186
1687194
1687463
1687523
1687734
1687756
1687808
1687825
1687933
1688302
1688578
1688889
1688920
1688929
1689255
1689317
1689401
1689457
1689688
1689724
1689812
1689860
1689864
1689894
1689987
1690036
1690077
1690098
1690113
1690176
1690186
1690285
1690301
1690338
1690370
1690529
1690578
1690604
1690640
1690659
1690929
1690941
1690956
1691040
1691079
1691082
1691244
1691317
1691370
1691411
1691442
1691452
1691614
1691662
1691671
1691681
1691700
1691760
1691797
1691915
1691941
1692082
1692089
1692128
1692175
1692179
1692337
1692364
1692382
1692477
1692517
1692551
1692624
1692688
1692767
1692822
1692864
1692951
1692997
1693013
1693080
1693158
1693178
1693366
1693528
1693662
1693802
1693832
1693862
1693871
1693992
1694080
1694088
1694142
1694149
1694171
1694180
1694190
1694264
1694302
1694365
1694387
1694447
1694454
1694484
1694667
1694897
1694938
1694961
1694993
1695044
1695129
1695153
1695171
1695181
1695336
1695727
1695735
1695749
1696008
1696102
1696253
1696314
1696471
1696512
1696574
1696737
1696776
1696798
1696894
1697097
1697379
1697432
1697497
1697636
1697769
1697812
1697823
1697829
1697887
1698193
1698211
1698332
1698398
1698510
1698728
1698758
1698771
1698821
1698955
1699177
1699197
1699340
1699356
1699406
1699413
1699418
1699515
1699555
1699637
1699716
1699718
1699849
1700214
1700247
1700269
1700309
1700370
1700418
1700464
1700539
1700613
1700623
1700669
1700768
1700911
1700923
1701008
1701049
1701053
1701152
1701393
1701481
1701527
1701665
1701723
1701780
1701786
1701820
1701858
1701890
1701947
1701976
1702041
1702102
1702170
1702207
1702278
1702321
1702331
1702374
1702385
1702600
1702628
1702765
1702972
1703090
1703171
1703200
1703286
1703293
1703338
1703412
1703419
1703447
1703515
1703525
1703563
1703662
1703707
1703719
1703902
1703944
1703973
1704126
1704149
1704186
1704223
1704267
1704294
1704351
1704473
1704486
1704496
1704555
1704694
1704743
1704760
1704806
1704845
1704936
1705111
1705180
1705183
1705310
1705481
1705507
1705664
1705782
1705850
1705919
1705939
1705988
1706051
1706167
1706204
1706222
1706326
1706416
1706507
1706532
1706596
1706683
1706690
1706804
1706865
1706897
1706971
1706992
1707041
1707046
1707210
1707395
1707601
1707627
1707685
1707698
1707775
1707784
1707807
1707832
1707878
1708064
1708141
1708589
1708599
1708674
1708762
1708770
1708776
1708783
1708792
1708842
1708863
1708868
1709074
1709157
1709178
1709208
1709218
1709426
1709511
1709527
1709591
1709637
1709789
1709875
1710012
1710047
1710056
1710307
1710378
1710584
1710702
1710737
1710755
1710792
1710815
1710887
1710942
1710961
1711030
1711113
1711179
1711230
1711245
1711307
1711334
1711440
1711503
1711580
1711646
1711726
1711772
1711953
1712120
1712131
1712236
1712259
1712265
1712290
1712323
1712392
1712436
1712488
1712558
1712850
1713023
1713198
1713268
1713308
1713476
1713633
1714010
1714040
1714084
1714172
1714240
1714289
1714307
1714329
1714475
1714530
1714624
1714686
1714751
1714776
1714806
1714887
1714903
1714908
1714970
1715130
1715212
1715428
1715564
1715629
1715647
1715662
1715722
1715790
1715820
1715875
1715897
1716167
1716382
1716452
1716481
1716493
1716507
1716609
1716713
1716756
1716769
1716931
1716997
1717134
1717198
1717262
1717296
1717320
1717346
1717616
1717770
1717961
1717977
1718066
1718102
1718267
1718352
1718357
1718479
1718531
1718616
1718628
1718635
1718687
1718731
1718742
1718823
1718827
1718852
1718900
1718937
1719016
1719087
1719459
1719510
1719514
1719643
1719727
1719751
1719819
1719973
1720100
1720224
1720250
1720255
1720344
1720397
1720414
1720426
1720438
1720532
1720710
1720882
1721000
1721098
1721144
1721155
1721281
1721446
1721517
1721549
1721757
1721805
1721815
1721870
1721945
1721963
1722019
1722034
1722103
1722227
1722345
1722359
1722504
1722524
1722558
1722593
1722613
1722620
1722653
1722669
1722726
1722853
1723034
1723122
1723202
1723252
1723266
1723310
1723413
1723455
1723559
1723576
1723644
1723733
1723743
1723825
1723911
1723926
1724011
1724026
1724061
1724163
1724219
1724270
1724378
1724447
1724621
1724856
1725121
1725488
1725514
1725541
1725561
1725599
1725638
1725762
1725954
1726105
1726171
1726266
1726300
1726386
1726507
1726530
1726542
1726870
1726921
1726944
1727054
1727214
1727240
1727308
1727315
1727379
1727406
1727542
1727553
1727694
1727709
1727815
1727841
1727875
1727931
1728118
1728129
1728233
1728247
1728288
1728315
1728945
1729319
1729503
1729739
1729867
1729888
1729931
1730101
1730253
1730482
1730604
1730627
1730747
1730796
1730818
1730993
1731013
1731126
1731192
1731267
1731449
1731455
1731563
1731616
1731694
1731717
1731738
1731901
1731941
1731990
1732019
1732094
1732143
1732336
1732405
1732492
1732510
1732533
1732730
1732739
1732956
1732971
1733083
1733382
1733437
1733504
1733531
1733587
1733769
1733959
1733994
1734001
1734201
1734357
1734396
1734466
1734724
1734751
1734758
1734876
1735022
1735044
1735058
1735092
1735174
1735277
1735371
1735376
1735429
1735531
1735568
1735740
1736215
1736239
1736403
1736618
1736718
1736727
1736792
1736811
1736827
1736833
1736869
1736871
1736888
1736969
1736980
1737039
1737090
1737206
1737335
1737408
1737446
1737567
1737582
1737606
1737633
1737650
1737671
1737685
1737788
1737894
1737965
1738014
1738078
1738215
1738301
1738367
1738401
1738443
1738473
1738489
1738620
1738666
1738747
1738804
1738996
1739190
1739362
1739369
1739537
1739549
1739560
1739642
1739776
1739805
1739828
1739915
1739979
1740010
1740032
1740161
1740189
1740392
1740562
1740622
1740696
1740718
1740842
1740880
1740887
1741033
1741128
1741156
1741270
1741382
1741488
1741501
1741508
1741654
1741938
1742192
1742272
1742368
1742503
1742674
1742799
1742815
1742887
1742919
1743048
1743104
1743189
1743232
1743285
1743315
1743354
1743620
1743820
1743834
1744060
1744116
1744315
1744440
1744752
1744804
1745071
1745163
1745169
1745296
1745340
1745375
1745415
1745467
1745492
1745569
1745699
1745726
1745745
1745817
1745863
1746074
1746080
1746104
1746252
1746292
1746360
1746580
1746644
1746844
1747048
1747144
1747334
1747524
1747691
1747808
1747868
1747906
1748072
1748115
1748138
1748222
1748240
1748388
1748413
1748600
1748742
1748754
1748765
1748860
1749015
1749110
1749202
1749314
1749450
1749673
1749759
1749784
1749900
1749962
1750019
1750081
1750123
1750144
1750474
1750823
1750839
1750971
1750977
1751007
1751040
1751158
1751243
1751287
1751396
1751428
1751612
1751658
1751665
1751741
1751756
1751856
1751962
1752157
1752231
1752381
1752508
1752551
1752569
1752752
1752772
1752845
1752848
1752875
1752891
1752933
1752947
1752964
1753024
1753064
1753065
1753447
1753571
1753577
1753591
1753612
1753615
1753894
1753971
1753988
1754101
1754161
1754196
1754326
1754496
1754659
1754713
1754746
1754789
1754925
1754992
1755032
1755081
1755378
1755438
1755452
1755661
1755667
1755769
1755847
1755994
1756043
1756156
1756367
1756380
1756430
1756441
1756451
1756513
1756590
1756607
1756711
1756762
1756913
1757246
1757286
1757298
1757312
1757361
1757376
1757416
1757558
1757575
1757638
1757695
1757742
1757753
1757768
1757813
1757828
1757973
1757998
1758091
1758194
1758266
1758305
1758329
1758368
1758442
1758507
1758559
1758849
1758982
1759068
1759082
1759105
1759400
1759760
1759910
1760127
1760188
1760211
1760227
1760278
1760368
1760379
1760393
1760512
1760565
1760581
1760760
1760928
1760984
1761003
1761087
1761112
1761174
1761214
1761281
1761320
1761341
1761353
1761384
1761420
1761567
1761571
1761594
1761681
1761721
1761735
1761768
1761805
1761902
1761947
1761989
1762048
1762082
1762109
1762130
1762395
1762435
1762483
1762500
1762529
1762694
1762733
1762836
1762865
1763140
1763341
1763487
1763542
1763553
1763602
1763687
1763706
1763767
1763833
1763850
1763881
1763918
1764111
1764217
1764299
1764413
1764442
1764450
1764463
1764774
1764850
1764948
1765171
1765221
1765243
1765324
1765376
1765418
1765490
1765569
1765576
1765764
1765836
1765841
1765899
1765911
1765945
1766387
1766429
1766485
1766515
1766557
1766695
1766762
1766776
1766815
1766848
1766953
1766980
1767093
1767130
1767215
1767274
1767282
1767363
1767615
1767694
1767700
1767727
1767735
1767760
1767934
1767941
1767990
1768038
1768169
1768193
1768235
1768291
1768306
1768328
1768343
1768490
1768680
1768773
1768912
1768944
1768961
1768990
1769188
1769294
1769425
1769534
1769564
1769702
1769722
1769738
1769879
1770054
1770164
1770225
1770270
1770288
1770374
1770431
1770439
1770491
1770526
1770544
1770596
1770629
1770707
1770826
1770918
1770958
1770989
1771057
1771062
1771180
1771215
1771219
1771312
1771381
1771709
1771742
1771837
1771883
1771941
1772169
1772177
1772341
1772461
1772473
1772487
1772545
1772557
1772722
1772741
1772787
1772955
1773006
1773189
1773383
1773541
1773555
1773742
1773745
1773768
1773850
1774064
1774071
1774083
1774097
1774369
1774436
1774568
1774686
1774853
1774992
1775002
1775174
1775470
1775494
1775710
1775829
1775926
1776140
1776236
1776382
1776432
1776482
1776548
1776594
1776605
1776610
1776619
1776736
1776741
1776747
1776841
1777025
1777119
1777226
1777240
1777502
1777596
1777649
1777657
1777744
1777882
1777883
1777946
1778190
1778263
1778352
1778412
1778634
1778658
1778739
1778846
1778856
1778886
1778958
1779310
1779332
1779463
1779493
1779506
1779542
1779616
1779631
1779729
1779831
1779945
1780006
1780183
1780265
1780280
1780459
1780471
1780485
1780574
1780602
1780617
1780719
1780734
1780820
1780929
1780952
1780959
1781155
1781165
1781176
1781183
1781185
1781195
1781318
1781493
1781559
1781706
1781839
1781938
1782229
1782442
1782459
1782664
1782778
1783018
1783049
1783157
1783449
1783569
1783649
1783733
1783884
1783958
1783971
1784047
1784055
1784063
1784071
1784150
1784182
1784207
1784229
1784352
1784415
1784601
1784670
1784715
1784810
1784882
1784990
1785049
1785054
1785070
1785165
1785203
1785429
1785505
1785528
1785557
1785565
1785903
1785951
1786103
1786156
1786176
1786207
1786278
1786554
1786720
1786770
1786798
1786835
1786839
1786883
1786961
1787201
1787238
1787349
1787398
1787466
1787511
1787619
1787627
1787743
1787792
1787815
1787829
1787853
1787978
1787998
1788115
1788174
1788309
1788424
1788798
1788803
1788909
1788946
1788996
1789000
1789085
1789094
1789175
1789197
1789230
1789253
1789378
1789527
1789580
1789611
1789697
1789716
1789771
1789851
1789915
1790010
1790014
1790057
1790214
1790292
1790554
1790635
1790744
1790873
1791054
1791061
1791073
1791142
1791189
1791206
1791322
1791402
1791412
1791445
1791476
1791527
1791642
1791649
1791691
1791873
1791971
1791989
1792054
1792162
1792197
1792202
1792248
1792315
1792326
1792364
1792998
1793091
1793134
1793198
1793348
1793503
1793576
1793611
1793746
1793771
1793807
1793847
1794051
1794103
1794146
1794196
1794261
1794297
1794366
1794401
1794449
1794460
1794675
1794777
1794847
1794864
1794874
1794892
1795012
1795117
1795177
1795255
1795267
1795294
1795338
1795797
1795832
1795897
1795967
1795976
1795997
1796131
1796137
1796164
1796256
1796263
1796294
1796491
1796635
1796648
1796665
1796703
1796712
1796725
1796836
1797055
1797058
1797249
1797268
1797286
1797330
1797448
1797529
1797594
1797638
1797659
1797789
1797916
1798070
1798117
1798514
1798533
1798575
1798587
1798829
1799119
1799310
1799333
1799687
1799755
1800013
1800294
1800324
1800514
1800545
1800555
1800593
1800639
1800665
1800748
1800798
1800987
1800997
1801266
1801377
1801443
1801540
1801587
1801755
1801831
1801915
1802071
1802171
1802194
1802272
1802301
1802372
1802405
1802490
1802493
1802545
1802632
1802682
1802694
1802878
1802932
1803402
1803459
1803583
1803611
1803647
1803684
1803767
1803788
1803797
1803869
1803963
1803991
1803996
1804023
1804043
1804064
1804209
1804265
1804278
1804342
1804349
1804458
1804517
1804533
1804613
1804622
1804632
1804660
1804743
1804838
1804844
1804855
1804897
1804931
1804967
1804978
1804991
1805063
1805082
1805155
1805202
1805280
1805361
1805481
1805770
1805832
1805886
1805908
1805934
1805960
1806146
1806155
1806179
1806208
1806271
1806308
1806695
1806827
1806888
1806915
1806980
1807161
1807176
1807186
1807301
1807347
1807394
1807421
1807668
1807751
1807769
1807798
1807802
1807897
1807912
1807966
1807976
1808131
1808256
1808291
1808377
1808584
1808632
1808709
1808720
1808842
1808882
1808908
1808957
1809049
1809063
1809146
1809397
1809448
1809612
1809715
1809792
1809888
1810155
1810250
1810827
1811003
1811007
1811019
1811094
1811105
1811162
1811380
1811451
1811561
1811661
1811751
1811911
1811929
1812133
1812144
1812199
1812442
1812657
1812676
1812723
1812929
1813029
1813044
1813070
1813144
1813152
1813191
1813249
1813287
1813326
1813388
1813409
1813431
1813483
1813651
1813700
1813860
1813999
1814067
1814219
1814225
1814299
1814339
1814431
1814708
1814846
1814887
1814899
1814917
1814975
1815136
1815213
1815600
1815601
1815621
1815638
1815727
1815980
1816013
1816054
1816120
1816324
1816514
1816621
1816707
1816855
1816930
1816964
1816977
1816982
1817128
1817133
1817170
1817476
1817489
1817577
1817651
1817657
1817669
1817678
1817696
1817699
1817721
1817803
1817914
1818033
1818077
1818140
1818176
1818305
1818355
1818366
1818409
1818427
1818448
1818456
1818486
1818531
1818569
1818670
1818752
1818808
1818853
1819055
1819108
1819122
1819159
1819226
1819261
1819280
1819455
1819465
1819577
1819596
1819799
1819884
1820020
1820042
1820061
1820108
1820165
1820216
1820327
1820348
1820382
1820425
1820617
1820624
1820650
1820727
1820805
1820912
1820976
1821022
1821068
1821107
1821137
1821166
1821179
1821259
1821270
1821428
1821447
1821560
1821775
1821836
1821911
1821956
1822003
1822035
1822055
1822064
1822079
1822101
1822107
1822274
1822307
1822389
1822451
1822528
1822542
1822616
1822663
1822755
1822807
1823290
1823306
1823389
1823433
1823708
1823718
1823851
1823875
1823970
1823980
1824062
1824099
1824113
1824374
1824384
1824469
1824528
1824736
1824778
1824818
1824864
1824928
1824983
1825014
1825051
1825267
1825287
1825456
1825461
1825585
1825644
1825774
1825788
1825809
1825815
1825832
1825910
1826232
1826238
1826251
1826306
1826361
1826376
1826436
1826556
1826574
1826663
1826716
1826735
1826791
1826805
1827210
1827251
1827553
1827613
1827620
1827653
1827660
1827799
1827878
1827893
1827923
1828189
1828378
1828399
1828405
1828653
1828659
1828703
1828855
1828865
1828876
1828901
1829128
1829255
1829287
1829300
1829317
1829337
1829438
1829499
1829532
1829592
1829674
1829738
1829904
1829921
1829987
1830026
1830080
1830289
1830306
1830437
1830482
1830613
1830626
1830684
1830715
1830771
1830793
1830805
1830808
1830831
1830976
1831002
1831003
1831045
1831113
1831122
1831336
1831340
1831376
1831515
1831931
1831962
1832018
1832029
1832304
1832328
1832341
1832454
1832501
1832580
1832708
1832732
1832754
1832765
1832828
1832918
1833044
1833083
1833236
1833320
1833473
1833505
1833568
1833598
1834031
1834091
1834111
1834196
1834248
1834273
1834313
1834406
1834555
1834624
1834774
1834821
1834823
1834968
1835061
1835081
1835549
1835622
1835636
1835668
1835912
1836002
1836166
1836460
1836505
1836613
1836689
1836820
1836899
1836932
1836987
1836992
1837086
1837177
1837229
1837280
1837419
1837441
1837491
1837501
1837619
1837734
1837803
1837952
1837962
1838007
1838028
1838184
1838371
1838425
1838445
1838507
1838589
1838618
1838689
1838760
1838795
1838986
1839043
1839324
1839469
1839484
1839555
1839613
1839670
1839690
1839708
1839869
1839962
1840026
1840160
1840199
1840222
1840324
1840371
1840446
1840573
1840613
1840858
1840879
1841104
1841121
1841203
1841257
1841339
1841361
1841499
1841629
1841663
1841764
1841925
1842058
1842082
1842537
1842585
1842756
1842931
1843271
1843489
1843504
1843552
1843592
1843747
1843750
1843837
1843854
1843862
1843880
1843907
1843966
1844002
1844033
1844037
1844100
1844141
1844151
1844198
1844269
1844520
1844588
1844627
1844671
1844677
1844877
1844936
1845014
1845165
1845190
1845262
1845316
1845524
1845741
1845774
1845795
1845815
1845839
1845849
1845873
1845899
1845994
1846019
1846022
1846150
1846240
1846253
1846263
1846312
1846319
1846488
1846493
1846557
1846774
1846828
1846836
1847078
1847119
1847127
1847235
1847258
1847332
1847752
1847766
1847796
1847810
1847932
1847953
1847993
1848061
1848285
1848367
1848371
1848553
1848850
1848870
1848978
1849019
1849021
1849102
1849755
1849767
1850199
1850279
1850356
1850392
1850491
1850545
1850632
1850685
1850716
1850755
1850818
1850992
1851203
1851213
1851267
1851279
1851296
1851502
1851535
1851540
1851554
1851617
1851668
1851676
1851754
1851833
1851862
1851892
1852026
1852055
1852138
1852249
1852494
1852588
1852602
1852614
1852626
1852821
1852903
1852907
1852922
1853026
1853170
1853213
1853226
1853233
1853284
1853364
1853464
1853622
1853648
1853708
1853726
1853761
1853785
1853886
1853889
1853977
1854037
1854062
1854148
1854189
1854470
1854525
1854733
1854765
1854796
1854903
1854920
1854933
1854971
1854978
1855192
1855262
1855297
1855301
1855376
1855429
1855463
1855521
1855590
1855617
1855636
1855663
1855686
1855751
1855830
1855837
1855935
1855960
1855973
1855997
1856126
1856228
1856297
1856423
1856433
1856489
1856596
1856604
1856621
1856626
1856728
1856801
1856918
1857037
1857124
1857141
1857271
1857342
1857453
1857479
1857760
1857873
1857963
1857976
1858011
1858130
1858147
1858179
1858186
1858257
1858270
1858425
1858433
1858434
1858482
1858539
1858622
1858714
1858759
1858839
1858958
1859042
1859122
1859243
1859298
1859338
1859512
1859554
1859575
1859580
1859598
1859659
1859696
1859827
1859908
1859947
1859950
1860022
1860064
1860267
1860316
1860375
1860440
1860476
1860601
1860713
1860848
1860918
1860959
1861093
1861256
1861281
1861285
1861330
1861609
1861698
1861780
1861870
1861998
1862544
1862563
1862678
1862750
1862784
1863064
1863080
1863105
1863122
1863157
1863170
1863182
1863221
1863260
1863274
1863392
1863406
1863414
1863425
1863469
1863487
1863651
1863686
1863836
1863855
1863891
1863904
1863994
1864122
1864147
1864286
1864549
1864553
1864565
1864584
1864631
1864788
1864883
1864927
1864953
1865116
1865491
1865590
1865680
1865736
1865754
1865809
1865871
1866024
1866064
1866176
1866289
1866349
1866494
1866610
1866642
1866824
1866873
1866963
1867006
1867022
1867104
1867251
1867286
1867296
1867319
1867402
1867471
1867557
1867596
1867647
1867992
1868156
1868226
1868234
1868355
1868382
1868397
1868481
1868612
1868683
1868777
1868957
1868970
1868985
1869258
1869295
1869312
1869327
1869364
1870013
1870030
1870078
1870266
1870520
1870563
1870597
1870612
1870646
1870678
1870768
1870779
1870917
1871289
1871307
1871368
1871442
1871470
1871603
1871656
1871680
1871697
1871808
1871964
1871982
1872116
1872138
1872278
1872580
1872642
1872661
1872912
1873034
1873129
1873157
1873192
1873240
1873271
1873295
1873308
1873477
1873480
1873528
1873543
1873591
1873639
1873741
1873765
1873787
1873794
1873811
1873895
1873986
1873989
1874029
1874040
1874145
1874159
1874170
1874195
1874417
1874479
1874593
1874653
1874717
1874742
1874911
1874927
1874952
1874974
1875287
1875501
1875552
1875575
1875800
1875811
1875857
1875985
1876002
1876021
1876026
1876138
1876369
1876387
1876495
1876498
1876645
1876682
1876793
1876854
1876934
1877097
1877101
1877405
1877411
1877528
1877653
1877744
1877768
1877823
1877901
1877935
1878014
1878126
1878283
1878382
1878385
1878393
1878498
1878557
1878579
1878675
1878743
1878758
1878781
1878824
1878975
1878996
1879018
1879203
1879226
1879240
1879369
1879438
1879552
1879611
1879642
1879706
1879856
1879987
1880030
1880150
1880179
1880187
1880212
1880408
1880511
1880628
1880682
1880768
1880895
1880924
1880936
1881022
1881046
1881094
1881156
1881299
1881326
1881422
1881531
1881646
1881689
1881702
1881944
1881947
1882084
1882174
1882185
1882333
1882359
1882365
1882428
1882544
1882548
1882606
1882625
1882635
1882720
1882807
1882815
1882920
1882922
1883020
1883055
1883072
1883110
1883167
1883247
1883289
1883304
1883341
1883344
1883360
1883381
1883506
1883574
1883637
1883679
1883707
1883754
1883756
1883806
1883892
1883931
1884192
1884210
1884223
1884256
1884335
1884380
1884578
1884609
1884675
1884739
1884822
1884871
1884972
1884982
1885411
1885487
1885518
1885593
1885624
1885687
1885696
1885726
1885745
1885812
1885926
1886106
1886150
1886167
1886188
1886268
1886414
1886423
1886543
1886610
1886661
1886678
1886718
1886745
1886851
1886944
1886951
1886988
1887089
1887169
1887177
1887403
1887481
1887490
1887527
1887591
1887618
1887722
1887866
1887967
1887975
1887979
1887993
1888111
1888327
1888372
1888471
1888496
1888868
1888985
1889107
1889132
1889229
1889363
1889697
1889874
1889967
1889975
1889983
1890009
1890089
1890098
1890136
1890196
1890269
1890337
1890384
1890537
1890584
1890690
1890722
1890750
1890755
1890758
1890769
1890773
1890813
1890883
1890919
1890928
1890999
1891071
1891195
1891369
1891788
1891792
1891874
1891963
1892139
1892152
1892182
1892230
1892304
1892318
1892390
1892523
1892618
1893001
1893077
1893185
1893314
1893331
1893693
1893746
1893750
1893790
1893798
1893822
1893974
1894036
1894112
1894121
1894340
1894945
1895060
1895152
1895484
1895558
1895586
1895619
1895656
1895713
1895743
1895792
1895814
1895887
1896048
1896071
1896124
1896162
1896255
1896288
1896339
1896370
1896380
1896509
1896541
1896735
1896765
1896888
1897135
1897197
1897244
1897247
1897341
1897383
1897695
1897880
1897973
1898010
1898079
1898161
1898349
1898451
1898462
1898668
1898840
1898879
1898937
1898944
1899051
1899068
1899090
1899602
1899620
1899666
1899691
1899745
1899845
1899858
1900051
1900140
1900198
1900266
1900283
1900416
1900504
1900505
1900518
1900618
1900640
1900711
1900728
1900783
1900891
1900966
1901009
1901081
1901377
1901426
1901453
1901611
1901660
1901697
1901729
1901903
1901925
1901980
1902053
1902069
1902095
1902142
1902158
1902204
1902226
1902278
1902336
1902344
1902360
1902412
1902420
1902488
1902500
1902528
1902543
1902656
1902682
1902785
1902809
1902955
1903104
1903110
1903204
1903310
1903429
1903497
1904042
1904220
1904233
1904290
1904314
1904418
1904545
1904549
1904623
1904659
1904684
1904706
1904865
1904869
1904887
1905044
1905241
1905338
1905389
1905655
1905670
1905687
1905726
1905743
1905878
1905988
1906104
1906115
1906169
1906180
1906207
1906396
1906430
1906468
1906478
1906483
1906491
1906628
1906813
1906826
1906835
1906890
1906992
1907053
1907107
1907175
1907217
1907226
1907308
1907358
1907578
1907587
1907630
1907726
1907825
1907961
1908000
1908037
1908118
1908189
1908340
1908388
1908497
1908534
1908665
1908669
1908951
1909152
1909209
1909259
1909276
1909390
1909415
1909426
1909583
1909656
1909700
1909723
1909749
1909776
1909787
1909805
1909858
1909936
1910508
1910545
1910569
1910641
1910652
1910701
1910842
1910851
1910870
1910922
1910962
1911088
1911240
1911370
1911413
1911473
1911491
1911801
1911828
1912017
1912176
1912427
1912478
1912490
1912578
1912679
1912805
1912811
1912818
1912844
1912943
1913207
1913305
1913369
1913379
1913503
1913637
1913726
1913842
1913988
1914032
1914088
1914122
1914202
1914423
1914567
1914579
1914590
1914599
1914616
1914656
1914714
1914731
1914885
1914925
1914947
1914961
1914986
1914998
1915030
1915076
1915223
1915320
1915482
1915572
1915589
1915678
1915696
1915768
1915807
1915822
1915854
1916013
1916189
1916191
1916206
1916398
1916579
1916584
1916694
1916842
1917076
1917279
1917363
1917395
1917465
1917579
1917747
1918144
1918279
1918420
1918522
1918571
1918591
1918663
1918713
1918824
1918855
1918858
1919049
1919142
1919166
1919248
1919358
1919360
1919642
1919943
1920035
1920057
1920104
1920229
1920281
1920284
1920311
1920370
1920406
1920493
1920727
1920731
1920967
1921151
1921293
1921323
1921349
1921430
1921571
1921694
1921769
1921817
1921876
1921907
1921989
1922097
1922103
1922317
1922627
1922654
1922719
1922912
1922933
1922975
1922983
1923010
1923062
1923262
1923283
1923293
1923325
1923328
1923372
1923496
1923541
1923629
1923733
1923795
1923805
1923822
1923898
1923906
1924004
1924011
1924176
1924186
1924232
1924360
1924432
1924440
1924503
1924613
1924933
1925062
1925094
1925137
1925153
1925276
1925337
1925349
1925438
1925490
1925573
1925727
1925751
1925754
1925759
1925853
1925873
1925876
1925947
1925956
1926018
1926047
1926263
1926315
1926361
1926463
1926543
1926621
1926635
1926655
1926660
1926679
1926851
1926884
1926928
1927133
1927229
1927232
1927382
1927465
1927547
1927734
1927816
1928035
1928133
1928313
1928455
1928535
1928606
1928615
1928710
1928746
1928839
1928848
1928882
1928890
1928906
1928911
1928935
1928998
1929230
1929249
1929258
1929321
1929339
1929373
1929422
1929487
1929539
1929565
1929691
1929792
1929892
1929932
1929999
1930072
1930187
1930195
1930227
1930244
1930250
1930346
1930502
1930563
1930586
1930656
1930715
1930732
1930737
1930785
1930806
1930811
1930901
1930923
1930929
1930959
1930990
1931057
1931070
1931080
1931128
1931137
1931411
1931442
1931487
1931497
1931607
1931657
1931712
1931727
1931732
1931775
1931901
1931967
1932089
1932223
1932232
1932259
1932377
1932407
1932480
1932487
1932499
1932529
1932616
1932642
1932873
1932893
1932948
1933087
1933105
1933138
1933147
1933157
1933196
1933224
1933278
1933371
1933426
1933446
1933562
1933576
1933584
1933612
1933642
1933682
1933775
1933836
1933883
1933945
1933949
1933965
1933971
1934011
1934032
1934073
1934171
1934214
1934333
1934347
1934470
1934485
1934557
1934605
1934618
1934643
1934694
1934717
1934775
1934857
1934868
1934882
1934889
1934914
1934920
1934993
1935048
1935059
1935071
1935140
1935150
1935276
1935283
1935310
1935400
1935436
1935462
1935530
1935633
1935663
1935671
1935718
1935862
1935873
1936508
1936523
1936577
1936609
1936864
1936924
1936926
1936975
1937073
1937131
1937183
1937195
1937304
1937362
1937472
1937514
1937567
1937571
1937582
1937776
1937934
1938032
1938107
1938425
1938582
1938601
1938675
1938723
1938828
1938857
1938939
1938953
1939097
1939105
1939157
1939165
1939173
1939256
1939274
1939329
1939360
1939549
1939593
1939606
1939711
1939777
1940030
1940069
1940089
1940126
1940192
1940310
1940359
1940373
1940410
1940536
1940543
1940599
1940752
1940769
1940845
1940897
1940983
1940991
1941084
1941341
1941344
1941392
1941398
1941468
1941524
1941566
1941597
1941611
1941662
1941806
1941842
1941929
1942062
1942141
1942166
1942191
1942197
1942206
1942282
1942289
1942307
1942354
1942386
1942445
1942516
1942669
1942755
1942784
1942792
1942883
1942944
1943068
1943123
1943157
1943221
1943265
1943419
1943528
1943617
1943767
1943836
1944044
1944324
1944377
1944466
1944491
1944504
1944517
1944546
1944553
1944610
1944667
1944678
1944775
1944845
1944949
1945011
1945026
1945064
1945156
1945197
1945263
1945283
1945351
1945420
1945507
1945608
1945660
1945669
1945680
1945819
1945856
1945893
1945920
1945938
1945971
1945986
1946018
1946071
1946082
1946186
1946193
1946237
1946333
1946485
1946517
1946619
1946669
1946770
1946930
1946975
1947295
1947302
1947365
1947431
1947607
1947619
1947662
1947749
1947811
1947953
1947988
1948127
1948185
1948338
1948357
1948474
1948570
1948591
1948660
1948721
1948803
1948813
1948879
1948972
1948993
1949007
1949170
1949309
1949412
1949427
1949474
1949481
1949526
1949612
1949632
1949852
1949861
1950083
1950192
1950217
1950234
1950462
1950481
1950497
1950544
1950577
1950586
1950683
1950702
1950735
1950799
1950955
1951180
1951199
1951268
1951350
1951367
1951431
1951464
1951499
1951544
1951574
1951587
1951648
1951706
1951804
1951824
1951826
1951943
1951970
1952083
1952160
1952189
1952204
1952464
1952479
1952557
1952559
1952631
1952752
1952774
1952780
1952859
1952913
1952960
1952998
1953150
1953241
1953414
1953507
1953516
1953655
1953888
1954065
1954071
1954089
1954130
1954158
1954463
1954479
1954492
1954576
1955024
1955085
1955250
1955259
1955276
1955315
1955353
1955364
1955465
1955528
1955650
1955658
1955685
1955699
1955749
1955938
1955950
1955956
1955979
1956036
1956047
1956093
1956121
1956647
1956662
1956784
1956918
1956938
1956990
1957134
1957181
1957192
1957270
1957472
1957701
1957764
1957839
1957869
1957891
1957923
1957940
1957948
1958010
1958090
1958147
1958173
1958184
1958228
1958326
1958440
1958501
1958554
1958647
1958679
1958738
1958744
1958760
1958871
1958896
1958976
1959115
1959206
1959225
1959301
1959313
1959327
1959452
1959457
1959565
1959650
1959681
1959701
1959729
1959751
1959802
1959845
1959860
1959866
1959950
1960000
1960111
1960171
1960191
1960391
1960405
1960433
1960461
1960521
1960564
1960635
1960706
1961130
1961271
1961285
1961371
1961379
1961408
1961536
1961570
1961578
1961616
1961717
1961790
1961886
1962128
1962148
1962199
1962282
1962497
1962660
1962733
1962943
1962969
1963010
1963025
1963046
1963121
1963126
1963149
1963176
1963188
1963198
1963600
1963667
1963693
1963840
1963945
1963975
1964079
1964095
1964138
1964141
1964202
1964580
1964661
1964715
1964755
1964775
1964820
1965045
1965238
1965401
1965435
1965638
1965699
1965702
1965790
1965856
1965916
1965984
1966013
1966031
1966129
1966137
1966182
1966219
1966275
1966303
1966324
1966334
1966345
1966369
1966421
1966431
1966439
1966449
1966462
1966479
1966620
1966641
1966684
1966702
1966706
1966759
1966813
1966853
1966898
1966944
1966977
1966987
1966991
1967210
1967252
1967405
1967438
1967478
1967561
1967989
1968037
1968139
1968295
1968315
1968423
1968445
1968607
1968757
1968896
1968935
1969225
1969316
1969420
1969555
1969582
1969640
1969734
1969759
1970112
1970265
1970326
1970351
1970594
1970601
1970638
1970661
1970759
1970768
1970779
1971032
1971072
1971109
1971155
1971230
1971285
1971289
1971331
1971452
1971510
1971528
1971554
1971577
1971767
1971773
1971777
1971909
1971911
1971956
1971961
1971987
1972013
1972197
1972236
1972279
1972393
1972490
1972524
1972599
1972658
1972695
1972902
1972911
1972927
1972965
1973014
1973107
1973151
1973160
1973248
1973330
1973451
1973620
1973724
1973891
1974047
1974297
1974579
1974582
1974638
1974755
1974785
1974846
1974885
1974935
1974994
1975232
1975256
1975298
1975325
1975518
1975531
1975535
1975567
1975661
1975979
1976012
1976271
1976489
1976529
1976608
1976623
1976757
1977039
1977190
1977237
1977249
1977534
1977761
1977839
1977877
1977971
1977999
1978102
1978236
1978283
1978325
1978353
1978362
1978391
1978442
1978541
1978714
1978731
1978738
1978775
1978810
1979039
1979042
1979159
1979165
1979255
1979422
1979465
1979514
1979685
1979748
1979773
1979795
1979876
1979902
1980013
1980041
1980056
1980122
1980131
1980276
1980302
1980449
1980503
1980704
1980787
1980789
1981003
1981098
1981294
1981407
1981419
1981469
1981593
1981894
1981911
1981978
1982077
1982100
1982139
1982185
1982425
1982465
1982488
1982509
1982552
1982616
1982752
1982765
1983048
1983198
1983288
1983321
1983345
1983414
1983430
1983441
1983455
1983599
1983624
1983703
1983750
1983814
1983863
1983935
1983994
1984134
1984274
1984342
1984471
1984543
1984589
1984599
1984616
1984626
1984719
1985137
1985231
1985241
1985243
1985363
1985624
1985728
1985753
1985830
1985850
1985892
1985986
1986072
1986127
1986349
1986387
1986428
1986440
1986512
1986518
1986825
1986840
1986885
1986956
1987015
1987025
1987060
1987085
1987095
1987311
1987377
1987447
1987482
1987561
1987696
1987795
1987820
1987876
1987936
1987954
1987969
1988039
1988212
1988233
1988266
1988380
1988523
1988593
1988759
1988765
1988831
1988842
1988875
1989014
1989031
1989147
1989167
1989344
1989457
1989556
1989601
1989681
1989707
1989723
1989748
1989752
1989883
1989921
1989948
1989971
1990010
1990069
1990083
1990242
1990256
1990260
1990302
1990407
1990431
1990463
1990508
1990513
1990556
1990577
1990729
1990737
1990938
1990977
1991073
1991139
1991158
1991301
1991421
1991432
1991472
1991497
1991694
1991814
1992019
1992207
1992300
1992306
1992407
1992555
1992608
1992706
1992720
1992735
1992827
1993362
1993403
1993726
1993838
1993887
1994263
1994348
1994402
1994417
1994654
1994726
1994911
1994944
1994955
1994965
1994981
1995188
1995209
1995275
1995345
1995357
1995386
1995410
1995589
1995625
1995649
1995980
1995986
1996025
1996104
1996203
1996246
1996327
1996377
1996383
1996457
1996461
1996559
1996626
1996690
1996833
1996993
1997032
1997047
1997293
1997419
1997422
1997449
1997500
1997514
1997703
1997762
1997927
1997992
1998029
1998041
1998063
1998168
1998272
1998283
1998423
1998471
1998532
1998546
1998570
1998589
1998600
1998731
1998752
1998762
1998829
1998951
1998971
1998987
1999003
1999202
1999365
1999490
1999559
1999569
1999597
1999610
1999630
1999705
1999839
1999852
1999935
1999948
1999976
1999993
2000093
2000202
2000331
2000372
2000785
2000796
2000851
2000893
2000922
2000989
2001007
2001188
2001267
2001417
2001451
2001474
2001539
2001562
2001697
2001902
2001980
2001999
2002082
2002199
2002212
2002404
2002505
2002522
2002601
2002714
2002755
2002785
2003014
2003190
2003321
2003328
2003514
2003620
2003850
2003880
2003903
2003931
2004002
2004057
2004339
2004377
2004395
2004536
2004570
2004674
2005057
2005086
2005132
2005186
2005196
2005303
2005530
2005635
2005713
2005725
2005866
2005900
2006051
2006162
2006246
2006300
2006324
2006372
2006403
2006484
2006487
2006589
2006687
2006813
2006942
2007055
2007117
2007163
2007351
2007365
2007443
2007502
2007567
2007773
2007838
2007885
2007915
2007925
2008201
2008215
2008219
2008258
2008361
2008387
2008400
2008435
2008442
2008647
2008659
2008846
2008850
2009091
2009238
2009418
2009436
2009599
2009606
2009615
2009917
2009962
2010053
2010218
2010261
2010280
2010378
2010571
2010693
2010758
2010779
2010813
2010906
2010911
2010951
2010968
2011000
2011089
2011117
2011303
2011315
2011544
2011644
2011716
2011990
2012076
2012472
2012521
2012571
2012630
2012660
2012752
2012796
2012908
2012979
2013265
2013309
2013322
2013359
2013391
2013428
2013491
2013509
2013539
2013546
2013644
2013704
2013806
2013816
2013943
2013977
2013986
2014054
2014200
2014398
2014681
2014708
2014718
2014759
2014768
2014810
2015058
2015227
2015247
2015257
2015345
2015374
2015403
2015473
2015480
2015502
2015589
2015696
2015746
2015758
2015911
2015979
2016001
2016088
2016317
2016464
2016471
2016493
2016595
2016761
2016961
2017036
2017072
2017087
2017118
2017235
2017238
2017289
2017331
2017356
2017417
2017430
2017511
2017515
2017573
2017826
2017884
2017892
2017954
2018011
2018182
2018416
2018469
2018478
2018582
2018619
2018713
2018747
2018800
2018868
2018950
2019081
2019123
2019400
2019598
2019676
2019704
2019731
2019764
2019800
2019823
2020012
2020047
2020101
2020191
2020222
2020240
2020249
2020279
2020442
2020585
2020642
2020706
2020727
2020757
2020785
2020820
2020848
2020972
2021023
2021032
2021192
2021281
2021380
2021390
2021424
2021437
2021455
2021484
2021681
2021769
2021801
2021848
2021903
2021941
2021999
2022036
2022046
2022116
2022149
2022280
2022352
2022578
2022625
2022757
2022865
2022911
2022929
2022961
2022999
2023048
2023094
2023120
2023189
2023209
2023275
2023293
2023309
2023536
2023601
2023709
2023843
2023861
2023903
2023918
2023986
2024042
2024062
2024294
2024349
2024415
2024495
2024534
2024749
2024782
2024904
2024945
2025045
2025058
2025126
2025164
2025176
2025250
2025262
2025279
2025292
2025341
2025485
2025609
2025623
2025657
2025672
2025808
2025829
2025854
2025859
2026068
2026109
2026228
2026236
2026359
2026390
2026516
2026544
2026622
2026719
2026736
2026763
2026773
2026776
2026946
2027057
2027139
2027183
2027206
2027297
2027362
2027376
2027449
2027501
2027524
2027639
2027733
2027789
2028141
2028195
2028266
2028279
2028344
2028377
2028494
2028614
2028707
2028751
2028754
2028783
2028851
2028881
2029059
2029170
2029175
2029248
2029287
2029317
2029361
2029392
2029441
2029509
2029648
2029790
2029827
2029860
2029870
2029900
2030068
2030261
2030311
2030322
2030406
2030460
2030493
2030555
2030579
2030614
2030617
2030730
2030756
2030794
2031015
2031120
2031291
2031391
2031415
2031498
2031519
2031824
2031904
2031924
2032009
2032054
2032103
2032296
2032313
2032458
2032506
2032604
2032634
2032652
2032764
2032888
2032894
2032938
2032994
2033048
2033072
2033095
2033202
2033469
2033482
2033516
2033539
2033561
2033604
2033648
2033666
2033711
2033726
2033853
2033862
2033928
2033953
2034082
2034098
2034111
2034399
2034516
2034573
2034654
2035316
2035333
2035369
2035513
2035577
2035627
2035639
2035648
2035663
2035747
2035766
2035848
2035897
2036028
2036067
2036086
2036098
2036258
2036310
2036322
2036347
2036372
2036380
2036595
2036610
2036651
2036657
2036748
2036906
2036927
2037098
2037130
2037268
2037359
2037385
2037440
2037548
2037743
2037995
2038027
2038050
2038210
2038234
2038312
2038439
2038459
2038538
2038552
2038710
2038785
2038971
2039011
2039053
2039126
2039159
2039232
2039483
2039564
2039594
2039635
2039662
2039676
2039772
2039841
2039888
2039949
2039959
2040033
2040075
2040127
2040139
2040218
2040429
2040449
2040505
2040518
2040537
2040652
2040725
2040732
2040766
2040770
2041085
2041232
2041279
2041431
2041461
2041471
2041554
2041596
2041709
2041798
2041811
2041865
2041899
2042046
2042215
2042253
2042291
2042362
2042458
2042522
2042558
2042593
2042645
2042663
2043137
2043159
2043215
2043328
2043405
2043442
2043505
2043634
2043747
2043828
2043836
2043963
2044012
2044017
2044045
2044218
2044521
2044527
2044649
2044712
2044815
2044889
2045014
2045072
2045218
2045263
2045321
2045376
2045435
2045511
2045531
2045757
2045821
2045833
2045928
2045980
2046111
2046118
2046234
2046258
2046645
2046689
2046741
2046796
2046859
2046914
2046938
2046974
2047004
2047148
2047180
2047312
2047319
2047398
2047621
2047788
2047803
2047881
2047923
2048195
2048212
2048281
2048461
2048541
2048735
2048810
2048946
2048967
2048980
2049011
2049183
2049199
2049212
2049235
2049286
2049393
2049440
2049492
2049899
2049924
2050035
2050147
2050180
2050195
2050264
2050321
2050358
2050370
2050377
2050461
2050490
2050537
2050558
2050608
2050641
2050663
2050690
2050724
2050803
2050813
2050975
2050980
2051077
2051204
2051211
2051294
2051301
2051447
2051483
2051503
2051599
2051633
2051653
2051699
2052039
2052046
2052142
2052198
2052245
2052282
2052321
2052338
2052362
2052380
2052386
2052395
2052407
2052513
2052715
2052765
2052785
2052814
2052933
2052938
2053163
2053222
2053341
2053439
2053503
2053532
2053569
2053576
2053665
2053780
2053969
2053980
2054030
2054046
2054093
2054242
2054292
2054459
2054513
2054544
2054613
2054650
2054660
2054723
2054817
2054829
2055039
2055119
2055164
2055353
2055401
2055414
2055516
2055542
2055568
2055693
2055715
2055789
2055901
2055908
2055966
2056174
2056195
2056208
2056355
2056647
2056739
2056831
2056861
2056939
2057070
2057202
2057259
2057273
2057359
2057407
2057467
2057473
2057483
2057624
2057693
2057951
2058048
2058084
2058215
2058294
2058295
2058321
2058327
2058429
2058482
2058483
2058630
2058858
2058921
2059229
2059346
2059498
2059519
2059597
2059737
2059910
2059922
2060046
2060090
2060244
2060288
2060297
2060386
2060586
2060645
2060746
2060800
2061087
2061111
2061254
2061287
2061295
2061321
2061352
2061423
2061471
2061778
2061784
2061908
2061927
2062059
2062083
2062179
2062244
2062251
2062482
2062584
2062810
2062824
2062881
2062903
2063021
2063156
2063281
2063299
2063372
2063422
2063430
2063588
2063597
2063606
2063623
2063688
2063762
2063812
2063840
2064296
2064326
2064462
2064648
2064701
2064702
2064724
2064973
2065001
2065009
2065107
2065122
2065258
2065321
2065365
2065372
2065422
2065642
2066218
2066239
2066332
2066531
2066577
2066604
2066677
2066738
2066764
2066781
2066865
2066896
2067083
2067282
2067319
2067356
2067373
2067524
2067632
2067787
2067871
2067882
2067998
2068045
2068047
2068058
2068106
2068367
2068418
2068447
2068455
2068533
2068744
2068767
2068810
2068832
2068986
2069033
2069044
2069063
2069273
2069355
2069437
2069480
2069488
2069508
2069539
2069598
2069654
2069665
2069689
2069891
2070005
2070059
2070066
2070106
2070139
2070143
2070386
2070528
2070569
2070649
2070676
2070684
2070706
2070754
2070767
2070794
2071078
2071173
2071260
2071444
2071537
2072116
2072122
2072181
2072183
2072213
2072241
2072280
2072307
2072338
2072455
2072496
2072583
2072598
2072651
2072655
2072751
2072821
2072917
2072986
2073033
2073100
2073234
2073301
2073333
2073484
2073552
2073583
2073636
2073674
2073773
2073936
2073947
2074023
2074110
2074192
2074243
2074250
2074288
2074344
2074478
2074579
2074631
2074698
2074762
2074814
2074967
2074975
2075066
2075077
2075108
2075179
2075188
2075609
2075624
2075782
2075801
2075898
2075907
2075973
2076074
2076085
2076151
2076154
2076207
2076228
2076328
2076377
2076395
2076459
2076475
2076716
2076825
2077044
2077098
2077139
2077220
2077226
2077332
2077339
2077364
2077433
2077878
2077963
2078197
2078228
2078258
2078398
2078512
2078582
2078615
2078693
2078744
2078862
2079034
2079048
2079101
2079414
2079479
2079521
2079755
2079783
2079854
2079974
2080028
2080107
2080134
2080433
2080541
2080567
2081093
2081206
2081325
2081490
2081556
2081577
2081649
2081780
2081783
2081800
2081965
2082063
2082168
2082176
2082365
2082390
2082461
2082568
2082592
2082607
2082673
2082781
2082800
2082827
2082853
2082950
2083115
2083144
2083264
2083395
2083558
2083638
2083727
2083835
2083865
2083875
2083955
2084052
2084082
2084093
2084239
2084282
2084288
2084324
2084570
2084642
2084728
2084732
2084754
2084775
2085020
2085101
2085224
2085251
2085258
2085282
2085344
2085364
2085377
2085594
2085720
2085744
2085928
2086121
2086223
2086290
2086365
2086727
2086759
2086761
2086895
2087079
2087157
2087214
2087280
2087300
2087416
2087453
2087477
2087626
2087805
2087828
2087887
2087896
2087948
2088073
2088190
2088242
2088299
2088338
2088345
2088526
2088571
2088581
2088616
2088686
2088700
2088871
2088890
2088920
2088991
2089064
2089090
2089104
2089133
2089201
2089431
2089443
2089453
2089602
2089631
2089696
2089919
2089953
2090020
2090084
2090187
2090223
2090241
2090311
2090474
2090502
2090519
2090615
2090737
2090784
2090861
2090996
2091165
2091186
2091202
2091255
2091397
2091430
2091916
2092168
2092189
2092299
2092307
2092321
2092337
2092418
2092439
2092451
2092511
2092530
2092579
2092749
2092841
2092855
2092878
2092882
2092997
2093145
2093163
2093181
2093260
2093306
2093424
2093526
2093546
2093563
2093751
2093771
2093809
2093929
2093962
2094030
2094109
2094152
2094180
2094335
2094400
2094521
2094573
2094613
2094824
2094843
2094874
2095086
2095089
2095234
2095249
2095282
2095428
2095541
2095618
2095728
2095930
2095979
2096067
2096084
2096475
2096795
2096926
2097050
2097074
2097192
2097215
2097226
2097249
2097298
2097306
2097369
2097374
2097493
2097643
2097797
2097820
2098016
2098141
2098154
2098165
2098253
2098313
2098483
2098522
2098609
2098660
2098873
2098985
2099029
2099033
2099056
2099150
2099175
2099208
2099278
2099286
2099338
2099363
2099375
2099401
2099579
2099610
2099660
2099858
2099912
2099960
2099988
2100425
2100490
2100600
2100603
2100726
2100736
2100824
2100964
2100978
2100989
2101010
2101016
2101175
2101212
2101301
2101442
2101595
2101687
2101724
2101800
2101841
2101903
2101952
2102003
2102060
2102069
2102108
2102123
2102172
2102266
2102314
2102390
2102491
2102557
2102566
2102585
2102821
2102892
2102933
2102988
2103004
2103131
2103292
2103355
2103386
2103547
2103563
2103646
2103656
2103666
2103688
2103702
2103711
2103722
2103746
2103833
2103848
2103863
2104060
2104068
2104146
2104198
2104270
2104577
2104596
2104613
2104653
2104664
2104795
2104876
2104934
2104982
2105038
2105061
2105156
2105213
2105293
2105325
2105407
2105411
2105441
2105470
2105560
2105590
2105643
2105653
2105701
2105800
2105822
2105902
2105935
2106247
2106346
2106415
2106469
2106570
2106582
2106599
2106757
2106775
2106852
2106969
2106991
2107118
2107194
2107263
2107308
2107355
2107369
2107424
2107438
2107542
2107600
2107980
2108003
2108115
2108260
2108270
2108274
2108298
2108373
2108416
2108444
2108620
2108718
2108751
2108791
2108858
2109157
2109217
2109263
2109327
2109385
2109423
2109456
2109522
2109575
2109589
2109760
2109795
2109928
2109967
2110025
2110078
2110107
2110124
2110128
2110159
2110179
2110378
2110660
2110832
2110840
2110990
2111027
2111056
2111095
2111183
2111319
2111463
2111483
2111591
2111618
2111629
2111672
2111873
2111899
2111906
2111915
2111941
2111945
2111991
2112092
2112130
2112354
2112374
2112433
2112552
2112599
2112724
2112756
2112851
2112985
2113019
2113084
2113258
2113294
2113359
2113454
2113482
2113519
2113569
2113625
2113699
2113842
2114034
2114079
2114181
2114223
2114255
2114265
2114281
2114291
2114351
2114406
2114438
2114597
2114659
2114705
2114785
2114813
2114847
2114881
2114890
2115086
2115201
2115322
2115348
2115411
2115513
2115519
2115577
2115588
2115739
2115766
2115801
2115854
2115954
2116050
2116164
2116187
2116283
2116329
2116500
2116538
2116647
2116732
2116976
2117019
2117028
2117060
2117076
2117182
2117225
2117243
2117371
2117439
2117581
2117780
2117834
2117916
2117973
2117995
2118034
2118099
2118278
2118474
2118493
2118683
2118736
2118771
2118796
2118880
2118939
2119149
2119191
2119212
2119297
2119313
2119318
2119373
2119375
2119395
2119450
2119499
2119604
2119956
2119959
2120076
2120136
2120275
2120374
2120396
2120410
2120412
2120449
2120479
2120775
2120904
2120906
2120933
2121115
2121120
2121138
2121163
2121225
2121336
2121473
2121529
2121549
2121584
2121594
2121736
2121801
2121828
2121868
2122011
2122035
2122078
2122100
2122116
2122138
2122350
2122367
2122408
2122502
2122665
2122683
2122696
2122726
2122736
2122847
2122853
2122902
2122929
2122944
2122967
2122998
2123017
2123122
2123170
2123258
2123391
2123445
2123672
2123875
2124182
2124237
2124269
2124410
2124484
2124523
2124559
2124824
2124863
2124908
2124958
2124992
2125148
2125287
2125327
2125329
2125344
2125420
2125765
2125818
2125946
2125955
2125998
2126099
2126220
2126515
2126560
2126581
2126630
2126670
2126694
2126750
2126878
2126898
2126924
2126968
2127027
2127219
2127225
2127251
2127593
2127646
2127695
2127844
2128023
2128129
2128134
2128178
2128434
2128558
2128590
2128600
2128671
2128685
2128687
2128839
2128861
2129076
2129100
2129212
2129231
2129274
2129302
2129400
2129561
2129705
2129769
2129959
2129966
2130017
2130125
2130236
2130272
2130351
2130663
2130672
2130685
2130782
2130814
2130821
2130916
2130949
2131010
2131097
2131122
2131137
2131246
2131263
2131381
2131392
2131446
2131471
2131580
2131605
2131669
2131754
2131793
2131829
2131953
2131961
2132081
2132091
2132251
2132303
2132324
2132335
2132364
2132517
2132524
2132554
2132636
2132685
2132701
2132719
2132736
2132792
2132826
2132860
2132889
2132970
2132976
2132994
2132999
2133075
2133094
2133148
2133181
2133198
2133238
2133273
2133293
2133373
2133425
2133432
2133476
2133749
2133878
2134051
2134071
2134118
2134165
2134223
2134256
2134388
2134419
2134465
2134491
2134549
2134563
2134598
2134630
2134653
2134696
2134705
2134763
2134798
2134813
2134822
2134839
2134939
2134970
2134976
2135041
2135228
2135251
2135339
2135394
2135413
2135591
2135605
2135630
2135684
2135693
2135714
2135724
2135732
2135753
2135793
2135869
2135928
2135999
2136261
2136290
2136422
2136473
2136706
2136713
2136876
2136919
2137111
2137125
2137137
2137446
2137565
2137666
2137794
2137902
2137924
2137997
2138076
2138230
2138450
2138460
2138467
2138474
2138843
2138871
2138881
2139111
2139125
2139177
2139219
2139236
2139262
2139320
2139393
2139407
2139425
2139636
2139652
2139665
2139695
2139718
2139725
2140067
2140192
2140206
2140338
2140408
2140492
2140596
2140638
2140846
2140857
2141047
2141070
2141119
2141153
2141322
2141355
2141392
2141423
2141483
2141557
2141565
2141664
2141713
2141985
2142057
2142343
2142351
2142359
2142365
2142466
2142502
2142589
2142854
2142891
2142931
2143031
2143057
2143087
2143128
2143207
2143362
2143470
2143480
2143580
2143595
2143619
2143809
2143816
2143866
2143920
2144006
2144106
2144139
2144285
2144386
2144398
2144432
2144469
2144566
2144625
2144686
2144756
2144760
2144851
2144857
2145033
2145113
2145157
2145315
2145410
2145423
2145454
2145520
2145541
2145593
2145783
2145814
2145877
2145944
2146181
2146221
2146307
2146420
2146471
2146519
2146630
2146742
2146920
2146958
2146965
2147029
2147078
2147095
2147127
2147304
2147375
2147386
2147418
2147425
2147451
2147527
2147772
2147813
2147837
2147887
2147962
2147967
2148049
2148088
2148141
2148146
2148216
2148269
2148279
2148298
2148326
2148346
2148702
2148761
2148811
2148890
2148994
2149078
2149225
2149237
2149429
2149498
2149515
2149692
2149786
2149796
2149844
2149860
2149873
2149877
2149879
2149985
2150039
2150087
2150134
2150156
2150187
2150281
2150372
2150396
2150400
2150430
2150433
2150442
2150458
2150490
2150509
2150566
2150630
2150764
2150832
2150904
2151002
2151080
2151140
2151155
2151260
2151269
2151282
2151295
2151349
2151369
2151407
2151423
2151515
2151645
2151678
2151845
2151998
2152013
2152160
2152254
2152267
2152279
2152390
2152411
2152512
2152538
2152675
2152726
2152762
2152850
2153022
2153168
2153261
2153419
2153587
2153594
2153689
2153727
2153806
2153882
2153993
2154172
2154291
2154329
2154350
2154408
2154596
2154650
2154688
2154704
2154722
2154833
2154846
2154883
2155123
2155172
2155200
2155214
2155302
2155354
2155374
2155490
2155523
2155627
2155700
2155836
2155848
2155868
2156056
2156148
2156159
2156188
2156196
2156281
2156306
2156312
2156340
2156510
2156529
2156648
2156652
2156721
2156722
2156918
2156997
2157007
2157170
2157227
2157262
2157307
2157551
2157586
2157595
2157601
2157687
2157694
2157724
2157737
2157832
2157928
2157980
2158032
2158043
2158081
2158086
2158243
2158286
2158362
2158578
2158635
2158785
2158852
2159025
2159033
2159079
2159109
2159142
2159251
2159274
2159401
2159454
2159563
2159746
2159774
2159793
2159806
2159820
2159910
2159983
2159994
2160045
2160074
2160145
2160295
2160418
2160481
2160674
2160787
2160928
2160934
2161156
2161188
2161255
2161262
2161282
2161469
2161521
2161546
2161908
2162111
2162125
2162140
2162441
2162537
2162571
2162635
2162698
2162742
2163005
2163009
2163130
2163195
2163236
2163424
2163449
2163502
2163507
2163514
2163608
2163643
2163669
2163681
2163717
2163775
2163829
2163901
2163964
2164040
2164060
2164095
2164201
2164312
2164344
2164363
2164402
2164449
2164452
2164502
2164589
2164706
2164822
2164836
2164869
2164881
2164919
2164925
2164986
2165001
2165137
2165193
2165229
2165280
2165371
2165387
2165890
2165942
2165996
2166052
2166448
2166498
2166503
2166526
2166570
2166592
2166602
2166729
2166760
2166768
2166783
2166807
2166825
2166858
2167025
2167069
2167217
2167300
2167375
2167600
2167615
2167708
2167800
2167815
2167822
2168021
2168099
2168102
2168143
2168184
2168274
2168293
2168442
2168476
2168499
2168529
2168642
2168650
2168777
2168810
2168867
2168883
2168923
2169089
2169130
2169211
2169319
2169672
2169730
2169776
2169914
2169918
2169971
2170085
2170090
2170339
2170416
2170559
2170711
2170897
2170966
2170979
2171001
2171008
2171171
2171251
2171339
2171361
2171392
2171527
2171557
2171576
2171677
2171778
2172032
2172133
2172162
2172285
2172293
2172296
2172306
2172353
2172366
2172465
2172556
2172739
2172923
2173103
2173121
2173171
2173207
2173259
2173282
2173374
2173414
2173534
2173611
2173670
2173741
2173835
2173876
2173925
2174068
2174173
2174258
2174279
2174306
2174415
2174468
2174520
2174526
2174548
2174565
2174727
2174850
2174900
2174981
2175005
2175213
2175404
2175459
2175465
2175479
2175483
2175485
2175660
2175740
2176245
2176376
2176423
2176586
2176718
2176836
2176861
2176893
2176908
2176962
2177034
2177062
2177071
2177322
2177414
2177432
2177457
2177593
2177620
2177746
2177769
2177781
2177800
2177913
2177934
2177985
2178019
2178060
2178108
2178120
2178128
2178170
2178227
2178295
2178323
2178595
2178716
2178718
2178837
2178947
2178991
2179064
2179104
2179169
2179459
2179493
2179644
2179664
2179699
2179713
2179796
2179800
2179827
2179869
2180049
2180187
2180300
2180330
2180469
2180481
2180585
2180686
2180750
2180868
2181013
2181022
2181124
2181163
2181248
2181256
2181261
2181300
2181669
2181696
2181729
2181744
2181900
2181945
2182081
2182144
2182156
2182165
2182215
2182313
2182370
2182449
2182550
2182596
2182685
2182691
2182750
2182799
2182918
2183082
2183147
2183191
2183251
2183410
2183427
2183571
2183614
2183812
2183954
2184015
2184026
2184032
2184064
2184096
2184119
2184144
2184269
2184322
2184377
2184447
2184536
2184588
2184685
2184745
2184781
2184801
2184859
2184905
2185015
2185041
2185123
2185146
2185422
2185455
2185486
2185646
2185768
2185884
2185895
2185913
2186028
2186037
2186054
2186118
2186152
2186197
2186303
2186313
2186376
2186419
2186444
2186529
2186574
2186600
2186625
2186687
2186747
2186900
2187123
2187269
2187300
2187528
2187559
2187697
2188424
2188622
2188658
2188671
2189045
2189057
2189088
2189350
2189406
2189418
2189628
2189670
2189687
2189736
2189772
2190014
2190082
2190111
2190235
2190276
2190346
2190419
2190543
2190638
2190647
2190777
2191019
2191137
2191148
2191193
2191223
2191264
2191343
2191490
2191505
2191558
2191721
2191736
2192029
2192069
2192260
2192320
2192352
2192409
2192507
2192672
2192756
2192790
2192944
2192986
2193003
2193017
2193085
2193139
2193377
2193447
2193543
2193570
2193623
2193642
2193696
2193705
2193712
2193761
2193805
2193834
2193840
2193851
2193916
2194112
2194166
2194240
2194273
2194371
2194375
2194384
2194521
2194553
2194631
2194678
2194763
2194773
2194868
2194915
2195041
2195058
2195064
2195212
2195264
2195622
2195631
2195724
2195772
2195831
2195847
2195869
2195907
2195916
2196159
2196183
2196214
2196281
2196299
2196399
2196530
2196617
2196815
2197020
2197119
2197127
2197184
2197207
2197216
2197254
2197323
2197394
2197428
2197547
2197660
2197770
2197793
2197920
2197935
2198262
2198518
2198765
2199004
2199027
2199099
2199109
2199137
2199160
2199270
2199326
2199340
2199423
2199590
2199714
2199750
2200033
2200290
2200385
2200406
2200461
2200529
2200540
2200560
2200680
2200720
2200783
2200795
2200827
2200903
2200993
2201013
2201054
2201063
2201072
2201300
2201401
2201550
2201574
2201680
2201831
2201863
2201946
2201951
2202107
2202108
2202134
2202137
2202139
2202227
2202266
2202333
2202649
2202665
2202952
2203062
2203064
2203288
2203329
2203442
2203514
2203556
2203602
2203720
2203743
2203757
2203770
2203857
2203968
2203976
2204000
2204238
2204387
2204390
2204412
2204737
2204754
2204785
2204811
2204843
2204850
2204874
2204936
2205011
2205020
2205191
2205201
2205207
2205233
2205317
2205348
2205508
2205623
2205658
2205681
2205689
2205810
2205934
2206030
2206036
2206043
2206332
2206394
2206409
2206422
2206484
2206603
2206660
2206735
2206782
2206841
2206879
2206928
2206948
2207108
2207117
2207121
2207132
2207169
2207256
2207300
2207303
2207388
2207442
2207507
2207558
2207635
2207659
2207792
2207810
2207885
2207889
2207962
2207997
2208004
2208034
2208042
2208136
2208200
2208208
2208247
2208316
2208356
2208398
2208465
2208512
2208523
2208670
2208707
2208801
2208831
2208854
2208957
2208966
2209060
2209090
2209097
2209115
2209119
2209202
2209470
2209536
2209611
2209631
2209650
2209854
2209885
2209939
2210017
2210047
2210081
2210162
2210236
2210380
2210465
2210552
2210561
2210591
2210670
2210724
2210736
2210759
2210806
2210831
2211061
2211110
2211128
2211146
2211154
2211173
2211198
2211269
2211305
2211406
2211591
2211677
2211683
2211724
2211769
2211892
2212082
2212126
2212373
2212441
2212468
2212495
2212498
2212533
2212571
2212657
2212727
2212787
2212794
2212803
2212849
2212881
2212954
2213171
2213225
2213481
2213680
2213827
2213882
2213929
2213953
2214017
2214038
2214066
2214075
2214096
2214147
2214241
2214322
2214357
2214538
2214593
2214628
2214648
2214658
2214744
2214892
2214916
2214940
2214959
2214981
2215045
2215147
2215192
2215251
2215308
2215400
2215418
2215459
2215490
2215506
2215707
2215778
2215839
2215849
2215874
2215958
2215980
2216121
2216147
2216224
2216252
2216256
2216332
2216591
2216692
2216756
2216840
2216845
2216858
2216894
2216901
2217059
2217072
2217089
2217108
2217162
2217258
2217284
2217346
2217432
2217437
2217503
2217515
2217608
2217664
2217786
2217868
2217898
2218027
2218141
2218163
2218171
2218207
2218213
2218234
2218271
2218299
2218353
2218362
2218398
2218404
2218455
2218549
2218762
2218804
2218826
2218990
2218999
2219047
2219106
2219117
2219176
2219208
2219295
2219325
2219341
2219625
2219737
2219742
2219814
2219850
2219890
2219920
2219939
2219995
2220154
2220234
2220247
2220556
2220585
2220940
2221021
2221148
2221227
2221241
2221344
2221420
2221590
2221609
2221640
2221669
2221767
2221832
2221857
2221878
2221951
2221966
2222037
2222062
2222120
2222193
2222280
2222293
2222341
2222478
2222491
2222514
2222657
2222686
2222695
2222701
2222722
2222802
2222813
2222870
2222909
2223067
2223095
2223205
2223237
2223276
2223315
2223380
2223436
2223462
2223468
2223590
2223751
2223877
2224018
2224154
2224264
2224295
2224314
2224378
2224401
2224468
2224512
2224605
2224609
2224616
2224712
2224751
2224755
2224768
2224778
2224830
2224946
2225067
2225097
2225438
2225511
2225545
2225632
2225655
2225690
2225847
2225887
2226339
2226531
2226545
2226702
2226753
2226847
2227233
2227385
2227462
2227489
2227600
2227640
2227645
2227695
2227884
2227945
2227981
2228096
2228287
2228295
2228588
2228687
2228738
2228792
2228798
2228851
2229298
2229422
2229536
2229638
2229644
2229736
2229800
2229831
2229934
2229965
2230080
2230126
2230205
2230248
2230325
2230482
2230508
2230520
2230568
2230899
2230917
2231207
2231235
2231248
2231437
2231488
2231760
2231836
2231954
2232041
2232127
2232550
2232616
2233013
2233092
2233134
2233172
2233213
2233251
2233256
2233268
2233412
2233429
2233465
2233481
2233499
2233581
2233606
2233677
2233714
2233881
2233892
2233915
2233982
2234025
2234053
2234058
2234088
2234149
2234174
2234252
2234327
2234368
2234374
2234479
2234526
2234618
2234716
2234865
2234888
2234959
2234983
2235009
2235113
2235234
2235276
2235321
2235340
2235408
2235443
2235478
2235498
2235707
2235952
2236081
2236103
2236257
2236363
2236485
2236588
2236878
2236891
2236939
2237004
2237084
2237121
2237253
2237265
2237273
2237394
2237838
2237960
2237962
2238024
2238074
2238078
2238324
2238400
2238526
2238581
2238708
2238787
2238904
2239016
2239027
2239037
2239050
2239078
2239390
2239511
2239554
2239570
2239675
2239707
2239712
2239729
2239859
2239963
2240037
2240048
2240099
2240151
2240191
2240290
2240300
2240374
2240422
2240572
2240689
2240718
2240764
2240803
2240832
2240881
2240930
2240949
2241015
2241053
2241090
2241100
2241363
2241401
2241420
2241498
2241574
2241655
2242004
2242077
2242107
2242185
2242221
2242331
2242363
2242383
2242502
2242541
2242553
2242599
2242663
2242790
2242816
2242916
2242954
2242987
2243034
2243138
2243187
2243200
2243225
2243265
2243347
2243382
2243395
2243401
2243529
2243582
2243702
2243720
2243756
2243869
2243958
2243988
2244134
2244173
2244377
2244393
2244458
2244485
2244728
2244734
2244842
2244887
2244898
2245004
2245121
2245178
2245314
2245373
2245393
2245422
2245429
2245559
2245568
2245624
2245696
2245814
2245886
2245960
2245987
2246116
2246189
2246230
2246468
2246473
2246614
2246764
2246934
2246987
2247031
2247116
2247373
2247420
2247437
2247624
2247630
2247938
2247976
2248253
2248476
2248483
2248636
2248804
2248944
2249219
2249343
2249445
2249476
2249540
2249567
2249634
2249765
2249767
2249779
2249809
2249892
2250062
2250166
2250200
2250214
2250305
2250332
2250340
2250369
2250398
2250437
2250468
2250519
2250521
2250544
2250691
2250744
2251092
2251188
2251208
2251247
2251261
2251297
2251820
2251832
2251834
2251931
2251983
2252016
2252065
2252119
2252139
2252547
2252562
2252755
2252800
2252977
2253027
2253071
2253094
2253167
2253216
2253267
2253288
2253295
2253371
2253413
2253531
2253573
2253596
2253618
2253639
2253756
2253815
2253881
2254062
2254133
2254175
2254273
2254287
2254301
2254477
2254510
2254755
2254875
2254888
2254910
2254960
2255033
2255034
2255051
2255109
2255145
2255151
2255299
2255368
2255546
2255671
2255722
2255926
2256083
2256160
2256266
2256340
2256426
2256492
2256518
2256528
2256553
2256592
2256602
2256630
2256662
2256746
2256776
2256778
2256796
2256897
2256909
2256985
2257307
2257330
2257480
2257594
2257744
2257747
2257785
2257879
2258020
2258029
2258282
2258311
2258418
2258519
2258527
2258553
2258674
2258718
2258743
2258795
2258949
2258958
2259000
2259109
2259151
2259179
2259265
2259429
2259435
2259547
2259615
2259765
2259779
2259845
2259893
2259972
2260030
2260151
2260243
2260338
2260344
2260447
2260567
2260808
2260823
2260843
2260861
2260897
2260940
2260951
2261064
2261077
2261087
2261458
2261736
2261755
2261840
2261859
2261906
2261924
2261932
2261939
2261996
2262045
2262075
2262117
2262151
2262183
2262194
2262262
2262295
2262436
2262554
2262601
2262649
2262691
2262703
2262737
2262767
2262808
2262877
2262901
2262983
2263146
2263158
2263192
2263293
2263350
2263402
2263472
2263505
2263512
2263531
2263557
2263644
2263664
2263681
2263816
2263864
2264507
2264548
2264619
2264687
2264799
2264813
2264815
2264821
2264887
2265081
2265085
2265122
2265244
2265251
2265342
2265357
2265559
2265854
2265883
2265894
2265992
2266081
2266176
2266207
2266354
2266391
2266600
2266664
2266693
2266710
2266730
2266850
2266871
2267172
2267188
2267192
2267261
2267269
2267374
2267435
2267504
2267646
2267727
2267769
2267776
2267786
2267855
2267872
2267927
2267939
2267977
2268125
2268190
2268270
2268290
2268424
2268496
2268513
2268529
2268729
2268767
2268803
2268813
2268863
2269002
2269137
2269150
2269338
2269479
2269666
2270031
2270225
2270572
2270722
2270762
2270803
2270881
2270901
2270919
2271074
2271168
2271259
2271328
2271417
2271540
2271548
2271574
2271679
2271719
2271740
2271772
2271902
2271905
2271959
2271972
2272021
2272091
2272206
2272263
2272336
2272375
2272421
2272436
2272539
2272649
2272715
2272794
2272883
2272898
2273067
2273132
2273400
2273453
2273523
2273568
2273581
2273635
2273870
2273899
2273907
2273933
2274084
2274098
2274112
2274123
2274157
2274162
2274290
2274387
2274403
2274418
2274654
2274751
2275322
2275327
2275427
2275674
2275680
2275782
2275909
2276045
2276108
2276724
2276768
2276911
2276942
2276952
2277184
2277228
2277242
2277331
2277356
2277364
2277432
2277705
2277807
2277900
2277917
2278070
2278164
2278170
2278226
2278253
2278292
2278305
2278380
2278408
2278523
2278641
2278730
2278790
2278811
2278934
2279006
2279217
2279232
2279354
2279367
2279396
2279413
2279432
2279511
2279556
2279583
2279626
2279822
2279852
2279873
2279940
2280014
2280044
2280051
2280166
2280217
2280265
2280293
2280299
2280386
2280452
2280502
2280634
2280672
2280810
2280942
2281005
2281031
2281056
2281075
2281103
2281193
2281282
2281355
2281428
2281440
2281457
2281594
2281616
2281619
2281625
2282017
2282034
2282083
2282125
2282202
2282382
2282450
2282501
2282568
2282644
2282652
2282695
2282858
2282914
2282990
2283019
2283032
2283167
2283302
2283356
2283426
2283510
2283548
2283695
2283709
2283720
2283748
2283778
2283793
2283852
2283875
2284075
2284128
2284236
2284254
2284257
2284398
2284440
2284467
2284551
2284598
2284631
2284825
2284886
2284923
2285036
2285110
2285124
2285347
2285371
2285374
2285441
2285468
2285523
2285604
2285809
2285838
2285944
2286018
2286045
2286164
2286171
2286178
2286356
2286449
2286467
2286916
2286955
2286961
2287098
2287134
2287213
2287255
2287273
2287426
2287438
2287515
2287760
2287786
2287816
2287886
2287914
2288060
2288097
2288099
2288106
2288124
2288185
2288372
2288388
2288417
2288454
2288459
2288733
2288775
2288786
2288835
2288841
2288866
2288883
2289044
2289081
2289095
2289250
2289265
2289289
2289356
2289379
2289468
2289592
2289595
2289633
2289653
2289668
2289756
2289775
2290061
2290076
2290080
2290218
2290251
2290287
2290306
2290391
2290463
2290579
2290708
2290737
2290771
2290796
2290834
2290838
2291002
2291022
2291052
2291070
2291090
2291232
2291305
2291314
2291452
2291467
2291530
2291788
2291851
2291887
2291985
2292020
2292069
2292111
2292172
2292249
2292326
2292401
2292434
2292563
2292613
2292652
2292752
2292874
2292954
2292961
2293020
2293072
2293125
2293138
2293165
2293237
2293280
2293305
2293338
2293652
2293695
2293774
2293785
2293801
2293856
2293869
2293950
2294086
2294128
2294131
2294169
2294175
2294215
2294232
2294239
2294273
2294487
2294538
2294625
2294708
2294877
2294898
2294903
2294905
2295011
2295161
2295247
2295269
2295311
2295319
2295371
2295374
2295378
2295465
2295475
2295506
2295587
2295918
2295920
2295991
2296063
2296190
2296217
2296474
2296574
2296580
2296606
2296631
2296734
2296884
2296966
2296981
2297015
2297089
2297137
2297183
2297286
2297299
2297389
2297519
2297590
2297694
2297758
2297788
2297915
2297950
2298016
2298047
2298061
2298091
2298133
2298171
2298200
2298248
2298259
2298266
2298303
2298371
2298439
2298562
2298624
2299004
2299048
2299050
2299063
2299100
2299261
2299360
2299456
2299479
2299605
2299645
2299762
2299814
2300105
2300131
2300166
2300197
2300205
2300247
2300342
2300489
2300533
2300585
2300624
2300658
2300687
2300769
2300828
2300868
2300954
2301018
2301173
2301194
2301257
2301275
2301354
2301405
2301465
2301487
2301502
2301558
2301633
2301646
2301760
2301765
2301867
2301885
2301948
2301981
2302136
2302192
2302322
2302373
2302396
2302403
2302460
2302467
2302508
2302571
2302625
2302653
2302655
2302811
2302984
2303105
2303150
2303171
2303190
2303209
2303244
2303294
2303300
2303421
2303611
2303633
2303785
2304360
2304513
2304536
2304599
2304610
2304629
2304774
2304839
2304860
2305004
2305031
2305059
2305108
2305281
2305382
2305587
2305613
2305737
2305813
2305966
2306019
2306049
2306313
2306318
2306474
2306514
2306523
2306715
2306725
2306728
2306846
2306906
2306943
2306997
2307023
2307060
2307095
2307152
2307350
2307449
2307660
2307768
2307812
2307835
2307855
2307918
2307980
2308015
2308167
2308215
2308254
2308278
2308281
2308318
2308378
2308487
2308554
2308596
2308709
2308820
2308824
2308942
2309082
2309102
2309157
2309182
2309260
2309331
2309474
2309497
2309570
2309704
2309751
2309767
2309915
2309920
2309968
2309974
2309984
2310008
2310210
2310243
2310305
2310364
2310385
2310405
2310532
2310546
2310637
2310680
2310699
2310712
2310767
2310823
2310851
2310927
2310989
2311007
2311075
2311114
2311234
2311282
2311292
2311303
2311376
2311411
2311647
2311755
2311817
2311926
2311966
2312115
2312125
2312134
2312156
2312199
2312229
2312245
2312380
2312477
2312495
2312658
2312758
2312863
2312890
2312953
2313063
2313147
2313358
2313410
2313436
2313477
2313501
2313506
2313556
2313741
2313788
2313830
2313844
2313859
2313907
2313940
2313960
2313986
2313998
2314012
2314051
2314216
2314378
2314534
2314645
2314656
2314660
2314693
2314759
2314899
2314911
2314997
2315048
2315159
2315165
2315387
2315461
2315480
2315545
2315613
2315741
2315786
2315914
2316013
2316023
2316109
2316365
2316396
2316620
2316641
2316695
2316712
2316862
2316970
2317019
2317057
2317113
2317186
2317187
2317196
2317264
2317318
2317386
2317398
2317489
2317499
2317510
2317577
2317623
2317982
2318022
2318043
2318059
2318085
2318284
2318295
2318460
2318478
2318874
2319206
2319336
2319354
2319363
2319536
2319559
2319571
2319635
2319928
2320167
2320349
2320427
2320445
2320462
2320492
2320584
2320750
2320795
2320806
2320830
2320912
2321085
2321183
2321234
2321295
2321453
2321465
2321577
2321602
2321703
2321834
2321991
2322046
2322146
2322264
2322300
2322348
2322359
2322397
2322416
2322585
2322620
2322699
2322793
2322816
2322837
2322900
2322927
2322946
2323118
2323200
2323220
2323247
2323466
2323474
2323505
2323619
2323649
2324034
2324121
2324166
2324208
2324385
2324386
2324403
2324478
2324925
2324999
2325109
2325135
2325207
2325233
2325235
2325253
2325326
2325506
2325521
2325604
2325650
2325960
2326053
2326282
2326315
2326355
2326376
2326397
2326412
2326443
2326468
2326566
2326572
2326711
2326721
2326809
2326957
2326979
2327037
2327292
2327325
2327369
2327390
2327435
2327466
2327572
2327592
2327743
2327754
2327771
2327800
2327810
2327821
2327992
2328005
2328149
2328347
2328433
2328538
2328569
2328622
2328640
2328761
2328769
2328813
2328832
2328850
2328910
2328923
2328979
2329075
2329295
2329301
2329331
2329353
2329373
2329439
2329494
2329542
2329546
2329599
2329631
2329643
2329687
2329703
2330098
2330269
2330290
2330395
2330565
2330635
2330716
2330809
2331107
2331171
2331295
2331374
2331444
2331471
2331493
2331525
2331601
2331764
2331773
2332010
2332042
2332206
2332246
2332308
2332353
2332408
2332448
2332510
2332707
2332751
2332788
2332958
2333011
2333068
2333101
2333177
2333239
2333286
2333319
2333354
2333376
2333389
2333435
2333438
2333462
2333517
2333522
2333688
2333691
2333821
2333859
2333904
2333936
2333954
2334069
2334120
2334306
2334335
2334417
2334447
2334468
2334573
2334627
2334638
2334657
2334677
2334739
2334824
2335058
2335086
2335108
2335336
2335498
2335660
2335769
2336023
2336214
2336242
2336337
2336440
2336508
2336570
2336588
2336596
2336615
2336631
2336744
2336770
2336820
2336860
2336865
2337146
2337224
2337229
2337324
2337426
2337476
2337542
2337616
2337655
2337658
2337808
2337829
2337842
2337858
2337935
2337943
2338018
2338058
2338063
2338093
2338335
2338475
2338644
2338825
2338835
2338849
2338897
2338908
2338921
2338992
2339037
2339212
2339224
2339231
2339238
2339275
2339427
2339458
2339464
2339478
2339483
2339516
2339577
2339586
2339611
2339649
2339655
2339673
2339687
2339706
2339955
2340025
2340039
2340074
2340137
2340171
2340231
2340256
2340367
2340532
2340721
2340748
2340863
2340912
2340950
2340976
2341030
2341230
2341272
2341454
2341508
2341515
2341559
2341682
2341703
2341707
2341770
2341786
2341796
2341866
2342068
2342090
2342131
2342194
2342373
2342424
2342516
2342572
2342590
2342862
2342927
2342930
2343104
2343139
2343157
2343185
2343422
2343445
2343449
2343490
2343506
2343512
2343523
2343639
2343687
2343698
2343702
2343744
2343756
2343868
2343983
2343998
2344007
2344057
2344177
2344319
2344497
2344561
2344616
2344667
2344690
2344794
2344879
2344904
2344917
2345042
2345052
2345243
2345417
2345474
2345745
2345811
2345847
2345853
2345893
2346006
2346146
2346222
2346250
2346363
2346413
2346501
2346544
2346550
2346830
2346845
2346847
2347197
2347280
2347434
2347930
2347984
2348149
2348166
2348200
2348264
2348398
2348448
2348775
2348817
2348821
2348897
2348900
2348949
2349176
2349200
2349218
2349328
2349416
2349490
2349593
2349607
2349645
2349699
2349860
2349977
2350085
2350091
2350164
2350169
2350358
2350380
2350396
2350416
2350452
2350615
2350812
2350863
2350974
2351044
2351166
2351173
2351223
2351231
2351578
2351611
2351633
2351714
2351826
2351879
2351892
2351900
2351939
2351955
2352077
2352122
2352321
2352345
2352385
2352458
2352536
2352775
2352851
2352935
2353012
2353072
2353244
2353376
2353513
2353517
2353535
2353607
2353661
2353722
2353743
2353828
2353914
2354003
2354013
2354036
2354065
2354097
2354152
2354269
2354328
2354434
2354442
2354537
2354580
2354854
2354863
2354902
2354911
2355017
2355130
2355218
2355246
2355328
2355344
2355356
2355399
2355417
2355503
2355599
2355617
2355680
2355731
2355788
2355922
2355941
2355987
2356040
2356226
2356388
2356447
2356524
2356619
2356678
2356710
2356819
2356879
2356915
2356928
2356934
2356940
2356957
2356973
2357078
2357209
2357285
2357292
2357405
2357428
2357719
2357751
2357782
2357824
2357938
2357943
2358183
2358220
2358278
2358310
2358360
2358375
2358433
2358440
2358615
2358677
2358691
2358701
2358812
2358837
2358868
2358925
2358932
2358962
2359052
2359103
2359251
2359284
2359288
2359358
2359439
2359480
2359507
2359542
2359719
2359749
2359809
2359811
2359836
2359850
2359941
2360135
2360144
2360175
2360214
2360217
2360361
2360399
2360414
2360468
2360491
2360772
2360820
2360839
2360857
2360889
2361112
2361127
2361138
2361237
2361269
2361417
2361465
2361484
2361510
2361554
2361640
2361682
2361685
2361710
2361800
2361924
2362247
2362250
2362275
2362287
2362418
2362487
2362522
2362650
2362980
2363039
2363127
2363233
2363243
2363267
2363366
2363412
2363535
2363686
2363699
2363747
2363835
2363931
2364131
2364133
2364180
2364218
2364326
2364351
2364452
2364485
2364511
2364544
2364555
2364716
2364894
2364958
2365002
2365042
2365119
2365290
2365416
2365750
2365780
2365882
2365898
2366005
2366053
2366120
2366136
2366156
2366231
2366479
2366589
2366690
2366702
2366706
2366790
2366818
2366829
2366888
2366999
2367028
2367132
2367244
2367262
2367280
2367299
2367356
2367411
2367417
2367438
2367473
2367482
2367498
2367588
2367608
2367727
2367758
2367783
2367844
2367988
2368019
2368044
2368109
2368210
2368216
2368509
2368636
2368725
2369033
2369043
2369057
2369080
2369304
2369363
2369434
2369456
2369469
2369531
2369689
2369733
2369737
2369788
2369872
2370034
2370048
2370087
2370183
2370188
2370281
2370335
2370431
2370711
2370802
2371284
2371308
2371431
2371479
2371534
2371551
2371620
2371644
2371667
2372094
2372163
2372190
2372232
2372240
2372274
2372293
2372443
2372458
2372638
2372686
2372741
2372757
2372777
2372906
2372925
2372968
2372983
2372988
2373008
2373032
2373070
2373199
2373250
2373275
2373337
2373484
2373508
2373568
2374104
2374306
2374313
2374328
2374503
2374553
2374558
2374591
2374679
2374727
2374734
2374774
2374807
2374893
2375006
2375045
2375272
2375341
2375352
2375418
2375623
2375658
2375779
2375905
2375913
2376019
2376029
2376047
2376234
2376248
2376260
2376301
2376328
2376339
2376358
2376426
2376435
2376520
2376532
2376714
2376729
2376741
2376828
2376868
2377010
2377204
2377239
2377287
2377351
2377417
2377486
2377511
2377584
2377904
2377915
2378235
2378328
2378469
2378473
2378517
2378609
2378683
2378811
2379114
2379147
2379503
2379543
2379686
2379715
2379778
2379793
2379810
2379816
2379874
2379974
2380018
2380064
2380074
2380204
2380268
2380416
2380454
2380496
2380505
2380560
2380683
2380762
2380810
2380833
2380936
2380983
2380991
2381058
2381076
2381100
2381138
2381186
2381325
2381381
2381390
2381520
2381573
2381577
2381685
2381723
2381918
2381923
2382173
2382212
2382287
2382339
2382389
2382468
2382502
2382525
2382535
2382658
2382691
2382740
2382768
2383007
2383056
2383180
2383416
2383437
2383478
2383570
2383663
2383796
2383816
2383971
2384543
2384553
2384596
2384815
2384840
2385115
2385461
2385548
2385636
2385711
2385734
2385777
2385829
2386082
2386106
2386170
2386258
2386282
2386318
2386732
2386786
2386807
2386821
2386861
2386989
2387381
2387413
2387475
2387496
2387606
2387668
2387940
2388043
2388088
2388116
2388128
2388216
2388271
2388298
2388349
2388412
2388517
2388724
2388755
2388830
2388950
2389082
2389128
2389210
2389245
2389272
2389318
2389340
2389374
2389397
2389434
2389539
2389626
2389677
2389770
2389927
2389977
2390051
2390065
2390126
2390140
2390148
2390174
2390190
2390238
2390351
2390360
2390402
2390427
2390486
2390552
2390623
2390664
2390688
2390697
2390795
2390813
2390829
2390956
2391072
2391151
2391199
2391227
2391346
2391436
2391467
2391544
2391668
2391711
2391722
2391733
2391743
2391757
2391765
2391835
2391977
2392009
2392050
2392073
2392077
2392104
2392166
2392185
2392196
2392231
2392393
2392439
2392580
2392689
2392739
2392823
2392834
2392847
2393005
2393012
2393058
2393074
2393195
2393197
2393295
2393455
2393953
2394164
2394245
2394293
2394349
2394387
2394544
2394631
2394636
2394649
2394687
2394848
2394886
2394897
2394957
2394968
2395023
2395060
2395170
2395253
2395259
2395400
2395513
2395683
2395690
2395741
2395750
2395762
2395777
2395787
2395897
2396058
2396066
2396094
2396225
2396239
2396243
2396263
2396278
2396556
2396630
2396889
2396940
2397006
2397132
2397184
2397231
2397237
2397506
2397531
2397537
2397585
2397655
2397838
2397870
2397884
2398060
2398198
2398243
2398326
2398339
2398340
2398396
2398402
2398560
2398758
2398890
2399140
2399248
2399257
2399272
2399430
2399485
2399538
2399574
2399580
2399599
2399625
2399881
2400045
2400072
2400089
2400141
2400159
2400181
2400267
2400279
2400327
2400332
2400364
2400434
2400485
2400500
2400532
2400721
2400733
2400867
2400905
2400986
2400991
2401258
2401450
2401544
2401552
2401696
2401756
2401766
2401872
2402002
2402053
2402108
2402153
2402393
2402554
2402726
2402785
2402786
2402851
2402882
2402951
2403006
2403220
2403252
2403277
2403369
2403395
2403411
2403435
2403468
2403628
2403700
2403705
2403811
2403942
2404005
2404295
2404638
2404876
2405025
2405040
2405105
2405109
2405168
2405290
2405344
2405446
2405457
2405464
2405544
2405625
2405785
2405793
2405843
2405862
2405898
2405927
2406164
2406227
2406242
2406352
2406405
2406467
2406552
2406612
2406634
2406741
2406749
2406776
2406786
2406980
2406984
2407010
2407054
2407156
2407345
2407398
2407490
2407500
2407516
2407547
2407644
2407656
2407724
2407757
2407809
2407903
2407913
2407916
2407985
2408005
2408060
2408114
2408194
2408211
2408455
2408553
2408684
2408795
2408932
2409026
2409141
2409155
2409163
2409175
2409250
2409307
2409405
2409562
2409601
2409604
2409744
2409755
2409795
2409855
2409880
2410000
2410021
2410064
2410109
2410182
2410206
2410246
2410258
2410731
2410836
2410893
2411015
2411049
2411052
2411154
2411158
2411181
2411234
2411335
2411474
2411485
2411515
2411550
2411626
2411644
2411792
2411857
2411870
2411933
2411959
2412109
2412201
2412267
2412364
2412424
2412445
2412740
2412749
2413045
2413087
2413089
2413123
2413197
2413202
2413243
2413330
2413413
2413478
2413575
2413765
2413822
2413974
2413998
2414036
2414078
2414094
2414117
2414197
2414215
2414271
2414299
2414390
2414469
2414642
2414705
2414819
2414848
2414914
2415389
2415439
2415496
2415522
2415569
2415657
2415671
2415768
2415941
2415961
2416019
2416090
2416123
2416153
2416273
2416395
2416454
2416487
2416678
2416704
2416760
2416795
2416871
2416973
2417052
2417089
2417160
2417165
2417589
2417688
2417710
2417826
2417864
2417871
2417956
2418083
2418150
2418189
2418195
2418216
2418250
2418361
2418597
2418649
2418712
2418758
2418792
2418821
2418835
2418877
2418980
2419161
2419362
2419403
2419455
2419547
2419731
2419815
2419865
2419875
2419979
2420100
2420156
2420242
2420246
2420264
2420310
2420435
2420449
2420644
2420673
2420698
2420760
2420880
2420985
2421071
2421205
2421551
2421564
2421627
2421780
2421836
2421974
2422075
2422129
2422153
2422204
2422240
2422249
2422371
2422460
2422542
2422590
2422854
2422971
2423080
2423170
2423247
2423343
2423425
2423790
2424015
2424068
2424115
2424207
2424272
2424283
2424293
2424353
2424379
2424396
2424649
2424663
2424829
2424903
2424910
2424932
2424944
2424960
2425061
2425146
2425161
2425263
2425345
2425408
2425414
2425476
2425508
2425567
2425733
2425891
2425942
2425990
2426009
2426059
2426103
2426113
2426138
2426482
2426490
2426554
2426575
2426641
2426670
2426778
2426929
2426945
2426982
2427118
2427270
2427350
2427365
2427376
2427433
2427454
2427559
2427574
2427600
2427715
2427735
2427753
2427806
2427816
2427933
2427972
2428040
2428073
2428154
2428280
2428459
2428494
2428534
2428550
2428665
2428980
2429067
2429100
2429143
2429192
2429243
2429281
2429429
2429542
2429555
2429624
2429774
2429915
2429961
2429965
2430166
2430201
2430299
2430320
2430355
2430374
2430438
2430451
2430517
2430547
2430652
2430655
2430813
2430879
2430919
2430937
2430958
2431009
2431111
2431138
2431143
2431261
2431287
2431540
2431675
2431718
2431750
2431780
2431813
2431845
2431858
2431939
2431956
2431975
2431988
2431999
2432176
2432190
2432212
2432235
2432304
2432324
2432361
2432418
2432438
2432454
2432562
2432614
2432715
2432739
2432866
2432882
2432907
2432958
2433137
2433291
2433528
2433539
2433745
2434028
2434201
2434209
2434236
2434341
2434441
2434466
2434480
2434534
2434546
2434578
2434697
2434780
2434810
2434833
2434849
2435213
2435242
2435281
2435471
2435563
2435611
2435629
2435703
2435887
2436010
2436387
2436618
2436654
2436713
2436764
2436788
2436813
2436867
2436888
2436897
2436905
2436928
2436974
2437275
2437289
2437323
2437365
2437412
2437469
2437537
2437555
2437563
2437622
2437726
2437857
2437864
2437992
2438075
2438085
2438103
2438120
2438154
2438262
2438482
2438601
2438648
2438751
2438804
2438852
2438899
2439010
2439186
2439330
2439342
2439388
2439468
2439492
2439496
2439576
2439628
2439734
2439777
2439784
2439799
2439845
2439877
2439889
2439988
2440028
2440115
2440269
2440276
2440320
2440339
2440391
2440523
2440548
2440603
2440633
2440656
2440663
2440698
2440729
2440832
2440863
2440891
2440898
2441035
2441053
2441421
2441465
2441548
2441752
2441875
2441884
2441954
2442035
2442072
2442080
2442107
2442188
2442267
2442287
2442323
2442373
2442397
2442509
2442542
2442552
2442596
2442718
2442838
2442844
2442897
2442942
2442975
2443034
2443210
2443332
2443487
2443660
2443868
2443995
2444322
2444436
2444635
2444674
2444969
2445022
2445048
2445176
2445258
2445289
2445387
2445417
2445452
2445512
2445563
2445586
2445802
2445844
2445863
2445878
2446084
2446126
2446198
2446347
2446482
2446532
2446732
2446764
2446823
2446957
2446998
2447002
2447024
2447065
2447128
2447191
2447195
2447242
2447330
2447528
2447617
2447873
2447892
2447898
2448083
2448288
2448300
2448451
2448539
2448594
2448625
2448688
2448719
2448802
2448979
2448987
2449023
2449090
2449248
2449287
2449410
2449457
2449601
2449662
2449919
2449966
2450016
2450061
2450326
2450366
2450406
2450414
2450458
2450650
2450672
2450773
2450860
2450985
2451074
2451151
2451245
2451272
2451295
2451320
2451373
2451384
2451888
2451930
2451949
2451969
2451994
2452060
2452116
2452235
2452318
2452400
2452433
2452480
2452486
2452541
2452545
2452562
2452622
2452706
2452797
2452821
2452857
2452983
2453087
2453163
2453328
2453348
2453390
2453631
2453722
2453743
2453789
2453794
2453820
2453843
2453931
2453942
2453964
2453992
2454018
2454122
2454236
2454420
2454449
2454551
2454581
2454603
2454691
2454737
2454760
2454803
2454821
2454888
2454998
2455008
2455030
2455036
2455198
2455234
2455265
2455464
2455590
2455618
2455630
2455678
2455711
2455743
2455767
2455799
2455873
2455923
2455976
2455989
2456021
2456098
2456143
2456173
2456199
2456235
2456330
2456354
2456557
2456667
2456702
2456723
2456829
2456855
2456972
2457023
2457047
2457314
2457344
2457442
2457484
2457492
2457543
2457613
2457754
2457772
2457797
2458004
2458065
2458182
2458289
2458322
2458445
2458458
2458506
2458583
2458607
2458629
2458696
2458716
2459177
2459217
2459229
2459270
2459384
2459478
2459532
2459609
2459615
2459912
2460156
2460251
2460276
2460433
2460442
2460479
2460566
2460591
2460617
2460649
2460666
2460709
2460921
2461018
2461047
2461052
2461293
2461441
2461493
2461696
2461767
2461837
2461866
2461906
2461911
2461924
2462024
2462033
2462551
2462606
2462617
2462619
2462643
2462664
2462669
2462700
2462706
2462796
2462958
2463002
2463024
2463063
2463310
2463383
2463467
2463508
2463682
2463851
2463953
2463969
2464020
2464176
2464190
2464277
2464357
2464504
2464508
2464600
2464623
2464652
2464992
2465016
2465039
2465080
2465205
2465291
2465681
2465777
2465820
2465824
2465836
2466180
2466223
2466259
2466270
2466278
2466515
2466526
2466593
2466620
2466686
2466691
2466764
2466768
2466807
2466865
2466919
2467034
2467093
2467141
2467171
2467292
2467391
2467411
2467419
2467448
2467678
2467890
2467949
2468041
2468060
2468072
2468204
2468265
2468319
2468351
2468395
2468401
2468598
2468889
2469116
2469195
2469224
2469330
2469376
2469393
2469438
2469609
2469616
2469709
2469787
2469810
2469817
2469864
2469878
2469932
2469998
2470027
2470087
2470123
2470148
2470150
2470195
2470223
2470530
2470642
2470677
2470721
2470839
2471117
2471221
2471250
2471294
2471367
2471706
2471719
2471837
2471963
2472088
2472151
2472220
2472237
2472311
2472361
2472416
2472500
2472572
2472580
2472585
2472670
2472679
2472685
2472714
2472827
2472842
2472876
2473103
2473179
2473268
2473321
2473419
2473521
2473642
2473757
2473784
2473800
2473838
2473890
2473932
2473950
2473988
2474557
2474598
2474691
2474760
2475163
2475548
2475651
2475664
2475726
2475782
2475882
2476112
2476114
2476142
2476207
2476224
2476362
2476389
2476445
2476672
2476776
2476799
2476803
2476884
2477030
2477145
2477233
2477372
2477548
2477631
2477738
2477932
2477933
2478016
2478041
2478232
2478279
2478333
2478480
2478499
2478535
2478804
2478862
2478909
2478977
2479024
2479159
2479186
2479300
2479324
2479343
2479363
2479423
2479478
2479496
2479517
2479552
2479591
2479751
2479894
2479909
2479973
2480145
2480230
2480286
2480492
2480503
2480512
2480539
2480646
2480656
2480778
2480798
2480822
2480943
2481145
2481159
2481176
2481204
2481255
2481293
2481301
2481355
2481365
2481438
2481520
2481609
2481935
2481946
2481979
2482084
2482100
2482166
2482232
2482247
2482324
2482357
2482479
2482492
2482656
2482752
2482953
2482984
2483026
2483052
2483092
2483148
2483167
2483309
2483380
2483417
2483480
2483646
2483718
2483749
2483790
2483799
2483814
2483945
2483954
2484043
2484071
2484144
2484204
2484389
2484549
2484585
2484690
2484717
2484872
2484922
2485060
2485071
2485152
2485167
2485580
2485720
2485767
2485825
2485871
2486026
2486049
2486085
2486166
2486568
2486592
2486660
2486712
2486750
2486754
2486779
2487137
2487165
2487361
2487416
2487468
2487494
2487554
2487632
2487697
2487715
2487757
2487861
2487881
2487942
2487992
2488129
2488175
2488242
2488353
2488586
2488619
2488692
2488818
2488853
2489140
2489222
2489244
2489300
2489328
2489625
2489686
2489699
2489830
2489870
2489932
2489944
2490071
2490274
2490322
2490377
2490476
2490565
2490599
2490627
2490656
2490736
2490773
2490825
2490947
2491124
2491133
2491193
2491257
2491364
2491416
2491417
2491474
2491653
2491921
2492058
2492211
2492226
2492269
2492301
2492311
2492417
2492469
2492510
2492617
2492710
2492786
2492861
2492937
2493102
2493240
2493420
2493456
2493472
2493547
2493560
2493617
2493638
2493697
2493796
2493839
2494082
2494089
2494124
2494147
2494184
2494383
2494509
2494591
2494628
2494639
2494693
2494725
2494789
2494803
2494861
2494893
2494909
2494934
2494990
2495009
2495088
2495101
2495320
2495371
2495387
2495476
2495565
2495777
2495812
2496028
2496044
2496056
2496076
2496102
2496123
2496158
2496205
2496211
2496333
2496417
2496545
2496606
2496631
2496674
2496829
2497116
2497162
2497275
2497547
2497560
2497682
2497779
2497802
2497823
2497847
2497908
2497924
2497944
2497991
2498011
2498040
2498101
2498106
2498216
2498284
2498405
2498479
2498492
2498508
2498848
2498895
2498898
2499119
2499207
2499307
2499371
2499391
2499411
2499532
2499555
2499586
2499693
2499887
2499936
2500112
2500142
2500153
2500174
2500205
2500221
2500222
2500374
2500414
2500437
2500455
2500548
2500651
2500684
2500792
2500797
2500831
2500882
2500921
2500988
2501008
2501189
2501199
2501372
2501616
2501622
2501672
2501702
2501822
2501875
2501974
2501990
2502028
2502217
2502309
2502331
2502470
2502508
2502515
2502587
2502639
2502696
2502862
2502936
2503047
2503187
2503202
2503293
2503308
2503399
2503537
2503569
2503729
2503874
2503982
2504140
2504180
2504221
2504238
2504395
2504436
2504449
2504472
2504492
2504628
2504670
2504755
2504876
2504987
2505055
2505135
2505427
2505444
2505508
2505517
2505521
2505538
2505545
2505583
2505589
2505747
2505787
2505878
2505912
2505920
2505976
2505979
2506064
2506090
2506290
2506478
2506527
2506573
2506620
2506771
2506877
2506934
2507000
2507014
2507071
2507190
2507271
2507409
2507426
2507435
2507583
2507735
2508128
2508147
2508194
2508233
2508251
2508336
2508392
2508574
2508586
2508702
2508714
2508732
2508851
2508967
2509319
2509338
2509356
2509500
2509673
2509736
2509915
2509955
2510042
2510161
2510322
2510369
2510460
2510465
2510498
2510583
2510616
2510672
2510687
2510727
2511064
2511099
2511102
2511305
2511351
2511406
2511460
2511518
2512358
2512395
2512453
2512469
2512528
2512635
2512673
2512704
2512710
2512728
2512744
2512758
2512779
2512877
2512903
2512985
2513081
2513167
2513210
2513265
2513283
2513308
2513345
2513385
2513460
2513519
2513614
2513651
2513658
2513666
2513709
2513772
2513834
2513879
2513944
2514001
2514186
2514304
2514390
2514473
2514555
2514596
2514603
2514727
2514792
2514808
2514844
2514863
2514883
2514966
2515015
2515027
2515068
2515181
2515188
2515261
2515282
2515337
2515365
2515498
2515649
2515669
2515679
2515718
2515748
2515775
2515845
2515891
2516035
2516052
2516219
2516305
2516373
2516399
2516427
2516535
2516636
2516659
2516664
2516671
2516688
2516770
2516793
2516833
2516862
2516965
2517000
2517015
2517059
2517102
2517142
2517151
2517179
2517286
2517361
2517519
2517566
2517583
2517617
2517680
2517739
2517933
2518155
2518166
2518194
2518617
2518665
2518682
2518715
2518743
2518779
2518817
2518844
2518956
2518969
2518980
2518997
2519170
2519316
2519505
2519583
2519616
2519642
2519657
2519813
2519887
2519931
2520013
2520079
2520134
2520150
2520239
2520269
2520320
2520363
2520471
2520511
2520575
2520612
2520643
2520765
2520882
2521066
2521107
2521186
2521250
2521538
2521546
2521577
2521606
2521651
2521822
2521842
2522056
2522080
2522104
2522130
2522181
2522221
2522295
2522502
2522558
2522586
2522784
2522867
2522917
2522936
2523010
2523028
2523170
2523188
2523228
2523264
2523277
2523282
2523314
2523331
2523346
2523475
2523486
2523527
2523556
2523630
2523739
2523774
2524033
2524106
2524259
2524419
2524474
2524487
2524491
2524524
2524557
2524596
2524636
2524733
2524749
2524845
2524895
2524910
2524954
2525194
2525258
2525365
2525404
2525515
2525625
2525706
2525782
2525792
2525960
2525975
2526004
2526148
2526212
2526227
2526366
2526427
2526531
2526713
2526860
2526863
2526915
2527157
2527177
2527288
2527339
2527482
2527712
2527907
2528025
2528048
2528090
2528222
2528464
2528534
2528549
2528566
2528622
2528818
2529035
2529059
2529145
2529178
2529324
2529422
2529437
2529750
2529778
2529869
2529951
2529991
2530047
2530255
2530274
2530339
2530580
2530702
2530767
2530864
2530959
2531075
2531135
2531151
2531176
2531296
2531336
2531349
2531363
2531371
2531446
2531528
2531630
2531653
2531678
2531830
2531901
2531922
2532055
2532085
2532250
2532303
2532318
2532336
2532409
2532424
2532515
2532544
2532674
2532824
2532987
2533065
2533154
2533218
2533304
2533439
2533443
2533578
2533634
2533687
2533716
2533807
2533976
2534068
2534127
2534136
2534231
2534249
2534572
2534620
2534642
2534740
2534742
2534837
2535036
2535161
2535227
2535461
2535488
2535528
2535564
2535627
2535673
2535687
2535784
2535867
2535886
2535986
2536152
2536176
2536251
2536301
2536370
2536414
2536421
2536439
2536463
2536511
2536549
2536593
2536677
2536708
2536742
2536825
2536831
2536918
2537346
2537457
2537458
2537828
2537946
2537950
2537975
2537986
2538017
2538269
2538356
2538369
2538506
2538570
2538645
2538671
2538693
2538707
2538946
2539155
2539328
2539353
2539515
2539633
2539731
2539746
2539808
2539964
2539973
2540034
2540094
2540318
2540406
2540723
2540778
2540798
2540903
2540962
2541008
2541035
2541046
2541067
2541106
2541127
2541140
2541163
2541446
2541480
2541744
2541760
2541782
2541840
2541985
2542012
2542035
2542037
2542209
2542216
2542653
2542680
2542834
2542890
2542897
2542939
2543018
2543119
2543187
2543289
2543296
2543313
2543396
2543514
2543519
2543562
2543643
2543653
2543676
2543697
2543708
2543724
2543996
2544027
2544102
2544256
2544268
2544305
2544455
2544670
2544680
2544711
2544745
2544776
2544787
2544832
2544942
2545047
2545134
2545147
2545265
2545284
2545418
2545431
2545464
2545608
2545721
2545784
2545806
2545910
2545931
2545952
2546083
2546103
2546196
2546216
2546333
2546336
2546359
2546474
2546556
2546652
2546706
2546751
2546757
2546767
2546812
2546838
2546939
2547027
2547040
2547268
2547310
2547764
2547784
2547851
2547947
2548032
2548069
2548074
2548104
2548111
2548143
2548291
2548642
2548669
2548724
2548822
2548914
2548929
2548941
2549024
2549038
2549067
2549122
2549197
2549208
2549216
2549234
2549377
2549509
2549624
2549657
2549825
2549848
2549866
2550091
2550100
2550127
2550146
2550161
2550397
2550576
2550655
2550657
2550710
2550829
2550869
2550966
2550978
2551038
2551048
2551089
2551182
2551203
2551205
2551460
2551546
2551575
2551750
2551751
2551766
2551779
2551877
2552161
2552204
2552354
2552415
2552566
2552712
2552740
2552791
2552938
2553019
2553166
2553282
2553309
2553416
2553460
2553513
2553520
2553568
2553588
2553697
2553747
2553861
2553878
2553900
2554012
2554028
2554100
2554117
2554162
2554230
2554359
2554367
2554457
2554793
2554852
2554894
2554926
2554935
2554959
2554966
2555045
2555094
2555156
2555174
2555457
2555479
2555589
2555646
2555888
2555922
2555939
2555991
2556089
2556188
2556195
2556238
2556345
2556375
2556387
2556403
2556431
2556500
2556515
2556532
2556693
2556733
2556822
2556892
2556903
2556952
2557139
2557225
2557265
2557296
2557304
2557423
2557440
2557476
2557579
2557730
2557789
2557815
2557829
2558100
2558132
2558226
2558314
2558323
2558344
2558355
2558483
2558514
2558532
2558609
2558797
2558808
2558863
2558884
2558914
2558974
2558994
2559014
2559064
2559156
2559314
2559315
2559380
2559528
2559646
2559776
2559834
2559848
2559979
2560198
2560360
2560500
2560915
2561115
2561329
2561360
2561443
2561472
2561672
2561838
2561950
2561988
2562010
2562046
2562126
2562482
2562593
2562697
2562710
2562842
2562862
2562894
2562912
2563027
2563087
2563110
2563174
2563202
2563333
2563531
2563827
2563901
2564010
2564245
2564298
2564441
2564497
2564556
2564576
2564597
2564608
2564630
2564643
2565028
2565045
2565375
2565458
2565507
2565606
2565631
2565653
2565678
2565698
2565785
2565839
2565858
2565929
2566139
2566185
2566203
2566221
2566355
2566444
2566483
2566534
2566692
2566752
2566840
2566861
2566880
2566883
2566972
2566997
2567022
2567029
2567117
2567138
2567178
2567229
2567249
2567257
2567265
2567305
2567335
2567355
2567389
2567419
2567441
2567453
2567458
2567497
2567524
2567549
2567715
2567752
2567785
2567862
2567929
2568003
2568028
2568040
2568146
2568160
2568222
2568299
2568443
2568506
2568629
2568845
2568894
2568965
2568980
2569037
2569048
2569073
2569196
2569204
2569274
2569327
2569394
2569438
2569459
2569592
2569653
2569659
2569818
2569914
2570072
2570100
2570108
2570113
2570161
2570184
2570254
2570273
2570329
2570589
2570596
2570712
2570798
2570836
2570847
2570975
2571060
2571071
2571200
2571272
2571454
2571472
2571506
2571511
2571704
2571849
2571860
2571930
2571939
2572064
2572072
2572133
2572140
2572186
2572266
2572303
2572555
2572593
2572978
2573009
2573213
2573314
2573336
2573389
2573482
2573551
2573568
2573653
2573655
2573724
2573773
2573856
2573862
2573911
2573928
2573939
2573995
2574029
2574173
2574202
2574209
2574260
2574295
2574343
2574498
2574566
2574691
2574707
2574732
2574755
2574841
2574919
2575030
2575094
2575243
2575270
2575424
2575435
2575562
2575769
2575798
2575841
2575848
2576092
2576152
2576213
2576223
2576260
2576331
2576695
2576701
2576738
2576758
2576777
2576808
2576827
2576860
2576936
2576949
2577076
2577245
2577314
2577475
2577481
2577488
2577665
2577800
2577848
2577882
2577889
2577909
2577971
2578019
2578091
2578123
2578151
2578184
2578303
2578413
2578463
2578477
2578533
2578555
2578621
2578632
2578745
2578812
2578819
2579043
2579160
2579227
2579270
2579425
2579455
2579471
2579528
2579552
2579615
2579681
2579711
2579784
2579793
2579815
2579833
2579838
2579865
2579994
2580178
2580209
2580240
2580295
2580310
2580321
2580369
2580543
2580546
2580579
2580790
2581145
2581252
2581275
2581285
2581296
2581334
2581368
2581613
2581689
2581721
2581884
2581916
2581921
2581959
2581968
2582011
2582138
2582145
2582165
2582267
2582607
2582655
2582663
2582696
2582703
2582760
2582782
2582834
2583177
2583245
2583384
2583523
2583736
2583761
2583939
2583947
2584001
2584133
2584195
2584239
2584275
2584324
2584350
2584375
2584436
2584452
2584461
2584656
2584683
2584810
2584965
2585000
2585046
2585060
2585088
2585160
2585250
2585370
2585444
2585487
2585542
2585712
2585768
2585771
2585797
2585883
2585893
2585901
2585935
2586044
2586057
2586100
2586361
2586384
2586451
2586457
2586488
2586564
2586599
2586675
2586787
2586966
2586991
2587082
2587100
2587160
2587346
2587399
2587416
2587480
2587493
2587524
2587541
2587573
2587608
2587617
2587651
2587664
2587715
2587793
2587829
2587941
2587982
2588094
2588155
2588202
2588233
2588295
2588536
2588559
2588574
2588623
2588703
2588717
2588733
2588771
2588835
2588860
2588874
2589295
2589348
2589452
2589487
2589619
2589731
2590028
2590284
2590358
2590713
2590890
2591058
2591148
2591179
2591225
2591281
2591344
2591488
2591539
2591546
2591556
2591559
2591589
2591771
2591809
2591823
2591842
2592193
2592279
2592360
2592379
2592432
2592543
2592636
2592796
2592825
2592968
2593059
2593075
2593177
2593249
2593258
2593288
2593352
2593405
2593420
2593487
2593530
2593583
2593639
2593728
2593788
2593850
2593855
2593899
2593911
2593943
2594087
2594191
2594254
2594263
2594278
2594298
2594316
2594327
2594372
2594615
2594823
2594892
2594898
2594928
2594931
2594941
2595073
2595129
2595178
2595312
2595413
2595441
2595662
2596054
2596127
2596246
2596490
2596536
2596858
2596872
2596905
2596909
2597013
2597052
2597187
2597252
2597352
2597501
2597522
2597535
2597558
2597602
2597604
2597657
2597685
2597706
2597847
2598032
2598042
2598248
2598251
2598270
2598311
2598396
2598466
2598501
2598600
2598612
2598665
2598672
2598687
2598699
2598712
2598734
2598747
2598779
2599036
2599073
2599114
2599173
2599235
2599289
2599303
2599318
2599342
2599383
2599401
2599628
2599647
2599652
2599663
2599677
2599730
2599743
2599983
2600180
2600268
2600282
2600301
2600345
2600386
2600481
2600506
2600644
2600749
2600832
2600905
2600932
2600941
2600996
2601044
2601049
2601054
2601173
2601357
2601532
2601562
2601759
2601785
2602039
2602258
2602325
2602386
2602392
2602402
2602455
2602488
2602544
2602556
2602689
2602776
2602811
2602822
2602839
2602881
2602947
2603017
2603030
2603120
2603227
2603252
2603366
2603396
2603418
2603465
2603475
2603600
2603634
2603719
2603733
2603839
2603848
2603893
2603904
2603969
2604157
2604197
2604271
2604282
2604293
2604364
2604459
2604474
2604481
2604510
2604539
2604581
2604701
2604735
2604955
2605118
2605184
2605231
2605377
2605527
2605544
2605557
2605573
2605613
2605643
2605702
2605773
2605816
2606017
2606024
2606098
2606276
2606286
2606365
2606368
2606646
2606743
2606992
2607042
2607067
2607090
2607152
2607207
2607298
2607435
2607471
2607493
2607629
2607664
2607682
2607848
2607860
2607905
2608015
2608085
2608121
2608161
2608317
2608352
2608479
2608579
2608633
2608658
2608662
2608873
2609209
2609264
2609380
2609458
2609517
2609652
2609703
2609975
2610199
2610283
2610312
2610321
2610386
2610468
2610574
2610872
2610904
2610982
2610986
2611005
2611093
2611095
2611156
2611163
2611176
2611207
2611226
2611244
2611258
2611301
2611542
2611646
2611668
2611722
2611725
2611762
2611866
2611951
2611958
2612068
2612083
2612209
2612266
2612279
2612305
2612329
2612356
2612587
2612700
2612722
2612789
2612935
2613010
2613119
2613150
2613195
2613234
2613254
2613282
2613399
2613421
2613457
2613470
2613534
2613767
2613833
2613894
2614121
2614153
2614220
2614253
2614309
2614354
2614371
2614383
2614587
2614676
2614945
2614977
2615019
2615045
2615055
2615062
2615109
2615235
2615238
2615254
2615277
2615296
2615308
2615381
2615393
2615404
2615489
2615517
2615536
2615546
2615601
2615607
2615671
2615720
2615753
2615769
2615843
2615860
2615959
2615969
2616017
2616022
2616030
2616094
2616179
2616251
2616295
2616417
2616624
2616798
2616813
2616851
2616869
2617003
2617125
2617160
2617269
2617318
2617449
2617476
2617485
2617512
2617526
2617568
2617649
2617887
2617906
2617978
2618049
2618081
2618228
2618373
2618469
2618504
2618588
2618644
2618691
2618858
2619138
2619158
2619187
2619224
2619239
2619290
2619376
2619408
2619424
2619472
2619502
2619606
2619693
2619712
2619812
2619881
2619929
2619942
2619966
2620191
2620212
2620225
2620250
2620280
2620393
2620588
2620948
2620952
2620969
2621087
2621102
2621184
2621646
2621666
2621805
2621846
2622028
2622034
2622133
2622139
2622150
2622205
2622262
2622334
2622615
2622653
2622723
2622733
2622854
2622913
2622987
2623001
2623148
2623210
2623218
2623250
2623289
2623381
2623414
2623440
2623619
2623958
2623973
2623986
2624050
2624086
2624098
2624120
2624218
2624352
2624369
2624386
2624410
2624436
2624462
2624655
2624673
2624751
2624792
2624884
2624892
2624955
2624986
2625041
2625066
2625167
2625174
2625198
2625256
2625343
2625441
2625485
2625589
2625662
2625850
2626079
2626245
2626248
2626274
2626442
2626445
2626607
2626716
2626786
2626795
2626838
2626860
2626887
2627238
2627251
2627392
2627738
2627799
2627869
2627912
2627965
2627986
2628218
2628433
2628447
2628461
2628497
2628517
2628759
2628798
2628822
2628829
2628836
2628881
2628914
2628931
2628946
2629046
2629138
2629143
2629227
2629467
2629514
2629565
2629608
2629679
2629853
2629868
2629911
2630056
2630190
2630214
2630229
2630323
2630359
2630602
2630608
2630643
2630654
2630766
2630781
2630789
2630873
2630945
2630958
2630971
2631027
2631078
2631254
2631276
2631316
2631395
2631405
2631420
2631445
2631482
2631517
2631583
2631625
2631706
2631828
2631914
2631944
2632073
2632310
2632343
2632491
2632576
2632768
2632772
2632820
2632896
2633022
2633025
2633205
2633216
2633354
2633458
2633839
2633885
2634072
2634079
2634097
2634126
2634132
2634171
2634218
2634333
2634546
2634576
2634614
2634752
2634827
2634841
2635226
2635468
2635496
2635544
2635569
2635630
2635651
2635844
2635931
2635937
2635973
2636000
2636124
2636136
2636151
2636154
2636217
2636323
2636344
2636374
2636410
2636465
2636612
2636654
2636661
2636688
2636722
2636798
2636858
2636887
2636933
2637064
2637501
2637544
2637564
2637592
2637648
2637900
2638008
2638065
2638126
2638402
2638439
2638466
2638493
2638505
2638574
2638604
2638669
2638715
2638854
2638891
2638941
2638957
2639107
2639184
2639211
2639260
2639264
2639286
2639309
2639340
2639442
2639696
2639721
2639838
2640011
2640071
2640093
2640122
2640284
2640474
2640527
2640539
2640629
2640948
2640974
2640983
2641031
2641067
2641112
2641328
2641367
2641377
2641506
2641568
2641590
2641603
2641812
2641863
2641941
2641983
2642224
2642269
2642313
2642380
2642385
2642455
2642556
2642655
2642746
2642920
2642930
2643176
2643231
2643346
2643376
2643393
2643454
2643468
2643523
2643552
2643559
2643743
2643882
2643889
2643911
2643935
2644027
2644040
2644069
2644130
2644141
2644302
2644316
2644353
2644427
2644472
2644546
2644569
2644710
2644728
2644735
2644756
2644886
2644908
2644913
2645061
2645161
2645271
2645286
2645321
2645566
2645732
2645799
2645813
2645893
2646039
2646084
2646259
2646289
2646322
2646362
2646422
2646534
2646568
2646588
2646609
2646668
2646789
2646852
2646878
2646934
2647309
2647334
2647363
2647389
2647398
2647717
2647747
2647756
2647881
2647890
2647974
2647990
2647998
2648170
2648306
2648385
2648896
2648936
2648971
2649069
2649083
2649189
2649409
2649527
2649625
2649764
2650028
2650078
2650093
2650362
2650654
2650676
2650907
2651044
2651111
2651224
2651569
2651581
2651586
2651739
2651923
2652018
2652126
2652171
2652201
2652533
2652664
2652910
2653205
2653238
2653244
2653311
2653397
2653641
2653825
2653857
2653883
2653916
2654026
2654199
2654210
2654334
2654400
2654464
2654632
2654669
2654767
2654861
2655224
2655278
2655403
2655411
2655462
2655859
2655891
2656094
2656142
2656206
2656250
2656354
2656361
2656429
2656457
2656667
2656688
2656740
2656797
2656878
2656945
2656999
2657074
2657112
2657214
2657247
2657359
2657373
2657382
2657400
2657419
2657540
2657551
2657631
2657693
2657885
2657944
2657980
2658066
2658088
2658215
2658321
2658333
2658416
2658524
2658562
2658577
2658705
2658741
2658781
2658796
2658928
2659143
2659175
2659307
2659435
2659450
2659462
2659560
2659593
2659690
2659786
2659953
2659963
2659965
2660323
2660410
2660425
2660458
2660552
2660592
2660612
2660699
2660752
2660815
2660877
2660912
2661043
2661094
2661111
2661357
2661431
2661507
2661509
2661520
2661614
2661686
2661781
2661792
2661852
2662000
2662072
2662103
2662230
2662323
2662380
2662413
2662421
2662483
2662494
2662642
2662671
2662693
2662699
2662809
2662822
2663015
2663043
2663049
2663076
2663188
2663234
2663243
2663340
2663364
2663396
2663411
2663532
2663563
2663622
2663932
2664112
2664511
2664588
2664647
2664708
2664818
2664869
2664994
2665149
2665194
2665220
2665511
2665754
2665798
2665815
2665828
2665917
2665924
2666071
2666111
2666173
2666271
2666323
2666335
2666341
2666423
2666457
2666505
2666540
2666550
2666580
2666833
2666899
2666993
2667078
2667361
2667398
2667403
2667412
2667508
2667756
2667820
2667869
2667920
2667937
2668079
2668227
2668231
2668306
2668316
2668385
2668409
2668430
2668489
2668594
2668616
2668721
2668772
2668929
2668997
2669222
2669228
2669601
2669860
2669890
2669899
2670003
2670208
2670332
2670436
2670489
2670541
2670547
2670559
2670599
2670656
2670811
2670845
2671064
2671078
2671183
2671421
2671514
2671617
2671682
2671751
2671799
2671835
2671910
2671921
2672020
2672077
2672102
2672141
2672150
2672294
2672311
2672355
2672386
2672627
2672647
2672673
2672701
2672712
2672728
2672737
2673084
2673135
2673187
2673194
2673247
2673294
2673304
2673361
2673383
2673414
2673435
2673537
2673552
2673608
2673699
2673707
2673728
2673984
2674071
2674167
2674178
2674210
2674256
2674273
2674637
2674843
2674847
2674861
2674971
2675055
2675069
2675110
2675134
2675301
2675345
2675376
2675564
2675629
2675682
2675762
2676009
2676266
2676303
2676322
2676379
2676428
2676438
2676440
2676447
2676499
2676606
2676628
2676733
2676790
2676825
2676873
2677007
2677156
2677507
2677543
2677641
2677681
2677769
2677874
2677894
2678076
2678139
2678230
2678261
2678341
2678515
2678568
2678685
2678728
2678734
2678765
2678886
2678902
2679228
2679251
2679580
2679647
2679665
2679716
2679757
2679782
2679935
2679965
2679969
2679973
2680073
2680171
2680242
2680292
2680321
2680327
2680416
2680425
2680458
2680575
2680595
2680685
2680703
2680781
2680937
2680998
2681173
2681301
2681316
2681423
2681486
2681670
2681826
2681974
2681982
2682142
2682178
2682224
2682254
2682353
2682474
2682517
2682555
2682732
2682826
2682838
2682892
2682980
2683144
2683166
2683175
2683222
2683270
2683310
2683384
2683394
2683406
2683525
2683573
2683594
2683827
2683945
2684213
2684223
2684242
2684293
2684403
2684412
2684472
2684652
2684695
2684782
2684843
2684943
2684950
2684979
2685015
2685029
2685050
2685114
2685152
2685515
2685542
2685563
2685614
2685761
2685785
2685861
2685874
2685903
2685925
2686085
2686099
2686132
2686160
2686202
2686239
2686260
2686469
2686484
2686659
2686690
2686787
2686798
2686835
2686894
2687038
2687041
2687058
2687132
2687191
2687315
2687365
2687408
2687469
2687582
2687633
2687674
2687717
2687914
2687976
2687977
2688005
2688041
2688371
2688680
2688830
2689118
2689172
2689250
2689254
2689325
2689345
2689376
2689393
2689458
2689754
2689803
2689820
2689923
2690044
2690048
2690170
2690276
2690307
2690316
2690342
2690492
2690672
2690731
2690740
2690776
2690816
2690879
2690895
2690907
2691016
2691109
2691308
2691351
2691430
2691435
2691481
2691486
2691553
2691822
2691880
2691948
2691985
2692120
2692276
2692313
2692379
2692423
2692461
2692551
2692603
2692776
2692799
2692868
2692929
2692955
2692981
2692998
2693162
2693181
2693246
2693264
2693280
2693358
2693450
2693479
2693703
2693935
2693966
2694017
2694067
2694143
2694175
2694233
2694262
2694268
2694275
2694306
2694322
2694437
2694543
2694670
2694844
2694956
2695053
2695057
2695088
2695145
2695169
2695195
2695207
2695240
2695259
2695319
2695578
2695630
2695786
2695792
2695809
2695822
2695835
2695844
2695860
2695874
2695926
2696035
2696112
2696237
2696275
2696294
2696332
2696401
2696475
2696508
2696540
2696550
2696576
2696599
2696646
2696708
2696845
2696929
2696959
2696985
2697039
2697045
2697166
2697187
2697327
2697371
2697482
2697497
2697546
2697726
2697789
2697892
2697913
2698009
2698078
2698166
2698226
2698337
2698347
2698456
2698878
2699019
2699088
2699112
2699161
2699220
2699284
2699415
2699518
2699530
2699590
2699650
2699667
2699769
2699794
2699877
2699883
2700008
2700013
2700104
2700109
2700250
2700263
2700292
2700391
2700735
2700783
2700792
2700943
2700966
2701016
2701136
2701209
2701356
2701491
2701554
2701561
2701575
2701582
2701609
2701744
2701811
2701889
2701958
2702079
2702414
2702528
2702544
2702550
2702588
2702599
2702654
2702696
2702783
2702788
2702828
2702908
2702954
2703043
2703046
2703068
2703129
2703250
2703322
2703343
2703385
2703564
2703656
2703712
2703723
2703791
2703893
2703981
2704005
2704067
2704104
2704125
2704217
2704225
2704317
2704378
2704513
2704534
2704535
2704691
2704768
2704802
2704840
2704874
2704928
2704965
2705063
2705067
2705087
2705126
2705179
2705250
2705278
2705360
2705368
2705700
2705701
2705716
2705775
2705863
2705904
2705983
2706756
2706807
2706867
2706893
2707106
2707320
2707385
2707643
2707672
2707771
2707798
2707815
2708232
2708297
2708308
2708323
2708539
2708558
2708617
2708623
2708651
2708748
2708882
2709033
2709037
2709052
2709098
2709181
2709385
2709407
2709809
2709933
2710044
2710100
2710133
2710310
2710351
2710428
2710477
2710547
2710558
2710563
2710582
2710647
2710797
2710812
2711142
2711267
2711301
2711322
2711632
2711652
2711733
2711933
2712081
2712209
2712254
2712270
2712328
2712377
2712577
2712695
2712744
2712757
2712811
2712829
2712853
2712860
2712891
2712979
2713030
2713346
2713383
2713391
2713438
2713467
2713678
2713728
2713826
2713852
2713872
2713918
2713932
2713999
2714062
2714224
2714367
2714373
2714503
2714551
2714613
2714645
2714693
2714703
2714786
2714968
2714974
2714983
2714988
2714993
2714995
2715142
2715168
2715212
2715235
2715263
2715425
2715434
2715507
2715522
2715525
2715750
2715798
2715957
2716010
2716033
2716054
2716176
2716188
2716220
2716380
2716628
2716667
2716882
2716961
2717045
2717068
2717114
2717216
2717327
2717375
2717392
2717454
2717563
2717755
2717854
2717883
2717903
2717923
2718002
2718032
2718102
2718150
2718163
2718198
2718203
2718231
2718349
2718388
2718462
2718497
2718543
2718563
2718584
2718612
2718639
2718687
2718718
2718734
2718837
2718887
2718904
2718983
2718993
2719101
2719111
2719118
2719216
2719300
2719370
2719423
2719474
2719604
2719720
2719806
2719821
2719934
2719939
2719983
2720021
2720141
2720179
2720185
2720262
2720311
2720382
2720417
2720480
2720535
2720593
2720647
2720656
2720710
2720723
2720730
2720820
2720852
2720974
2721017
2721151
2721370
2721510
2721530
2721565
2721685
2721740
2721924
2722075
2722105
2722120
2722234
2722235
2722308
2722347
2722402
2722657
2722879
2722928
2722987
2723141
2723166
2723191
2723357
2723425
2723493
2723563
2723609
2723858
2723972
2724072
2724226
2724266
2724294
2724326
2724426
2724521
2724629
2724684
2724779
2724787
2724816
2724908
2724928
2724953
2724964
2724975
2725012
2725018
2725045
2725079
2725139
2725154
2725172
2725283
2725412
2725507
2725581
2725775
2725790
2725866
2725936
2725981
2726049
2726085
2726129
2726180
2726197
2726236
2726324
2726373
2726388
2726399
2726420
2726588
2726692
2726770
2726777
2726786
2726928
2726940
2727132
2727267
2727317
2727329
2727394
2727563
2727749
2727841
2727848
2727859
2727878
2727888
2727918
2727931
2727961
2728056
2728059
2728099
2728112
2728116
2728253
2728316
2728332
2728333
2728407
2728412
2728453
2728538
2728546
2728576
2728616
2728651
2728752
2728781
2728813
2728859
2728882
2728923
2728977
2728996
2729029
2729665
2729749
2729784
2729797
2729886
2730093
2730194
2730262
2730443
2730638
2730653
2730700
2730783
2730839
2730846
2730862
2730900
2730929
2730936
2730957
2731039
2731098
2731324
2731342
2731346
2731386
2731488
2731560
2731603
2731615
2731664
2731673
2731707
2731772
2731781
2731891
2731914
2732023
2732110
2732175
2732268
2732291
2732313
2732339
2732373
2732400
2732535
2732579
2732626
2732715
2732732
2732750
2732789
2732851
2732859
2733053
2733129
2733137
2733144
2733365
2733398
2733419
2733664
2733736
2733910
2734079
2734128
2734518
2734572
2734829
2734988
2735008
2735031
2735048
2735136
2735206
2735454
2735513
2735786
2735852
2735866
2735891
2736073
2736137
2736178
2736304
2736473
2736643
2736789
2736814
2736868
2737047
2737122
2737209
2737223
2737284
2737366
2737442
2737455
2737518
2737567
2737705
2737920
2737984
2738031
2738090
2738117
2738138
2738312
2738319
2738328
2738389
2738431
2738464
2738541
2738583
2738666
2738732
2738752
2738848
2738859
2738963
2739064
2739085
2739123
2739279
2739532
2739781
2739808
2739885
2740154
2740175
2740213
2740298
2740520
2740777
2740801
2740866
2740953
2740964
2741076
2741096
2741180
2741190
2741201
2741327
2741337
2741419
2741428
2741548
2741556
2741597
2741650
2741829
2741844
2741893
2741994
2742009
2742105
2742394
2742397
2742513
2742850
2742868
2742973
2743056
2743182
2743351
2743450
2743524
2743576
2743636
2743701
2743736
2743746
2743756
2743894
2743951
2744022
2744063
2744116
2744138
2744145
2744547
2744575
2744759
2744888
2744894
2744904
2744951
2744957
2745193
2745263
2745441
2745462
2745570
2745581
2745688
2745735
2745776
2745781
2745955
2745985
2745996
2746010
2746099
2746190
2746513
2746546
2746692
2746963
2747002
2747007
2747028
2747094
2747107
2747118
2747220
2747255
2747328
2747366
2747485
2747638
2747684
2747939
2747995
2748004
2748032
2748202
2748239
2748258
2748271
2748275
2748281
2748327
2748433
2748608
2748653
2748718
2748824
2748907
2748978
2748987
2749058
2749159
2749426
2749432
2749510
2749601
2749657
2749694
2749717
2749841
2749887
2749918
2749994
2750072
2750280
2750473
2750480
2750598
2750689
2750766
2751071
2751081
2751136
2751150
2751181
2751341
2751347
2751363
2751425
2751460
2751717
2751741
2752079
2752110
2752162
2752169
2752296
2752317
2752380
2752466
2752479
2752498
2752513
2752542
2752600
2752730
2752789
2752832
2752856
2752964
2753008
2753149
2753183
2753423
2753442
2753456
2753550
2753574
2753618
2753722
2753753
2753773
2753782
2753948
2753960
2754127
2754242
2754262
2754365
2754477
2754510
2754548
2754562
2754778
2754826
2754846
2754961
2754992
2754999
2755081
2755175
2755256
2755279
2755329
2755378
2755395
2755436
2755521
2755532
2755577
2755602
2755683
2755687
2755770
2756026
2756043
2756056
2756167
2756183
2756205
2756240
2756268
2756360
2756504
2756552
2756575
2756586
2756674
2756685
2756728
2756764
2756781
2756787
2756824
2756848
2756890
2756961
2757011
2757174
2757223
2757231
2757269
2757365
2757429
2757555
2757570
2757643
2757682
2757726
2757763
2757906
2757956
2758051
2758096
2758135
2758172
2758188
2758189
2758264
2758349
2758429
2758493
2758632
2758779
2758821
2758920
2758972
2759049
2759099
2759155
2759242
2759251
2759278
2759450
2759505
2759510
2759592
2759616
2759701
2759879
2759987
2759991
2760051
2760253
2760270
2760283
2760365
2760381
2760399
2760462
2760520
2760555
2760575
2760584
2760650
2760703
2760744
2760788
2760808
2760831
2760850
2760980
2761033
2761152
2761306
2761455
2761466
2761619
2761714
2761959
2761990
2762032
2762177
2762193
2762335
2762362
2762461
2762560
2762639
2762695
2762736
2762751
2762779
2762792
2762912
2762965
2762977
2763042
2763105
2763162
2763318
2763394
2763437
2763649
2763785
2763803
2763863
2763878
2763889
2764071
2764111
2764346
2764487
2764495
2764525
2764543
2764561
2764637
2764663
2764862
2764890
2764909
2764930
2765227
2765299
2765327
2765453
2765503
2765589
2765681
2765718
2765752
2765791
2765797
2765852
2765891
2766175
2766189
2766451
2766557
2766574
2766609
2766615
2766626
2766647
2766672
2766677
2766690
2766727
2766993
2767061
2767074
2767136
2767144
2767418
2767422
2767573
2767654
2767871
2767949
2767964
2768065
2768080
2768217
2768242
2768283
2768304
2768307
2768310
2768345
2768391
2768556
2768716
2769012
2769071
2769198
2769260
2769268
2769362
2769499
2769731
2769738
2769756
2769787
2769874
2770002
2770107
2770227
2770248
2770254
2770617
2770754
2770773
2770787
2770919
2771005
2771323
2771371
2771412
2771440
2771589
2771690
2771836
2771961
2771979
2772030
2772110
2772247
2772254
2772358
2772393
2772435
2772633
2772811
2772953
2772996
2773022
2773081
2773157
2773164
2773194
2773206
2773263
2773390
2773441
2773468
2773716
2773766
2773898
2773915
2773927
2773945
2773976
2774213
2774218
2774354
2774527
2774565
2774571
2774732
2774858
2774943
2775060
2775089
2775114
2775132
2775139
2775209
2775218
2775247
2775329
2775511
2775529
2775591
2775657
2775733
2775805
2775814
2775878
2775898
2776168
2776261
2776266
2776307
2776365
2776393
2776424
2776462
2776626
2776770
2776791
2776844
2777032
2777041
2777176
2777264
2777313
2777346
2777353
2777526
2777544
2777564
2777831
2778005
2778031
2778274
2778307
2778311
2778315
2778636
2778683
2778713
2778904
2778972
2778980
2779010
2779179
2779228
2779397
2779447
2779496
2779581
2779685
2779706
2779913
2779938
2779940
2780196
2780221
2780231
2780319
2780429
2780477
2780590
2780811
2780818
2780835
2780933
2781067
2781074
2781155
2781221
2781287
2781334
2781522
2781619
2781945
2782017
2782138
2782156
2782191
2782195
2782257
2782397
2782496
2782539
2782669
2782676
2782691
2782777
2782898
2782918
2782948
2783151
2783216
2783226
2783539
2783553
2783575
2783809
2783811
2783946
2784071
2784194
2784279
2784353
2784371
2784386
2784431
2784491
2784709
2784738
2784791
2784884
2784888
2784966
2785001
2785040
2785141
2785168
2785182
2785238
2785333
2785457
2785473
2785532
2785601
2785752
2785783
2785850
2785917
2785983
2786042
2786059
2786149
2786315
2786458
2786551
2786561
2786568
2786575
2786605
2786688
2786721
2786763
2786802
2787033
2787103
2787141
2787162
2787186
2787240
2787456
2787550
2787660
2787686
2787756
2787776
2787806
2787881
2788016
2788057
2788082
2788112
2788486
2788600
2788623
2788722
2788732
2788815
2788877
2788996
2789025
2789096
2789144
2789157
2789183
2789218
2789339
2789412
2789444
2789555
2789583
2789600
2789631
2789686
2789695
2789725
2789946
2790010
2790037
2790163
2790205
2790213
2790301
2790353
2790424
2790488
2790536
2790574
2790799
2790805
2790860
2790953
2790960
2791087
2791092
2791109
2791159
2791251
2791355
2791418
2791487
2791548
2791629
2791688
2791764
2791884
2792003
2792019
2792399
2792583
2792611
2792704
2792784
2792941
2792964
2793113
2793199
2793272
2793381
2793387
2793399
2793483
2793494
2793677
2793709
2794052
2794125
2794169
2794256
2794261
2794340
2794488
2794500
2794548
2794658
2794698
2794794
2794945
2795031
2795042
2795168
2795195
2795456
2795488
2795492
2795513
2795601
2795623
2795671
2796043
2796136
2796170
2796250
2796301
2796371
2796408
2796437
2796503
2796555
2796617
2796703
2796730
2796755
2796789
2796991
2797074
2797120
2797233
2797263
2797282
2797293
2797351
2797364
2797414
2797466
2797617
2797681
2797830
2797978
2798092
2798100
2798198
2798340
2798428
2798471
2798562
2798982
2799007
2799046
2799062
2799301
2799378
2799395
2799401
2799542
2799595
2799724
2799725
2799780
2799822
2799981
2800001
2800133
2800209
2800231
2800247
2800259
2800303
2800468
2800733
2800736
2800745
2800904
2801064
2801082
2801086
2801180
2801223
2801294
2801315
2801346
2801639
2801668
2801808
2801888
2801971
2802006
2802071
2802088
2802130
2802136
2802256
2802285
2802304
2802343
2802357
2802361
2802510
2802518
2802704
2802845
2803090
2803101
2803187
2803214
2803301
2803319
2803365
2803574
2803772
2803823
2803943
2804000
2804035
2804077
2804212
2804349
2804387
2804669
2804672
2804704
2804764
2804824
2804874
2804996
2805029
2805050
2805122
2805125
2805157
2805386
2805412
2805501
2805558
2805643
2805771
2805823
2805833
2805924
2805976
2806030
2806039
2806131
2806172
2806197
2806274
2806473
2806577
2806898
2807431
2807554
2807577
2807623
2807936
2807956
2807979
2808126
2808139
2808157
2808164
2808286
2808380
2808510
2808516
2808572
2808635
2808647
2808688
2808720
2808735
2808780
2808855
2809011
2809138
2809224
2809318
2809374
2809415
2809464
2809558
2809574
2809632
2809756
2809915
2810002
2810576
2810580
2810587
2810631
2810706
2811051
2811268
2811309
2811384
2811400
2811409
2811420
2811447
2811515
2811725
2811776
2811793
2811819
2811885
2812015
2812026
2812167
2812315
2812396
2812403
2812469
2812505
2812528
2812626
2812651
2812800
2812828
2812876
2813074
2813100
2813212
2813244
2813252
2813419
2813457
2813584
2813586
2813606
2813701
2813717
2813959
2814120
2814331
2814366
2814413
2814651
2814711
2814777
2814812
2814813
2814865
2814877
2814914
2814921
2814925
2814937
2815061
2815117
2815119
2815127
2815183
2815190
2815210
2815310
2815319
2815361
2815549
2815624
2815644
2815731
2815741
2815883
2815987
2816029
2816038
2816115
2816145
2816440
2816582
2816597
2816607
2816718
2816733
2816797
2816847
2816963
2817043
2817096
2817136
2817363
2817438
2817449
2817631
2817707
2817759
2817857
2817899
2817964
2817968
2817998
2818235
2818321
2818535
2818558
2818590
2818609
2818797
2818883
2818939
2818993
2819046
2819152
2819154
2819174
2819536
2819650
2819805
2819906
2819972
2819988
2820036
2820050
2820171
2820200
2820390
2820442
2820513
2820653
2820695
2820766
2820831
2820887
2820911
2820936
2821038
2821101
2821172
2821212
2821231
2821275
2821396
2821417
2821451
2821465
2821554
2821596
2821607
2821758
2821833
2821858
2821909
2821984
2822002
2822038
2822177
2822310
2822321
2822329
2822346
2822379
2822384
2822396
2822767
2822857
2822902
2822983
2822993
2823096
2823179
2823417
2823507
2823705
2823940
2823990
2824079
2824100
2824102
2824112
2824192
2824247
2824266
2824273
2824440
2824469
2824500
2824729
2824749
2824775
2824809
2825029
2825047
2825117
2825144
2825183
2825200
2825507
2825699
2825814
2825867
2825907
2825966
2825968
2825981
2826372
2826536
2826661
2826674
2826683
2826703
2826814
2826875
2827097
2827109
2827190
2827202
2827232
2827319
2827508
2827516
2827614
2827641
2827663
2827702
2827757
2827773
2827814
2827951
2828025
2828101
2828155
2828252
2828320
2828406
2828482
2828575
2828669
2828786
2828816
2828856
2828883
2828931
2828982
2828997
2829002
2829033
2829085
2829126
2829179
2829300
2829336
2829359
2829439
2829455
2829632
2829655
2829729
2829780
2829846
2829874
2830072
2830084
2830313
2830573
2830647
2830660
2830727
2830771
2830888
2830896
2830965
2831064
2831070
2831075
2831135
2831169
2831320
2831531
2831671
2831776
2831780
2831862
2831893
2832043
2832055
2832064
2832104
2832111
2832113
2832139
2832161
2832170
2832218
2832345
2832403
2832651
2832667
2832752
2832909
2833031
2833080
2833114
2833156
2833282
2833292
2833318
2833453
2833454
2833490
2833502
2833554
2833590
2833765
2833918
2833972
2834093
2834159
2834163
2834217
2834239
2834275
2834287
2834291
2834322
2834470
2834524
2834575
2834607
2834628
2834650
2834694
2834710
2834730
2834746
2834765
2834771
2834906
2834909
2834922
2834948
2835133
2835164
2835181
2835257
2835296
2835318
2835367
2835370
2835399
2835463
2835573
2835583
2835589
2835774
2835870
2835890
2835919
2835928
2835940
2835952
2835959
2836049
2836149
2836190
2836207
2836252
2836315
2836327
2836404
2836411
2836420
2836447
2836489
2836694
2836758
2836925
2836972
2837076
2837093
2837273
2837441
2837687
2837740
2837966
2838019
2838041
2838065
2838090
2838163
2838212
2838280
2838356
2838439
2838531
2838558
2838752
2838831
2838870
2838882
2838974
2839028
2839123
2839173
2839246
2839297
2839312
2839441
2839560
2839737
2839766
2839818
2839895
2840201
2840206
2840226
2840408
2840447
2840458
2840499
2840533
2840560
2840705
2840714
2840724
2840736
2840761
2840889
2841027
2841134
2841166
2841288
2841485
2841511
2841592
2841612
2841642
2841698
2841841
2841915
2842054
2842135
2842168
2842182
2842408
2842466
2842491
2842580
2842619
2842722
2843109
2843307
2843514
2843677
2843783
2843819
2843899
2843923
2843999
2844010
2844069
2844137
2844143
2844176
2844262
2844295
2844388
2844453
2844561
2844586
2844654
2844700
2844785
2844864
2845039
2845079
2845305
2845371
2845554
2845560
2845588
2845650
2845667
2845682
2845738
2845920
2845966
2845972
2846107
2846203
2846267
2846325
2846440
2846552
2846615
2846852
2846955
2847138
2847188
2847198
2847280
2847385
2847398
2847476
2847682
2847696
2847782
2847856
2847898
2847910
2848029
2848061
2848207
2848278
2848285
2848371
2848505
2848659
2848666
2848743
2848840
2848852
2848912
2848920
2848931
2849141
2849147
2849203
2849369
2849408
2849415
2849447
2849534
2849568
2849589
2849597
2849674
2849715
2849728
2849743
2849874
2849953
2849996
2850036
2850183
2850194
2850234
2850257
2850353
2850518
2850670
2850692
2850722
2850785
2850824
2850994
2851013
2851097
2851169
2851210
2851221
2851304
2851368
2851386
2851412
2851433
2851437
2851470
2851472
2851514
2851589
2851647
2851653
2851679
2851715
2851727
2851750
2851869
2851895
2852209
2852360
2852378
2852405
2852502
2852669
2852712
2852844
2853057
2853090
2853232
2853310
2853324
2853396
2853401
2853584
2853641
2853762
2853827
2854002
2854010
2854102
2854170
2854182
2854358
2854366
2854375
2854388
2854432
2854483
2854567
2854575
2854600
2854660
2854722
2854806
2854827
2854859
2854932
2854960
2854978
2855074
2855164
2855258
2855376
2855432
2855438
2855593
2855921
2856006
2856040
2856065
2856203
2856394
2856540
2856594
2856608
2856743
2856896
2856917
2856938
2857043
2857259
2857281
2857288
2857314
2857405
2857418
2857430
2857461
2857495
2857624
2857648
2857705
2857743
2857867
2857878
2857918
2857919
2858008
2858143
2858215
2858316
2858329
2858373
2858381
2858420
2858534
2858543
2858566
2858569
2858673
2858680
2858693
2858759
2858791
2858811
2858848
2858855
2858872
2858930
2859379
2859394
2859406
2859539
2859555
2859770
2859779
2859806
2859873
2859988
2860011
2860058
2860249
2860281
2860357
2860439
2860730
2860762
2861032
2861073
2861131
2861182
2861261
2861264
2861288
2861300
2861488
2861498
2861600
2861659
2861738
2861857
2861922
2861949
2861996
2862106
2862137
2862154
2862164
2862198
2862387
2862398
2862439
2862661
2862693
2862702
2862819
2862825
2862847
2862924
2862941
2862989
2863031
2863045
2863052
2863069
2863077
2863118
2863189
2863253
2863272
2863281
2863358
2863387
2863715
2863799
2863811
2864227
2864236
2864267
2864316
2864403
2864416
2864444
2864660
2864687
2864763
2864798
2864892
2864922
2864951
2864978
2865014
2865023
2865057
2865122
2865194
2865249
2865280
2865371
2865460
2865472
2865537
2865589
2865601
2865665
2865765
2865779
2865782
2865822
2865839
2865858
2865993
2866047
2866074
2866088
2866118
2866214
2866267
2866339
2866375
2866530
2866611
2866806
2866819
2866893
2866911
2867039
2867163
2867170
2867200
2867209
2867216
2867407
2867562
2867605
2867632
2867673
2867686
2867747
2867750
2867840
2867928
2867979
2868004
2868079
2868106
2868126
2868142
2868192
2868314
2868363
2868438
2868455
2868681
2868749
2868852
2869079
2869166
2869197
2869203
2869268
2869380
2869469
2869555
2869595
2869625
2869635
2869801
2869851
2869900
2870080
2870145
2870222
2870341
2870384
2870395
2870501
2870720
2870769
2870966
2871035
2871081
2871109
2871283
2871364
2871397
2871677
2871755
2872043
2872336
2872394
2872613
2872661
2872670
2872685
2872708
2872763
2872847
2873186
2873193
2873415
2873495
2873556
2873579
2873630
2873847
2873899
2873948
2873980
2874225
2874279
2874330
2874332
2874368
2874387
2874505
2874570
2874658
2874715
2874773
2874889
2874934
2874970
2874976
2875018
2875396
2875398
2875442
2875455
2875479
2875504
2875526
2875556
2875639
2875686
2875845
2875863
2875922
2875933
2876094
2876100
2876207
2876236
2876331
2876366
2876378
2876387
2876451
2876506
2876673
2876699
2876709
2876751
2876794
2876887
2876975
2877088
2877094
2877212
2877557
2877581
2877614
2877721
2877829
2878009
2878073
2878194
2878238
2878249
2878261
2878370
2878397
2878402
2878522
2878556
2878589
2878611
2878697
2878725
2878728
2878796
2878805
2878824
2878840
2878864
2878888
2879072
2879126
2879172
2879235
2879266
2879390
2879470
2879480
2879516
2879610
2879635
2879656
2879744
2879751
2879763
2879826
2880119
2880170
2880184
2880222
2880237
2880334
2880395
2880420
2880512
2880522
2880585
2880592
2880639
2880720
2880730
2880829
2880912
2880944
2880969
2881052
2881137
2881159
2881339
2881418
2881421
2881686
2881699
2881790
2881848
2881953
2881992
2882004
2882122
2882165
2882234
2882353
2882435
2882485
2882521
2882537
2882631
2882836
2882894
2882949
2882983
2883025
2883031
2883073
2883193
2883204
2883317
2883378
2883478
2883567
2883847
2884020
2884116
2884124
2884250
2884267
2884447
2884572
2884686
2884697
2884848
2884930
2884945
2884996
2885035
2885084
2885108
2885132
2885242
2885289
2885293
2885506
2885597
2885620
2885653
2885696
2885717
2885811
2885992
2886024
2886070
2886177
2886185
2886459
2886525
2886540
2886567
2886578
2886611
2886636
2886638
2886644
2886777
2886801
2886948
2886968
2887066
2887207
2887312
2887414
2887452
2887497
2887505
2887515
2887583
2887637
2887774
2887822
2887947
2888088
2888201
2888228
2888259
2888299
2888323
2888337
2888377
2888394
2888468
2888508
2888582
2888618
2888653
2888796
2888883
2889046
2889207
2889567
2889574
2889597
2889601
2889634
2889655
2889694
2889746
2889800
2889877
2889926
2889957
2890055
2890163
2890193
2890237
2890275
2890290
2890321
2890337
2890368
2890372
2890453
2890493
2890546
2890571
2890581
2890592
2890652
2890656
2890816
2890862
2890954
2890970
2891095
2891151
2891364
2891412
2891474
2891519
2891550
2891573
2891627
2891781
2891806
2892131
2892170
2892294
2892309
2892552
2892730
2892804
2892993
2893077
2893105
2893164
2893172
2893208
2893218
2893276
2893440
2893490
2893761
2893827
2893914
2893922
2893948
2893968
2893973
2894053
2894058
2894063
2894068
2894084
2894113
2894192
2894210
2894372
2894383
2894451
2894705
2894780
2894825
2894878
2894968
2895130
2895229
2895235
2895312
2895416
2895499
2895607
2895717
2895739
2895770
2895809
2895979
2896029
2896046
2896108
2896256
2896349
2896458
2896533
2896578
2896642
2896653
2896743
2896937
2897025
2897225
2897345
2897427
2897504
2897597
2897701
2897705
2897752
2897760
2897781
2897870
2898073
2898159
2898296
2898365
2898399
2898654
2898692
2898732
2898750
2898794
2899072
2899102
2899158
2899248
2899306
2899399
2899410
2899499
2899516
2899664
2899691
2899705
2899757
2899833
2899970
2899997
2900138
2900315
2900388
2900413
2900454
2900496
2900565
2900674
2900691
2900702
2900942
2900969
2901025
2901327
2901338
2901366
2901836
2901888
2902025
2902038
2902041
2902211
2902230
2902299
2902422
2902478
2902631
2902642
2902696
2902707
2902751
2902864
2902891
2902934
2902955
2902992
2903011
2903038
2903161
2903182
2903282
2903370
2903406
2903435
2903564
2903587
2903673
2903887
2903947
2904091
2904106
2904150
2904154
2904322
2904548
2904683
2904722
2904858
2904966
2904982
2905016
2905020
2905198
2905242
2905265
2905331
2905377
2905404
2905427
2905758
2905822
2905827
2905892
2906074
2906077
2906381
2906423
2906551
2906560
2906824
2906982
2907210
2907216
2907383
2907391
2907503
2907565
2907580
2907597
2907634
2907812
2907817
2907858
2908170
2908312
2908320
2908337
2908397
2908514
2908615
2908682
2908786
2908973
2909047
2909070
2909120
2909126
2909436
2909477
2909569
2909623
2909685
2909768
2909820
2909922
2910003
2910054
2910128
2910174
2910185
2910259
2910331
2910435
2910547
2910589
2910624
2910693
2910746
2910848
2910944
2910950
2910959
2911120
2911149
2911161
2911236
2911266
2911292
2911357
2911467
2911531
2911618
2911663
2911760
2911804
2911914
2912063
2912134
2912224
2912539
2912588
2912650
2912700
2912732
2912920
2912981
2913167
2913202
2913205
2913353
2913632
2913691
2913947
2914001
2914055
2914060
2914121
2914146
2914269
2914346
2914471
2914656
2914754
2914825
2914874
2914890
2915178
2915190
2915336
2915398
2915444
2915447
2915555
2915576
2915699
2915711
2915747
2915765
2915790
2915831
2915860
2916001
2916015
2916040
2916381
2916430
2916588
2916644
2916668
2916710
2916841
2916847
2916937
2916949
2916962
2917049
2917077
2917081
2917092
2917105
2917138
2917187
2917196
2917317
2917373
2917481
2917585
2917600
2917603
2917638
2917677
2917722
2917730
2917883
2917921
2917973
2918241
2918269
2918272
2918555
2918606
2918647
2918651
2918723
2918781
2918858
2919067
2919097
2919176
2919205
2919259
2919263
2919289
2919315
2919332
2919426
2919438
2919575
2919594
2919725
2919781
2919972
2920002
2920058
2920125
2920138
2920220
2920247
2920332
2920422
2920465
2920535
2920647
2920670
2920674
2920833
2920840
2920892
2920902
2920927
2920951
2921093
2921097
2921370
2921521
2921757
2921762
2921791
2921883
2922063
2922303
2922449
2922455
2922473
2922504
2922553
2922560
2922581
2922692
2922722
2922836
2922881
2922890
2922912
2923030
2923043
2923055
2923111
2923119
2923204
2923223
2923225
2923239
2923276
2923471
2923515
2923807
2923836
2923947
2923985
2924126
2924175
2924195
2924264
2924305
2924896
2924920
2925022
2925154
2925158
2925210
2925307
2925415
2925431
2925473
2925517
2925539
2925649
2925741
2925746
2925851
2925863
2925973
2925984
2925999
2926144
2926226
2926321
2926495
2926683
2926685
2926714
2926738
2926761
2926790
2926864
2926954
2926959
2926971
2926974
2926986
2927004
2927173
2927287
2927295
2927351
2927414
2927425
2927537
2927586
2927662
2927755
2927767
2927773
2927809
2927849
2927880
2927910
2927912
2927947
2927984
2928014
2928076
2928131
2928172
2928238
2928638
2928641
2928727
2928845
2928870
2928883
2928961
2929113
2929192
2929244
2929280
2929317
2929335
2929402
2929428
2929494
2929825
2929840
2929911
2930165
2930173
2930266
2930270
2930273
2930294
2930301
2930319
2930369
2930445
2930537
2930607
2930691
2930841
2930908
2930924
2931087
2931147
2931176
2931179
2931467
2931742
2931816
2931836
2931911
2932025
2932090
2932109
2932422
2932554
2932694
2932764
2932859
2932937
2932954
2933127
2933157
2933291
2933374
2933408
2933476
2933491
2933503
2933595
2933681
2933727
2933758
2933842
2934064
2934105
2934139
2934155
2934305
2934410
2934424
2934447
2934570
2934613
2934668
2934932
2935040
2935307
2935350
2935366
2935442
2935573
2935581
2935602
2935614
2935668
2935750
2935791
2935893
2935919
2936052
2936135
2936179
2936192
2936319
2936342
2936393
2936400
2936420
2936430
2936446
2936464
2936615
2936699
2936714
2936742
2936748
2936834
2936921
2936927
2937011
2937111
2937238
2937284
2937313
2937327
2937354
2937366
2937399
2937426
2937709
2937928
2938056
2938072
2938085
2938180
2938254
2938260
2938270
2938302
2938324
2938334
2938513
2938546
2938569
2938628
2938653
2938708
2938788
2938840
2938846
2938872
2938983
2939045
2939151
2939156
2939172
2939263
2939293
2939335
2939372
2939384
2939399
2939627
2939814
2939827
2939846
2940094
2940095
2940193
2940207
2940335
2940347
2940469
2940631
2940668
2940715
2940777
2940799
2940841
2940853
2940880
2940894
2940971
2940984
2941065
2941125
2941151
2941226
2941246
2941298
2941411
2941413
2941438
2941490
2941601
2941616
2941695
2941759
2941790
2941932
2941940
2941961
2941998
2942062
2942111
2942162
2942184
2942286
2942295
2942358
2942384
2942392
2942526
2942782
2942785
2942879
2942890
2942929
2942937
2942972
2943127
2943172
2943250
2943262
2943300
2943369
2943393
2943417
2943431
2943473
2943574
2943597
2943938
2943999
2944022
2944034
2944043
2944092
2944178
2944189
2944208
2944231
2944238
2944331
2944396
2944524
2944546
2944578
2944588
2944613
2944672
2944704
2944764
2944773
2944865
2944942
2944948
2944966
2945020
2945059
2945110
2945134
2945222
2945229
2945250
2945265
2945275
2945397
2945500
2945525
2945573
2945652
2945908
2945965
2946073
2946158
2946202
2946211
2946221
2946233
2946363
2946386
2946447
2946502
2946616
2946814
2947023
2947034
2947052
2947055
2947108
2947220
2947256
2947284
2947443
2947543
2947580
2947709
2947717
2948160
2948242
2948253
2948353
2948366
2948384
2948418
2948427
2948563
2948688
2948779
2948793
2949025
2949070
2949114
2949190
2949247
2949254
2949292
2949377
2949383
2949441
2949457
2949558
2949588
2949686
2949704
2949822
2949850
2949878
2949921
2949965
2949969
2949981
2950322
2950341
2950353
2950423
2950504
2950520
2950581
2950700
2950712
2950737
2950778
2950807
2950833
2950888
2950893
2950903
2950943
2951001
2951074
2951105
2951175
2951214
2951368
2951376
2951449
2951465
2951501
2951710
2951721
2951903
2951969
2952106
2952117
2952195
2952212
2952266
2952297
2952375
2952414
2952462
2952524
2952563
2952608
2952625
2952798
2952814
2952836
2952897
2952926
2952988
2953013
2953040
2953191
2953200
2953287
2953299
2953424
2953435
2953511
2953642
2953848
2953934
2953999
2954030
2954091
2954190
2954214
2954255
2954309
2954327
2954352
2954480
2954520
2954567
2954588
2954601
2954613
2954708
2954730
2954740
2954799
2954871
2954902
2955032
2955068
2955388
2955402
2955413
2955430
2955469
2955477
2955574
2955711
2955759
2955789
2956045
2956135
2956142
2956418
2956561
2956745
2956834
2957028
2957084
2957169
2957210
2957234
2957246
2957286
2957448
2957502
2957519
2957574
2957724
2957732
2957744
2957798
2957809
2957844
2957870
2957890
2957984
2958027
2958061
2958068
2958159
2958189
2958203
2958266
2958319
2958418
2958567
2958943
2959182
2959349
2959369
2959429
2959460
2959772
2959870
2959898
2959927
2959953
2960337
2960597
2960650
2960655
2960659
2960791
2960828
2960955
2960987
2961030
2961291
2961339
2961412
2961479
2961512
2961529
2961571
2961584
2961623
2961699
2961716
2961780
2961953
2961996
2962107
2962274
2962345
2962368
2962407
2962613
2962636
2962669
2962675
2962696
2962921
2962992
2963005
2963016
2963126
2963157
2963371
2963378
2963504
2963620
2963636
2963661
2963745
2963748
2963793
2964135
2964168
2964216
2964303
