50
55
73
106
121
187
254
408
434
509
531
980
1160
1253
1384
1449
1532
1694
1711
1729
1787
1860
1872
1934
1969
2273
2317
2321
2416
2461
2506
2746
2859
2925
2976
3236
3264
3647
3692
3704
3729
3810
3819
3844
3863
3910
3966
4096
4122
4150
4182
4202
4352
4364
4415
4434
4528
4530
4659
4703
4810
4999
5027
5120
5145
5161
5239
5280
5299
5475
5489
5574
5604
5633
5733
6041
6044
6195
6230
6255
6284
6302
6320
6351
6641
6864
7043
7155
7224
7252
7255
7279
7408
7446
7456
7506
7576
7581
7680
7784
7848
7893
7917
7970
8017
8034
8075
8095
8143
8191
8195
8303
8351
8481
8705
8772
8905
8982
9308
9398
9481
9504
9529
9584
9638
9669
9750
9808
9833
9917
10014
10395
10643
10662
10774
10878
10963
11073
11136
11195
11269
11409
11447
11472
11555
11610
11662
11691
11935
11986
12025
12098
12211
12376
12407
12514
12564
12616
12644
12709
12764
12821
12834
12874
12968
13004
13067
13248
13263
13428
13502
13525
13680
13775
13828
13930
14010
14079
14083
14180
14255
14288
14302
14344
14358
14403
14480
14527
14551
14596
14711
14770
14811
14905
14973
15061
15220
15426
15677
15803
15828
15891
15975
15990
16004
16018
16110
16117
16359
16475
16485
16666
16751
16835
16842
16867
16887
16926
16983
17014
17031
17189
17197
17241
17265
17336
17373
17393
17400
17414
17420
17570
17996
18033
18062
18455
18664
18700
18749
18778
18844
18910
18991
19016
19030
19120
19132
19249
19384
19411
19498
19522
19665
19684
19732
19775
19812
19890
19903
20062
20130
20170
20186
20198
20282
20311
20487
20527
20751
20823
20908
21029
21061
21064
21121
21154
21350
21435
21466
21519
21579
21582
21653
21656
21680
21731
21800
21832
21921
21986
22086
22131
22319
22389
22397
22474
22528
22594
22671
22789
22937
23004
23074
23184
23220
23231
23261
23289
23335
23475
23649
23748
23837
23857
23887
23930
23945
24036
24065
24244
24318
24378
24512
24543
24614
24635
24748
24776
24859
24881
24953
24973
25058
25088
25164
25350
25565
25589
25623
25714
25736
25757
25790
25796
25805
25819
25903
25938
26060
26125
26141
26157
26215
26248
26280
26382
26396
26400
26483
26488
26516
26537
26548
26630
26694
26719
26733
26766
26964
27177
27221
27303
27332
27396
27530
27551
27645
27759
27769
27860
27914
27928
28001
28143
28370
28388
28393
28553
28640
28660
29085
29115
29155
29192
29294
29507
29548
29576
29611
29748
29875
29969
29976
30021
30032
30038
30078
30098
30243
30266
30347
30359
30434
30550
30957
31084
31148
31233
31293
31463
31878
31983
32361
32441
32490
32603
32612
32707
32732
32745
32814
32953
33010
33015
33126
33298
33334
33375
33592
33719
33750
33765
33784
33799
33831
33961
34191
34246
34271
34311
34372
34383
34418
34517
34549
34564
34590
34658
34726
34739
34851
34963
34967
34996
35069
35148
35214
35259
35333
35467
35524
35559
35610
35618
35667
35817
36161
36312
36465
36531
36606
36696
36733
36802
36805
36836
36910
36916
36997
37019
37057
37076
37098
37193
37367
37505
37607
37763
37802
37888
37898
38176
38224
38272
38407
38544
38772
38837
38842
38912
38941
38972
39083
39140
39159
39167
39208
39380
39383
39470
39704
39720
39769
39785
39794
39818
39925
40075
40183
40307
40327
40361
40428
40440
40461
40490
40639
40657
40755
40838
40951
40978
41113
41130
41171
41236
41324
41500
41504
41512
41579
41657
41678
41691
41705
41717
41751
41782
41833
41905
41968
41999
42072
42094
42135
42258
42270
42315
42316
42333
42477
42514
42694
42748
42805
42815
42881
43007
43048
43125
43140
43328
43351
43935
43951
44166
44200
44243
44266
44330
44337
44356
44629
44681
44761
44790
44898
44928
44937
44946
44995
45295
45359
45405
45429
45533
45546
45573
45617
45866
46286
46380
46416
46493
46579
46606
46907
46971
46994
47061
47133
47171
47465
47491
47614
47657
47745
47940
48010
48144
48164
48175
48241
48298
48340
48588
48614
48762
48891
49040
49075
49112
49152
49352
49565
49681
49948
50091
50101
50196
50503
51093
51160
51313
51323
51523
51545
51665
51671
51764
51789
51845
51881
51957
52114
52214
52299
52442
52449
52613
52661
52707
52728
52816
52865
52900
52946
53061
53065
53084
53091
53137
53242
53248
53285
53476
53537
53700
53727
53753
53765
53783
53818
53925
53962
54013
54100
54103
54210
54214
54250
54287
54295
54334
54422
54490
54505
54641
54672
54819
54876
55168
55199
55328
55653
55722
55805
55849
55891
55908
55981
56061
56294
56495
56539
56677
56737
56746
56787
56918
56969
57000
57430
57516
57574
57715
57956
57987
58035
58047
58119
58171
58242
58292
58371
58436
58610
58800
58819
58880
58931
58943
58987
59018
59069
59369
59440
59458
59607
59620
59687
59870
59992
60080
60104
60166
60280
60294
60362
60405
60458
60487
60554
60687
60700
60776
60792
60828
60951
61005
61151
61297
61318
61330
61516
61519
61550
61593
61648
61687
61737
61750
61804
61926
62024
62141
62145
62242
62263
62283
62342
62382
62395
62414
62451
62510
62568
62760
62813
62822
62836
63135
63140
63156
63184
63293
63313
63419
63567
63692
63826
63845
64044
64170
64515
64535
64547
64595
64644
64770
64803
64866
64907
64964
65022
65160
65185
65266
65295
65333
65362
65411
65525
65602
65658
65694
65697
65701
65760
65775
66018
66050
66192
66201
66239
66301
66326
66344
66384
66474
66493
66536
66576
66728
66764
66809
66835
66844
66995
67042
67063
67090
67194
67239
67334
67376
67480
67526
67728
67794
67818
68011
68088
68173
68237
68401
68418
68452
68553
68569
68708
68723
68856
68894
68901
68952
68956
68960
69043
69068
69077
69276
69284
69325
69364
69612
69625
69633
69650
69731
69850
69978
70078
70106
70131
70464
70658
70874
70942
70964
70967
71008
71110
71227
71468
71525
71595
71685
71727
71738
71774
72094
72182
72364
72659
72728
72791
72876
72907
72967
73088
73112
73135
73141
73162
73229
73240
73300
73338
73414
73423
73465
73542
73548
73622
73667
73686
73820
73916
73976
74022
74038
74333
74512
74521
74653
74695
74751
74816
74883
74934
74937
74942
74979
74997
75017
75045
75119
75161
75164
75339
75344
75410
75475
75680
75883
76019
76181
76204
76245
76451
76460
76510
76690
76711
76747
76812
76911
76961
76992
77141
77171
77184
77209
77226
77296
77377
77468
77506
77583
77941
77964
77970
77985
78162
78298
78440
78545
78923
79012
79039
79055
79080
79166
79243
79273
79314
79398
79412
79421
79460
79551
79558
79580
79596
79627
79692
79741
79874
79922
79946
80024
80075
80139
80231
80291
80303
80374
80442
80706
80739
80773
81143
81222
81288
81308
81455
81529
81561
81575
81639
81659
81792
81869
81941
82008
82020
82062
82142
82267
82282
82320
82369
82389
82610
82761
82765
82798
83112
83207
83252
83262
83311
83351
83364
83446
83645
83691
83739
83763
83788
84039
84272
84284
84343
84354
84434
84439
84528
84533
84801
84855
85063
85093
85147
85238
85305
85373
85384
85521
85690
85749
85797
85820
85969
86203
86483
86516
86563
86586
86704
86878
86969
87140
87217
87327
87571
87674
87692
87748
87813
87848
87864
87876
87886
87917
87963
88505
88507
88561
88610
88625
88666
88831
89050
89261
89338
89375
89488
89704
89745
89938
90061
90093
90151
90158
90189
90193
90253
90279
90427
90455
90485
90518
90524
90596
90730
90792
90811
90962
91051
91171
91208
91241
91320
91436
91497
91551
91573
91575
91598
91646
91708
91724
91852
91886
91890
92012
92082
92155
92267
92291
92346
92369
92511
92522
92531
92568
92614
92642
92749
92936
93003
93113
93211
93333
93367
93412
93424
93442
93475
93508
93531
93623
93645
93654
93804
93944
93978
94030
94048
94099
94102
94310
94365
94381
94447
94506
94558
94577
94658
94745
94865
94994
95105
95136
95141
95187
95224
95235
95311
95391
95422
95431
95574
95675
95921
95970
96070
96147
96327
96344
96373
96597
96611
96657
96774
96784
96831
96843
96903
97000
97003
97130
97155
97318
97341
97360
97393
97453
97511
97587
97632
97639
97647
97685
97775
97890
97943
97971
98022
98109
98111
98201
98300
98366
98393
98455
98495
98590
98601
98693
98715
98775
98904
98995
99038
99199
99321
99555
99584
99636
99715
99725
99784
99845
99866
99894
100007
100028
100111
100114
100130
100227
100349
100634
100643
100771
100937
101167
101200
101219
101361
101370
101404
101445
101482
101503
101520
101527
101585
101606
101655
101684
101786
101802
101812
101858
101899
101942
101984
102040
102112
102181
102186
102334
102352
102541
102583
102628
102771
102841
102918
102930
103027
103047
103259
103334
103356
103463
103505
103618
103662
103852
103891
103904
103953
103980
104067
104088
104195
104248
104292
104310
104355
104378
104448
104451
104453
104497
104552
104659
104679
104694
104750
104764
104791
104834
104977
105038
105160
105202
105204
105217
105362
105411
105460
105504
105543
105589
105604
105723
105796
105903
105957
106003
106040
106198
106269
106285
106391
106544
106640
106678
106877
106887
106932
106983
107022
107202
107241
107261
107395
107443
107503
107621
107669
107725
107776
107794
107827
107844
108032
108043
108051
108219
108238
108298
108318
108333
108432
108569
108768
108920
108947
109020
109053
109075
109126
109154
109328
109392
109405
109460
109585
109643
109679
109690
109699
109709
109718
109772
109797
109817
109876
109929
110016
110080
110135
110147
110162
110253
110262
110274
110402
110540
110554
110622
110672
110714
110792
110868
110967
111065
111068
111096
111221
111274
111445
111463
111529
111573
111599
111605
111696
111724
111819
111884
111901
111928
112010
112013
112043
112105
112154
112209
112224
112291
112321
112360
112443
112506
112619
112713
112832
112859
113004
113065
113097
113160
113164
113187
113207
113347
113396
113433
113474
113535
113539
113563
113785
114067
114132
114189
114225
114343
114353
114364
114393
114432
114450
114462
114497
114503
114547
114619
114626
114648
114708
114725
114747
115033
115237
115274
115476
115480
115512
115604
115687
115775
115864
115907
115913
115918
115920
115960
116061
116184
116259
116304
116412
116470
116597
116599
116615
116654
116658
116779
116885
116925
116943
116948
116993
117014
117072
117085
117104
117279
117337
117344
117348
117477
117605
117669
117683
117728
117806
117878
117997
118061
118121
118140
118232
118258
118292
118307
118380
118500
118521
118535
118701
118795
118866
119051
119066
119273
119366
119428
119557
119667
119763
119811
119875
120010
120188
120237
120249
120320
120409
120460
120574
120665
120709
120739
120785
120817
120952
121021
121042
121219
121255
121420
121537
121577
121584
121696
121720
121738
121785
121919
121943
121950
122022
122203
122219
122240
122248
122346
122474
122806
122851
122914
122963
122969
122994
123074
123156
123212
123307
123333
123338
123351
123384
123709
123739
123745
123810
123826
123865
123883
123893
123916
123958
123972
124077
124083
124133
124145
124169
124209
124342
124377
124397
124454
124554
124589
124675
124768
124789
124871
124905
125116
125125
125174
125339
125356
125390
125406
125482
125514
125547
125554
125565
125617
125835
125861
125936
126007
126060
126232
126265
126305
126337
126433
126905
126909
127037
127046
127237
127247
127290
127389
127516
127523
127734
127737
127749
127810
127953
128008
128021
128163
128185
128365
128379
128433
128456
128754
128809
128839
129002
129016
129165
129178
129264
129351
129385
129514
129547
129624
129683
129707
129727
129803
129804
129842
129859
129941
129951
130010
130028
130096
130208
130289
130440
130460
130470
130528
130704
130735
130761
130808
130926
130972
131019
131061
131297
131350
131405
131488
131501
131532
131549
131587
131750
131775
132028
132149
132174
132181
132323
132330
132384
132406
132532
132594
132623
132636
132673
132697
132754
132773
132800
132838
132889
133054
133152
133166
133175
133261
133285
133371
133410
133458
133502
133756
133781
133808
133879
134008
134010
134042
134177
134204
134236
134482
134572
134708
134740
134777
134903
134989
135003
135063
135118
135195
135285
135358
135365
135474
135482
135522
135562
135638
135657
135679
135696
135775
135909
135935
135960
135987
136080
136207
136256
136384
136390
136485
136533
136552
136651
136718
136767
136781
136789
136956
137031
137038
137242
137271
137390
137422
137552
137587
137766
137983
138075
138106
138169
138263
138406
138415
138515
138531
138554
138617
138749
138777
138794
138796
138856
139130
139249
139263
139350
139352
139488
139550
139674
139889
139926
139942
139962
140080
140125
140166
140188
140285
140289
140332
140352
140462
140516
140562
140565
140607
140624
140692
140727
140759
140829
140864
140970
140994
141071
141224
141245
141253
141304
141365
141438
141621
141650
141652
141684
141690
141706
141762
141793
141964
141977
141990
142067
142094
142103
142149
142178
142232
142250
142296
142337
142347
142430
142463
142498
142511
142518
142677
142703
142776
142797
142879
143124
143170
143203
143269
143276
143287
143442
143515
143540
143631
143650
143779
143870
143994
144021
144226
144305
144366
144586
144638
144658
144666
144677
144729
144756
144886
144924
144945
145002
145065
145162
145212
145304
145361
145395
145426
145477
145491
145781
145811
145953
145963
145977
146002
146054
146176
146214
146299
146317
146486
146528
146541
146550
146571
146611
146633
146723
146733
146767
146792
147054
147223
147243
147300
147332
147367
147383
147443
147465
147483
147580
147668
147728
147733
147780
147870
147899
147957
148111
148388
148421
148459
148497
148584
148759
149025
149108
149116
149136
149145
149175
149203
149232
149265
149329
149339
149402
149413
149522
149571
149946
149961
150028
150037
150065
150082
150109
150176
150271
150480
150788
150822
151091
151106
151255
151256
151269
151320
151375
151468
151475
151551
151559
151604
151636
151666
151692
151752
151904
151922
151964
152089
152196
152222
152288
152318
152431
152493
152591
152629
152655
152693
152704
152748
152756
152815
152900
152969
153025
153074
153119
153245
153415
153462
153477
153531
153568
153610
153772
153846
154024
154130
154140
154428
154441
154468
154536
154561
154623
154633
154651
154687
154701
154831
154842
154899
155013
155091
155149
155290
155333
155519
155762
155846
156019
156067
156148
156293
156308
156563
156632
156643
156667
156672
156876
156968
157105
157119
157158
157172
157333
157342
157418
157433
157475
158061
158233
158376
158396
158400
158492
158511
158532
158560
158695
158763
158781
159006
159115
159249
159307
159330
159464
159546
159783
159787
159792
159900
159929
160092
160111
160136
160249
160266
160331
160368
160380
160440
160469
160516
160537
160544
160608
160630
160708
160718
160796
160802
160960
161119
161226
161229
161279
161310
161377
161438
161714
161816
161905
161932
162019
162051
162203
162214
162259
162286
162399
162403
162456
162584
162771
162846
162914
162955
162968
163102
163136
163167
163408
163422
163487
163494
163590
163702
163821
163838
163841
164111
164169
164192
164202
164397
164479
164490
164496
164559
164569
164762
164858
164862
164890
164943
164977
165105
165271
165321
165466
165557
165804
165953
166055
166064
166098
166153
166248
166285
166372
166451
166461
166483
166602
166717
166736
166968
166982
167186
167251
167266
167468
167481
167490
167514
167608
167680
167722
167728
167743
167767
167772
167805
167832
167838
167979
168382
168495
168511
168542
168552
168688
168855
169315
169329
169483
169702
169716
169724
169821
169937
169946
170017
170114
170149
170210
170368
170382
170505
170563
170684
170752
170783
170798
170819
170977
171001
171080
171141
171151
171179
171224
171236
171404
171408
171512
171550
171636
171682
171698
171744
171793
171850
171896
171897
171912
171918
171933
171940
171955
172016
172050
172117
172139
172175
172205
172223
172313
172602
172650
172660
172848
173068
173210
173304
173324
173325
173380
173407
173466
173469
173526
173639
173759
173795
173820
173835
173868
174000
174060
174105
174110
174157
174267
174312
174345
174351
174364
174399
174475
174477
174541
174560
174693
174896
174953
174989
175011
175107
175177
175211
175259
175281
175327
175435
175673
175683
175707
175719
175763
175830
175842
176021
176075
176240
176310
176381
176420
176484
176502
176512
176536
176563
176586
176605
176732
176781
176821
176901
176934
176993
177128
177209
177226
177298
177366
177457
177824
177851
177866
177932
178019
178114
178117
178455
178487
178644
178769
178839
178866
178879
178899
179027
179183
179286
179357
179437
179617
179637
179663
179669
179865
179874
179964
179996
180072
180090
180094
180104
180129
180201
180227
180305
180324
180354
180380
180402
180424
180447
180481
180582
180598
180656
180717
180726
180727
180810
180812
180865
180894
180979
181110
181383
181429
181578
181622
181653
181714
181815
181882
181918
182003
182077
182093
182119
182137
182233
182381
182397
182423
182452
182502
182538
182554
182893
182999
183112
183126
183156
183160
183193
183288
183455
183482
183492
183554
183673
183740
183866
183938
184022
184047
184092
184253
184292
184442
184571
184594
184674
184703
184712
184717
184814
184920
184930
185081
185120
185209
185353
185451
185526
185595
185678
185689
185736
185787
185830
185844
185990
186038
186116
186135
186140
186253
186261
186449
186514
186522
186560
186564
186593
186705
186722
186920
186932
186988
187061
187201
187259
187262
187549
187660
187853
187857
188005
188028
188088
188121
188289
188461
188550
188740
188869
188925
188949
189047
189089
189156
189204
189239
189548
189598
189603
189672
189805
189811
189813
189943
189958
189990
190006
190070
190076
190113
190328
190344
190346
190355
190501
190549
190653
190660
190669
190746
190777
190902
191012
191121
191179
191226
191407
191421
191451
191598
191636
191677
191721
191838
191920
191973
192093
192111
192192
192444
192465
192481
192502
192768
192885
192980
193001
193204
193271
193320
193330
193688
193738
193897
194032
194044
194227
194257
194393
194434
194466
194499
194582
194591
194808
194821
194883
194926
195130
195246
195263
195374
195388
195435
195453
195659
195701
195705
195745
195856
195979
196306
196308
196367
196377
196425
196565
196575
196591
196625
196671
196901
196981
197020
197045
197068
197129
197140
197224
197270
197353
197369
197498
197567
197652
197755
197909
198000
198273
198348
198606
198806
198825
198846
198904
198923
199084
199104
199182
199313
199337
199348
199375
199473
199503
199612
199745
199910
199942
199966
200127
200323
200363
200608
200834
200848
200977
201093
201186
201193
201278
201290
201404
201460
201577
201717
201769
202069
202142
202162
202260
202634
202748
202798
202856
202903
202988
203075
203095
203105
203227
203262
203631
203710
203761
203930
203951
204085
204231
204288
204594
204706
205038
205052
205089
205180
205472
205537
205817
206083
206087
206251
206509
206513
206529
206628
206645
206790
206805
206875
206917
206971
206977
207021
207192
207238
207506
207705
207709
207843
207855
207866
207994
208169
208184
208324
208339
208350
208356
208370
208439
208542
208608
208621
208660
208787
208838
208950
209077
209132
209155
209253
209312
209324
209349
209390
209978
210006
210087
210120
210123
210138
210327
210338
210449
210701
210854
211024
211039
211057
211170
211426
211489
211552
211650
211689
211712
211743
211952
212025
212177
212221
212452
212478
212555
212652
212683
212739
212948
213038
213064
213163
213219
213283
213590
213752
213860
213926
213973
214009
214065
214090
214161
214190
214275
214433
214453
214478
214617
214705
214893
215081
215246
215393
215495
215640
215692
215744
215786
215828
215998
216206
216267
216344
216374
216458
216564
216592
216603
216706
216712
216811
216886
216915
217005
217087
217096
217191
217206
217229
217391
217591
217652
217708
217857
217868
217881
218168
218429
218523
218551
218636
218678
218774
218951
218972
219104
219216
219243
219426
219484
219527
219544
219569
219592
219875
219885
219902
219948
219964
220003
220042
220109
220739
220925
220984
221064
221161
221264
221339
221457
221534
221581
221660
221842
221912
221961
222069
222133
222316
222373
222436
222528
222597
222641
222835
222942
223001
223185
223189
223208
223220
223334
223411
223507
223534
223596
223808
223849
223955
224136
224149
224323
224487
224874
224945
224969
225064
225118
225181
225369
225468
225480
225501
225789
225845
225934
225953
226004
226158
226236
226242
226556
226570
226702
226746
226756
226833
226878
226886
226898
226941
227003
227259
227290
227360
227446
227450
227527
227557
227598
227627
227692
227820
227907
228126
228139
228165
228197
228346
228406
228507
228552
229066
229138
229218
229289
229458
229556
229635
229688
229822
229842
229857
229884
229941
230069
230089
230100
230185
230344
230430
230475
230555
230632
230712
230732
230777
230813
230816
230851
230941
231004
231672
231825
231914
231987
232062
232285
232410
232598
232608
232651
232702
232714
232737
232848
232893
233085
233198
233311
233499
233743
233979
233986
234086
234129
234179
234216
234264
234325
234363
234371
234409
234443
234461
234579
234694
234811
234822
234843
235246
235308
235392
235417
235447
235515
235766
235887
236034
236099
236318
236332
236449
236679
236795
236808
236862
237025
237044
237061
237110
237174
237236
237273
237326
237409
237658
237749
237808
237834
237845
237878
237898
238073
238110
238195
238202
238407
238544
238628
238647
238728
239121
239179
239185
239350
239359
239546
239569
239723
239771
239858
239967
240072
240088
240348
240630
240684
240714
240891
241034
241063
241081
241132
241312
241448
241481
241532
241646
241678
241750
241814
241836
241947
241970
242017
242177
242279
242620
242916
243081
243087
243341
243526
243595
243853
243859
243954
244031
244107
244138
244324
244528
244765
244797
244943
245074
245109
245144
245174
245444
245476
245636
245742
245966
245985
246011
246014
246066
246130
246264
246285
246346
246428
246475
246943
247115
247122
247213
247547
247550
247618
247828
247859
247865
248213
248257
248309
248317
248456
248641
248959
248985
249098
249296
249521
249537
249559
249924
250136
250184
250383
250393
250498
250818
250862
251040
251086
251151
251309
251419
251487
252054
252156
252363
252534
252593
252751
252799
252917
252932
252948
253048
253058
253083
253097
253170
253257
253374
253481
253511
253619
253714
253851
253920
253936
253949
253968
254006
254016
254331
254341
254443
254748
254932
254938
254958
255037
255215
255221
255229
255378
255382
255449
255474
255549
255621
255639
255706
255885
256002
256304
256318
256387
256403
256433
256718
256880
256960
256969
257014
257100
257374
257470
257635
257672
257683
257869
257967
258057
258189
258282
258315
258489
258758
258817
258842
258953
259031
259052
259071
259091
259156
259675
259686
259828
259971
260038
260044
260116
260296
260299
260382
260393
260413
260453
260473
260510
260551
260585
260628
260645
260869
260897
261127
261707
261833
261913
262040
262139
262147
262206
262404
262802
263222
263570
263657
263660
263772
263937
264073
264156
264260
264360
264393
264465
264510
264534
264677
265021
265202
265267
265341
265368
265400
265426
265486
265528
265563
265819
265972
266045
266089
266296
266441
266451
266570
266600
266602
266846
266926
267039
267051
267058
267238
267590
267844
268166
268279
268332
268505
268509
268765
268786
268988
269218
269341
269460
269521
269666
269730
269865
269878
269918
269976
270117
270226
270244
270285
270292
270375
270419
270479
270600
270640
270650
270822
270835
270873
270932
270984
270985
270990
271039
271152
271250
271380
271420
271601
271660
271736
271867
271957
272092
272106
272114
272142
272488
272528
272560
272579
272591
272605
272662
272768
272799
272880
272911
273344
273383
273404
273444
273507
273539
273715
273839
273879
273916
274063
274067
274341
274475
274541
274597
274637
274664
274789
274958
275062
275092
275136
275157
275313
275372
275482
275529
275540
275618
275667
275713
275778
275969
275978
276072
276085
276139
276246
276272
276384
276393
276478
276572
276591
276600
276665
276692
276797
277029
277368
277679
277810
277922
277954
278159
278226
278329
278337
278348
278374
278442
278557
278823
278903
278998
279104
279145
279158
279260
279459
279621
279739
279755
279804
279957
280161
280264
280666
280750
280782
281248
281265
281341
281473
281804
281901
281952
282047
282076
282256
282397
282544
282653
282763
282842
282858
282919
283050
283158
283180
283251
283299
283371
283600
283695
283701
283837
283989
284011
284041
284051
284066
284206
284305
284643
284671
284684
284796
284863
284880
285071
285152
285234
285392
285743
285830
285890
285919
285966
286114
286151
286360
286450
286510
286600
286613
286721
286955
287029
287097
287234
287238
287276
287550
287560
287692
287718
287839
287875
288153
288301
288382
288430
288569
288683
288754
288953
289168
289317
289342
289355
289392
289470
289561
289706
289797
289806
289844
289916
289976
290109
290188
290255
290275
290337
290431
290742
290833
290893
290901
290906
290920
290955
291185
291249
291326
291472
291482
291496
291578
291699
291891
292197
292342
292422
292641
292660
292954
293099
293175
293278
293295
293389
293408
293667
293797
293819
294391
294442
294616
294743
294874
295292
295626
295643
295760
295948
296036
296047
296080
296327
296543
296627
296643
296787
296871
296918
296985
297002
297142
297197
297251
297423
297497
297572
297573
297606
297916
298020
298098
298282
298304
298322
298365
298539
298599
298602
298637
298677
298780
298927
298937
299036
299055
299255
299264
299297
299345
299696
299721
299743
299750
299773
299876
299981
300228
300444
300548
300602
300614
300695
300781
301081
301108
301159
301214
301247
301331
301346
301554
301742
301762
301861
301937
302151
302449
302647
302673
302677
302711
302730
303259
303710
303768
303988
304505
304655
304796
304823
304915
305160
305180
305471
305566
305774
305902
306116
306272
306323
306423
306553
306587
306652
306685
306815
306888
306900
307023
307055
307104
307142
307149
307253
308061
308062
308319
308364
308416
308543
308555
308664
308743
308785
308924
308951
308968
308979
309067
309253
309336
309339
309445
309744
309839
309852
309920
310038
310242
310332
310565
310568
310784
310908
310936
310981
310988
311322
311432
311528
311585
311600
311645
311661
311688
311696
311717
311722
311842
311939
311940
311970
312074
312097
312148
312190
312211
312293
312314
312495
312912
312990
313078
313346
313408
313420
313473
313557
313615
313765
313776
313822
313872
314022
314045
314109
314197
314297
314317
314373
314738
314810
315008
315233
315315
315337
315366
315647
315901
316185
316602
316615
316661
316677
316698
316803
316859
317165
317235
317252
317274
317347
317593
317709
317747
317757
318088
318152
318254
318260
318270
318443
318554
318586
318611
319089
319251
319277
319387
319471
320098
320300
320336
320437
320461
320526
320575
320587
320633
320675
320982
321028
321117
321188
321248
321282
321293
321453
321496
321641
321863
321903
322070
322207
322216
322467
322511
322572
322743
322941
323031
323126
323163
323317
323371
323673
323777
323918
324064
324119
324216
324222
324363
324687
324691
324702
324757
324802
324923
324941
324971
325080
325087
325098
325180
325332
325352
325469
325522
325555
325833
326109
326191
326372
326545
326617
326667
326891
327034
327107
327138
327175
327285
327383
327478
327546
327757
327761
327868
327875
327998
328313
328451
328458
328635
328719
328745
328787
329087
329121
329328
329368
329654
329704
330012
330016
330028
330045
330059
330084
330155
330295
330633
330753
330789
330939
331041
331066
331099
331300
331316
331335
331798
331911
331937
332072
332094
332240
332276
332345
332391
332504
332506
332627
332713
332721
332726
332854
332866
333114
333206
333544
333682
333694
333833
334072
334100
334124
334143
334170
334251
334394
334410
334561
334644
334711
334834
334930
335032
335132
335268
335458
335600
335630
335709
335730
336211
336258
336368
336395
336742
336776
336824
336888
336958
337136
337236
337297
337352
337467
337527
337569
337604
337617
337774
337871
337897
338005
338079
338089
338152
338273
338505
338566
338762
338795
338830
338900
338969
339033
339080
339161
339291
339318
339375
339378
339489
339549
339958
339987
339996
340067
340320
340353
340401
340425
340490
340514
340595
340596
340761
340808
341011
341195
341287
341366
341403
341732
341816
341841
341851
342032
342237
342242
342268
342283
342494
342497
342544
342597
342650
342728
342847
342969
343032
343105
343361
343437
343516
343742
343815
343965
344028
344044
344058
344210
344370
344408
344585
344653
344677
344744
344750
344844
344896
344915
345013
345153
345300
345361
345386
345465
345545
345575
345691
345706
345730
345881
346073
346244
346401
346449
346466
346528
346600
346667
346856
347084
347110
347200
347368
347438
347456
347470
347617
347650
347819
347965
348033
348092
348197
348263
348319
348403
348534
348560
348620
348889
348979
349013
349050
349196
349484
349516
349621
349706
349743
349907
350187
350214
350291
350365
350380
350395
350404
350475
350571
350602
351076
351247
351476
351584
351598
351790
352477
352572
352654
352679
352710
352822
352869
352978
353098
353123
353181
353274
353404
353509
353577
353701
353711
353749
353770
353947
354052
354185
354215
354232
354290
354339
354395
354507
354579
354733
354817
354925
354931
355046
355236
355277
355328
355617
356083
356216
356253
356264
356268
356312
356379
356449
356672
356760
357229
357334
357440
357538
357599
357675
357820
357864
357947
358085
358137
358670
358739
358750
358855
358946
359231
359255
359316
359538
359548
359581
359605
359628
359638
359826
359931
360053
360166
360186
360311
360377
360403
360414
360437
360609
360618
360720
360951
361077
361193
361208
361227
361266
361425
361630
361777
361965
361997
362007
362093
362138
362149
362195
362318
362427
362498
362520
362659
362788
362812
362877
363023
363186
363202
363350
363469
363490
363566
363800
363893
363955
364128
364303
364540
364755
365016
365129
365230
365452
365544
365595
365619
365628
365900
365926
366009
366203
366254
366467
366524
366941
367101
367171
367327
367480
367586
367680
367767
367993
368099
368127
368248
368274
368649
368760
368889
368984
369093
369273
369388
369633
369721
369773
369869
369957
370029
370113
370144
370290
370369
370449
370559
370620
370857
370931
370964
371025
371037
371060
371161
371172
371242
371263
371366
371408
371581
371668
371958
372006
372077
372278
372298
372353
372427
372502
372685
372731
372789
372919
372940
372943
373180
373228
373268
373291
373478
373886
373947
373957
373985
374050
374132
374153
374186
374254
374262
374464
374550
374768
374806
374808
374879
375131
375615
375781
375801
375862
375982
376026
376079
376092
376123
376230
376240
376348
376389
376437
376507
376686
376717
376752
376953
377000
377016
377347
377356
377381
377435
377438
377452
377886
378039
378348
378428
378465
378504
378589
378600
378602
378639
378682
379276
379281
379397
379520
379603
379626
379842
379987
380581
380742
381555
381619
381651
381773
381797
381864
382002
382207
382329
382406
382710
382827
383101
383256
383330
383390
383461
383610
383670
383734
383848
383880
383889
383977
384017
384173
384316
384533
384585
384615
384757
384801
384958
385080
385099
385436
385550
385662
385760
385835
385847
385928
385970
386064
386143
386246
386523
386620
386664
386682
386780
387085
387402
387618
387665
387666
387697
387848
388039
388074
388178
388217
388339
388344
388345
388464
388502
388612
388809
388885
388929
388974
389142
389225
389416
389536
389630
389697
389714
389720
389766
389835
389969
390035
390055
390218
390275
390416
390457
390503
390514
390560
390600
390665
390759
390822
391306
391355
391668
391960
392083
392210
392276
392416
392442
392768
392982
393111
393144
393209
393232
393252
393334
393353
393564
393622
393737
393791
393973
393995
394071
394254
394353
394440
394465
394476
394499
394576
394976
395128
395244
395255
395280
395473
395588
395728
395771
395903
395976
396009
396045
396077
396104
396196
396263
396465
396883
396920
396939
397019
397086
397219
397329
397564
397612
397698
397713
397723
397770
397968
397999
398076
398146
398389
398414
398538
398581
398762
398800
398813
398894
398911
399216
399364
399438
399772
399780
399803
399880
399976
399983
400039
400178
400184
400240
400269
400612
400701
400832
400888
400991
401319
401512
401651
401755
401803
401852
401911
401944
401958
402074
402382
402423
402633
402781
402838
402893
403010
403031
403048
403171
403226
403281
403337
403413
403464
403469
403529
403743
403856
403931
404010
404061
404123
404135
404151
404177
404224
404529
404555
404626
404848
404855
404887
404934
405027
405054
405293
405352
405458
405663
405739
405821
405984
405989
406271
406294
406334
406344
406487
406500
406546
406635
406646
406789
406811
407004
407085
407189
407627
407838
407883
407900
407908
408151
408200
408238
408239
408340
408467
408537
408680
408761
408805
408850
408870
408964
409115
409149
409191
409249
409256
409317
409337
409391
409502
409519
409572
409617
409637
409741
409925
409937
410165
410342
410413
410476
410481
410487
410640
410803
410914
410917
410954
411104
411129
411195
411268
411485
411537
411605
411733
411840
411860
411920
411924
411938
412028
412078
412301
412463
412524
412536
412567
412574
412651
412671
412774
412844
412927
413117
413152
413269
413355
413441
413522
413528
413567
413626
413788
413810
413827
413840
413874
414032
414096
414193
414266
414549
414678
414771
414821
414827
414836
415179
415194
415205
415242
415428
415491
415598
415620
415804
415811
416000
416061
416217
416262
416438
416559
416598
416610
416664
416725
417200
417279
417448
417601
417679
417683
417742
417820
417865
417938
418136
418289
418319
418343
418719
418800
419262
419306
419366
419372
419642
420268
420315
420324
420348
420395
420424
420517
420574
420611
420712
420882
421168
421269
421489
421508
421810
421887
421908
422043
422179
422195
422205
422268
422295
422355
422428
422585
422591
422600
422815
423017
423332
423536
423587
423657
423818
423872
423991
424160
424237
424293
424348
424387
424474
424495
424516
424530
424743
424763
424873
424878
424907
424959
425155
425178
425340
425486
425850
425897
425965
426023
426026
426135
426209
426399
426432
426458
426561
426566
426747
426782
426786
426917
426966
427237
427295
427304
427382
427391
427402
427440
427491
427639
427658
427731
427831
427878
428120
428289
428395
428560
428589
428622
428656
428664
428788
428985
429072
429255
429282
429307
429479
429493
429524
429846
429925
430093
430106
430189
430257
430284
430547
430622
430720
431052
431179
431207
431275
431535
431795
431808
431882
431900
431977
431983
432053
432279
432290
432354
432512
432526
432703
432843
432852
433012
433029
433069
433085
433150
433465
433544
433690
433718
433965
434016
434047
434486
434564
434568
434615
434688
434713
434749
434764
434907
434990
435146
435150
435212
435336
435455
435641
435653
435658
435694
435724
435813
435828
435882
435930
435935
435947
436015
436028
436041
436065
436296
436392
436489
436757
436787
436859
436872
437102
437113
437159
437395
437493
437687
437888
438094
438260
438264
438275
438317
438460
438617
438653
438803
438968
438973
439026
439043
439194
439307
439535
439750
439793
439806
439861
439879
439913
439930
440375
440411
440691
440697
440906
440928
440965
441152
441387
441405
441461
441528
441694
441732
441972
442159
442240
442538
442556
442742
442883
442957
442986
443027
443128
443224
443287
443359
443395
443497
443624
443684
443750
443770
443788
443868
443903
444099
444155
444189
444241
444385
444447
444586
445366
445383
445481
445636
445732
445750
445760
445791
445798
445920
445943
445993
446378
446601
446630
446662
446751
446811
446870
447012
447018
447036
447247
447342
447441
447468
447524
447677
447707
447711
447836
448021
448103
448274
448473
448564
448609
448619
448632
448668
448725
448929
449082
449087
449424
449441
449468
449560
449604
449676
449736
450051
450060
450243
450253
450351
450361
450492
450658
450759
450773
450852
451047
451199
451269
451358
451498
451546
451726
451814
451907
451922
451991
452116
452378
452669
452779
452841
452922
453143
453167
453199
453239
453370
453699
453903
453916
454197
454264
454402
454534
454860
454961
455051
455105
455116
455211
455299
455409
455466
455484
455593
455689
455697
455899
455989
456020
456188
456199
456260
456268
456302
456373
456498
456592
456595
456701
457023
457139
457202
457224
457254
457289
457406
457460
457602
457715
457742
457962
458009
458038
458061
458149
458262
458327
458379
458462
458480
458578
458814
459027
459338
459352
459465
459527
459853
459913
460051
460187
460350
460409
460437
460458
460593
460602
460730
460800
460823
460964
461015
461230
461245
461303
461435
461457
461463
461509
461555
461573
461715
461806
461819
461824
461968
462128
462586
463241
463603
463629
463884
464180
464197
464293
464468
464493
464829
464833
464837
465098
465104
465146
465412
465799
465982
466214
466219
466284
466323
466407
466416
466452
466597
466628
466864
466873
466901
466979
467250
467288
467318
467364
467372
467481
467484
467515
467605
467737
467809
467936
467986
468105
468201
468404
468443
468625
468650
468680
468746
468867
468953
469048
469122
469134
469159
469212
469244
469265
469290
469823
469962
469980
470095
470416
470461
470600
470741
470757
470852
471414
471499
471511
471563
471603
471658
471666
471734
471748
471948
472058
472141
472145
472298
472364
472394
472545
472591
472601
472769
472846
472895
473023
473062
473091
473265
473377
473381
473547
473821
473880
473957
474099
474125
474177
474276
474587
474689
474818
474917
474999
475046
475278
475337
475575
475583
475673
475771
476034
476078
476120
476288
476432
476448
476468
476482
476762
476821
476867
476912
477019
477331
477361
477367
477467
477503
477517
477532
478029
478110
478222
478236
478420
478706
478723
478772
478789
478844
479110
479153
479233
479249
479251
479348
479627
479719
480116
480292
480317
480395
480597
480634
480650
480669
480783
480793
480874
480896
480912
480920
480983
481010
481236
481247
481333
481432
481487
481634
481851
481886
482049
482102
482245
482344
482612
482631
482659
482771
483000
483034
483181
483239
483263
483429
483479
483492
483673
483776
483791
483845
483868
483891
483912
483958
484098
484141
484156
484238
484249
484268
484295
484344
484373
484445
484456
484530
484640
484892
484915
485125
485178
485245
485322
485350
485411
485674
485762
485803
486216
486225
486406
486554
486607
486776
486931
486970
486996
487121
487185
487332
487409
487411
487471
487525
487553
487610
487619
487699
487759
487883
488010
488110
488280
488313
488466
488552
488597
488677
488717
488740
489027
489092
489395
489421
489679
489732
489770
489788
489845
489862
489902
490105
490157
490289
490312
490678
490712
490731
490786
490870
490982
491169
491233
491261
491376
491813
491875
491905
491933
492048
492059
492097
492197
492447
492530
492783
493026
493043
493061
493179
493271
493298
493371
493416
493508
493651
493678
493698
493886
493968
494007
494149
494166
494285
494410
494415
494430
494568
494695
494781
494843
494883
494890
494958
495062
495087
495119
495256
495273
495444
495507
495695
495737
495770
495816
496078
496345
496437
496457
496471
496543
496602
496639
496725
496788
496941
497094
497141
497146
497190
497299
497604
497675
497796
497988
498028
498052
498102
498335
498340
498402
498529
498671
498737
498754
498939
499016
499068
499243
499383
499463
499892
499947
500062
500234
500674
500891
501019
501083
501243
501543
501550
501581
501864
501912
501921
502045
502369
502416
502538
502602
502714
502731
502823
502846
502976
503319
503472
503482
503593
503655
503668
503710
503715
503758
503760
503823
503849
503902
503968
504141
504385
504427
504472
504650
504679
504875
504910
504918
504974
505013
505023
505042
505112
505267
505325
505644
505720
505855
506322
506401
506517
506531
506700
506960
507089
507093
507192
507195
507226
507367
507599
507620
507646
507725
507727
507739
507918
507960
508030
508119
508142
508249
508316
508397
508403
508422
508455
508516
508613
508795
508805
508833
508844
508959
509118
509240
509270
509322
509341
509423
509561
509657
509842
510044
510153
510463
510478
510752
510904
511159
511187
511229
511291
511366
511462
511600
511957
512145
512163
512279
512470
512540
512632
512704
512947
513028
513092
513121
513524
513572
513648
513710
513791
514085
514374
514506
514632
514652
514755
514900
515266
515298
515305
515381
515391
515424
515519
515597
515748
515764
515869
516006
516023
516170
516187
516269
516495
516510
516523
516549
516653
516698
516704
516783
517067
517141
517216
517247
517463
517601
517761
517879
518008
518159
518216
518221
518289
518305
518577
518703
518709
518764
518881
518888
519153
519221
519246
519814
520105
520226
520298
520337
520343
520415
520473
520689
520731
520761
520953
521367
521420
521808
522042
522045
522077
522461
522473
522734
522819
522894
522921
522927
523019
523145
523185
523297
523358
523446
523538
523697
523739
523815
524034
524111
524246
524319
524331
524549
524609
524715
525023
525409
525522
525526
525637
525728
525800
525814
525905
526177
526222
526267
526557
526900
527010
527025
527041
527061
527072
527148
527966
528211
528339
528394
528404
528413
528465
528536
528540
528551
528560
528610
528968
529085
529096
529274
529648
529770
529778
529945
529983
530178
530491
530525
530638
530843
530923
530928
531039
531154
531277
531283
531292
531302
531328
531357
531366
531448
531553
531613
531618
531649
531856
531876
532042
532138
532193
532218
532338
532371
532421
532570
532674
532941
532961
533023
533139
533217
533298
533390
533414
533438
533470
533580
533639
533734
533768
533773
534003
534043
534056
534074
534199
534305
534507
534664
534874
534923
535104
535181
535203
535493
535519
535616
535841
535995
536027
536045
536106
536130
536323
536408
536741
536927
537292
537332
537347
537394
537411
537638
537935
538022
538044
538071
538272
538370
538427
538500
538644
538732
538782
539095
539495
539527
539555
539580
539587
539882
539981
540015
540150
540189
540286
540371
540389
540534
540564
540620
540869
540873
540902
540914
541034
541058
541285
541317
541486
541913
541989
542012
542021
542110
542148
542164
542252
542270
542302
542468
542573
542603
542688
542704
542789
542798
542850
542985
543010
543094
543227
543288
543320
543385
543400
543754
543790
543806
543863
543896
543901
543916
543993
544053
544069
544119
544194
544541
544637
544683
544722
544726
544738
544761
544876
544988
545038
545088
545126
545152
545233
545326
545478
545531
545603
545690
545760
545812
545865
545914
546268
546360
546384
546422
546464
546528
546616
546918
546970
546995
547019
547105
547179
547330
547382
547568
547583
547616
547673
547826
548049
548126
548131
548224
548623
548712
548761
548833
548911
548934
549088
549339
549386
549558
549568
549703
549784
549835
549871
549957
550066
550074
550092
550097
550204
550257
550290
550445
550477
550586
550641
550884
551062
551270
551296
551362
551624
551979
552109
552168
552177
552191
552232
552356
552360
552593
552754
553012
553052
553068
553101
553354
553587
553604
553782
553834
553880
553903
554085
554100
554172
554218
554277
554283
554322
554329
554336
554398
554804
555119
555129
555211
555294
555324
555370
555475
555508
555542
555640
555844
555918
556088
556203
556389
556584
556613
556753
556996
557304
557344
557424
557531
557896
557962
558047
558087
558256
558337
558446
558531
558614
558672
558678
558749
559084
559176
559316
559434
559545
559710
559921
560010
560153
560356
560422
560427
560522
560581
560620
560625
560665
560712
560910
560926
560983
561080
561132
561178
561228
561357
561380
561406
561450
561495
561555
561792
561994
562081
562124
562267
562296
562351
562437
562510
562670
562739
562785
563050
563135
563156
563208
563379
563419
563470
563934
564256
564458
564472
564515
564557
564696
565079
565195
565270
565288
565294
565354
565383
565521
565535
565560
565716
565844
565981
566059
566170
566240
566378
566423
566510
566594
566749
566770
566789
566856
567318
567375
567423
567575
567623
567692
567698
567704
567740
567838
567920
567924
567958
568266
568270
568275
568286
568357
568478
568591
568665
568816
568881
569056
569091
569203
569259
569432
569510
569533
569682
569786
569859
569884
569973
569980
570145
570210
570416
570478
570495
570519
570652
570721
570773
570828
570854
570881
570899
570932
571068
571166
571204
571242
571298
571374
571588
571653
571751
571865
571992
572084
572135
572299
572323
572379
572409
572663
572681
572798
572875
573286
573300
573384
573435
573564
573683
573752
573809
573899
573944
573994
574229
574275
574316
574345
574355
574424
574509
574639
574691
575162
575201
575214
575296
575336
575352
575366
575389
575417
575475
575590
575676
575704
575757
575774
576143
576230
576241
576311
576395
576543
576583
576679
576887
577052
577061
577199
577229
577806
577823
577947
578106
578127
578225
578332
578400
578474
578527
578689
578800
578857
578929
579021
579153
579231
579318
579332
579344
579457
579485
579591
579595
579643
579896
579985
580316
580347
580650
580750
580780
580794
580958
580986
581060
581161
581174
581322
581627
581666
581713
581865
581921
582126
582153
582270
582315
582362
582410
582423
582454
582481
582554
582654
582731
582830
582882
582965
582989
583014
583069
583111
583118
583332
583410
583429
583489
583628
583826
583915
583932
583961
583966
584207
584267
584404
584432
584533
584628
584735
584958
585118
585446
585497
585510
585537
585651
585676
585693
585978
586028
586148
586190
586241
586257
586264
586388
586413
586613
586702
586786
586801
586813
586834
586860
586865
586897
587065
587090
587198
587215
587404
587457
587618
587636
587766
587774
587925
588307
588399
588411
588671
588797
589031
589076
589148
589321
589384
589576
589602
589690
589743
589780
589816
589871
589914
589978
590049
590058
590064
590114
590225
590302
590446
590487
590547
590580
590889
590899
590935
590984
590990
591046
591058
591258
591582
591587
591687
591736
591783
591873
591910
592174
592246
592285
592301
592358
592539
592648
592675
592862
593003
593210
593541
593667
593697
593756
593770
593838
593853
593923
594006
594085
594357
594477
594556
594566
594589
594599
594719
594744
594767
594819
594878
594976
595017
595124
595127
595159
595232
595269
595325
595378
595446
595460
595644
595839
596081
596112
596124
596193
596268
596278
596296
596303
596350
596434
596468
596554
596562
596653
596959
597155
597420
597563
597610
597640
597696
597713
598152
598180
598249
598304
598482
598725
598736
598758
598869
598955
599147
599198
599209
599248
599483
599658
599784
599793
599805
599883
599925
600016
600037
600151
600226
600327
600466
600579
600645
600740
600770
600828
600844
601065
601085
601094
601119
601262
601267
601336
601423
601447
601534
601588
601591
601681
601811
602103
602328
602386
602393
602471
602524
602567
602570
602704
602743
602789
602824
603205
603219
603325
603348
603373
603386
603447
603554
603631
603645
603789
603919
604108
604143
604255
604330
604453
604477
604605
604682
604746
604784
604810
604833
604913
604918
604967
605023
605025
605144
605184
605408
605448
605513
605769
605835
605908
605938
606032
606290
606581
606643
606675
606773
606787
606875
607039
607152
607242
607317
607378
607502
608270
608286
608521
608542
608615
608633
608673
608717
608879
608968
609024
609101
609111
609328
609370
609567
609660
609812
609848
609930
610028
610469
610686
610984
611298
611475
611520
611641
611697
611798
611858
611861
611871
611902
611978
612141
612190
612368
612420
612513
612603
612745
612913
612928
612973
612979
613049
613070
613083
613532
613678
613692
613699
613913
613955
614194
614401
614433
614516
614524
614592
614654
614715
614753
614910
614915
614996
615081
615097
615187
615306
615427
615437
615463
615510
615812
615898
615931
615952
616351
616364
616413
616422
616447
616862
616891
617013
617334
617411
617439
617562
617689
617766
617831
618012
618080
618109
618222
618282
618354
618524
618775
619144
619193
619201
619224
619281
619353
619437
619703
619717
619744
619794
619824
619889
619892
619924
620010
620028
620052
620164
620169
620338
620344
620438
620440
620638
620685
620805
621059
621065
621247
621270
621284
621329
621449
621453
621535
621718
622069
622154
622243
622332
622420
622451
622564
622582
622645
622735
622767
622848
623116
623193
623213
623290
623398
623555
623592
623922
624148
624166
624235
624250
624252
624312
624748
625033
625256
625337
625370
625594
625616
625696
625766
625843
626063
626395
626434
626470
626522
626594
626673
626821
626895
626996
627032
627041
627316
627332
627596
628152
628400
628472
628608
628678
628748
628886
629094
629233
629362
629387
629391
629423
629512
629600
629605
629902
629910
629989
630035
630068
630086
630385
630465
630530
630712
630741
631185
631230
631381
631466
631614
631653
631654
631679
631721
631841
631874
631911
631948
632077
632105
632210
632454
632536
632589
632700
632826
632900
632901
633010
633033
633077
633116
633123
633161
633303
633318
633347
633481
633542
633596
633953
634175
634283
634356
634374
634419
634462
634510
634540
634566
634596
634748
634840
634868
634942
635022
635028
635056
635070
635168
635240
635354
635531
635774
635788
635831
635912
636083
636115
636122
636227
636326
636407
636493
636545
636566
636623
636789
636804
636823
636930
636957
637171
637182
637294
637353
637462
637519
637667
637840
638061
638201
638225
638237
638325
638348
638497
638666
638747
638923
639082
639211
639229
639266
639323
639409
639455
639550
639649
639701
639788
639814
639953
639966
639976
640005
640057
640129
640273
640281
640360
640432
640506
640637
640708
640777
641089
641311
641376
641506
642084
642089
642326
642395
642535
642624
642654
642876
642904
642935
643146
643210
643261
643679
643696
643747
643762
643797
643910
643980
644054
644073
644093
644187
644295
644355
644381
644551
644569
644705
644838
644860
645195
645311
645321
645426
645557
645560
645578
645783
646060
646313
646409
646475
646652
646899
646923
646944
647095
647197
647322
647328
647476
647581
647588
647725
648043
648283
648452
648467
648479
648606
648708
648834
648943
648948
649034
649089
649102
649345
649554
649654
649711
649939
650019
650035
650185
650378
650385
650566
650583
650606
650723
650870
650949
651033
651054
651255
651313
651368
651506
651595
651642
652225
652368
652383
652602
652624
652731
652981
653016
653255
653312
653314
653401
653423
653446
653481
653527
653612
653651
653873
653922
653936
654144
654231
654414
654454
654532
654596
654607
654654
654808
654839
654990
654996
655122
655214
655256
655409
655445
655455
655530
655606
655766
655820
655923
656008
656025
656059
656210
656314
656352
656453
656469
656515
656879
657001
657086
657107
657255
657372
657399
657431
657652
657717
657744
658021
658151
658192
658240
658431
658482
658500
658723
658780
658830
658976
659013
659018
659168
659334
659557
659638
659690
659961
660015
660271
660307
660417
660474
660565
660659
660676
660709
660862
661058
661245
661295
661452
661574
661587
661739
661892
661942
662033
662195
662304
662512
662521
662545
662601
662763
662767
662940
662990
663143
663438
663548
663553
663555
663567
663612
663621
663835
663917
664009
664146
664244
664435
664485
664555
664586
664680
664730
664818
664824
664959
664974
665011
665221
665267
665392
665492
665610
665651
665720
665772
665919
665946
666152
666297
666315
666376
666383
666488
666538
666650
666848
666852
666867
666871
666885
666957
666975
667035
667263
667451
667547
667571
667580
667636
667687
667816
667863
668272
668416
668521
668551
668594
668602
668675
668731
668753
668947
669051
669259
669322
669415
669431
669448
669455
669469
669499
669712
669855
669912
669989
670066
670167
670290
670492
670516
670610
670667
670690
670800
670975
671175
671177
671255
671295
671368
671394
671495
671531
671620
671728
671880
672144
672163
672267
672414
672453
672501
672548
672563
672575
672592
672888
673045
673315
673466
673475
673509
673557
673835
673963
674001
674118
674147
674184
674303
674390
674574
674664
674842
674941
675009
675262
675319
675321
675378
675411
675461
675557
675704
675822
675907
675917
675961
676512
676516
676535
676595
676617
676639
676658
677025
677193
677256
677436
677459
677565
677582
678012
678112
678176
678252
678507
678747
678862
678923
678934
679264
679292
679317
679439
679446
679479
679532
679682
679869
679999
680015
680052
680154
680207
680241
680292
680449
680480
680576
680617
680836
680908
680921
681169
681266
681292
681356
681413
681562
681728
681807
681962
681975
682070
682129
682134
682166
682293
682352
682373
682417
682442
682454
682525
682542
682618
682694
682886
682976
682997
683157
683176
683238
683459
683810
683970
684026
684162
684199
684211
684219
684232
684445
684483
684523
684596
684675
684763
684785
684826
684836
684838
684920
685116
685254
685333
685392
685420
685479
685619
685719
685750
686075
686116
686212
686268
686366
686472
686560
686710
686731
686818
686888
686945
687059
687078
687177
687330
687422
687542
687557
687576
687655
687677
687725
687735
687837
687922
687977
687997
688032
688079
688114
688126
688165
688190
688252
688279
688306
688367
688402
688451
688456
688537
688608
688640
688768
688799
688810
688840
688911
688962
689028
689173
689183
689305
689321
689345
689403
689488
689714
689729
689765
689793
689922
689975
690000
690101
690172
690313
690364
690381
690411
690421
690434
690554
690613
690645
690683
690800
691039
691169
691618
691628
691683
691735
691840
691918
691972
692008
692025
692228
692290
692359
692568
692577
692679
692847
692910
692937
693157
693244
693384
693415
693532
693576
693609
693638
693679
693693
693770
693866
694024
694062
694072
694108
694128
694277
694475
694492
694915
695040
695255
695259
695376
695391
695407
695428
695547
695673
695703
695747
695760
695764
695995
696035
696096
696218
696326
696536
696571
696614
696663
696869
696997
697336
697569
697578
697976
698034
698162
698714
698943
698986
699079
699083
699092
699249
699531
699552
699604
699618
699741
699745
699781
699858
699996
700005
700036
700183
700370
700538
700556
700606
700660
700678
700745
700782
700880
700936
700990
701034
701126
701131
701239
701393
701577
701715
702040
702284
702292
702471
702729
702834
702904
703001
703031
703165
703261
703307
703314
703391
703483
703671
703931
703976
704101
704107
704225
704253
704330
704453
704563
704724
704891
704942
704959
705016
705021
705027
705083
705120
705167
705261
705280
705327
705428
705454
705558
705614
705683
705788
705894
705951
706100
706317
706344
706480
706579
706640
706920
707205
707230
707455
707714
707749
707945
707995
708080
708129
708158
708256
708292
708514
708553
708563
708579
709075
709170
709226
709284
709302
709370
709404
709480
709691
709737
709900
709938
709942
709961
709982
710017
710172
710223
710289
710359
710451
710721
710758
710842
710942
710997
711026
711033
711230
711464
711489
711685
711704
711734
711801
711924
711960
712027
712057
712062
712109
712545
712558
712676
712786
712856
712868
712875
712965
712981
713215
713237
713331
713835
713906
713959
714067
714150
714205
714271
714320
714416
714445
714565
714665
714685
714709
714750
714783
714800
715026
715238
715388
715391
715481
715672
715697
715718
715734
715856
715998
716002
716206
716212
716215
716323
716440
716606
716626
716653
716696
716745
716893
717059
717171
717199
717481
717493
717589
717610
717626
717813
717860
717898
718134
718300
718312
718320
718372
718419
718485
718530
718557
718613
718692
718729
718747
719061
719175
719714
719800
719922
719939
719983
720030
720040
720051
720105
720126
720252
720550
720558
720618
720818
720837
720927
721021
721056
721157
721165
721249
721267
721311
721503
721516
721621
721733
721758
721921
721945
721991
722062
722166
722187
722194
722346
722493
722501
722571
722587
722807
722997
723012
723084
723689
723747
723811
723821
723906
723978
724060
724133
724168
724240
724250
724386
724403
724430
724454
724749
724876
725020
725152
725186
725387
725572
725613
725623
725681
726180
726217
726328
726492
726704
726741
726788
726806
726873
726891
727058
727063
727072
727141
727237
727298
727364
727584
727609
727689
727726
727837
728088
728188
728499
728531
728599
728635
728683
728694
728713
728848
728869
728896
728902
729017
729247
729273
729375
729397
729485
729492
729560
729749
729788
729873
729902
730004
730120
730215
730236
730442
730511
730668
730752
730760
730816
730881
730952
730993
731017
731027
731139
731268
731278
731485
731496
731555
731594
731664
731740
731824
731979
732566
732582
732649
732787
732946
733075
733285
733290
733363
733525
733642
733657
733725
733779
733814
733843
733960
734084
734105
734296
734364
734373
734376
734408
734540
734741
734862
735005
735028
735126
735212
735317
735451
735696
735704
735811
735913
736242
736298
736319
736459
736473
736644
736659
736804
736846
736849
736972
737080
737166
737332
737451
737560
737617
737628
737641
737715
737810
738268
738549
738635
738849
738914
739100
739329
739392
739403
739456
739549
739584
739617
739795
739826
739844
739948
740001
740009
740184
740244
740254
740338
740365
740392
740535
740619
740669
740704
740845
740872
740945
740958
741066
741381
741398
741453
741473
741505
741600
741735
741755
741773
741782
741979
741990
742122
742515
742567
742615
742686
742710
742723
742762
742846
742894
743007
743008
743023
743164
743276
743373
743626
743828
743919
743925
743993
744105
744491
744513
744568
744750
744827
744906
744916
744933
745037
745338
745359
745591
745869
746015
746243
746263
746344
746400
746422
746543
746904
746932
747023
747259
747680
747810
747929
747967
747997
748060
748233
748313
748368
748390
748694
748730
748812
749152
749222
749256
749304
749447
749593
749645
749727
749876
750007
750050
750115
750437
750460
750469
750489
750774
750890
751180
751469
751740
751868
751972
752005
752065
752146
752255
752322
752408
752443
752708
752734
752745
752970
752976
753030
753182
753338
753425
753444
753453
753488
753747
753837
753843
753951
754048
754126
754179
754331
754445
754459
754612
754706
754791
754805
754891
754980
755003
755053
755078
755114
755169
755493
755567
755619
755680
755811
756059
756097
756479
756806
757095
757139
757169
757310
757511
757543
757607
757631
757801
758003
758134
758291
758449
758608
758625
758797
758921
758957
758997
759054
759104
759190
759284
759448
759653
759717
759876
759906
759938
760016
760185
760384
760515
760777
760835
760879
761255
761313
761586
761689
761772
761780
761791
761873
761879
762114
762128
762250
762313
762356
762523
762538
762549
762747
762828
762950
762976
763060
763091
763208
763239
763378
763474
763484
763514
763559
763616
763773
763791
763853
763917
764026
764178
764245
764638
764696
764902
764954
764985
765103
765269
765330
765368
765389
765653
765671
765757
765906
765951
765972
766137
766380
766395
766407
766428
766843
767226
767268
767276
767309
767375
767429
767494
767511
767534
767552
767655
767725
767805
767892
768037
768185
768199
768404
768530
768595
768760
768818
768830
768841
768952
769127
769229
769289
769468
769522
769703
769773
769793
769823
769951
770026
770145
770189
770601
770911
770926
770983
771029
771087
771676
771698
771769
771800
771959
772017
772236
772271
772280
772287
772553
772935
773005
773097
773099
773276
773354
773415
773591
773813
773950
774037
774099
774432
774481
774605
774772
774799
774884
774901
774989
775004
775045
775052
775117
775146
775237
775424
775425
775650
775656
775706
775716
775855
776014
776198
776223
776304
776572
776589
776698
776768
776900
777054
777135
777201
777216
777432
777570
777636
777682
777798
777866
777880
777970
777994
778026
778114
778281
778400
778580
778624
778633
778861
778941
778994
779169
779362
779496
779532
779544
779623
779727
779901
780217
780317
780328
780408
780430
780499
780566
780599
780651
780672
780691
780827
781075
781149
781301
781307
781481
781506
781529
781596
781688
781915
781931
781950
782023
782202
782266
782457
782639
782805
782937
782949
782957
783007
783033
783043
783122
783126
783142
783250
783359
783394
783447
783568
783761
783813
783864
783895
783988
784257
784269
784288
784314
784469
784547
784595
784644
784682
784860
784956
785092
785151
785575
785810
786376
786449
786538
786684
786709
786740
786970
787036
787097
787104
787212
787358
787369
787743
787803
787840
787915
787964
788527
788569
788738
788827
788861
788947
789115
789132
789312
789706
789799
789907
789938
790160
790240
790266
790295
790320
790327
790397
790462
790472
790645
790654
790778
790881
791140
791294
791487
791645
791726
791763
791824
791906
792213
792224
792233
792294
792315
792401
792421
792452
792603
792616
792629
792782
792895
792933
792947
793029
793352
793431
793816
793911
793923
794092
794186
794203
794434
794518
794589
794658
794760
795065
795089
795287
795479
795601
795641
795674
795790
795854
796018
796032
796067
796253
796323
796387
796505
796539
796794
796944
796965
797129
797194
797206
797231
797388
797452
797579
797636
797762
797777
798146
798164
798169
798467
798533
798550
798971
799032
799215
799323
799439
799487
799545
799571
799678
799864
800060
800079
800086
800128
800148
800218
800226
800260
800300
800375
800442
800583
800604
800686
800777
800811
800824
800901
801053
801060
801226
801227
801236
801252
801323
801395
801413
801578
801591
801841
801919
802019
802100
802215
802310
802968
803158
803164
803248
803320
803340
803344
803401
803485
803499
803508
803546
803773
803837
803912
803920
803986
803990
804272
804769
804777
804788
804933
804993
805198
805236
805276
805325
805421
805596
805602
805782
806332
806756
806774
806806
806839
806939
806969
807163
807553
807680
807717
807762
807868
808006
808073
808093
808299
808384
808498
808530
808687
808859
808882
808938
808940
808961
808971
809035
809200
809232
809256
809485
809650
809773
809808
809991
810018
810079
810098
810258
810326
810479
810613
810680
810998
811145
811202
811229
811268
811286
811431
811433
811603
811625
811666
812019
812053
812073
812170
812235
812297
812328
812370
812407
812412
812482
812520
812636
812828
812903
812955
813101
813141
813183
813255
813265
813442
813447
813516
813614
813824
813968
814350
814489
814516
815028
815111
815184
815232
815368
815545
815603
815641
815690
816027
816101
816200
816410
816495
816539
816541
816757
816777
816976
816987
817156
817176
817271
817284
817532
817611
817689
817721
817817
817845
818008
818018
818158
818184
818433
818437
818478
818581
818843
818944
819195
819364
819472
819507
819628
819670
819764
819789
819824
819862
820097
820220
820261
820310
820566
820650
820719
820830
820929
820949
821031
821299
821409
821454
821689
821799
821812
821997
822088
822118
822168
822195
822213
822249
822266
822499
822515
822648
822658
822815
822836
823041
823136
823331
823352
823549
823567
823753
823778
824066
824146
824371
824433
824441
824612
824672
824742
824799
824867
824920
825028
825068
825101
825161
825183
825250
825317
825328
825796
825882
825919
825927
826078
826314
826449
826457
826502
826531
826597
826630
826652
826742
826769
826775
826831
826854
827040
827178
827274
827594
827663
827670
827785
827809
827829
827838
827861
828064
828070
828217
828403
828545
828612
828702
828861
828865
828951
829023
829071
829478
829500
829722
829859
829902
829914
829939
829978
830549
830650
830779
830782
830943
830961
830974
831038
831162
831411
831468
831522
831660
831687
831726
831859
831895
832157
832209
832258
832344
832351
832508
832572
832585
832624
832660
832738
832771
832793
832873
833121
833153
833192
833366
833422
833742
833776
833798
833804
834346
834468
834558
834651
834769
834975
835131
835143
835199
835232
835263
835295
835328
835432
835532
835543
835580
835633
835715
835924
836037
836333
836374
836396
836526
836599
836606
836658
836726
836816
836932
836969
837004
837080
837399
837414
837432
837452
837614
838047
838076
838086
838123
838215
838378
838588
838592
838645
838692
838836
839280
839388
839421
839490
839568
839597
839627
839705
839778
839810
839894
840170
840209
840236
840295
840369
840404
840428
840475
840555
840639
840727
840812
840918
840942
841099
841107
841164
841266
841345
841426
841482
841710
841736
841898
842031
842125
842209
842244
842421
842624
843061
843181
843299
843411
843569
843596
843645
843745
843881
843965
843975
844002
844022
844208
844228
844231
844285
844540
844573
844767
844943
844986
845005
845030
845054
845118
845252
845325
845478
845518
845780
845880
845883
845896
845918
846009
846056
846069
846152
846257
846283
846501
846655
846696
846716
846929
847220
847236
847258
847264
847380
847582
847636
847685
847812
847936
847939
847989
848122
848154
848294
848513
848570
848593
848767
848961
848995
849005
849094
849128
849156
849238
849420
849595
849621
849705
849780
849900
849905
849930
850116
850127
850279
850465
850549
850677
850737
850822
850869
850903
850938
850948
850983
851109
851122
851362
851438
851698
852013
852158
852233
852307
852410
852612
852639
852697
852734
852862
852898
853091
853235
853417
853574
853638
853939
853944
854075
854200
854213
854226
854582
854619
854652
854690
854864
854884
854885
854894
854984
855073
855179
855206
855217
855228
855330
855407
855478
855491
855978
856096
856098
856226
856272
856398
856556
856625
856634
856656
856753
857029
857057
857115
857222
857254
857356
857393
857595
857662
857687
857794
857803
857872
857892
857926
857990
858000
858039
858082
858085
858244
858247
858430
858472
858477
858535
858566
858899
858967
859007
859317
859546
859574
859652
859683
860066
860079
860088
860321
860433
860445
860490
860668
860694
860758
860773
861166
861276
861372
861452
861508
861524
861551
861681
861794
861955
862159
862556
862695
863273
863465
863548
863754
863781
863887
863918
863930
864144
864184
864193
864281
864316
864337
864373
864431
864774
864891
865020
865037
865118
865281
865313
865386
865406
865620
865722
865858
865891
866003
866110
866275
866759
866780
866788
866927
867234
867286
867344
867562
867583
867678
867729
867740
867933
868090
868120
868211
868230
868258
868282
868353
868446
868472
868561
868650
868708
868791
868855
868878
868993
869136
869273
869433
869644
869698
869756
869830
869998
870301
870356
870403
870456
870634
870664
870718
870810
870826
871205
871219
871267
871341
871450
871533
871543
871595
871667
871688
871828
871946
871965
872132
872178
872194
872329
872395
872412
872614
872691
872715
872725
872896
872930
873078
873177
873273
873333
873391
873394
873411
873468
873514
873671
873921
874114
874428
874437
874829
874914
875004
875106
875179
875196
875297
875366
875658
876140
876154
876345
876356
876398
876792
876806
876928
876955
877025
877120
877247
877261
877269
877300
877303
877438
877447
877785
877964
878086
878122
878218
878228
878460
878464
878575
878599
878622
878698
878746
878777
878891
878915
878961
879046
879055
879104
879129
879348
879496
879684
879905
880349
880381
880747
880859
880864
881056
881139
881162
881247
881369
881439
881507
881532
881584
881715
881795
881822
881845
881947
882128
882156
882519
882633
882940
883156
883223
883374
883722
883755
883764
884155
884319
884334
884453
884554
884594
884625
884639
884658
884715
884760
884771
884898
884994
885100
885117
885181
885274
885497
885580
885603
885844
886074
886161
886367
886396
886534
886608
886653
886722
886857
886998
887173
887262
887398
887443
887530
887553
887593
887754
887950
888755
888796
888897
888968
888997
889047
889280
889324
889535
889613
889674
889753
889791
889832
889903
889944
890075
890112
890121
890162
890279
890322
890417
890435
890482
890570
890592
890645
890655
890703
890729
890745
890878
890996
891113
891118
891169
891239
891447
891753
891883
891905
891988
892002
892253
892317
892360
892531
892557
892568
892614
892659
892853
893110
893329
893547
893582
893610
893648
893721
893729
893751
893837
893933
894215
894614
894637
894721
894965
895311
895490
895678
895706
895760
895944
895966
896367
896423
896487
896528
896543
896869
897007
897028
897096
897149
897190
897260
897479
897578
897655
897699
897818
898224
898285
898303
898341
898396
898578
898595
898648
898767
898876
898953
898982
898998
899266
899375
899480
899609
899658
900017
900020
900063
900107
900118
900149
900185
900423
900565
900622
900682
900732
900743
900865
900964
901084
901126
901140
901696
901964
902119
902138
902425
902509
902665
902689
902713
902802
902806
902817
902850
902912
903127
903132
903161
903356
903749
903854
903959
903993
904072
904149
904259
904365
904376
904851
904859
904956
905259
905442
905523
905575
905622
905879
906046
906082
906109
906154
906431
906465
906545
906615
906640
906803
906928
907159
907281
907393
907424
907490
907530
907538
907571
907661
907702
907775
907808
907879
908245
908292
908309
908507
908619
908646
908703
908914
909294
909352
909552
909692
909705
909724
909764
909831
909919
910067
910425
910654
910710
911274
911629
911751
911785
912050
912644
912815
912880
913072
913104
913194
913324
913364
913431
913479
913516
913709
913718
913722
913904
913984
914037
914098
914118
914159
914206
914209
914234
914254
914580
914583
914677
914742
914786
914868
914909
914941
915101
915132
915138
915338
915455
915509
915661
915744
915835
915846
915975
915994
916025
916117
916197
916206
916264
916284
916338
916407
916632
916701
917023
917067
917160
917273
917431
917437
917471
917797
917882
918054
918346
918447
918546
918596
918730
918798
918842
918864
918918
919180
919408
919612
919833
919851
919971
919985
920107
920194
920227
920310
920312
920327
920531
920730
920789
920986
921177
921690
921705
921745
921773
921799
922144
922163
922565
922790
922879
923100
923142
923328
923430
923435
923589
923668
923826
923846
923916
923932
924049
924479
924551
924604
924670
924796
924897
924998
925039
925218
925353
925432
925436
925459
925485
925519
925871
925942
925974
926054
926129
926152
926331
926369
926393
926461
926920
927006
927021
927036
927173
927352
927419
927465
927714
927750
927762
927841
927888
927903
927961
927977
928248
928408
928586
928612
928619
928668
928679
928722
928741
928978
929343
929447
929533
929706
929751
929826
929985
930026
930110
930401
930428
930445
930527
930656
930800
930818
930846
930902
931050
931416
931456
931538
931674
932008
932070
932252
932301
932338
932360
932472
932497
932517
932575
932682
932721
932778
932789
932947
933047
933069
933223
933345
933444
933532
933628
933733
933752
933816
934004
934140
934146
934156
934191
934456
934614
934639
934673
934727
934872
934963
935081
935171
935215
935507
935534
935567
935767
935824
936031
936243
936576
936589
936901
937136
937153
937158
937221
937360
937578
937800
937885
937907
938057
938099
938118
938126
938184
938414
938524
938532
938676
938863
939187
939258
939793
939805
940033
940284
940342
940364
940445
940489
940510
940518
940792
940799
940842
940855
940863
941107
941247
941470
941548
941733
941773
941892
942271
942284
942382
942484
942531
942569
942706
942800
942903
942912
942975
943039
943084
943104
943157
943269
943522
943545
943790
943872
943885
943889
944090
944159
944353
944609
944648
944689
944735
944824
944841
944909
944943
945079
945481
945507
945750
945801
945818
945873
945911
945988
946046
946141
946159
946204
946257
946396
946423
946479
946493
946959
947018
947065
947100
947170
947239
947483
947593
947615
947622
947696
947736
947766
947812
947919
948089
948321
948382
948594
948661
948917
948955
949016
949037
949040
949070
949120
949199
949226
949378
949433
949731
949809
950340
950798
950811
951033
951041
951103
951205
951259
951354
951501
951572
951643
951749
951756
951775
951794
951835
951907
952006
952146
952254
952311
952357
952391
952505
952578
952664
952686
952723
952822
952847
952896
953055
953076
953083
953102
953269
953301
953367
953377
953620
953649
953651
953759
953780
953859
953863
954007
954124
954240
954255
954257
954300
954334
954351
954779
954809
954887
954978
955111
955114
955179
955399
955535
955694
955697
955757
955857
956058
956189
956268
956335
956571
956720
956815
956927
956950
957184
957418
957435
957465
957756
957775
957986
958004
958055
958266
958321
958421
958477
958484
958568
958630
958713
958746
958774
958867
959181
959201
959305
959378
959439
959762
959995
960063
960267
960466
960523
960575
961021
961088
961282
961491
961822
961876
961957
961969
962151
962321
962359
962396
962431
962549
962587
962667
962815
963055
963115
963198
963209
963231
963247
963284
963290
963411
963556
963578
963648
963829
963959
964073
964093
964156
964174
964246
964313
964398
964455
964458
964468
964510
964730
964762
964873
965131
965290
965338
965358
965431
965469
965791
965859
965911
966049
966380
966495
966523
966634
966741
966845
966849
966880
967274
967428
967571
967585
967692
967712
967835
967860
968025
968191
968349
968434
968454
968592
968723
968907
969063
969103
969297
969406
969424
969438
969475
969542
969599
969713
969803
969822
969969
969976
970080
970285
970562
970572
970822
970929
971490
971522
971532
971669
971757
971913
971941
972100
972110
972230
972423
972565
972627
972660
972844
972847
972979
972980
973019
973029
973201
973236
973361
973450
973569
973669
973799
973840
973885
974233
974537
974851
974918
974967
975013
975132
975341
975453
975550
975729
975800
975831
975836
975885
975992
976014
976033
976224
976348
976384
976430
976479
976527
976644
976782
976827
976842
976931
977045
977184
977238
977480
977540
977548
977550
977567
977594
977768
977778
977785
977904
978091
978238
978544
978705
979031
979154
979291
979541
979550
979761
979778
979789
979850
979874
980290
980320
980376
980545
980646
980703
980841
980864
980939
980996
981132
981147
981467
981531
981552
981597
981643
981681
981826
981927
982022
982043
982084
982126
982289
982307
982473
982622
982707
982812
982891
982990
982999
983099
983136
983285
983356
983363
983481
983526
983894
983931
983988
984023
984219
984255
984413
984512
984584
984797
984840
984844
984920
984933
984975
985024
985052
985190
985485
985623
985668
985705
985712
985805
986015
986146
986148
986269
986281
986387
986599
986653
986683
986717
986769
986812
986815
986824
987203
987222
987294
987427
987494
987598
987634
987790
987852
987983
988091
988234
988267
988492
988708
988714
988894
988910
988922
989009
989186
989372
989389
989569
989684
989745
989841
989891
989983
990000
990037
990153
990184
990283
990374
990397
990605
990691
990726
990846
990847
990950
991200
991253
991307
991455
991466
991520
991578
991582
991689
991910
992011
992044
992204
992215
992329
992408
992628
992844
992937
993004
993009
993023
993150
993195
993206
993392
993525
993592
993599
993651
994060
994141
994277
994311
994630
994854
994924
994953
994994
995011
995072
995139
995247
995424
995460
995517
995602
995722
995770
995785
996140
996162
996385
996389
996468
996516
996583
996616
996661
996720
996798
996890
996933
997015
997073
997154
997243
997261
997467
997521
997562
997576
997876
998152
998403
998521
998565
998598
998712
998868
999021
999040
999062
999224
999258
999304
999468
999576
999737
999797
999803
999817
999903
1000046
1000226
1000242
1000544
1000583
1000826
1001091
1001185
1001232
1001262
1001428
1001561
1001580
1001612
1001660
1001677
1001865
1001965
1002059
1002270
1002462
1002542
1002593
1002649
1002663
1002854
1002872
1003143
1003170
1003185
1003247
1003496
1003521
1004354
1004409
1004479
1004578
1004725
1004761
1004765
1004851
1004868
1004873
1005043
1005138
1005144
1005309
1005342
1005556
1005559
1005615
1005785
1006014
1006091
1006419
1006453
1007060
1007328
1007485
1007503
1007605
1007684
1007777
1007923
1008106
1008219
1008250
1008321
1008338
1008448
1008504
1008550
1008564
1008704
1008758
1008781
1008788
1008889
1009164
1009176
1009420
1009556
1009596
1009741
1009819
1009835
1009851
1010100
1010167
1010216
1010430
1010754
1010817
1010859
1010914
1011275
1011710
1011717
1011722
1011846
1011891
1011910
1012156
1012342
1012605
1012742
1012771
1012812
1012861
1012908
1013024
1013215
1013388
1013452
1013548
1013561
1013616
1013790
1013845
1013854
1013889
1013982
1014049
1014173
1014196
1014227
1014245
1014466
1014520
1014661
1015224
1015261
1015352
1015461
1015498
1015736
1015746
1015819
1015840
1015905
1016051
1016145
1016180
1016253
1016382
1016414
1016439
1016536
1016677
1016869
1017191
1017199
1017239
1017324
1017443
1017592
1017616
1017676
1017845
1017875
1017979
1018087
1018143
1018278
1018358
1018399
1018415
1018444
1018630
1018814
1018992
1019028
1019431
1019437
1019761
1019764
1019852
1020056
1020094
1020119
1020376
1020413
1020515
1020639
1020667
1020694
1020795
1020809
1021097
1021107
1021246
1021307
1021329
1021349
1021445
1021496
1021547
1021557
1021853
1022086
1022164
1022346
1022599
1022700
1022727
1022796
1022970
1023189
1023264
1023310
1023341
1023467
1023527
1023543
1023996
1024053
1024219
1024390
1024470
1024510
1024566
1024657
1024780
1024928
1024997
1025025
1025030
1025085
1025286
1025457
1025477
1025588
1026029
1026138
1026211
1026364
1026381
1026405
1026441
1026498
1026646
1026648
1026911
1027031
1027057
1027213
1027490
1027498
1027861
1027891
1027908
1028108
1028382
1028450
1028460
1028533
1028619
1028634
1028665
1028751
1028780
1029351
1029353
1029431
1029525
1030607
1030863
1030936
1030999
1031038
1031106
1031243
1031598
1031723
1031779
1031822
1032003
1032049
1032127
1032193
1032476
1032527
1032536
1032544
1032564
1032568
1032705
1032856
1033084
1033104
1033269
1033347
1033422
1033499
1033544
1033672
1033685
1033720
1033750
1033808
1033834
1033873
1034015
1034052
1034066
1034362
1034443
1034504
1034525
1034575
1034595
1034868
1034944
1035060
1035097
1035107
1035128
1035333
1035361
1035375
1035399
1035453
1035507
1035622
1035633
1035677
1035862
1035954
1035968
1035984
1036033
1036264
1036334
1036386
1036418
1036557
1036658
1036797
1036813
1036910
1036918
1036933
1036974
1037108
1037209
1037242
1037289
1037346
1037391
1037419
1037472
1037476
1037499
1037771
1037786
1037879
1037926
1037949
1037977
1038006
1038022
1038042
1038086
1038156
1038453
1038478
1038581
1038709
1038944
1038973
1038976
1039137
1039185
1039511
1039526
1039562
1039592
1039694
1039886
1039927
1040125
1040235
1040470
1040488
1040750
1040949
1041076
1041121
1041216
1041333
1041388
1041451
1041549
1041830
1041930
1041970
1042018
1042094
1042103
1042126
1042342
1042470
1042600
1042708
1042898
1042928
1042980
1042989
1043188
1043210
1043448
1043608
1043621
1043645
1043682
1043817
1043830
1043851
1044056
1044081
1044310
1044329
1044334
1044456
1044623
1044729
1044770
1044805
1044920
1045095
1045447
1045626
1045635
1045813
1045877
1045959
1045994
1046042
1046400
1046573
1046915
1047005
1047133
1047387
1047567
1047918
1048095
1048216
1048335
1048440
1048613
1048660
1048681
1048693
1048746
1048871
1048973
1049059
1049283
1049285
1049447
1049504
1049529
1049950
1050147
1050341
1050542
1050562
1050638
1051016
1051159
1051256
1051266
1051302
1051305
1051366
1051463
1051669
1051718
1051769
1051888
1052100
1052165
1052176
1052201
1052256
1052318
1052372
1052645
1052686
1052753
1053031
1053049
1053245
1053344
1053375
1053389
1053505
1053574
1053745
1053788
1053915
1053963
1054105
1054552
1054592
1054962
1055027
1055052
1055157
1055164
1055222
1055304
1055342
1055397
1055466
1055517
1055603
1055665
1055677
1055681
1055707
1055841
1055867
1055999
1056009
1056061
1056124
1056270
1057095
1057302
1057620
1057669
1057850
1057953
1058042
1058053
1058067
1058173
1058183
1058375
1058492
1058670
1058765
1058859
1058911
1059154
1059193
1059243
1059289
1059315
1059357
1059422
1059443
1059462
1059472
1059654
1059966
1059972
1060246
1060320
1060570
1060641
1060704
1060859
1061040
1061060
1061111
1061131
1061157
1061184
1061323
1061327
1061355
1061388
1061487
1061751
1061771
1061792
1061809
1061971
1062011
1062118
1062200
1062243
1062705
1062733
1062807
1062983
1063103
1063137
1063258
1063310
1063438
1063470
1063483
1063520
1063630
1063701
1063726
1063970
1063983
1064015
1064063
1064083
1064110
1064309
1064359
1064569
1064618
1064649
1064683
1064704
1065049
1065066
1065305
1065580
1065629
1065688
1065731
1065886
1065903
1066097
1066106
1066137
1066184
1066213
1066261
1067052
1067111
1067117
1067182
1067256
1067571
1067636
1067676
1067974
1067978
1068096
1068212
1068307
1068567
1068609
1068829
1068927
1068958
1068967
1069014
1069108
1069156
1069269
1069447
1069536
1069748
1069759
1069822
1069879
1069918
1069973
1070000
1070022
1070056
1070130
1070202
1070305
1070329
1070356
1070407
1070431
1070567
1070590
1070831
1070914
1070929
1070963
1071043
1071102
1071129
1071205
1071248
1071471
1071507
1071520
1071526
1071532
1071539
1071548
1071577
1071676
1071752
1071836
1071893
1071923
1071950
1072027
1072049
1072130
1072137
1072146
1072190
1072426
1072526
1072865
1073060
1073284
1073327
1073361
1073421
1073712
1073758
1073804
1073826
1073934
1073963
1074028
1074042
1074110
1074197
1074267
1074309
1074357
1074363
1074507
1074687
1074941
1075019
1075032
1075205
1075260
1075346
1075696
1075854
1076239
1076283
1076335
1076555
1076575
1076585
1076683
1076685
1076714
1076760
1076894
1077170
1077189
1077233
1077249
1077290
1077358
1077454
1077463
1077576
1077794
1077833
1077848
1077883
1078389
1078430
1078450
1078480
1078490
1078548
1078575
1078597
1078609
1078665
1078748
1078810
1078818
1078902
1078961
1078965
1079162
1079178
1079253
1079266
1079321
1079478
1079488
1079632
1079644
1079734
1079768
1079799
1079930
1079938
1080093
1080484
1080532
1080546
1080578
1080598
1080621
1080653
1080726
1080768
1080963
1080990
1081258
1081277
1081335
1081345
1081376
1081644
1081769
1081846
1081901
1081970
1081986
1082102
1082404
1082448
1082471
1082868
1083032
1083359
1083403
1083461
1083509
1083517
1083526
1083562
1083667
1083833
1083867
1084091
1084169
1084183
1084197
1084222
1084244
1084452
1084512
1084524
1084535
1084627
1084643
1084650
1084668
1084677
1084733
1084737
1084758
1084776
1084833
1084907
1085020
1085049
1085196
1085250
1085271
1085366
1085392
1085465
1085608
1085689
1085793
1086054
1086123
1086177
1086208
1086494
1086545
1086609
1086659
1086860
1086864
1086876
1086892
1087097
1087123
1087271
1087379
1087509
1087526
1087594
1087853
1088261
1088591
1088804
1088923
1088953
1089074
1089221
1089517
1089530
1089712
1089738
1089746
1089953
1090092
1090173
1090190
1090350
1090635
1090642
1090737
1090971
1091019
1091036
1091078
1091266
1091289
1091326
1091437
1091604
1091696
1091891
1091981
1092008
1092101
1092442
1092536
1092574
1092632
1092747
1092749
1092766
1092820
1092865
1092943
1093059
1093350
1093548
1093617
1093720
1093763
1093939
1094038
1094153
1094317
1094401
1094428
1094529
1094612
1094826
1095074
1095163
1095234
1095248
1095316
1095341
1095761
1095806
1095871
1095878
1095936
1095955
1096327
1096409
1096517
1096587
1096640
1096692
1096765
1096799
1096849
1097180
1097281
1097534
1097554
1097563
1097635
1097644
1097747
1097922
1098072
1098137
1098167
1098189
1098419
1098430
1098524
1098599
1098701
1098728
1098906
1098955
1099071
1099266
1099980
1100077
1100184
1100306
1100324
1100366
1100516
1100577
1100610
1100632
1100812
1100846
1101127
1101242
1101443
1101493
1101689
1101899
1101906
1101971
1102221
1102234
1102276
1102321
1102420
1102585
1102632
1102861
1102885
1103116
1103135
1103144
1103168
1103205
1103221
1103224
1103391
1103415
1103434
1103460
1103605
1103669
1103677
1103697
1103756
1103766
1103850
1103935
1103954
1104091
1104108
1104195
1104247
1104370
1104374
1104715
1104773
1104869
1104887
1104984
1105315
1105683
1105692
1105732
1105824
1105890
1106298
1106694
1106972
1107099
1107208
1107331
1107374
1107403
1107429
1107512
1107572
1107806
1108054
1108077
1108191
1108274
1108337
1108462
1108953
1109010
1109020
1109044
1109102
1109154
1109299
1109342
1109379
1109456
1109541
1109597
1109619
1109634
1109657
1109838
1109856
1110134
1110151
1110239
1110595
1110617
1110726
1110732
1110757
1110782
1110825
1110833
1110875
1110966
1110995
1111077
1111099
1111163
1111337
1111493
1111810
1111822
1111869
1111994
1112067
1112075
1112142
1112157
1112448
1112675
1112825
1112886
1112959
1113217
1113261
1113422
1113475
1113503
1113525
1113577
1113747
1113780
1113902
1114043
1114279
1114384
1114390
1114615
1114701
1114791
1114887
1114896
1114929
1114933
1115176
1115397
1115443
1115532
1115575
1115640
1115872
1115910
1116064
1116094
1116190
1116285
1116308
1116344
1116551
1116582
1116620
1116734
1116831
1116873
1117177
1117279
1117388
1117420
1117623
1117698
1117765
1117978
1118201
1118312
1118450
1118564
1118616
1118641
1118767
1118787
1118789
1118808
1119026
1119108
1119168
1119219
1119353
1119465
1119484
1119557
1119575
1119789
1119809
1119884
1119955
1120000
1120232
1120242
1120332
1120420
1120478
1120516
1120642
1120687
1120827
1121042
1121138
1121392
1121498
1121506
1121532
1121755
1121764
1121810
1121867
1122482
1122694
1122725
1122847
1122962
1123033
1123068
1123220
1123415
1123521
1123699
1123946
1124071
1124294
1124497
1124507
1124706
1124924
1124962
1125025
1125028
1125080
1125296
1125351
1125368
1125442
1125517
1125584
1125665
1125676
1125686
1125738
1125788
1125821
1125858
1125921
1125923
1126205
1126335
1126409
1126429
1126450
1126497
1126536
1126575
1126822
1126874
1127119
1127209
1127225
1127339
1127360
1127484
1127638
1127994
1128157
1128316
1128333
1128534
1128635
1128775
1128835
1129111
1129195
1129325
1129511
1129537
1129630
1129691
1129750
1130009
1130151
1130321
1130356
1130381
1130406
1130422
1130521
1130605
1130672
1130794
1130830
1130836
1130853
1130952
1130972
1131169
1131307
1131430
1131487
1131778
1131927
1132036
1132175
1132245
1132377
1132398
1132495
1132529
1132535
1132711
1132852
1132942
1133148
1133351
1133360
1133370
1133424
1133446
1133571
1133583
1133631
1133663
1133734
1133766
1133805
1133815
1133879
1134059
1134296
1134343
1134366
1134426
1134591
1134629
1134800
1134990
1135003
1135007
1135029
1135156
1135178
1135537
1135542
1135654
1135683
1135779
1135898
1135963
1136202
1136262
1136276
1136312
1136339
1137105
1137122
1137242
1137285
1137514
1137656
1137663
1137729
1137885
1138061
1138086
1138090
1138550
1138819
1138922
1139123
1139203
1139492
1139535
1139739
1139827
1139832
1140054
1140163
1140197
1140262
1140283
1140297
1140330
1140442
1140523
1140551
1140701
1140884
1140976
1140979
1141128
1141154
1141240
1141317
1141370
1141655
1141691
1141775
1141860
1142002
1142040
1142093
1142108
1142116
1142387
1142514
1142563
1142615
1142694
1142813
1142822
1142876
1142967
1142998
1143102
1143195
1143227
1143241
1143279
1143354
1143473
1143584
1144007
1144044
1144062
1144138
1144223
1144535
1144736
1144854
1144934
1144945
1145097
1145121
1145255
1145563
1145633
1145689
1145814
1145859
1145945
1146288
1146315
1146476
1146571
1146602
1146635
1146648
1146666
1146688
1146858
1146911
1147078
1147169
1147190
1147227
1147295
1147460
1147651
1147825
1147911
1147916
1148278
1148286
1148481
1148506
1148524
1148650
1148808
1148992
1149147
1149289
1149309
1149802
1149823
1149826
1149873
1149888
1149990
1150093
1150212
1150335
1150405
1150464
1150505
1150523
1150559
1150587
1150615
1150618
1150647
1150724
1150786
1150806
1150894
1150905
1150968
1151259
1151334
1151353
1151390
1151482
1151621
1151668
1151695
1151707
1151756
1151872
1152015
1152045
1152074
1152102
1152174
1152199
1152206
1152468
1152597
1152674
1152743
1152747
1152775
1152859
1152873
1153006
1153097
1153176
1153523
1153574
1153606
1153821
1153840
1153934
1153974
1154153
1154207
1154237
1154284
1154355
1154382
1154512
1154522
1154531
1154563
1154699
1154765
1154794
1154947
1154961
1154975
1155006
1155010
1155047
1155050
1155190
1155210
1155233
1155292
1155298
1155305
1155427
1155520
1155575
1155590
1155724
1155744
1155761
1155763
1155787
1155813
1155828
1155838
1155849
1155932
1156019
1156046
1156068
1156173
1156252
1156274
1156306
1156480
1156562
1156608
1156750
1156752
1156862
1156883
1157016
1157046
1157115
1157130
1157164
1157209
1157248
1157332
1157480
1157707
1157728
1157739
1157840
1157861
1158014
1158062
1158072
1158131
1158182
1158260
1158525
1158545
1158563
1158577
1158598
1158713
1158766
1158838
1158977
1159062
1159128
1159224
1159429
1159540
1159657
1159729
1159765
1159960
1159983
1160068
1160181
1160211
1160336
1160343
1160349
1160662
1160709
1160808
1160819
1160876
1160920
1161050
1161161
1161282
1161408
1161488
1161527
1161573
1161648
1161651
1161753
1161858
1161957
1161961
1162050
1162281
1162285
1162365
1162539
1162626
1162707
1162735
1162762
1162808
1162880
1163121
1163180
1163214
1163386
1163668
1164077
1164159
1164210
1164304
1164327
1164381
1164440
1164501
1164517
1164559
1164567
1164651
1164789
1164817
1164977
1165064
1165180
1165253
1165309
1165386
1165576
1165596
1165613
1165664
1165768
1165913
1165990
1166028
1166055
1166354
1166385
1166388
1166783
1166815
1166890
1167040
1167086
1167222
1167244
1167339
1167664
1167773
1167793
1167821
1167906
1167922
1167975
1168008
1168060
1168117
1168126
1168154
1168225
1168262
1168358
1168536
1168576
1168646
1168699
1168815
1169016
1169020
1169057
1169195
1169223
1169375
1169380
1169512
1169559
1169692
1169696
1169701
1169957
1170007
1170039
1170109
1170114
1170198
1170245
1170249
1170434
1170504
1170522
1170610
1170873
1171008
1171032
1171116
1171163
1171171
1171219
1171231
1171262
1171411
1171528
1171639
1171663
1171677
1171692
1171821
1171940
1171957
1172046
1172164
1172263
1172281
1172320
1172484
1172764
1172777
1172851
1172959
1172971
1173012
1173027
1173087
1173166
1173416
1173488
1173499
1173568
1173715
1173727
1173746
1173906
1174021
1174113
1174123
1174231
1174332
1174422
1174660
1174672
1174868
1174887
1175016
1175101
1175218
1175253
1175298
1175395
1175438
1175481
1175596
1175647
1175867
1175878
1175895
1175928
1176027
1176036
1176076
1176098
1176256
1176323
1176362
1176382
1176417
1176460
1176658
1176722
1176817
1176897
1177166
1177186
1177199
1177259
1177320
1177473
1177490
1177520
1177613
1177630
1177663
1177679
1177769
1177791
1177821
1177891
1177965
1177993
1178043
1178077
1178165
1178201
1178297
1178361
1178373
1178561
1178570
1178665
1178839
1178854
1178925
1178938
1179022
1179108
1179159
1179268
1179280
1179283
1179315
1179392
1179412
1179461
1179479
1179497
1179603
1179690
1179727
1180051
1180067
1180183
1180207
1180215
1180306
1180353
1180397
1180580
1180595
1180627
1180692
1180929
1181020
1181111
1181145
1181187
1181271
1181319
1181350
1181533
1181607
1181673
1181712
1181778
1181922
1182065
1182077
1182156
1182325
1182513
1182682
1182712
1182743
1182808
1182832
1182841
1182866
1182964
1183102
1183259
1183347
1183368
1183418
1183517
1183576
1183621
1183694
1183732
1183781
1183784
1183841
1183903
1183935
1183938
1183966
1183988
1184030
1184188
1184256
1184321
1184348
1184505
1184576
1184778
1184785
1184839
1184922
1184956
1185163
1185180
1185273
1185295
1185331
1185349
1185517
1185727
1185807
1185819
1185834
1185846
1185963
1185964
1186007
1186198
1186250
1186271
1186332
1186337
1186422
1186543
1186547
1186591
1186701
1186783
1186839
1186914
1186989
1187004
1187061
1187124
1187179
1187669
1187686
1187699
1187883
1187907
1188087
1188167
1188220
1188280
1188344
1188395
1188515
1188554
1188620
1188641
1188717
1188780
1188945
1189022
1189148
1189312
1189330
1189424
1189660
1189726
1189768
1189791
1189839
1189874
1190084
1190099
1190133
1190174
1190203
1190280
1190363
1190377
1190441
1190550
1190596
1190612
1190660
1190674
1190689
1190711
1190740
1190775
1191173
1191422
1191471
1191509
1191735
1191754
1191763
1191778
1191844
1191859
1191988
1192084
1192155
1192165
1192193
1192275
1192344
1192366
1192416
1192552
1192626
1192640
1192647
1192666
1192697
1192757
1192763
1192817
1192826
1192919
1193465
1193500
1193550
1193560
1193651
1193692
1193731
1193791
1194028
1194100
1194195
1194249
1194305
1194408
1194411
1194440
1194504
1194541
1194618
1194664
1194698
1194759
1194805
1194878
1195120
1195143
1195779
1195840
1195929
1196019
1196065
1196088
1196229
1196291
1196310
1196491
1196666
1196799
1196839
1196845
1196852
1196859
1196866
1196917
1197049
1197063
1197078
1197148
1197188
1197248
1197275
1197297
1197337
1197367
1197398
1197468
1197545
1197819
1197855
1197944
1198113
1198124
1198185
1198210
1198429
1198462
1198511
1198572
1198590
1198835
1198851
1198920
1198935
1198961
1199081
1199153
1199157
1199260
1199278
1199284
1199368
1199452
1199573
1199576
1199628
1199637
1199655
1199699
1199881
1199885
1199986
1200049
1200067
1200085
1200100
1200172
1200185
1200244
1200323
1200362
1200578
1200669
1200834
1200919
1201085
1201096
1201237
1201250
1201373
1201471
1201508
1201880
1202024
1202108
1202205
1202240
1202401
1202443
1202510
1202587
1202674
1202697
1202763
1202809
1202881
1203027
1203155
1203169
1203210
1203247
1203255
1203327
1203355
1203574
1203624
1203627
1203672
1203704
1203746
1204010
1204131
1204164
1204190
1204371
1204428
1204565
1204590
1204602
1204791
1204879
1204939
1204967
1205062
1205206
1205450
1205679
1205697
1205704
1205801
1205981
1206056
1206069
1206102
1206124
1206142
1206287
1206396
1206407
1206446
1206450
1206463
1206477
1206538
1206552
1206570
1206587
1206612
1206620
1206625
1206715
1206758
1206777
1206841
1206948
1206972
1206979
1207094
1207130
1207137
1207171
1207271
1207296
1207458
1207512
1207521
1207596
1207717
1207777
1207815
1207820
1207855
1207863
1207874
1207925
1208026
1208042
1208063
1208352
1208396
1208538
1208626
1208682
1208735
1208910
1209146
1209181
1209194
1209219
1209300
1209334
1209355
1209385
1209482
1209553
1209639
1209888
1210021
1210027
1210076
1210313
1210333
1210418
1210478
1210497
1210556
1210589
1210751
1210780
1210848
1210880
1210902
1210937
1211019
1211071
1211252
1211288
1211363
1211496
1211502
1211530
1211929
1212071
1212203
1212271
1212618
1212628
1212671
1212684
1212708
1212720
1212828
1212898
1212948
1212991
1213143
1213167
1213196
1213205
1213222
1213257
1213306
1213324
1213480
1213499
1213556
1213607
1213736
1213778
1213796
1213834
1213882
1213948
1213960
1213990
1213995
1214093
1214101
1214190
1214217
1214267
1214317
1214412
1214423
1214429
1214439
1214486
1214507
1214582
1214585
1214607
1214641
1214650
1214688
1214728
1214751
1214829
1214835
1215058
1215142
1215339
1215361
1215505
1215516
1215568
1215586
1215646
1215668
1215725
1215756
1215784
1215795
1215878
1215891
1215909
1215986
1216003
1216041
1216054
1216219
1216252
1216363
1216372
1216402
1216410
1216494
1216533
1216559
1216698
1216730
1216761
1216875
1216952
1216958
1216993
1217041
1217050
1217077
1217192
1217291
1217294
1217542
1217586
1217604
1217622
1217655
1217657
1217752
1217867
1217919
1217953
1217966
1218007
1218010
1218050
1218058
1218127
1218146
1218195
1218219
1218243
1218264
1218338
1218439
1218552
1218564
1218630
1218724
1218732
1218748
1218895
1218943
1219110
1219358
1219699
1219762
1219858
1219882
1220090
1220134
1220365
1220373
1220485
1220592
1220618
1220707
1220837
1220850
1221031
1221065
1221183
1221204
1221287
1221442
1221684
1221695
1221978
1222072
1222179
1222181
1222210
1222281
1222348
1222422
1222488
1222529
1222630
1222637
1222721
1222754
1222778
1222840
1222888
1223027
1223271
1223326
1223351
1223390
1223441
1223491
1223613
1223642
1223650
1223675
1223838
1223845
1223874
1224138
1224172
1224379
1224555
1224784
1224810
1224823
1224980
1225029
1225091
1225124
1225227
1225247
1225386
1225538
1225555
1225659
1225769
1225853
1225978
1226073
1226306
1226511
1226582
1226587
1227003
1227038
1227053
1227213
1227446
1227473
1227680
1227811
1228107
1228213
1228382
1228401
1228532
1228869
1228942
1229026
1229034
1229212
1229237
1229294
1229362
1229428
1229493
1229544
1229637
1229730
1229754
1229795
1229798
1229911
1229960
1229980
1230031
1230335
1230410
1230423
1230491
1230517
1230750
1230789
1230881
1230909
1230996
1231333
1231408
1231575
1231628
1231693
1231718
1231743
1231784
1232026
1232223
1232317
1232341
1232388
1232453
1232547
1232613
1233426
1233439
1233473
1233516
1233547
1233573
1233635
1233658
1233681
1233687
1233739
1234215
1234357
1234364
1234507
1234760
1234806
1235135
1235242
1235348
1235378
1235398
1235402
1235413
1235414
1235522
1235547
1235659
1235849
1235907
1236011
1236240
1236281
1236335
1236599
1236778
1236827
1236919
1236968
1237069
1237162
1237165
1237173
1237243
1237406
1237416
1237819
1237901
1238057
1238079
1238118
1238284
1238302
1238333
1238424
1238533
1238625
1238671
1238787
1239041
1239048
1239156
1239360
1239369
1239417
1239522
1239646
1239660
1239719
1239876
1239903
1239931
1240139
1240211
1240295
1240584
1240676
1240792
1240870
1240910
1240943
1241065
1241130
1241221
1241231
1241354
1241377
1241473
1241538
1241540
1241689
1241833
1241881
1241898
1241936
1242042
1242110
1242173
1242195
1242420
1242488
1242578
1242593
1242704
1242774
1242799
1242851
1242868
1242918
1242940
1243042
1243062
1243191
1243222
1243394
1243420
1243426
1243440
1243451
1243470
1243635
1243669
1243816
1243831
1244314
1244444
1244588
1244655
1244667
1244847
1244859
1244921
1244968
1245026
1245033
1245084
1245332
1245341
1245360
1245367
1245515
1245551
1245606
1245635
1245706
1245892
1245944
1246041
1246098
1246349
1246357
1246444
1246648
1246683
1246691
1246708
1246818
1246831
1246887
1246991
1247009
1247311
1247450
1247459
1247486
1247571
1247693
1247706
1247736
1247800
1247832
1247962
1247999
1248113
1248310
1248329
1248386
1248431
1248555
1248795
1248853
1248869
1249003
1249061
1249083
1249096
1249267
1249380
1249487
1249742
1249856
1250104
1250109
1250445
1250460
1250647
1250685
1250917
1250948
1251443
1251464
1251718
1251817
1251828
1251912
1251972
1252031
1252260
1252273
1252373
1252521
1252718
1252856
1252880
1252966
1253183
1253199
1253375
1253479
1253672
1253775
1253785
1253869
1253990
1254041
1254073
1254141
1254176
1254415
1254455
1254492
1254515
1254700
1254770
1254982
1254996
1255215
1255240
1255374
1255467
1255553
1255592
1255782
1255920
1255939
1256092
1256138
1256177
1256228
1256297
1256340
1256426
1256512
1256591
1256619
1256635
1256728
1256878
1257098
1257165
1257183
1257186
1257257
1257293
1257380
1257391
1257408
1257464
1257950
1258054
1258111
1258156
1258190
1258275
1258627
1258714
1258727
1258746
1258791
1258802
1258924
1259207
1259232
1259407
1259638
1259678
1259736
1259811
1260048
1260609
1260714
1260725
1260871
1260908
1260914
1260931
1260947
1261000
1261037
1261051
1261124
1261236
1261379
1261501
1261580
1261759
1261910
1262106
1262279
1262320
1262338
1262377
1262389
1262613
1262746
1262757
1263014
1263098
1263109
1263124
1263137
1263142
1263148
1263241
1263280
1263390
1263541
1263597
1263758
1263799
1264136
1264172
1264242
1264577
1264602
1264638
1264685
1265013
1265069
1265097
1265337
1265345
1265395
1265419
1265508
1265657
1265665
1265674
1265694
1265902
1265914
1265995
1266030
1266035
1266051
1266068
1266371
1266494
1266564
1266578
1266642
1266679
1266727
1266771
1266782
1266841
1266895
1266927
1266977
1267016
1267026
1267032
1267097
1267107
1267149
1267265
1267409
1267693
1267723
1267969
1268471
1268568
1268767
1268936
1268943
1268975
1269010
1269262
1269274
1269373
1269413
1269486
1269637
1269675
1269709
1269736
1269820
1269952
1270053
1270116
1270499
1270525
1270701
1270705
1270709
1270999
1271006
1271021
1271040
1271185
1271213
1271478
1271548
1271562
1271582
1271626
1271843
1272049
1272162
1272276
1272347
1272371
1272403
1272479
1272516
1272679
1272785
1272853
1272986
1273195
1273209
1273273
1273377
1273714
1273878
1273920
1274299
1274412
1274495
1274686
1274700
1274854
1275116
1275132
1275260
1275726
1276108
1276135
1276158
1276221
1276434
1276710
1277016
1277121
1277255
1277286
1277471
1277567
1277582
1277635
1277657
1277801
1277813
1277908
1277928
1278122
1278615
1279014
1279087
1279171
1279246
1279304
1279801
1279808
1279833
1279860
1280016
1280055
1280097
1280199
1280263
1280344
1280379
1280528
1280555
1280862
1281003
1281413
1281487
1281502
1281560
1281641
1281678
1282057
1282073
1282118
1282401
1282428
1282450
1282591
1282609
1282624
1282856
1283032
1283073
1283236
1283379
1283716
1283875
1283974
1284085
1284432
1284762
1284798
1284807
1284870
1284934
1285070
1285138
1285165
1285175
1285221
1285431
1285900
1286030
1286190
1286248
1286338
1286369
1286380
1286432
1286489
1286552
1286734
1286929
1286991
1287011
1287029
1287041
1287155
1287247
1287299
1287319
1287458
1287543
1287736
1287752
1287812
1287819
1287851
1287917
1288018
1288113
1288124
1288174
1288331
1288363
1288393
1288416
1288438
1288521
1288527
1288542
1288586
1288648
1288785
1288802
1288857
1288919
1289061
1289270
1289294
1289388
1289397
1289678
1289762
1289890
1289903
1289972
1290163
1290188
1290240
1290385
1290563
1290677
1290699
1290855
1290911
1290937
1291035
1291054
1291152
1291200
1291206
1291233
1291286
1291403
1291530
1291548
1291622
1291719
1291847
1291969
1292013
1292027
1292090
1292148
1292173
1292248
1292364
1292455
1292472
1292502
1292614
1292847
1293072
1293214
1293424
1293426
1293461
1293627
1293641
1293670
1293712
1293728
1293887
1293910
1293930
1293998
1294015
1294023
1294074
1294138
1294147
1294178
1294228
1294255
1294387
1294507
1294572
1294798
1294897
1295020
1295263
1295320
1295342
1295435
1295442
1295537
1295546
1295633
1295808
1295900
1296006
1296099
1296132
1296200
1296252
1296312
1296317
1296380
1296454
1296459
1296493
1296517
1296577
1296717
1296763
1296779
1297016
1297037
1297265
1297274
1297457
1297514
1297537
1297639
1297755
1297915
1297989
1298045
1298137
1298159
1298242
1298408
1298493
1298517
1298564
1298650
1298761
1298890
1298904
1298926
1298990
1299144
1299279
1299294
1299522
1299574
1299592
1299611
1299637
1299732
1299748
1299797
1299806
1299811
1299842
1299984
1300021
1300100
1300179
1300412
1300439
1300468
1300582
1300606
1301066
1301084
1301202
1301233
1301249
1301309
1301406
1301412
1301474
1301605
1301743
1301756
1301793
1301841
1301986
1302152
1302199
1302263
1302288
1302350
1302411
1302482
1302808
1302996
1303182
1303230
1303306
1303356
1303395
1303513
1303539
1303867
1303871
1304099
1304133
1304165
1304212
1304299
1304359
1304396
1304464
1304668
1304688
1304691
1304717
1304793
1304880
1305165
1305229
1305231
1305239
1305425
1305457
1305521
1305559
1305830
1306120
1306145
1306285
1306398
1306529
1306717
1306798
1306988
1307022
1307035
1307050
1307186
1307350
1307367
1307487
1307569
1307644
1307717
1307793
1307817
1307823
1308073
1308100
1308150
1308182
1308261
1308530
1308572
1308689
1308818
1308833
1308857
1309183
1309348
1309696
1309980
1310007
1310057
1310142
1310165
1310253
1310419
1310517
1310553
1310721
1310849
1310943
1310962
1311086
1311282
1311290
1311350
1311426
1311468
1311592
1311645
1311749
1311774
1311874
1311884
1312381
1312522
1312698
1312709
1312835
1312864
1313020
1313049
1313198
1313313
1313615
1313980
1313989
1314128
1314166
1314195
1314336
1314347
1314463
1314667
1314932
1315132
1315170
1315334
1315342
1315528
1315532
1315559
1315600
1315633
1315753
1315767
1315790
1315827
1315875
1316046
1316399
1316414
1316553
1316554
1316569
1316874
1316916
1316963
1317479
1317497
1317860
1317874
1318061
1318129
1318136
1318341
1318358
1318585
1318616
1318701
1318820
1318900
1318931
1318936
1318977
1319051
1319113
1319120
1319339
1319350
1319514
1319955
1320088
1320097
1320370
1320393
1320447
1320520
1320680
1320868
1320932
1321058
1321071
1321121
1321290
1321351
1321642
1321734
1321751
1321769
1321945
1322092
1322167
1322206
1322346
1322424
1322434
1322493
1322561
1322577
1322582
1322594
1322618
1322733
1322816
1322910
1322917
1322992
1323111
1323258
1323282
1323807
1323925
1323986
1324060
1324175
1324389
1324507
1324561
1324747
1324805
1324967
1325028
1325056
1325108
1325265
1325416
1325698
1325709
1325877
1325994
1326070
1326430
1326618
1326682
1326786
1326873
1326952
1326970
1327034
1327074
1327081
1327177
1327778
1327858
1327948
1328047
1328129
1328261
1328406
1328462
1328586
1328658
1328750
1328990
1328993
1329072
1329175
1329210
1329220
1329281
1329298
1329396
1329466
1329550
1329680
1329791
1329907
1329925
1329989
1330005
1330013
1330092
1330132
1330486
1330566
1330596
1330691
1330745
1330861
1331042
1331112
1331147
1331165
1331519
1331689
1331701
1331805
1331823
1331870
1332401
1332415
1332628
1332644
1332695
1332720
1332866
1332967
1333051
1333121
1333307
1333442
1333511
1333540
1333696
1333727
1333831
1333850
1333936
1333984
1334003
1334041
1334088
1334133
1334337
1334340
1334414
1334430
1334549
1334687
1335098
1335395
1336023
1336026
1336120
1336148
1336274
1336320
1336445
1336527
1336597
1336610
1336675
1336755
1336758
1336900
1337000
1337045
1337051
1337055
1337080
1337332
1337445
1337503
1337546
1337665
1337753
1337805
1337812
1337874
1337899
1338129
1338150
1338243
1338329
1338339
1338397
1338448
1338513
1338693
1338728
1338806
1339176
1339185
1339298
1339388
1339393
1339472
1339539
1339565
1339627
1339799
1339869
1339929
1339992
1340000
1340249
1340254
1340277
1340582
1340600
1340605
1340679
1340863
1340900
1341008
1341078
1341249
1341421
1341489
1341569
1341623
1341679
1341907
1341924
1342262
1342312
1342509
1342647
1342733
1342820
1342938
1343129
1343206
1343282
1343314
1343402
1343656
1343684
1343763
1343794
1343808
1343916
1344017
1344030
1344251
1344319
1344330
1344344
1344364
1344378
1344482
1344643
1344658
1344662
1344703
1345037
1345164
1345209
1345342
1345369
1345413
1345423
1345457
1345646
1345791
1345905
1345947
1346025
1346047
1346120
1346168
1346298
1346459
1346497
1346516
1346539
1346584
1346800
1346806
1346810
1347075
1347270
1347351
1347448
1347453
1347525
1347538
1347585
1347602
1347652
1347691
1347752
1347793
1347843
1347981
1347988
1348041
1348197
1348199
1348586
1348723
1349083
1349135
1349215
1349348
1349526
1349552
1349598
1349680
1349710
1349889
1349904
1349918
1349981
1350230
1350253
1350418
1350526
1350630
1350742
1351038
1351140
1351210
1351318
1351352
1351436
1351457
1351522
1351592
1351748
1351810
1351909
1351968
1352021
1352044
1352096
1352446
1352475
1352548
1352636
1352750
1353241
1353317
1353353
1353624
1353632
1353687
1353849
1353869
1354066
1354076
1354198
1354230
1354262
1354393
1354651
1354828
1354955
1354975
1355051
1355198
1355277
1355549
1355647
1355660
1355855
1355932
1355957
1356079
1356312
1356399
1356437
1356443
1356600
1356691
1356720
1356854
1356859
1356931
1357126
1357155
1357379
1357627
1357693
1357712
1357969
1357971
1358066
1358225
1358275
1358348
1358404
1358490
1358499
1358519
1358560
1358701
1358721
1359051
1359070
1359153
1359229
1359384
1360013
1360081
1360170
1360346
1360384
1360529
1360581
1360694
1360714
1360719
1360879
1360884
1360963
1361142
1361221
1361279
1361307
1361369
1361420
1361428
1361733
1362223
1362276
1362287
1362423
1362588
1362668
1362958
1363124
1363146
1363220
1363501
1363514
1363603
1363768
1363888
1363905
1363926
1363931
1364201
1364306
1364358
1364388
1364434
1364463
1364567
1364576
1364677
1364680
1364840
1365180
1365264
1365297
1365341
1365517
1365631
1365653
1365674
1365724
1365742
1365770
1365937
1366012
1366030
1366120
1366289
1366302
1366325
1366410
1366423
1366469
1366522
1366788
1366950
1367044
1367069
1367181
1367273
1367366
1367463
1367479
1367486
1367550
1367631
1367701
1367727
1367734
1367774
1367900
1367943
1367989
1368174
1368211
1368239
1368395
1368420
1368631
1368666
1368812
1368919
1369014
1369019
1369128
1369245
1369253
1369312
1369326
1369383
1369511
1369569
1369598
1369632
1369790
1369982
1370046
1370133
1370315
1370587
1370754
1370977
1371263
1371314
1371324
1371422
1371639
1371822
1371941
1372085
1372116
1372295
1372324
1372724
1372781
1372979
1373101
1373813
1373933
1373958
1374149
1374162
1374573
1374590
1374729
1374894
1375177
1375365
1375436
1375457
1375803
1375911
1375921
1376107
1376188
1376248
1376328
1376395
1376570
1376598
1376669
1376693
1377161
1377260
1377289
1377401
1377440
1377587
1377647
1377669
1377738
1377927
1378027
1378265
1378296
1378347
1378425
1378478
1378530
1378579
1378604
1378669
1378822
1379171
1379267
1379333
1379433
1379529
1379796
1379870
1380039
1380106
1380131
1380163
1380203
1380212
1380250
1380317
1380534
1380547
1380585
1380619
1380672
1380714
1380732
1380738
1380814
1380819
1381062
1381127
1381202
1381381
1381512
1381556
1381578
1381661
1381687
1381787
1381826
1381950
1381990
1382429
1382690
1382713
1382754
1382832
1382898
1382957
1382975
1383145
1383260
1383565
1383587
1383702
1383749
1383769
1383820
1383967
1384032
1384064
1384121
1384190
1384363
1384401
1384494
1384623
1384680
1384688
1384712
1384803
1384856
1384863
1384912
1385542
1385612
1385618
1385626
1385670
1385811
1385898
1385998
1386005
1386040
1386086
1386182
1386233
1386315
1386608
1386645
1386755
1386871
1387097
1387241
1387394
1387729
1387795
1388001
1388030
1388149
1388338
1388372
1388406
1388475
1388487
1388516
1388526
1388562
1388591
1388658
1388668
1388776
1388906
1388912
1389007
1389252
1389358
1389392
1389413
1389472
1389537
1389620
1389661
1389704
1389813
1389820
1389908
1390138
1390210
1390289
1390349
1390353
1390366
1390387
1390444
1390452
1390587
1390736
1390809
1390821
1390941
1390982
1391029
1391118
1391128
1391178
1391183
1391463
1391609
1391723
1391881
1392008
1392130
1392207
1392257
1392291
1392318
1392326
1392432
1392474
1392586
1392611
1392673
1392679
1392729
1392790
1392892
1393047
1393262
1393319
1393594
1393702
1393880
1393950
1393966
1394088
1394581
1394659
1394777
1394780
1395000
1395009
1395149
1395215
1395402
1395907
1396079
1396127
1396137
1396180
1396199
1396443
1396583
1396907
1397357
1397540
1397618
1397776
1397867
1397910
1398128
1398349
1398447
1398571
1398800
1398908
1398929
1399158
1399287
1399343
1399407
1399552
1399584
1399630
1399656
1399694
1399758
1399791
1399850
1399901
1399955
1399981
1399994
1400015
1400109
1400204
1400217
1400280
1400314
1400349
1400371
1400385
1400415
1400518
1400645
1400655
1400837
1400864
1400933
1400993
1401134
1401343
1401492
1401514
1401732
1401743
1402098
1402340
1402347
1402421
1402757
1402781
1402820
1402905
1402975
1403231
1403411
1403541
1403543
1403583
1403697
1403708
1403774
1403919
1403945
1404101
1404534
1404670
1404929
1405040
1405512
1405553
1405653
1405680
1405735
1406004
1406069
1406315
1406592
1406750
1407065
1407103
1407139
1407148
1407149
1407213
1407289
1407299
1407320
1407384
1407452
1407533
1407662
1407665
1407783
1408167
1408279
1408553
1408661
1408669
1408685
1408814
1408843
1408857
1408890
1409330
1409379
1409384
1409448
1409540
1409815
1410227
1410297
1410305
1410452
1410678
1410689
1410810
1410864
1410899
1411108
1411160
1411169
1411217
1411245
1411261
1411325
1411362
1411402
1411451
1411486
1411505
1411659
1411674
1411799
1411925
1411929
1412260
1412324
1412441
1412551
1412565
1412592
1412603
1412630
1412821
1412906
1412914
1412920
1412930
1412998
1413264
1413456
1413496
1413524
1413882
1413938
1413984
1414114
1414115
1414183
1414195
1414419
1414459
1414468
1414541
1414596
1414707
1414770
1414853
1414872
1414945
1415053
1415409
1415489
1415501
1415625
1415798
1415918
1415979
1416022
1416129
1416135
1416245
1416369
1416575
1416643
1416916
1416946
1416993
1417071
1417143
1417179
1417359
1417402
1417509
1417520
1417663
1417849
1418023
1418107
1418213
1418230
1418319
1418482
1418544
1418726
1418762
1418770
1418888
1418914
1419176
1419199
1419224
1419411
1419420
1419612
1419623
1419668
1419854
1419977
1420116
1420175
1420216
1420222
1420258
1420273
1420537
1420716
1420904
1420951
1421103
1421169
1421292
1421299
1421366
1421448
1421463
1421482
1421775
1421835
1421870
1421896
1422009
1422131
1422242
1422311
1422499
1422814
1422979
1423049
1423087
1423172
1423345
1423373
1423825
1423986
1424394
1424575
1424711
1424890
1424923
1424940
1425132
1425175
1425189
1425355
1425485
1425533
1425638
1425676
1425704
1425801
1425833
1425906
1425987
1426014
1426079
1426095
1426457
1426494
1426522
1426575
1426642
1426675
1426765
1426940
1426957
1427009
1427053
1427401
1427540
1427559
1427624
1427727
1427898
1428061
1428141
1428315
1428359
1428391
1428413
1428573
1428620
1428819
1428994
1429139
1429248
1429620
1429653
1429842
1429877
1429895
1430014
1430048
1430087
1430137
1430178
1430220
1430298
1430542
1430647
1430762
1430794
1431058
1431074
1431100
1431117
1431168
1431229
1431399
1431470
1431556
1431585
1431730
1431808
1432328
1432377
1432521
1432676
1432728
1432766
1432798
1432809
1432841
1432885
1432921
1432947
1433016
1433026
1433144
1433311
1433524
1433537
1433613
1433658
1433752
1433800
1433966
1434063
1434074
1434221
1434309
1434361
1434409
1434424
1434524
1434539
1434618
1434654
1434704
1434888
1434982
1434991
1435183
1435285
1435297
1435355
1435377
1435417
1435471
1435567
1435572
1435580
1435590
1435697
1435883
1436103
1436182
1436196
1436468
1436590
1436601
1436663
1436808
1436889
1436894
1436910
1437004
1437167
1437560
1437687
1437696
1437704
1437738
1437837
1438107
1438156
1438277
1438367
1438405
1438424
1438533
1438566
1438582
1438609
1438618
1438653
1438657
1438748
1438954
1439023
1439047
1439062
1439226
1439236
1439250
1439323
1439391
1439414
1439522
1439612
1439773
1439820
1439852
1439999
1440149
1440160
1440201
1440232
1440377
1440513
1440774
1441052
1441470
1441527
1441569
1441733
1441870
1441875
1442116
1442203
1442229
1442378
1442387
1442563
1442577
1442754
1442801
1442808
1442917
1443043
1443071
1443318
1443391
1443436
1443647
1443667
1443784
1443940
1444021
1444119
1444160
1444686
1444741
1444782
1445079
1445174
1445194
1445517
1445711
1445719
1445813
1445990
1446026
1446105
1446190
1446198
1446370
1446419
1446494
1446526
1446574
1446576
1446600
1446610
1446707
1446727
1446761
1446791
1446852
1446862
1446879
1447072
1447310
1447323
1447427
1447943
1448116
1448252
1448379
1448675
1448755
1448919
1448978
1449035
1449044
1449149
1449181
1449196
1449320
1449699
1449704
1449735
1449802
1449833
1450093
1450175
1450226
1450403
1450427
1450451
1450529
1450647
1450665
1450775
1450964
1451051
1451083
1451106
1451186
1451196
1451253
1451564
1451659
1451668
1451677
1451758
1451780
1451854
1452016
1452240
1452278
1452291
1452411
1452829
1453032
1453236
1453293
1453388
1453509
1453518
1453554
1453628
1453685
1453904
1454252
1454317
1454347
1454543
1454561
1454696
1454740
1454885
1455100
1455247
1455313
1455423
1455440
1455447
1455514
1455586
1455620
1455648
1456076
1456194
1456429
1456477
1456478
1456585
1456606
1456709
1456772
1456823
1456951
1457060
1457066
1457106
1457120
1457132
1457134
1457146
1457178
1457425
1457657
1457673
1458113
1458331
1458364
1458388
1458420
1458504
1458525
1458634
1458649
1458804
1458932
1458964
1458981
1458994
1459062
1459272
1459610
1459898
1459958
1459969
1460688
1460892
1460925
1460955
1461228
1461482
1461633
1461785
1461867
1461926
1461947
1461959
1462060
1462064
1462131
1462211
1462542
1462631
1462665
1462837
1462901
1463071
1463181
1463203
1463233
1463405
1463468
1463507
1463588
1463705
1463791
1463817
1464368
1464382
1464471
1464537
1464739
1464778
1464903
1464962
1465121
1465160
1465229
1465338
1465394
1465602
1465738
1465837
1465849
1465944
1465986
1465991
1466136
1466394
1466825
1466861
1466939
1466975
1467058
1467131
1467153
1467338
1467436
1467590
1467633
1467634
1467698
1467780
1467788
1467814
1468118
1468300
1468358
1468496
1468593
1468625
1468691
1468716
1468837
1468937
1469035
1469194
1469407
1469553
1469586
1469658
1469674
1469779
1469823
1469842
1469885
1469936
1470045
1470200
1470381
1470647
1470679
1470702
1470743
1470762
1470897
1470991
1471115
1471386
1471770
1471838
1471874
1471893
1471934
1472525
1472685
1472755
1472838
1472857
1472936
1473136
1473179
1473186
1473247
1473289
1473448
1473641
1473777
1473831
1473864
1474184
1474269
1474517
1474593
1474624
1474679
1474790
1475129
1475217
1475220
1475329
1475334
1475348
1475387
1475415
1475491
1475528
1475817
1475974
1476037
1476097
1476296
1476323
1476334
1476492
1476617
1476685
1476785
1476887
1477000
1477325
1477352
1477360
1477542
1477555
1477757
1477893
1477902
1477968
1477998
1478062
1478129
1478149
1478285
1478583
1478608
1478667
1478692
1478776
1478781
1478932
1478966
1479101
1479144
1479169
1479373
1479417
1479443
1479526
1479756
1479768
1479785
1479962
1479976
1480100
1480103
1480110
1480152
1480305
1480329
1480398
1480448
1480551
1480784
1480836
1480843
1480869
1480900
1480940
1481002
1481079
1481107
1481245
1481455
1481468
1481549
1481627
1481646
1481965
1481988
1482130
1482230
1482274
1482288
1482468
1482585
1482617
1482747
1482748
1482785
1483084
1483240
1483295
1483346
1483351
1483470
1483554
1483578
1483619
1483642
1483673
1483723
1483788
1483835
1484166
1484211
1484254
1484550
1484609
1484632
1484734
1484745
1484956
1485164
1485323
1485474
1485637
1485784
1485874
1486313
1486321
1486356
1486385
1486399
1486563
1486564
1486599
1486647
1486788
1486826
1486845
1486853
1486862
1487179
1487195
1487374
1487382
1487446
1487845
1487901
1488280
1488350
1488381
1488441
1488801
1489205
1489245
1489458
1489511
1489532
1489594
1489600
1489860
1490191
1490254
1490291
1490366
1490402
1491017
1491154
1491198
1491397
1491430
1491486
1491652
1492098
1492288
1492455
1492564
1492632
1492686
1492700
1492805
1493006
1493065
1493104
1493433
1493675
1493710
1493788
1493873
1493942
1494048
1494194
1494210
1494214
1494239
1494263
1494269
1494292
1494330
1494544
1494679
1494824
1494960
1494971
1495070
1495080
1495167
1495193
1495262
1495414
1495518
1495673
1496120
1496172
1496190
1496195
1496234
1496395
1496439
1496471
1496574
1496709
1496711
1496919
1496961
1497027
1497036
1497045
1497088
1497214
1497322
1497565
1497582
1497679
1497788
1498029
1498080
1498125
1498142
1498191
1498226
1498390
1498487
1498681
1498985
1499459
1499479
1499488
1499569
1499651
1499820
1499861
1499871
1499942
1499990
1500047
1500117
1500255
1500330
1500340
1500444
1500459
1500561
1500592
1500717
1500743
1500876
1500989
1501092
1501576
1501681
1501964
1501971
1501973
1502114
1502265
1502371
1502382
1502480
1502501
1502523
1502532
1502568
1502652
1502975
1503377
1503389
1503587
1503730
1503801
1503836
1503867
1503888
1504153
1504392
1504418
1504437
1504618
1504782
1504827
1504842
1504871
1504928
1505124
1505134
1505214
1505260
1505315
1505335
1505411
1505446
1505474
1505481
1505518
1505756
1505819
1506066
1506291
1506365
1506377
1506573
1506616
1506645
1506664
1506743
1506905
1506908
1506928
1507058
1507105
1507179
1507239
1507324
1507455
1507526
1507682
1507723
1507800
1507958
1508041
1508104
1508239
1508242
1508427
1508500
1508554
1508595
1508642
1508796
1508870
1508885
1508894
1508949
1509240
1509350
1509397
1509514
1509637
1509675
1509795
1509798
1509836
1509846
1509861
1509920
1509995
1510017
1510043
1510172
1510173
1510266
1510308
1510345
1510363
1510457
1510579
1510753
1510924
1510937
1511021
1511082
1511210
1511365
1511457
1511496
1511549
1511598
1511657
1511695
1511712
1511733
1511868
1512071
1512133
1512223
1512255
1512426
1512518
1512676
1513067
1513116
1513123
1513327
1513464
1513474
1513503
1513514
1513591
1513663
1513678
1513776
1513823
1513830
1513900
1513977
1514044
1514121
1514150
1514237
1514294
1514484
1514491
1514543
1514547
1514560
1514596
1514671
1514801
1515003
1515138
1515176
1515306
1515423
1515438
1515681
1515773
1515844
1516083
1516178
1516231
1516236
1516273
1516349
1516526
1516536
1516672
1516724
1516754
1516833
1516917
1516932
1516970
1517007
1517181
1517493
1517510
1517550
1517746
1517835
1517959
1518002
1518015
1518176
1518249
1518336
1518389
1518422
1518481
1518510
1518686
1518727
1518734
1518814
1518930
1519127
1519137
1519152
1519279
1519301
1519657
1519709
1519929
1519935
1519989
1520024
1520092
1520211
1520234
1520299
1520330
1520402
1520543
1520850
1520949
1521004
1521023
1521033
1521257
1521305
1521397
1521405
1521466
1521475
1521641
1522052
1522273
1522308
1522504
1522600
1522679
1522720
1522848
1522894
1523127
1523231
1523233
1523316
1523538
1523655
1523828
1524051
1524113
1524156
1524237
1524404
1524417
1524426
1524539
1524572
1524687
1524753
1524810
1524901
1525011
1525178
1525587
1525645
1525735
1525784
1525856
1525889
1526232
1526239
1526336
1526444
1526512
1526546
1526606
1526697
1526805
1526845
1526865
1526998
1527003
1527025
1527057
1527136
1527270
1527314
1527344
1527456
1527676
1527734
1527751
1527983
1528118
1528131
1528180
1528285
1528300
1528372
1528385
1528410
1528413
1528467
1528525
1528548
1528903
1529042
1529100
1529211
1529357
1529370
1529442
1529458
1529488
1529618
1529800
1529818
1529863
1530323
1530362
1530406
1530461
1530705
1530763
1530830
1530916
1530936
1530960
1530983
1531235
1531292
1531386
1531413
1531454
1531470
1531724
1531982
1532043
1532090
1532110
1532274
1532448
1532540
1532561
1532778
1532855
1533040
1533085
1533118
1533145
1533194
1533201
1533340
1533349
1533374
1533449
1533598
1533721
1533958
1534066
1534101
1534143
1534172
1534181
1534231
1534363
1534419
1534456
1534468
1534675
1534857
1534887
1534900
1534967
1535008
1535036
1535154
1535173
1535237
1535250
1535267
1535498
1535510
1535569
1535579
1535603
1535661
1535708
1535884
1535916
1536053
1536244
1536269
1536338
1536415
1536554
1536646
1536707
1536731
1536818
1537065
1537116
1537171
1537544
1537560
1537627
1537667
1537701
1537807
1537830
1538015
1538065
1538144
1538225
1538276
1538438
1538663
1538942
1539368
1539547
1539601
1539612
1539642
1539766
1539778
1539858
1540030
1540251
1540374
1540381
1540448
1540467
1540514
1540521
1540689
1540792
1540859
1540957
1540987
1541027
1541139
1541184
1541344
1541411
1541451
1541481
1541598
1541612
1541629
1541699
1541713
1541911
1541949
1542130
1542156
1542250
1542313
1542410
1542562
1542565
1542663
1542744
1542885
1542942
1542985
1543025
1543074
1543193
1543256
1543301
1543337
1543512
1543812
1544186
1544243
1544299
1544476
1544505
1544616
1544638
1544745
1544764
1544924
1544989
1545048
1545099
1545109
1545543
1545556
1545759
1545796
1545814
1545834
1545873
1545899
1545945
1546229
1546235
1546526
1546586
1546716
1546738
1546770
1546952
1547179
1547208
1547374
1547405
1547547
1547577
1547809
1547826
1547961
1547973
1548032
1548096
1548239
1548252
1548314
1548337
1548394
1548410
1548427
1548513
1548524
1548943
1548963
1549128
1549186
1549342
1549464
1549740
1549870
1549877
1550102
1550179
1550489
1550519
1550523
1550550
1550583
1550704
1550877
1550916
1551071
1551172
1551198
1551493
1551611
1551750
1551768
1551805
1551814
1551939
1552009
1552038
1552088
1552285
1552408
1552497
1552565
1552636
1552655
1552699
1552920
1552979
1553033
1553065
1553102
1553146
1553225
1553278
1553377
1553423
1553604
1553682
1553873
1553984
1554060
1554145
1554234
1554287
1554303
1554321
1554463
1554480
1554534
1554535
1554556
1554587
1554665
1554676
1554743
1554825
1554885
1554889
1554908
1554955
1555036
1555185
1555207
1555218
1555387
1555406
1555428
1555549
1555581
1555621
1555669
1555710
1555797
1555812
1555818
1555843
1555863
1555903
1555930
1555953
1556008
1556344
1556358
1556409
1556411
1556601
1556629
1556670
1556727
1556747
1556764
1556825
1556892
1556953
1557222
1557250
1557268
1557351
1557443
1557677
1557750
1557895
1557948
1557995
1558094
1558112
1558261
1558300
1558326
1558409
1558458
1558485
1558577
1558627
1558662
1558707
1558961
1559285
1559435
1559633
1559712
1559819
1559911
1559959
1559993
1560076
1560351
1560383
1560443
1560523
1560549
1560590
1560608
1560650
1560669
1560689
1560777
1560787
1560864
1560869
1561005
1561040
1561086
1561117
1561362
1561382
1561397
1561410
1561500
1561537
1561570
1561742
1561753
1561923
1562025
1562102
1562152
1562155
1562164
1562266
1562327
1562441
1562533
1562580
1562718
1562769
1563070
1563332
1563342
1563402
1563632
1563802
1563899
1564074
1564125
1564169
1564240
1564354
1564373
1564428
1564604
1564608
1564659
1564890
1565082
1565261
1565331
1565431
1565507
1565573
1565616
1565657
1565739
1565837
1566039
1566049
1566129
1566161
1566290
1566393
1566408
1566545
1566565
1567048
1567117
1567452
1567524
1567792
1567882
1567906
1567988
1568023
1568095
1568127
1568160
1568222
1568249
1568794
1568963
1569581
1569664
1569693
1569911
1569984
1570084
1570119
1570429
1570465
1570633
1570804
1570916
1571105
1571136
1571192
1571297
1571688
1571897
1572022
1572176
1572313
1572463
1572537
1572590
1572631
1572928
1572960
1573036
1573068
1573164
1573235
1573328
1573387
1573409
1573570
1573587
1573675
1573723
1573849
1573908
1573950
1574004
1574043
1574283
1574373
1574382
1574390
1574428
1574480
1574622
1574693
1574822
1574858
1574921
1574972
1575135
1575147
1575316
1575383
1575445
1575466
1575522
1575619
1575790
1575829
1575840
1576120
1576125
1576319
1576548
1576588
1576627
1576770
1576890
1576965
1577231
1577401
1577418
1577532
1577617
1577643
1577751
1577951
1578096
1578132
1578167
1578204
1578389
1578458
1578504
1578542
1578589
1578685
1578864
1578865
1578947
1578963
1579005
1579026
1579046
1579052
1579088
1579093
1579184
1579205
1579218
1579322
1579410
1579426
1579442
1579463
1579624
1579752
1579796
1579911
1579985
1580015
1580017
1580101
1580197
1580211
1580224
1580274
1580282
1580610
1580794
1581056
1581100
1581238
1581267
1581365
1581474
1581540
1581557
1581582
1581593
1581596
1581646
1581718
1581942
1581952
1581962
1581997
1582022
1582039
1582113
1582180
1582345
1582366
1582504
1582632
1582684
1582739
1582759
1582844
1582955
1583029
1583046
1583344
1583352
1583611
1583623
1583635
1583769
1583919
1583983
1584011
1584111
1584114
1584201
1584286
1584403
1584756
1584923
1584995
1585000
1585123
1585164
1585191
1585232
1585243
1585282
1585365
1585381
1585384
1585631
1585964
1586095
1586361
1586552
1586754
1586773
1586845
1586867
1586953
1587048
1587075
1587111
1587133
1587234
1587410
1587481
1587524
1587628
1587701
1587748
1587768
1587801
1587922
1587947
1587997
1588175
1588231
1588308
1588467
1588674
1588752
1588810
1589006
1589032
1589239
1589276
1589381
1589414
1589441
1589691
1589774
1589816
1589952
1590034
1590037
1590169
1590218
1590311
1590312
1590346
1590362
1590487
1590498
1590547
1590581
1590592
1590663
1591186
1591205
1591260
1591309
1591744
1591932
1592146
1592252
1592585
1592686
1592717
1592788
1592838
1592998
1593088
1593204
1593345
1593371
1593402
1593549
1593573
1593617
1593674
1593895
1593974
1594185
1594203
1594224
1594254
1594396
1594473
1594557
1594587
1594623
1594639
1594653
1594674
1594685
1594720
1594849
1594967
1595136
1595206
1595440
1595481
1595506
1595589
1595691
1595818
1595875
1595917
1596203
1596223
1596395
1596861
1597104
1597152
1597211
1597270
1597593
1597731
1597806
1597942
1598170
1598222
1598277
1598452
1598608
1598625
1598692
1598816
1598885
1598920
1599078
1599094
1599158
1599221
1599485
1599612
1599695
1599885
1600096
1600169
1600219
1600226
1600347
1600407
1600565
1600607
1600639
1600744
1600766
1600775
1600788
1600827
1600903
1601238
1601310
1601768
1601772
1601905
1602020
1602306
1602335
1602360
1602383
1602813
1602837
1602889
1603066
1603082
1603195
1603226
1603322
1603372
1603572
1603650
1603659
1603988
1604275
1604323
1604356
1604405
1604429
1604650
1604760
1604812
1604826
1604838
1604871
1604892
1605054
1605143
1605236
1605338
1605398
1605482
1605598
1605605
1605650
1605690
1605808
1605890
1606250
1606324
1606346
1606440
1606493
1606505
1606533
1606676
1606732
1606809
1606943
1606986
1607055
1607094
1607105
1607174
1607578
1607769
1607910
1608606
1608643
1608658
1608937
1608963
1609051
1609091
1609150
1609327
1609368
1609611
1609621
1609692
1609753
1609765
1609772
1609980
1610045
1610143
1610175
1610367
1610429
1610434
1610538
1610828
1610838
1611214
1611360
1611593
1611644
1611706
1611892
1612080
1612243
1612264
1612634
1612693
1612774
1612809
1613002
1613134
1613187
1613221
1613265
1613639
1613673
1613738
1613777
1613793
1613825
1613960
1614045
1614111
1614220
1614242
1614300
1614331
1614355
1614591
1614609
1614652
1614758
1614894
1614926
1615218
1615311
1615443
1615450
1615473
1615494
1615573
1615597
1615625
1615647
1615709
1615747
1615802
1615809
1616049
1616079
1616088
1616340
1616458
1616491
1616542
1616672
1616727
1616827
1617010
1617025
1617076
1617095
1617493
1617592
1617713
1617809
1617812
1617852
1617893
1617912
1618025
1618503
1618573
1618605
1618666
1618756
1618794
1618816
1618926
1618956
1618987
1619018
1619029
1619045
1619116
1619252
1619304
1619671
1619836
1619876
1619905
1620201
1620310
1620319
1620472
1620667
1620819
1620842
1620988
1620993
1621067
1621108
1621132
1621181
1621250
1621630
1621640
1621654
1621788
1621819
1621834
1622060
1622076
1622193
1622332
1622439
1622651
1622686
1622766
1622944
1622952
1622998
1623102
1623171
1623284
1623353
1623422
1623476
1623529
1623651
1623865
1624058
1624087
1624202
1624276
1624335
1624469
1624907
1624940
1625010
1625053
1625270
1625302
1625377
1625403
1625528
1625889
1626078
1626085
1626161
1626403
1626506
1626543
1626552
1626725
1626811
1626826
1626883
1627076
1627144
1627166
1627189
1627265
1627324
1627342
1627384
1627548
1627754
1627839
1627905
1628020
1628093
1628107
1628183
1628273
1628421
1628470
1628571
1628619
1628739
1628814
1628940
1628950
1628966
1629041
1629408
1629514
1629601
1629868
1629884
1629904
1630019
1630148
1630272
1630302
1630437
1630489
1630595
1630605
1630710
1630899
1631031
1631118
1631175
1631223
1631302
1631372
1631475
1631496
1631584
1631610
1631735
1631786
1631904
1631941
1632052
1632111
1632275
1632289
1632361
1632390
1632561
1632630
1632727
1632759
1632906
1632941
1632946
1632981
1633039
1633095
1633194
1633225
1633333
1633412
1633418
1633547
1633645
1633772
1633844
1633942
1633965
1634007
1634033
1634229
1634436
1634482
1634813
1634820
1634854
1634893
1634939
1635047
1635272
1635300
1635387
1635395
1635415
1635764
1635825
1635862
1635955
1635963
1635989
1636014
1636063
1636143
1636166
1636195
1636281
1636291
1636483
1636519
1636688
1636757
1636995
1637021
1637098
1637128
1637137
1637168
1637195
1637228
1637298
1637421
1637514
1637560
1637588
1637803
1637897
1637962
1637964
1638022
1638039
1638095
1638120
1638153
1638160
1638171
1638331
1638465
1638481
1638592
1638828
1638846
1639012
1639050
1639200
1639305
1639351
1639429
1639604
1639845
1640254
1640291
1640397
1640464
1640514
1640648
1640670
1640780
1640838
1640908
1641118
1641253
1641308
1641399
1641436
1641479
1641577
1641684
1641881
1642097
1642490
1642564
1642665
1642681
1642720
1642763
1643086
1643115
1643130
1643325
1643346
1643368
1643401
1643624
1643630
1643674
1643748
1643779
1644060
1644354
1644562
1644734
1644753
1644902
1645006
1645088
1645187
1645256
1645473
1645587
1645617
1645888
1645912
1646089
1646181
1646397
1646473
1646499
1646708
1646881
1646969
1647050
1647101
1647254
1647275
1647324
1647353
1647413
1647540
1648006
1648089
1648124
1648181
1648818
1648860
1649197
1649878
1650009
1650270
1650360
1650456
1650475
1650592
1650602
1650638
1650667
1650707
1650758
1650788
1650914
1651140
1651163
1651196
1651214
1651372
1651480
1651511
1651532
1651537
1651543
1651732
1651842
1651844
1651860
1652035
1652054
1652223
1652258
1652282
1652520
1652732
1652945
1653036
1653157
1653245
1653291
1653352
1653558
1653814
1654017
1654166
1654322
1654399
1654404
1654412
1654476
1654498
1654716
1654830
1655102
1655385
1655402
1655594
1655636
1655950
1655994
1656180
1656266
1656418
1656622
1656656
1656665
1656922
1656979
1657054
1657079
1657170
1657470
1657479
1657484
1657494
1657650
1657697
1657764
1657907
1657983
1658032
1658154
1658234
1658238
1658416
1658509
1658591
1658713
1658758
1658800
1658878
1659031
1659073
1659102
1659392
1659468
1659502
1659535
1659540
1659632
1659643
1659716
1659857
1659919
1659959
1660062
1660172
1660288
1660320
1660463
1660810
1660910
1660949
1661212
1661227
1661261
1661408
1661600
1661686
1661818
1662056
1662420
1662540
1662569
1662626
1662826
1662994
1663176
1663243
1663277
1663434
1663465
1663466
1663743
1663901
1663921
1664005
1664113
1664145
1664175
1664318
1664354
1664409
1664557
1664737
1665073
1665104
1665346
1665380
1665454
1665492
1665557
1665647
1665685
1665828
1665857
1665868
1665987
1666008
1666235
1666403
1666562
1666590
1666794
1666863
1666909
1666973
1667041
1667068
1667107
1667292
1667422
1667743
1667788
1667870
1667906
1667986
1668063
1668213
1668375
1668430
1668474
1668520
1668607
1668703
1668782
1668825
1668909
1669224
1669306
1669309
1669369
1669565
1669659
1669822
1669872
1669917
1669940
1670036
1670061
1670326
1670449
1670474
1670581
1670818
1670826
1670841
1670920
1671013
1671196
1671514
1671602
1671670
1671699
1671735
1671738
1671770
1671992
1672025
1672034
1672211
1672386
1672536
1673151
1673353
1673467
1673502
1673524
1673544
1674012
1674043
1674063
1674220
1674307
1674592
1674714
1674803
1674942
1674979
1675134
1675168
1675191
1675233
1675295
1675330
1675337
1675368
1675403
1675500
1675838
1675962
1675968
1676017
1676124
1676193
1676236
1676262
1676299
1676393
1676476
1676496
1676592
1676635
1676798
1676995
1677035
1677243
1677275
1677367
1677400
1677449
1677485
1677500
1677641
1677772
1677917
1677992
1678069
1678133
1678309
1678380
1678402
1678489
1678562
1678701
1678728
1678777
1678818
1678980
1679097
1679101
1679106
1679125
1679149
1679315
1679319
1679603
1679662
1679801
1679841
1679843
1679955
1680184
1680210
1680338
1680354
1680399
1680433
1680504
1680518
1680857
1680879
1680927
1680934
1681041
1681147
1681266
1681347
1681371
1681666
1681890
1681982
1681999
1682057
1682115
1682158
1682165
1682248
1682259
1682283
1682384
1682471
1682476
1682510
1682543
1682719
1682769
1682880
1683076
1683427
1683441
1683846
1683872
1683944
1684047
1684140
1684145
1684184
1684258
1684310
1684342
1684419
1684432
1684504
1684597
1684710
1684787
1684796
1684842
1684852
1684886
1684988
1685198
1685248
1685420
1685488
1685495
1685553
1685558
1685901
1685908
1685921
1685971
1686047
1686098
1686114
1686310
1686417
1686606
1687020
1687038
1687042
1687073
1687095
1687166
1687232
1687418
1687698
1687785
1687871
1688163
1688502
1689171
1689206
1689363
1689404
1689496
1689537
1689700
1689716
1689766
1689941
1689949
1690077
1690193
1690196
1690255
1690350
1690466
1690558
1690674
1690705
1690935
1690958
1691058
1691129
1691139
1691250
1691298
1691527
1691554
1691656
1691695
1691783
1691827
1691841
1691949
1691977
1692081
1692142
1692144
1692429
1692435
1692655
1692700
1692755
1692794
1692813
1693060
1693070
1693196
1693205
1693353
1693362
1693562
1693738
1693911
1693924
1694084
1694097
1694167
1694265
1694334
1694346
1694371
1694447
1694588
1695312
1695420
1695442
1695475
1695522
1695639
1695930
1695995
1696126
1696143
1696397
1696490
1696523
1696673
1696719
1697169
1697176
1697191
1697224
1697464
1697654
1697718
1697909
1698146
1698234
1698307
1698640
1698674
1698740
1699193
1699244
1699294
1699559
1699736
1699777
1699816
1699862
1700278
1700317
1700372
1700439
1700454
1700473
1700598
1700633
1700657
1700728
1700839
1700912
1701094
1701104
1701134
1701194
1701250
1701268
1701306
1701311
1701340
1701359
1701565
1701576
1701591
1701764
1701854
1702041
1702094
1702145
1702291
1702416
1702444
1702555
1702625
1702652
1702719
1702807
1702833
1702864
1702909
1703142
1703327
1703510
1703624
1703676
1703946
1703974
1704018
1704112
1704120
1704131
1704145
1704205
1704219
1704331
1704422
1704441
1704791
1704942
1704986
1705154
1705230
1705253
1705455
1705541
1705550
1705622
1705691
1705755
1705856
1706027
1706046
1706124
1706302
1706428
1706572
1706608
1707000
1707131
1707199
1707716
1707729
1707815
1708203
1708261
1708348
1708474
1708594
1708709
1708816
1708904
1708967
1708999
1709056
1709263
1709341
1709606
1709908
1709929
1710239
1710246
1710606
1710615
1710660
1710867
1710902
1710978
1710984
1711223
1711243
1711335
1711502
1711514
1711542
1711777
1711829
1712002
1712121
1712271
1712586
1712712
1712937
1712939
1713045
1713515
1713560
1713569
1713675
1713805
1713812
1713919
1713937
1714270
1714352
1714381
1714585
1714652
1714703
1714861
1715109
1715179
1715413
1715719
1715956
1716131
1716187
1716244
1716567
1716668
1716784
1716861
1716873
1716904
1717032
1717046
1717150
1717244
1717317
1717340
1717558
1717710
1717816
1717909
1718165
1718206
1718264
1718410
1718483
1718549
1718637
1718713
1718771
1718837
1718941
1719163
1719445
1719489
1719754
1719858
1719902
1720031
1720194
1720304
1720373
1720609
1720616
1720684
1720866
1721024
1721075
1721298
1721303
1721338
1721366
1721403
1721762
1721916
1721929
1722005
1722028
1722077
1722092
1722140
1722258
1722291
1722569
1722590
1722719
1722741
1722815
1722994
1723159
1723321
1723420
1723539
1723588
1723641
1723658
1723666
1723711
1723719
1723778
1724088
1724161
1724434
1724451
1724549
1724629
1724766
1724837
1724841
1724956
1724968
1725047
1725117
1725137
1725183
1725193
1725290
1725350
1725405
1725452
1725554
1725565
1725602
1725605
1725646
1725727
1725763
1725841
1725863
1726117
1726227
1726232
1726310
1726358
1726519
1726657
1726720
1726757
1726918
1727020
1727086
1727105
1727120
1727276
1727412
1727555
1727743
1728055
1728202
1728472
1728560
1728838
1728947
1728972
1729277
1729306
1729330
1729440
1729506
1729598
1729707
1729728
1729813
1729975
1730057
1730107
1730142
1730567
1730679
1730720
1730734
1730859
1730882
1731078
1731209
1731244
1731264
1731533
1731634
1731716
1731766
1732027
1732130
1732268
1732282
1732289
1732483
1732771
1732786
1732798
1732859
1732937
1733075
1733086
1733412
1733509
1733524
1733790
1733796
1733943
1733963
1734000
1734009
1734237
1734287
1734368
1734842
1734893
1735163
1735314
1735334
1735346
1735878
1735963
1736131
1736207
1736248
1736257
1736307
1736381
1736432
1736593
1736597
1736720
1736788
1737120
1737273
1737433
1737591
1737615
1737620
1737637
1737674
1737850
1737864
1737983
1738141
1738162
1738200
1738216
1738272
1738286
1738332
1738418
1738448
1738479
1738531
1738541
1738544
1738562
1738852
1738958
1738992
1739155
1739238
1739241
1739262
1739474
1739478
1739526
1739573
1739580
1739648
1739665
1739797
1739929
1740062
1740226
1740285
1740306
1740518
1740525
1740532
1740853
1740911
1740956
1741013
1741102
1741210
1741252
1741616
1741783
1742018
1742067
1742096
1742110
1742219
1742327
1742347
1742419
1742500
1742667
1742985
1743044
1743167
1743250
1743264
1743301
1743335
1743470
1743500
1743616
1743642
1743694
1743715
1743840
1743846
1743894
1743923
1744052
1744058
1744465
1744484
1744583
1744585
1744647
1744682
1744901
1744949
1745036
1745099
1745212
1745393
1745427
1745449
1745560
1745722
1745958
1745961
1745996
1746068
1746091
1746123
1746231
1746344
1746376
1746377
1746422
1746539
1746621
1746716
1746778
1746908
1746954
1747032
1747091
1747127
1747144
1747154
1747163
1747184
1747242
1747445
1747465
1747588
1747602
1747726
1747760
1747921
1748214
1748483
1748501
1748606
1748614
1748887
1748966
1748969
1749234
1749403
1749480
1749506
1749597
1749676
1749793
1749916
1750268
1750509
1750717
1750803
1750814
1750871
1750953
1751018
1751155
1751182
1751239
1751271
1751592
1751801
1752215
1752260
1752298
1752316
1752408
1752513
1752688
1752967
1753186
1753213
1753361
1753601
1753608
1753661
1753744
1753784
1753940
1753962
1753996
1754179
1754376
1754440
1754449
1754523
1754575
1754615
1754877
1755216
1755255
1755670
1755871
1755891
1756059
1756081
1756128
1756247
1756411
1756462
1756530
1756601
1756740
1756817
1756887
1757017
1757099
1757275
1757315
1757392
1757408
1757490
1757518
1757628
1757664
1757682
1757714
1757804
1757966
1758109
1758129
1758146
1758156
1758259
1758562
1758714
1758789
1758818
1758960
1759022
1759142
1759266
1759329
1759375
1759650
1759679
1759784
1759798
1759969
1760110
1760154
1760209
1760348
1760357
1760519
1760596
1760739
1760766
1761003
1761074
1761157
1761200
1761208
1761239
1761290
1761317
1761454
1761501
1761533
1761580
1761634
1761660
1761712
1761895
1761898
1761925
1761961
1762109
1762144
1762253
1762292
1762326
1762363
1762465
1762475
1762583
1762669
1762698
1762756
1763056
1763114
1763151
1763267
1763493
1763504
1763532
1763559
1763607
1763821
1763936
1763960
1763974
1764160
1764177
1764184
1764213
1764231
1764347
1764629
1764632
1764645
1764757
1764765
1764857
1764892
1764940
1764953
1765100
1765166
1765409
1765533
1765567
1765911
1766189
1766276
1766454
1766512
1766681
1766782
1766876
1767087
1767188
1767214
1767222
1767303
1767331
1767431
1767548
1767623
1767672
1767762
1767785
1767815
1767957
1768067
1768100
1768314
1768332
1768504
1768742
1768890
1768984
1769033
1769038
1769190
1769222
1769249
1769393
1769444
1769482
1769881
1770024
1770034
1770056
1770078
1770121
1770386
1770480
1770596
1770899
1771039
1771113
1771209
1771473
1771489
1771566
1771797
1771842
1772113
1772127
1772461
1772497
1772626
1772738
1772773
1772859
1772941
1773039
1773050
1773184
1773198
1773240
1773302
1773420
1773555
1773573
1773608
1773663
1773688
1773732
1773859
1773884
1773926
1773960
1774047
1774182
1774239
1774342
1774558
1774622
1774702
1774729
1774747
1774774
1774828
1774879
1775078
1775157
1775442
1775467
1775539
1775548
1775576
1775652
1775671
1775772
1775850
1776041
1776282
1776358
1776383
1776548
1776556
1776623
1776716
1776923
1776927
1776978
1777066
1777160
1777186
1777688
1777849
1777892
1778017
1778021
1778057
1778100
1778154
1778195
1778207
1778374
1778460
1778495
1778510
1778553
1778848
1778915
1779128
1779560
1779608
1779616
1779711
1779753
1779775
1779856
1779870
1779912
1779993
1780072
1780173
1780231
1780269
1780428
1780500
1780568
1780594
1780637
1780992
1781104
1781138
1781317
1781336
1781411
1781454
1781470
1781529
1781575
1781635
1781852
1781891
1782005
1782015
1782330
1782355
1782424
1782655
1782661
1783132
1783144
1783261
1783281
1783429
1783443
1783448
1783495
1783511
1783621
1783683
1783796
1783823
1783842
1784005
1784034
1784094
1784308
1784367
1784505
1784595
1784673
1784748
1784968
1785047
1785142
1785185
1785237
1785490
1785711
1785737
1785873
1785909
1786319
1786717
1786781
1786793
1787053
1787132
1787188
1787206
1787264
1787293
1787450
1787564
1787570
1787618
1787856
1787891
1787935
1787962
1788000
1788148
1788180
1788255
1788465
1788477
1788534
1788592
1788722
1788738
1789146
1789280
1789473
1789560
1789916
1790040
1790185
1790260
1790300
1790414
1790431
1790486
1790506
1790581
1790837
1790850
1790952
1791168
1791288
1791394
1791616
1791715
1791716
1792178
1792216
1792253
1792297
1792618
1792691
1792842
1792873
1793205
1793318
1793380
1793533
1793588
1793613
1793672
1793785
1793984
1794163
1794367
1794407
1794939
1794971
1795103
1795147
1795236
1795249
1795314
1795511
1795865
1795892
1795912
1795951
1795974
1795988
1796208
1796245
1796431
1796488
1796557
1796583
1796640
1796961
1797080
1797374
1797461
1797499
1797659
1797707
1797780
1797857
1797961
1798164
1798377
1798418
1798448
1798539
1798577
1798865
1798873
1798902
1798921
1799065
1799263
1799303
1799528
1799721
1799723
1799771
1799794
1799867
1799941
1800019
1800092
1800142
1800183
1800186
1800236
1800329
1800426
1800563
1800820
1800970
1801012
1801040
1801113
1801305
1801357
1801536
1801632
1801716
1801755
1801782
1801932
1802035
1802134
1802139
1802254
1802327
1802365
1802402
1802435
1802469
1802488
1802602
1802606
1802721
1802730
1802959
1803239
1803338
1803563
1803663
1803919
1803947
1804114
1804191
1804499
1804510
1804537
1804589
1804595
1804664
1804730
1804754
1804871
1804891
1804941
1804989
1805143
1805426
1805480
1805507
1805514
1805799
1805994
1806327
1806494
1806670
1806805
1806913
1806998
1807103
1807236
1807279
1807458
1807645
1807748
1807939
1808003
1808406
1808552
1808654
1808710
1808725
1808742
1808763
1808896
1808940
1809111
1809233
1809274
1809333
1809343
1809616
1809806
1809850
1809875
1810023
1810040
1810067
1810069
1810089
1810104
1810190
1810211
1810284
1810391
1810458
1810506
1810518
1810590
1810785
1810845
1810909
1811026
1811064
1811082
1811117
1811234
1811269
1811304
1811325
1811385
1811407
1811424
1811580
1811627
1811699
1811879
1811899
1812140
1812351
1812622
1812684
1812821
1812892
1813003
1813225
1813474
1813544
1813571
1813586
1813868
1813904
1813954
1814068
1814123
1814176
1814325
1814412
1814464
1814741
1814763
1814793
1814913
1815062
1815450
1815474
1815515
1815549
1815552
1815669
1815919
1816055
1816078
1816245
1816355
1816625
1816633
1816643
1816839
1816890
1816914
1816979
1817172
1817663
1817751
1817777
1817802
1817824
1817855
1817900
1817926
1817953
1817972
1817998
1818041
1818059
1818138
1818389
1818400
1818504
1818518
1818666
1818942
1819054
1819094
1819135
1819276
1819412
1819445
1819480
1819578
1819750
1819756
1819768
1819783
1819840
1819945
1820021
1820110
1820189
1820305
1820621
1820823
1820970
1820992
1821117
1821131
1821176
1821231
1821301
1821422
1821615
1821622
1821658
1821691
1821693
1821700
1821746
1821800
1821983
1822002
1822123
1822136
1822149
1822259
1822366
1822574
1822609
1822617
1822688
1822866
1822911
1822983
1823052
1823066
1823147
1823426
1823478
1823657
1823695
1823775
1823920
1823992
1824312
1824374
1824426
1824454
1824528
1824783
1824809
1824904
1824947
1825035
1825045
1825092
1825157
1825192
1825364
1825619
1825744
1825958
1825971
1826290
1826340
1826368
1826493
1826571
1826632
1826659
1826736
1826818
1827056
1827129
1827325
1827494
1827801
1827824
1827832
1827960
1828080
1828207
1828484
1828490
1828509
1828703
1828823
1828918
1828951
1828956
1829274
1829344
1829422
1829432
1829514
1829604
1829611
1829687
1829703
1829780
1829845
1829976
1830035
1830067
1830078
1830114
1830207
1830235
1830251
1830287
1830401
1830539
1830661
1830673
1830725
1830779
1830885
1831087
1831111
1831147
1831243
1831365
1831533
1831784
1831958
1832010
1832093
1832345
1832361
1832383
1832645
1832710
1832729
1832988
1833041
1833111
1833148
1833371
1833453
1833457
1833617
1833693
1833752
1833807
1833811
1834015
1834172
1834245
1834564
1834567
1834599
1834614
1834815
1834896
1835251
1835277
1835642
1835676
1835688
1835946
1835989
1836040
1836046
1836074
1836100
1836113
1836347
1836418
1836541
1836545
1836617
1836664
1836768
1836822
1836942
1837020
1837056
1837255
1837290
1837692
1837795
1837844
1837943
1838006
1838032
1838150
1838177
1838333
1838384
1838575
1838756
1838783
1838882
1838926
1838938
1839090
1839139
1839468
1839561
1839769
1839867
1839923
1839962
1839965
1839973
1840139
1840228
1840346
1840394
1840598
1840804
1840816
1840903
1840978
1841003
1841060
1841066
1841200
1841462
1841627
1841724
1841794
1842161
1842249
1842311
1842553
1842662
1842766
1842944
1843189
1843201
1843301
1843351
1843401
1843448
1843502
1843642
1843830
1843966
1844769
1844862
1844874
1844912
1844943
1845294
1845388
1845533
1845636
1845734
1845808
1845847
1845859
1845868
1845991
1846031
1846185
1846223
1846310
1846395
1846490
1846591
1846697
1846768
1846911
1847022
1847156
1847165
1847269
1847309
1847323
1847343
1847462
1847466
1847524
1847632
1847702
1847862
1847883
1848025
1848041
1848072
1848330
1848378
1848398
1848575
1848700
1849119
1849384
1849437
1849459
1849549
1849816
1849852
1849887
1849967
1850339
1850382
1850497
1850523
1850656
1850681
1850888
1850931
1850952
1851075
1851150
1851173
1851244
1851252
1851271
1851397
1851476
1851678
1851689
1851695
1851744
1851830
1851865
1852023
1852068
1852142
1852242
1852324
1852359
1852452
1852599
1852667
1852682
1852695
1852710
1852836
1853025
1853174
1853233
1853257
1853706
1853772
1853946
1853965
1854043
1854265
1854531
1854535
1854707
1854731
1854816
1854965
1855063
1855267
1855304
1855349
1855496
1855556
1855596
1855611
1855665
1855878
1856046
1856094
1856097
1856132
1856389
1856582
1856633
1856671
1856708
1856726
1856750
1856844
1857011
1857084
1857372
1857430
1857665
1857845
1857983
1858188
1858388
1858532
1858575
1858722
1858738
1858824
1858875
1859057
1859089
1859205
1859231
1859261
1859419
1859420
1859485
1859490
1859511
1859560
1859648
1859710
1859823
1859830
1859846
1860094
1860107
1860183
1860269
1860276
1860327
1860353
1860681
1860696
1860746
1860839
1860859
1860924
1861039
1861191
1861219
1861237
1861256
1861337
1861397
1861424
1861472
1861496
1861612
1861700
1861752
1861842
1861977
1862017
1862056
1862277
1862589
1862601
1862651
1862773
1862785
1862887
1862982
1863074
1863242
1863459
1863508
1863627
1863634
1863765
1863771
1863892
1863936
1864051
1864160
1864188
1864382
1864435
1864746
1865118
1865121
1865131
1865247
1865265
1865308
1865506
1865556
1865860
1866000
1866003
1866068
1866377
1866441
1866505
1866584
1866610
1866714
1866876
1866906
1866967
1867028
1867098
1867399
1867428
1867472
1867666
1867776
1867820
1867837
1867951
1868002
1868060
1868116
1868298
1868327
1868398
1868432
1868446
1868502
1868528
1868589
1868777
1868988
1869092
1869189
1869247
1869374
1869486
1869546
1869549
1869619
1869980
1870041
1870161
1870222
1870226
1870356
1870567
1870667
1870686
1870714
1871071
1871093
1871117
1871169
1871262
1871356
1871515
1871539
1871850
1871863
1871890
1872009
1872022
1872134
1872401
1872526
1872561
1872611
1872640
1872697
1872726
1872755
1872856
1873369
1873437
1873502
1873559
1873761
1873777
1874141
1874296
1874334
1874443
1874489
1874572
1874618
1874711
1874895
1875022
1875167
1875468
1875586
1875771
1875909
1875994
1876060
1876080
1876133
1876490
1876492
1876522
1876528
1876826
1876979
1877070
1877087
1877150
1877215
1877288
1877393
1877425
1877624
1877644
1877677
1877714
1877847
1877877
1878037
1878139
1878170
1878246
1878272
1878295
1878341
1878348
1878390
1878595
1878676
1878774
1878860
1878868
1878922
1879016
1879022
1879081
1879145
1879157
1879423
1879481
1879521
1879576
1879582
1879652
1879715
1879888
1879999
1880040
1880233
1880331
1880336
1880357
1880408
1880476
1880557
1880801
1880885
1881014
1881081
1881148
1881308
1881737
1881762
1881883
1882020
1882083
1882179
1882189
1882355
1882387
1882484
1882491
1882505
1882535
1882543
1882594
1882610
1882715
1882830
1883005
1883190
1883225
1883299
1883482
1883486
1883634
1883644
1883657
1883740
1883750
1883880
1883908
1884001
1884045
1884117
1884138
1884163
1884285
1884362
1884593
1884726
1884941
1885136
1885188
1885206
1885347
1885377
1885424
1885444
1885514
1885588
1885697
1885876
1885890
1886094
1886195
1886505
1886627
1886719
1886775
1886832
1887188
1887218
1887224
1887263
1887343
1887396
1887411
1887487
1887509
1887642
1887689
1887699
1887724
1887750
1888003
1888106
1888248
1888320
1888322
1888334
1888398
1888440
1888618
1888675
1888790
1888986
1889195
1889378
1889461
1889463
1889493
1889495
1889513
1889695
1889801
1889862
1890013
1890124
1890248
1890318
1890339
1890465
1890525
1890576
1890590
1890727
1890742
1890778
1890793
1890865
1891076
1891084
1891149
1891200
1891244
1891489
1891508
1891569
1891605
1891625
1891645
1892013
1892086
1892527
1892615
1892620
1892826
1892897
1892911
1892988
1893047
1893052
1893157
1893162
1893442
1893450
1893485
1893492
1893621
1893715
1893886
1893899
1893968
1894119
1894173
1894199
1894202
1894312
1894505
1894521
1894584
1894686
1894784
1894937
1895068
1895233
1895461
1895500
1895662
1895721
1895724
1895734
1895804
1895928
1895971
1896045
1896076
1896088
1896096
1896313
1896343
1896564
1896691
1896717
1896928
1896987
1897052
1897086
1897300
1897389
1897450
1897546
1897580
1897596
1897618
1897716
1897805
1897882
1897903
1897971
1898201
1898263
1898440
1898490
1898583
1898682
1899027
1899155
1899289
1899321
1899350
1899363
1899531
1899552
1899617
1899622
1899661
1899753
1899775
1899790
1899885
1900033
1900101
1900268
1900302
1900325
1900432
1900458
1900507
1900578
1900626
1900867
1900884
1901000
1901001
1901026
1901049
1901126
1901163
1901199
1901279
1901427
1901480
1901526
1901763
1901818
1901827
1901914
1901944
1902011
1902045
1902050
1902140
1902159
1902387
1902445
1902501
1902676
1902866
1902899
1902935
1902986
1903040
1903254
1903429
1903592
1903617
1903825
1903878
1903925
1903999
1904256
1904288
1904322
1904381
1904436
1904505
1904679
1904936
1905097
1905156
1905295
1905542
1905596
1905751
1905785
1905792
1906031
1906149
1906379
1906525
1906538
1906613
1906656
1906714
1906736
1906832
1906929
1907212
1907489
1907561
1907585
1907613
1907699
1907882
1907991
1908132
1908163
1908169
1908231
1908237
1908325
1908387
1908554
1908580
1908591
1908755
1908773
1908807
1908882
1908894
1909138
1909143
1909188
1909254
1909264
1909330
1909360
1909399
1909401
1909538
1909544
1909644
1909719
1909731
1909743
1909798
1909898
1910141
1910255
1910277
1910504
1910626
1910661
1910682
1910734
1910759
1910768
1910973
1911033
1911501
1911526
1911619
1911628
1911670
1911722
1911772
1911783
1911849
1911881
1911985
1912079
1912113
1912155
1912264
1912290
1912433
1912535
1912540
1912691
1912804
1912930
1912952
1913066
1913099
1913257
1913278
1913419
1913612
1913691
1913701
1913826
1913884
1913894
1914112
1914251
1914318
1914331
1914388
1914457
1914691
1914739
1914753
1914940
1914993
1915048
1915121
1915242
1915251
1915487
1915627
1915647
1915781
1915852
1916122
1916336
1916396
1916550
1916566
1916596
1916636
1916662
1916832
1917067
1917091
1917171
1917340
1917475
1917483
1917643
1917845
1918472
1918568
1918811
1918825
1918850
1919112
1919190
1919278
1919336
1919425
1919465
1919626
1919772
1919879
1920020
1920338
1920387
1920548
1920630
1920798
1920821
1920868
1921028
1921035
1921068
1921249
1921619
1921659
1921826
1921852
1921891
1922188
1922239
1922272
1922391
1922428
1922448
1922551
1922621
1922796
1922891
1923064
1923095
1923165
1923345
1923395
1923451
1923473
1923484
1923582
1923657
1923768
1923809
1923823
1924064
1924122
1924299
1924641
1924839
1925000
1925158
1925239
1925254
1925466
1925620
1925718
1925864
1925913
1926284
1926300
1926339
1926382
1926514
1926568
1926798
1926848
1926926
1927039
1927057
1927146
1927379
1927418
1927422
1927451
1927632
1927641
1927741
1927959
1928006
1928203
1928423
1928435
1928451
1928466
1928556
1928689
1929178
1929222
1929394
1929432
1929756
1929953
1929999
1930021
1930094
1930240
1930426
1930499
1930537
1930565
1930663
1930709
1930839
1931091
1931193
1931357
1931622
1931700
1931754
1931913
1931950
1932048
1932115
1932124
1932137
1932257
1932433
1932500
1932566
1932643
1932871
1932890
1933440
1933737
1933766
1934047
1934144
1934212
1934269
1934325
1934362
1934374
1934624
1934914
1934948
1935001
1935025
1935558
1935565
1935648
1935859
1935894
1936339
1936488
1936704
1936865
1936961
1936978
1937055
1937166
1937200
1937289
1937359
1937361
1937406
1937509
1937712
1937802
1937860
1937927
1938081
1938187
1938302
1938314
1938363
1938507
1938587
1938680
1938689
1938743
1939128
1939326
1939411
1939554
1939932
1940030
1940079
1940238
1940271
1940313
1940433
1940446
1940649
1940650
1940696
1940770
1940807
1941132
1941172
1941192
1941430
1941564
1941596
1941833
1941863
1941992
1942124
1942134
1942315
1942381
1942446
1942516
1942613
1942638
1942665
1942699
1942766
1943003
1943046
1943197
1943284
1943289
1943302
1943312
1943346
1943422
1943675
1943995
1944302
1944420
1944746
1944838
1944842
1944926
1945188
1945192
1945200
1945436
1945440
1945486
1945580
1945644
1945784
1945813
1945822
1945870
1945891
1945903
1945938
1946095
1946194
1946482
1946502
1946648
1946738
1947074
1947085
1947284
1947376
1947510
1947534
1947675
1947889
1947914
1947929
1948188
1948270
1948311
1948416
1948461
1948554
1948568
1948617
1948652
1948690
1948877
1948912
1948971
1949056
1949100
1949172
1949240
1949326
1949351
1949414
1949452
1949468
1949527
1949593
1949631
1949678
1949759
1949968
1950095
1950142
1950474
1951108
1951356
1951694
1951922
1951987
1952058
1952068
1952250
1952267
1952703
1952777
1952844
1952899
1952924
1952932
1953033
1953118
1953306
1953483
1953505
1953595
1953698
1953717
1953757
1953838
1953941
1953982
1954025
1954065
1954333
1954411
1954467
1954489
1954560
1954591
1954660
1954730
1954763
1954887
1955060
1955120
1955151
1955158
1955186
1955268
1955537
1955686
1955814
1955854
1956177
1956227
1956327
1956419
1956477
1956557
1956637
1956819
1956836
1956920
1956958
1957022
1957045
1957065
1957204
1957218
1957297
1957362
1957405
1957479
1957527
1957672
1957839
1957891
1957893
1957894
1957993
1958096
1958451
1958528
1958578
1958593
1958635
1958676
1958677
1958709
1958741
1958864
1958928
1958984
1959264
1959344
1959377
1959574
1959625
1959707
1959904
1959933
1960000
1960161
1960230
1960249
1960324
1960334
1960571
1960893
1960911
1960943
1961025
1961184
1961190
1961210
1961218
1961450
1961483
1961705
1961824
1961958
1962090
1962219
1962394
1962529
1962632
1962719
1962877
1963053
1963125
1963186
1963224
1963260
1963282
1963303
1963803
1964083
1964156
1964188
1964269
1964276
1964326
1964335
1964404
1964478
1964521
1964562
1964597
1964639
1964769
1964807
1965016
1965126
1965144
1965182
1965240
1965319
1965402
1965442
1965507
1965616
1965758
1965795
1965829
1965950
1966001
1966287
1966417
1966525
1966749
1966802
1966997
1967005
1967008
1967033
1967080
1967088
1967141
1967194
1967211
1967320
1967414
1967455
1967605
1967625
1967822
1967887
1967896
1967990
1968100
1968179
1968395
1968666
1968739
1968960
1969026
1969133
1969306
1969338
1969398
1969445
1969505
1969563
1969665
1969709
1969789
1969823
1969900
1970103
1970324
1970339
1970430
1970437
1970443
1970528
1970714
1970721
1970773
1970788
1971043
1971120
1971175
1971182
1971209
1971270
1971308
1971461
1971888
1971905
1972057
1972068
1972139
1972171
1972271
1972404
1972451
1972475
1972511
1972633
1972716
1972930
1972976
1973128
1973154
1973315
1973468
1973508
1973527
1973592
1973692
1973846
1973907
1973953
1974021
1974162
1974268
1974281
1974438
1974445
1974537
1974675
1974798
1974967
1975095
1975183
1975254
1975266
1975440
1975448
1975676
1975978
1976021
1976089
1976129
1976153
1976157
1976217
1976497
1976715
1976934
1976962
1977006
1977097
1977165
1977336
1977355
1977402
1977666
1977816
1977897
1977942
1977996
1978078
1978232
1978318
1978716
1978751
1978775
1979003
1979087
1979364
1979452
1979543
1979631
1979665
1979831
1979837
1979868
1979909
1979991
1980514
1980585
1980617
1980630
1980701
1980711
1980746
1980876
1980979
1981258
1981271
1981393
1981473
1981500
1981714
1981813
1981842
1981974
1982072
1982094
1982345
1982353
1982455
1982467
1982555
1982604
1982663
1983109
1983365
1983407
1983469
1983573
1983620
1983743
1983802
1983819
1983954
1983986
1984096
1984179
1984195
1984353
1984440
1984445
1984559
1984686
1984823
1984829
1984923
1984941
1985066
1985189
1985196
1985309
1985458
1985469
1985630
1985921
1986076
1986253
1986274
1986290
1986442
1986657
1986664
1986842
1986943
1987081
1987203
1987233
1987273
1987317
1987383
1987417
1987479
1987483
1987538
1987564
1987780
1987857
1987886
1987908
1988009
1988143
1988193
1988290
1988398
1988440
1988769
1988883
1988910
1988972
1989295
1989443
1989639
1989690
1989719
1989782
1989997
1990277
1990450
1990793
1990825
1990951
1991086
1991133
1991172
1991287
1991618
1991810
1991899
1991973
1991987
1992274
1992340
1992354
1992410
1992526
1992572
1992636
1993024
1993052
1993159
1993167
1993175
1993380
1993499
1993510
1993523
1993526
1993602
1993619
1993625
1993649
1993664
1993799
1993889
1994117
1994189
1994229
1994354
1994428
1994671
1994681
1994723
1994733
1994787
1995095
1995281
1995300
1995353
1995879
1996098
1996129
1996340
1996369
1996412
1996518
1996816
1996951
1996978
1996990
1997092
1997206
1997297
1997681
1997994
1998079
1998117
1998257
1998302
1998517
1998574
1998612
1998750
1998886
1998899
1999040
1999124
1999151
1999451
1999473
1999695
1999834
1999944
2000153
2000192
2000208
2000245
2000385
2000407
2000443
2000491
2000736
2000756
2000968
2001028
2001152
2001204
2001231
2001433
2001448
2001487
2001523
2001590
2001598
2001682
2001765
2001809
2001851
2001869
2001929
2002184
2002304
2002386
2002409
2002480
2002819
2002823
2003075
2003144
2003238
2003393
2003419
2003544
2003606
2003647
2003667
2003761
2004075
2004355
2004377
2004640
2004648
2004658
2004841
2004878
2005006
2005026
2005048
2005060
2005087
2005126
2005163
2005307
2005360
2005508
2005591
2005637
2005649
2005822
2005840
2005899
2005964
2006134
2006169
2006194
2006381
2006449
2006516
2006787
2006999
2007163
2007189
2007196
2007202
2007301
2007584
2007610
2007732
2007736
2007821
2007874
2008002
2008229
2008324
2008357
2008632
2008646
2008651
2008693
2008801
2009125
2009156
2009380
2009524
2009559
2009613
2009657
2009793
2009852
2009925
2009939
2010004
2010075
2010161
2010205
2010245
2010395
2010648
2010768
2010886
2010930
2011176
2011294
2011436
2011463
2011584
2011597
2011621
2011631
2011642
2011703
2011875
2011925
2012162
2012168
2012295
2012394
2012586
2012670
2012691
2012693
2012709
2012718
2012758
2012790
2012808
2012844
2012911
2013020
2013133
2013184
2013188
2013201
2013230
2013255
2013352
2013539
2013583
2013658
2013904
2013913
2014202
2014329
2014448
2014472
2014491
2014653
2014683
2014698
2014723
2014748
2014805
2014898
2014979
2015174
2015265
2015416
2015482
2015645
2015706
2015722
2015786
2015817
2015972
2016031
2016056
2016226
2016314
2016334
2016443
2016657
2016878
2016905
2016930
2016941
2017037
2017053
2017079
2017229
2017252
2017328
2017492
2018325
2018404
2018609
2018825
2018831
2018839
2019008
2019213
2019347
2019429
2019768
2019832
2019907
2019939
2020022
2020130
2020143
2020263
2020311
2020387
2020728
2020769
2020815
2021005
2021049
2021091
2021123
2021160
2021257
2021321
2021351
2021371
2021456
2021466
2021508
2021671
2021694
2021926
2021976
2022004
2022214
2022450
2022455
2022463
2022567
2022570
2022608
2022617
2022837
2022995
2023238
2023255
2023342
2023439
2023745
2023912
2024030
2024052
2024113
2024189
2024201
2024261
2024264
2024386
2024428
2024465
2024549
2024725
2024846
2024868
2025120
2025161
2025226
2025440
2025500
2025516
2025674
2025796
2026229
2026447
2026491
2026497
2026501
2026526
2026629
2026686
2026933
2027230
2027367
2027524
2027592
2027595
2027856
2027946
2027976
2027987
2028108
2028182
2028207
2028241
2028256
2028288
2028346
2028574
2028820
2028870
2028900
2029060
2029071
2029083
2029258
2029272
2029423
2029463
2029494
2029522
2029706
2029749
2029816
2030169
2030194
2030294
2030383
2030560
2030694
2030884
2031275
2031405
2031538
2031957
2032016
2032222
2032380
2032438
2032458
2032603
2032708
2032785
2032890
2032939
2033083
2033365
2033456
2033527
2033568
2033684
2033851
2034029
2034056
2034067
2034198
2034236
2034302
2034431
2034630
2034770
2034855
2034952
2035423
2035454
2035464
2035480
2035527
2035547
2035786
2035803
2035982
2036019
2036043
2036107
2036125
2036297
2036324
2036390
2036427
2036483
2036525
2036709
2036851
2036896
2036913
2036987
2037133
2037227
2037273
2037298
2037338
2037569
2037577
2037596
2037617
2037823
2038195
2038300
2038579
2038678
2038694
2038719
2038732
2038757
2038761
2039102
2039325
2039391
2039582
2039607
2039801
2039855
2039885
2040046
2040073
2040115
2040236
2040322
2040355
2040618
2040660
2040673
2040965
2041072
2041091
2041338
2041407
2041815
2041829
2041985
2042024
2042037
2042066
2042157
2042272
2042348
2042690
2042819
2042843
2042876
2043124
2043201
2043246
2043269
2043312
2043454
2043505
2043556
2043719
2043887
2043895
2043908
2044049
2044168
2044311
2044752
2044761
2044916
2045088
2045319
2045322
2045362
2045379
2045502
2045591
2045625
2045680
2045748
2045772
2046247
2046362
2046398
2046846
2047003
2047129
2047349
2047354
2047360
2047533
2047601
2047690
2047718
2047798
2047894
2048055
2048280
2048306
2048439
2048668
2048679
2048778
2048840
2048866
2048948
2049042
2049126
2049216
2049251
2049273
2049327
2049347
2049360
2049488
2049515
2049551
2049558
2049562
2049648
2049710
2049765
2049811
2050269
2050461
2050483
2050503
2050509
2050517
2050675
2050705
2050865
2050945
2051261
2051327
2051429
2051525
2051528
2051606
2051672
2051697
2051918
2051930
2051972
2052115
2052157
2052188
2052308
2052542
2052607
2052618
2052661
2052849
2052872
2052927
2053072
2053143
2053235
2053266
2053369
2053386
2053433
2053487
2053628
2053781
2053802
2053876
2053904
2054008
2054084
2054281
2054466
2054599
2054679
2054836
2054979
2055136
2055252
2055434
2055734
2055758
2056098
2056170
2056176
2056311
2056347
2056558
2056684
2056746
2056993
2057197
2057254
2057262
2057352
2057543
2057700
2057724
2057734
2057801
2058054
2058059
2058154
2058269
2058525
2058543
2058663
2058676
2058741
2058820
2058846
2059190
2059304
2059313
2059476
2059816
2060012
2060026
2060200
2060418
2060464
2060499
2060664
2060805
2060881
2060907
2061208
2061232
2061646
2061711
2061942
2062041
2062531
2062548
2062613
2062651
2063167
2063182
2063248
2063351
2064046
2064116
2064178
2064284
2064346
2064358
2064458
2064471
2064629
2064681
2064702
2064830
2064902
2064936
2064998
2065075
2065142
2065199
2065263
2065328
2065440
2065491
2065506
2065616
2065968
2065984
2065992
2066180
2066201
2066260
2066327
2066343
2066466
2066686
2066775
2066856
2066996
2067007
2067020
2067273
2067309
2067377
2067463
2067469
2067480
2067582
2067695
2068118
2068164
2068418
2068461
2068467
2068485
2068561
2068777
2068821
2068845
2068916
2068942
2069006
2069124
2069191
2069237
2069298
2069536
2069588
2069675
2069790
2069870
2069973
2070035
2070091
2070114
2070218
2070316
2070456
2070621
2070881
2070952
2070994
2071013
2071017
2071144
2071168
2071295
2071332
2071385
2071444
2071669
2072012
2072021
2072233
2072294
2072451
2072747
2072754
2072881
2073151
2073289
2073417
2073433
2073486
2073508
2073953
2074238
2074321
2074446
2074465
2074506
2074592
2074607
2074711
2074793
2074828
2074851
2074880
2074991
2075007
2075107
2075231
2075283
2075346
2075391
2075508
2075551
2075605
2075648
2075786
2075818
2075935
2076046
2076125
2076139
2076260
2076285
2076334
2076474
2076517
2076630
2076743
2077024
2077105
2077451
2077727
2077788
2077844
2077858
2078092
2078126
2078387
2078475
2078697
2078719
2079153
2079197
2079222
2079261
2079312
2079538
2079761
2079811
2079919
2079959
2080095
2080110
2080152
2080172
2080269
2080298
2080312
2080414
2080565
2080614
2080718
2080724
2080741
2080745
2080822
2080865
2080893
2080913
2080934
2081052
2081062
2081102
2081148
2081214
2081476
2081579
2082027
2082035
2082401
2082497
2082498
2082545
2082564
2082565
2082598
2082618
2082645
2082663
2082804
2082822
2083006
2083087
2083272
2083340
2083472
2083523
2083564
2083638
2083826
2083849
2083984
2083988
2084424
2084552
2084637
2084679
2084730
2084779
2084783
2084835
2084924
2085205
2085225
2085416
2085464
2085714
2085722
2085842
2086018
2086043
2086087
2086126
2086195
2086319
2086370
2086497
2086521
2086629
2086703
2086896
2086966
2087003
2087229
2087418
2087467
2087521
2087548
2087551
2087633
2087746
2087856
2087897
2087935
2088016
2088057
2088064
2088178
2088187
2088337
2088405
2088870
2088887
2088977
2089588
2089684
2089724
2089878
2089905
2090219
2090273
2090339
2090736
2090894
2090897
2090952
2090991
2091020
2091034
2091051
2091279
2091454
2091460
2091524
2091749
2091823
2092415
2092629
2092677
2092719
2092829
2092840
2092858
2092881
2092968
2093029
2093391
2093545
2093759
2093963
2094037
2094060
2094072
2094079
2094145
2094296
2094485
2094832
2095072
2095236
2095314
2095442
2095474
2095522
2095531
2095860
2096095
2096618
2096712
2096747
2096783
2096835
2096878
2097014
2097053
2097160
2097203
2097764
2097926
2098001
2098048
2098269
2098559
2098595
2098680
2098724
2098741
2098921
2098945
2098959
2099011
2099032
2099141
2099181
2099201
2099239
2099337
2099509
2099567
2099624
2099647
2099846
2099877
2100152
2100204
2100327
2100543
2100589
2100658
2100739
2100776
2100811
2101107
2101194
2101206
2101293
2101303
2101556
2101691
2101739
2101805
2101886
2102030
2102035
2102170
2102279
2102686
2102703
2102705
2102709
2102952
2103098
2103199
2103292
2103295
2103440
2103484
2103623
2103653
2103759
2103913
2103950
2103991
2104021
2104083
2104331
2104374
2104578
2104652
2104714
2104818
2105143
2105209
2105355
2105403
2105645
2105938
2105948
2106061
2106080
2106186
2106285
2106417
2106437
2106544
2106704
2106932
2107081
2107141
2107149
2107258
2107270
2107516
2107542
2107603
2107728
2107750
2107795
2107868
2108087
2108097
2108117
2108149
2108278
2108423
2108554
2108564
2108599
2108626
2108823
2108929
2109304
2109392
2109395
2109940
2110098
2110121
2110230
2110624
2110643
2110683
2110771
2110893
2111021
2111181
2111229
2111316
2111349
2111404
2111424
2111438
2111449
2111452
2111591
2111596
2111703
2111728
2111745
2111862
2111952
2112036
2112246
2112253
2112273
2112404
2112555
2112650
2112711
2112754
2112851
2112902
2113031
2113054
2113189
2113261
2113309
2113335
2113341
2113424
2113878
2113938
2113982
2114011
2114025
2114089
2114132
2114250
2114326
2114337
2114380
2114445
2114502
2114846
2114938
2114984
2115236
2115265
2115306
2115336
2115444
2115452
2115516
2115578
2116077
2116116
2116140
2116171
2116225
2116363
2116370
2116379
2116536
2116591
2116758
2116798
2116872
2116992
2117004
2117107
2117154
2117326
2117393
2117408
2117466
2118134
2118201
2118469
2118481
2118529
2118558
2118740
2118821
2118973
2119149
2119280
2119402
2119406
2119525
2119611
2119657
2119815
2119914
2119930
2119943
2120034
2120185
2120189
2120231
2120277
2120331
2120473
2120692
2121082
2121331
2121362
2121434
2121531
2121689
2121725
2121768
2121858
2121899
2121926
2121974
2122094
2122107
2122137
2122152
2122634
2122677
2122758
2122835
2122865
2122952
2123034
2123105
2123343
2123434
2123583
2123600
2123652
2123803
2123849
2124005
2124034
2124049
2124125
2124150
2124178
2124522
2124719
2124758
2125201
2125205
2125271
2125369
2125408
2125433
2125456
2125548
2125618
2125635
2125663
2125825
2126077
2126140
2126195
2126544
2126567
2126752
2126807
2126871
2127092
2127250
2127303
2127357
2127371
2127482
2127562
2127592
2127642
2127798
2127927
2128242
2128253
2128281
2128433
2128486
2128489
2128519
2128566
2128749
2128788
2128934
2128948
2128960
2129167
2129201
2129330
2129583
2129678
2129695
2129737
2129815
2129885
2129961
2130197
2130212
2130259
2130325
2130352
2130445
2130500
2130592
2130837
2130899
2130918
2130930
2131163
2131172
2131250
2131334
2131387
2131589
2131733
2131785
2131807
2131831
2131937
2132039
2132213
2132223
2132228
2132245
2132394
2132492
2132522
2132728
2132994
2132999
2133056
2133072
2133111
2133178
2133337
2133499
2133640
2133679
2133717
2133779
2133840
2133872
2133901
2133986
2133991
2134078
2134101
2134241
2134361
2134625
2134679
2134694
2134709
2134714
2134998
2135155
2135242
2135291
2135309
2135427
2135440
2135469
2135551
2135559
2135592
2135613
2135800
2136211
2136252
2136301
2136377
2136552
2136597
2136622
2136729
2136817
2136901
2137167
2137318
2137376
2137590
2137604
2137610
2137699
2137757
2137885
2137991
2138126
2138265
2138357
2138751
2138830
2138974
2139048
2139080
2139208
2139449
2139537
2139772
2139782
2139795
2139835
2139988
2140078
2140099
2140341
2140637
2140981
2141249
2141279
2141295
2141374
2141408
2141699
2141790
2141955
2142100
2142203
2142302
2142678
2142681
2142972
2143068
2143156
2143259
2143386
2143397
2143590
2143673
2143722
2143791
2143861
2143871
2143877
2143892
2143898
2143920
2144084
2144232
2144415
2144620
2144777
2145142
2145226
2145419
2145691
2145769
2145788
2145965
2145994
2146124
2146149
2146199
2146265
2146284
2146390
2146592
2146720
2146848
2146879
2146935
2147203
2147253
2147312
2147439
2147446
2147486
2147617
2147632
2147693
2148252
2148331
2148420
2148424
2148732
2148743
2148745
2148799
2148939
2148967
2149153
2149181
2149292
2149573
2149679
2149741
2149882
2149908
2149929
2149937
2149981
2150351
2150575
2150673
2150722
2150750
2150789
2150827
2151001
2151205
2151221
2151364
2151452
2151489
2151504
2151596
2151618
2151629
2151760
2151957
2152001
2152055
2152228
2152282
2152453
2152501
2152941
2153291
2153381
2153648
2154024
2154036
2154049
2154488
2154540
2154709
2154731
2154795
2155019
2155063
2155169
2155222
2155321
2155382
2155693
2155708
2155746
2155756
2155901
2155922
2155934
2155949
2156205
2156304
2156314
2156331
2156372
2156770
2156778
2156827
2156842
2157061
2157065
2157231
2157417
2157520
2157579
2157682
2157908
2158014
2158046
2158131
2158269
2158384
2158423
2158456
2158541
2158561
2158692
2158826
2159042
2159224
2159251
2159325
2159366
2159432
2159567
2159811
2159822
2159849
2160019
2160126
2160189
2160245
2160414
2160434
2160447
2160459
2160705
2161278
2161456
2161482
2161511
2161827
2161906
2161995
2162019
2162163
2162304
2162354
2162527
2162541
2162578
2162595
2162627
2162635
2162995
2163026
2163031
2163054
2163065
2163156
2163173
2163198
2163240
2163338
2163468
2163491
2163750
2163756
2163791
2163807
2164019
2164074
2164145
2164321
2164347
2164372
2164479
2164687
2164827
2165132
2165187
2165278
2165465
2165521
2165552
2165555
2165601
2165694
2165812
2165858
2165920
2166017
2166153
2166259
2166261
2166318
2166324
2166477
2166643
2166773
2167088
2167139
2167235
2167248
2167301
2167314
2167561
2167580
2167640
2167679
2167690
2167890
2167983
2168062
2168110
2168172
2168225
2168259
2168272
2168294
2168342
2168388
2168571
2168719
2168726
2168878
2168909
2169065
2169269
2169382
2169633
2169697
2169722
2169807
2169935
2169959
2169974
2170104
2170117
2170284
2170442
2170565
2170604
2170788
2170797
2170865
2170890
2171025
2171212
2171226
2171257
2171292
2171467
2171762
2171912
2171926
2172204
2172329
2172421
2172630
2172639
2172765
2173130
2173155
2173406
2173477
2173548
2173557
2173588
2173640
2173663
2173766
2173827
2173889
2173955
2173971
2174264
2174267
2174281
2174322
2174451
2175048
2175088
2175269
2175300
2175381
2175484
2175580
2175626
2175660
2175778
2175940
2176099
2176231
2176336
2176557
2176614
2176767
2176837
2176935
2176996
2177056
2177133
2177309
2177683
2177862
2177992
2178120
2178268
2178302
2178360
2178423
2178925
2179203
2179249
2179311
2179444
2179572
2179614
2179716
2179797
2179873
2179930
2180155
2180218
2180328
2180346
2180355
2180384
2180489
2180501
2180517
2180552
2180556
2180577
2180608
2180632
2180669
2180682
2180711
2180735
2180944
2181060
2181134
2181161
2181220
2181303
2181524
2181671
2181762
2181819
2182287
2182362
2182588
2182727
2182790
2182883
2182994
2183009
2183380
2183649
2183652
2183778
2183937
2184041
2184064
2184100
2184203
2184282
2184308
2184337
2184378
2184502
2184799
2184957
2185034
2185254
2185353
2185370
2185388
2185409
2185808
2185830
2185873
2186060
2186162
2186207
2186241
2186437
2186466
2186535
2186595
2186624
2186735
2186985
2187074
2187124
2187157
2187278
2187349
2187352
2187357
2187469
2187574
2187745
2187842
2187848
2187866
2187907
2188152
2188240
2188500
2188521
2188747
2188831
2189003
2189062
2189076
2189333
2189529
2189540
2189638
2189749
2189846
2189912
2190074
2190122
2190258
2190323
2190496
2190562
2190582
2190684
2190703
2190771
2190942
2190966
2191005
2191017
2191069
2191080
2191206
2191212
2191299
2191674
2191690
2191851
2191917
2192006
2192178
2192263
2192278
2192422
2192434
2192604
2192624
2192666
2193015
2193496
2193560
2193601
2193661
2193678
2193822
2193925
2194269
2194284
2194394
2194504
2194585
2194874
2194921
2194949
2194981
2195027
2195420
2195441
2195609
2195629
2195678
2195803
2195831
2195987
2196060
2196164
2196203
2196230
2196269
2196328
2196346
2196378
2196599
2196817
2197033
2197116
2197152
2197199
2197274
2197360
2197470
2197568
2197574
2197902
2197933
2197981
2198034
2198147
2198267
2198354
2198366
2198379
2198429
2198713
2198744
2198772
2198908
2198938
2199092
2199250
2199330
2199401
2199475
2199684
2199693
2199801
2199831
2199856
2199864
2199898
2199946
2199962
2200036
2200575
2200682
2200748
2200785
2201249
2201272
2201337
2201343
2201391
2201790
2201976
2202087
2202211
2202217
2202248
2202326
2202391
2202474
2202508
2202649
2202791
2202910
2203013
2203084
2203143
2203215
2203228
2203293
2203419
2203635
2203686
2203726
2203735
2203843
2203880
2203978
2204008
2204091
2204112
2204145
2204165
2204237
2204354
2204380
2204658
2204694
2204803
2204837
2205025
2205071
2205080
2205142
2205160
2205168
2205367
2205445
2205586
2205642
2205729
2205826
2205852
2205885
2205894
2205952
2206042
2206163
2206260
2206409
2206452
2206572
2206640
2206712
2206900
2206917
2206928
2206977
2207040
2207127
2207219
2207256
2207421
2207550
2207680
2207702
2207750
2207939
2207966
2207998
2208108
2208451
2208463
2208601
2208711
2208805
2208957
2209045
2209069
2209104
2209236
2209249
2209490
2209687
2209737
2209843
2209926
2210057
2210120
2210130
2210170
2210735
2210851
2210861
2210903
2210964
2211152
2211163
2211360
2211364
2211672
2211973
2212244
2212302
2212673
2212866
2212963
2213283
2213428
2213476
2213591
2213750
2213801
2213830
2213968
2214384
2214584
2214757
2214806
2214816
2214967
2215002
2215170
2215222
2215296
2215376
2215380
2215566
2215912
2216008
2216030
2216285
2216324
2216347
2216432
2216479
2216497
2216519
2216684
2216716
2216884
2217158
2217250
2217267
2217358
2217462
2217513
2217661
2217680
2217730
2217779
2217900
2217908
2218001
2218012
2218181
2218252
2218281
2218382
2218415
2218631
2218710
2218765
2218848
2218879
2218901
2218947
2219216
2219278
2219340
2219500
2219627
2219771
2219777
2219955
2220119
2220141
2220334
2220555
2220564
2220593
2220621
2220783
2220831
2221027
2221141
2221166
2221373
2221414
2221427
2221579
2221606
2221626
2221809
2221897
2221957
2221974
2222019
2222116
2222144
2222247
2222475
2222588
2222722
2222875
2223143
2223158
2223185
2223305
2223339
2223373
2223682
2223752
2223897
2223972
2223992
2224226
2224237
2224245
2224290
2224382
2224464
2224809
2224885
2224893
2224962
2225044
2225364
2225450
2225615
2225713
2225779
2225910
2225924
2226241
2226333
2226347
2226685
2226768
2226782
2226874
2226953
2226984
2227021
2227058
2227104
2227211
2227234
2227251
2227353
2227432
2227474
2227551
2227629
2227815
2227918
2228052
2228094
2228178
2228190
2228297
2228682
2228780
2228854
2228976
2229097
2229114
2229196
2229212
2229265
2229302
2229349
2229396
2229449
2229539
2229661
2229716
2229767
2230137
2230203
2230370
2230511
2230565
2230584
2230601
2230774
2230927
2230962
2231013
2231173
2231226
2231314
2231316
2231334
2231442
2231639
2231874
2231916
2231966
2232013
2232064
2232313
2232368
2232383
2232780
2232964
2233123
2233153
2233196
2233289
2233329
2233388
2233398
2233476
2233563
2233735
2233855
2233919
2234189
2234319
2234337
2234520
2234607
2234614
2234627
2234643
2234684
2234798
2234964
2235115
2235276
2235500
2235856
2236019
2236083
2236194
2236205
2236209
2236467
2236547
2236589
2236606
2236708
2236762
2237018
2237075
2237160
2237171
2237207
2237503
2237687
2237841
2237860
2237918
2237960
2237965
2238051
2238087
2238254
2238397
2238760
2238974
2239094
2239109
2239157
2239246
2239365
2239558
2239581
2239681
2239735
2239814
2240037
2240065
2240082
2240136
2240201
2240218
2240231
2240428
2240458
2240485
2240590
2240621
2240804
2240812
2240906
2240914
2240984
2241041
2241096
2241114
2241228
2241271
2241333
2241368
2241600
2241738
2241901
2241912
2241985
2242319
2242347
2242394
2242429
2242567
2242616
2242890
2242912
2243191
2243257
2243301
2243446
2243501
2243720
2243859
2244118
2244137
2244214
2244223
2244229
2244250
2244346
2244425
2244477
2244613
2244659
2244753
2244884
2244964
2244969
2245063
2245153
2245198
2245406
2245488
2245515
2245583
2245609
2245624
2245844
2246109
2246114
2246130
2246199
2246237
2246273
2246312
2246507
2246714
2246726
2246746
2246857
2246959
2247015
2247027
2247281
2247301
2247571
2247604
2247617
2247685
2247818
2247826
2248009
2248064
2248078
2248126
2248192
2248295
2248367
2248394
2248482
2248569
2248578
2248611
2248695
2248769
2248782
2248821
2248837
2248938
2248982
2249098
2249134
2249147
2249151
2249181
2249200
2249266
2249271
2249446
2249459
2249597
2250148
2250174
2250200
2250240
2250421
2250486
2250685
2250757
2250908
2251076
2251143
2251241
2251303
2251508
2251528
2251739
2252087
2252112
2252170
2252270
2252310
2252328
2252338
2252352
2252420
2252458
2252500
2252504
2252578
2252599
2252647
2252857
2253216
2253333
2253655
2253770
2253799
2254036
2254047
2254080
2254114
2254120
2254277
2254475
2254543
2254966
2254990
2255057
2255304
2255317
2255368
2255703
2255751
2255789
2255941
2256012
2256124
2256158
2256192
2256296
2256334
2256425
2256585
2256732
2256948
2256990
2256999
2257011
2257088
2257113
2257134
2257163
2257190
2257261
2257530
2257606
2257626
2257794
2257817
2257928
2258167
2258219
2258314
2258376
2258471
2258592
2258687
2258714
2258975
2259181
2259333
2259509
2259531
2259635
2259667
2259762
2259800
2259992
2260064
2260213
2260267
2260405
2260453
2260461
2260690
2260785
2260831
2260933
2260981
2261009
2261034
2261236
2261268
2261396
2261444
2261475
2261481
2261694
2261843
2261861
2261865
2262085
2262181
2262444
2262591
2262634
2262637
2262775
2262814
2262947
2263015
2263220
2263299
2263541
2263644
2263727
2263761
2263811
2263966
2264082
2264574
2264838
2264842
2264964
2265112
2265128
2265266
2265413
2265640
2265677
2265705
2265932
2266498
2266580
2266594
2266723
2266790
2266808
2266831
2266979
2267003
2267152
2267251
2267355
2267374
2267483
2267492
2267621
2267634
2267696
2267705
2267807
2267877
2267894
2267931
2268065
2268259
2268372
2268481
2268564
2268648
2268726
2268944
2269061
2269084
2269104
2269182
2269211
2269219
2269304
2269336
2269517
2269570
2269750
2269786
2269927
2269933
2269972
2270009
2270062
2270182
2270237
2270430
2270493
2270690
2270737
2270791
2270819
2270952
2270966
2270999
2271014
2271071
2271215
2271471
2271490
2271696
2271737
2271781
2271803
2271826
2271874
2271935
2272061
2272284
2272324
2272573
2272658
2272841
2272854
2272868
2272980
2272995
2273108
2273153
2273185
2273281
2273390
2273651
2273716
2273816
2273972
2274007
2274066
2274325
2274339
2274360
2274443
2274484
2274528
2274784
2274835
2274913
2274923
2275033
2275189
2275309
2275349
2275375
2275693
2275734
2275762
2275964
2275976
2276051
2276121
2276156
2276199
2276286
2276301
2276320
2276371
2276377
2276438
2276846
2276873
2276907
2276909
2277158
2277269
2277285
2277330
2277350
2277799
2277804
2277813
2277920
2278121
2278205
2278229
2278351
2278357
2278378
2278807
2278894
2278901
2278920
2279051
2279140
2279141
2279146
2279186
2279274
2279436
2279573
2279808
2280159
2280203
2280476
2280656
2280684
2280901
2280955
2280965
2281008
2281033
2281109
2281180
2281427
2281567
2281682
2281692
2281695
2281797
2282064
2282082
2282139
2282160
2282180
2282261
2282430
2282703
2282710
2282909
2282959
2282995
2283148
2283208
2283291
2283451
2284177
2284184
2284287
2284406
2284484
2284524
2284532
2284574
2284656
2284660
2284843
2284917
2284924
2284953
2284969
2285024
2285063
2285108
2285156
2285261
2285873
2285894
2285911
2285932
2285997
2286144
2286203
2286296
2286298
2286345
2286361
2286448
2286727
2286733
2286826
2286863
2286875
2286903
2287033
2287077
2287101
2287132
2287143
2287301
2287305
2287333
2287377
2287394
2287415
2287520
2287564
2287752
2287760
2287886
2288026
2288029
2288132
2288389
2288438
2288751
2288798
2288864
2288932
2289160
2289285
2289539
2289579
2289608
2289669
2289780
2289795
2289840
2289964
2290177
2290245
2290287
2290304
2290313
2290375
2290391
2290436
2290443
2290488
2290495
2290682
2291004
2291023
2291032
2291230
2291245
2291336
2291439
2291463
2291537
2291611
2291691
2291710
2292107
2292186
2292193
2292488
2292631
2292680
2292807
2292864
2292896
2292936
2293034
2293131
2293607
2293701
2293807
2293841
2293934
2293973
2294015
2294323
2294468
2294558
2294638
2294701
2294940
2295006
2295208
2295256
2295281
2295375
2295411
2295425
2295461
2295486
2295552
2295587
2295597
2295770
2295809
2295858
2295940
2296020
2296240
2296315
2296747
2296806
2297047
2297126
2297213
2297260
2297523
2297652
2297679
2297707
2297737
2297805
2297944
2298113
2298149
2298271
2298325
2298441
2298610
2298618
2298663
2298707
2298867
2299028
2299166
2299257
2299493
2299576
2299598
2299614
2299620
2299656
2299744
2299793
2299929
2300064
2300071
2300202
2300228
2300519
2300662
2300718
2300730
2300839
2300860
2301132
2301164
2301429
2301536
2301675
2301800
2301938
2302106
2302138
2302140
2302188
2302200
2302239
2302242
2302273
2302326
2302330
2302342
2302378
2302556
2302648
2302853
2303012
2303187
2303208
2303346
2303398
2303624
2303656
2304138
2304213
2304225
2304280
2304314
2304463
2304712
2305039
2305053
2305139
2305281
2305359
2305364
2305369
2305495
2305533
2305592
2305606
2305678
2305713
2305838
2305918
2305937
2305956
2306153
2306181
2306303
2306321
2306354
2306524
2306685
2306785
2307207
2307209
2307267
2307344
2307352
2307409
2307464
2307513
2307627
2307731
2307779
2307859
2307937
2307976
2307990
2308055
2308178
2308223
2308298
2308338
2308482
2308614
2308626
2308694
2308709
2308875
2308895
2309043
2309132
2309265
2309305
2309313
2309428
2309619
2309647
2309692
2309893
2310072
2310181
2310427
2310593
2310646
2310727
2310737
2310772
2310817
2310823
2310842
2310920
2310957
2311011
2311188
2311203
2311277
2311571
2311627
2311837
2311845
2312092
2312538
2312614
2312651
2312683
2312820
2312920
2312936
2313040
2313087
2313206
2313467
2313523
2313591
2313779
2313884
2313902
2313933
2313975
2314059
2314126
2314379
2314454
2314669
2314718
2314747
2314760
2314785
2314819
2315015
2315212
2315246
2315589
2315710
2315767
2315813
2315929
2315932
2316323
2316336
2316401
2316527
2316908
2317120
2317129
2317350
2317573
2317634
2317826
2318294
2318435
2318439
2318605
2318673
2318713
2318942
2319010
2319070
2319083
2319355
2319390
2319507
2319719
2319732
2319989
2320004
2320183
2320317
2320329
2320393
2320561
2320597
2320680
2320781
2320830
2321293
2321356
2321452
2321852
2321899
2322174
2322221
2322461
2322549
2322762
2322903
2322942
2323021
2323142
2323440
2323449
2323476
2323560
2323694
2323793
2323996
2324005
2324263
2324428
2324899
2325233
2325276
2325427
2325508
2325546
2325793
2325806
2325920
2325976
2326025
2326070
2326209
2326310
2326498
2326556
2326612
2326737
2326752
2326776
2326845
2326914
2327024
2327209
2327258
2327269
2327486
2327727
2327805
2327859
2328019
2328033
2328109
2328141
2328164
2328175
2328182
2328224
2328243
2328290
2328385
2328771
2328782
2328875
2328902
2329171
2329211
2329293
2329350
2329359
2329431
2329440
2329558
2329583
2329682
2330079
2330095
2330471
2330562
2330791
2330910
2331083
2331102
2331160
2331211
2331279
2331347
2331478
2331492
2331561
2331822
2331909
2332237
2332511
2332566
2332726
2332764
2332792
2332959
2332986
2332997
2333044
2333081
2333100
2333265
2333347
2333479
2333619
2333782
2333832
2333939
2334005
2334031
2334036
2334078
2334121
2334182
2334293
2334310
2334489
2334514
2334566
2334658
2334671
2334807
2334825
2335213
2335505
2335736
2335788
2335906
2336202
2336227
2336695
2336776
2336844
2336863
2336945
2336961
2337144
2337159
2337230
2337412
2337500
2337556
2337584
2337621
2337674
2337713
2337718
2337795
2337886
2337959
2338032
2338036
2338252
2338388
2338498
2339024
2339041
2339133
2339221
2339294
2339536
2339613
2339696
2339708
2339750
2339930
2339992
2340015
2340023
2340027
2340041
2340306
2340327
2340509
2340740
2341057
2341205
2341219
2341359
2341470
2341777
2341879
2341940
2341978
2342132
2342156
2342166
2342177
2342241
2342352
2342399
2342557
2342612
2342642
2342787
2342870
2342975
2343085
2343134
2343234
2343408
2343510
2343548
2343581
2343655
2343796
2343997
2344275
2344294
2344307
2344314
2344334
2344362
2344386
2344467
2344564
2344627
2344729
2344844
2344846
2344889
2345019
2345043
2345381
2345388
2345556
2345629
2345843
2346066
2346083
2346207
2346227
2346342
2346346
2346390
2346494
2346613
2346624
2346710
2346749
2346759
2346910
2347176
2347206
2347359
2347405
2347617
2347662
2347742
2347809
2347863
2348050
2348093
2348927
2349088
2349361
2349366
2349423
2349425
2349493
2349596
2349901
2350032
2350054
2350064
2350094
2350117
2350150
2350512
2350573
2350706
2350790
2350831
2351015
2351056
2351198
2351287
2351359
2351481
2351607
2351615
2351770
2351791
2351863
2352071
2352116
2352273
2352368
2352709
2352753
2352881
2352902
2352935
2353114
2353146
2353256
2353336
2353536
2353639
2353778
2353787
2353840
2353863
2353907
2354024
2354353
2354377
2354419
2354476
2354620
2354687
2354708
2354809
2354826
2354844
2354861
2354887
2354913
2355201
2355236
2355249
2355531
2356002
2356038
2356093
2356348
2356394
2356615
2356782
2356829
2356921
2357132
2357194
2357263
2357560
2357582
2357688
2357720
2357776
2358041
2358404
2358416
2358509
2358618
2358643
2358667
2358750
2358756
2358978
2358995
2359029
2359109
2359137
2359179
2359216
2359305
2359314
2359347
2359553
2359557
2359584
2359600
2359671
2359836
2359947
2360133
2360253
2360376
2360385
2360445
2360451
2360468
2360534
2360774
2360821
2360838
2360912
2361075
2361108
2361145
2361296
2361535
2361617
2361625
2361644
2361902
2362143
2362424
2362499
2362532
2362553
2362608
2362633
2362854
2363039
2363143
2363281
2363322
2363660
2363723
2363790
2363823
2363856
2363874
2364078
2364127
2364230
2364375
2364524
2364549
2364646
2364685
2364719
2364824
2364844
2364913
2364936
2364960
2365061
2365220
2365306
2365319
2365375
2365384
2365397
2365718
2365881
2365909
2365964
2365966
2366131
2366268
2366401
2366491
2366639
2366669
2366675
2366691
2366710
2366729
2366818
2366842
2366912
2367001
2367062
2367289
2367326
2367330
2367955
2368221
2368262
2368392
2368430
2368658
2368668
2368722
2369326
2369381
2369515
2369590
2369694
2369711
2369807
2369836
2369984
2370124
2370142
2370338
2370408
2370495
2370527
2370681
2370697
2370797
2370823
2370845
2370951
2371004
2371066
2371096
2371139
2371383
2371505
2371529
2371702
2371730
2371867
2372034
2372066
2372124
2372132
2372354
2372376
2372389
2372503
2372664
2372686
2372707
2372718
2372737
2372872
2372965
2373020
2373386
2373418
2373695
2373837
2374122
2374266
2374315
2374486
2374498
2374727
2374734
2374891
2374906
2374923
2374928
2375057
2375165
2375344
2375494
2375540
2375752
2375836
2375960
2375983
2376025
2376191
2376218
2376263
2376413
2376428
2376508
2376532
2376551
2376592
2376644
2376707
2376741
2376930
2377069
2377108
2377263
2377457
2377637
2377764
2377965
2378003
2378036
2378250
2378323
2378690
2378781
2378806
2378879
2379051
2379082
2379251
2379514
2379522
2379646
2379676
2379881
2379896
2379936
2379962
2380075
2380098
2380484
2380565
2380606
2380747
2380750
2380965
2380992
2381040
2381391
2381613
2381748
2381793
2381835
2381901
2381969
2382018
2382219
2382370
2382493
2382720
2382749
2382800
2382971
2383058
2383332
2383354
2383412
2383466
2383482
2383621
2383636
2383706
2383714
2383845
2383850
2383955
2383992
2384045
2384083
2384090
2384181
2384210
2384280
2384308
2384490
2384518
2384519
2384660
2384818
2384835
2384900
2385069
2385292
2385305
2385421
2385543
2385558
2385783
2385998
2386028
2386135
2386299
2386388
2386620
2386677
2386873
2387096
2387162
2387188
2387376
2387496
2387679
2387849
2387893
2387975
2388013
2388025
2388093
2388198
2388540
2388846
2388855
2388880
2388917
2388972
2388985
2389165
2389191
2389362
2389417
2389632
2389659
2389715
2389831
2389976
2390128
2390163
2390283
2390420
2390461
2390537
2390559
2390628
2390630
2390937
2390973
2390999
2391121
2391230
2391532
2391550
2391597
2391787
2391936
2392130
2392165
2392171
2392277
2392288
2392470
2392644
2392672
2392824
2392892
2392916
2393110
2393221
2393244
2393428
2393588
2393796
2393872
2393986
2393993
2394008
2394200
2394216
2394252
2394702
2394719
2394952
2395106
2395169
2395343
2395438
2395703
2395710
2395805
2395900
2395949
2395987
2396190
2396270
2396418
2396462
2396477
2396638
2396678
2396753
2396992
2397217
2397241
2397276
2397300
2397442
2397548
2397609
2397669
2397690
2397869
2397974
2398051
2398248
2398259
2398606
2398926
2399077
2399217
2399387
2399448
2399487
2399583
2400041
2400116
2400172
2400299
2400322
2400485
2400561
2400736
2400756
2400765
2400976
2401173
2401331
2401389
2401529
2401703
2401896
2402075
2402167
2402223
2402257
2402288
2402437
2402455
2402477
2402568
2402756
2402802
2402829
2402843
2402852
2402865
2403148
2403183
2403225
2403426
2403550
2403653
2403681
2403820
2403898
2403944
2403960
2404270
2404305
2404393
2404424
2404472
2404491
2404549
2404784
2404875
2404984
2405176
2405225
2405419
2405480
2405668
2405933
2406005
2406055
2406089
2406212
2406232
2406296
2406312
2406405
2406448
2406502
2406577
2406609
2406707
2406743
2407007
2407041
2407086
2407206
2407257
2407458
2407526
2407553
2407633
2407778
2407900
2408019
2408114
2408407
2408474
2408530
2408729
2408794
2408863
2408933
2409027
2409034
2409089
2409100
2409127
2409233
2409477
2409700
2409914
2410059
2410113
2410231
2410283
2410730
2410787
2410807
2411447
2411491
2411590
2411758
2411775
2411786
2411833
2411861
2411978
2412071
2412134
2412153
2412190
2412558
2412592
2412602
2412685
2412953
2413052
2413055
2413137
2413223
2413302
2413319
2413344
2413503
2413555
2413610
2413752
2413863
2413988
2414088
2414121
2414411
2414801
2414870
2415061
2415330
2415430
2415527
2415534
2415562
2415687
2415700
2415886
2416059
2416108
2416194
2416501
2416570
2416741
2416851
2416955
2417051
2417153
2417359
2417811
2417823
2417914
2417972
2418025
2418257
2418615
2418652
2418721
2418792
2418819
2418851
2418895
2419119
2419225
2419388
2419399
2419579
2419636
2419740
2419933
2420062
2420077
2420101
2420118
2420223
2420332
2420447
2420502
2420575
2420591
2420792
2420813
2420832
2420984
2421302
2421316
2421365
2421371
2421457
2421464
2421542
2421687
2421704
2421756
2421783
2421814
2421996
2422106
2422151
2422257
2422265
2422453
2422500
2422546
2422606
2422669
2422687
2422707
2422973
2423491
2423556
2423672
2423695
2423875
2423946
2423955
2424023
2424042
2424095
2424211
2424232
2424440
2424487
2424528
2424553
2424602
2424727
2424750
2425182
2425201
2425243
2425436
2425439
2425478
2425561
2425840
2425959
2425977
2426058
2426200
2426306
2426361
2426384
2426388
2426410
2426451
2426650
2426713
2426852
2426919
2426952
2427150
2427172
2427285
2427310
2427336
2427403
2427548
2427563
2427893
2427912
2427941
2427982
2427988
2428066
2428216
2428251
2428334
2428395
2428397
2428496
2428718
2428745
2428782
2428846
2429067
2429442
2429527
2429651
2429691
2429719
2429786
2429812
2429860
2429984
2430012
2430062
2430090
2430582
2430612
2430930
2431280
2431406
2431462
2431604
2431662
2431709
2431803
2431942
2431950
2432050
2432334
2432352
2432407
2432487
2432497
2432587
2432617
2432643
2432677
2432890
2432910
2433035
2433088
2433272
2433454
2433514
2433781
2433798
2433859
2434002
2434095
2434099
2434155
2434267
2434369
2434425
2434503
2434675
2434836
2434911
2435011
2435114
2435247
2435599
2435788
2435965
2435975
2436075
2436200
2436234
2436415
2436455
2436474
2436607
2436714
2436716
2436734
2436752
2436771
2436837
2436875
2436957
2437032
2437096
2437099
2437176
2437321
2437342
2437439
2437444
2437484
2437498
2437634
2437820
2437859
2437882
2437994
2438072
2438344
2438386
2438434
2438446
2438453
2438494
2438617
2438832
2438844
2438852
2438871
2438905
2439017
2439117
2439142
2439160
2439179
2439222
2439290
2439393
2439681
2439960
2439988
2440003
2440213
2440218
2440280
2440418
2440619
2440708
2440725
2440859
2440964
2441031
2441047
2441112
2441127
2441143
2441180
2441611
2441671
2441700
2441702
2441732
2441802
2441866
2441929
2442036
2442363
2442369
2442396
2442867
2442908
2442982
2443030
2443044
2443137
2443166
2443197
2443236
2443260
2443301
2443353
2443429
2443454
2443519
2443657
2443677
2443724
2443766
2443777
2443793
2443809
2443812
2443933
2443968
2444068
2444119
2444273
2444359
2444423
2444512
2444533
2444535
2444696
2444705
2444714
2444791
2444823
2445044
2445052
2445123
2445271
2445288
2445465
2445561
2445588
2445706
2445743
2445916
2445983
2446150
2446326
2446402
2446610
2446779
2447240
2447250
2447339
2447354
2447401
2447507
2447520
2447620
2447973
2448202
2448501
2448561
2448571
2448620
2448705
2448794
2448921
2449103
2449282
2449445
2449627
2449884
2449895
2449911
2449924
2450178
2450275
2450492
2450502
2450535
2450545
2450553
2450560
2450681
2450981
2451007
2451095
2451137
2451180
2451541
2451559
2451592
2451618
2451859
2451899
2451946
2451989
2452057
2452082
2452456
2452594
2452680
2452806
2452919
2452970
2453092
2453182
2453199
2453208
2453354
2453421
2453454
2453641
2453686
2453917
2454017
2454218
2454219
2454223
2454250
2454399
2454583
2454599
2454627
2454795
2454823
2455011
2455027
2455268
2455469
2455488
2455533
2455625
2455774
2455841
2455942
2456052
2456076
2456238
2456608
2456776
2456989
2457060
2457647
2457683
2457781
2457858
2458028
2458276
2458369
2458425
2458449
2458480
2458661
2458796
2458809
2459022
2459164
2459183
2459250
2459465
2459579
2459587
2459692
2459812
2459875
2459955
2460070
2460115
2460180
2460227
2460472
2460545
2460591
2460604
2460643
2460812
2460898
2460959
2461092
2461113
2461545
2461597
2461626
2462199
2462400
2462567
2462595
2462753
2462886
2463089
2463684
2463694
2463743
2463772
2463903
2464005
2464013
2464024
2464060
2464286
2464470
2464554
2464806
2465130
2465221
2465234
2465335
2465360
2465419
2465431
2465475
2465509
2465554
2465773
2465878
2466000
2466022
2466025
2466184
2466360
2466382
2466565
2466596
2466639
2466700
2466989
2467032
2467193
2467234
2467311
2467471
2467507
2467722
2468145
2468251
2468281
2468473
2468573
2468705
2468885
2469000
2469177
2469181
2469363
2469412
2469455
2469543
2469561
2469667
2469724
2469759
2469918
2469940
2469947
2469983
2470000
2470085
2470138
2470177
2470243
2470307
2470338
2470342
2470435
2470749
2470894
2471008
2471174
2471500
2471583
2471620
2471634
2471649
2471758
2471809
2471863
2471883
2471943
2472051
2472056
2472194
2472217
2472381
2472504
2472556
2472647
2472949
2473039
2473145
2473218
2473298
2473633
2473708
2473824
2473842
2473918
2473932
2474108
2474160
2474207
2474288
2474352
2474592
2474598
2474695
2474775
2474791
2474979
2474984
2475209
2475275
2475385
2475432
2475688
2475750
2475819
2476152
2476204
2476233
2476298
2476315
2476333
2476360
2476524
2476623
2476644
2476707
2476769
2476816
2476893
2476920
2477000
2477013
2477113
2477219
2477320
2477503
2477514
2477531
2477548
2477617
2477756
2477956
2478189
2478244
2478319
2478375
2478452
2478565
2478600
2478653
2478805
2478811
2478920
2479080
2479121
2479275
2479344
2479571
2479685
2479857
2480123
2480312
2480352
2480363
2480389
2480409
2480426
2480591
2480700
2480731
2480763
2480817
2480880
2480937
2481029
2481087
2481092
2481093
2481183
2481186
2481237
2481260
2481301
2481499
2481517
2481729
2481761
2481812
2481866
2481880
2481963
2482073
2482106
2482200
2482216
2482408
2482666
2482745
2482919
2483181
2483198
2483226
2483447
2483471
2483613
2483930
2483993
2484044
2484124
2484222
2484298
2484352
2484363
2484372
2484476
2484511
2484698
2484723
2484840
2484854
2484944
2484980
2485083
2485137
2485331
2485337
2485437
2485491
2485530
2485581
2485640
2485892
2486102
2486115
2486187
2486263
2486302
2486383
2486457
2486517
2486538
2486611
2486666
2486808
2486878
2486944
2486992
2486998
2487050
2487079
2487263
2487314
2487497
2487520
2487571
2487622
2487635
2487659
2487700
2487738
2487799
2488047
2488079
2488153
2488323
2488349
2488388
2488587
2488940
2488970
2489020
2489029
2489151
2489207
2489366
2489407
2489449
2489473
2489709
2489726
2490078
2490110
2490201
2490388
2490400
2490431
2490509
2490755
2490804
2490815
2490896
2491068
2491215
2491343
2491369
2491448
2491527
2491621
2491663
2491797
2491880
2491909
2491986
2492189
2492193
2492244
2492412
2492452
2492474
2492729
2492893
2492952
2493116
2493283
2493371
2493690
2493748
2493781
2493885
2493913
2493968
2493977
2494011
2494041
2494100
2494213
2494381
2494463
2494473
2494525
2494553
2494694
2494724
2494729
2494760
2494824
2494963
2495021
2495102
2495194
2495444
2495775
2495997
2496029
2496054
2496295
2496385
2496403
2496485
2496507
2496584
2496589
2496627
2496995
2497028
2497157
2497258
2497326
2497519
2498002
2498011
2498114
2498152
2498248
2498295
2498395
2498444
2498489
2498587
2498613
2498627
2498685
2498810
2499094
2499260
2499404
2499535
2499587
2499719
2499739
2499890
2499974
2500049
2500189
2500256
2500546
2500661
2500925
2500945
2501131
2501231
2501606
2502018
2502076
2502095
2502138
2502154
2502225
2502327
2502487
2502704
2502791
2503232
2503259
2503343
2503362
2503523
2503573
2503718
2503898
2504066
2504212
2504625
2504684
2504825
2504928
2504972
2505059
2505164
2505201
2505259
2505293
2505401
2505537
2505631
2505673
2505712
2505884
2506019
2506034
2506126
2506449
2506574
2506589
2506621
2506841
2506908
2506982
2506992
2507116
2507178
2507244
2507264
2507318
2507527
2507595
2507874
2507906
2508100
2508109
2508124
2508170
2508349
2508364
2508628
2508774
2508818
2509103
2509235
2509411
2509419
2509561
2509759
2509784
2509844
2509922
2509964
2510073
2510082
2510133
2510163
2510200
2510237
2510409
2510588
2510652
2510883
2511074
2511110
2511174
2511177
2511408
2511419
2511514
2511523
2511572
2511607
2511740
2511868
2511880
2511903
2512021
2512034
2512062
2512339
2512403
2512409
2512562
2512570
2512657
2512734
2512785
2512798
2512851
2513153
2513429
2513602
2513667
2513764
2513857
2513883
2513896
2514011
2514061
2514117
2514164
2514177
2514227
2514483
2514541
2514606
2514639
2514646
2514679
2514926
2514954
2515047
2515396
2515404
2515413
2515501
2515616
2515734
2515970
2516048
2516081
2516119
2516144
2516202
2516222
2516257
2516270
2516433
2516649
2516763
2516929
2516956
2517420
2517485
2517535
2517675
2517732
2517791
2517805
2517825
2517847
2517936
2518074
2518079
2518182
2518232
2518294
2518305
2518440
2518570
2518664
2518682
2518733
2518924
2519183
2519255
2519409
2519488
2519625
2519628
2519897
2519980
2520054
2520181
2520338
2520437
2520570
2520600
2520663
2520858
2521187
2521284
2521347
2521931
2521958
2522073
2522136
2522225
2522298
2522304
2522387
2522507
2522509
2522581
2522784
2522811
2522945
2523075
2523203
2523231
2523240
2523314
2523397
2523635
2523685
2523708
2523721
2523796
2523828
2523862
2523926
2524229
2524577
2524723
2524806
2524923
2525150
2525181
2525234
2525262
2525383
2525476
2525668
2525973
2525983
2525989
2526107
2526115
2526279
2526419
2526448
2526511
2526546
2526554
2526657
2526664
2526694
2526717
2526841
2526879
2526961
2527214
2527254
2527312
2527418
2527458
2527500
2527562
2527578
2527597
2527633
2527730
2527996
2528123
2528567
2528636
2528660
2528738
2528880
2528930
2529093
2529254
2529388
2529679
2529711
2529721
2530160
2530212
2530400
2530418
2530436
2530632
2530669
2530717
2530847
2531080
2531162
2531165
2531204
2531290
2531327
2531337
2531594
2531845
2532130
2532160
2532466
2532485
2532545
2532619
2532627
2532653
2532677
2532809
2532811
2532879
2532982
2533060
2533281
2533292
2533313
2533389
2533463
2533468
2533783
2533809
2533923
2533966
2534151
2534193
2534256
2534341
2534391
2534440
2534526
2534630
2534666
2534721
2534972
2535286
2535326
2535380
2535441
2535516
2535558
2535691
2535738
2535775
2535806
2536376
2536395
2536445
2536755
2536840
2536875
2536998
2537094
2537227
2537321
2537425
2537558
2537601
2537606
2537665
2537792
2537829
2538187
2538254
2538394
2538461
2538550
2538568
2538725
2538847
2538899
2539089
2539224
2539351
2539380
2539466
2539624
2539882
2540107
2540116
2540140
2540294
2540312
2540451
2540510
2540710
2540759
2540788
2540800
2540830
2540887
2540938
2540976
2541073
2541115
2541233
2541283
2541372
2541411
2541498
2541560
2541571
2541652
2541695
2541870
2541885
2542019
2542124
2542263
2542285
2542626
2542687
2542762
2542977
2543163
2543240
2543372
2543447
2543460
2543545
2543559
2543638
2543700
2543731
2544066
2544120
2544226
2544253
2544485
2544511
2544521
2544634
2544704
2544935
2544967
2545051
2545272
2545287
2545324
2545358
2545363
2545425
2545513
2545540
2545595
2545679
2545782
2545821
2545914
2545918
2546429
2546647
2546712
2546737
2546761
2546771
2546887
2547083
2547302
2547466
2547633
2547869
2548032
2548049
2548094
2548100
2548674
2548710
2548751
2548830
2549005
2549035
2549055
2549134
2549258
2549372
2549381
2549545
2549560
2549590
2549767
2549888
2549990
2550038
2550434
2550523
2550539
2550556
2550586
2550671
2550707
2550784
2551137
2551149
2551180
2551203
2551406
2551508
2551545
2551602
2551761
2551868
2551875
2552097
2552222
2552258
2552570
2552619
2552815
2552958
2552994
2553172
2553222
2553340
2553579
2553582
2553622
2553752
2553814
2553923
2554086
2554095
2554136
2554144
2554273
2554336
2554365
2554579
2554605
2554840
2555078
2555114
2555137
2555271
2555331
2555339
2555414
2555486
2555728
2555778
2555925
2555985
2556235
2556236
2556401
2556450
2556614
2556667
2556683
2556787
2557089
2557233
2557238
2557248
2557270
2557306
2557381
2557403
2557409
2557763
2558179
2558219
2558278
2558344
2558390
2558449
2558490
2558519
2558539
2558641
2558687
2558703
2558786
2558854
2558912
2558952
2559147
2559186
2559200
2559260
2559723
2559830
2559884
2559945
2560083
2560160
2560186
2560224
2560243
2560277
2560301
2560431
2560512
2560598
2560630
2560657
2560705
2560775
2560784
2560942
2561013
2561106
2561382
2561489
2561572
2561622
2561698
2561736
2561810
2561910
2561968
2562032
2562190
2562457
2562497
2562685
2562814
2562845
2562996
2563035
2563242
2563296
2563358
2563389
2563416
2563434
2563544
2563634
2563715
2563807
2563874
2564059
2564123
2564364
2564434
2564482
2564555
2564675
2564722
2564800
2564915
2564984
2565071
2565192
2565280
2565357
2565624
2565695
2565721
2565837
2565867
2565880
2565985
2566063
2566083
2566117
2566130
2566137
2566246
2566393
2566405
2566482
2566658
2566683
2566706
2566715
2566779
2566815
2566980
2567045
2567135
2567325
2567587
2567611
2567612
2567646
2567841
2567911
2567950
2568017
2568027
2568320
2568601
2568607
2568643
2568749
2568907
2569107
2569119
2569274
2569342
2569383
2569452
2569679
2569686
2569903
2570138
2570288
2570311
2570354
2570525
2570751
2570909
2570923
2570949
2571076
2571127
2571128
2571158
2571162
2571223
2571267
2571493
2571548
2571674
2571718
2572039
2572110
2572263
2572311
2572358
2572407
2572512
2572605
2572874
2572920
2572956
2573069
2573157
2573167
2573318
2573382
2573405
2573438
2573499
2573515
2573561
2573571
2573604
2573988
2574002
2574060
2574133
2574396
2574399
2574506
2574614
2574887
2574913
2575003
2575125
2575142
2575163
2575175
2575404
2575512
2575545
2575675
2576153
2576207
2576257
2576439
2576452
2576455
2576711
2576802
2576877
2576889
2576953
2577051
2577079
2577213
2577603
2577628
2577808
2577830
2577978
2577987
2578015
2578019
2578032
2578253
2578299
2578637
2578778
2578921
2578927
2579057
2579065
2579224
2579386
2579467
2579699
2579843
2579934
2580001
2580261
2580275
2580294
2580429
2580457
2580619
2580702
2580974
2581071
2581101
2581175
2581248
2581356
2581524
2581726
2581780
2581851
2582177
2582221
2582358
2582398
2582475
2582488
2582538
2582677
2582696
2582823
2582993
2583173
2583216
2583248
2583266
2583272
2583566
2583635
2583818
2584092
2584368
2584491
2584550
2584583
2584846
2584947
2584958
2584972
2585079
2585247
2585466
2585536
2585589
2585785
2585871
2585932
2585977
2586060
2586084
2586114
2586229
2586265
2586274
2586343
2586467
2586929
2586997
2587085
2587090
2587163
2587207
2587268
2587492
2587528
2587913
2588000
2588016
2588238
2588369
2588379
2588398
2588418
2588429
2588538
2588899
2589000
2589128
2589172
2589242
2589335
2589354
2589398
2589462
2589500
2589559
2589649
2589747
2589828
2589837
2589944
2589954
2590002
2590083
2590227
2590337
2590390
2590405
2590486
2590586
2590652
2590734
2590782
2590824
2590847
2590940
2590993
2591043
2591047
2591127
2591322
2591690
2591762
2591813
2591818
2591862
2591987
2592053
2592190
2592216
2592340
2592448
2592540
2592562
2592616
2592670
2593246
2593258
2593462
2593501
2593560
2593724
2593748
2593826
2593891
2593906
2594008
2594032
2594072
2594112
2594162
2594232
2594267
2594299
2594409
2594544
2594968
2595098
2595174
2595198
2595276
2595378
2595558
2595582
2595910
2595934
2596017
2596037
2596057
2596104
2596228
2596291
2596370
2596869
2596903
2596904
2596911
2596931
2597017
2597107
2597256
2597392
2597708
2598131
2598357
2598423
2598532
2598547
2598641
2598727
2598737
2598746
2598757
2598831
2598935
2598948
2598969
2599152
2599201
2599338
2599499
2599507
2599514
2599645
2599719
2599869
2599885
2599963
2599965
2600001
2600221
2600315
2600651
2600669
2600784
2600812
2600850
2600908
2600974
2601092
2601112
2601132
2601161
2601254
2601320
2601670
2601747
2601785
2601888
2601894
2601966
2602194
2602211
2602233
2602381
2602415
2602469
2602574
2602670
2602738
2602796
2602979
2602993
2603007
2603012
2603129
2603193
2604142
2604462
2604474
2604834
2604854
2605011
2605185
2605209
2605219
2605376
2605664
2605692
2605710
2605765
2605794
2605959
2606168
2606300
2606312
2606341
2606419
2606577
2606614
2606629
2606633
2606649
2606670
2606691
2606933
2607042
2607553
2607565
2607625
2607687
2607700
2607839
2607909
2607922
2608001
2608198
2608311
2608366
2608379
2608424
2608461
2608530
2608645
2608831
2608950
2609058
2609077
2609087
2609308
2609399
2609461
2609614
2609635
2609644
2609765
2609820
2609902
2609968
2610183
2610226
2610272
2610528
2610575
2610835
2610843
2610867
2610901
2610927
2610947
2611116
2611201
2611406
2611535
2611587
2611730
2611749
2611763
2611791
2611974
2612117
2612133
2612146
2612311
2612398
2612408
2612453
2612466
2612764
2613054
2613108
2613201
2613352
2613511
2613537
2613590
2613668
2613781
2613791
2613833
2613837
2613843
2613896
2613908
2613938
2613952
2614069
2614239
2614250
2614316
2614383
2614405
2614467
2614589
2614829
2615036
2615116
2615156
2615294
2615307
2615357
2615398
2615429
2615457
2615468
2615597
2615642
2615887
2615907
2615944
2616012
2616151
2616205
2616366
2616399
2616423
2616440
2616590
2616721
2616824
2616849
2616926
2616997
2617118
2617141
2617179
2617200
2617305
2617370
2617445
2617454
2617525
2617529
2617678
2617734
2617872
2617967
2618090
2618254
2618500
2618564
2618619
2618731
2618835
2618989
2619002
2619108
2619151
2619347
2619364
2619507
2619532
2619848
2619867
2619889
2619946
2619994
2620178
2620190
2620260
2620330
2620335
2620347
2620369
2620525
2620597
2621086
2621100
2621117
2621314
2621319
2621336
2621376
2621638
2621686
2621741
2621858
2621887
2621961
2622056
2622234
2622271
2622299
2622461
2622778
2622814
2622869
2622908
2622954
2623135
2623154
2623193
2623303
2623387
2623390
2623393
2623598
2623640
2623774
2623861
2623909
2624017
2624067
2624100
2624149
2624156
2624161
2624212
2624217
2624251
2624261
2624542
2624601
2624674
2624727
2624751
2624922
2624956
2624976
2625038
2625169
2625222
2625317
2625427
2625547
2625599
2625621
2625658
2625750
2625783
2625880
2625943
2626129
2626183
2626206
2626488
2626523
2626676
2626723
2626815
2627000
2627110
2627283
2627309
2627354
2627385
2627600
2627614
2627785
2627832
2627839
2627876
2627937
2627975
2627988
2627993
2628234
2628310
2628360
2628468
2628711
2628785
2628802
2628824
2628851
2628881
2629160
2629238
2629271
2629299
2629359
2629772
2629799
2630274
2630344
2630627
2630632
2630989
2631176
2631592
2631927
2631935
2631945
2631975
2632068
2632092
2632335
2632403
2632420
2632443
2632669
2632727
2632885
2632887
2632913
2632935
2633081
2633133
2633185
2633219
2633239
2633303
2633383
2633389
2633476
2633565
2633583
2633640
2633698
2633711
2633889
2633926
2634033
2634042
2634058
2634223
2634274
2634330
2634483
2634661
2634697
2634723
2634777
2634826
2634885
2634987
2634999
2635048
2635071
2635091
2635111
2635382
2635405
2635613
2635743
2635864
2635877
2636050
2636255
2636286
2636536
2636634
2636654
2636698
2636777
2637059
2637457
2637575
2637653
2637810
2637955
2637980
2638015
2638032
2638044
2638063
2638114
2638140
2638318
2638344
2638354
2638570
2638684
2638787
2638840
2638847
2638912
2639027
2639050
2639141
2639153
2639189
2639252
2639420
2639576
2639677
2639685
2639831
2640514
2640531
2640891
2640919
2640955
2641000
2641005
2641118
2641268
2641286
2641359
2641426
2641481
2641500
2641598
2641675
2641834
2641918
2642002
2642118
2642184
2642235
2642270
2642445
2642462
2642540
2642633
2642734
2642749
2642757
2642779
2642813
2642851
2642866
2642869
2642914
2643142
2643246
2643424
2643455
2643538
2643549
2643622
2644002
2644070
2644284
2644318
2644365
2644562
2644579
2644610
2644834
2644851
2644867
2644875
2644927
2645154
2645212
2645227
2645363
2645499
2645571
2645960
2645985
2646053
2646145
2646187
2646346
2646369
2646428
2646566
2646647
2646683
2646697
2646791
2646895
2646924
2646940
2646952
2646974
2647034
2647246
2647251
2647275
2647599
2647634
2647912
2648144
2648365
2648536
2648738
2648820
2648841
2648949
2649016
2649118
2649190
2649205
2649351
2649538
2649541
2649649
2649789
2650487
2650756
2650800
2650856
2650904
2650919
2651087
2651161
2651394
2651413
2651741
2651883
2652262
2652286
2652300
2652309
2652337
2652339
2652429
2652500
2652600
2652652
2652662
2652785
2652798
2652884
2652945
2652977
2652983
2653067
2653148
2653163
2653205
2653225
2653259
2653403
2653545
2653742
2653945
2654025
2654067
2654085
2654165
2654248
2654395
2654791
2654881
2654949
2654984
2655149
2655192
2655304
2655699
2655703
2655809
2655857
2656012
2656088
2656229
2656383
2656449
2656485
2656550
2656610
2656624
2656628
2656640
2656732
2657113
2657123
2657290
2657498
2657629
2657805
2657891
2658058
2658103
2658179
2658259
2658292
2658306
2658320
2658662
2658763
2658798
2658819
2658901
2658929
2659398
2659670
2659826
2659848
2660030
2660208
2660232
2660316
2660340
2660481
2660518
2660696
2660752
2660842
2660847
2660859
2660872
2661073
2661129
2661142
2661279
2661319
2661330
2661469
2661541
2661638
2661679
2661982
2662485
2662537
2662545
2662586
2662703
2662730
2662997
2663052
2663416
2663734
2663737
2663781
2663787
2663964
2664252
2664357
2664462
2664487
2664543
2664563
2664743
2664774
2664856
2665141
2665177
2665229
2665242
2665328
2665366
2665611
2665699
2665805
2665893
2665990
2666053
2666154
2666208
2666372
2666658
2666660
2666737
2666941
2666980
2667050
2667182
2667334
2667346
2667544
2667769
2667776
2667803
2667839
2668047
2668088
2668110
2668187
2668212
2668294
2668341
2668419
2668537
2668565
2668582
2668620
2668689
2668753
2668855
2668999
2669024
2669576
2669607
2669628
2669702
2669728
2669855
2669884
2669997
2670013
2670205
2670243
2670246
2670415
2670814
2671032
2671085
2671162
2671205
2671240
2671306
2671326
2671448
2671600
2671749
2671773
2671812
2671908
2672029
2672096
2672491
2672516
2672529
2672687
2672859
2672890
2672911
2672928
2673042
2673131
2673173
2673282
2673438
2673520
2673556
2673692
2673801
2674078
2674145
2674153
2674215
2674334
2674396
2674436
2674699
2674726
2674748
2674804
2674827
2674995
2675061
2675171
2675221
2675422
2675694
2675783
2675837
2676030
2676387
2676482
2676604
2676739
2676982
2677076
2677121
2677131
2677182
2677225
2677305
2677410
2677592
2677710
2677771
2677838
2677888
2677904
2678013
2678016
2678035
2678062
2678185
2678306
2678420
2678491
2678566
2678575
2678613
2679091
2679206
2679240
2679414
2679543
2679633
2679654
2679705
2679733
2679744
2679767
2679805
2679864
2680017
2680073
2680234
2680503
2680654
2680835
2680872
2680977
2680980
2681025
2681211
2681242
2681325
2681493
2681531
2681712
2681729
2681790
2681803
2681864
2681948
2682008
2682052
2682215
2682315
2682888
2682915
2682955
2683014
2683091
2683144
2683192
2683210
2683283
2683337
2683368
2683381
2683464
2683495
2683567
2683642
2683660
2683979
2684080
2684137
2684159
2684181
2684359
2684383
2684403
2684814
2684858
2684994
2685204
2685367
2685708
2685892
2686068
2686193
2686481
2686639
2686720
2686960
2686962
2687077
2687112
2687237
2687250
2687330
2687372
2687466
2687643
2688002
2688033
2688270
2688321
2688351
2688483
2688502
2688578
2688662
2688773
2688834
2688874
2688913
2689093
2689124
2689145
2689230
2689339
2689496
2689773
2689796
2689898
2689991
2690151
2690191
2690225
2690265
2690319
2690749
2690816
2690889
2691018
2691104
2691106
2691186
2691262
2691467
2691491
2691525
2691637
2691773
2692023
2692035
2692070
2692101
2692397
2692426
2692551
2692578
2692666
2692708
2692826
2693022
2693077
2693233
2693566
2693860
2693998
2694008
2694146
2694175
2694189
2694297
2694448
2694562
2694606
2694633
2694826
2694931
2694955
2695000
2695074
2695366
2695394
2695643
2695770
2695849
2695929
2695945
2696033
2696066
2696139
2696193
2696196
2696272
2696384
2696392
2696449
2696567
2696595
2696961
2697056
2697132
2697135
2697156
2697170
2697215
2697494
2697585
2697623
2697653
2697702
2697756
2697793
2697946
2698071
2698251
2698526
2698541
2698588
2698597
2698861
2698913
2699179
2699215
2699358
2699471
2699637
2699874
2699885
2700022
2700033
2700093
2700163
2700189
2700288
2700343
2700380
2700522
2701060
2701145
2701182
2701205
2701262
2701266
2701334
2701358
2701426
2701503
2701698
2701715
2701732
2701736
2701756
2701767
2701802
2701855
2701878
2701926
2701934
2702033
2702088
2702143
2702295
2702397
2702704
2702708
2702766
2702790
2703192
2703203
2703258
2703291
2703365
2703454
2703457
2703639
2703642
2703667
2703684
2703941
2703991
2704085
2704129
2704149
2704189
2704310
2704376
2704458
2704631
2704762
2704810
2705032
2705459
2705486
2705641
2705795
2705870
2705995
2706208
2706247
2706296
2706539
2706795
2706866
2706934
2707277
2707300
2707399
2707511
2707659
2707786
2707828
2707843
2707926
2707982
2708040
2708184
2708366
2708461
2708477
2708520
2708624
2708876
2708902
2708984
2709171
2709196
2709207
2709256
2709415
2709441
2709455
2709564
2709641
2709673
2709705
2709759
2710104
2710105
2710331
2710386
2710415
2710495
2710595
2710748
2710981
2711004
2711014
2711276
2711390
2711490
2711567
2711576
2711705
2711716
2711720
2711732
2711876
2712003
2712133
2712269
2712463
2712601
2713002
2713114
2713273
2713339
2713361
2713642
2713960
2713964
2714175
2714194
2714229
2714256
2714403
2714471
2714755
2714771
2714804
2714834
2714994
2715440
2715481
2715496
2715521
2715566
2715839
2715864
2715881
2716008
2716012
2716021
2716087
2716149
2716293
2716524
2716564
2716568
2716582
2716655
2716666
2716865
2717021
2717411
2717427
2717456
2717846
2717852
2717971
2718006
2718014
2718070
2718346
2718400
2718405
2718430
2718446
2718501
2718547
2718880
2718981
2719098
2719180
2719225
2719234
2719241
2719368
2719391
2719405
2719455
2719614
2719673
2719778
2719815
2719883
2719914
2720044
2720062
2720157
2720477
2720515
2720528
2720624
2720806
2720883
2721061
2721070
2721137
2721343
2721372
2721440
2721600
2721638
2721672
2721777
2721815
2722156
2722190
2722435
2722504
2722967
2722973
2722979
2723171
2723229
2723349
2723600
2723895
2723984
2724051
2724064
2724091
2724156
2724339
2724410
2724608
2724636
2724664
2724743
2724772
2724817
2724923
2725072
2725203
2725274
2725523
2725565
2725620
2725719
2725767
2725785
2725842
2726221
2726252
2726436
2726549
2726594
2726609
2727017
2727207
2727437
2727516
2727692
2727703
2727879
2727948
2728038
2728147
2728174
2728369
2728511
2728607
2728773
2728782
2729156
2729220
2729524
2729600
2729643
2729900
2729990
2730061
2730147
2730379
2730394
2730534
2730574
2730605
2730660
2730788
2730870
2731100
2731232
2731314
2731322
2731549
2731766
2732001
2732063
2732113
2732255
2732332
2732729
2732841
2733022
2733128
2733163
2733297
2733366
2733377
2733471
2733484
2733678
2733814
2733946
2734051
2734650
2734723
2734800
2734850
2734875
2734953
2734974
2735126
2735300
2735344
2735366
2735406
2735410
2735481
2735496
2735530
2735567
2735651
2735659
2735748
2735839
2735890
2735894
2735910
2735950
2735954
2736102
2736122
2736132
2736175
2736179
2736459
2736487
2736495
2736502
2736512
2736587
2736653
2737093
2737153
2737235
2737329
2737497
2737788
2737806
2737951
2738002
2738168
2738190
2738198
2738214
2738280
2738307
2738405
2738432
2738485
2738522
2738549
2738634
2738753
2738959
2738977
2739055
2739189
2739222
2739239
2739309
2739408
2739439
2739749
2739771
2739813
2739881
2739981
2740070
2740383
2740393
2740659
2740706
2740857
2741280
2741387
2741496
2741571
2741644
2741663
2741744
2741807
2741814
2742070
2742240
2742295
2742332
2742578
2742619
2742724
2742742
2742769
2742842
2742919
2742963
2743048
2743081
2743229
2743246
2743473
2743534
2743609
2743619
2743651
2743733
2743747
2743826
2743890
2744076
2744276
2744382
2744414
2744431
2744534
2744546
2744665
2744701
2744837
2744953
2744977
2745051
2745235
2745292
2745598
2745808
2745838
2745874
2745932
2746176
2746188
2746280
2746376
2746397
2746676
2746713
2746822
2746870
2746896
2747086
2747253
2747316
2747356
2747458
2747696
2747936
2747995
2748135
2748256
2748521
2748582
2748616
2748657
2748770
2748783
2748848
2748872
2749048
2749264
2749451
2749785
2749827
2749868
2749919
2750032
2750179
2750286
2750305
2750333
2750451
2750609
2750945
2751045
2751148
2751301
2751686
2751781
2752110
2752193
2752439
2752508
2752662
2752670
2752698
2752710
2752752
2752822
2752882
2753149
2753219
2753390
2753421
2753748
2753754
2753940
2754010
2754064
2754269
2754362
2754402
2754805
2755074
2755127
2755214
2755277
2755291
2755382
2755448
2755574
2755649
2755753
2755897
2755933
2755969
2756041
2756104
2756226
2756478
2756650
2756904
2757083
2757102
2757256
2757269
2757414
2757494
2757659
2757745
2757767
2757806
2757864
2757881
2758268
2758582
2758710
2758820
2758917
2758927
2758935
2759060
2759099
2759117
2759135
2759152
2759186
2759217
2759224
2759260
2759346
2759381
2759544
2759615
2759622
2759719
2759902
2759925
2760005
2760020
2760045
2760230
2760247
2760284
2760319
2760508
2760547
2760908
2760989
2761021
2761190
2761207
2761224
2761245
2761251
2761308
2761324
2761394
2761505
2761520
2761574
2761620
2761624
2761654
2761899
2762091
2762160
2762201
2762264
2762370
2762433
2762681
2762719
2762758
2762814
2763740
2763888
2763934
2763963
2763989
2764003
2764064
2764123
2764234
2764562
2764582
2764633
2764670
2764873
2764885
2764947
2765015
2765190
2765210
2765521
2765527
2765781
2765802
2765824
2765847
2765957
2766024
2766044
2766130
2766176
2766204
2766367
2766711
2766862
2766900
2766962
2767069
2767120
2767171
2767193
2767229
2767595
2767954
2768338
2768350
2768407
2768512
2768594
2768597
2768613
2769082
2769187
2769215
2769317
2769350
2769536
2769815
2769915
2769941
2769962
2770226
2770267
2770350
2770682
2770732
2770775
2770868
2770875
2770959
2771043
2771187
2771265
2771529
2771560
2771756
2771780
2772072
2772295
2772319
2772350
2772361
2772471
2772504
2772660
2772723
2772744
2772768
2772981
2772993
2773021
2773076
2773107
2773486
2773720
2773794
2773801
2773898
2773918
2774139
2774192
2774296
2774331
2774433
2774556
2774632
2774738
2774770
2774913
2775007
2775131
2775327
2775907
2775937
2775994
2776001
2776404
2776491
2776500
2776579
2776609
2776647
2776675
2776750
2776758
2776852
2776866
2776905
2777000
2777090
2777143
2777191
2777217
2777402
2777409
2777600
2777681
2777734
2777833
2777899
2777933
2777966
2778051
2778218
2778246
2778312
2778362
2778547
2778628
2778638
2778740
2779178
2779324
2779332
2779424
2779517
2779796
2779825
2779847
2779994
2780004
2780015
2780035
2780075
2780149
2780245
2780288
2780310
2780351
2780381
2780472
2780484
2780528
2780558
2780578
2780660
2780799
2780812
2780912
2780929
2780949
2780969
2781084
2781123
2781144
2781173
2781261
2781361
2781425
2781436
2781483
2781493
2781617
2781627
2781635
2781759
2781918
2781934
2781947
2782073
2782083
2782259
2782382
2782433
2782548
2782589
2782943
2783346
2783368
2783583
2783619
2783626
2783653
2783671
2783707
2783717
2783773
2783857
2783909
2784085
2784094
2784099
2784202
2784226
2784421
2784491
2785331
2785368
2785389
2785472
2785532
2785732
2785814
2785825
2786214
2786326
2786340
2786369
2786386
2786450
2786541
2786545
2786575
2786582
2786742
2786788
2786817
2786849
2786965
2786995
2787036
2787067
2787157
2787329
2787355
2787453
2787534
2787566
2787633
2787646
2787736
2787766
2787794
2787807
2787827
2787888
2788072
2788084
2788185
2788307
2788346
2788387
2788436
2788509
2788686
2788761
2789133
2789290
2789294
2789303
2789362
2789390
2789535
2790060
2790343
2790404
2790428
2790521
2790566
2790763
2790829
2790872
2790930
2790951
2790970
2791033
2791125
2791150
2791192
2791297
2791312
2791378
2791469
2791544
2791646
2791677
2791749
2791756
2791792
2791805
2791943
2792283
2792396
2792473
2792515
2792554
2792628
2792634
2792693
2792722
2792736
2792744
2793077
2793172
2793387
2793603
2793771
2793795
2793919
2793961
2794011
2794314
2794410
2794510
2794655
2794794
2794816
2794901
2794955
2794971
2795048
2795066
2795069
2795389
2795434
2795611
2795713
2795768
2796066
2796089
2796091
2796249
2796348
2796459
2796479
2796546
2796581
2796604
2796699
2797023
2797315
2797358
2797566
2797656
2797750
2798092
2798119
2798123
2798237
2798439
2798484
2798534
2798652
2798849
2798879
2799322
2799352
2799388
2799548
2799642
2799847
2799906
2800016
2800093
2800179
2800221
2800330
2800392
2800484
2800559
2800626
2800716
2800789
2801245
2801401
2801569
2801673
2801713
2801756
2801983
2802100
2802139
2802254
2802447
2802547
2802580
2802783
2802888
2802895
2803000
2803052
2803090
2803203
2803211
2803368
2803486
2803571
2803680
2803745
2803826
2803947
2803992
2804016
2804023
2804153
2804361
2804400
2804556
2804603
2804609
2804653
2804658
2804723
2804744
2804749
2804859
2804871
2805273
2805431
2805587
2805681
2805865
2806096
2806111
2806123
2806140
2806145
2806404
2806519
2806568
2806861
2806869
2806961
2806999
2807011
2807433
2807529
2807578
2807623
2807643
2807781
2808307
2808320
2808353
2808400
2808688
2808740
2808788
2808795
2808881
2808887
2808987
2809142
2809231
2809596
2809732
2809813
2810151
2810319
2810372
2810492
2810562
2810598
2810627
2810657
2810780
2810888
2810946
2810987
2811055
2811206
2811308
2811820
2811843
2811933
2812062
2812265
2812316
2812332
2812349
2812575
2812740
2812887
2812899
2812964
2813083
2813158
2813191
2813391
2813519
2813580
2813915
2813953
2814071
2814193
2814391
2814425
2814435
2814583
2814725
2814747
2815046
2815061
2815370
2815484
2815519
2815610
2815647
2815755
2815763
2815774
2815802
2815824
2816155
2816176
2816248
2816417
2816427
2816441
2816634
2816700
2816909
2817064
2817183
2817192
2817224
2817259
2817335
2817518
2817561
2817608
2817615
2817962
2817976
2818133
2818185
2818303
2818321
2818395
2818481
2818497
2818564
2818791
2818799
2818884
2818932
2818957
2818983
2818993
2819027
2819109
2819237
2819276
2819350
2819658
2819712
2819808
2819980
2820015
2820527
2820539
2820598
2820706
2820790
2820839
2821220
2821399
2821445
2821603
2821715
2821814
2821822
2821847
2822147
2822330
2822399
2822450
2822458
2822785
2823042
2823146
2823240
2823411
2823648
2823727
2823805
2824003
2824004
2824059
2824130
2824226
2824309
2824434
2824605
2824664
2824694
2824717
2824773
2824849
2824852
2824881
2824912
2824945
2825303
2825333
2825494
2825765
2826041
2826045
2826582
2826610
2826637
2826817
2826936
2827215
2827462
2827533
2827580
2827629
2827778
2827812
2827832
2827928
2827933
2828003
2828040
2828101
2828542
2828593
2828837
2828887
2828935
2829014
2829211
2829344
2829500
2829540
2829609
2829648
2829678
2829700
2829877
2830037
2830119
2830435
2830466
2830581
2830633
2830684
2830728
2830914
2831051
2831216
2831345
2831363
2831386
2831435
2831476
2831483
2831511
2831679
2831735
2831793
2831863
2831952
2831985
2831989
2832055
2832110
2832144
2832178
2832467
2832518
2832781
2832846
2832888
2833059
2833071
2833104
2833387
2833401
2833433
2833502
2833515
2833614
2833737
2833768
2833807
2833887
2834066
2834083
2834165
2834186
2834282
2834325
2834351
2834356
2834558
2834568
2834625
2834651
2834667
2834801
2834820
2834879
2834956
2834974
2835049
2835096
2835256
2835289
2835301
2835389
2835410
2835478
2835483
2835544
2835630
2835669
2835684
2835813
2835909
2835976
2836018
2836092
2836117
2836218
2836235
2836284
2836392
2836400
2836435
2836478
2836518
2836538
2836592
2836605
2836648
2836650
2836670
2836728
2836831
2836859
2836940
2837032
2837034
2837191
2837277
2837341
2837357
2837408
2837430
2837539
2837588
2837598
2837834
2838040
2838098
2838146
2838409
2838423
2838437
2838444
2838639
2838687
2838813
2838885
2838899
2839006
2839081
2839135
2839310
2839502
2839519
2839608
2839847
2839868
2840493
2840627
2840701
2840831
2840844
2840892
2840977
2841219
2841347
2841406
2841434
2841459
2841536
2841550
2841640
2841925
2842000
2842099
2842122
2842260
2842446
2842536
2842594
2842626
2842637
2842812
2842992
2843054
2843120
2843175
2843247
2843400
2843814
2843948
2843960
2843966
2843982
2844379
2844479
2844576
2844606
2844624
2844723
2844769
2844888
2845007
2845089
2845102
2845303
2845391
2845407
2845460
2845463
2845528
2845534
2845539
2845593
2845995
2846003
2846011
2846118
2846137
2846183
2846221
2846264
2846453
2846728
2847087
2847190
2847234
2847430
2847582
2847625
2847742
2847754
2847787
2848039
2848054
2848067
2848115
2848451
2848573
2848593
2848700
2848813
2848995
2849098
2849129
2849160
2849261
2849292
2849339
2849412
2849739
2849753
2849798
2849830
2849847
2849960
2849997
2850108
2850194
2850201
2850206
2850277
2850303
2850313
2850319
2850350
2850591
2850659
2850704
2850711
2851023
2851239
2851262
2851387
2851413
2851452
2851544
2851568
2851630
2851634
2851726
2851873
2851976
2852190
2852228
2852237
2852276
2852372
2852417
2852567
2852649
2852987
2853147
2853250
2853316
2853468
2853509
2853579
2853635
2853756
2853821
2853924
2853992
2854033
2854178
2854426
2854462
2854619
2854714
2854737
2854997
2855075
2855207
2855337
2855451
2855491
2855506
2855520
2855562
2855818
2856295
2856392
2856904
2856943
2856985
2857009
2857035
2857049
2857089
2857168
2857295
2857514
2857559
2857705
2857710
2857738
2858068
2858139
2858258
2858304
2858477
2858517
2858665
2858735
2858752
2858818
2858915
2858973
2858979
2859059
2859085
2859127
2859189
2859263
2859319
2859338
2859462
2859522
2859713
2859954
2860044
2860076
2860124
2860162
2860192
2860374
2860379
2860427
2860435
2860706
2860717
2860946
2861020
2861122
2861381
2861421
2861441
2861470
2861509
2861522
2861534
2861627
2861789
2861851
2861988
2862099
2862215
2862458
2862583
2862604
2862721
2862734
2862762
2862825
2862909
2863230
2863267
2863352
2863380
2863431
2863546
2863570
2863602
2863603
2863817
2863880
2863911
2864219
2864269
2864548
2864597
2864649
2864666
2864743
2864977
2864997
2865120
2865182
2865711
2865767
2865901
2865906
2865929
2865935
2865949
2865983
2865990
2866022
2866047
2866182
2866200
2866283
2866290
2866424
2866795
2866917
2867007
2867119
2867133
2867188
2867239
2867355
2867399
2867611
2867697
2867719
2867858
2867900
2868041
2868082
2868083
2868186
2868189
2868464
2868482
2868505
2868525
2868653
2868659
2868703
2868739
2868767
2868803
2868880
2869163
2869182
2869206
2869323
2869418
2869575
2869626
2869850
2870056
2870118
2870251
2870290
2870317
2870338
2870353
2870498
2870915
2870962
2871140
2871206
2871224
2871304
2871311
2871475
2871532
2871670
2871715
2871908
2871920
2872022
2872241
2872398
2872456
2872555
2872665
2872716
2872729
2872823
2872835
2872842
2872874
2872947
2872979
2873063
2873610
2873767
2873806
2873977
2874152
2874168
2874365
2874427
2874456
2874466
2874472
2874484
2874721
2874843
2875105
2875125
2875162
2875400
2875793
2875863
2875875
2876441
2876514
2876633
2876664
2876719
2876872
2876913
2877013
2877134
2877179
2877219
2877493
2877598
2877760
2877803
2877814
2877858
2877900
2878107
2878139
2878166
2878184
2878300
2878364
2878396
2878423
2878815
2879224
2879418
2879570
2879704
2879892
2879981
2880004
2880027
2880228
2880251
2880446
2880698
2880742
2880781
2880795
2880911
2880982
2880994
2881146
2881359
2881387
2881429
2881478
2881629
2881678
2881775
2881835
2881942
2882123
2882223
2882338
2882370
2882727
2882840
2882941
2882945
2882963
2882991
2883061
2883138
2883150
2883179
2883266
2883634
2883646
2883651
2883796
2883893
2883933
2884153
2884209
2884548
2884646
2884709
2884857
2884884
2884909
2884960
2885070
2885140
2885206
2885305
2885470
2885530
2885594
2885666
2885961
2886194
2886235
2886257
2886342
2886486
2886570
2886612
2887073
2887693
2887701
2887830
2887912
2888002
2888281
2888285
2888300
2888439
2888511
2888946
2889177
2889252
2889260
2889517
2889523
2889552
2889580
2889731
2889809
2890062
2890296
2890344
2890370
2890592
2890609
2890623
2890643
2890697
2890752
2890835
2891034
2891081
2891090
2891197
2891358
2891403
2891496
2891526
2891604
2891689
2891792
2891833
2891843
2891889
2892029
2892202
2892341
2892466
2892496
2892704
2892770
2892815
2892848
2892930
2893033
2893074
2893462
2893529
2893565
2893820
2893921
2894034
2894256
2894342
2894348
2894425
2894669
2894823
2894853
2895005
2895371
2895500
2895542
2895592
2895674
2895850
2895983
2895987
2896004
2896066
2896227
2896496
2896570
2896710
2896753
2896766
2896787
2896850
2896912
2897267
2897512
2897579
2897611
2897617
2897679
2897694
2897700
2897723
2897815
2897833
2897971
2898060
2898216
2898223
2898232
2898388
2898723
2898771
2898918
2899050
2899062
2899172
2899195
2899258
2899326
2899430
2899824
2899974
2899998
2900091
2900163
2900299
2900355
2900436
2900471
2900498
2900634
2900694
2900759
2900865
2900984
2901109
2901142
2901225
2901332
2901464
2901694
2901706
2901802
2901837
2901918
2902012
2902061
2902219
2902256
2902305
2902355
2902422
2902860
2903312
2903426
2903808
2903824
2903964
2904007
2904039
2904091
2904147
2904222
2904329
2904846
2905147
2905273
2905290
2905612
2905731
2905837
2905901
2905939
2905967
2906063
2906156
2906280
2906323
2906410
2906738
2906861
2907138
2907363
2907382
2907393
2907451
2907491
2907651
2907658
2907811
2907850
2907864
2908021
2908234
2908264
2908272
2908277
2908441
2908459
2908778
2908803
2908930
2909130
2909147
2909354
2909457
2909527
2909709
2909794
2909822
2910179
2910187
2910206
2910325
2910429
2910452
2910473
2910486
2910673
2910785
2910832
2910920
2911015
2911055
2911060
2911230
2911334
2911352
2911489
2911555
2911662
2911722
2911862
2911925
2911939
2911966
2912009
2912124
2912134
2912167
2912199
2912313
2912317
2912416
2912458
2912575
2912651
2912686
2912738
2912768
2912788
2912793
2912885
2912912
2913018
2913045
2913289
2913311
2913434
2913494
2913499
2913584
2913763
2914106
2914290
2914482
2914494
2914517
2914596
2914600
2914644
2914695
2914763
2914784
2915014
2915043
2915090
2915132
2915138
2915176
2915219
2915246
2915254
2915355
2915373
2915447
2915533
2915549
2915631
2916051
2916093
2916104
2916293
2916477
2916508
2916571
2916668
2916993
2917402
2917617
2917712
2917722
2917835
2917842
2917898
2918030
2918342
2918367
2918496
2918500
2918690
2918694
2918872
2919453
2919841
2919897
2920012
2920081
2920467
2920486
2920596
2920821
2920830
2920891
2920935
2921190
2921209
2921228
2921291
2921441
2921640
2921839
2922026
2922048
2922172
2922316
2922393
2922427
2922481
2922484
2922557
2922582
2922637
2922642
2922911
2922930
2922952
2922965
2923005
2923103
2923169
2923225
2923285
2923307
2923322
2923374
2923386
2923493
2923584
2923720
2923950
2924099
2924181
2924431
2924465
2924638
2924746
2924791
2924891
2924922
2924975
2925025
2925113
2925310
2925381
2925400
2925413
2925424
2925588
2925634
2925766
2925814
2925940
2926053
2926072
2926469
2926621
2926667
2926684
2926759
2926787
2926799
2926896
2926918
2927139
2927795
2927840
2927856
2927951
2927962
2928029
2928044
2928563
2928813
2928821
2928966
2929027
2929079
2929149
2929183
2929242
2929279
2929405
2929467
2929473
2929486
2929517
2929559
2929649
2929664
2929781
2929816
2929933
2930136
2930191
2930315
2930336
2930356
2930438
2930520
2930540
2930630
2930660
2930744
2930981
2931034
2931056
2931130
2931430
2931558
2931650
2931928
2931935
2931985
2932006
2932102
2932200
2932223
2932421
2932777
2932991
2933239
2933293
2933323
2933510
2933594
2933616
2933623
2933788
2934003
2934224
2934251
2934385
2934396
2934417
2934456
2934580
2934674
2934703
2934803
2934947
2935047
2935088
2935148
2935274
2935605
2935675
2935681
2935754
2935895
2936004
2936159
2936201
2936223
2936458
2936720
2937143
2937285
2937696
2937844
2938190
2938333
2938375
2938643
2938985
2939012
2939093
2939340
2939404
2939447
2939499
2939587
2939777
2939852
2940235
2940254
2940294
2940500
2940552
2940597
2940743
2940867
2941198
2941416
2941493
2941701
2941812
2941925
2941949
2941990
2942132
2942284
2942431
2942464
2942518
2942535
2942556
2942629
2942758
2942766
2942803
2942855
2942859
2942882
2943093
2943097
2943218
2943785
2943992
2944075
2944155
2944223
2944346
2944352
2944359
2944376
2944428
2944443
2944481
2944490
2944535
2944584
2944703
2944751
2944794
2944841
2944917
2944925
2944957
2945064
2945341
2945411
2945451
2945912
2945999
2946162
2946492
2946591
2946652
2946698
2946891
2947030
2947169
2947184
2947241
2947332
2947817
2947871
2947878
2947958
2948033
2948806
2948820
2948833
2948883
2949034
2949334
2949412
2949423
2949539
2949607
2949668
2949680
2950091
2950116
2950211
2950303
2950339
2950393
2950420
2950434
2950576
2950636
2950819
2950975
2951095
2951145
2951207
2951260
2951486
2951512
2951676
2951833
2951937
2951979
2952123
2952144
2952296
2952407
2952553
2952566
2952618
2953164
2953230
2953248
2953393
2953409
2953451
2953594
2954098
2954209
2954236
2954243
2954305
2954426
2954438
2954562
2954927
2954968
2954977
2955054
2955100
2955179
2955532
2955738
2955917
2955924
2956101
2956401
2956667
2956987
2957123
2957297
2957326
2957385
2957400
2957403
2957613
2957715
2957717
2957722
2957747
2957967
2957987
2958055
2958210
2958224
2958258
2958360
2958455
2958630
2958664
2958676
2958687
2958750
2958958
2959020
2959182
2959215
2959310
2959371
2959487
2959528
2959604
2959817
2959832
2959922
2959995
2960111
2960468
2960604
2960619
2960653
2960823
2960854
2960862
2960951
2961139
2961225
2961239
2961279
2961322
2961362
2961486
2961663
2961694
2961784
2961787
2961859
2961936
2962248
2962352
2962387
2962506
2962529
2962533
2962602
2962718
2962893
2962896
2963029
2963036
2963268
2963476
2963533
2963573
2963590
2963667
2963705
2963817
2963920
2964245
2964387
2964412
2964473
2964531
2964535
2964846
2965024
2965207
2965378
2965920
2966008
2966229
2966339
2966403
2966458
2966655
