0.0	-0.008662943075399767	25.824338973260705	0.6379185093108142	1256.645094374252	25.883306928740808
10.0	0.0016448524946454741	25.824338973260705	0.6379185093108142	1256.645094374252	25.883306928740808
20.0	0.32216935148783843	25.824338973260705	0.6379185093108142	1256.645094374252	25.883306928740808
30.0	148.74725804647318	25.824338973260705	0.6379185093108142	1256.645094374252	25.883306928740808
40.0	1029.8153853837114	25.824338973260705	0.6379185093108142	1256.645094374252	25.883306928740808
50.0	1843.6851475852554	25.824338973260705	0.6379185093108142	1256.645094374252	25.883306928740808
60.0	1909.5431397225611	25.824338973260705	0.6379185093108142	1256.645094374252	25.883306928740808
70.0	1618.1221741458257	25.824338973260705	0.6379185093108142	1256.645094374252	25.883306928740808
80.0	1289.0768917601654	25.824338973260705	0.6379185093108142	1256.645094374252	25.883306928740808
90.0	1022.3311107648549	25.824338973260705	0.6379185093108142	1256.645094374252	25.883306928740808
100.0	816.7933075238951	25.824338973260705	0.6379185093108142	1256.645094374252	25.883306928740808
110.0	650.7525318023477	25.824338973260705	0.6379185093108142	1256.645094374252	25.883306928740808
120.0	516.9458868699411	25.824338973260705	0.6379185093108142	1256.645094374252	25.883306928740808
130.0	410.64528278518173	25.824338973260705	0.6379185093108142	1256.645094374252	25.883306928740808
140.0	327.5377940518419	25.824338973260705	0.6379185093108142	1256.645094374252	25.883306928740808
150.0	262.96602302873526	25.824338973260705	0.6379185093108142	1256.645094374252	25.883306928740808
160.0	212.93749680378534	25.824338973260705	0.6379185093108142	1256.645094374252	25.883306928740808
170.0	174.18282233835095	25.824338973260705	0.6379185093108142	1256.645094374252	25.883306928740808
180.0	144.008740451304	25.824338973260705	0.6379185093108142	1256.645094374252	25.883306928740808
190.0	120.6546796592833	25.824338973260705	0.6379185093108142	1256.645094374252	25.883306928740808
200.0	102.53918440566406	25.824338973260705	0.6379185093108142	1256.645094374252	25.883306928740808
210.0	88.186513967462	25.824338973260705	0.6379185093108142	1256.645094374252	25.883306928740808
220.0	76.15396051075558	25.824338973260705	0.6379185093108142	1256.645094374252	25.883306928740808
230.0	67.08818239204822	25.824338973260705	0.6379185093108142	1256.645094374252	25.883306928740808
240.0	59.93931864672257	25.824338973260705	0.6379185093108142	1256.645094374252	25.883306928740808
250.0	53.694065027008	25.824338973260705	0.6379185093108142	1256.645094374252	25.883306928740808
260.0	48.81157389650659	25.824338973260705	0.6379185093108142	1256.645094374252	25.883306928740808
270.0	44.641231581807006	25.824338973260705	0.6379185093108142	1256.645094374252	25.883306928740808
280.0	41.44547935244693	25.824338973260705	0.6379185093108142	1256.645094374252	25.883306928740808
290.0	38.908970578834605	25.824338973260705	0.6379185093108142	1256.645094374252	25.883306928740808
300.0	36.260849953654755	25.824338973260705	0.6379185093108142	1256.645094374252	25.883306928740808
310.0	34.238532377664704	25.824338973260705	0.6379185093108142	1256.645094374252	25.883306928740808
320.0	32.367259964202375	25.824338973260705	0.6379185093108142	1256.645094374252	25.883306928740808
330.0	30.773842570396457	25.824338973260705	0.6379185093108142	1256.645094374252	25.883306928740808
340.0	29.574326797072455	25.824338973260705	0.6379185093108142	1256.645094374252	25.883306928740808
350.0	28.45334204302093	25.824338973260705	0.6379185093108142	1256.645094374252	25.883306928740808
360.0	27.46518402211793	25.824338973260705	0.6379185093108142	1256.645094374252	25.883306928740808
370.0	26.809991769744713	25.824338973260705	0.6379185093108142	1256.645094374252	25.883306928740808
380.0	26.189630277751316	25.824338973260705	0.6379185093108142	1256.645094374252	25.883306928740808
390.0	25.465040192412403	25.824338973260705	0.6379185093108142	1256.645094374252	25.883306928740808
400.0	24.649933278997235	25.824338973260705	0.6379185093108142	1256.645094374252	25.883306928740808
410.0	24.17122007543068	25.824338973260705	0.6379185093108142	1256.645094374252	25.883306928740808
420.0	23.714608703295486	25.824338973260705	0.6379185093108142	1256.645094374252	25.883306928740808
430.0	23.115102518618077	25.824338973260705	0.6379185093108142	1256.645094374252	25.883306928740808
440.0	22.597795010707454	25.824338973260705	0.6379185093108142	1256.645094374252	25.883306928740808
450.0	22.20928700418706	25.824338973260705	0.6379185093108142	1256.645094374252	25.883306928740808
460.0	21.90909043692288	25.824338973260705	0.6379185093108142	1256.645094374252	25.883306928740808
470.0	21.398782641352824	25.824338973260705	0.6379185093108142	1256.645094374252	25.883306928740808
480.0	21.044937593889	25.824338973260705	0.6379185093108142	1256.645094374252	25.883306928740808
490.0	20.66824759484775	25.824338973260705	0.6379185093108142	1256.645094374252	25.883306928740808
500.0	20.23783720075449	25.824338973260705	0.6379185093108142	1256.645094374252	25.883306928740808
510.0	20.050451065938258	25.824338973260705	0.6379185093108142	1256.645094374252	25.883306928740808
520.0	19.61153074759483	25.824338973260705	0.6379185093108142	1256.645094374252	25.883306928740808
530.0	19.248480598970996	25.824338973260705	0.6379185093108142	1256.645094374252	25.883306928740808
540.0	19.125985633010654	25.824338973260705	0.6379185093108142	1256.645094374252	25.883306928740808
550.0	19.131139530795824	25.824338973260705	0.6379185093108142	1256.645094374252	25.883306928740808
560.0	19.42786021350726	25.824338973260705	0.6379185093108142	1256.645094374252	25.883306928740808
570.0	19.834203103525578	25.824338973260705	0.6379185093108142	1256.645094374252	25.883306928740808
580.0	19.730166283120685	25.824338973260705	0.6379185093108142	1256.645094374252	25.883306928740808
590.0	19.778229376418214	25.824338973260705	0.6379185093108142	1256.645094374252	25.883306928740808
600.0	19.515428532617417	25.824338973260705	0.6379185093108142	1256.645094374252	25.883306928740808
610.0	18.806324112251232	25.824338973260705	0.6379185093108142	1256.645094374252	25.883306928740808
620.0	18.15786788442483	25.824338973260705	0.6379185093108142	1256.645094374252	25.883306928740808
630.0	17.77504115127699	25.824338973260705	0.6379185093108142	1256.645094374252	25.883306928740808
640.0	17.374834995365546	25.824338973260705	0.6379185093108142	1256.645094374252	25.883306928740808
650.0	16.819388643845823	25.824338973260705	0.6379185093108142	1256.645094374252	25.883306928740808
660.0	16.746443011474366	25.824338973260705	0.6379185093108142	1256.645094374252	25.883306928740808
670.0	16.47879990091741	25.824338973260705	0.6379185093108142	1256.645094374252	25.883306928740808
680.0	16.189294675104748	25.824338973260705	0.6379185093108142	1256.645094374252	25.883306928740808
690.0	15.820059849138614	25.824338973260705	0.6379185093108142	1256.645094374252	25.883306928740808
700.0	15.596236855563088	25.824338973260705	0.6379185093108142	1256.645094374252	25.883306928740808
710.0	15.377016412567427	25.824338973260705	0.6379185093108142	1256.645094374252	25.883306928740808
720.0	15.136053712404491	25.824338973260705	0.6379185093108142	1256.645094374252	25.883306928740808
730.0	14.973622031514646	25.824338973260705	0.6379185093108142	1256.645094374252	25.883306928740808
740.0	14.902450298846219	25.824338973260705	0.6379185093108142	1256.645094374252	25.883306928740808
750.0	14.910600648831814	25.824338973260705	0.6379185093108142	1256.645094374252	25.883306928740808
760.0	14.697325167002319	25.824338973260705	0.6379185093108142	1256.645094374252	25.883306928740808
770.0	14.534390082142767	25.824338973260705	0.6379185093108142	1256.645094374252	25.883306928740808
780.0	14.418942771758344	25.824338973260705	0.6379185093108142	1256.645094374252	25.883306928740808
790.0	14.312077300476217	25.824338973260705	0.6379185093108142	1256.645094374252	25.883306928740808
800.0	14.088901540575984	25.824338973260705	0.6379185093108142	1256.645094374252	25.883306928740808	13.663140266082502	3.116130451726352	80	380
810.0	13.984553089142448	25.824338973260705	0.6379185093108142	1256.645094374252	25.883306928740808	13.554844608993568	3.1701468555660988	80	380
820.0	13.81862155208244	25.824338973260705	0.6379185093108142	1256.645094374252	25.883306928740808	13.447407316022682	2.7604892700576875	80	380
830.0	13.537578307284178	25.824338973260705	0.6379185093108142	1256.645094374252	25.883306928740808	13.340821583674872	1.4748471252331048	80	380
840.0	13.336456435580386	25.824338973260705	0.6379185093108142	1256.645094374252	25.883306928740808	13.235080662380462	0.7659626396390324	80	380
850.0	13.350743519672777	25.824338973260705	0.6379185093108142	1256.645094374252	25.883306928740808	13.130177856067656	1.6798375926278475	80	380
860.0	13.191116518042657	25.824338973260705	0.6379185093108142	1256.645094374252	25.883306928740808	13.026106521738512	1.2667637565282373	80	380
870.0	13.094942388212436	25.824338973260705	0.6379185093108142	1256.645094374252	25.883306928740808	12.922860069048276	1.3316117194236003	80	380
880.0	12.958639770511763	25.824338973260705	0.6379185093108142	1256.645094374252	25.883306928740808	12.820431959888035	1.0780277221246974	80	380
890.0	12.837559129990003	25.824338973260705	0.6379185093108142	1256.645094374252	25.883306928740808	12.718815707970705	0.9336043916799828	80	380
900.0	12.616948333173656	25.824338973260705	0.6379185093108142	1256.645094374252	25.883306928740808	12.618004878420265	-0.008373314615021736	80	380
910.0	12.433469572026661	25.824338973260705	0.6379185093108142	1256.645094374252	25.883306928740808	12.51799308736429	-0.6752161847968083	80	380
920.0	12.229039617093493	25.824338973260705	0.6379185093108142	1256.645094374252	25.883306928740808	12.418774001529671	-1.5278028605143161	80	380
930.0	12.209334947422342	25.824338973260705	0.6379185093108142	1256.645094374252	25.883306928740808	12.32034133784157	-0.901000933133859	80	380
940.0	11.92361723719113	25.824338973260705	0.6379185093108142	1256.645094374252	25.883306928740808	12.222688863025537	-2.446856245675353	80	380
950.0	12.00154896602422	25.824338973260705	0.6379185093108142	1256.645094374252	25.883306928740808	12.125810393212793	-1.0247680209326566	80	380
960.0	11.913357384856317	25.824338973260705	0.6379185093108142	1256.645094374252	25.883306928740808	12.029699793548623	-0.9671264511081077	80	380
970.0	11.69679779141499	25.824338973260705	0.6379185093108142	1256.645094374252	25.883306928740808	11.934350977803904	-1.990499414930284	80	380
980.0	11.58197374308813	25.824338973260705	0.6379185093108142	1256.645094374252	25.883306928740808	11.839757907989664	-2.177275641147849	80	380
990.0	11.463601895355897	25.824338973260705	0.6379185093108142	1256.645094374252	25.883306928740808	11.74591459397476	-2.4034969466207405	80	380
1000.0	11.368937977434701	25.824338973260705	0.6379185093108142	1256.645094374252	25.883306928740808	11.65281509310652	-2.4361247767481777	80	380
1010.0	11.440445312749754	25.824338973260705	0.6379185093108142	1256.645094374252	25.883306928740808	11.560453509834444	-1.038092467415743	80	380
1020.0	11.188815242752634	25.824338973260705	0.6379185093108142	1256.645094374252	25.883306928740808	11.468823995336852	-2.441477458352028	80	380
1030.0	10.995795777799064	25.824338973260705	0.6379185093108142	1256.645094374252	25.883306928740808	11.37792074715052	-3.358478036922134	80	380
1040.0	10.94406502700809	25.824338973260705	0.6379185093108142	1256.645094374252	25.883306928740808	11.287738008803224	-3.0446576765611124	80	380
1050.0	11.08844607984155	25.824338973260705	0.6379185093108142	1256.645094374252	25.883306928740808	11.198270069449222	-0.9807228163508143	80	380
1060.0	10.962403314475717	25.824338973260705	0.6379185093108142	1256.645094374252	25.883306928740808	11.109511263507601	-1.3241622024823256	80	380
1070.0	10.876968469332239	25.824338973260705	0.6379185093108142	1256.645094374252	25.883306928740808	11.02145597030351	-1.3109656415684294	80	380
1080.0	10.832573033528336	25.824338973260705	0.6379185093108142	1256.645094374252	25.883306928740808	10.934098613712235	-0.9285226315462205	80	380
1090.0	10.782328523028683	25.824338973260705	0.6379185093108142	1256.645094374252	25.883306928740808	10.847433661806072	-0.6001893241036775	80	380
1100.0	10.65487143222414	25.824338973260705	0.6379185093108142	1256.645094374252	25.883306928740808	10.761455626504034	-0.9904254403780877	80	380
1110.0	10.49855251382355	25.824338973260705	0.6379185093108142	1256.645094374252	25.883306928740808	10.676159063224308	-1.663580959678205	80	380
1120.0	10.547262840796531	25.824338973260705	0.6379185093108142	1256.645094374252	25.883306928740808	10.591538570539475	-0.4180292546551995	80	380
1130.0	10.504185843960656	25.824338973260705	0.6379185093108142	1256.645094374252	25.883306928740808	10.507588789834468	-0.03238560189093697	80	380
1140.0	10.349449052322022	25.824338973260705	0.6379185093108142	1256.645094374252	25.883306928740808	10.42430440496723	-0.7180848691404249	80	380
1150.0	10.343024658803955	25.824338973260705	0.6379185093108142	1256.645094374252	25.883306928740808	10.341680141932073	0.013000952006146298	80	380
1160.0	10.291269936395365	25.824338973260705	0.6379185093108142	1256.645094374252	25.883306928740808	10.259710768525704	0.307602900137076	80	380
1170.0	10.37121528110722	25.824338973260705	0.6379185093108142	1256.645094374252	25.883306928740808	10.178391094015877	1.8944466302214424	80	380
1180.0	10.377136270655445	25.824338973260705	0.6379185093108142	1256.645094374252	25.883306928740808	10.097715968812713	2.7671634130503904	80	380
1190.0	10.480861460031287	25.824338973260705	0.6379185093108142	1256.645094374252	25.883306928740808	10.017680284142576	4.62363703722807	80	380
1200.0	10.409090436922648	25.824338973260705	0.6379185093108142	1256.645094374252	25.883306928740808	9.93827897172458	4.7373540885456595	80	380
1210.0	10.280626538178739	25.824338973260705	0.6379185093108142	1256.645094374252	25.883306928740808	9.859507003449629	4.271202754679004	80	380
1220.0	10.125769888452059	25.824338973260705	0.6379185093108142	1256.645094374252	25.883306928740808	9.781359391062004	3.521090306780561	80	380
1230.0	10.06099857768397	25.824338973260705	0.6379185093108142	1256.645094374252	25.883306928740808	9.703831185843496	3.6806843091162755	80	380
1240.0	10.041629510659302	25.824338973260705	0.6379185093108142	1256.645094374252	25.883306928740808	9.626917478300015	4.30783823891798	80	380
1250.0	9.86272932847503	25.824338973260705	0.6379185093108142	1256.645094374252	25.883306928740808	9.550613397850698	3.2680197346755895	80	380
1260.0	9.684260635407597	25.824338973260705	0.6379185093108142	1256.645094374252	25.883306928740808	9.47491411251948	2.2094820111509104	80	380
1270.0	9.475204158276545	25.824338973260705	0.6379185093108142	1256.645094374252	25.883306928740808	9.399814828629106	0.8020299444391766	80	380
1280.0	9.374115846837324	25.824338973260705	0.6379185093108142	1256.645094374252	25.883306928740808	9.32531079049757	0.5233611772970183	80	380
1290.0	9.146840940326676	25.824338973260705	0.6379185093108142	1256.645094374252	25.883306928740808	9.251397280136965	-1.1301680886061891	80	380
1300.0	9.148255265765272	25.824338973260705	0.6379185093108142	1256.645094374252	25.883306928740808	9.17806961695471	-0.3248433759356344	80	380
1310.0	9.106520679515405	25.824338973260705	0.6379185093108142	1256.645094374252	25.883306928740808	9.105323157457144	0.013151889697404126	80	380
1320.0	8.932270991146439	25.824338973260705	0.6379185093108142	1256.645094374252	25.883306928740808	9.033153294955493	-1.1168005292835204	80	380
1330.0	8.887300236520009	25.824338973260705	0.6379185093108142	1256.645094374252	25.883306928740808	8.96155545927414	-0.8285974805555142	80	380
1340.0	8.74919974749895	25.824338973260705	0.6379185093108142	1256.645094374252	25.883306928740808	8.890525116461204	-1.589617790973704	80	380
1350.0	8.703006440374619	25.824338973260705	0.6379185093108142	1256.645094374252	25.883306928740808	8.820057768501457	-1.3271038716419308	80	380
1360.0	8.727049972832143	25.824338973260705	0.6379185093108142	1256.645094374252	25.883306928740808	8.750148953031461	-0.263983851284219	80	380
1370.0	8.618242800524188	25.824338973260705	0.6379185093108142	1256.645094374252	25.883306928740808	8.680794243056994	-0.7205728045315138	80	380
1380.0	8.621359110812765	25.824338973260705	0.6379185093108142	1256.645094374252	25.883306928740808	8.611989246672714	0.10880023037269317	80	380
1390.0	8.401946894876483	25.824338973260705	0.6379185093108142	1256.645094374252	25.883306928740808	8.543729606784037	-1.6594943711113423	80	380
1400.0	8.31003971297983	25.824338973260705	0.6379185093108142	1256.645094374252	25.883306928740808	8.476011000831221	-1.9581296890142672	80	380
1410.0	8.181623757471094	25.824338973260705	0.6379185093108142	1256.645094374252	25.883306928740808	8.408829140515648	-2.7019859631803773	80	380
1420.0	8.265907964969456	25.824338973260705	0.6379185093108142	1256.645094374252	25.883306928740808	8.342179771528247	-0.9142910923486234	80	380
1430.0	8.261545130565349	25.824338973260705	0.6379185093108142	1256.645094374252	25.883306928740808	8.276058673280113	-0.1753678083702181	80	380
1440.0	8.194856090389017	25.824338973260705	0.6379185093108142	1256.645094374252	25.883306928740808	8.210461658635218	-0.19006931516193337	80	380
1450.0	8.038273484194688	25.824338973260705	0.6379185093108142	1256.645094374252	25.883306928740808	8.14538457364527	-1.3149911889629395	80	380
1460.0	8.058913046952384	25.824338973260705	0.6379185093108142	1256.645094374252	25.883306928740808	8.080823297286662	-0.2711388373216224	80	380
1470.0	7.966814092114885	25.824338973260705	0.6379185093108142	1256.645094374252	25.883306928740808	8.016773741199497	-0.6231889622612328	80	380
1480.0	7.866540815674147	25.824338973260705	0.6379185093108142	1256.645094374252	25.883306928740808	7.9532318494287075	-1.09001014173612	80	380
1490.0	7.840723383513852	25.824338973260705	0.6379185093108142	1256.645094374252	25.883306928740808	7.8901935981671985	-0.6269835339000741	80	380
1500.0	7.704348850960351	25.824338973260705	0.6379185093108142	1256.645094374252	25.883306928740808	7.827654995501046	-1.5752628930575718	80	380
1510.0	7.621431025665481	25.824338973260705	0.6379185093108142	1256.645094374252	25.883306928740808	7.765612081156704	-1.8566605437461878	80	380
1520.0	7.5522249656405265	25.824338973260705	0.6379185093108142	1256.645094374252	25.883306928740808	7.704060926250223	-1.9708561765437587	80	380
1530.0	7.544410218301406	25.824338973260705	0.6379185093108142	1256.645094374252	25.883306928740808	7.642997633038443	-1.2899050800548773	80	380
1540.0	7.375506200658346	25.824338973260705	0.6379185093108142	1256.645094374252	25.883306928740808	7.582418334672181	-2.728840916989332	80	380
1550.0	7.370855706843053	25.824338973260705	0.6379185093108142	1256.645094374252	25.883306928740808	7.522319194951356	-2.0135211519601337	80	380
1560.0	7.350863377760655	25.824338973260705	0.6379185093108142	1256.645094374252	25.883306928740808	7.462696408082056	-1.4985606301803558	80	380
1570.0	7.20674601272088	25.824338973260705	0.6379185093108142	1256.645094374252	25.883306928740808	7.403546198435545	-2.658188122824854	80	380
1580.0	7.025184980982479	25.824338973260705	0.6379185093108142	1256.645094374252	25.883306928740808	7.344864820309156	-4.352426452325388	80	380
1590.0	7.078713603093949	25.824338973260705	0.6379185093108142	1256.645094374252	25.883306928740808	7.28664855768911	-2.8536432483180656	80	380
1600.0	6.952047575670405	25.824338973260705	0.6379185093108142	1256.645094374252	25.883306928740808	7.228893724015185	-3.8297166746976288	80	380
1610.0	7.047766244766205	25.824338973260705	0.6379185093108142	1256.645094374252	25.883306928740808	7.171596661947273	-1.7266784932024482	80	380
1620.0	7.071546089430078	25.824338973260705	0.6379185093108142	1256.645094374252	25.883306928740808	7.1147537431337735	-0.6072965455114135	80	380
1630.0	7.124259676542925	25.824338973260705	0.6379185093108142	1256.645094374252	25.883306928740808	7.058361367981823	0.9336204980950686	80	380
1640.0	7.24845662735314	25.824338973260705	0.6379185093108142	1256.645094374252	25.883306928740808	7.002415965429359	3.513653903716575	80	380
1650.0	7.63837895931212	25.824338973260705	0.6379185093108142	1256.645094374252	25.883306928740808	6.946913992718977	9.95355588564741	80	380
1660.0	7.780890225972414	25.824338973260705	0.6379185093108142	1256.645094374252	25.883306928740808	6.891851935173582	12.899846066940214	80	380
1670.0	7.775928101128228	25.824338973260705	0.6379185093108142	1256.645094374252	25.883306928740808	6.837226305973828	13.729277826217873	80	380
1680.0	7.662182775593622	25.824338973260705	0.6379185093108142	1256.645094374252	25.883306928740808	6.783033645937299	12.961002046376253	80	380
1690.0	7.530866254354771	25.824338973260705	0.6379185093108142	1256.645094374252	25.883306928740808	6.729270523299478	11.912074693383797	80	380
1700.0	7.3374392719019434	25.824338973260705	0.6379185093108142	1256.645094374252	25.883306928740808	6.67593353349641	9.908812529160702	80	380
1710.0	7.100383945408588	25.824338973260705	0.6379185093108142	1256.645094374252	25.883306928740808	6.623019298949116	7.20765899829426	80	380
1720.0	7.118650318023436	25.824338973260705	0.6379185093108142	1256.645094374252	25.883306928740808	6.570524468849707	8.342193256753644	80	380
1730.0	6.978440326653192	25.824338973260705	0.6379185093108142	1256.645094374252	25.883306928740808	6.518445718949189	7.0568142704140895	80	380
1740.0	6.939630277751091	25.824338973260705	0.6379185093108142	1256.645094374252	25.883306928740808	6.466779751346957	7.311993675146342	80	380
1750.0	6.858342522453321	25.824338973260705	0.6379185093108142	1256.645094374252	25.883306928740808	6.415523294281956	6.902308788529261	80	380
1760.0	6.670405040432055	25.824338973260705	0.6379185093108142	1256.645094374252	25.883306928740808	6.364673101925492	4.803576454131956	80	380
1770.0	6.684859925847691	25.824338973260705	0.6379185093108142	1256.645094374252	25.883306928740808	6.314225954175692	5.869824335742907	80	380
1780.0	6.585353741170397	25.824338973260705	0.6379185093108142	1256.645094374252	25.883306928740808	6.26417865645359	5.127169934496036	80	380
1790.0	6.376153434333696	25.824338973260705	0.6379185093108142	1256.645094374252	25.883306928740808	6.214528039500828	2.600767006046849	80	380
1800.0	6.334035302202117	25.824338973260705	0.6379185093108142	1256.645094374252	25.883306928740808	6.165270959178961	2.7373386204850703	80	380
1810.0	6.291557595806501	25.824338973260705	0.6379185093108142	1256.645094374252	25.883306928740808	6.116404296270356	2.8636645167970602	80	380
1820.0	6.152258525905275	25.824338973260705	0.6379185093108142	1256.645094374252	25.883306928740808	6.067924956280669	1.3898255207872159	80	380
1830.0	5.988268689871138	25.824338973260705	0.6379185093108142	1256.645094374252	25.883306928740808	6.019829869242881	-0.5242868994188479	80	380
1840.0	5.8803244957969065	25.824338973260705	0.6379185093108142	1256.645094374252	25.883306928740808	5.972115989522887	-1.537001188306022	80	380
1850.0	5.822960414868776	25.824338973260705	0.6379185093108142	1256.645094374252	25.883306928740808	5.924780295626642	-1.7185427252555598	80	380
1860.0	5.675295250423461	25.824338973260705	0.6379185093108142	1256.645094374252	25.883306928740808	5.87781979000882	-3.4455724540859918	80	380
1870.0	5.5010695336720525	25.824338973260705	0.6379185093108142	1256.645094374252	25.883306928740808	5.831231498882985	-5.661959489589425	80	380
1880.0	5.515883993351788	25.824338973260705	0.6379185093108142	1256.645094374252	25.883306928740808	5.785012472033288	-4.652167648428734	80	380
1890.0	5.460102039185523	25.824338973260705	0.6379185093108142	1256.645094374252	25.883306928740808	5.739159782627637	-4.8623449078176595	80	380
1900.0	5.4412843193658285	25.824338973260705	0.6379185093108142	1256.645094374252	25.883306928740808	5.693670527032352	-4.432750480876033	80	380
1910.0	5.461348563301058	25.824338973260705	0.6379185093108142	1256.645094374252	25.883306928740808	5.648541824628298	-3.3140103612414666	80	380
1920.0	5.335737287052075	25.824338973260705	0.6379185093108142	1256.645094374252	25.883306928740808	5.603770817628466	-4.783092301583872	80	380
1930.0	5.324950059129992	25.824338973260705	0.6379185093108142	1256.645094374252	25.883306928740808	5.559354670897003	-4.216399665848081	80	380
1940.0	5.219139339022633	25.824338973260705	0.6379185093108142	1256.645094374252	25.883306928740808	5.515290571769677	-5.3696397115124	80	380
1950.0	5.113879966120055	25.824338973260705	0.6379185093108142	1256.645094374252	25.883306928740808	5.471575729875759	-6.537344659283839	80	380
1960.0	4.981820324735481	25.824338973260705	0.6379185093108142	1256.645094374252	25.883306928740808	5.428207376961333	-8.223470866651665	80	380
1970.0	5.082189487646603	25.824338973260705	0.6379185093108142	1256.645094374252	25.883306928740808	5.385182766713985	-5.626425177993867	80	380
1980.0	5.0967642311503285	25.824338973260705	0.6379185093108142	1256.645094374252	25.883306928740808	5.342499174588899	-4.599625295355887	80	380
1990.0	5.03098611244289	25.824338973260705	0.6379185093108142	1256.645094374252	25.883306928740808	5.30015389763632	-5.07848999089383	80	380
2000.0	5.006798750279647	25.824338973260705	0.6379185093108142	1256.645094374252	25.883306928740808	5.258144254330389	-4.780118077661039	80	380
2010.0	5.037578307284159	25.824338973260705	0.6379185093108142	1256.645094374252	25.883306928740808	5.216467584399342	-3.429318292903407	80	380
2020.0	5.005672084252241	25.824338973260705	0.6379185093108142	1256.645094374252	25.883306928740808	5.175121248657036	-3.2743032725806676	80	380
2030.0	4.937233115990639	25.824338973260705	0.6379185093108142	1256.645094374252	25.883306928740808	5.134102628835831	-3.8345457244946464	80	380
2040.0	4.855202240547161	25.824338973260705	0.6379185093108142	1256.645094374252	25.883306928740808	5.0934091274207836	-4.676767189017199	80	380
2050.0	4.795896458592997	25.824338973260705	0.6379185093108142	1256.645094374252	25.883306928740808	5.053038167485162	-5.088853485152692	80	380
2060.0	4.789232348898841	25.824338973260705	0.6379185093108142	1256.645094374252	25.883306928740808	5.012987192527252	-4.463503197493852	80	380
2070.0	4.827682823536979	25.824338973260705	0.6379185093108142	1256.645094374252	25.883306928740808	4.973253666308478	-2.927074558003646	80	380
2080.0	4.856328906574603	25.824338973260705	0.6379185093108142	1256.645094374252	25.883306928740808	4.933835072692791	-1.5709111669978448	80	380
2090.0	4.706793955956134	25.824338973260705	0.6379185093108142	1256.645094374252	25.883306928740808	4.894728915487328	-3.8395376490933444	80	380
2100.0	4.680113545562036	25.824338973260705	0.6379185093108142	1256.645094374252	25.883306928740808	4.855932718284349	-3.620708583137687	80	380
2110.0	4.665418943970312	25.824338973260705	0.6379185093108142	1256.645094374252	25.883306928740808	4.817444024304407	-3.155720742516484	80	380
2120.0	4.582716863233966	25.824338973260705	0.6379185093108142	1256.645094374252	25.883306928740808	4.779260396240783	-4.112425704224288	80	380
2130.0	4.572696727075138	25.824338973260705	0.6379185093108142	1256.645094374252	25.883306928740808	4.741379416105136	-3.5576711801850354	80	380
2140.0	4.589644660721714	25.824338973260705	0.6379185093108142	1256.645094374252	25.883306928740808	4.703798685074386	-2.4268475756603674	80	380
2150.0	4.492152091923137	25.824338973260705	0.6379185093108142	1256.645094374252	25.883306928740808	4.6665158233388055	-3.736486449775176	80	380
2160.0	4.411703343241609	25.824338973260705	0.6379185093108142	1256.645094374252	25.883306928740808	4.629528469951318	-4.705125546230851	80	380
2170.0	4.398231294147716	25.824338973260705	0.6379185093108142	1256.645094374252	25.883306928740808	4.592834282677994	-4.237100155436231	80	380
2180.0	4.340531610573071	25.824338973260705	0.6379185093108142	1256.645094374252	25.883306928740808	4.556430937849725	-4.738343019383972	80	380
2190.0	4.248936059705291	25.824338973260705	0.6379185093108142	1256.645094374252	25.883306928740808	4.520316130215076	-6.003563969692382	80	380
2200.0	4.152066752964484	25.824338973260705	0.6379185093108142	1256.645094374252	25.883306928740808	4.484487572794308	-7.412682373042911	80	380
2210.0	4.179706028062777	25.824338973260705	0.6379185093108142	1256.645094374252	25.883306928740808	4.448942996734549	-6.051706413622	80	380
2220.0	4.165682631763972	25.824338973260705	0.6379185093108142	1256.645094374252	25.883306928740808	4.4136801511661234	-5.618837589231035	80	380
2230.0	4.146169735033709	25.824338973260705	0.6379185093108142	1256.645094374252	25.883306928740808	4.378696803060016	-5.3104171968200164	80	380
2240.0	4.164220363090101	25.824338973260705	0.6379185093108142	1256.645094374252	25.883306928740808	4.34399073708646	-4.138369183469572	80	380
2250.0	4.072457010899067	25.824338973260705	0.6379185093108142	1256.645094374252	25.883306928740808	4.309559755474653	-5.501785751418846	80	380
2260.0	3.9783204685652276	25.824338973260705	0.6379185093108142	1256.645094374252	25.883306928740808	4.275401677873583	-6.94861516394669	80	380
2270.0	3.9931828714801836	25.824338973260705	0.6379185093108142	1256.645094374252	25.883306928740808	4.2415143412139535	-5.854783215531829	80	380
2280.0	3.8952588135647543	25.824338973260705	0.6379185093108142	1256.645094374252	25.883306928740808	4.207895599571216	-7.429765748901176	80	380
2290.0	3.9388152427525696	25.824338973260705	0.6379185093108142	1256.645094374252	25.883306928740808	4.174543324029668	-5.646799253949317	80	380
2300.0	4.031129942148522	25.824338973260705	0.6379185093108142	1256.645094374252	25.883306928740808	4.141455402547643	-2.6639296980296745	80	380
2310.0	3.974844584012531	25.824338973260705	0.6379185093108142	1256.645094374252	25.883306928740808	4.108629739823768	-3.256198885835251	80	380
2320.0	3.8558974174577276	25.824338973260705	0.6379185093108142	1256.645094374252	25.883306928740808	4.076064257164274	-5.401456547687412	80	380
2330.0	3.880636126825836	25.824338973260705	0.6379185093108142	1256.645094374252	25.883306928740808	4.04375689235136	-4.033891499117117	80	380
2340.0	3.7884892287531438	25.824338973260705	0.6379185093108142	1256.645094374252	25.883306928740808	4.011705599512611	-5.564126410138031	80	380
2350.0	3.7302861412088326	25.824338973260705	0.6379185093108142	1256.645094374252	25.883306928740808	3.9799083489914358	-6.272059200706491	80	380
2360.0	3.7094068622750855	25.824338973260705	0.6379185093108142	1256.645094374252	25.883306928740808	3.948363127218539	-6.052033646454102	80	380
2370.0	3.7621923642407378	25.824338973260705	0.6379185093108142	1256.645094374252	25.883306928740808	3.9170679365844125	-3.9538648512367263	80	380
2380.0	3.8043104963722723	25.824338973260705	0.6379185093108142	1256.645094374252	25.883306928740808	3.886020795312837	-2.1026727144414825	80	380
2390.0	3.77374668392624	25.824338973260705	0.6379185093108142	1256.645094374252	25.883306928740808	3.8552197373353843	-2.1133180197260537	80	380
2400.0	3.7810819989133133	25.824338973260705	0.6379185093108142	1256.645094374252	25.883306928740808	3.8246628121669155	-1.1394681150705384	80	380
2410.0	3.7208892671077263	25.824338973260705	0.6379185093108142	1256.645094374252	25.883306928740808	3.794348084782067	-1.9360062923315033	80	380
2420.0	3.7113485633010668	25.824338973260705	0.6379185093108142	1256.645094374252	25.883306928740808	3.7642736354927147	-1.4059836589090153	80	380
2430.0	3.6277835043309072	25.824338973260705	0.6379185093108142	1256.645094374252	25.883306928740808	3.7344375598264046	-2.8559603363794133	80	380
2440.0	3.537410505960946	25.824338973260705	0.6379185093108142	1256.645094374252	25.883306928740808	3.704837968405759	-4.5191574873882905	80	380
2450.0	3.6223659187521973	25.824338973260705	0.6379185093108142	1256.645094374252	25.883306928740808	3.6754729868288276	-1.444904322979415	80	380
2460.0	3.564881979736028	25.824338973260705	0.6379185093108142	1256.645094374252	25.883306928740808	3.6463407555503893	-2.233986927589427	80	380
2470.0	3.525640441717007	25.824338973260705	0.6379185093108142	1256.645094374252	25.883306928740808	3.617439429764197	-2.5376786489324585	80	380
2480.0	3.4875015981078614	25.824338973260705	0.6379185093108142	1256.645094374252	25.883306928740808	3.588767179286154	-2.8217372740918685	80	380
2490.0	3.470481749608444	25.824338973260705	0.6379185093108142	1256.645094374252	25.883306928740808	3.560322188438422	-2.5233794604802995	80	380
2500.0	3.340795298366755	25.824338973260705	0.6379185093108142	1256.645094374252	25.883306928740808	3.532102655934434	-5.416245681485378	80	380
2510.0	3.4052789497235234	25.824338973260705	0.6379185093108142	1256.645094374252	25.883306928740808	3.5041067947648354	-2.8203434093093755	80	380
2520.0	3.3415623901300595	25.824338973260705	0.6379185093108142	1256.645094374252	25.883306928740808	3.476332832084317	-3.876799157733493	80	380
2530.0	3.251860597053074	25.824338973260705	0.6379185093108142	1256.645094374252	25.883306928740808	3.4487790090993493	-5.709800817237658	80	380
2540.0	3.280266963914744	25.824338973260705	0.6379185093108142	1256.645094374252	25.883306928740808	3.42144358095681	-4.126229578293542	80	380
2550.0	3.2647812989420206	25.824338973260705	0.6379185093108142	1256.645094374252	25.883306928740808	3.394324816633484	-3.816473811128825	80	380
2560.0	3.2072494166906504	25.824338973260705	0.6379185093108142	1256.645094374252	25.883306928740808	3.3674209988264514	-4.756506008355381	80	380
2570.0	3.128622510947044	25.824338973260705	0.6379185093108142	1256.645094374252	25.883306928740808	3.340730423844339	-6.349147820589857	80	380
2580.0	3.1398412279860457	25.824338973260705	0.6379185093108142	1256.645094374252	25.883306928740808	3.3142514014994293	-5.2624304068930075	80	380
2590.0	3.1555426375171547	25.824338973260705	0.6379185093108142	1256.645094374252	25.883306928740808	3.2879822550006352	-4.027990640218797	80	380
2600.0	3.186178364816047	25.824338973260705	0.6379185093108142	1256.645094374252	25.883306928740808	3.261921320847308	-2.3220350395081266	80	380
2610.0	3.146840940326637	25.824338973260705	0.6379185093108142	1256.645094374252	25.883306928740808	3.2360669487239027	-2.7572361700505175	80	380
2620.0	3.057690494454534	25.824338973260705	0.6379185093108142	1256.645094374252	25.883306928740808	3.2104175013954723	-4.757231944896659	80	380
2630.0	3.041461709336146	25.824338973260705	0.6379185093108142	1256.645094374252	25.883306928740808	3.1849713546039817	-4.505837864456394	80	380
2640.0	3.0321367500878926	25.824338973260705	0.6379185093108142	1256.645094374252	25.883306928740808	3.1597268969654624	-4.0380118610916895	80	380
2650.0	2.977217774155397	25.824338973260705	0.6379185093108142	1256.645094374252	25.883306928740808	3.134682529867959	-5.023307917538773	80	380
2660.0	2.891279525042357	25.824338973260705	0.6379185093108142	1256.645094374252	25.883306928740808	3.109836667370303	-7.02792994311046	80	380
2670.0	2.9815326653242673	25.824338973260705	0.6379185093108142	1256.645094374252	25.883306928740808	3.0851877361016866	-3.3597654225215314	80	380
2680.0	2.9812929491482176	25.824338973260705	0.6379185093108142	1256.645094374252	25.883306928740808	3.0607341751620196	-2.595495768906386	80	380
2690.0	2.9791355035638096	25.824338973260705	0.6379185093108142	1256.645094374252	25.883306928740808	3.036474436023093	-1.8883390480435174	80	380
2700.0	2.933709288202757	25.824338973260705	0.6379185093108142	1256.645094374252	25.883306928740808	3.01240698243051	-2.612452257837258	80	380
2710.0	2.92392886822001	25.824338973260705	0.6379185093108142	1256.645094374252	25.883306928740808	2.9885302903064135	-2.161645217247563	80	380
2720.0	2.94413694186084	25.824338973260705	0.6379185093108142	1256.645094374252	25.883306928740808	2.9648428476529602	-0.698381224775933	80	380
2730.0	2.9784882698884414	25.824338973260705	0.6379185093108142	1256.645094374252	25.883306928740808	2.9413431544565816	1.2628623550971718	80	380
2740.0	2.953701617285104	25.824338973260705	0.6379185093108142	1256.645094374252	25.883306928740808	2.918029722592997	1.2224650906025853	80	380
2750.0	2.8951389554766918	25.824338973260705	0.6379185093108142	1256.645094374252	25.883306928740808	2.8949010757329683	0.008217197669293023	80	380
2760.0	2.843072602039176	25.824338973260705	0.6379185093108142	1256.645094374252	25.883306928740808	2.8719557492488206	-1.005696108555957	80	380
2770.0	2.8032317735800873	25.824338973260705	0.6379185093108142	1256.645094374252	25.883306928740808	2.8491922901216884	-1.6131068689519052	80	380
2780.0	2.8208748841371896	25.824338973260705	0.6379185093108142	1256.645094374252	25.883306928740808	2.8266092568495034	-0.20287107948925537	80	380
2790.0	2.8312306229424276	25.824338973260705	0.6379185093108142	1256.645094374252	25.883306928740808	2.8042052193557168	0.9637455704087181	80	380
2800.0	2.785516748170175	25.824338973260705	0.6379185093108142	1256.645094374252	25.883306928740808	2.781978758898729	0.12717527983020124	80	380
2810.0	2.795057451976854	25.824338973260705	0.6379185093108142	1256.645094374252	25.883306928740808	2.7599284679820584	1.2728222634146928	80	380
2820.0	2.7185160769648764	25.824338973260705	0.6379185093108142	1256.645094374252	25.883306928740808	2.7380529502652027	-0.713531610060133	80	380
2830.0	2.7045406239013023	25.824338973260705	0.6379185093108142	1256.645094374252	25.883306928740808	2.7163508204752187	-0.43478171099601154	80	380
2840.0	2.700825023172548	25.824338973260705	0.6379185093108142	1256.645094374252	25.883306928740808	2.6948207043190027	0.22280958595583342	80	380
2850.0	2.7399706747211074	25.824338973260705	0.6379185093108142	1256.645094374252	25.883306928740808	2.673461238396255	2.4877651252108683	80	380
2860.0	2.6775006392431377	25.824338973260705	0.6379185093108142	1256.645094374252	25.883306928740808	2.652271070113153	0.9512439891337541	80	380
2870.0	2.6184585450826208	25.824338973260705	0.6379185093108142	1256.645094374252	25.883306928740808	2.631248857596687	-0.48609284815987996	80	380
2880.0	2.5683099210534555	25.824338973260705	0.6379185093108142	1256.645094374252	25.883306928740808	2.6103932696096903	-1.6121459186311502	80	380
2890.0	2.530003276121077	25.824338973260705	0.6379185093108142	1256.645094374252	25.883306928740808	2.589702985466544	-2.3052724455469504	80	380
2900.0	2.5398316393390123	25.824338973260705	0.6379185093108142	1256.645094374252	25.883306928740808	2.5691766949495323	-1.1421968628396095	80	380
2910.0	2.554622127401172	25.824338973260705	0.6379185093108142	1256.645094374252	25.883306928740808	2.5488130982258848	0.22791114732306803	80	380
2920.0	2.50886030939369	25.824338973260705	0.6379185093108142	1256.645094374252	25.883306928740808	2.528610905765454	-0.7810848370040262	80	380
2930.0	2.4794471345926623	25.824338973260705	0.6379185093108142	1256.645094374252	25.883306928740808	2.5085688382590625	-1.1608891580830831	80	380
2940.0	2.3942999488605543	25.824338973260705	0.6379185093108142	1256.645094374252	25.883306928740808	2.488685626537488	-3.792591425388371	80	380
2950.0	2.4192783744047017	25.824338973260705	0.6379185093108142	1256.645094374252	25.883306928740808	2.46896001149109	-2.012249564802944	80	380
2960.0	2.409426039569153	25.824338973260705	0.6379185093108142	1256.645094374252	25.883306928740808	2.4493907439900844	-1.6316181694974607	80	380
2970.0	2.3834647777031757	25.824338973260705	0.6379185093108142	1256.645094374252	25.883306928740808	2.4299765848054324	-1.9140845797895194	80	380
2980.0	2.364958688912326	25.824338973260705	0.6379185093108142	1256.645094374252	25.883306928740808	2.4107163045303697	-1.8980920953682152	80	380
2990.0	2.39921413046955	25.824338973260705	0.6379185093108142	1256.645094374252	25.883306928740808	2.3916086835025587	0.3180054922635986	80	380
3000.0	2.428004043212824	25.824338973260705	0.6379185093108142	1256.645094374252	25.883306928740808	2.3726525117268458	2.332896672074949	80	380
3010.0	2.3932212260683374	25.824338973260705	0.6379185093108142	1256.645094374252	25.883306928740808	2.3538465887986435	1.6727783984337719	80	380
3020.0	2.3944198069485854	25.824338973260705	0.6379185093108142	1256.645094374252	25.883306928740808	2.3351897238279085	2.536414172960015	80	380
3030.0	2.4269972352734235	25.824338973260705	0.6379185093108142	1256.645094374252	25.883306928740808	2.3166807353637378	4.761834387696289	80	380
3040.0	2.4620677118291945	25.824338973260705	0.6379185093108142	1256.645094374252	25.883306928740808	2.2983184513195423	7.124742022396341	80	380
3050.0	2.405302921341129	25.824338973260705	0.6379185093108142	1256.645094374252	25.883306928740808	2.28010170889883	5.491036296918729	80	380
3060.0	2.4135251861795446	25.824338973260705	0.6379185093108142	1256.645094374252	25.883306928740808	2.2620293545215744	6.6973415422370595	80	380
3070.0	2.4218433374883994	25.824338973260705	0.6379185093108142	1256.645094374252	25.883306928740808	2.244100243751154	7.920461406845926	80	380
3080.0	2.3830093169687374	25.824338973260705	0.6379185093108142	1256.645094374252	25.883306928740808	2.226313241221892	7.038366068417407	80	380
3090.0	2.329936155591764	25.824338973260705	0.6379185093108142	1256.645094374252	25.883306928740808	2.2086672205671505	5.490593326842308	80	380
3100.0	2.261617045418204	25.824338973260705	0.6379185093108142	1256.645094374252	25.883306928740808	2.191161064348006	3.2154633548658156	80	380
3110.0	2.2362311023747963	25.824338973260705	0.6379185093108142	1256.645094374252	25.883306928740808	2.17379366398249	2.8722798960559035	80	380
3120.0	2.1913082909834554	25.824338973260705	0.6379185093108142	1256.645094374252	25.883306928740808	2.156563919675382	1.6110986088139427	80	380
3130.0	2.2261150797455813	25.824338973260705	0.6379185093108142	1256.645094374252	25.883306928740808	2.13947074034857	4.049802493811843	80	380
3140.0	2.1941369418608354	25.824338973260705	0.6379185093108142	1256.645094374252	25.883306928740808	2.122513043571954	3.374485660090276	80	380
3150.0	2.16652163838015	25.824338973260705	0.6379185093108142	1256.645094374252	25.883306928740808	2.1056897554949026	2.8889290422059375	80	380
3160.0	2.1840209192316267	25.824338973260705	0.6379185093108142	1256.645094374252	25.883306928740808	2.0889998107782524	4.548641314523355	80	380
3170.0	2.1600493016268536	25.824338973260705	0.6379185093108142	1256.645094374252	25.883306928740808	2.0724421525268397	4.227242193139058	80	380
3180.0	2.1473683159139645	25.824338973260705	0.6379185093108142	1256.645094374252	25.883306928740808	2.0560157322225825	4.44318505251069	80	380
3190.0	2.163429299709143	25.824338973260705	0.6379185093108142	1256.645094374252	25.883306928740808	2.03971950965807	6.065039308851416	80	380
3200.0	2.122965209192299	25.824338973260705	0.6379185093108142	1256.645094374252	25.883306928740808	2.0235524528707005	4.912783762069868	80	380
3210.0	2.1077672036308885	25.824338973260705	0.6379185093108142	1256.645094374252	25.883306928740808	2.0075135380773306	4.993922265130754	80	380
3220.0	2.1330332885862866	25.824338973260705	0.6379185093108142	1256.645094374252	25.883306928740808	1.9916017496094398	7.101396602236468	80	380
3230.0	2.0717378623709504	25.824338973260705	0.6379185093108142	1256.645094374252	25.883306928740808	1.9758160798488187	4.854793090330109	80	380
3240.0	2.052920142551211	25.824338973260705	0.6379185093108142	1256.645094374252	25.883306928740808	1.9601555291637556	4.732512905597391	80	380
3250.0	2.0264075334803517	25.824338973260705	0.6379185093108142	1256.645094374252	25.883306928740808	1.944619105845738	4.205884195457543	80	380
3260.0	1.9999188960270957	25.824338973260705	0.6379185093108142	1256.645094374252	25.883306928740808	1.9292058260466545	3.665397907560081	80	380
3270.0	1.9911692556013714	25.824338973260705	0.6379185093108142	1256.645094374252	25.883306928740808	1.9139147137164845	4.036467316501905	80	380
3280.0	1.9961553520631385	25.824338973260705	0.6379185093108142	1256.645094374252	25.883306928740808	1.8987448005414997	5.130260343246678	80	380
3290.0	1.9996072649982437	25.824338973260705	0.6379185093108142	1256.645094374252	25.883306928740808	1.8836951258829382	6.15344476516466	80	380
3300.0	1.9856557835522612	25.824338973260705	0.6379185093108142	1256.645094374252	25.883306928740808	1.868764736716172	6.254989969550283	80	380
3310.0	1.988172803400774	25.824338973260705	0.6379185093108142	1256.645094374252	25.883306928740808	1.853952687570362	7.239673198257815	80	380
3320.0	1.9957478345638768	25.824338973260705	0.6379185093108142	1256.645094374252	25.883306928740808	1.8392580404685792	8.50831099563547	80	380
3330.0	2.0604232588614892	25.824338973260705	0.6379185093108142	1256.645094374252	25.883306928740808	1.8246798648684135	12.91971257709233	80	380
3340.0	2.070802969284383	25.824338973260705	0.6379185093108142	1256.645094374252	25.883306928740808	1.8102172376030397	14.39527401840413	80	380
3350.0	1.9978093936778845	25.824338973260705	0.6379185093108142	1256.645094374252	25.883306928740808	1.7958692428227623	11.244702344682453	80	380
3360.0	2.002891376610104	25.824338973260705	0.6379185093108142	1256.645094374252	25.883306928740808	1.7816349719370213	12.41872819955534	80	380
3370.0	2.034917457730031	25.824338973260705	0.6379185093108142	1256.645094374252	25.883306928740808	1.7675135235568478	15.128819701196628	80	380
3380.0	2.049851775497804	25.824338973260705	0.6379185093108142	1256.645094374252	25.883306928740808	1.7535040034377916	16.900319102723163	80	380
3390.0	1.969139339022589	25.824338973260705	0.6379185093108142	1256.645094374252	25.883306928740808	1.7396055244232866	13.194589887003113	80	380
3400.0	1.9627628887397348	25.824338973260705	0.6379185093108142	1256.645094374252	25.883306928740808	1.7258172063884771	13.72947734407521	80	380
3410.0	1.969522884904268	25.824338973260705	0.6379185093108142	1256.645094374252	25.883306928740808	1.7121381761844776	15.032940232275859	80	380
3420.0	1.9916007447182433	25.824338973260705	0.6379185093108142	1256.645094374252	25.883306928740808	1.6985675675830831	17.251782191515726	80	380
3430.0	1.8619622367117392	25.824338973260705	0.6379185093108142	1256.645094374252	25.883306928740808	1.6851045212219184	10.495355822888428	80	380
3440.0	1.8109026912135977	25.824338973260705	0.6379185093108142	1256.645094374252	25.883306928740808	1.6717481845500124	8.323891597408362	80	380
3450.0	1.848466216000261	25.824338973260705	0.6379185093108142	1256.645094374252	25.883306928740808	1.6584977117738164	11.454251813423795	80	380
3460.0	1.8738281874260767	25.824338973260705	0.6379185093108142	1256.645094374252	25.883306928740808	1.645352263803638	13.886140290363125	80	380
3470.0	1.8993819317927754	25.824338973260705	0.6379185093108142	1256.645094374252	25.883306928740808	1.6323110082005086	16.361521931209115	80	380
3480.0	1.8864372582861841	25.824338973260705	0.6379185093108142	1256.645094374252	25.883306928740808	1.6193731191234715	16.491822422448767	80	380
3490.0	1.8230323297215942	25.824338973260705	0.6379185093108142	1256.645094374252	25.883306928740808	1.6065377772772793	13.475845729020113	80	380
3500.0	1.7990846837344454	25.824338973260705	0.6379185093108142	1256.645094374252	25.883306928740808	1.5938041698605179	12.879908194235224	80	380
3510.0	1.7650210151180787	25.824338973260705	0.6379185093108142	1256.645094374252	25.883306928740808	1.5811714905141312	11.627424710533285	80	380
3520.0	1.7057871480167526	25.824338973260705	0.6379185093108142	1256.645094374252	25.883306928740808	1.5686389392703588	8.743134274748227	80	380
3530.0	1.6524263272285526	25.824338973260705	0.6379185093108142	1256.645094374252	25.883306928740808	1.5562057225020822	6.18302601867869	80	380
3540.0	1.6632614983859098	25.824338973260705	0.6379185093108142	1256.645094374252	25.883306928740808	1.5438710528725614	7.733187644862423	80	380
3550.0	1.7335223095854508	25.824338973260705	0.6379185093108142	1256.645094374252	25.883306928740808	1.5316341492855827	13.18122610376878	80	380
3560.0	1.7195468565218797	25.824338973260705	0.6379185093108142	1256.645094374252	25.883306928740808	1.519494236835991	13.165737311544785	80	380
3570.0	1.7167661488797223	25.824338973260705	0.6379185093108142	1256.645094374252	25.883306928740808	1.5074505467606205	13.885404238892132	80	380
3580.0	1.6347113018186457	25.824338973260705	0.6379185093108142	1256.645094374252	25.883306928740808	1.4955023163896153	9.308510184397669	80	380
3590.0	1.6061850768689805	25.824338973260705	0.6379185093108142	1256.645094374252	25.883306928740808	1.4836487890981265	8.259116892842329	80	380
3600.0	1.584203103525404	25.824338973260705	0.6379185093108142	1256.645094374252	25.883306928740808	1.471889214258407	7.6305939454543115	80	380
3610.0	1.606089190398567	25.824338973260705	0.6379185093108142	1256.645094374252	25.883306928740808	1.4602228471922705	9.98932070449176	80	380
3620.0	1.6687030555821691	25.824338973260705	0.6379185093108142	1256.645094374252	25.883306928740808	1.448648949123938	15.190298974179184	80	380
3630.0	1.649549733115976	25.824338973260705	0.6379185093108142	1256.645094374252	25.883306928740808	1.4371667871332559	14.777891326473288	80	380
3640.0	1.6201845015501637	25.824338973260705	0.6379185093108142	1256.645094374252	25.883306928740808	1.4257756341092798	13.635305779533564	80	380
3650.0	1.6650833413238557	25.824338973260705	0.6379185093108142	1256.645094374252	25.883306928740808	1.414474768704234	17.717429689410302	80	380
3660.0	1.6562857576629118	25.824338973260705	0.6379185093108142	1256.645094374252	25.883306928740808	1.4032634752878297	18.030988964719082	80	380
3670.0	1.603955716431741	25.824338973260705	0.6379185093108142	1256.645094374252	25.883306928740808	1.3921410439019462	15.215029644992914	80	380
3680.0	1.5882543069006214	25.824338973260705	0.6379185093108142	1256.645094374252	25.883306928740808	1.3811067702156772	14.998662026151354	80	380
3690.0	1.6501010803208862	25.824338973260705	0.6379185093108142	1256.645094374252	25.883306928740808	1.3701599554807233	20.431273277282795	80	380
3700.0	1.6382351296065305	25.824338973260705	0.6379185093108142	1256.645094374252	25.883306928740808	1.3592999064871496	20.520506312711785	80	380
3710.0	1.6229652091923021	25.824338973260705	0.6379185093108142	1256.645094374252	25.883306928740808	1.3485259355194812	20.35105639752498	80	380
3720.0	1.640104915779711	25.824338973260705	0.6379185093108142	1256.645094374252	25.883306928740808	1.3378373603131584	22.5937445337749	80	380
3730.0	1.6384269025473748	25.824338973260705	0.6379185093108142	1256.645094374252	25.883306928740808	1.3272335040113319	23.44677086552706	80	380
3740.0	1.5121683926231222	25.824338973260705	0.6379185093108142	1256.645094374252	25.883306928740808	1.316713695121997	14.844130369815565	80	380
3750.0	1.4962991817687836	25.824338973260705	0.6379185093108142	1256.645094374252	25.883306928740808	1.3062772674754763	14.546828535150535	80	380
3760.0	1.5469032665324263	25.824338973260705	0.6379185093108142	1256.645094374252	25.883306928740808	1.2959235601822288	19.366860365969853	80	380
3770.0	1.6061850768689776	25.824338973260705	0.6379185093108142	1256.645094374252	25.883306928740808	1.2856519175910044	24.93156622661704	80	380
3780.0	1.6158696103813104	25.824338973260705	0.6379185093108142	1256.645094374252	25.883306928740808	1.2754616892473203	26.688996149690137	80	380
3790.0	1.5584575862179162	25.824338973260705	0.6379185093108142	1256.645094374252	25.883306928740808	1.2653522298522724	23.163934077064326	80	380
3800.0	1.4921520919231517	25.824338973260705	0.6379185093108142	1256.645094374252	25.883306928740808
3810.0	1.5113054143893634	25.824338973260705	0.6379185093108142	1256.645094374252	25.883306928740808
3820.0	1.4754199028350399	25.824338973260705	0.6379185093108142	1256.645094374252	25.883306928740808
3830.0	1.454013248313981	25.824338973260705	0.6379185093108142	1256.645094374252	25.883306928740808
3840.0	1.4915767731006468	25.824338973260705	0.6379185093108142	1256.645094374252	25.883306928740808
3850.0	1.5594643941573108	25.824338973260705	0.6379185093108142	1256.645094374252	25.883306928740808
3860.0	1.4855598970818447	25.824338973260705	0.6379185093108142	1256.645094374252	25.883306928740808
3870.0	1.457704877425116	25.824338973260705	0.6379185093108142	1256.645094374252	25.883306928740808
3880.0	1.437880349665994	25.824338973260705	0.6379185093108142	1256.645094374252	25.883306928740808
3890.0	1.4205728417553363	25.824338973260705	0.6379185093108142	1256.645094374252	25.883306928740808
3900.0	1.4134772429443403	25.824338973260705	0.6379185093108142	1256.645094374252	25.883306928740808
3910.0	1.350288058938208	25.824338973260705	0.6379185093108142	1256.645094374252	25.883306928740808
3920.0	1.3556337296640657	25.824338973260705	0.6379185093108142	1256.645094374252	25.883306928740808
3930.0	1.3666127305270346	25.824338973260705	0.6379185093108142	1256.645094374252	25.883306928740808
3940.0	1.3539557164317457	25.824338973260705	0.6379185093108142	1256.645094374252	25.883306928740808
3950.0	1.3694174097868024	25.824338973260705	0.6379185093108142	1256.645094374252	25.883306928740808
3960.0	1.3256931792757243	25.824338973260705	0.6379185093108142	1256.645094374252	25.883306928740808
3970.0	1.3401720363090108	25.824338973260705	0.6379185093108142	1256.645094374252	25.883306928740808
3980.0	1.3917110141592357	25.824338973260705	0.6379185093108142	1256.645094374252	25.883306928740808
3990.0	1.4164976667625384	25.824338973260705	0.6379185093108142	1256.645094374252	25.883306928740808
4000.0	1.3802765525617577	25.824338973260705	0.6379185093108142	1256.645094374252	25.883306928740808
4010.0	1.3762493208041633	25.824338973260705	0.6379185093108142	1256.645094374252	25.883306928740808
4020.0	1.3358571451401426	25.824338973260705	0.6379185093108142	1256.645094374252	25.883306928740808
4030.0	1.3685304599354258	25.824338973260705	0.6379185093108142	1256.645094374252	25.883306928740808
4040.0	1.3510551507015571	25.824338973260705	0.6379185093108142	1256.645094374252	25.883306928740808
4050.0	1.3477950107073082	25.824338973260705	0.6379185093108142	1256.645094374252	25.883306928740808
4060.0	1.289807667721411	25.824338973260705	0.6379185093108142	1256.645094374252	25.883306928740808
4070.0	1.304694042253958	25.824338973260705	0.6379185093108142	1256.645094374252	25.883306928740808
4080.0	1.2887049733115912	25.824338973260705	0.6379185093108142	1256.645094374252	25.883306928740808
4090.0	1.2852770319941123	25.824338973260705	0.6379185093108142	1256.645094374252	25.883306928740808
4100.0	1.2754007255409583	25.824338973260705	0.6379185093108142	1256.645094374252	25.883306928740808
4110.0	1.249631236615843	25.824338973260705	0.6379185093108142	1256.645094374252	25.883306928740808
4120.0	1.2791402978872939	25.824338973260705	0.6379185093108142	1256.645094374252	25.883306928740808
4130.0	1.2643977530603574	25.824338973260705	0.6379185093108142	1256.645094374252	25.883306928740808
4140.0	1.227169830920174	25.824338973260705	0.6379185093108142	1256.645094374252	25.883306928740808
4150.0	1.2712056924601207	25.824338973260705	0.6379185093108142	1256.645094374252	25.883306928740808
4160.0	1.2790923546520825	25.824338973260705	0.6379185093108142	1256.645094374252	25.883306928740808
4170.0	1.2454122319174086	25.824338973260705	0.6379185093108142	1256.645094374252	25.883306928740808
4180.0	1.1681277367596714	25.824338973260705	0.6379185093108142	1256.645094374252	25.883306928740808
4190.0	1.1460738485632902	25.824338973260705	0.6379185093108142	1256.645094374252	25.883306928740808
4200.0	1.159258238245895	25.824338973260705	0.6379185093108142	1256.645094374252	25.883306928740808
4210.0	1.1395295969572041	25.824338973260705	0.6379185093108142	1256.645094374252	25.883306928740808
4220.0	1.1097808195096812	25.824338973260705	0.6379185093108142	1256.645094374252	25.883306928740808
4230.0	1.1161332981749466	25.824338973260705	0.6379185093108142	1256.645094374252	25.883306928740808
4240.0	1.1932499920094588	25.824338973260705	0.6379185093108142	1256.645094374252	25.883306928740808
4250.0	1.1326737143222185	25.824338973260705	0.6379185093108142	1256.645094374252	25.883306928740808
4260.0	1.1050104676063413	25.824338973260705	0.6379185093108142	1256.645094374252	25.883306928740808
4270.0	1.1135683350912502	25.824338973260705	0.6379185093108142	1256.645094374252	25.883306928740808
4280.0	1.1532893054623208	25.824338973260705	0.6379185093108142	1256.645094374252	25.883306928740808
4290.0	1.1464334228273552	25.824338973260705	0.6379185093108142	1256.645094374252	25.883306928740808
4300.0	1.0819977147057689	25.824338973260705	0.6379185093108142	1256.645094374252	25.883306928740808
4310.0	1.1011989804071927	25.824338973260705	0.6379185093108142	1256.645094374252	25.883306928740808
4320.0	1.1067364240738828	25.824338973260705	0.6379185093108142	1256.645094374252	25.883306928740808
4330.0	1.0936479208617023	25.824338973260705	0.6379185093108142	1256.645094374252	25.883306928740808
4340.0	1.0817579985297185	25.824338973260705	0.6379185093108142	1256.645094374252	25.883306928740808
4350.0	1.10268522069868	25.824338973260705	0.6379185093108142	1256.645094374252	25.883306928740808
4360.0	1.1064967078978345	25.824338973260705	0.6379185093108142	1256.645094374252	25.883306928740808
4370.0	1.1369886054910874	25.824338973260705	0.6379185093108142	1256.645094374252	25.883306928740808
4380.0	1.1775725540959312	25.824338973260705	0.6379185093108142	1256.645094374252	25.883306928740808
4390.0	1.1237323009556601	25.824338973260705	0.6379185093108142	1256.645094374252	25.883306928740808
4400.0	1.0932643749800102	25.824338973260705	0.6379185093108142	1256.645094374252	25.883306928740808
4410.0	1.1199927286093165	25.824338973260705	0.6379185093108142	1256.645094374252	25.883306928740808
4420.0	1.1595219260395517	25.824338973260705	0.6379185093108142	1256.645094374252	25.883306928740808
4430.0	1.1261294627161338	25.824338973260705	0.6379185093108142	1256.645094374252	25.883306928740808
4440.0	1.0829326077923664	25.824338973260705	0.6379185093108142	1256.645094374252	25.883306928740808
4450.0	1.085042110141586	25.824338973260705	0.6379185093108142	1256.645094374252	25.883306928740808
4460.0	1.0707310544315485	25.824338973260705	0.6379185093108142	1256.645094374252	25.883306928740808
4470.0	1.1252425128647625	25.824338973260705	0.6379185093108142	1256.645094374252	25.883306928740808
4480.0	1.0961169974749772	25.824338973260705	0.6379185093108142	1256.645094374252	25.883306928740808
4490.0	1.0343661105251307	25.824338973260705	0.6379185093108142	1256.645094374252	25.883306928740808
4500.0	1.017585978201803	25.824338973260705	0.6379185093108142	1256.645094374252	25.883306928740808
4510.0	1.0383453990475124	25.824338973260705	0.6379185093108142	1256.645094374252	25.883306928740808
4520.0	0.9974258477961954	25.824338973260705	0.6379185093108142	1256.645094374252	25.883306928740808
4530.0	0.96784487167194	25.824338973260705	0.6379185093108142	1256.645094374252	25.883306928740808
4540.0	0.9275965257135448	25.824338973260705	0.6379185093108142	1256.645094374252	25.883306928740808
4550.0	0.9168812126442194	25.824338973260705	0.6379185093108142	1256.645094374252	25.883306928740808
4560.0	0.9559309777223711	25.824338973260705	0.6379185093108142	1256.645094374252	25.883306928740808
4570.0	0.977960894301142	25.824338973260705	0.6379185093108142	1256.645094374252	25.883306928740808
4580.0	0.957992536836368	25.824338973260705	0.6379185093108142	1256.645094374252	25.883306928740808
4590.0	1.0126478249752207	25.824338973260705	0.6379185093108142	1256.645094374252	25.883306928740808
4600.0	0.9877413142838743	25.824338973260705	0.6379185093108142	1256.645094374252	25.883306928740808
4610.0	0.9264698596861228	25.824338973260705	0.6379185093108142	1256.645094374252	25.883306928740808
4620.0	0.8340832454374065	25.824338973260705	0.6379185093108142	1256.645094374252	25.883306928740808
4630.0	0.8924781059225791	25.824338973260705	0.6379185093108142	1256.645094374252	25.883306928740808
4640.0	0.9463183590628605	25.824338973260705	0.6379185093108142	1256.645094374252	25.883306928740808
4650.0	0.997162160002545	25.824338973260705	0.6379185093108142	1256.645094374252	25.883306928740808
4660.0	0.997737478825066	25.824338973260705	0.6379185093108142	1256.645094374252	25.883306928740808
4670.0	1.013390945120963	25.824338973260705	0.6379185093108142	1256.645094374252	25.883306928740808
4680.0	1.0363797264039187	25.824338973260705	0.6379185093108142	1256.645094374252	25.883306928740808
4690.0	1.0410302202192576	25.824338973260705	0.6379185093108142	1256.645094374252	25.883306928740808
4700.0	0.9767862850385051	25.824338973260705	0.6379185093108142	1256.645094374252	25.883306928740808
4710.0	0.9867345063444668	25.824338973260705	0.6379185093108142	1256.645094374252	25.883306928740808
4720.0	0.9695947997570784	25.824338973260705	0.6379185093108142	1256.645094374252	25.883306928740808
4730.0	0.978080752389162	25.824338973260705	0.6379185093108142	1256.645094374252	25.883306928740808
4740.0	0.9704817496084518	25.824338973260705	0.6379185093108142	1256.645094374252	25.883306928740808
4750.0	0.9792553616517927	25.824338973260705	0.6379185093108142	1256.645094374252	25.883306928740808
4760.0	0.9886282641352534	25.824338973260705	0.6379185093108142	1256.645094374252	25.883306928740808
4770.0	0.9601739540384092	25.824338973260705	0.6379185093108142	1256.645094374252	25.883306928740808
4780.0	0.8977278901780168	25.824338973260705	0.6379185093108142	1256.645094374252	25.883306928740808
4790.0	0.8784547096238005	25.824338973260705	0.6379185093108142	1256.645094374252	25.883306928740808
4800.0	0.8669003899383088	25.824338973260705	0.6379185093108142	1256.645094374252	25.883306928740808
4810.0	0.8431684885096029	25.824338973260705	0.6379185093108142	1256.645094374252	25.883306928740808
4820.0	0.8720063444881225	25.824338973260705	0.6379185093108142	1256.645094374252	25.883306928740808
4830.0	0.8708317352254882	25.824338973260705	0.6379185093108142	1256.645094374252	25.883306928740808
4840.0	0.8261006967750084	25.824338973260705	0.6379185093108142	1256.645094374252	25.883306928740808
4850.0	0.807858295777792	25.824338973260705	0.6379185093108142	1256.645094374252	25.883306928740808
4860.0	0.8261246683926247	25.824338973260705	0.6379185093108142	1256.645094374252	25.883306928740808
4870.0	0.8083137565122894	25.824338973260705	0.6379185093108142	1256.645094374252	25.883306928740808
4880.0	0.8135395691501299	25.824338973260705	0.6379185093108142	1256.645094374252	25.883306928740808
4890.0	0.8009304982900198	25.824338973260705	0.6379185093108142	1256.645094374252	25.883306928740808
4900.0	0.8327168632339257	25.824338973260705	0.6379185093108142	1256.645094374252	25.883306928740808
4910.0	0.8224570108990854	25.824338973260705	0.6379185093108142	1256.645094374252	25.883306928740808
4920.0	0.8530927381979708	25.824338973260705	0.6379185093108142	1256.645094374252	25.883306928740808
4930.0	0.8635443634736445	25.824338973260705	0.6379185093108142	1256.645094374252	25.883306928740808
4940.0	0.8266760155975323	25.824338973260705	0.6379185093108142	1256.645094374252	25.883306928740808
4950.0	0.836120832933812	25.824338973260705	0.6379185093108142	1256.645094374252	25.883306928740808
4960.0	0.8099438265094139	25.824338973260705	0.6379185093108142	1256.645094374252	25.883306928740808
4970.0	0.806396027103913	25.824338973260705	0.6379185093108142	1256.645094374252	25.883306928740808
4980.0	0.8059645379870138	25.824338973260705	0.6379185093108142	1256.645094374252	25.883306928740808
4990.0	0.8308470770607506	25.824338973260705	0.6379185093108142	1256.645094374252	25.883306928740808
5000.0	0.8490655064403692	25.824338973260705	0.6379185093108142	1256.645094374252	25.883306928740808
5010.0	0.7920370281586496	25.824338973260705	0.6379185093108142	1256.645094374252	25.883306928740808
5020.0	0.8542913190782075	25.824338973260705	0.6379185093108142	1256.645094374252	25.883306928740808
5030.0	0.8843277559369601	25.824338973260705	0.6379185093108142	1256.645094374252	25.883306928740808
5040.0	0.8650306037651323	25.824338973260705	0.6379185093108142	1256.645094374252	25.883306928740808
5050.0	0.8625135839166417	25.824338973260705	0.6379185093108142	1256.645094374252	25.883306928740808
5060.0	0.861602662447648	25.824338973260705	0.6379185093108142	1256.645094374252	25.883306928740808
5070.0	0.8467162879151031	25.824338973260705	0.6379185093108142	1256.645094374252	25.883306928740808
5080.0	0.8156250998817441	25.824338973260705	0.6379185093108142	1256.645094374252	25.883306928740808
5090.0	0.8133477962092873	25.824338973260705	0.6379185093108142	1256.645094374252	25.883306928740808
5100.0	0.8009065266724222	25.824338973260705	0.6379185093108142	1256.645094374252	25.883306928740808
5110.0	0.7795957586217916	25.824338973260705	0.6379185093108142	1256.645094374252	25.883306928740808
5120.0	0.7291594751813888	25.824338973260705	0.6379185093108142	1256.645094374252	25.883306928740808
5130.0	0.724197350337198	25.824338973260705	0.6379185093108142	1256.645094374252	25.883306928740808
5140.0	0.7172695528494308	25.824338973260705	0.6379185093108142	1256.645094374252	25.883306928740808
5150.0	0.7146326749129085	25.824338973260705	0.6379185093108142	1256.645094374252	25.883306928740808
5160.0	0.680664892766964	25.824338973260705	0.6379185093108142	1256.645094374252	25.883306928740808
5170.0	0.6696619202863829	25.824338973260705	0.6379185093108142	1256.645094374252	25.883306928740808
5180.0	0.6645559657365716	25.824338973260705	0.6379185093108142	1256.645094374252	25.883306928740808
5190.0	0.6528338447278441	25.824338973260705	0.6379185093108142	1256.645094374252	25.883306928740808
5200.0	0.6699016364624313	25.824338973260705	0.6379185093108142	1256.645094374252	25.883306928740808
5210.0	0.7327552178220906	25.824338973260705	0.6379185093108142	1256.645094374252	25.883306928740808
5220.0	0.677069150126258	25.824338973260705	0.6379185093108142	1256.645094374252	25.883306928740808
5230.0	0.6860345351104358	25.824338973260705	0.6379185093108142	1256.645094374252	25.883306928740808
5240.0	0.6668332694090198	25.824338973260705	0.6379185093108142	1256.645094374252	25.883306928740808
5250.0	0.702574951257712	25.824338973260705	0.6379185093108142	1256.645094374252	25.883306928740808
5260.0	0.7096705500687198	25.824338973260705	0.6379185093108142	1256.645094374252	25.883306928740808
5270.0	0.7202420334324191	25.824338973260705	0.6379185093108142	1256.645094374252	25.883306928740808
5280.0	0.6844284367309137	25.824338973260705	0.6379185093108142	1256.645094374252	25.883306928740808
5290.0	0.709742464921536	25.824338973260705	0.6379185093108142	1256.645094374252	25.883306928740808
5300.0	0.7369502509029282	25.824338973260705	0.6379185093108142	1256.645094374252	25.883306928740808
5310.0	0.7410254258957414	25.824338973260705	0.6379185093108142	1256.645094374252	25.883306928740808
5320.0	0.7200742321091816	25.824338973260705	0.6379185093108142	1256.645094374252	25.883306928740808
5330.0	0.6897980790743866	25.824338973260705	0.6379185093108142	1256.645094374252	25.883306928740808
5340.0	0.6648915683830396	25.824338973260705	0.6379185093108142	1256.645094374252	25.883306928740808
5350.0	0.6428856234218729	25.824338973260705	0.6379185093108142	1256.645094374252	25.883306928740808
5360.0	0.6933219068622755	25.824338973260705	0.6379185093108142	1256.645094374252	25.883306928740808
5370.0	0.685938648640015	25.824338973260705	0.6379185093108142	1256.645094374252	25.883306928740808
5380.0	0.6673846166139353	25.824338973260705	0.6379185093108142	1256.645094374252	25.883306928740808
5390.0	0.6629258957394469	25.824338973260705	0.6379185093108142	1256.645094374252	25.883306928740808
5400.0	0.6659942627928623	25.824338973260705	0.6379185093108142	1256.645094374252	25.883306928740808
5410.0	0.6733775210151244	25.824338973260705	0.6379185093108142	1256.645094374252	25.883306928740808
5420.0	0.632505912999017	25.824338973260705	0.6379185093108142	1256.645094374252	25.883306928740808
5430.0	0.642094560040919	25.824338973260705	0.6379185093108142	1256.645094374252	25.883306928740808
5440.0	0.6279033624189024	25.824338973260705	0.6379185093108142	1256.645094374252	25.883306928740808
5450.0	0.5949663598299694	25.824338973260705	0.6379185093108142	1256.645094374252	25.883306928740808
5460.0	0.6011270655543897	25.824338973260705	0.6379185093108142	1256.645094374252	25.883306928740808
5470.0	0.6046988365775009	25.824338973260705	0.6379185093108142	1256.645094374252	25.883306928740808
5480.0	0.5611184357720476	25.824338973260705	0.6379185093108142	1256.645094374252	25.883306928740808
5490.0	0.6010072074663646	25.824338973260705	0.6379185093108142	1256.645094374252	25.883306928740808
5500.0	0.5835318982325002	25.824338973260705	0.6379185093108142	1256.645094374252	25.883306928740808
5510.0	0.5418452552178248	25.824338973260705	0.6379185093108142	1256.645094374252	25.883306928740808
5520.0	0.5476703582957809	25.824338973260705	0.6379185093108142	1256.645094374252	25.883306928740808
5530.0	0.5280855467126946	25.824338973260705	0.6379185093108142	1256.645094374252	25.883306928740808
5540.0	0.5586493591587602	25.824338973260705	0.6379185093108142	1256.645094374252	25.883306928740808
5550.0	0.5808231054431622	25.824338973260705	0.6379185093108142	1256.645094374252	25.883306928740808
5560.0	0.5981545849714038	25.824338973260705	0.6379185093108142	1256.645094374252	25.883306928740808
5570.0	0.6390022213699071	25.824338973260705	0.6379185093108142	1256.645094374252	25.883306928740808
5580.0	0.5994490523220526	25.824338973260705	0.6379185093108142	1256.645094374252	25.883306928740808
5590.0	0.5893809729280572	25.824338973260705	0.6379185093108142	1256.645094374252	25.883306928740808
5600.0	0.5799361555917881	25.824338973260705	0.6379185093108142	1256.645094374252	25.883306928740808
5610.0	0.6137601080320949	25.824338973260705	0.6379185093108142	1256.645094374252	25.883306928740808
5620.0	0.6128491865631124	25.824338973260705	0.6379185093108142	1256.645094374252	25.883306928740808
5630.0	0.6311874740307521	25.824338973260705	0.6379185093108142	1256.645094374252	25.883306928740808
5640.0	0.621119394636761	25.824338973260705	0.6379185093108142	1256.645094374252	25.883306928740808
5650.0	0.6158216671461085	25.824338973260705	0.6379185093108142	1256.645094374252	25.883306928740808
5660.0	0.6200886150797558	25.824338973260705	0.6379185093108142	1256.645094374252	25.883306928740808
5670.0	0.6239480455141224	25.824338973260705	0.6379185093108142	1256.645094374252	25.883306928740808
5680.0	0.5637313420909689	25.824338973260705	0.6379185093108142	1256.645094374252	25.883306928740808
5690.0	0.5463998625627299	25.824338973260705	0.6379185093108142	1256.645094374252	25.883306928740808
5700.0	0.5397117812510044	25.824338973260705	0.6379185093108142	1256.645094374252	25.883306928740808
5710.0	0.5787855179467558	25.824338973260705	0.6379185093108142	1256.645094374252	25.883306928740808
5720.0	0.6213591108128038	25.824338973260705	0.6379185093108142	1256.645094374252	25.883306928740808
5730.0	0.6256020871288441	25.824338973260705	0.6379185093108142	1256.645094374252	25.883306928740808
5740.0	0.6367009460798404	25.824338973260705	0.6379185093108142	1256.645094374252	25.883306928740808
5750.0	0.5726248122223322	25.824338973260705	0.6379185093108142	1256.645094374252	25.883306928740808
5760.0	0.5144696679131976	25.824338973260705	0.6379185093108142	1256.645094374252	25.883306928740808
5770.0	0.5093397417457811	25.824338973260705	0.6379185093108142	1256.645094374252	25.883306928740808
5780.0	0.4845530891424628	25.824338973260705	0.6379185093108142	1256.645094374252	25.883306928740808
5790.0	0.5148532137948714	25.824338973260705	0.6379185093108142	1256.645094374252	25.883306928740808
5800.0	0.5141340652667298	25.824338973260705	0.6379185093108142	1256.645094374252	25.883306928740808
5810.0	0.49234386486400866	25.824338973260705	0.6379185093108142	1256.645094374252	25.883306928740808
5820.0	0.4613245916834534	25.824338973260705	0.6379185093108142	1256.645094374252	25.883306928740808
5830.0	0.48404968517276176	25.824338973260705	0.6379185093108142	1256.645094374252	25.883306928740808
5840.0	0.4601739540384248	25.824338973260705	0.6379185093108142	1256.645094374252	25.883306928740808
5850.0	0.48623110237479455	25.824338973260705	0.6379185093108142	1256.645094374252	25.883306928740808
5860.0	0.4771458593025912	25.824338973260705	0.6379185093108142	1256.645094374252	25.883306928740808
5870.0	0.4512565122894531	25.824338973260705	0.6379185093108142	1256.645094374252	25.883306928740808
5880.0	0.4906658516316727	25.824338973260705	0.6379185093108142	1256.645094374252	25.883306928740808
5890.0	0.5002305270559718	25.824338973260705	0.6379185093108142	1256.645094374252	25.883306928740808
5900.0	0.4993675488222001	25.824338973260705	0.6379185093108142	1256.645094374252	25.883306928740808
5910.0	0.4960115223575331	25.824338973260705	0.6379185093108142	1256.645094374252	25.883306928740808
5920.0	0.5060076868987171	25.824338973260705	0.6379185093108142	1256.645094374252	25.883306928740808
5930.0	0.5005901013200423	25.824338973260705	0.6379185093108142	1256.645094374252	25.883306928740808
5940.0	0.5090520823345203	25.824338973260705	0.6379185093108142	1256.645094374252	25.883306928740808
5950.0	0.5245617189247952	25.824338973260705	0.6379185093108142	1256.645094374252	25.883306928740808
5960.0	0.5421808578642929	25.824338973260705	0.6379185093108142	1256.645094374252	25.883306928740808
5970.0	0.5386810016939967	25.824338973260705	0.6379185093108142	1256.645094374252	25.883306928740808
5980.0	0.513510803209006	25.824338973260705	0.6379185093108142	1256.645094374252	25.883306928740808
5990.0	0.47604316489277304	25.824338973260705	0.6379185093108142	1256.645094374252	25.883306928740808
6000.0	0.4646326749129077	25.824338973260705	0.6379185093108142	1256.645094374252	25.883306928740808
6010.0	0.4704817496084689	25.824338973260705	0.6379185093108142	1256.645094374252	25.883306928740808
6020.0	0.4701940901972119	25.824338973260705	0.6379185093108142	1256.645094374252	25.883306928740808
6030.0	0.4602458688912394	25.824338973260705	0.6379185093108142	1256.645094374252	25.883306928740808
6040.0	0.45667409786813024	25.824338973260705	0.6379185093108142	1256.645094374252	25.883306928740808
6050.0	0.46595111388117194	25.824338973260705	0.6379185093108142	1256.645094374252	25.883306928740808
6060.0	0.46091707418417055	25.824338973260705	0.6379185093108142	1256.645094374252	25.883306928740808
6070.0	0.4544207658132821	25.824338973260705	0.6379185093108142	1256.645094374252	25.883306928740808
6080.0	0.4530304119922075	25.824338973260705	0.6379185093108142	1256.645094374252	25.883306928740808
6090.0	0.4458389267107806	25.824338973260705	0.6379185093108142	1256.645094374252	25.883306928740808
6100.0	0.4384796401061186	25.824338973260705	0.6379185093108142	1256.645094374252	25.883306928740808
6110.0	0.44507183494742675	25.824338973260705	0.6379185093108142	1256.645094374252	25.883306928740808
6120.0	0.4312881548246945	25.824338973260705	0.6379185093108142	1256.645094374252	25.883306928740808
6130.0	0.4275725540959548	25.824338973260705	0.6379185093108142	1256.645094374252	25.883306928740808
6140.0	0.4411884328954568	25.824338973260705	0.6379185093108142	1256.645094374252	25.883306928740808
6150.0	0.44152403554192243	25.824338973260705	0.6379185093108142	1256.645094374252	25.883306928740808
6160.0	0.41422036309010457	25.824338973260705	0.6379185093108142	1256.645094374252	25.883306928740808
6170.0	0.4021626394349133	25.824338973260705	0.6379185093108142	1256.645094374252	25.883306928740808
6180.0	0.3669723047911307	25.824338973260705	0.6379185093108142	1256.645094374252	25.883306928740808
6190.0	0.3826737143222468	25.824338973260705	0.6379185093108142	1256.645094374252	25.883306928740808
6200.0	0.39916618723432096	25.824338973260705	0.6379185093108142	1256.645094374252	25.883306928740808
6210.0	0.4286512768881696	25.824338973260705	0.6379185093108142	1256.645094374252	25.883306928740808
6220.0	0.4126382363281894	25.824338973260705	0.6379185093108142	1256.645094374252	25.883306928740808
6230.0	0.43545921628791906	25.824338973260705	0.6379185093108142	1256.645094374252	25.883306928740808
6240.0	0.45190374596478355	25.824338973260705	0.6379185093108142	1256.645094374252	25.883306928740808
6250.0	0.4340688624668447	25.824338973260705	0.6379185093108142	1256.645094374252	25.883306928740808
6260.0	0.40731653721993405	25.824338973260705	0.6379185093108142	1256.645094374252	25.883306928740808
6270.0	0.40194689487646795	25.824338973260705	0.6379185093108142	1256.645094374252	25.883306928740808
6280.0	0.41568263176399306	25.824338973260705	0.6379185093108142	1256.645094374252	25.883306928740808
6290.0	0.41194305941765086	25.824338973260705	0.6379185093108142	1256.645094374252	25.883306928740808
6300.0	0.4343804934957047	25.824338973260705	0.6379185093108142	1256.645094374252	25.883306928740808
6310.0	0.4540372199316058	25.824338973260705	0.6379185093108142	1256.645094374252	25.883306928740808
6320.0	0.4482840317064645	25.824338973260705	0.6379185093108142	1256.645094374252	25.883306928740808
6330.0	0.4735261450442713	25.824338973260705	0.6379185093108142	1256.645094374252	25.883306928740808
6340.0	0.4751322434237905	25.824338973260705	0.6379185093108142	1256.645094374252	25.883306928740808
6350.0	0.4223467414581158	25.824338973260705	0.6379185093108142	1256.645094374252	25.883306928740808
6360.0	0.39492321091827426	25.824338973260705	0.6379185093108142	1256.645094374252	25.883306928740808
6370.0	0.3582466359829993	25.824338973260705	0.6379185093108142	1256.645094374252	25.883306928740808
6380.0	0.36716407773196763	25.824338973260705	0.6379185093108142	1256.645094374252	25.883306928740808
6390.0	0.3538358583437232	25.824338973260705	0.6379185093108142	1256.645094374252	25.883306928740808
6400.0	0.36201017994694557	25.824338973260705	0.6379185093108142	1256.645094374252	25.883306928740808
6410.0	0.3527091923162998	25.824338973260705	0.6379185093108142	1256.645094374252	25.883306928740808
6420.0	0.3876598107840343	25.824338973260705	0.6379185093108142	1256.645094374252	25.883306928740808
6430.0	0.37716024227315237	25.824338973260705	0.6379185093108142	1256.645094374252	25.883306928740808
6440.0	0.37131116757759125	25.824338973260705	0.6379185093108142	1256.645094374252	25.883306928740808
6450.0	0.35855826701186133	25.824338973260705	0.6379185093108142	1256.645094374252	25.883306928740808
6460.0	0.34180210630613567	25.824338973260705	0.6379185093108142	1256.645094374252	25.883306928740808
6470.0	0.35522621216479816	25.824338973260705	0.6379185093108142	1256.645094374252	25.883306928740808
6480.0	0.34108295777799197	25.824338973260705	0.6379185093108142	1256.645094374252	25.883306928740808
6490.0	0.3219536069293966	25.824338973260705	0.6379185093108142	1256.645094374252	25.883306928740808
6500.0	0.3164880781155121	25.824338973260705	0.6379185093108142	1256.645094374252	25.883306928740808
6510.0	0.35222975996420375	25.824338973260705	0.6379185093108142	1256.645094374252	25.883306928740808
6520.0	0.3621779812701775	25.824338973260705	0.6379185093108142	1256.645094374252	25.883306928740808
6530.0	0.3910877521015156	25.824338973260705	0.6379185093108142	1256.645094374252	25.883306928740808
6540.0	0.3593972736280255	25.824338973260705	0.6379185093108142	1256.645094374252	25.883306928740808
6550.0	0.3550584108415658	25.824338973260705	0.6379185093108142	1256.645094374252	25.883306928740808
6560.0	0.3708077636078918	25.824338973260705	0.6379185093108142	1256.645094374252	25.883306928740808
6570.0	0.4003168248793467	25.824338973260705	0.6379185093108142	1256.645094374252	25.883306928740808
6580.0	0.3768725828618935	25.824338973260705	0.6379185093108142	1256.645094374252	25.883306928740808
6590.0	0.3482744430594197	25.824338973260705	0.6379185093108142	1256.645094374252	25.883306928740808
6600.0	0.329288921916452	25.824338973260705	0.6379185093108142	1256.645094374252	25.883306928740808
6610.0	0.3575514590724586	25.824338973260705	0.6379185093108142	1256.645094374252	25.883306928740808
6620.0	0.3252856617764577	25.824338973260705	0.6379185093108142	1256.645094374252	25.883306928740808
6630.0	0.3272753060376514	25.824338973260705	0.6379185093108142	1256.645094374252	25.883306928740808
6640.0	0.31723119826125895	25.824338973260705	0.6379185093108142	1256.645094374252	25.883306928740808
6650.0	0.333388068526865	25.824338973260705	0.6379185093108142	1256.645094374252	25.883306928740808
6660.0	0.33197374308818267	25.824338973260705	0.6379185093108142	1256.645094374252	25.883306928740808
6670.0	0.34623685556301353	25.824338973260705	0.6379185093108142	1256.645094374252	25.883306928740808
6680.0	0.33540168440566526	25.824338973260705	0.6379185093108142	1256.645094374252	25.883306928740808
6690.0	0.32192963531179236	25.824338973260705	0.6379185093108142	1256.645094374252	25.883306928740808
6700.0	0.3079541822482184	25.824338973260705	0.6379185093108142	1256.645094374252	25.883306928740808
6710.0	0.2873625627257322	25.824338973260705	0.6379185093108142	1256.645094374252	25.883306928740808
6720.0	0.2733871096621605	25.824338973260705	0.6379185093108142	1256.645094374252	25.883306928740808
6730.0	0.32233715281107256	25.824338973260705	0.6379185093108142	1256.645094374252	25.883306928740808
6740.0	0.32269672707514413	25.824338973260705	0.6379185093108142	1256.645094374252	25.883306928740808
6750.0	0.3260767251574147	25.824338973260705	0.6379185093108142	1256.645094374252	25.883306928740808
6760.0	0.31984410458017776	25.824338973260705	0.6379185093108142	1256.645094374252	25.883306928740808
6770.0	0.27760611436059807	25.824338973260705	0.6379185093108142	1256.645094374252	25.883306928740808
6780.0	0.27856497906478905	25.824338973260705	0.6379185093108142	1256.645094374252	25.883306928740808
6790.0	0.3069953175440293	25.824338973260705	0.6379185093108142	1256.645094374252	25.883306928740808
6800.0	0.30836169974749944	25.824338973260705	0.6379185093108142	1256.645094374252	25.883306928740808
6810.0	0.2951293668296753	25.824338973260705	0.6379185093108142	1256.645094374252	25.883306928740808
6820.0	0.31814211973023987	25.824338973260705	0.6379185093108142	1256.645094374252	25.883306928740808
6830.0	0.33113473647201863	25.824338973260705	0.6379185093108142	1256.645094374252	25.883306928740808
6840.0	0.3052453894588815	25.824338973260705	0.6379185093108142	1256.645094374252	25.883306928740808
6850.0	0.3213303448716737	25.824338973260705	0.6379185093108142	1256.645094374252	25.883306928740808
6860.0	0.30824184165947655	25.824338973260705	0.6379185093108142	1256.645094374252	25.883306928740808
6870.0	0.294793764183209	25.824338973260705	0.6379185093108142	1256.645094374252	25.883306928740808
6880.0	0.312508789593122	25.824338973260705	0.6379185093108142	1256.645094374252	25.883306928740808
6890.0	0.28453391184837307	25.824338973260705	0.6379185093108142	1256.645094374252	25.883306928740808
6900.0	0.28743447757854856	25.824338973260705	0.6379185093108142	1256.645094374252	25.883306928740808
6910.0	0.29373901300859867	25.824338973260705	0.6379185093108142	1256.645094374252	25.883306928740808
6920.0	0.30838567136510514	25.824338973260705	0.6379185093108142	1256.645094374252	25.883306928740808
6930.0	0.31370737047336017	25.824338973260705	0.6379185093108142	1256.645094374252	25.883306928740808
6940.0	0.33525785470003533	25.824338973260705	0.6379185093108142	1256.645094374252	25.883306928740808
6950.0	0.3487538754115147	25.824338973260705	0.6379185093108142	1256.645094374252	25.883306928740808
6960.0	0.31138212356569983	25.824338973260705	0.6379185093108142	1256.645094374252	25.883306928740808
6970.0	0.2831675296449012	25.824338973260705	0.6379185093108142	1256.645094374252	25.883306928740808
6980.0	0.315457298558508	25.824338973260705	0.6379185093108142	1256.645094374252	25.883306928740808
6990.0	0.3331723239684218	25.824338973260705	0.6379185093108142	1256.645094374252	25.883306928740808
7000.0	0.3057487934285804	25.824338973260705	0.6379185093108142	1256.645094374252	25.883306928740808
7010.0	0.2918212836002175	25.824338973260705	0.6379185093108142	1256.645094374252	25.883306928740808
7020.0	0.2825682392047821	25.824338973260705	0.6379185093108142	1256.645094374252	25.883306928740808
7030.0	0.3109266628312101	25.824338973260705	0.6379185093108142	1256.645094374252	25.883306928740808
7040.0	0.2712296640777344	25.824338973260705	0.6379185093108142	1256.645094374252	25.883306928740808
7050.0	0.27190086937066604	25.824338973260705	0.6379185093108142	1256.645094374252	25.883306928740808
7060.0	0.3029680857864295	25.824338973260705	0.6379185093108142	1256.645094374252	25.883306928740808
7070.0	0.2998997187330225	25.824338973260705	0.6379185093108142	1256.645094374252	25.883306928740808
7080.0	0.3072590053376807	25.824338973260705	0.6379185093108142	1256.645094374252	25.883306928740808
7090.0	0.2838147633202299	25.824338973260705	0.6379185093108142	1256.645094374252	25.883306928740808
7100.0	0.2893042637517185	25.824338973260705	0.6379185093108142	1256.645094374252	25.883306928740808
7110.0	0.2790923546520911	25.824338973260705	0.6379185093108142	1256.645094374252	25.883306928740808
7120.0	0.29390681433183174	25.824338973260705	0.6379185093108142	1256.645094374252	25.883306928740808
7130.0	0.29831759197110774	25.824338973260705	0.6379185093108142	1256.645094374252	25.883306928740808
7140.0	0.2800512193562824	25.824338973260705	0.6379185093108142	1256.645094374252	25.883306928740808
7150.0	0.2725001598107851	25.824338973260705	0.6379185093108142	1256.645094374252	25.883306928740808
7160.0	0.27192484098827113	25.824338973260705	0.6379185093108142	1256.645094374252	25.883306928740808
7170.0	0.2675620065842055	25.824338973260705	0.6379185093108142	1256.645094374252	25.883306928740808
7180.0	0.24502868603573322	25.824338973260705	0.6379185093108142	1256.645094374252	25.883306928740808
7190.0	0.24891568383034388	25.824338973260705	0.6379185093108142	1256.645094374252	25.883306928740808
7200.0	0.2480291335059289	25.824338973260705	0.6379185093108142	1256.645094374252	25.883306928740808
7210.0	0.2925915715792507	25.824338973260705	0.6379185093108142	1256.645094374252	25.883306928740808
7220.0	0.2934066065778138	25.824338973260705	0.6379185093108142	1256.645094374252	25.883306928740808
7230.0	0.2839378176239349	25.824338973260705	0.6379185093108142	1256.645094374252	25.883306928740808
7240.0	0.2811331383641775	25.824338973260705	0.6379185093108142	1256.645094374252	25.883306928740808
7250.0	0.28703015629494666	25.824338973260705	0.6379185093108142	1256.645094374252	25.883306928740808
7260.0	0.32607992137309555	25.824338973260705	0.6379185093108142	1256.645094374252	25.883306928740808
7270.0	0.30862858375683333	25.824338973260705	0.6379185093108142	1256.645094374252	25.883306928740808
7280.0	0.30004674465433095	25.824338973260705	0.6379185093108142	1256.645094374252	25.883306928740808
7290.0	0.27353413558347	25.824338973260705	0.6379185093108142	1256.645094374252	25.883306928740808
7300.0	0.27425328411161165	25.824338973260705	0.6379185093108142	1256.645094374252	25.883306928740808
7310.0	0.2789996643973529	25.824338973260705	0.6379185093108142	1256.645094374252	25.883306928740808
7320.0	0.28750958864704257	25.824338973260705	0.6379185093108142	1256.645094374252	25.883306928740808
7330.0	0.27792094160513975	25.824338973260705	0.6379185093108142	1256.645094374252	25.883306928740808
7340.0	0.240093729024835	25.824338973260705	0.6379185093108142	1256.645094374252	25.883306928740808
7350.0	0.25764095311151625	25.824338973260705	0.6379185093108142	1256.645094374252	25.883306928740808
7360.0	0.26128463898744014	25.824338973260705	0.6379185093108142	1256.645094374252	25.883306928740808
7370.0	0.25859981781570734	25.824338973260705	0.6379185093108142	1256.645094374252	25.883306928740808
7380.0	0.2458229456323706	25.824338973260705	0.6379185093108142	1256.645094374252	25.883306928740808
7390.0	0.24877145459775699	25.824338973260705	0.6379185093108142	1256.645094374252	25.883306928740808
7400.0	0.24865159650973312	25.824338973260705	0.6379185093108142	1256.645094374252	25.883306928740808
7410.0	0.2606374053121106	25.824338973260705	0.6379185093108142	1256.645094374252	25.883306928740808
7420.0	0.21446806980535008	25.824338973260705	0.6379185093108142	1256.645094374252	25.883306928740808
7430.0	0.2193103365615102	25.824338973260705	0.6379185093108142	1256.645094374252	25.883306928740808
7440.0	0.2099134624604459	25.824338973260705	0.6379185093108142	1256.645094374252	25.883306928740808
7450.0	0.2422751462268665	25.824338973260705	0.6379185093108142	1256.645094374252	25.883306928740808
7460.0	0.23915883593824808	25.824338973260705	0.6379185093108142	1256.645094374252	25.883306928740808
7470.0	0.2547643589989458	25.824338973260705	0.6379185093108142	1256.645094374252	25.883306928740808
7480.0	0.22098834979384413	25.824338973260705	0.6379185093108142	1256.645094374252	25.883306928740808
7490.0	0.23052905360053658	25.824338973260705	0.6379185093108142	1256.645094374252	25.883306928740808
7500.0	0.2803660466008259	25.824338973260705	0.6379185093108142	1256.645094374252	25.883306928740808
7510.0	0.2737498801419135	25.824338973260705	0.6379185093108142	1256.645094374252	25.883306928740808
7520.0	0.24591883210279095	25.824338973260705	0.6379185093108142	1256.645094374252	25.883306928740808
7530.0	0.24728521430626144	25.824338973260705	0.6379185093108142	1256.645094374252	25.883306928740808
7540.0	0.23592266756160724	25.824338973260705	0.6379185093108142	1256.645094374252	25.883306928740808
7550.0	0.24611060504362742	25.824338973260705	0.6379185093108142	1256.645094374252	25.883306928740808
7560.0	0.24963443283152706	25.824338973260705	0.6379185093108142	1256.645094374252	25.883306928740808
7570.0	0.2404772749065096	25.824338973260705	0.6379185093108142	1256.645094374252	25.883306928740808
7580.0	0.28050987630645374	25.824338973260705	0.6379185093108142	1256.645094374252	25.883306928740808
7590.0	0.27890377792693516	25.824338973260705	0.6379185093108142	1256.645094374252	25.883306928740808
7600.0	0.24076493431776727	25.824338973260705	0.6379185093108142	1256.645094374252	25.883306928740808
7610.0	0.2588874772269643	25.824338973260705	0.6379185093108142	1256.645094374252	25.883306928740808
7620.0	0.2457989740147666	25.824338973260705	0.6379185093108142	1256.645094374252	25.883306928740808
7630.0	0.22642990699012353	25.824338973260705	0.6379185093108142	1256.645094374252	25.883306928740808
7640.0	0.20679715217182798	25.824338973260705	0.6379185093108142	1256.645094374252	25.883306928740808
7650.0	0.21940622303192983	25.824338973260705	0.6379185093108142	1256.645094374252	25.883306928740808
7660.0	0.2150194170102592	25.824338973260705	0.6379185093108142	1256.645094374252	25.883306928740808
7670.0	0.2558191101735542	25.824338973260705	0.6379185093108142	1256.645094374252	25.883306928740808
7680.0	0.25080904209415966	25.824338973260705	0.6379185093108142	1256.645094374252	25.883306928740808
7690.0	0.24819613577524208	25.824338973260705	0.6379185093108142	1256.645094374252	25.883306928740808
7700.0	0.21784806788762057	25.824338973260705	0.6379185093108142	1256.645094374252	25.883306928740808
7710.0	0.20660537923098948	25.824338973260705	0.6379185093108142	1256.645094374252	25.883306928740808
7720.0	0.23659387285454012	25.824338973260705	0.6379185093108142	1256.645094374252	25.883306928740808
7730.0	0.2388232332917819	25.824338973260705	0.6379185093108142	1256.645094374252	25.883306928740808
7740.0	0.22640593537251777	25.824338973260705	0.6379185093108142	1256.645094374252	25.883306928740808
7750.0	0.21247842554415416	25.824338973260705	0.6379185093108142	1256.645094374252	25.883306928740808
7760.0	0.1838323425064704	25.824338973260705	0.6379185093108142	1256.645094374252	25.883306928740808
7770.0	0.22201912935084764	25.824338973260705	0.6379185093108142	1256.645094374252	25.883306928740808
7780.0	0.21602622494965962	25.824338973260705	0.6379185093108142	1256.645094374252	25.883306928740808
7790.0	0.2196459392079768	25.824338973260705	0.6379185093108142	1256.645094374252	25.883306928740808
7800.0	0.2084272221689507	25.824338973260705	0.6379185093108142	1256.645094374252	25.883306928740808
7810.0	0.19521886086872944	25.824338973260705	0.6379185093108142	1256.645094374252	25.883306928740808
7820.0	0.19339701793076763	25.824338973260705	0.6379185093108142	1256.645094374252	25.883306928740808
7830.0	0.21674537347780176	25.824338973260705	0.6379185093108142	1256.645094374252	25.883306928740808
7840.0	0.193540847636398	25.824338973260705	0.6379185093108142	1256.645094374252	25.883306928740808
7850.0	0.234796001534183	25.824338973260705	0.6379185093108142	1256.645094374252	25.883306928740808
7860.0	0.23553912167993074	25.824338973260705	0.6379185093108142	1256.645094374252	25.883306928740808
7870.0	0.21082438392942582	25.824338973260705	0.6379185093108142	1256.645094374252	25.883306928740808
7880.0	0.22750862978233757	25.824338973260705	0.6379185093108142	1256.645094374252	25.883306928740808
7890.0	0.21576253715600582	25.824338973260705	0.6379185093108142	1256.645094374252	25.883306928740808
7900.0	0.21528310480391122	25.824338973260705	0.6379185093108142	1256.645094374252	25.883306928740808
7910.0	0.23774451049956674	25.824338973260705	0.6379185093108142	1256.645094374252	25.883306928740808
7920.0	0.21952608111995248	25.824338973260705	0.6379185093108142	1256.645094374252	25.883306928740808
7930.0	0.2373130213826822	25.824338973260705	0.6379185093108142	1256.645094374252	25.883306928740808
7940.0	0.2190706203854632	25.824338973260705	0.6379185093108142	1256.645094374252	25.883306928740808
7950.0	0.21652962891935756	25.824338973260705	0.6379185093108142	1256.645094374252	25.883306928740808
7960.0	0.2024582893853662	25.824338973260705	0.6379185093108142	1256.645094374252	25.883306928740808
7970.0	0.19382850704765386	25.824338973260705	0.6379185093108142	1256.645094374252	25.883306928740808
7980.0	0.20260211909099538	25.824338973260705	0.6379185093108142	1256.645094374252	25.883306928740808
7990.0	0.23534734873909244	25.824338973260705	0.6379185093108142	1256.645094374252	25.883306928740808
8000.0	0.25299045929619346	25.824338973260705	0.6379185093108142	1256.645094374252	25.883306928740808
8010.0	0.2460866334260236	25.824338973260705	0.6379185093108142	1256.645094374252	25.883306928740808
8020.0	0.24690166842458464	25.824338973260705	0.6379185093108142	1256.645094374252	25.883306928740808
8030.0	0.24754890209991262	25.824338973260705	0.6379185093108142	1256.645094374252	25.883306928740808
8040.0	0.21909459200306738	25.824338973260705	0.6379185093108142	1256.645094374252	25.883306928740808
8050.0	0.235970610796817	25.824338973260705	0.6379185093108142	1256.645094374252	25.883306928740808
8060.0	0.21789601112282897	25.824338973260705	0.6379185093108142	1256.645094374252	25.883306928740808
8070.0	0.21513927509828432	25.824338973260705	0.6379185093108142	1256.645094374252	25.883306928740808
8080.0	0.18886638220346952	25.824338973260705	0.6379185093108142	1256.645094374252	25.883306928740808
8090.0	0.18378439927126267	25.824338973260705	0.6379185093108142	1256.645094374252	25.883306928740808
8100.0	0.1899930482308938	25.824338973260705	0.6379185093108142	1256.645094374252	25.883306928740808
8110.0	0.19641744174896844	25.824338973260705	0.6379185093108142	1256.645094374252	25.883306928740808
8120.0	0.1906402819062216	25.824338973260705	0.6379185093108142	1256.645094374252	25.883306928740808
8130.0	0.2119989931920594	25.824338973260705	0.6379185093108142	1256.645094374252	25.883306928740808
8140.0	0.20164325438680564	25.824338973260705	0.6379185093108142	1256.645094374252	25.883306928740808
8150.0	0.2284914661041334	25.824338973260705	0.6379185093108142	1256.645094374252	25.883306928740808
8160.0	0.20526296864512283	25.824338973260705	0.6379185093108142	1256.645094374252	25.883306928740808
8170.0	0.23577883785597736	25.824338973260705	0.6379185093108142	1256.645094374252	25.883306928740808
8180.0	0.22798806213443226	25.824338973260705	0.6379185093108142	1256.645094374252	25.883306928740808
8190.0	0.23522749065106868	25.824338973260705	0.6379185093108142	1256.645094374252	25.883306928740808
8200.0	0.23024139418927947	25.824338973260705	0.6379185093108142	1256.645094374252	25.883306928740808
8210.0	0.21329346054271703	25.824338973260705	0.6379185093108142	1256.645094374252	25.883306928740808
8220.0	0.20974566113721357	25.824338973260705	0.6379185093108142	1256.645094374252	25.883306928740808
8230.0	0.23386110844759633	25.824338973260705	0.6379185093108142	1256.645094374252	25.883306928740808
8240.0	0.22434437625850912	25.824338973260705	0.6379185093108142	1256.645094374252	25.883306928740808
8250.0	0.21542693450954017	25.824338973260705	0.6379185093108142	1256.645094374252	25.883306928740808
8260.0	0.19826325630453473	25.824338973260705	0.6379185093108142	1256.645094374252	25.883306928740808
8270.0	0.21765629494678174	25.824338973260705	0.6379185093108142	1256.645094374252	25.883306928740808
8280.0	0.22240267523252458	25.824338973260705	0.6379185093108142	1256.645094374252	25.883306928740808
8290.0	0.23496380285741675	25.824338973260705	0.6379185093108142	1256.645094374252	25.883306928740808
8300.0	0.21302977274906418	25.824338973260705	0.6379185093108142	1256.645094374252	25.883306928740808
8310.0	0.2238170006712051	25.824338973260705	0.6379185093108142	1256.645094374252	25.883306928740808
8320.0	0.21626594112570682	25.824338973260705	0.6379185093108142	1256.645094374252	25.883306928740808
8330.0	0.23611444050244565	25.824338973260705	0.6379185093108142	1256.645094374252	25.883306928740808
8340.0	0.2143482117173266	25.824338973260705	0.6379185093108142	1256.645094374252	25.883306928740808
8350.0	0.2002049573305202	25.824338973260705	0.6379185093108142	1256.645094374252	25.883306928740808
8360.0	0.20876282481541722	25.824338973260705	0.6379185093108142	1256.645094374252	25.883306928740808
8370.0	0.1966092146898063	25.824338973260705	0.6379185093108142	1256.645094374252	25.883306928740808
8380.0	0.18292142103749015	25.824338973260705	0.6379185093108142	1256.645094374252	25.883306928740808
8390.0	0.19591403777926897	25.824338973260705	0.6379185093108142	1256.645094374252	25.883306928740808
8400.0	0.19879063189183865	25.824338973260705	0.6379185093108142	1256.645094374252	25.883306928740808
8410.0	0.19313333013711714	25.824338973260705	0.6379185093108142	1256.645094374252	25.883306928740808
8420.0	0.16535022533320312	25.824338973260705	0.6379185093108142	1256.645094374252	25.883306928740808
8430.0	0.18814723367532615	25.824338973260705	0.6379185093108142	1256.645094374252	25.883306928740808
8440.0	0.16964114488445559	25.824338973260705	0.6379185093108142	1256.645094374252	25.883306928740808
8450.0	0.18752397161760348	25.824338973260705	0.6379185093108142	1256.645094374252	25.883306928740808
8460.0	0.1881712052929316	25.824338973260705	0.6379185093108142	1256.645094374252	25.883306928740808
8470.0	0.17107944194074054	25.824338973260705	0.6379185093108142	1256.645094374252	25.883306928740808
8480.0	0.18083589030587707	25.824338973260705	0.6379185093108142	1256.645094374252	25.883306928740808
8490.0	0.18785957426406952	25.824338973260705	0.6379185093108142	1256.645094374252	25.883306928740808
8500.0	0.1684185923866121	25.824338973260705	0.6379185093108142	1256.645094374252	25.883306928740808
8510.0	0.17019249208936563	25.824338973260705	0.6379185093108142	1256.645094374252	25.883306928740808
8520.0	0.16391192827691808	25.824338973260705	0.6379185093108142	1256.645094374252	25.883306928740808
8530.0	0.18901021190909814	25.824338973260705	0.6379185093108142	1256.645094374252	25.883306928740808
8540.0	0.18229815897976684	25.824338973260705	0.6379185093108142	1256.645094374252	25.883306928740808
8550.0	0.16889802473870769	25.824338973260705	0.6379185093108142	1256.645094374252	25.883306928740808
8560.0	0.13375563333013504	25.824338973260705	0.6379185093108142	1256.645094374252	25.883306928740808
8570.0	0.1505837088886738	25.824338973260705	0.6379185093108142	1256.645094374252	25.883306928740808
8580.0	0.18011674177773374	25.824338973260705	0.6379185093108142	1256.645094374252	25.883306928740808
8590.0	0.16784327356409828	25.824338973260705	0.6379185093108142	1256.645094374252	25.883306928740808
8600.0	0.1450702368395797	25.824338973260705	0.6379185093108142	1256.645094374252	25.883306928740808
8610.0	0.1448305206635316	25.824338973260705	0.6379185093108142	1256.645094374252	25.883306928740808
8620.0	0.15703207402435299	25.824338973260705	0.6379185093108142	1256.645094374252	25.883306928740808
8630.0	0.17534638987438672	25.824338973260705	0.6379185093108142	1256.645094374252	25.883306928740808
8640.0	0.1558574647617196	25.824338973260705	0.6379185093108142	1256.645094374252	25.883306928740808
8650.0	0.17457929811103517	25.824338973260705	0.6379185093108142	1256.645094374252	25.883306928740808
8660.0	0.17966128104324358	25.824338973260705	0.6379185093108142	1256.645094374252	25.883306928740808
8670.0	0.16410370121775655	25.824338973260705	0.6379185093108142	1256.645094374252	25.883306928740808
8680.0	0.16805901812254173	25.824338973260705	0.6379185093108142	1256.645094374252	25.883306928740808
8690.0	0.1575354779940529	25.824338973260705	0.6379185093108142	1256.645094374252	25.883306928740808
8700.0	0.16055590181225227	25.824338973260705	0.6379185093108142	1256.645094374252	25.883306928740808
8710.0	0.14770711477610426	25.824338973260705	0.6379185093108142	1256.645094374252	25.883306928740808
8720.0	0.16077164637069497	25.824338973260705	0.6379185093108142	1256.645094374252	25.883306928740808
8730.0	0.16163462460446662	25.824338973260705	0.6379185093108142	1256.645094374252	25.883306928740808
8740.0	0.14432711669383289	25.824338973260705	0.6379185093108142	1256.645094374252	25.883306928740808
8750.0	0.13569733435612155	25.824338973260705	0.6379185093108142	1256.645094374252	25.883306928740808
8760.0	0.12766684245852764	25.824338973260705	0.6379185093108142	1256.645094374252	25.883306928740808
8770.0	0.14890569565633976	25.824338973260705	0.6379185093108142	1256.645094374252	25.883306928740808
8780.0	0.14852214977466494	25.824338973260705	0.6379185093108142	1256.645094374252	25.883306928740808
8790.0	0.15549789049764862	25.824338973260705	0.6379185093108142	1256.645094374252	25.883306928740808
8800.0	0.13497818582797724	25.824338973260705	0.6379185093108142	1256.645094374252	25.883306928740808
8810.0	0.1337796049477398	25.824338973260705	0.6379185093108142	1256.645094374252	25.883306928740808
8820.0	0.1406115159650956	25.824338973260705	0.6379185093108142	1256.645094374252	25.883306928740808
8830.0	0.13202967686259243	25.824338973260705	0.6379185093108142	1256.645094374252	25.883306928740808
8840.0	0.14260116022629027	25.824338973260705	0.6379185093108142	1256.645094374252	25.883306928740808
8850.0	0.17151093105762596	25.824338973260705	0.6379185093108142	1256.645094374252	25.883306928740808
8860.0	0.14118683478760888	25.824338973260705	0.6379185093108142	1256.645094374252	25.883306928740808
8870.0	0.15099122638795515	25.824338973260705	0.6379185093108142	1256.645094374252	25.883306928740808
8880.0	0.1804283728065941	25.824338973260705	0.6379185093108142	1256.645094374252	25.883306928740808
8890.0	0.1709116406175075	25.824338973260705	0.6379185093108142	1256.645094374252	25.883306928740808
8900.0	0.17007263400134026	25.824338973260705	0.6379185093108142	1256.645094374252	25.883306928740808
8910.0	0.17781546648767704	25.824338973260705	0.6379185093108142	1256.645094374252	25.883306928740808
8920.0	0.17690454501869626	25.824338973260705	0.6379185093108142	1256.645094374252	25.883306928740808
8930.0	0.1512549141816068	25.824338973260705	0.6379185093108142	1256.645094374252	25.883306928740808
8940.0	0.14478257742832434	25.824338973260705	0.6379185093108142	1256.645094374252	25.883306928740808
8950.0	0.15516228785118286	25.824338973260705	0.6379185093108142	1256.645094374252	25.883306928740808
8960.0	0.13533776009204965	25.824338973260705	0.6379185093108142	1256.645094374252	25.883306928740808
8970.0	0.1315262728928925	25.824338973260705	0.6379185093108142	1256.645094374252	25.883306928740808
8980.0	0.12023564100105345	25.824338973260705	0.6379185093108142	1256.645094374252	25.883306928740808
8990.0	0.13986839581934732	25.824338973260705	0.6379185093108142	1256.645094374252	25.883306928740808
9000.0	0.1430326493431758	25.824338973260705	0.6379185093108142	1256.645094374252	25.883306928740808
9010.0	0.15473079873429618	25.824338973260705	0.6379185093108142	1256.645094374252	25.883306928740808
9020.0	0.13246116597947782	25.824338973260705	0.6379185093108142	1256.645094374252	25.883306928740808
9030.0	0.13869378655671474	25.824338973260705	0.6379185093108142	1256.645094374252	25.883306928740808
9040.0	0.12864967878032188	25.824338973260705	0.6379185093108142	1256.645094374252	25.883306928740808
9050.0	0.12694769393038496	25.824338973260705	0.6379185093108142	1256.645094374252	25.883306928740808
9060.0	0.13147832965768194	25.824338973260705	0.6379185093108142	1256.645094374252	25.883306928740808
9070.0	0.14578938536772196	25.824338973260705	0.6379185093108142	1256.645094374252	25.883306928740808
9080.0	0.1548746284399254	25.824338973260705	0.6379185093108142	1256.645094374252	25.883306928740808
9090.0	0.1671241250359561	25.824338973260705	0.6379185093108142	1256.645094374252	25.883306928740808
9100.0	0.1539157637357361	25.824338973260705	0.6379185093108142	1256.645094374252	25.883306928740808
9110.0	0.1455496691916756	25.824338973260705	0.6379185093108142	1256.645094374252	25.883306928740808
9120.0	0.11908500335602469	25.824338973260705	0.6379185093108142	1256.645094374252	25.883306928740808
9130.0	0.13320428612522534	25.824338973260705	0.6379185093108142	1256.645094374252	25.883306928740808
9140.0	0.12522173746284251	25.824338973260705	0.6379185093108142	1256.645094374252	25.883306928740808
9150.0	0.132317336273849	25.824338973260705	0.6379185093108142	1256.645094374252	25.883306928740808
9160.0	0.15595335123213946	25.824338973260705	0.6379185093108142	1256.645094374252	25.883306928740808
9170.0	0.1560012944673489	25.824338973260705	0.6379185093108142	1256.645094374252	25.883306928740808
9180.0	0.15089533991753493	25.824338973260705	0.6379185093108142	1256.645094374252	25.883306928740808
9190.0	0.1463886758078416	25.824338973260705	0.6379185093108142	1256.645094374252	25.883306928740808
9200.0	0.13979648096653471	25.824338973260705	0.6379185093108142	1256.645094374252	25.883306928740808
9210.0	0.1437278262537134	25.824338973260705	0.6379185093108142	1256.645094374252	25.883306928740808
9220.0	0.12740315466487476	25.824338973260705	0.6379185093108142	1256.645094374252	25.883306928740808
9230.0	0.13392343465336887	25.824338973260705	0.6379185093108142	1256.645094374252	25.883306928740808
9240.0	0.14744342698245028	25.824338973260705	0.6379185093108142	1256.645094374252	25.883306928740808
9250.0	0.1510391696231643	25.824338973260705	0.6379185093108142	1256.645094374252	25.883306928740808
9260.0	0.13306045641959713	25.824338973260705	0.6379185093108142	1256.645094374252	25.883306928740808
9270.0	0.12807435995780844	25.824338973260705	0.6379185093108142	1256.645094374252	25.883306928740808
9280.0	0.11611252277303573	25.824338973260705	0.6379185093108142	1256.645094374252	25.883306928740808
9290.0	0.11822202512225351	25.824338973260705	0.6379185093108142	1256.645094374252	25.883306928740808
9300.0	0.11757479144692445	25.824338973260705	0.6379185093108142	1256.645094374252	25.883306928740808
9310.0	0.1401560552306055	25.824338973260705	0.6379185093108142	1256.645094374252	25.883306928740808
9320.0	0.12582102790296223	25.824338973260705	0.6379185093108142	1256.645094374252	25.883306928740808
9330.0	0.13291662671396845	25.824338973260705	0.6379185093108142	1256.645094374252	25.883306928740808
9340.0	0.11393110557100251	25.824338973260705	0.6379185093108142	1256.645094374252	25.883306928740808
9350.0	0.10280827500239594	25.824338973260705	0.6379185093108142	1256.645094374252	25.883306928740808
9360.0	0.12227322849745766	25.824338973260705	0.6379185093108142	1256.645094374252	25.883306928740808
9370.0	0.12694769393038477	25.824338973260705	0.6379185093108142	1256.645094374252	25.883306928740808
9380.0	0.10928061175567975	25.824338973260705	0.6379185093108142	1256.645094374252	25.883306928740808
9390.0	0.11381124748297804	25.824338973260705	0.6379185093108142	1256.645094374252	25.883306928740808
9400.0	0.11186954645699292	25.824338973260705	0.6379185093108142	1256.645094374252	25.883306928740808
9410.0	0.10307196279604837	25.824338973260705	0.6379185093108142	1256.645094374252	25.883306928740808
9420.0	0.11934869114967707	25.824338973260705	0.6379185093108142	1256.645094374252	25.883306928740808
9430.0	0.12280060408476196	25.824338973260705	0.6379185093108142	1256.645094374252	25.883306928740808
9440.0	0.12203351232141062	25.824338973260705	0.6379185093108142	1256.645094374252	25.883306928740808
9450.0	0.11572897689135983	25.824338973260705	0.6379185093108142	1256.645094374252	25.883306928740808
9460.0	0.11702344424201619	25.824338973260705	0.6379185093108142	1256.645094374252	25.883306928740808
9470.0	0.13795066641096837	25.824338973260705	0.6379185093108142	1256.645094374252	25.883306928740808
9480.0	0.12042741394189188	25.824338973260705	0.6379185093108142	1256.645094374252	25.883306928740808
9490.0	0.13742329082366372	25.824338973260705	0.6379185093108142	1256.645094374252	25.883306928740808
9500.0	0.12052330041231023	25.824338973260705	0.6379185093108142	1256.645094374252	25.883306928740808
9510.0	0.1325570524498966	25.824338973260705	0.6379185093108142	1256.645094374252	25.883306928740808
9520.0	0.11942060600249112	25.824338973260705	0.6379185093108142	1256.645094374252	25.883306928740808
9530.0	0.12634840349026571	25.824338973260705	0.6379185093108142	1256.645094374252	25.883306928740808
9540.0	0.1268757790775699	25.824338973260705	0.6379185093108142	1256.645094374252	25.883306928740808
9550.0	0.14607704477897887	25.824338973260705	0.6379185093108142	1256.645094374252	25.883306928740808
9560.0	0.12977634480774575	25.824338973260705	0.6379185093108142	1256.645094374252	25.883306928740808
9570.0	0.13056740818870188	25.824338973260705	0.6379185093108142	1256.645094374252	25.883306928740808
9580.0	0.10642798926071448	25.824338973260705	0.6379185093108142	1256.645094374252	25.883306928740808
9590.0	0.13195776200977774	25.824338973260705	0.6379185093108142	1256.645094374252	25.883306928740808
9600.0	0.11594472144980164	25.824338973260705	0.6379185093108142	1256.645094374252	25.883306928740808
9610.0	0.11663989836034006	25.824338973260705	0.6379185093108142	1256.645094374252	25.883306928740808
9620.0	0.12049932879470517	25.824338973260705	0.6379185093108142	1256.645094374252	25.883306928740808
9630.0	0.11345167321890705	25.824338973260705	0.6379185093108142	1256.645094374252	25.883306928740808
9640.0	0.10453423146993814	25.824338973260705	0.6379185093108142	1256.645094374252	25.883306928740808
9650.0	0.13080712436474953	25.824338973260705	0.6379185093108142	1256.645094374252	25.883306928740808
9660.0	0.11764670629973963	25.824338973260705	0.6379185093108142	1256.645094374252	25.883306928740808
9670.0	0.1221293987918279	25.824338973260705	0.6379185093108142	1256.645094374252	25.883306928740808
9680.0	0.10518146514526645	25.824338973260705	0.6379185093108142	1256.645094374252	25.883306928740808
9690.0	0.10472600441077581	25.824338973260705	0.6379185093108142	1256.645094374252	25.883306928740808
9700.0	0.10283224662000015	25.824338973260705	0.6379185093108142	1256.645094374252	25.883306928740808
9710.0	0.10206515485664844	25.824338973260705	0.6379185093108142	1256.645094374252	25.883306928740808
9720.0	0.09211693355067514	25.824338973260705	0.6379185093108142	1256.645094374252	25.883306928740808
9730.0	0.09743863265893052	25.824338973260705	0.6379185093108142	1256.645094374252	25.883306928740808
9740.0	0.10911281043244678	25.824338973260705	0.6379185093108142	1256.645094374252	25.883306928740808
9750.0	0.12471833349314204	25.824338973260705	0.6379185093108142	1256.645094374252	25.883306928740808
9760.0	0.11541734586249755	25.824338973260705	0.6379185093108142	1256.645094374252	25.883306928740808
9770.0	0.12879350848595095	25.824338973260705	0.6379185093108142	1256.645094374252	25.883306928740808
9780.0	0.11474614056956406	25.824338973260705	0.6379185093108142	1256.645094374252	25.883306928740808
9790.0	0.12049932879470499	25.824338973260705	0.6379185093108142	1256.645094374252	25.883306928740808
9800.0	0.11819805350464911	25.824338973260705	0.6379185093108142	1256.645094374252	25.883306928740808
9810.0	0.11939663438488637	25.824338973260705	0.6379185093108142	1256.645094374252	25.883306928740808
9820.0	0.1113661424872933	25.824338973260705	0.6379185093108142	1256.645094374252	25.883306928740808
9830.0	0.11548926071531233	25.824338973260705	0.6379185093108142	1256.645094374252	25.883306928740808
9840.0	0.10987990219579899	25.824338973260705	0.6379185093108142	1256.645094374252	25.883306928740808
9850.0	0.10551706779173282	25.824338973260705	0.6379185093108142	1256.645094374252	25.883306928740808
9860.0	0.10582869882059497	25.824338973260705	0.6379185093108142	1256.645094374252	25.883306928740808
9870.0	0.10647593249592324	25.824338973260705	0.6379185093108142	1256.645094374252	25.883306928740808
9880.0	0.10127409147569152	25.824338973260705	0.6379185093108142	1256.645094374252	25.883306928740808
9890.0	0.10014742544826816	25.824338973260705	0.6379185093108142	1256.645094374252	25.883306928740808
9900.0	0.10554103940933773	25.824338973260705	0.6379185093108142	1256.645094374252	25.883306928740808
9910.0	0.12282457570236621	25.824338973260705	0.6379185093108142	1256.645094374252	25.883306928740808
9920.0	0.09269225237318866	25.824338973260705	0.6379185093108142	1256.645094374252	25.883306928740808
9930.0	0.09820572442228279	25.824338973260705	0.6379185093108142	1256.645094374252	25.883306928740808
9940.0	0.10851351999232739	25.824338973260705	0.6379185093108142	1256.645094374252	25.883306928740808
9950.0	0.12397521334739489	25.824338973260705	0.6379185093108142	1256.645094374252	25.883306928740808
9960.0	0.11529748777447352	25.824338973260705	0.6379185093108142	1256.645094374252	25.883306928740808
9970.0	0.10240075750311461	25.824338973260705	0.6379185093108142	1256.645094374252	25.883306928740808
9980.0	0.08399055518266245	25.824338973260705	0.6379185093108142	1256.645094374252	25.883306928740808
9990.0	0.09918856074407799	25.824338973260705	0.6379185093108142	1256.645094374252	25.883306928740808
10000.0	0.11807819541662506	25.824338973260705	0.6379185093108142	1256.645094374252	25.883306928740808
10010.0	0.11220514910346004	25.824338973260705	0.6379185093108142	1256.645094374252	25.883306928740808
10020.0	0.10688344999520354	25.824338973260705	0.6379185093108142	1256.645094374252	25.883306928740808
10030.0	0.10053097132994362	25.824338973260705	0.6379185093108142	1256.645094374252	25.883306928740808
10040.0	0.09475381148719779	25.824338973260705	0.6379185093108142	1256.645094374252	25.883306928740808
10050.0	0.1106469939591503	25.824338973260705	0.6379185093108142	1256.645094374252	25.883306928740808
10060.0	0.0977023204525829	25.824338973260705	0.6379185093108142	1256.645094374252	25.883306928740808
10070.0	0.11330784351327802	25.824338973260705	0.6379185093108142	1256.645094374252	25.883306928740808
10080.0	0.1058047272029902	25.824338973260705	0.6379185093108142	1256.645094374252	25.883306928740808
10090.0	0.10753068367053174	25.824338973260705	0.6379185093108142	1256.645094374252	25.883306928740808
10100.0	0.1272832965768509	25.824338973260705	0.6379185093108142	1256.645094374252	25.883306928740808
10110.0	0.1361288234730074	25.824338973260705	0.6379185093108142	1256.645094374252	25.883306928740808
10120.0	0.11110245469364116	25.824338973260705	0.6379185093108142	1256.645094374252	25.883306928740808
10130.0	0.10350345191293384	25.824338973260705	0.6379185093108142	1256.645094374252	25.883306928740808
10140.0	0.10786628631699878	25.824338973260705	0.6379185093108142	1256.645094374252	25.883306928740808
10150.0	0.10479791926359042	25.824338973260705	0.6379185093108142	1256.645094374252	25.883306928740808
10160.0	0.09513735736887381	25.824338973260705	0.6379185093108142	1256.645094374252	25.883306928740808
10170.0	0.10347948029532851	25.824338973260705	0.6379185093108142	1256.645094374252	25.883306928740808
10180.0	0.09798997986384037	25.824338973260705	0.6379185093108142	1256.645094374252	25.883306928740808
10190.0	0.12538953878607526	25.824338973260705	0.6379185093108142	1256.645094374252	25.883306928740808
10200.0	0.11441053792309798	25.824338973260705	0.6379185093108142	1256.645094374252	25.883306928740808
10210.0	0.12316017834883339	25.824338973260705	0.6379185093108142	1256.645094374252	25.883306928740808
10220.0	0.10753068367053316	25.824338973260705	0.6379185093108142	1256.645094374252	25.883306928740808
10230.0	0.1186535142391393	25.824338973260705	0.6379185093108142	1256.645094374252	25.883306928740808
10240.0	0.12419095790583737	25.824338973260705	0.6379185093108142	1256.645094374252	25.883306928740808
10250.0	0.09276416722600375	25.824338973260705	0.6379185093108142	1256.645094374252	25.883306928740808
10260.0	0.1064999041135285	25.824338973260705	0.6379185093108142	1256.645094374252	25.883306928740808
10270.0	0.1202356410010532	25.824338973260705	0.6379185093108142	1256.645094374252	25.883306928740808
10280.0	0.10848954837472323	25.824338973260705	0.6379185093108142	1256.645094374252	25.883306928740808
10290.0	0.12462244702272295	25.824338973260705	0.6379185093108142	1256.645094374252	25.883306928740808
10300.0	0.11275649630836948	25.824338973260705	0.6379185093108142	1256.645094374252	25.883306928740808
10310.0	0.11306812733723105	25.824338973260705	0.6379185093108142	1256.645094374252	25.883306928740808
10320.0	0.09791806501102511	25.824338973260705	0.6379185093108142	1256.645094374252	25.883306928740808
10330.0	0.07902843033847834	25.824338973260705	0.6379185093108142	1256.645094374252	25.883306928740808
10340.0	0.09010331767187522	25.824338973260705	0.6379185093108142	1256.645094374252	25.883306928740808
10350.0	0.10913678205005173	25.824338973260705	0.6379185093108142	1256.645094374252	25.883306928740808
10360.0	0.09065466487678449	25.824338973260705	0.6379185093108142	1256.645094374252	25.883306928740808
10370.0	0.10616430146706171	25.824338973260705	0.6379185093108142	1256.645094374252	25.883306928740808
10380.0	0.09571267619138794	25.824338973260705	0.6379185093108142	1256.645094374252	25.883306928740808
10390.0	0.1202596126186585	25.824338973260705	0.6379185093108142	1256.645094374252	25.883306928740808
10400.0	0.11474614056956371	25.824338973260705	0.6379185093108142	1256.645094374252	25.883306928740808
10410.0	0.1159447214498015	25.824338973260705	0.6379185093108142	1256.645094374252	25.883306928740808
10420.0	0.10592458529101408	25.824338973260705	0.6379185093108142	1256.645094374252	25.883306928740808
10430.0	0.10451025985233325	25.824338973260705	0.6379185093108142	1256.645094374252	25.883306928740808
10440.0	0.08209679739188708	25.824338973260705	0.6379185093108142	1256.645094374252	25.883306928740808
10450.0	0.09739068942372096	25.824338973260705	0.6379185093108142	1256.645094374252	25.883306928740808
10460.0	0.09451409531114999	25.824338973260705	0.6379185093108142	1256.645094374252	25.883306928740808
10470.0	0.10146586441653033	25.824338973260705	0.6379185093108142	1256.645094374252	25.883306928740808
10480.0	0.09355523060696003	25.824338973260705	0.6379185093108142	1256.645094374252	25.883306928740808
10490.0	0.12843393422187946	25.824338973260705	0.6379185093108142	1256.645094374252	25.883306928740808
10500.0	0.10597252852622309	25.824338973260705	0.6379185093108142	1256.645094374252	25.883306928740808
10510.0	0.09810983795186365	25.824338973260705	0.6379185093108142	1256.645094374252	25.883306928740808
10520.0	0.09350728737175075	25.824338973260705	0.6379185093108142	1256.645094374252	25.883306928740808
10530.0	0.0890485664972657	25.824338973260705	0.6379185093108142	1256.645094374252	25.883306928740808
10540.0	0.0939387764886354	25.824338973260705	0.6379185093108142	1256.645094374252	25.883306928740808
10550.0	0.09300388340205105	25.824338973260705	0.6379185093108142	1256.645094374252	25.883306928740808
10560.0	0.10976004410777553	25.824338973260705	0.6379185093108142	1256.645094374252	25.883306928740808
10570.0	0.11275649630836941	25.824338973260705	0.6379185093108142	1256.645094374252	25.883306928740808
10580.0	0.09973990794898717	25.824338973260705	0.6379185093108142	1256.645094374252	25.883306928740808
10590.0	0.08727466679451448	25.824338973260705	0.6379185093108142	1256.645094374252	25.883306928740808
10600.0	0.08713083708888565	25.824338973260705	0.6379185093108142	1256.645094374252	25.883306928740808
10610.0	0.07011098858950938	25.824338973260705	0.6379185093108142	1256.645094374252	25.883306928740808
10620.0	0.07564843225620785	25.824338973260705	0.6379185093108142	1256.645094374252	25.883306928740808
10630.0	0.09753451912934971	25.824338973260705	0.6379185093108142	1256.645094374252	25.883306928740808
10640.0	0.08979168664301365	25.824338973260705	0.6379185093108142	1256.645094374252	25.883306928740808
10650.0	0.08240842842074887	25.824338973260705	0.6379185093108142	1256.645094374252	25.883306928740808
10660.0	0.07751821842937948	25.824338973260705	0.6379185093108142	1256.645094374252	25.883306928740808
10670.0	0.07543268769776561	25.824338973260705	0.6379185093108142	1256.645094374252	25.883306928740808
10680.0	0.094178492664684	25.824338973260705	0.6379185093108142	1256.645094374252	25.883306928740808
10690.0	0.09739068942372078	25.824338973260705	0.6379185093108142	1256.645094374252	25.883306928740808
10700.0	0.0923566497267222	25.824338973260705	0.6379185093108142	1256.645094374252	25.883306928740808
10710.0	0.07075822226483755	25.824338973260705	0.6379185093108142	1256.645094374252	25.883306928740808
10720.0	0.07663126857800251	25.824338973260705	0.6379185093108142	1256.645094374252	25.883306928740808
10730.0	0.08847324767475141	25.824338973260705	0.6379185093108142	1256.645094374252	25.883306928740808
10740.0	0.08044275577715844	25.824338973260705	0.6379185093108142	1256.645094374252	25.883306928740808
10750.0	0.11282841116118386	25.824338973260705	0.6379185093108142	1256.645094374252	25.883306928740808
10760.0	0.10019536868347821	25.824338973260705	0.6379185093108142	1256.645094374252	25.883306928740808
10770.0	0.083415236360148	25.824338973260705	0.6379185093108142	1256.645094374252	25.883306928740808
10780.0	0.08499736312206262	25.824338973260705	0.6379185093108142	1256.645094374252	25.883306928740808
10790.0	0.09319565634288875	25.824338973260705	0.6379185093108142	1256.645094374252	25.883306928740808
10800.0	0.1036712532361671	25.824338973260705	0.6379185093108142	1256.645094374252	25.883306928740808
10810.0	0.09324359957809826	25.824338973260705	0.6379185093108142	1256.645094374252	25.883306928740808
10820.0	0.09892487295042617	25.824338973260705	0.6379185093108142	1256.645094374252	25.883306928740808
10830.0	0.10180146706299562	25.824338973260705	0.6379185093108142	1256.645094374252	25.883306928740808
10840.0	0.1040308275002381	25.824338973260705	0.6379185093108142	1256.645094374252	25.883306928740808
10850.0	0.10525337999808106	25.824338973260705	0.6379185093108142	1256.645094374252	25.883306928740808
10860.0	0.10050699971233953	25.824338973260705	0.6379185093108142	1256.645094374252	25.883306928740808
10870.0	0.13919719052641544	25.824338973260705	0.6379185093108142	1256.645094374252	25.883306928740808
10880.0	0.14866597948029345	25.824338973260705	0.6379185093108142	1256.645094374252	25.883306928740808
10890.0	0.13958073640809168	25.824338973260705	0.6379185093108142	1256.645094374252	25.883306928740808
10900.0	0.11970826541374902	25.824338973260705	0.6379185093108142	1256.645094374252	25.883306928740808
10910.0	0.10695536484801862	25.824338973260705	0.6379185093108142	1256.645094374252	25.883306928740808
10920.0	0.09914061750886809	25.824338973260705	0.6379185093108142	1256.645094374252	25.883306928740808
10930.0	0.10012345383066369	25.824338973260705	0.6379185093108142	1256.645094374252	25.883306928740808
10940.0	0.07981949371943492	25.824338973260705	0.6379185093108142	1256.645094374252	25.883306928740808
10950.0	0.0915176431105562	25.824338973260705	0.6379185093108142	1256.645094374252	25.883306928740808
10960.0	0.07361084475980305	25.824338973260705	0.6379185093108142	1256.645094374252	25.883306928740808
10970.0	0.0780695656342876	25.824338973260705	0.6379185093108142	1256.645094374252	25.883306928740808
10980.0	0.08449395915236267	25.824338973260705	0.6379185093108142	1256.645094374252	25.883306928740808
10990.0	0.08595622782625274	25.824338973260705	0.6379185093108142	1256.645094374252	25.883306928740808
11000.0	0.0948736695752218	25.824338973260705	0.6379185093108142	1256.645094374252	25.883306928740808
11010.0	0.09789409339342152	25.824338973260705	0.6379185093108142	1256.645094374252	25.883306928740808
11020.0	0.09564076133857383	25.824338973260705	0.6379185093108142	1256.645094374252	25.883306928740808
11030.0	0.08756232620577134	25.824338973260705	0.6379185093108142	1256.645094374252	25.883306928740808
11040.0	0.09182927413941755	25.824338973260705	0.6379185093108142	1256.645094374252	25.883306928740808
11050.0	0.092404592961932	25.824338973260705	0.6379185093108142	1256.645094374252	25.883306928740808
11060.0	0.08955197046696614	25.824338973260705	0.6379185093108142	1256.645094374252	25.883306928740808
11070.0	0.07984346533704048	25.824338973260705	0.6379185093108142	1256.645094374252	25.883306928740808
11080.0	0.06761794035861479	25.824338973260705	0.6379185093108142	1256.645094374252	25.883306928740808
11090.0	0.08986360149582767	25.824338973260705	0.6379185093108142	1256.645094374252	25.883306928740808
11100.0	0.09036700546552812	25.824338973260705	0.6379185093108142	1256.645094374252	25.883306928740808
11110.0	0.09206899031546513	25.824338973260705	0.6379185093108142	1256.645094374252	25.883306928740808
11120.0	0.07780587784063607	25.824338973260705	0.6379185093108142	1256.645094374252	25.883306928740808
11130.0	0.09010331767187574	25.824338973260705	0.6379185093108142	1256.645094374252	25.883306928740808
11140.0	0.08317552018410082	25.824338973260705	0.6379185093108142	1256.645094374252	25.883306928740808
11150.0	0.12004386806021555	25.824338973260705	0.6379185093108142	1256.645094374252	25.883306928740808
11160.0	0.11325990027806955	25.824338973260705	0.6379185093108142	1256.645094374252	25.883306928740808
11170.0	0.09635990986671689	25.824338973260705	0.6379185093108142	1256.645094374252	25.883306928740808
11180.0	0.07600800652027859	25.824338973260705	0.6379185093108142	1256.645094374252	25.883306928740808
11190.0	0.08701097900086144	25.824338973260705	0.6379185093108142	1256.645094374252	25.883306928740808
11200.0	0.0799393518074584	25.824338973260705	0.6379185093108142	1256.645094374252	25.883306928740808
11210.0	0.08089821651164882	25.824338973260705	0.6379185093108142	1256.645094374252	25.883306928740808
11220.0	0.07660729696039818	25.824338973260705	0.6379185093108142	1256.645094374252	25.883306928740808
11230.0	0.078525026368778	25.824338973260705	0.6379185093108142	1256.645094374252	25.883306928740808
11240.0	0.06488517595167238	25.824338973260705	0.6379185093108142	1256.645094374252	25.883306928740808
11250.0	0.06821723079873361	25.824338973260705	0.6379185093108142	1256.645094374252	25.883306928740808
11260.0	0.06800148624029008	25.824338973260705	0.6379185093108142	1256.645094374252	25.883306928740808
11270.0	0.0676419119762192	25.824338973260705	0.6379185093108142	1256.645094374252	25.883306928740808
11280.0	0.07495325534566964	25.824338973260705	0.6379185093108142	1256.645094374252	25.883306928740808
11290.0	0.07962772077859706	25.824338973260705	0.6379185093108142	1256.645094374252	25.883306928740808
11300.0	0.06716247962412439	25.824338973260705	0.6379185093108142	1256.645094374252	25.883306928740808
11310.0	0.09254842266756097	25.824338973260705	0.6379185093108142	1256.645094374252	25.883306928740808
11320.0	0.07797367916386906	25.824338973260705	0.6379185093108142	1256.645094374252	25.883306928740808
11330.0	0.08202488253907225	25.824338973260705	0.6379185093108142	1256.645094374252	25.883306928740808
11340.0	0.07934006136734047	25.824338973260705	0.6379185093108142	1256.645094374252	25.883306928740808
11350.0	0.08315154856649631	25.824338973260705	0.6379185093108142	1256.645094374252	25.883306928740808
11360.0	0.070638364176814	25.824338973260705	0.6379185093108142	1256.645094374252	25.883306928740808
11370.0	0.07128559785214204	25.824338973260705	0.6379185093108142	1256.645094374252	25.883306928740808
11380.0	0.06459751654041536	25.824338973260705	0.6379185093108142	1256.645094374252	25.883306928740808
11390.0	0.09034303384792267	25.824338973260705	0.6379185093108142	1256.645094374252	25.883306928740808
11400.0	0.08904856649726661	25.824338973260705	0.6379185093108142	1256.645094374252	25.883306928740808
11410.0	0.09542501678013117	25.824338973260705	0.6379185093108142	1256.645094374252	25.883306928740808
11420.0	0.10709919455364693	25.824338973260705	0.6379185093108142	1256.645094374252	25.883306928740808
11430.0	0.09365111707737843	25.824338973260705	0.6379185093108142	1256.645094374252	25.883306928740808
11440.0	0.07682304151884087	25.824338973260705	0.6379185093108142	1256.645094374252	25.883306928740808
11450.0	0.108345718669095	25.824338973260705	0.6379185093108142	1256.645094374252	25.883306928740808
11460.0	0.09640785310192636	25.824338973260705	0.6379185093108142	1256.645094374252	25.883306928740808
11470.0	0.08756232620577181	25.824338973260705	0.6379185093108142	1256.645094374252	25.883306928740808
11480.0	0.08485353341643369	25.824338973260705	0.6379185093108142	1256.645094374252	25.883306928740808
11490.0	0.0979420366286295	25.824338973260705	0.6379185093108142	1256.645094374252	25.883306928740808
11500.0	0.08926431105570871	25.824338973260705	0.6379185093108142	1256.645094374252	25.883306928740808
11510.0	0.09043892031834207	25.824338973260705	0.6379185093108142	1256.645094374252	25.883306928740808
11520.0	0.0811379326876963	25.824338973260705	0.6379185093108142	1256.645094374252	25.883306928740808
11530.0	0.08188105283344364	25.824338973260705	0.6379185093108142	1256.645094374252	25.883306928740808
11540.0	0.05661496787803182	25.824338973260705	0.6379185093108142	1256.645094374252	25.883306928740808
11550.0	0.06759396874100983	25.824338973260705	0.6379185093108142	1256.645094374252	25.883306928740808
11560.0	0.060042909195511814	25.824338973260705	0.6379185093108142	1256.645094374252	25.883306928740808
11570.0	0.08485353341643387	25.824338973260705	0.6379185093108142	1256.645094374252	25.883306928740808
11580.0	0.07454573784638928	25.824338973260705	0.6379185093108142	1256.645094374252	25.883306928740808
11590.0	0.06975141432543792	25.824338973260705	0.6379185093108142	1256.645094374252	25.883306928740808
11600.0	0.05894021478569276	25.824338973260705	0.6379185093108142	1256.645094374252	25.883306928740808
11610.0	0.06982332917825233	25.824338973260705	0.6379185093108142	1256.645094374252	25.883306928740808
11620.0	0.07188488829226085	25.824338973260705	0.6379185093108142	1256.645094374252	25.883306928740808
11630.0	0.10125011985808693	25.824338973260705	0.6379185093108142	1256.645094374252	25.883306928740808
11640.0	0.08888076517403323	25.824338973260705	0.6379185093108142	1256.645094374252	25.883306928740808
11650.0	0.07133354108735196	25.824338973260705	0.6379185093108142	1256.645094374252	25.883306928740808
11660.0	0.07337112858375619	25.824338973260705	0.6379185093108142	1256.645094374252	25.883306928740808
11670.0	0.08638771694313821	25.824338973260705	0.6379185093108142	1256.645094374252	25.883306928740808
11680.0	0.08300771886086696	25.824338973260705	0.6379185093108142	1256.645094374252	25.883306928740808
11690.0	0.07859694122159258	25.824338973260705	0.6379185093108142	1256.645094374252	25.883306928740808
11700.0	0.07907637357368842	25.824338973260705	0.6379185093108142	1256.645094374252	25.883306928740808
11710.0	0.06848091859238592	25.824338973260705	0.6379185093108142	1256.645094374252	25.883306928740808
11720.0	0.07519297152171704	25.824338973260705	0.6379185093108142	1256.645094374252	25.883306928740808
11730.0	0.08216871224470147	25.824338973260705	0.6379185093108142	1256.645094374252	25.883306928740808
11740.0	0.06670701888963353	25.824338973260705	0.6379185093108142	1256.645094374252	25.883306928740808
11750.0	0.09199707546265112	25.824338973260705	0.6379185093108142	1256.645094374252	25.883306928740808
11760.0	0.08832941796912329	25.824338973260705	0.6379185093108142	1256.645094374252	25.883306928740808
11770.0	0.09729480295330216	25.824338973260705	0.6379185093108142	1256.645094374252	25.883306928740808
11780.0	0.09264430913797964	25.824338973260705	0.6379185093108142	1256.645094374252	25.883306928740808
11790.0	0.08267211621440082	25.824338973260705	0.6379185093108142	1256.645094374252	25.883306928740808
11800.0	0.07953183430817772	25.824338973260705	0.6379185093108142	1256.645094374252	25.883306928740808
11810.0	0.07828531019273106	25.824338973260705	0.6379185093108142	1256.645094374252	25.883306928740808
11820.0	0.07262800843800857	25.824338973260705	0.6379185093108142	1256.645094374252	25.883306928740808
11830.0	0.07965169239620155	25.824338973260705	0.6379185093108142	1256.645094374252	25.883306928740808
11840.0	0.0720766612330991	25.824338973260705	0.6379185093108142	1256.645094374252	25.883306928740808
11850.0	0.0783572250455448	25.824338973260705	0.6379185093108142	1256.645094374252	25.883306928740808
11860.0	0.04705029245373388	25.824338973260705	0.6379185093108142	1256.645094374252	25.883306928740808
11870.0	0.0871548087064906	25.824338973260705	0.6379185093108142	1256.645094374252	25.883306928740808
11880.0	0.08593225620864813	25.824338973260705	0.6379185093108142	1256.645094374252	25.883306928740808
11890.0	0.09547296001534095	25.824338973260705	0.6379185093108142	1256.645094374252	25.883306928740808
11900.0	0.08787395723463343	25.824338973260705	0.6379185093108142	1256.645094374252	25.883306928740808
11910.0	0.0694877265317851	25.824338973260705	0.6379185093108142	1256.645094374252	25.883306928740808
11920.0	0.05858064052162172	25.824338973260705	0.6379185093108142	1256.645094374252	25.883306928740808
11930.0	0.06970347109022836	25.824338973260705	0.6379185093108142	1256.645094374252	25.883306928740808
11940.0	0.08645963179595254	25.824338973260705	0.6379185093108142	1256.645094374252	25.883306928740808
11950.0	0.06574815418544347	25.824338973260705	0.6379185093108142	1256.645094374252	25.883306928740808
11960.0	0.076727155048422	25.824338973260705	0.6379185093108142	1256.645094374252	25.883306928740808
11970.0	0.06373453830664395	25.824338973260705	0.6379185093108142	1256.645094374252	25.883306928740808
11980.0	0.0706863074120234	25.824338973260705	0.6379185093108142	1256.645094374252	25.883306928740808
11990.0	0.07071027902962823	25.824338973260705	0.6379185093108142	1256.645094374252	25.883306928740808
12000.0	0.06289553169047779	25.824338973260705	0.6379185093108142	1256.645094374252	25.883306928740808
12010.0	0.07924417489692086	25.824338973260705	0.6379185093108142	1256.645094374252	25.883306928740808
12020.0	0.06306333301371093	25.824338973260705	0.6379185093108142	1256.645094374252	25.883306928740808
12030.0	0.07013496020711443	25.824338973260705	0.6379185093108142	1256.645094374252	25.883306928740808
12040.0	0.08044275577715877	25.824338973260705	0.6379185093108142	1256.645094374252	25.883306928740808
12050.0	0.0633749640425728	25.824338973260705	0.6379185093108142	1256.645094374252	25.883306928740808
12060.0	0.056950570524498055	25.824338973260705	0.6379185093108142	1256.645094374252	25.883306928740808
12070.0	0.07818942372231083	25.824338973260705	0.6379185093108142	1256.645094374252	25.883306928740808
12080.0	0.06716247962412399	25.824338973260705	0.6379185093108142	1256.645094374252	25.883306928740808
12090.0	0.08238445680314385	25.824338973260705	0.6379185093108142	1256.645094374252	25.883306928740808
12100.0	0.06318319110173463	25.824338973260705	0.6379185093108142	1256.645094374252	25.883306928740808
12110.0	0.08250431489116856	25.824338973260705	0.6379185093108142	1256.645094374252	25.883306928740808
12120.0	0.06001893757790664	25.824338973260705	0.6379185093108142	1256.645094374252	25.883306928740808
12130.0	0.059563476843416355	25.824338973260705	0.6379185093108142	1256.645094374252	25.883306928740808
12140.0	0.05596773420270319	25.824338973260705	0.6379185093108142	1256.645094374252	25.883306928740808
12150.0	0.08274403106721559	25.824338973260705	0.6379185093108142	1256.645094374252	25.883306928740808
12160.0	0.08154545018697727	25.824338973260705	0.6379185093108142	1256.645094374252	25.883306928740808
12170.0	0.07725453063572592	25.824338973260705	0.6379185093108142	1256.645094374252	25.883306928740808
12180.0	0.0755285741681836	25.824338973260705	0.6379185093108142	1256.645094374252	25.883306928740808
12190.0	0.05683071243647406	25.824338973260705	0.6379185093108142	1256.645094374252	25.883306928740808
12200.0	0.06155312110461119	25.824338973260705	0.6379185093108142	1256.645094374252	25.883306928740808
12210.0	0.0593477322849738	25.824338973260705	0.6379185093108142	1256.645094374252	25.883306928740808
12220.0	0.05939567552018298	25.824338973260705	0.6379185093108142	1256.645094374252	25.883306928740808
12230.0	0.06162503595742585	25.824338973260705	0.6379185093108142	1256.645094374252	25.883306928740808
12240.0	0.055632131556236614	25.824338973260705	0.6379185093108142	1256.645094374252	25.883306928740808
12250.0	0.06330304918975845	25.824338973260705	0.6379185093108142	1256.645094374252	25.883306928740808
12260.0	0.07008701697190439	25.824338973260705	0.6379185093108142	1256.645094374252	25.883306928740808
12270.0	0.08746643973535213	25.824338973260705	0.6379185093108142	1256.645094374252	25.883306928740808
12280.0	0.06768985521142834	25.824338973260705	0.6379185093108142	1256.645094374252	25.883306928740808
12290.0	0.05131724038738061	25.824338973260705	0.6379185093108142	1256.645094374252	25.883306928740808
12300.0	0.04915979480295209	25.824338973260705	0.6379185093108142	1256.645094374252	25.883306928740808
12310.0	0.07418616358231712	25.824338973260705	0.6379185093108142	1256.645094374252	25.883306928740808
12320.0	0.08240842842074858	25.824338973260705	0.6379185093108142	1256.645094374252	25.883306928740808
12330.0	0.07905240195608246	25.824338973260705	0.6379185093108142	1256.645094374252	25.883306928740808
12340.0	0.06423794227634377	25.824338973260705	0.6379185093108142	1256.645094374252	25.883306928740808
12350.0	0.07440190814076028	25.824338973260705	0.6379185093108142	1256.645094374252	25.883306928740808
12360.0	0.058724470227249845	25.824338973260705	0.6379185093108142	1256.645094374252	25.883306928740808
12370.0	0.061193546840539945	25.824338973260705	0.6379185093108142	1256.645094374252	25.883306928740808
12380.0	0.05469723846965092	25.824338973260705	0.6379185093108142	1256.645094374252	25.883306928740808
12390.0	0.061529149487006246	25.824338973260705	0.6379185093108142	1256.645094374252	25.883306928740808
12400.0	0.05141312685779942	25.824338973260705	0.6379185093108142	1256.645094374252	25.883306928740808
12410.0	0.058460782433597897	25.824338973260705	0.6379185093108142	1256.645094374252	25.883306928740808
12420.0	0.08274403106721531	25.824338973260705	0.6379185093108142	1256.645094374252	25.883306928740808
12430.0	0.08075438680602014	25.824338973260705	0.6379185093108142	1256.645094374252	25.883306928740808
12440.0	0.07217254770351787	25.824338973260705	0.6379185093108142	1256.645094374252	25.883306928740808
12450.0	0.08231254195033001	25.824338973260705	0.6379185093108142	1256.645094374252	25.883306928740808
12460.0	0.08403849841787225	25.824338973260705	0.6379185093108142	1256.645094374252	25.883306928740808
12470.0	0.08061055710039212	25.824338973260705	0.6379185093108142	1256.645094374252	25.883306928740808
12480.0	0.06785765653466165	25.824338973260705	0.6379185093108142	1256.645094374252	25.883306928740808
12490.0	0.08775409914660963	25.824338973260705	0.6379185093108142	1256.645094374252	25.883306928740808
12500.0	0.08101807459967253	25.824338973260705	0.6379185093108142	1256.645094374252	25.883306928740808
12510.0	0.08255225812637756	25.824338973260705	0.6379185093108142	1256.645094374252	25.883306928740808
12520.0	0.07212460446830868	25.824338973260705	0.6379185093108142	1256.645094374252	25.883306928740808
12530.0	0.05716631508294063	25.824338973260705	0.6379185093108142	1256.645094374252	25.883306928740808
12540.0	0.052707594208456235	25.824338973260705	0.6379185093108142	1256.645094374252	25.883306928740808
12550.0	0.06939184006136628	25.824338973260705	0.6379185093108142	1256.645094374252	25.883306928740808
12560.0	0.057645747435036185	25.824338973260705	0.6379185093108142	1256.645094374252	25.883306928740808
12570.0	0.07123765461693281	25.824338973260705	0.6379185093108142	1256.645094374252	25.883306928740808
12580.0	0.06927198197334275	25.824338973260705	0.6379185093108142	1256.645094374252	25.883306928740808
12590.0	0.05172475788666138	25.824338973260705	0.6379185093108142	1256.645094374252	25.883306928740808
12600.0	0.06366262345382993	25.824338973260705	0.6379185093108142	1256.645094374252	25.883306928740808
12610.0	0.06066617125323536	25.824338973260705	0.6379185093108142	1256.645094374252	25.883306928740808
12620.0	0.059563476843416396	25.824338973260705	0.6379185093108142	1256.645094374252	25.883306928740808
12630.0	0.05440957905839395	25.824338973260705	0.6379185093108142	1256.645094374252	25.883306928740808
12640.0	0.04853653274522842	25.824338973260705	0.6379185093108142	1256.645094374252	25.883306928740808
12650.0	0.058508725668807195	25.824338973260705	0.6379185093108142	1256.645094374252	25.883306928740808
12660.0	0.052395963179594024	25.824338973260705	0.6379185093108142	1256.645094374252	25.883306928740808
12670.0	0.0720287179978899	25.824338973260705	0.6379185093108142	1256.645094374252	25.883306928740808
12680.0	0.055368443762584076	25.824338973260705	0.6379185093108142	1256.645094374252	25.883306928740808
12690.0	0.0605942564004212	25.824338973260705	0.6379185093108142	1256.645094374252	25.883306928740808
12700.0	0.06620361491993397	25.824338973260705	0.6379185093108142	1256.645094374252	25.883306928740808
12710.0	0.06927198197334301	25.824338973260705	0.6379185093108142	1256.645094374252	25.883306928740808
12720.0	0.06277567360245413	25.824338973260705	0.6379185093108142	1256.645094374252	25.883306928740808
12730.0	0.06577212580304816	25.824338973260705	0.6379185093108142	1256.645094374252	25.883306928740808
12740.0	0.051628871416242395	25.824338973260705	0.6379185093108142	1256.645094374252	25.883306928740808
12750.0	0.08626785885511438	25.824338973260705	0.6379185093108142	1256.645094374252	25.883306928740808
12760.0	0.07773396298782138	25.824338973260705	0.6379185093108142	1256.645094374252	25.883306928740808
12770.0	0.07310744079010333	25.824338973260705	0.6379185093108142	1256.645094374252	25.883306928740808
12780.0	0.05970730654904507	25.824338973260705	0.6379185093108142	1256.645094374252	25.883306928740808
12790.0	0.06536460830376745	25.824338973260705	0.6379185093108142	1256.645094374252	25.883306928740808
12800.0	0.05896418640329827	25.824338973260705	0.6379185093108142	1256.645094374252	25.883306928740808
12810.0	0.061601064339820925	25.824338973260705	0.6379185093108142	1256.645094374252	25.883306928740808
12820.0	0.06450163006999607	25.824338973260705	0.6379185093108142	1256.645094374252	25.883306928740808
12830.0	0.07528885799213664	25.824338973260705	0.6379185093108142	1256.645094374252	25.883306928740808
12840.0	0.07902843033847844	25.824338973260705	0.6379185093108142	1256.645094374252	25.883306928740808
12850.0	0.07047056285358091	25.824338973260705	0.6379185093108142	1256.645094374252	25.883306928740808
12860.0	0.03913965864416449	25.824338973260705	0.6379185093108142	1256.645094374252	25.883306928740808
12870.0	0.05486503979288419	25.824338973260705	0.6379185093108142	1256.645094374252	25.883306928740808
12880.0	0.047841355834690895	25.824338973260705	0.6379185093108142	1256.645094374252	25.883306928740808
12890.0	0.06505297727490587	25.824338973260705	0.6379185093108142	1256.645094374252	25.883306928740808
12900.0	0.06867269153322349	25.824338973260705	0.6379185093108142	1256.645094374252	25.883306928740808
12910.0	0.06745013903538066	25.824338973260705	0.6379185093108142	1256.645094374252	25.883306928740808
12920.0	0.05711837184773162	25.824338973260705	0.6379185093108142	1256.645094374252	25.883306928740808
12930.0	0.06037851184197826	25.824338973260705	0.6379185093108142	1256.645094374252	25.883306928740808
12940.0	0.05366645891264675	25.824338973260705	0.6379185093108142	1256.645094374252	25.883306928740808
12950.0	0.05400206155911298	25.824338973260705	0.6379185093108142	1256.645094374252	25.883306928740808
12960.0	0.061409291398982935	25.824338973260705	0.6379185093108142	1256.645094374252	25.883306928740808
12970.0	0.0626797871320352	25.824338973260705	0.6379185093108142	1256.645094374252	25.883306928740808
12980.0	0.05241993479719977	25.824338973260705	0.6379185093108142	1256.645094374252	25.883306928740808
12990.0	0.06354276536580637	25.824338973260705	0.6379185093108142	1256.645094374252	25.883306928740808
13000.0	0.05433766420558001	25.824338973260705	0.6379185093108142	1256.645094374252	25.883306928740808
13010.0	0.06500503403969608	25.824338973260705	0.6379185093108142	1256.645094374252	25.883306928740808
13020.0	0.05747794611180271	25.824338973260705	0.6379185093108142	1256.645094374252	25.883306928740808
13030.0	0.05395411832390383	25.824338973260705	0.6379185093108142	1256.645094374252	25.883306928740808
13040.0	0.07083013711765188	25.824338973260705	0.6379185093108142	1256.645094374252	25.883306928740808
13050.0	0.07694289960686365	25.824338973260705	0.6379185093108142	1256.645094374252	25.883306928740808
13060.0	0.07373070284782718	25.824338973260705	0.6379185093108142	1256.645094374252	25.883306928740808
13070.0	0.06486120433406742	25.824338973260705	0.6379185093108142	1256.645094374252	25.883306928740808
13080.0	0.05488901141048918	25.824338973260705	0.6379185093108142	1256.645094374252	25.883306928740808
13090.0	0.06850489020999058	25.824338973260705	0.6379185093108142	1256.645094374252	25.883306928740808
13100.0	0.06792957138747646	25.824338973260705	0.6379185093108142	1256.645094374252	25.883306928740808
13110.0	0.07521694313932198	25.824338973260705	0.6379185093108142	1256.645094374252	25.883306928740808
13120.0	0.07456970946399381	25.824338973260705	0.6379185093108142	1256.645094374252	25.883306928740808
13130.0	0.08137764886374436	25.824338973260705	0.6379185093108142	1256.645094374252	25.883306928740808
13140.0	0.06768985521142849	25.824338973260705	0.6379185093108142	1256.645094374252	25.883306928740808
13150.0	0.06272773036724466	25.824338973260705	0.6379185093108142	1256.645094374252	25.883306928740808
13160.0	0.05632730846677476	25.824338973260705	0.6379185093108142	1256.645094374252	25.883306928740808
13170.0	0.05886829993287905	25.824338973260705	0.6379185093108142	1256.645094374252	25.883306928740808
13180.0	0.055248585674560806	25.824338973260705	0.6379185093108142	1256.645094374252	25.883306928740808
13190.0	0.055632131556236045	25.824338973260705	0.6379185093108142	1256.645094374252	25.883306928740808
13200.0	0.05539241538018944	25.824338973260705	0.6379185093108142	1256.645094374252	25.883306928740808
13210.0	0.05975524978425513	25.824338973260705	0.6379185093108142	1256.645094374252	25.883306928740808
13220.0	0.03921157349697876	25.824338973260705	0.6379185093108142	1256.645094374252	25.883306928740808
13230.0	0.03741370217662191	25.824338973260705	0.6379185093108142	1256.645094374252	25.883306928740808
13240.0	0.048824192156485945	25.824338973260705	0.6379185093108142	1256.645094374252	25.883306928740808
13250.0	0.056878655671684035	25.824338973260705	0.6379185093108142	1256.645094374252	25.883306928740808
13260.0	0.05277950906127066	25.824338973260705	0.6379185093108142	1256.645094374252	25.883306928740808
13270.0	0.05186858759229012	25.824338973260705	0.6379185093108142	1256.645094374252	25.883306928740808
13280.0	0.065340636686163	25.824338973260705	0.6379185093108142	1256.645094374252	25.883306928740808
13290.0	0.05850872566880744	25.824338973260705	0.6379185093108142	1256.645094374252	25.883306928740808
13300.0	0.05997099434269738	25.824338973260705	0.6379185093108142	1256.645094374252	25.883306928740808
13310.0	0.06402219771790149	25.824338973260705	0.6379185093108142	1256.645094374252	25.883306928740808
13320.0	0.0438141240770917	25.824338973260705	0.6379185093108142	1256.645094374252	25.883306928740808
13330.0	0.06481326109885822	25.824338973260705	0.6379185093108142	1256.645094374252	25.883306928740808
13340.0	0.049998801419118895	25.824338973260705	0.6379185093108142	1256.645094374252	25.883306928740808
13350.0	0.06860077668040951	25.824338973260705	0.6379185093108142	1256.645094374252	25.883306928740808
13360.0	0.0655803528622104	25.824338973260705	0.6379185093108142	1256.645094374252	25.883306928740808
13370.0	0.07214857608591313	25.824338973260705	0.6379185093108142	1256.645094374252	25.883306928740808
13380.0	0.05582390449707464	25.824338973260705	0.6379185093108142	1256.645094374252	25.883306928740808
13390.0	0.06517283536292945	25.824338973260705	0.6379185093108142	1256.645094374252	25.883306928740808
13400.0	0.052851423914084844	25.824338973260705	0.6379185093108142	1256.645094374252	25.883306928740808
13410.0	0.060378511841978406	25.824338973260705	0.6379185093108142	1256.645094374252	25.883306928740808
13420.0	0.06828914565154799	25.824338973260705	0.6379185093108142	1256.645094374252	25.883306928740808
13430.0	0.05393014670629885	25.824338973260705	0.6379185093108142	1256.645094374252	25.883306928740808
13440.0	0.04853653274522862	25.824338973260705	0.6379185093108142	1256.645094374252	25.883306928740808
13450.0	0.04903993671492927	25.824338973260705	0.6379185093108142	1256.645094374252	25.883306928740808
13460.0	0.0489919934797192	25.824338973260705	0.6379185093108142	1256.645094374252	25.883306928740808
13470.0	0.04997482980151452	25.824338973260705	0.6379185093108142	1256.645094374252	25.883306928740808
13480.0	0.041848451433501986	25.824338973260705	0.6379185093108142	1256.645094374252	25.883306928740808
13490.0	0.057621775817431366	25.824338973260705	0.6379185093108142	1256.645094374252	25.883306928740808
13500.0	0.05814915140473588	25.824338973260705	0.6379185093108142	1256.645094374252	25.883306928740808
13510.0	0.04997482980151419	25.824338973260705	0.6379185093108142	1256.645094374252	25.883306928740808
13520.0	0.05076589318247083	25.824338973260705	0.6379185093108142	1256.645094374252	25.883306928740808
13530.0	0.05745397449419831	25.824338973260705	0.6379185093108142	1256.645094374252	25.883306928740808
13540.0	0.056207450378750565	25.824338973260705	0.6379185093108142	1256.645094374252	25.883306928740808
13550.0	0.059227874196950046	25.824338973260705	0.6379185093108142	1256.645094374252	25.883306928740808
13560.0	0.049639227155047344	25.824338973260705	0.6379185093108142	1256.645094374252	25.883306928740808
13570.0	0.06308730463131511	25.824338973260705	0.6379185093108142	1256.645094374252	25.883306928740808
13580.0	0.05826900949276018	25.824338973260705	0.6379185093108142	1256.645094374252	25.883306928740808
13590.0	0.055128727586536475	25.824338973260705	0.6379185093108142	1256.645094374252	25.883306928740808
13600.0	0.04822490171636687	25.824338973260705	0.6379185093108142	1256.645094374252	25.883306928740808
13610.0	0.053067168472527695	25.824338973260705	0.6379185093108142	1256.645094374252	25.883306928740808
13620.0	0.057477946111802854	25.824338973260705	0.6379185093108142	1256.645094374252	25.883306928740808
13630.0	0.05687865567168386	25.824338973260705	0.6379185093108142	1256.645094374252	25.883306928740808
13640.0	0.04853653274522896	25.824338973260705	0.6379185093108142	1256.645094374252	25.883306928740808
13650.0	0.0680254578578953	25.824338973260705	0.6379185093108142	1256.645094374252	25.883306928740808
13660.0	0.06006688081311645	25.824338973260705	0.6379185093108142	1256.645094374252	25.883306928740808
13670.0	0.08116190430530124	25.824338973260705	0.6379185093108142	1256.645094374252	25.883306928740808
13680.0	0.06385439639466788	25.824338973260705	0.6379185093108142	1256.645094374252	25.883306928740808
13690.0	0.05587184773228419	25.824338973260705	0.6379185093108142	1256.645094374252	25.883306928740808
13700.0	0.0512213539169618	25.824338973260705	0.6379185093108142	1256.645094374252	25.883306928740808
13710.0	0.05920390257934478	25.824338973260705	0.6379185093108142	1256.645094374252	25.883306928740808
13720.0	0.04649894524882462	25.824338973260705	0.6379185093108142	1256.645094374252	25.883306928740808
13730.0	0.057717662287850684	25.824338973260705	0.6379185093108142	1256.645094374252	25.883306928740808
13740.0	0.04496476172212011	25.824338973260705	0.6379185093108142	1256.645094374252	25.883306928740808
13750.0	0.05575198964426073	25.824338973260705	0.6379185093108142	1256.645094374252	25.883306928740808
13760.0	0.04395795378272056	25.824338973260705	0.6379185093108142	1256.645094374252	25.883306928740808
13770.0	0.06152914948700651	25.824338973260705	0.6379185093108142	1256.645094374252	25.883306928740808
13780.0	0.0858363697382282	25.824338973260705	0.6379185093108142	1256.645094374252	25.883306928740808
13790.0	0.06150517786940195	25.824338973260705	0.6379185093108142	1256.645094374252	25.883306928740808
13800.0	0.055871847732284444	25.824338973260705	0.6379185093108142	1256.645094374252	25.883306928740808
13810.0	0.04642703039601056	25.824338973260705	0.6379185093108142	1256.645094374252	25.883306928740808
13820.0	0.051317240387380454	25.824338973260705	0.6379185093108142	1256.645094374252	25.883306928740808
13830.0	0.04846461789241479	25.824338973260705	0.6379185093108142	1256.645094374252	25.883306928740808
13840.0	0.03516037012177549	25.824338973260705	0.6379185093108142	1256.645094374252	25.883306928740808
13850.0	0.04208816760954948	25.824338973260705	0.6379185093108142	1256.645094374252	25.883306928740808
13860.0	0.03782121967590336	25.824338973260705	0.6379185093108142	1256.645094374252	25.883306928740808
13870.0	0.05369043053025151	25.824338973260705	0.6379185093108142	1256.645094374252	25.883306928740808
13880.0	0.045707881867867416	25.824338973260705	0.6379185093108142	1256.645094374252	25.883306928740808
13890.0	0.05764574743503595	25.824338973260705	0.6379185093108142	1256.645094374252	25.883306928740808
13900.0	0.0491118515677432	25.824338973260705	0.6379185093108142	1256.645094374252	25.883306928740808
13910.0	0.054457522293603636	25.824338973260705	0.6379185093108142	1256.645094374252	25.883306928740808
13920.0	0.058484754051202334	25.824338973260705	0.6379185093108142	1256.645094374252	25.883306928740808
13930.0	0.060186738901140326	25.824338973260705	0.6379185093108142	1256.645094374252	25.883306928740808
13940.0	0.05182064435708015	25.824338973260705	0.6379185093108142	1256.645094374252	25.883306928740808
13950.0	0.056207450378750634	25.824338973260705	0.6379185093108142	1256.645094374252	25.883306928740808
13960.0	0.06112163198772536	25.824338973260705	0.6379185093108142	1256.645094374252	25.883306928740808
13970.0	0.0552246140569554	25.824338973260705	0.6379185093108142	1256.645094374252	25.883306928740808
13980.0	0.05774163390545518	25.824338973260705	0.6379185093108142	1256.645094374252	25.883306928740808
13990.0	0.06433382874676297	25.824338973260705	0.6379185093108142	1256.645094374252	25.883306928740808
14000.0	0.05268362259085197	25.824338973260705	0.6379185093108142	1256.645094374252	25.883306928740808
14010.0	0.06081000095886372	25.824338973260705	0.6379185093108142	1256.645094374252	25.883306928740808
14020.0	0.057022485377312616	25.824338973260705	0.6379185093108142	1256.645094374252	25.883306928740808
14030.0	0.06311127624892013	25.824338973260705	0.6379185093108142	1256.645094374252	25.883306928740808
14040.0	0.06361468021862074	25.824338973260705	0.6379185093108142	1256.645094374252	25.883306928740808
14050.0	0.06097780228209735	25.824338973260705	0.6379185093108142	1256.645094374252	25.883306928740808
14060.0	0.04822490171636677	25.824338973260705	0.6379185093108142	1256.645094374252	25.883306928740808
14070.0	0.05675879758366049	25.824338973260705	0.6379185093108142	1256.645094374252	25.883306928740808
14080.0	0.05134121200498504	25.824338973260705	0.6379185093108142	1256.645094374252	25.883306928740808
14090.0	0.05731014478856974	25.824338973260705	0.6379185093108142	1256.645094374252	25.883306928740808
14100.0	0.04621128583756755	25.824338973260705	0.6379185093108142	1256.645094374252	25.883306928740808
14110.0	0.06598787036149113	25.824338973260705	0.6379185093108142	1256.645094374252	25.883306928740808
14120.0	0.055991705820307464	25.824338973260705	0.6379185093108142	1256.645094374252	25.883306928740808
14130.0	0.0563752517019841	25.824338973260705	0.6379185093108142	1256.645094374252	25.883306928740808
14140.0	0.060186738901140305	25.824338973260705	0.6379185093108142	1256.645094374252	25.883306928740808
14150.0	0.07092602358807036	25.824338973260705	0.6379185093108142	1256.645094374252	25.883306928740808
14160.0	0.04973511362546648	25.824338973260705	0.6379185093108142	1256.645094374252	25.883306928740808
14170.0	0.05337879950138974	25.824338973260705	0.6379185093108142	1256.645094374252	25.883306928740808
14180.0	0.040146466583564064	25.824338973260705	0.6379185093108142	1256.645094374252	25.883306928740808
14190.0	0.043838095694697	25.824338973260705	0.6379185093108142	1256.645094374252	25.883306928740808
14200.0	0.053882203471089324	25.824338973260705	0.6379185093108142	1256.645094374252	25.883306928740808
14210.0	0.05208433215073277	25.824338973260705	0.6379185093108142	1256.645094374252	25.883306928740808
14220.0	0.047961213922714636	25.824338973260705	0.6379185093108142	1256.645094374252	25.883306928740808
14230.0	-0.0038750119858085427	25.824338973260705	0.6379185093108142	1256.645094374252	25.883306928740808
14240.0	-0.0067248377920547065	25.824338973260705	0.6379185093108142	1256.645094374252	25.883306928740808
14250.0	0.002405951353597082	25.824338973260705	0.6379185093108142	1256.645094374252	25.883306928740808
14260.0	0.0003931345287178143	25.824338973260705	0.6379185093108142	1256.645094374252	25.883306928740808
14270.0	-3.875411512782245e-05	25.824338973260705	0.6379185093108142	1256.645094374252	25.883306928740808
14280.0	0.00023811806820696053	25.824338973260705	0.6379185093108142	1256.645094374252	25.883306928740808
14290.0	0.001123070284782695	25.824338973260705	0.6379185093108142	1256.645094374252	25.883306928740808
14300.0	-0.00013863585514753743	25.824338973260705	0.6379185093108142	1256.645094374252	25.883306928740808
14310.0	-0.00017898807811561005	25.824338973260705	0.6379185093108142	1256.645094374252	25.883306928740808
14320.0	-7.391248761467877e-05	25.824338973260705	0.6379185093108142	1256.645094374252	25.883306928740808
14330.0	0.0	25.824338973260705	0.6379185093108142	1256.645094374252	25.883306928740808
14340.0	0.0	25.824338973260705	0.6379185093108142	1256.645094374252	25.883306928740808
14350.0	0.0	25.824338973260705	0.6379185093108142	1256.645094374252	25.883306928740808
14360.0	0.0	25.824338973260705	0.6379185093108142	1256.645094374252	25.883306928740808
14370.0	0.0	25.824338973260705	0.6379185093108142	1256.645094374252	25.883306928740808
14380.0	0.0	25.824338973260705	0.6379185093108142	1256.645094374252	25.883306928740808
14390.0	0.0	25.824338973260705	0.6379185093108142	1256.645094374252	25.883306928740808
14400.0	0.0	25.824338973260705	0.6379185093108142	1256.645094374252	25.883306928740808
14410.0	0.0	25.824338973260705	0.6379185093108142	1256.645094374252	25.883306928740808
14420.0	0.0	25.824338973260705	0.6379185093108142	1256.645094374252	25.883306928740808
14430.0	0.0	25.824338973260705	0.6379185093108142	1256.645094374252	25.883306928740808
14440.0	0.0	25.824338973260705	0.6379185093108142	1256.645094374252	25.883306928740808
14450.0	0.0	25.824338973260705	0.6379185093108142	1256.645094374252	25.883306928740808
14460.0	0.0	25.824338973260705	0.6379185093108142	1256.645094374252	25.883306928740808
14470.0	0.0	25.824338973260705	0.6379185093108142	1256.645094374252	25.883306928740808
14480.0	0.0	25.824338973260705	0.6379185093108142	1256.645094374252	25.883306928740808
14490.0	0.0	25.824338973260705	0.6379185093108142	1256.645094374252	25.883306928740808
14500.0	0.0	25.824338973260705	0.6379185093108142	1256.645094374252	25.883306928740808
14510.0	0.0	25.824338973260705	0.6379185093108142	1256.645094374252	25.883306928740808
14520.0	0.0	25.824338973260705	0.6379185093108142	1256.645094374252	25.883306928740808
14530.0	0.0	25.824338973260705	0.6379185093108142	1256.645094374252	25.883306928740808
14540.0	0.0	25.824338973260705	0.6379185093108142	1256.645094374252	25.883306928740808
14550.0	0.0	25.824338973260705	0.6379185093108142	1256.645094374252	25.883306928740808
14560.0	0.0	25.824338973260705	0.6379185093108142	1256.645094374252	25.883306928740808
14570.0	0.0	25.824338973260705	0.6379185093108142	1256.645094374252	25.883306928740808
14580.0	0.0	25.824338973260705	0.6379185093108142	1256.645094374252	25.883306928740808
14590.0	0.0	25.824338973260705	0.6379185093108142	1256.645094374252	25.883306928740808
14600.0	0.0	25.824338973260705	0.6379185093108142	1256.645094374252	25.883306928740808
14610.0	0.0	25.824338973260705	0.6379185093108142	1256.645094374252	25.883306928740808
14620.0	0.0	25.824338973260705	0.6379185093108142	1256.645094374252	25.883306928740808
14630.0	0.0	25.824338973260705	0.6379185093108142	1256.645094374252	25.883306928740808
14640.0	0.0	25.824338973260705	0.6379185093108142	1256.645094374252	25.883306928740808
14650.0	0.0	25.824338973260705	0.6379185093108142	1256.645094374252	25.883306928740808
14660.0	0.0	25.824338973260705	0.6379185093108142	1256.645094374252	25.883306928740808
14670.0	0.0	25.824338973260705	0.6379185093108142	1256.645094374252	25.883306928740808
14680.0	0.0	25.824338973260705	0.6379185093108142	1256.645094374252	25.883306928740808
14690.0	0.0	25.824338973260705	0.6379185093108142	1256.645094374252	25.883306928740808
14700.0	0.0	25.824338973260705	0.6379185093108142	1256.645094374252	25.883306928740808
14710.0	0.0	25.824338973260705	0.6379185093108142	1256.645094374252	25.883306928740808
14720.0	0.0	25.824338973260705	0.6379185093108142	1256.645094374252	25.883306928740808
14730.0	0.0	25.824338973260705	0.6379185093108142	1256.645094374252	25.883306928740808
14740.0	0.0	25.824338973260705	0.6379185093108142	1256.645094374252	25.883306928740808
14750.0	0.0	25.824338973260705	0.6379185093108142	1256.645094374252	25.883306928740808
14760.0	0.0	25.824338973260705	0.6379185093108142	1256.645094374252	25.883306928740808
14770.0	0.0	25.824338973260705	0.6379185093108142	1256.645094374252	25.883306928740808
14780.0	0.0	25.824338973260705	0.6379185093108142	1256.645094374252	25.883306928740808
14790.0	0.0	25.824338973260705	0.6379185093108142	1256.645094374252	25.883306928740808
14800.0	0.0	25.824338973260705	0.6379185093108142	1256.645094374252	25.883306928740808
14810.0	0.0	25.824338973260705	0.6379185093108142	1256.645094374252	25.883306928740808
14820.0	0.0	25.824338973260705	0.6379185093108142	1256.645094374252	25.883306928740808
14830.0	0.0	25.824338973260705	0.6379185093108142	1256.645094374252	25.883306928740808
14840.0	0.0	25.824338973260705	0.6379185093108142	1256.645094374252	25.883306928740808
14850.0	0.0	25.824338973260705	0.6379185093108142	1256.645094374252	25.883306928740808
14860.0	0.0	25.824338973260705	0.6379185093108142	1256.645094374252	25.883306928740808
14870.0	0.0	25.824338973260705	0.6379185093108142	1256.645094374252	25.883306928740808
14880.0	0.0	25.824338973260705	0.6379185093108142	1256.645094374252	25.883306928740808
14890.0	0.0	25.824338973260705	0.6379185093108142	1256.645094374252	25.883306928740808
14900.0	0.0	25.824338973260705	0.6379185093108142	1256.645094374252	25.883306928740808
14910.0	0.0	25.824338973260705	0.6379185093108142	1256.645094374252	25.883306928740808
14920.0	0.0	25.824338973260705	0.6379185093108142	1256.645094374252	25.883306928740808
14930.0	0.0	25.824338973260705	0.6379185093108142	1256.645094374252	25.883306928740808
14940.0	0.0	25.824338973260705	0.6379185093108142	1256.645094374252	25.883306928740808
14950.0	0.0	25.824338973260705	0.6379185093108142	1256.645094374252	25.883306928740808
14960.0	0.0	25.824338973260705	0.6379185093108142	1256.645094374252	25.883306928740808
14970.0	0.0	25.824338973260705	0.6379185093108142	1256.645094374252	25.883306928740808
14980.0	0.0	25.824338973260705	0.6379185093108142	1256.645094374252	25.883306928740808
14990.0	0.0	25.824338973260705	0.6379185093108142	1256.645094374252	25.883306928740808
