0.0	0.0812833279790873	154.7092334197849	0.610404703514192	1298.6367743283984	4.357301351617132
10.0	0.07770881995877017	154.7092334197849	0.610404703514192	1298.6367743283984	4.357301351617132
20.0	0.47010641586293805	154.7092334197849	0.610404703514192	1298.6367743283984	4.357301351617132
30.0	136.9394539826565	154.7092334197849	0.610404703514192	1298.6367743283984	4.357301351617132
40.0	776.6486882903275	154.7092334197849	0.610404703514192	1298.6367743283984	4.357301351617132
50.0	1250.242026629226	154.7092334197849	0.610404703514192	1298.6367743283984	4.357301351617132
60.0	1244.2213772409032	154.7092334197849	0.610404703514192	1298.6367743283984	4.357301351617132
70.0	1056.4334191586725	154.7092334197849	0.610404703514192	1298.6367743283984	4.357301351617132
80.0	862.5403387966985	154.7092334197849	0.610404703514192	1298.6367743283984	4.357301351617132
90.0	710.8096826807276	154.7092334197849	0.610404703514192	1298.6367743283984	4.357301351617132
100.0	595.1346809858252	154.7092334197849	0.610404703514192	1298.6367743283984	4.357301351617132
110.0	501.9470597587555	154.7092334197849	0.610404703514192	1298.6367743283984	4.357301351617132
120.0	432.07844026662065	154.7092334197849	0.610404703514192	1298.6367743283984	4.357301351617132
130.0	382.1534628754338	154.7092334197849	0.610404703514192	1298.6367743283984	4.357301351617132
140.0	348.3236635505676	154.7092334197849	0.610404703514192	1298.6367743283984	4.357301351617132
150.0	325.0696863313106	154.7092334197849	0.610404703514192	1298.6367743283984	4.357301351617132
160.0	307.8143672742897	154.7092334197849	0.610404703514192	1298.6367743283984	4.357301351617132
170.0	293.89751683896475	154.7092334197849	0.610404703514192	1298.6367743283984	4.357301351617132
180.0	286.01424884644075	154.7092334197849	0.610404703514192	1298.6367743283984	4.357301351617132
190.0	293.1566130083313	154.7092334197849	0.610404703514192	1298.6367743283984	4.357301351617132
200.0	307.23443194966217	154.7092334197849	0.610404703514192	1298.6367743283984	4.357301351617132
210.0	303.047560491095	154.7092334197849	0.610404703514192	1298.6367743283984	4.357301351617132
220.0	281.44503311731887	154.7092334197849	0.610404703514192	1298.6367743283984	4.357301351617132
230.0	254.10417927014038	154.7092334197849	0.610404703514192	1298.6367743283984	4.357301351617132
240.0	230.1271264363673	154.7092334197849	0.610404703514192	1298.6367743283984	4.357301351617132
250.0	210.8070235947086	154.7092334197849	0.610404703514192	1298.6367743283984	4.357301351617132
260.0	194.70544780303618	154.7092334197849	0.610404703514192	1298.6367743283984	4.357301351617132
270.0	181.61798564557807	154.7092334197849	0.610404703514192	1298.6367743283984	4.357301351617132
280.0	171.39454141188583	154.7092334197849	0.610404703514192	1298.6367743283984	4.357301351617132
290.0	163.75546857662624	154.7092334197849	0.610404703514192	1298.6367743283984	4.357301351617132
300.0	156.5367595148584	154.7092334197849	0.610404703514192	1298.6367743283984	4.357301351617132
310.0	150.9229163340066	154.7092334197849	0.610404703514192	1298.6367743283984	4.357301351617132
320.0	146.84710071497682	154.7092334197849	0.610404703514192	1298.6367743283984	4.357301351617132
330.0	143.3746539941118	154.7092334197849	0.610404703514192	1298.6367743283984	4.357301351617132
340.0	139.0106042072918	154.7092334197849	0.610404703514192	1298.6367743283984	4.357301351617132
350.0	135.3875744075964	154.7092334197849	0.610404703514192	1298.6367743283984	4.357301351617132
360.0	132.97650195457007	154.7092334197849	0.610404703514192	1298.6367743283984	4.357301351617132
370.0	131.43867344188442	154.7092334197849	0.610404703514192	1298.6367743283984	4.357301351617132
380.0	128.4925594144453	154.7092334197849	0.610404703514192	1298.6367743283984	4.357301351617132
390.0	126.50125976528209	154.7092334197849	0.610404703514192	1298.6367743283984	4.357301351617132
400.0	125.13596759884585	154.7092334197849	0.610404703514192	1298.6367743283984	4.357301351617132
410.0	123.76290592090449	154.7092334197849	0.610404703514192	1298.6367743283984	4.357301351617132
420.0	122.14006533384355	154.7092334197849	0.610404703514192	1298.6367743283984	4.357301351617132
430.0	120.41710472858335	154.7092334197849	0.610404703514192	1298.6367743283984	4.357301351617132
440.0	119.45289427401597	154.7092334197849	0.610404703514192	1298.6367743283984	4.357301351617132
450.0	118.07079464920241	154.7092334197849	0.610404703514192	1298.6367743283984	4.357301351617132
460.0	116.82081137815659	154.7092334197849	0.610404703514192	1298.6367743283984	4.357301351617132
470.0	115.23763156289353	154.7092334197849	0.610404703514192	1298.6367743283984	4.357301351617132
480.0	113.55239871470465	154.7092334197849	0.610404703514192	1298.6367743283984	4.357301351617132
490.0	112.3129015927028	154.7092334197849	0.610404703514192	1298.6367743283984	4.357301351617132
500.0	111.47422396265114	154.7092334197849	0.610404703514192	1298.6367743283984	4.357301351617132
510.0	110.95402320845339	154.7092334197849	0.610404703514192	1298.6367743283984	4.357301351617132
520.0	109.71086661745792	154.7092334197849	0.610404703514192	1298.6367743283984	4.357301351617132
530.0	108.50087813436784	154.7092334197849	0.610404703514192	1298.6367743283984	4.357301351617132
540.0	107.5922018756647	154.7092334197849	0.610404703514192	1298.6367743283984	4.357301351617132
550.0	106.40391389448035	154.7092334197849	0.610404703514192	1298.6367743283984	4.357301351617132
560.0	105.99114849446775	154.7092334197849	0.610404703514192	1298.6367743283984	4.357301351617132
570.0	105.14341431424677	154.7092334197849	0.610404703514192	1298.6367743283984	4.357301351617132
580.0	103.91511197292915	154.7092334197849	0.610404703514192	1298.6367743283984	4.357301351617132
590.0	103.49417859178868	154.7092334197849	0.610404703514192	1298.6367743283984	4.357301351617132
600.0	102.75640922391203	154.7092334197849	0.610404703514192	1298.6367743283984	4.357301351617132
610.0	102.070154096998	154.7092334197849	0.610404703514192	1298.6367743283984	4.357301351617132
620.0	100.74753666529774	154.7092334197849	0.610404703514192	1298.6367743283984	4.357301351617132
630.0	99.4867934081314	154.7092334197849	0.610404703514192	1298.6367743283984	4.357301351617132
640.0	98.93567217050712	154.7092334197849	0.610404703514192	1298.6367743283984	4.357301351617132
650.0	98.23451060509892	154.7092334197849	0.610404703514192	1298.6367743283984	4.357301351617132
660.0	97.17467286924538	154.7092334197849	0.610404703514192	1298.6367743283984	4.357301351617132
670.0	95.62268641835622	154.7092334197849	0.610404703514192	1298.6367743283984	4.357301351617132
680.0	94.55624415142765	154.7092334197849	0.610404703514192	1298.6367743283984	4.357301351617132
690.0	93.7163318232572	154.7092334197849	0.610404703514192	1298.6367743283984	4.357301351617132
700.0	92.24055123274326	154.7092334197849	0.610404703514192	1298.6367743283984	4.357301351617132
710.0	91.36401601506248	154.7092334197849	0.610404703514192	1298.6367743283984	4.357301351617132
720.0	91.51947746033902	154.7092334197849	0.610404703514192	1298.6367743283984	4.357301351617132
730.0	90.73370437809812	154.7092334197849	0.610404703514192	1298.6367743283984	4.357301351617132
740.0	89.77210886721639	154.7092334197849	0.610404703514192	1298.6367743283984	4.357301351617132
750.0	89.21695886040246	154.7092334197849	0.610404703514192	1298.6367743283984	4.357301351617132
760.0	88.8103073105887	154.7092334197849	0.610404703514192	1298.6367743283984	4.357301351617132
770.0	88.12874480753665	154.7092334197849	0.610404703514192	1298.6367743283984	4.357301351617132
780.0	86.96096559949827	154.7092334197849	0.610404703514192	1298.6367743283984	4.357301351617132
790.0	85.60846629848879	154.7092334197849	0.610404703514192	1298.6367743283984	4.357301351617132
800.0	85.21233862655917	154.7092334197849	0.610404703514192	1298.6367743283984	4.357301351617132	83.55598072360985	1.9823331479146868	80	380
810.0	84.42618526984562	154.7092334197849	0.610404703514192	1298.6367743283984	4.357301351617132	82.91503862165477	1.822524204669648	80	380
820.0	83.69218159051114	154.7092334197849	0.610404703514192	1298.6367743283984	4.357301351617132	82.27901306516418	1.7175321782575896	80	380
830.0	83.23473828750741	154.7092334197849	0.610404703514192	1298.6367743283984	4.357301351617132	81.64786634024905	1.9435559291230327	80	380
840.0	81.98298291024133	154.7092334197849	0.610404703514192	1298.6367743283984	4.357301351617132	81.02156102231649	1.1866247401232244	80	380
850.0	81.06236890602516	154.7092334197849	0.610404703514192	1298.6367743283984	4.357301351617132	80.40005997385053	0.8237667140920486	80	380
860.0	81.03554008472845	154.7092334197849	0.610404703514192	1298.6367743283984	4.357301351617132	79.78332634221003	1.5695180934765403	80	380
870.0	80.19657476824008	154.7092334197849	0.610404703514192	1298.6367743283984	4.357301351617132	79.17132355744353	1.294977985372031	80	380
880.0	78.84266739410636	154.7092334197849	0.610404703514192	1298.6367743283984	4.357301351617132	78.56401533012074	0.35468154576206484	80	380
890.0	78.23511944712668	154.7092334197849	0.610404703514192	1298.6367743283984	4.357301351617132	77.96136564918065	0.3511403317098071	80	380
900.0	77.71757627676497	154.7092334197849	0.610404703514192	1298.6367743283984	4.357301351617132	77.36333877979635	0.4578880675986702	80	380
910.0	76.79447684424072	154.7092334197849	0.610404703514192	1298.6367743283984	4.357301351617132	76.76989926125599	0.032014608878270304	80	380
920.0	76.42973233081892	154.7092334197849	0.610404703514192	1298.6367743283984	4.357301351617132	76.18101190486013	0.32648611476756506	80	380
930.0	76.18321027463968	154.7092334197849	0.610404703514192	1298.6367743283984	4.357301351617132	75.59664179183517	0.7759187033991521	80	380
940.0	75.57205340398097	154.7092334197849	0.610404703514192	1298.6367743283984	4.357301351617132	75.01675427126283	0.7402334826566463	80	380
950.0	75.31088608397734	154.7092334197849	0.610404703514192	1298.6367743283984	4.357301351617132	74.44131495802542	1.1681297226442588	80	380
960.0	74.63672135370685	154.7092334197849	0.610404703514192	1298.6367743283984	4.357301351617132	73.87028973076703	1.037537047347738	80	380
970.0	73.4446874003863	154.7092334197849	0.610404703514192	1298.6367743283984	4.357301351617132	73.30364472987016	0.1924088100065097	80	380
980.0	72.84285084458867	154.7092334197849	0.610404703514192	1298.6367743283984	4.357301351617132	72.74134635544802	0.13954166952678287	80	380
990.0	72.41483023701356	154.7092334197849	0.610404703514192	1298.6367743283984	4.357301351617132	72.18336126535225	0.32066804261222287	80	380
1000.0	71.78428023225594	154.7092334197849	0.610404703514192	1298.6367743283984	4.357301351617132	71.62965637319574	0.21586569989194543	80	380
1010.0	71.14218466020792	154.7092334197849	0.610404703514192	1298.6367743283984	4.357301351617132	71.08019884639077	0.08720545921811616	80	380
1020.0	70.42229759550152	154.7092334197849	0.610404703514192	1298.6367743283984	4.357301351617132	70.53495610420227	-0.1597201088979414	80	380
1030.0	70.06438432015459	154.7092334197849	0.610404703514192	1298.6367743283984	4.357301351617132	69.9938958158157	0.10070664522570452	80	380
1040.0	69.79889222156865	154.7092334197849	0.610404703514192	1298.6367743283984	4.357301351617132	69.4569858984202	0.4922562053707354	80	380
1050.0	68.26609711170111	154.7092334197849	0.610404703514192	1298.6367743283984	4.357301351617132	68.92419451530597	-0.9548133398333911	80	380
1060.0	67.43895386585062	154.7092334197849	0.610404703514192	1298.6367743283984	4.357301351617132	68.39549007397662	-1.3985369606846971	80	380
1070.0	67.58477500431901	154.7092334197849	0.610404703514192	1298.6367743283984	4.357301351617132	67.87084122427584	-0.4214861858150996	80	380
1080.0	67.16468372644418	154.7092334197849	0.610404703514192	1298.6367743283984	4.357301351617132	67.35021685652838	-0.27547517846813185	80	380
1090.0	66.4067977250123	154.7092334197849	0.610404703514192	1298.6367743283984	4.357301351617132	66.83358609969547	-0.6385836816335593	80	380
1100.0	65.74474492596082	154.7092334197849	0.610404703514192	1298.6367743283984	4.357301351617132	66.3209183195442	-0.86876570497305	80	380
1110.0	65.60300444602336	154.7092334197849	0.610404703514192	1298.6367743283984	4.357301351617132	65.81218311683106	-0.3178418658994556	80	380
1120.0	65.03667885990451	154.7092334197849	0.610404703514192	1298.6367743283984	4.357301351617132	65.30735032549941	-0.41445788911331327	80	380
1130.0	64.53717058050017	154.7092334197849	0.610404703514192	1298.6367743283984	4.357301351617132	64.80639001089065	-0.4154211187280088	80	380
1140.0	63.46127876942621	154.7092334197849	0.610404703514192	1298.6367743283984	4.357301351617132	64.30927246796932	-1.318618087252466	80	380
1150.0	63.54510907867927	154.7092334197849	0.610404703514192	1298.6367743283984	4.357301351617132	63.815968219561704	-0.4244378772888521	80	380
1160.0	63.350614752179546	154.7092334197849	0.610404703514192	1298.6367743283984	4.357301351617132	63.326448014607806	0.03816215551228321	80	380
1170.0	62.66172770784595	154.7092334197849	0.610404703514192	1298.6367743283984	4.357301351617132	62.84068282642704	-0.28477589760663097	80	380
1180.0	62.316891349469564	154.7092334197849	0.610404703514192	1298.6367743283984	4.357301351617132	62.35864385099698	-0.06695543544400662	80	380
1190.0	61.533702210972535	154.7092334197849	0.610404703514192	1298.6367743283984	4.357301351617132	61.88030250524537	-0.5601140916262526	80	380
1200.0	61.37513126196841	154.7092334197849	0.610404703514192	1298.6367743283984	4.357301351617132	61.40563042535532	-0.0496683499145592	80	380
1210.0	61.22038905546613	154.7092334197849	0.610404703514192	1298.6367743283984	4.357301351617132	60.934599465083394	0.4690103699565575	80	380
1220.0	60.70267594112645	154.7092334197849	0.610404703514192	1298.6367743283984	4.357301351617132	60.467181694090655	0.38945795130188754	80	380
1230.0	60.056001514078005	154.7092334197849	0.610404703514192	1298.6367743283984	4.357301351617132	60.00334939628651	0.08774863123683284	80	380
1240.0	59.14798152958694	154.7092334197849	0.610404703514192	1298.6367743283984	4.357301351617132	59.543075068185246	-0.6635423819577088	80	380
1250.0	58.59646730580787	154.7092334197849	0.610404703514192	1298.6367743283984	4.357301351617132	59.08633141727518	-0.8290650302991904	80	380
1260.0	58.57431962957253	154.7092334197849	0.610404703514192	1298.6367743283984	4.357301351617132	58.63309136040033	-0.10023645259730155	80	380
1270.0	58.153803292037225	154.7092334197849	0.610404703514192	1298.6367743283984	4.357301351617132	58.183328022154434	-0.05074431305470799	80	380
1280.0	57.61799656016841	154.7092334197849	0.610404703514192	1298.6367743283984	4.357301351617132	57.73701473328744	-0.20613842552966727	80	380
1290.0	56.94411880771084	154.7092334197849	0.610404703514192	1298.6367743283984	4.357301351617132	57.294125029124	-0.6108937368975329	80	380
1300.0	56.3458306708433	154.7092334197849	0.610404703514192	1298.6367743283984	4.357301351617132	56.85463264799433	-0.8949173593314554	80	380
1310.0	55.582975195907466	154.7092334197849	0.610404703514192	1298.6367743283984	4.357301351617132	56.4185115296769	-1.48096132123218	80	380
1320.0	55.61427508125469	154.7092334197849	0.610404703514192	1298.6367743283984	4.357301351617132	55.98573581385323	-0.663491739813175	80	380
1330.0	55.3242914365673	154.7092334197849	0.610404703514192	1298.6367743283984	4.357301351617132	55.55627983857445	-0.4175736796654088	80	380
1340.0	54.149610859536196	154.7092334197849	0.610404703514192	1298.6367743283984	4.357301351617132	55.1301181387396	-1.77853288239991	80	380
1350.0	54.14726326324796	154.7092334197849	0.610404703514192	1298.6367743283984	4.357301351617132	54.70722544458573	-1.0235616534875691	80	380
1360.0	53.9127820841907	154.7092334197849	0.610404703514192	1298.6367743283984	4.357301351617132	54.28757668018943	-0.6903874125873422	80	380
1370.0	53.34492832987581	154.7092334197849	0.610404703514192	1298.6367743283984	4.357301351617132	53.87114696197997	-0.9768097799654004	80	380
1380.0	53.06193672370247	154.7092334197849	0.610404703514192	1298.6367743283984	4.357301351617132	53.45791159726373	-0.7407226764569792	80	380
1390.0	52.72778616285058	154.7092334197849	0.610404703514192	1298.6367743283984	4.357301351617132	53.04784608276014	-0.603341970586768	80	380
1400.0	52.17552642347731	154.7092334197849	0.610404703514192	1298.6367743283984	4.357301351617132	52.64092610314859	-0.8841023783649623	80	380
1410.0	51.53854742572063	154.7092334197849	0.610404703514192	1298.6367743283984	4.357301351617132	52.237127529626726	-1.3373248816368977	80	380
1420.0	51.3622460257099	154.7092334197849	0.610404703514192	1298.6367743283984	4.357301351617132	51.83642641847964	-0.9147628907549346	80	380
1430.0	51.02929130495239	154.7092334197849	0.610404703514192	1298.6367743283984	4.357301351617132	51.43879900966014	-0.7961066599374619	80	380
1440.0	50.27043868358744	154.7092334197849	0.610404703514192	1298.6367743283984	4.357301351617132	51.04422172537986	-1.5159072185592457	80	380
1450.0	49.70953152435546	154.7092334197849	0.610404703514192	1298.6367743283984	4.357301351617132	50.65267116871119	-1.8619741517961925	80	380
1460.0	49.35003400496801	154.7092334197849	0.610404703514192	1298.6367743283984	4.357301351617132	50.26412412219988	-1.8185736510788038	80	380
1470.0	49.63079595184297	154.7092334197849	0.610404703514192	1298.6367743283984	4.357301351617132	49.87855754648842	-0.496729670689718	80	380
1480.0	49.28402414905399	154.7092334197849	0.610404703514192	1298.6367743283984	4.357301351617132	49.49594857894986	-0.4281652053962162	80	380
1490.0	48.63326265795037	154.7092334197849	0.610404703514192	1298.6367743283984	4.357301351617132	49.11627453233204	-0.9834049487277767	80	380
1500.0	48.63101877678594	154.7092334197849	0.610404703514192	1298.6367743283984	4.357301351617132	48.7395128934125	-0.22259991983059635	80	380
1510.0	48.118233178192895	154.7092334197849	0.610404703514192	1298.6367743283984	4.357301351617132	48.36564132166343	-0.5115369851608282	80	380
1520.0	47.89665596236722	154.7092334197849	0.610404703514192	1298.6367743283984	4.357301351617132	47.99463764792696	-0.20415131848374293	80	380
1530.0	47.74545280706081	154.7092334197849	0.610404703514192	1298.6367743283984	4.357301351617132	47.626479873100635	0.24980417254681117	80	380
1540.0	47.06595213065308	154.7092334197849	0.610404703514192	1298.6367743283984	4.357301351617132	47.26114616683297	-0.41301164277914937	80	380
1550.0	46.257242130534046	154.7092334197849	0.610404703514192	1298.6367743283984	4.357301351617132	46.89861486622892	-1.3675728750716618	80	380
1560.0	45.89966488598365	154.7092334197849	0.610404703514192	1298.6367743283984	4.357301351617132	46.538864474565464	-1.3734748275415154	80	380
1570.0	45.612443072302234	154.7092334197849	0.610404703514192	1298.6367743283984	4.357301351617132	46.18187366001683	-1.23301750792236	80	380
1580.0	45.853841694777245	154.7092334197849	0.610404703514192	1298.6367743283984	4.357301351617132	45.82762125438966	0.0572153641622217	80	380
1590.0	45.396547221224225	154.7092334197849	0.610404703514192	1298.6367743283984	4.357301351617132	45.47608625186781	-0.17490298132311427	80	380
1600.0	44.79492331141576	154.7092334197849	0.610404703514192	1298.6367743283984	4.357301351617132	45.127247807766736	-0.7364164944572188	80	380
1610.0	43.891331923139035	154.7092334197849	0.610404703514192	1298.6367743283984	4.357301351617132	44.78108523729756	-1.9868953810379346	80	380
1620.0	44.149274835180115	154.7092334197849	0.610404703514192	1298.6367743283984	4.357301351617132	44.43757801434047	-0.6487823865362622	80	380
1630.0	43.81229190822851	154.7092334197849	0.610404703514192	1298.6367743283984	4.357301351617132	44.09670577022764	-0.6449775715245358	80	380
1640.0	43.3860435165645	154.7092334197849	0.610404703514192	1298.6367743283984	4.357301351617132	43.75844829253546	-0.8510465761522219	80	380
1650.0	42.807926520560024	154.7092334197849	0.610404703514192	1298.6367743283984	4.357301351617132	43.42278552388596	-1.4159824062593096	80	380
1660.0	43.17441246488229	154.7092334197849	0.610404703514192	1298.6367743283984	4.357301351617132	43.08969756075755	0.19660129664472017	80	380
1670.0	42.88796073230424	154.7092334197849	0.610404703514192	1298.6367743283984	4.357301351617132	42.75916465230475	0.3012128067673887	80	380
1680.0	42.392818091033725	154.7092334197849	0.610404703514192	1298.6367743283984	4.357301351617132	42.431167199187094	-0.0903795739894325	80	380
1690.0	42.38435258891611	154.7092334197849	0.610404703514192	1298.6367743283984	4.357301351617132	42.10568575240694	0.6618270942024435	80	380
1700.0	42.43665383371951	154.7092334197849	0.610404703514192	1298.6367743283984	4.357301351617132	41.78270101215623	1.5651281648187834	80	380
1710.0	41.66425040057705	154.7092334197849	0.610404703514192	1298.6367743283984	4.357301351617132	41.46219382667208	0.4873272619139498	80	380
1720.0	41.12287209905172	154.7092334197849	0.610404703514192	1298.6367743283984	4.357301351617132	41.144145191101124	-0.051703813387296634	80	380
1730.0	41.10979900441242	154.7092334197849	0.610404703514192	1298.6367743283984	4.357301351617132	40.82853624637267	0.6888876846882797	80	380
1740.0	41.227111665902406	154.7092334197849	0.610404703514192	1298.6367743283984	4.357301351617132	40.51534827808036	1.7567746991505553	80	380
1750.0	40.58211868567693	154.7092334197849	0.610404703514192	1298.6367743283984	4.357301351617132	40.20456271537248	0.9390873692057053	80	380
1760.0	40.22673316202877	154.7092334197849	0.610404703514192	1298.6367743283984	4.357301351617132	39.89616112985085	0.8285810534552422	80	380
1770.0	39.55550762327325	154.7092334197849	0.610404703514192	1298.6367743283984	4.357301351617132	39.590125234478016	-0.0874400143968684	80	380
1780.0	39.24030880791497	154.7092334197849	0.610404703514192	1298.6367743283984	4.357301351617132	39.28643688249291	-0.11741475745409768	80	380
1790.0	38.81795756889729	154.7092334197849	0.610404703514192	1298.6367743283984	4.357301351617132	38.98507806633487	-0.428678114106163	80	380
1800.0	38.53782477912191	154.7092334197849	0.610404703514192	1298.6367743283984	4.357301351617132	38.6860309165758	-0.3830998785413994	80	380
1810.0	38.11118512052637	154.7092334197849	0.610404703514192	1298.6367743283984	4.357301351617132	38.38927770086059	-0.7244017001340534	80	380
1820.0	37.76289664996882	154.7092334197849	0.610404703514192	1298.6367743283984	4.357301351617132	38.094800822855674	-0.8712584544810621	80	380
1830.0	37.73178947012723	154.7092334197849	0.610404703514192	1298.6367743283984	4.357301351617132	37.80258282120564	-0.18727120158227728	80	380
1840.0	37.14274464300666	154.7092334197849	0.610404703514192	1298.6367743283984	4.357301351617132	37.51260636849783	-0.9859664824616677	80	380
1850.0	36.982404303600426	154.7092334197849	0.610404703514192	1298.6367743283984	4.357301351617132	37.22485427023486	-0.6513120639085905	80	380
1860.0	36.75010754964124	154.7092334197849	0.610404703514192	1298.6367743283984	4.357301351617132	36.9393094638151	-0.5121966731922671	80	380
1870.0	36.162880273490345	154.7092334197849	0.610404703514192	1298.6367743283984	4.357301351617132	36.6559550175209	-1.3451422662289851	80	380
1880.0	35.82719119779446	154.7092334197849	0.610404703514192	1298.6367743283984	4.357301351617132	36.37477412951461	-1.5053919778867837	80	380
1890.0	35.380040353511184	154.7092334197849	0.610404703514192	1298.6367743283984	4.357301351617132	36.09575012684229	-1.9828089756164253	80	380
1900.0	35.421033332349	154.7092334197849	0.610404703514192	1298.6367743283984	4.357301351617132	35.81886646444508	-1.1106804077426167	80	380
1910.0	35.46299273449984	154.7092334197849	0.610404703514192	1298.6367743283984	4.357301351617132	35.54410672417812	-0.228206578119188	80	380
1920.0	34.66622954841248	154.7092334197849	0.610404703514192	1298.6367743283984	4.357301351617132	35.27145461383704	-1.7159061684604435	80	380
1930.0	34.57382663612916	154.7092334197849	0.610404703514192	1298.6367743283984	4.357301351617132	35.00089396619188	-1.2201612063829943	80	380
1940.0	34.38276755206763	154.7092334197849	0.610404703514192	1298.6367743283984	4.357301351617132	34.73240873802845	-1.0066712867455079	80	380
1950.0	33.92508191083032	154.7092334197849	0.610404703514192	1298.6367743283984	4.357301351617132	34.46598300919698	-1.5693766756117913	80	380
1960.0	33.89824032709208	154.7092334197849	0.610404703514192	1298.6367743283984	4.357301351617132	34.20160098166821	-0.8869779363215291	80	380
1970.0	33.59497276217119	154.7092334197849	0.610404703514192	1298.6367743283984	4.357301351617132	33.93924697859652	-1.014383780059842	80	380
1980.0	33.104137884566335	154.7092334197849	0.610404703514192	1298.6367743283984	4.357301351617132	33.678905443390434	-1.7066099721981878	80	380
1990.0	32.39332536631939	154.7092334197849	0.610404703514192	1298.6367743283984	4.357301351617132	33.42056093879013	-3.0736634682826813	80	380
2000.0	32.28957703997262	154.7092334197849	0.610404703514192	1298.6367743283984	4.357301351617132	33.16419814595209	-2.6372448449691372	80	380
2010.0	32.792758954699906	154.7092334197849	0.610404703514192	1298.6367743283984	4.357301351617132	32.909801863540736	-0.35564756459532587	80	380
2020.0	32.85192709685994	154.7092334197849	0.610404703514192	1298.6367743283984	4.357301351617132	32.65735700682704	0.5957925192544585	80	380
2030.0	32.7499377186836	154.7092334197849	0.610404703514192	1298.6367743283984	4.357301351617132	32.40684860679412	1.058693228867516	80	380
2040.0	32.40188899192001	154.7092334197849	0.610404703514192	1298.6367743283984	4.357301351617132	32.15826180924953	0.7575881560874859	80	380
2050.0	31.760144848448167	154.7092334197849	0.610404703514192	1298.6367743283984	4.357301351617132	31.911581873944574	-0.4745519231688508	80	380
2060.0	31.420378350173547	154.7092334197849	0.610404703514192	1298.6367743283984	4.357301351617132	31.666794173700172	-0.7781520989304249	80	380
2070.0	31.184300524908803	154.7092334197849	0.610404703514192	1298.6367743283984	4.357301351617132	31.423884193539585	-0.7624253805009829	80	380
2080.0	30.48471246290649	154.7092334197849	0.610404703514192	1298.6367743283984	4.357301351617132	31.182837529827705	-2.2388118664743972	80	380
2090.0	30.40868993942212	154.7092334197849	0.610404703514192	1298.6367743283984	4.357301351617132	30.943639889416975	-1.7287880543678757	80	380
2100.0	30.317031351689845	154.7092334197849	0.610404703514192	1298.6367743283984	4.357301351617132	30.706277088799876	-1.267642234792469	80	380
2110.0	30.50552176945722	154.7092334197849	0.610404703514192	1298.6367743283984	4.357301351617132	30.470735053267887	0.1141643486070195	80	380
2120.0	30.32420998145023	154.7092334197849	0.610404703514192	1298.6367743283984	4.357301351617132	30.2369998160769	0.2884220190620975	80	380
2130.0	29.734300169119862	154.7092334197849	0.610404703514192	1298.6367743283984	4.357301351617132	30.00505751761908	-0.902372369525461	80	380
2140.0	29.055441061680323	154.7092334197849	0.610404703514192	1298.6367743283984	4.357301351617132	29.774894404600982	-2.416308629492519	80	380
2150.0	29.214163733617887	154.7092334197849	0.610404703514192	1298.6367743283984	4.357301351617132	29.546496829228097	-1.1247800290200831	80	380
2160.0	29.30039171448272	154.7092334197849	0.610404703514192	1298.6367743283984	4.357301351617132	29.31985124839556	-0.06636982482611269	80	380
2170.0	28.888522739157725	154.7092334197849	0.610404703514192	1298.6367743283984	4.357301351617132	29.094944222885086	-0.7094754406334175	80	380
2180.0	28.547999563388384	154.7092334197849	0.610404703514192	1298.6367743283984	4.357301351617132	28.871762416568103	-1.1213823683791724	80	380
2190.0	28.44825976821979	154.7092334197849	0.610404703514192	1298.6367743283984	4.357301351617132	28.65029259561495	-0.7051684610930754	80	380
2200.0	28.597895369018644	154.7092334197849	0.610404703514192	1298.6367743283984	4.357301351617132	28.430521627710164	0.5887114682600403	80	380
2210.0	28.081853403644825	154.7092334197849	0.610404703514192	1298.6367743283984	4.357301351617132	28.21243648127378	-0.4628564346635956	80	380
2220.0	27.39325757927426	154.7092334197849	0.610404703514192	1298.6367743283984	4.357301351617132	27.99602422468862	-2.153043734269975	80	380
2230.0	27.439545933040005	154.7092334197849	0.610404703514192	1298.6367743283984	4.357301351617132	27.781272025533507	-1.2300592002390132	80	380
2240.0	27.12265718543481	154.7092334197849	0.610404703514192	1298.6367743283984	4.357301351617132	27.568167149822315	-1.6160304091538995	80	380
2250.0	26.921200269983608	154.7092334197849	0.610404703514192	1298.6367743283984	4.357301351617132	27.356696961248925	-1.5919198574382116	80	380
2260.0	26.80584138482571	154.7092334197849	0.610404703514192	1298.6367743283984	4.357301351617132	27.146848920437925	-1.2561588146441582	80	380
2270.0	26.667561818096228	154.7092334197849	0.610404703514192	1298.6367743283984	4.357301351617132	26.938610584201076	-1.0061720342169833	80	380
2280.0	26.45797543481082	154.7092334197849	0.610404703514192	1298.6367743283984	4.357301351617132	26.73196960479948	-1.0249681338088468	80	380
2290.0	26.112956860820628	154.7092334197849	0.610404703514192	1298.6367743283984	4.357301351617132	26.526913729211408	-1.5605165101997205	80	380
2300.0	25.987870205862155	154.7092334197849	0.610404703514192	1298.6367743283984	4.357301351617132	26.323430798405738	-1.2747600991429513	80	380
2310.0	26.029373268897853	154.7092334197849	0.610404703514192	1298.6367743283984	4.357301351617132	26.121508746620975	-0.352718821170851	80	380
2320.0	25.794894747230746	154.7092334197849	0.610404703514192	1298.6367743283984	4.357301351617132	25.921135600649787	-0.4870189923927436	80	380
2330.0	25.66144533675962	154.7092334197849	0.610404703514192	1298.6367743283984	4.357301351617132	25.722299479129063	-0.23658126840028448	80	380
2340.0	25.50196861415803	154.7092334197849	0.610404703514192	1298.6367743283984	4.357301351617132	25.524988591835356	-0.09018604492026613	80	380
2350.0	25.07579480665705	154.7092334197849	0.610404703514192	1298.6367743283984	4.357301351617132	25.329191238985807	-1.0004126461753637	80	380
2360.0	24.90901783460211	154.7092334197849	0.610404703514192	1298.6367743283984	4.357301351617132	25.13489581054437	-0.8986628695214346	80	380
2370.0	24.69834755168632	154.7092334197849	0.610404703514192	1298.6367743283984	4.357301351617132	24.942090785533395	-0.9772365754856704	80	380
2380.0	24.718375219591156	154.7092334197849	0.610404703514192	1298.6367743283984	4.357301351617132	24.750764731350444	-0.1308626707532054	80	380
2390.0	24.641941089131958	154.7092334197849	0.610404703514192	1298.6367743283984	4.357301351617132	24.560906303090448	0.32993402214686796	80	380
2400.0	24.405202163101887	154.7092334197849	0.610404703514192	1298.6367743283984	4.357301351617132	24.372504242872914	0.134159050309877	80	380
2410.0	24.187092829374993	154.7092334197849	0.610404703514192	1298.6367743283984	4.357301351617132	24.185547379174434	0.006389974046609243	80	380
2420.0	23.848503141132678	154.7092334197849	0.610404703514192	1298.6367743283984	4.357301351617132	24.000024626166255	-0.6313388731625671	80	380
2430.0	23.766141473817722	154.7092334197849	0.610404703514192	1298.6367743283984	4.357301351617132	23.8159249830569	-0.2090345400172098	80	380
2440.0	23.751757252933782	154.7092334197849	0.610404703514192	1298.6367743283984	4.357301351617132	23.63323753343988	0.5014959094208061	80	380
2450.0	23.995931432415567	154.7092334197849	0.610404703514192	1298.6367743283984	4.357301351617132	23.451951444646394	2.3195510576300165	80	380
2460.0	23.74691899910563	154.7092334197849	0.610404703514192	1298.6367743283984	4.357301351617132	23.272055967103004	2.0404859487871887	80	380
2470.0	23.285202586922868	154.7092334197849	0.610404703514192	1298.6367743283984	4.357301351617132	23.09354043369419	0.8299383707707105	80	380
2480.0	22.837048527135686	154.7092334197849	0.610404703514192	1298.6367743283984	4.357301351617132	22.91639425912988	-0.3462400371410251	80	380
2490.0	22.8117185499575	154.7092334197849	0.610404703514192	1298.6367743283984	4.357301351617132	22.74060693931774	0.3127076195878113	80	380
2500.0	22.784329123436358	154.7092334197849	0.610404703514192	1298.6367743283984	4.357301351617132	22.566168050740345	0.9667617125135062	80	380
2510.0	22.662076765841878	154.7092334197849	0.610404703514192	1298.6367743283984	4.357301351617132	22.39306724983709	1.201307141194528	80	380
2520.0	22.446552999326766	154.7092334197849	0.610404703514192	1298.6367743283984	4.357301351617132	22.22129427239089	1.0137066013105833	80	380
2530.0	22.079500889378455	154.7092334197849	0.610404703514192	1298.6367743283984	4.357301351617132	22.050838932919486	0.12998125171636601	80	380
2540.0	21.91411403774833	154.7092334197849	0.610404703514192	1298.6367743283984	4.357301351617132	21.881691124071555	0.14817371058266976	80	380
2550.0	21.586173021490996	154.7092334197849	0.610404703514192	1298.6367743283984	4.357301351617132	21.71384081602734	-0.5879558370995769	80	380
2560.0	21.341444120230165	154.7092334197849	0.610404703514192	1298.6367743283984	4.357301351617132	21.54727805590393	-0.9552665312979887	80	380
2570.0	21.277114659967342	154.7092334197849	0.610404703514192	1298.6367743283984	4.357301351617132	21.381992967165097	-0.4904982774936333	80	380
2580.0	21.05030182206075	154.7092334197849	0.610404703514192	1298.6367743283984	4.357301351617132	21.217975749035656	-0.7902446913793227	80	380
2590.0	20.915472419018084	154.7092334197849	0.610404703514192	1298.6367743283984	4.357301351617132	21.055216675920306	-0.6637037227075431	80	380
2600.0	20.839321600701066	154.7092334197849	0.610404703514192	1298.6367743283984	4.357301351617132	20.893706096826943	-0.26029128520256267	80	380
2610.0	20.602872795100566	154.7092334197849	0.610404703514192	1298.6367743283984	4.357301351617132	20.73343443479439	-0.6297154487570942	80	380
2620.0	20.512278879034202	154.7092334197849	0.610404703514192	1298.6367743283984	4.357301351617132	20.574392186324562	-0.3018961956584359	80	380
2630.0	20.17755299222754	154.7092334197849	0.610404703514192	1298.6367743283984	4.357301351617132	20.41656992081886	-1.1707007078970317	80	380
2640.0	20.280768511075866	154.7092334197849	0.610404703514192	1298.6367743283984	4.357301351617132	20.25995828001903	0.10271606075990126	80	380
2650.0	20.16973620458453	154.7092334197849	0.610404703514192	1298.6367743283984	4.357301351617132	20.104547977452285	0.3242461715894158	80	380
2660.0	19.99890468095897	154.7092334197849	0.610404703514192	1298.6367743283984	4.357301351617132	19.950329797880556	0.2434790981930179	80	380
2670.0	19.909877659625668	154.7092334197849	0.610404703514192	1298.6367743283984	4.357301351617132	19.797294596754167	0.5686790299617966	80	380
2680.0	19.378924567856767	154.7092334197849	0.610404703514192	1298.6367743283984	4.357301351617132	19.645433299669506	-1.3565938085836051	80	380
2690.0	18.989312085158286	154.7092334197849	0.610404703514192	1298.6367743283984	4.357301351617132	19.494736901831036	-2.592621891836245	80	380
2700.0	19.02741966559039	154.7092334197849	0.610404703514192	1298.6367743283984	4.357301351617132	19.345196467517276	-1.642665157009227	80	380
2710.0	19.402146845379292	154.7092334197849	0.610404703514192	1298.6367743283984	4.357301351617132	19.19680312955097	1.069676625022132	80	380
2720.0	18.983051349105644	154.7092334197849	0.610404703514192	1298.6367743283984	4.357301351617132	19.04954808877331	-0.3490725310531427	80	380
2730.0	18.705045142811272	154.7092334197849	0.610404703514192	1298.6367743283984	4.357301351617132	18.903422613522164	-1.0494262058606587	80	380
2740.0	18.676180307800415	154.7092334197849	0.610404703514192	1298.6367743283984	4.357301351617132	18.758418039114332	-0.43840440671723035	80	380
2750.0	18.505373683768777	154.7092334197849	0.610404703514192	1298.6367743283984	4.357301351617132	18.61452576733175	-0.5863812214573421	80	380
2760.0	18.26853606313801	154.7092334197849	0.610404703514192	1298.6367743283984	4.357301351617132	18.47173726591165	-1.100065466763822	80	380
2770.0	18.13662624821942	154.7092334197849	0.610404703514192	1298.6367743283984	4.357301351617132	18.330044068040657	-1.0551956072951765	80	380
2780.0	17.853743036318043	154.7092334197849	0.610404703514192	1298.6367743283984	4.357301351617132	18.18943777185269	-1.8455476180474197	80	380
2790.0	17.97342695963167	154.7092334197849	0.610404703514192	1298.6367743283984	4.357301351617132	18.049910039930825	-0.4237310885758216	80	380
2800.0	18.2828314799801	154.7092334197849	0.610404703514192	1298.6367743283984	4.357301351617132	17.91145259881285	2.073415760773439	80	380
2810.0	18.265088503117337	154.7092334197849	0.610404703514192	1298.6367743283984	4.357301351617132	17.774057238500742	2.762629027394838	80	380
2820.0	18.045914254025725	154.7092334197849	0.610404703514192	1298.6367743283984	4.357301351617132	17.637715811973806	2.314349808124266	80	380
2830.0	17.45200158170563	154.7092334197849	0.610404703514192	1298.6367743283984	4.357301351617132	17.50242023470558	-0.2880667491914789	80	380
2840.0	17.428651019668617	154.7092334197849	0.610404703514192	1298.6367743283984	4.357301351617132	17.368162484184516	0.348272510342887	80	380
2850.0	17.41865306417006	154.7092334197849	0.610404703514192	1298.6367743283984	4.357301351617132	17.23493459943819	1.0659655461521544	80	380
2860.0	17.07215710957398	154.7092334197849	0.610404703514192	1298.6367743283984	4.357301351617132	17.10272868056133	-0.1787525929830067	80	380
2870.0	17.124655036232436	154.7092334197849	0.610404703514192	1298.6367743283984	4.357301351617132	16.9715368882473	0.9022055515265075	80	380
2880.0	17.20970239384124	154.7092334197849	0.610404703514192	1298.6367743283984	4.357301351617132	16.841351443323337	2.187181662692127	80	380
2890.0	16.998352352595383	154.7092334197849	0.610404703514192	1298.6367743283984	4.357301351617132	16.712164626289212	1.7124515746810003	80	380
2900.0	16.605779174614252	154.7092334197849	0.610404703514192	1298.6367743283984	4.357301351617132	16.583968776859525	0.13151494704428318	80	380
2910.0	16.366623245278305	154.7092334197849	0.610404703514192	1298.6367743283984	4.357301351617132	16.456756293509496	-0.547696317692567	80	380
2920.0	16.352312203491493	154.7092334197849	0.610404703514192	1298.6367743283984	4.357301351617132	16.330519633024167	0.1334468893644791	80	380
2930.0	16.249992123147813	154.7092334197849	0.610404703514192	1298.6367743283984	4.357301351617132	16.20525131005119	0.27608836321392716	80	380
2940.0	16.21765612468608	154.7092334197849	0.610404703514192	1298.6367743283984	4.357301351617132	16.0809438966569	0.8501505191968252	80	380
2950.0	16.3802632880234	154.7092334197849	0.610404703514192	1298.6367743283984	4.357301351617132	15.95759002188594	2.648728696236468	80	380
2960.0	16.334359555951366	154.7092334197849	0.610404703514192	1298.6367743283984	4.357301351617132	15.83518237132413	3.152329874843713	80	380
2970.0	16.28486153362518	154.7092334197849	0.610404703514192	1298.6367743283984	4.357301351617132	15.713713686664779	3.63470951774498	80	380
2980.0	16.206757930195813	154.7092334197849	0.610404703514192	1298.6367743283984	4.357301351617132	15.59317676527831	3.934933683839069	80	380
2990.0	16.022176600528674	154.7092334197849	0.610404703514192	1298.6367743283984	4.357301351617132	15.473564459785123	3.54548004869441	80	380
3000.0	15.93466803296292	154.7092334197849	0.610404703514192	1298.6367743283984	4.357301351617132	15.35486967763185	3.775990076787749	80	380
3010.0	15.751155427321708	154.7092334197849	0.610404703514192	1298.6367743283984	4.357301351617132	15.23708538067072	3.3738082698093965	80	380
3020.0	15.586953631323848	154.7092334197849	0.610404703514192	1298.6367743283984	4.357301351617132	15.120204584742291	3.086922825452707	80	380
3030.0	15.485879948137558	154.7092334197849	0.610404703514192	1298.6367743283984	4.357301351617132	15.004220359261263	3.2101607237392673	80	380
3040.0	15.124567511132382	154.7092334197849	0.610404703514192	1298.6367743283984	4.357301351617132	14.88912582680555	1.5812995810872614	80	380
3050.0	15.185355027122393	154.7092334197849	0.610404703514192	1298.6367743283984	4.357301351617132	14.774914162708479	2.777957691624746	80	380
3060.0	15.219677860852823	154.7092334197849	0.610404703514192	1298.6367743283984	4.357301351617132	14.66157859465408	3.806542812533421	80	380
3070.0	15.347778551729832	154.7092334197849	0.610404703514192	1298.6367743283984	4.357301351617132	14.549112402275561	5.489449303652052	80	380
3080.0	15.139811365654978	154.7092334197849	0.610404703514192	1298.6367743283984	4.357301351617132	14.437508916756778	4.86442954215653	80	380
3090.0	14.881040258219768	154.7092334197849	0.610404703514192	1298.6367743283984	4.357301351617132	14.326761520436804	3.868834816523591	80	380
3100.0	14.466154724787005	154.7092334197849	0.610404703514192	1298.6367743283984	4.357301351617132	14.216863646417558	1.7534885651960586	80	380
3110.0	14.325230185313798	154.7092334197849	0.610404703514192	1298.6367743283984	4.357301351617132	14.107808778174364	1.5411422890548194	80	380
3120.0	14.450856237636401	154.7092334197849	0.610404703514192	1298.6367743283984	4.357301351617132	13.9995904491696	3.2234213572552606	80	380
3130.0	14.326219991585022	154.7092334197849	0.610404703514192	1298.6367743283984	4.357301351617132	13.892202242469203	3.1241824841061097	80	380
3140.0	14.18593458186298	154.7092334197849	0.610404703514192	1298.6367743283984	4.357301351617132	13.78563779036222	2.9037234082895704	80	380
3150.0	13.698198041012413	154.7092334197849	0.610404703514192	1298.6367743283984	4.357301351617132	13.679890773983182	0.13382611989891102	80	380
3160.0	13.537526153270562	154.7092334197849	0.610404703514192	1298.6367743283984	4.357301351617132	13.574954922937446	-0.2757192924717591	80	380
3170.0	13.665219648820676	154.7092334197849	0.610404703514192	1298.6367743283984	4.357301351617132	13.470824014929393	1.4430864338799068	80	380
3180.0	13.439563291927747	154.7092334197849	0.610404703514192	1298.6367743283984	4.357301351617132	13.36749187539343	0.5391543694669071	80	380
3190.0	13.415982160066985	154.7092334197849	0.610404703514192	1298.6367743283984	4.357301351617132	13.264952377127916	1.1385625718452064	80	380
3200.0	13.448453556058881	154.7092334197849	0.610404703514192	1298.6367743283984	4.357301351617132	13.16319943993178	2.1670576171759293	80	380
3210.0	13.438837044146583	154.7092334197849	0.610404703514192	1298.6367743283984	4.357301351617132	13.06222703024406	2.883199113218034	80	380
3220.0	13.275670283399968	154.7092334197849	0.610404703514192	1298.6367743283984	4.357301351617132	12.962029160786063	2.4196915368988803	80	380
3230.0	13.166084730502364	154.7092334197849	0.610404703514192	1298.6367743283984	4.357301351617132	12.862599890206392	2.3594362173004106	80	380
3240.0	13.039211805964042	154.7092334197849	0.610404703514192	1298.6367743283984	4.357301351617132	12.763933322728636	2.156690075662017	80	380
3250.0	13.034684012360545	154.7092334197849	0.610404703514192	1298.6367743283984	4.357301351617132	12.666023607801758	2.910624644120407	80	380
3260.0	12.948377843683335	154.7092334197849	0.610404703514192	1298.6367743283984	4.357301351617132	12.568864939753196	3.019468390735941	80	380
3270.0	12.838240340490206	154.7092334197849	0.610404703514192	1298.6367743283984	4.357301351617132	12.472451557444598	2.932773732260151	80	380
3280.0	12.548464437526684	154.7092334197849	0.610404703514192	1298.6367743283984	4.357301351617132	12.376777743930223	1.3871679458788002	80	380
3290.0	12.127859327759918	154.7092334197849	0.610404703514192	1298.6367743283984	4.357301351617132	12.281837826117926	-1.2537089362193412	80	380
3300.0	12.145189600388374	154.7092334197849	0.610404703514192	1298.6367743283984	4.357301351617132	12.187626174432776	-0.34819392584771947	80	380
3310.0	12.050351095740636	154.7092334197849	0.610404703514192	1298.6367743283984	4.357301351617132	12.094137202483264	-0.3620440715162173	80	380
3320.0	11.95073206118163	154.7092334197849	0.610404703514192	1298.6367743283984	4.357301351617132	12.001365366730004	-0.42189620931580407	80	380
3330.0	12.166352710968214	154.7092334197849	0.610404703514192	1298.6367743283984	4.357301351617132	11.909305166157083	2.1583756669666054	80	380
3340.0	11.937612759029859	154.7092334197849	0.610404703514192	1298.6367743283984	4.357301351617132	11.81795114194581	1.0125411388724561	80	380
3350.0	11.806164067150911	154.7092334197849	0.610404703514192	1298.6367743283984	4.357301351617132	11.727297877151072	0.6725009531266259	80	380
3360.0	11.840643395639448	154.7092334197849	0.610404703514192	1298.6367743283984	4.357301351617132	11.637339996380119	1.7469920043804568	80	380
3370.0	11.99718696348687	154.7092334197849	0.610404703514192	1298.6367743283984	4.357301351617132	11.548072165473808	3.889088945562844	80	380
3380.0	11.750285270797107	154.7092334197849	0.610404703514192	1298.6367743283984	4.357301351617132	11.459489091190338	2.537601609397429	80	380
3390.0	11.444513119275037	154.7092334197849	0.610404703514192	1298.6367743283984	4.357301351617132	11.371585520891344	0.6413142498881411	80	380
3400.0	11.526966461713764	154.7092334197849	0.610404703514192	1298.6367743283984	4.357301351617132	11.284356242230475	2.1499695177589926	80	380
3410.0	11.660374974509343	154.7092334197849	0.610404703514192	1298.6367743283984	4.357301351617132	11.197796082844286	4.130981563182388	80	380
3420.0	11.778791871177168	154.7092334197849	0.610404703514192	1298.6367743283984	4.357301351617132	11.111899910045551	6.00160158506038	80	380
3430.0	12.055592899541946	154.7092334197849	0.610404703514192	1298.6367743283984	4.357301351617132	11.026662630518933	9.331293642513387	80	380
3440.0	11.982939710610466	154.7092334197849	0.610404703514192	1298.6367743283984	4.357301351617132	10.942079190018934	9.512456476653702	80	380
3450.0	11.99067988659123	154.7092334197849	0.610404703514192	1298.6367743283984	4.357301351617132	10.858144573070227	10.430283976231589	80	380
3460.0	11.57314352976015	154.7092334197849	0.610404703514192	1298.6367743283984	4.357301351617132	10.774853802670238	7.408821889463402	80	380
3470.0	11.400759894647425	154.7092334197849	0.610404703514192	1298.6367743283984	4.357301351617132	10.69220193999405	6.626866557795018	80	380
3480.0	11.222652849759413	154.7092334197849	0.610404703514192	1298.6367743283984	4.357301351617132	10.610184084101522	5.772461258006109	80	380
3490.0	11.041816911497772	154.7092334197849	0.610404703514192	1298.6367743283984	4.357301351617132	10.528795371646698	4.872556847601056	80	380
3500.0	11.045894410313286	154.7092334197849	0.610404703514192	1298.6367743283984	4.357301351617132	10.448030976589441	5.722259390917365	80	380
3510.0	10.88897911649983	154.7092334197849	0.610404703514192	1298.6367743283984	4.357301351617132	10.36788610990924	5.026029424576227	80	380
3520.0	10.967344526714614	154.7092334197849	0.610404703514192	1298.6367743283984	4.357301351617132	10.28835601932126	6.599582150133918	80	380
3530.0	11.108548840020843	154.7092334197849	0.610404703514192	1298.6367743283984	4.357301351617132	10.209435988994537	8.806684835435792	80	380
3540.0	10.906052320114894	154.7092334197849	0.610404703514192	1298.6367743283984	4.357301351617132	10.131121339272367	7.649014900636689	80	380
3550.0	10.575604523384929	154.7092334197849	0.610404703514192	1298.6367743283984	4.357301351617132	10.05340742639479	5.194229924663481	80	380
3560.0	10.40168572768565	154.7092334197849	0.610404703514192	1298.6367743283984	4.357301351617132	9.97628964222325	4.264071119807604	80	380
3570.0	10.320274569769298	154.7092334197849	0.610404703514192	1298.6367743283984	4.357301351617132	9.899763413967367	4.247688941825018	80	380
3580.0	10.204701669622626	154.7092334197849	0.610404703514192	1298.6367743283984	4.357301351617132	9.823824203913746	3.8770794122836634	80	380
3590.0	10.303472740726653	154.7092334197849	0.610404703514192	1298.6367743283984	4.357301351617132	9.748467509156951	5.693256207176901	80	380
3600.0	10.260627169537111	154.7092334197849	0.610404703514192	1298.6367743283984	4.357301351617132	9.67368886133247	6.06736806008659	80	380
3610.0	10.271127936274151	154.7092334197849	0.610404703514192	1298.6367743283984	4.357301351617132	9.599483826351772	6.996669009208943	80	380
3620.0	10.180021162651407	154.7092334197849	0.610404703514192	1298.6367743283984	4.357301351617132	9.525848004139382	6.867348274166869	80	380
3630.0	10.022409416663894	154.7092334197849	0.610404703514192	1298.6367743283984	4.357301351617132	9.45277702837196	6.026085102634026	80	380
3640.0	9.776218589897418	154.7092334197849	0.610404703514192	1298.6367743283984	4.357301351617132	9.380266566219424	4.22111696808182	80	380
3650.0	9.899375100936505	154.7092334197849	0.610404703514192	1298.6367743283984	4.357301351617132	9.30831231808799	6.34983832353751	80	380
3660.0	9.844024856649082	154.7092334197849	0.610404703514192	1298.6367743283984	4.357301351617132	9.236910017365263	6.572704921261018	80	380
3670.0	9.519891955170323	154.7092334197849	0.610404703514192	1298.6367743283984	4.357301351617132	9.166055430167209	3.8602922238346027	80	380
3680.0	9.698222015680773	154.7092334197849	0.610404703514192	1298.6367743283984	4.357301351617132	9.095744355087117	6.623731242585987	80	380
3690.0	9.63420398723739	154.7092334197849	0.610404703514192	1298.6367743283984	4.357301351617132	9.025972622946485	6.738679472000777	80	380
3700.0	9.449990154646073	154.7092334197849	0.610404703514192	1298.6367743283984	4.357301351617132	8.95673609654777	5.507073701640269	80	380
3710.0	9.539577987639893	154.7092334197849	0.610404703514192	1298.6367743283984	4.357301351617132	8.88803067042911	7.330615086405034	80	380
3720.0	9.476832698877017	154.7092334197849	0.610404703514192	1298.6367743283984	4.357301351617132	8.81985227062084	7.4488824540133765	80	380
3730.0	9.222690557614214	154.7092334197849	0.610404703514192	1298.6367743283984	4.357301351617132	8.752196854403966	5.375721216479536	80	380
3740.0	9.22565816110204	154.7092334197849	0.610404703514192	1298.6367743283984	4.357301351617132	8.685060410070411	6.2244558530047716	80	380
3750.0	9.102248122581146	154.7092334197849	0.610404703514192	1298.6367743283984	4.357301351617132	8.61843895668515	5.613651942393992	80	380
3760.0	9.18264077780322	154.7092334197849	0.610404703514192	1298.6367743283984	4.357301351617132	8.552328543850173	7.370065716269675	80	380
3770.0	8.842056510498365	154.7092334197849	0.610404703514192	1298.6367743283984	4.357301351617132	8.486725251470203	4.186906592346749	80	380
3780.0	8.631678290022501	154.7092334197849	0.610404703514192	1298.6367743283984	4.357301351617132	8.421625189520293	2.4942109839273505	80	380
3790.0	8.680705549710648	154.7092334197849	0.610404703514192	1298.6367743283984	4.357301351617132	8.357024497815122	3.873161458126041	80	380
3800.0	8.796401625638175	154.7092334197849	0.610404703514192	1298.6367743283984	4.357301351617132
3810.0	8.593873207330116	154.7092334197849	0.610404703514192	1298.6367743283984	4.357301351617132
3820.0	8.410804720378808	154.7092334197849	0.610404703514192	1298.6367743283984	4.357301351617132
3830.0	8.401330936975215	154.7092334197849	0.610404703514192	1298.6367743283984	4.357301351617132
3840.0	8.65607077241673	154.7092334197849	0.610404703514192	1298.6367743283984	4.357301351617132
3850.0	8.65723617221448	154.7092334197849	0.610404703514192	1298.6367743283984	4.357301351617132
3860.0	8.471858099024884	154.7092334197849	0.610404703514192	1298.6367743283984	4.357301351617132
3870.0	8.323606609729962	154.7092334197849	0.610404703514192	1298.6367743283984	4.357301351617132
3880.0	8.167138478710601	154.7092334197849	0.610404703514192	1298.6367743283984	4.357301351617132
3890.0	8.304700262990227	154.7092334197849	0.610404703514192	1298.6367743283984	4.357301351617132
3900.0	8.234095622463217	154.7092334197849	0.610404703514192	1298.6367743283984	4.357301351617132
3910.0	8.187907914388452	154.7092334197849	0.610404703514192	1298.6367743283984	4.357301351617132
3920.0	8.114916101379208	154.7092334197849	0.610404703514192	1298.6367743283984	4.357301351617132
3930.0	7.842916741803092	154.7092334197849	0.610404703514192	1298.6367743283984	4.357301351617132
3940.0	7.872067041610196	154.7092334197849	0.610404703514192	1298.6367743283984	4.357301351617132
3950.0	7.7532254569737	154.7092334197849	0.610404703514192	1298.6367743283984	4.357301351617132
3960.0	8.085547613993766	154.7092334197849	0.610404703514192	1298.6367743283984	4.357301351617132
3970.0	7.92624207264099	154.7092334197849	0.610404703514192	1298.6367743283984	4.357301351617132
3980.0	7.82195302889585	154.7092334197849	0.610404703514192	1298.6367743283984	4.357301351617132
3990.0	7.80612468358981	154.7092334197849	0.610404703514192	1298.6367743283984	4.357301351617132
4000.0	8.017316109600177	154.7092334197849	0.610404703514192	1298.6367743283984	4.357301351617132
4010.0	8.04761677228529	154.7092334197849	0.610404703514192	1298.6367743283984	4.357301351617132
4020.0	7.907827122933243	154.7092334197849	0.610404703514192	1298.6367743283984	4.357301351617132
4030.0	7.947307500214288	154.7092334197849	0.610404703514192	1298.6367743283984	4.357301351617132
4040.0	7.75780017785095	154.7092334197849	0.610404703514192	1298.6367743283984	4.357301351617132
4050.0	7.799294228358775	154.7092334197849	0.610404703514192	1298.6367743283984	4.357301351617132
4060.0	7.739406805501472	154.7092334197849	0.610404703514192	1298.6367743283984	4.357301351617132
4070.0	7.753937967471139	154.7092334197849	0.610404703514192	1298.6367743283984	4.357301351617132
4080.0	7.6595834402553065	154.7092334197849	0.610404703514192	1298.6367743283984	4.357301351617132
4090.0	7.516761229602517	154.7092334197849	0.610404703514192	1298.6367743283984	4.357301351617132
4100.0	7.541489614403995	154.7092334197849	0.610404703514192	1298.6367743283984	4.357301351617132
4110.0	7.276883472481155	154.7092334197849	0.610404703514192	1298.6367743283984	4.357301351617132
4120.0	7.083791881872	154.7092334197849	0.610404703514192	1298.6367743283984	4.357301351617132
4130.0	7.122252175303428	154.7092334197849	0.610404703514192	1298.6367743283984	4.357301351617132
4140.0	6.976987395478101	154.7092334197849	0.610404703514192	1298.6367743283984	4.357301351617132
4150.0	7.0482601591072775	154.7092334197849	0.610404703514192	1298.6367743283984	4.357301351617132
4160.0	7.04726437093556	154.7092334197849	0.610404703514192	1298.6367743283984	4.357301351617132
4170.0	7.204788836935626	154.7092334197849	0.610404703514192	1298.6367743283984	4.357301351617132
4180.0	7.239200083966002	154.7092334197849	0.610404703514192	1298.6367743283984	4.357301351617132
4190.0	7.08936880632013	154.7092334197849	0.610404703514192	1298.6367743283984	4.357301351617132
4200.0	6.994585213625361	154.7092334197849	0.610404703514192	1298.6367743283984	4.357301351617132
4210.0	6.93405735407103	154.7092334197849	0.610404703514192	1298.6367743283984	4.357301351617132
4220.0	6.875002683154311	154.7092334197849	0.610404703514192	1298.6367743283984	4.357301351617132
4230.0	7.001457155798532	154.7092334197849	0.610404703514192	1298.6367743283984	4.357301351617132
4240.0	6.674525295335241	154.7092334197849	0.610404703514192	1298.6367743283984	4.357301351617132
4250.0	6.609663832434233	154.7092334197849	0.610404703514192	1298.6367743283984	4.357301351617132
4260.0	6.774575595386244	154.7092334197849	0.610404703514192	1298.6367743283984	4.357301351617132
4270.0	6.662619222647516	154.7092334197849	0.610404703514192	1298.6367743283984	4.357301351617132
4280.0	6.410113836689531	154.7092334197849	0.610404703514192	1298.6367743283984	4.357301351617132
4290.0	6.42814703589662	154.7092334197849	0.610404703514192	1298.6367743283984	4.357301351617132
4300.0	6.587792671906418	154.7092334197849	0.610404703514192	1298.6367743283984	4.357301351617132
4310.0	6.314521470973995	154.7092334197849	0.610404703514192	1298.6367743283984	4.357301351617132
4320.0	6.303863821669007	154.7092334197849	0.610404703514192	1298.6367743283984	4.357301351617132
4330.0	6.501178343511642	154.7092334197849	0.610404703514192	1298.6367743283984	4.357301351617132
4340.0	6.595114822236119	154.7092334197849	0.610404703514192	1298.6367743283984	4.357301351617132
4350.0	6.580928745985522	154.7092334197849	0.610404703514192	1298.6367743283984	4.357301351617132
4360.0	6.457743652033614	154.7092334197849	0.610404703514192	1298.6367743283984	4.357301351617132
4370.0	6.422512172658847	154.7092334197849	0.610404703514192	1298.6367743283984	4.357301351617132
4380.0	6.484796801528965	154.7092334197849	0.610404703514192	1298.6367743283984	4.357301351617132
4390.0	6.418978760932679	154.7092334197849	0.610404703514192	1298.6367743283984	4.357301351617132
4400.0	6.285675001270034	154.7092334197849	0.610404703514192	1298.6367743283984	4.357301351617132
4410.0	6.424487879460728	154.7092334197849	0.610404703514192	1298.6367743283984	4.357301351617132
4420.0	6.443914594788429	154.7092334197849	0.610404703514192	1298.6367743283984	4.357301351617132
4430.0	6.383517226652343	154.7092334197849	0.610404703514192	1298.6367743283984	4.357301351617132
4440.0	6.2163891545145065	154.7092334197849	0.610404703514192	1298.6367743283984	4.357301351617132
4450.0	6.225136750392445	154.7092334197849	0.610404703514192	1298.6367743283984	4.357301351617132
4460.0	6.155052718688164	154.7092334197849	0.610404703514192	1298.6367743283984	4.357301351617132
4470.0	6.0067625952618	154.7092334197849	0.610404703514192	1298.6367743283984	4.357301351617132
4480.0	5.724833852476164	154.7092334197849	0.610404703514192	1298.6367743283984	4.357301351617132
4490.0	5.772454303927472	154.7092334197849	0.610404703514192	1298.6367743283984	4.357301351617132
4500.0	5.720275134963776	154.7092334197849	0.610404703514192	1298.6367743283984	4.357301351617132
4510.0	5.837163412792883	154.7092334197849	0.610404703514192	1298.6367743283984	4.357301351617132
4520.0	5.571713566605277	154.7092334197849	0.610404703514192	1298.6367743283984	4.357301351617132
4530.0	5.543554374024265	154.7092334197849	0.610404703514192	1298.6367743283984	4.357301351617132
4540.0	5.550276263317714	154.7092334197849	0.610404703514192	1298.6367743283984	4.357301351617132
4550.0	5.641379339979168	154.7092334197849	0.610404703514192	1298.6367743283984	4.357301351617132
4560.0	5.576861415862117	154.7092334197849	0.610404703514192	1298.6367743283984	4.357301351617132
4570.0	5.426733168704264	154.7092334197849	0.610404703514192	1298.6367743283984	4.357301351617132
4580.0	5.366970756070754	154.7092334197849	0.610404703514192	1298.6367743283984	4.357301351617132
4590.0	5.369884586166753	154.7092334197849	0.610404703514192	1298.6367743283984	4.357301351617132
4600.0	5.166678962646024	154.7092334197849	0.610404703514192	1298.6367743283984	4.357301351617132
4610.0	5.307240521956912	154.7092334197849	0.610404703514192	1298.6367743283984	4.357301351617132
4620.0	5.243266283346003	154.7092334197849	0.610404703514192	1298.6367743283984	4.357301351617132
4630.0	5.112796138314853	154.7092334197849	0.610404703514192	1298.6367743283984	4.357301351617132
4640.0	5.124301164526988	154.7092334197849	0.610404703514192	1298.6367743283984	4.357301351617132
4650.0	5.013477975684242	154.7092334197849	0.610404703514192	1298.6367743283984	4.357301351617132
4660.0	5.137633200083142	154.7092334197849	0.610404703514192	1298.6367743283984	4.357301351617132
4670.0	5.068382530212569	154.7092334197849	0.610404703514192	1298.6367743283984	4.357301351617132
4680.0	5.015529559604616	154.7092334197849	0.610404703514192	1298.6367743283984	4.357301351617132
4690.0	5.011345803546496	154.7092334197849	0.610404703514192	1298.6367743283984	4.357301351617132
4700.0	5.082398531772765	154.7092334197849	0.610404703514192	1298.6367743283984	4.357301351617132
4710.0	5.0338144747886995	154.7092334197849	0.610404703514192	1298.6367743283984	4.357301351617132
4720.0	5.082169510898934	154.7092334197849	0.610404703514192	1298.6367743283984	4.357301351617132
4730.0	5.19780034205035	154.7092334197849	0.610404703514192	1298.6367743283984	4.357301351617132
4740.0	5.206015425163679	154.7092334197849	0.610404703514192	1298.6367743283984	4.357301351617132
4750.0	5.042900213744475	154.7092334197849	0.610404703514192	1298.6367743283984	4.357301351617132
4760.0	5.066297743884951	154.7092334197849	0.610404703514192	1298.6367743283984	4.357301351617132
4770.0	4.949431781846671	154.7092334197849	0.610404703514192	1298.6367743283984	4.357301351617132
4780.0	4.794264923381841	154.7092334197849	0.610404703514192	1298.6367743283984	4.357301351617132
4790.0	4.643945272636344	154.7092334197849	0.610404703514192	1298.6367743283984	4.357301351617132
4800.0	4.605408126633875	154.7092334197849	0.610404703514192	1298.6367743283984	4.357301351617132
4810.0	4.62225323560801	154.7092334197849	0.610404703514192	1298.6367743283984	4.357301351617132
4820.0	4.504933894404255	154.7092334197849	0.610404703514192	1298.6367743283984	4.357301351617132
4830.0	4.697081210704788	154.7092334197849	0.610404703514192	1298.6367743283984	4.357301351617132
4840.0	4.601929117943017	154.7092334197849	0.610404703514192	1298.6367743283984	4.357301351617132
4850.0	4.403062473947328	154.7092334197849	0.610404703514192	1298.6367743283984	4.357301351617132
4860.0	4.395545987720159	154.7092334197849	0.610404703514192	1298.6367743283984	4.357301351617132
4870.0	4.2949046237581845	154.7092334197849	0.610404703514192	1298.6367743283984	4.357301351617132
4880.0	4.3783191167815225	154.7092334197849	0.610404703514192	1298.6367743283984	4.357301351617132
4890.0	4.317893490965117	154.7092334197849	0.610404703514192	1298.6367743283984	4.357301351617132
4900.0	4.311366145611474	154.7092334197849	0.610404703514192	1298.6367743283984	4.357301351617132
4910.0	4.294615402884717	154.7092334197849	0.610404703514192	1298.6367743283984	4.357301351617132
4920.0	4.196935771159408	154.7092334197849	0.610404703514192	1298.6367743283984	4.357301351617132
4930.0	4.268503764989541	154.7092334197849	0.610404703514192	1298.6367743283984	4.357301351617132
4940.0	4.175855803531017	154.7092334197849	0.610404703514192	1298.6367743283984	4.357301351617132
4950.0	4.103277615474533	154.7092334197849	0.610404703514192	1298.6367743283984	4.357301351617132
4960.0	4.15347968376297	154.7092334197849	0.610404703514192	1298.6367743283984	4.357301351617132
4970.0	4.103477064710796	154.7092334197849	0.610404703514192	1298.6367743283984	4.357301351617132
4980.0	4.067632545268092	154.7092334197849	0.610404703514192	1298.6367743283984	4.357301351617132
4990.0	3.973904528544279	154.7092334197849	0.610404703514192	1298.6367743283984	4.357301351617132
5000.0	3.983507661979747	154.7092334197849	0.610404703514192	1298.6367743283984	4.357301351617132
5010.0	4.053652515608787	154.7092334197849	0.610404703514192	1298.6367743283984	4.357301351617132
5020.0	4.0712814028621205	154.7092334197849	0.610404703514192	1298.6367743283984	4.357301351617132
5030.0	4.081891803048796	154.7092334197849	0.610404703514192	1298.6367743283984	4.357301351617132
5040.0	4.075941465804569	154.7092334197849	0.610404703514192	1298.6367743283984	4.357301351617132
5050.0	4.119061506094059	154.7092334197849	0.610404703514192	1298.6367743283984	4.357301351617132
5060.0	4.260119714883537	154.7092334197849	0.610404703514192	1298.6367743283984	4.357301351617132
5070.0	4.373277547492477	154.7092334197849	0.610404703514192	1298.6367743283984	4.357301351617132
5080.0	4.173654078976451	154.7092334197849	0.610404703514192	1298.6367743283984	4.357301351617132
5090.0	4.045533639640013	154.7092334197849	0.610404703514192	1298.6367743283984	4.357301351617132
5100.0	3.981380667666286	154.7092334197849	0.610404703514192	1298.6367743283984	4.357301351617132
5110.0	3.9483064721355587	154.7092334197849	0.610404703514192	1298.6367743283984	4.357301351617132
5120.0	3.9730068555375864	154.7092334197849	0.610404703514192	1298.6367743283984	4.357301351617132
5130.0	3.943547045187973	154.7092334197849	0.610404703514192	1298.6367743283984	4.357301351617132
5140.0	3.9122623681446433	154.7092334197849	0.610404703514192	1298.6367743283984	4.357301351617132
5150.0	3.948202074569122	154.7092334197849	0.610404703514192	1298.6367743283984	4.357301351617132
5160.0	3.921006998045507	154.7092334197849	0.610404703514192	1298.6367743283984	4.357301351617132
5170.0	4.001734559778361	154.7092334197849	0.610404703514192	1298.6367743283984	4.357301351617132
5180.0	3.85543713251344	154.7092334197849	0.610404703514192	1298.6367743283984	4.357301351617132
5190.0	3.7127604744733747	154.7092334197849	0.610404703514192	1298.6367743283984	4.357301351617132
5200.0	3.7256161750882826	154.7092334197849	0.610404703514192	1298.6367743283984	4.357301351617132
5210.0	3.6408948028019545	154.7092334197849	0.610404703514192	1298.6367743283984	4.357301351617132
5220.0	3.5615652837547627	154.7092334197849	0.610404703514192	1298.6367743283984	4.357301351617132
5230.0	3.671004611705414	154.7092334197849	0.610404703514192	1298.6367743283984	4.357301351617132
5240.0	3.8060925557197383	154.7092334197849	0.610404703514192	1298.6367743283984	4.357301351617132
5250.0	3.730767797800662	154.7092334197849	0.610404703514192	1298.6367743283984	4.357301351617132
5260.0	3.472260652273585	154.7092334197849	0.610404703514192	1298.6367743283984	4.357301351617132
5270.0	3.308905494682954	154.7092334197849	0.610404703514192	1298.6367743283984	4.357301351617132
5280.0	3.3554072824416736	154.7092334197849	0.610404703514192	1298.6367743283984	4.357301351617132
5290.0	3.4490549504825627	154.7092334197849	0.610404703514192	1298.6367743283984	4.357301351617132
5300.0	3.409302273964031	154.7092334197849	0.610404703514192	1298.6367743283984	4.357301351617132
5310.0	3.4516184275710198	154.7092334197849	0.610404703514192	1298.6367743283984	4.357301351617132
5320.0	3.4781750704202317	154.7092334197849	0.610404703514192	1298.6367743283984	4.357301351617132
5330.0	3.529731594825087	154.7092334197849	0.610404703514192	1298.6367743283984	4.357301351617132
5340.0	3.327504750631733	154.7092334197849	0.610404703514192	1298.6367743283984	4.357301351617132
5350.0	3.470060417558746	154.7092334197849	0.610404703514192	1298.6367743283984	4.357301351617132
5360.0	3.5846443245236634	154.7092334197849	0.610404703514192	1298.6367743283984	4.357301351617132
5370.0	3.681529397067461	154.7092334197849	0.610404703514192	1298.6367743283984	4.357301351617132
5380.0	3.517943523294763	154.7092334197849	0.610404703514192	1298.6367743283984	4.357301351617132
5390.0	3.439874745439081	154.7092334197849	0.610404703514192	1298.6367743283984	4.357301351617132
5400.0	3.372344292792972	154.7092334197849	0.610404703514192	1298.6367743283984	4.357301351617132
5410.0	3.196986704504344	154.7092334197849	0.610404703514192	1298.6367743283984	4.357301351617132
5420.0	3.1649059131278037	154.7092334197849	0.610404703514192	1298.6367743283984	4.357301351617132
5430.0	3.180991711978715	154.7092334197849	0.610404703514192	1298.6367743283984	4.357301351617132
5440.0	3.224446189664647	154.7092334197849	0.610404703514192	1298.6367743283984	4.357301351617132
5450.0	3.0785602616017282	154.7092334197849	0.610404703514192	1298.6367743283984	4.357301351617132
5460.0	3.221838621618906	154.7092334197849	0.610404703514192	1298.6367743283984	4.357301351617132
5470.0	3.087675796228656	154.7092334197849	0.610404703514192	1298.6367743283984	4.357301351617132
5480.0	3.1002127306367395	154.7092334197849	0.610404703514192	1298.6367743283984	4.357301351617132
5490.0	3.1094712886500067	154.7092334197849	0.610404703514192	1298.6367743283984	4.357301351617132
5500.0	2.836032346615278	154.7092334197849	0.610404703514192	1298.6367743283984	4.357301351617132
5510.0	2.9092092215604817	154.7092334197849	0.610404703514192	1298.6367743283984	4.357301351617132
5520.0	2.9278270411378875	154.7092334197849	0.610404703514192	1298.6367743283984	4.357301351617132
5530.0	3.1240864329931997	154.7092334197849	0.610404703514192	1298.6367743283984	4.357301351617132
5540.0	3.2552953987796727	154.7092334197849	0.610404703514192	1298.6367743283984	4.357301351617132
5550.0	3.2298539683793854	154.7092334197849	0.610404703514192	1298.6367743283984	4.357301351617132
5560.0	3.135525795980475	154.7092334197849	0.610404703514192	1298.6367743283984	4.357301351617132
5570.0	3.093291242498405	154.7092334197849	0.610404703514192	1298.6367743283984	4.357301351617132
5580.0	3.0306485743211824	154.7092334197849	0.610404703514192	1298.6367743283984	4.357301351617132
5590.0	3.074327082856972	154.7092334197849	0.610404703514192	1298.6367743283984	4.357301351617132
5600.0	2.93402644321839	154.7092334197849	0.610404703514192	1298.6367743283984	4.357301351617132
5610.0	3.022833883173626	154.7092334197849	0.610404703514192	1298.6367743283984	4.357301351617132
5620.0	3.1761498242918687	154.7092334197849	0.610404703514192	1298.6367743283984	4.357301351617132
5630.0	3.0628061663185417	154.7092334197849	0.610404703514192	1298.6367743283984	4.357301351617132
5640.0	2.8105052031701963	154.7092334197849	0.610404703514192	1298.6367743283984	4.357301351617132
5650.0	2.8735245251930115	154.7092334197849	0.610404703514192	1298.6367743283984	4.357301351617132
5660.0	2.92573008122127	154.7092334197849	0.610404703514192	1298.6367743283984	4.357301351617132
5670.0	2.901697961829622	154.7092334197849	0.610404703514192	1298.6367743283984	4.357301351617132
5680.0	2.9158272803182856	154.7092334197849	0.610404703514192	1298.6367743283984	4.357301351617132
5690.0	2.859766293385881	154.7092334197849	0.610404703514192	1298.6367743283984	4.357301351617132
5700.0	2.8493911425324603	154.7092334197849	0.610404703514192	1298.6367743283984	4.357301351617132
5710.0	2.7383960492959876	154.7092334197849	0.610404703514192	1298.6367743283984	4.357301351617132
5720.0	2.756061159397762	154.7092334197849	0.610404703514192	1298.6367743283984	4.357301351617132
5730.0	2.9616157799664133	154.7092334197849	0.610404703514192	1298.6367743283984	4.357301351617132
5740.0	2.8440791237878527	154.7092334197849	0.610404703514192	1298.6367743283984	4.357301351617132
5750.0	2.9106809788754076	154.7092334197849	0.610404703514192	1298.6367743283984	4.357301351617132
5760.0	3.154327808150828	154.7092334197849	0.610404703514192	1298.6367743283984	4.357301351617132
5770.0	3.021504288019435	154.7092334197849	0.610404703514192	1298.6367743283984	4.357301351617132
5780.0	2.839601004992675	154.7092334197849	0.610404703514192	1298.6367743283984	4.357301351617132
5790.0	2.9015449306958647	154.7092334197849	0.610404703514192	1298.6367743283984	4.357301351617132
5800.0	2.8151451348461833	154.7092334197849	0.610404703514192	1298.6367743283984	4.357301351617132
5810.0	2.8234449061009625	154.7092334197849	0.610404703514192	1298.6367743283984	4.357301351617132
5820.0	2.807935973677785	154.7092334197849	0.610404703514192	1298.6367743283984	4.357301351617132
5830.0	2.993111654546991	154.7092334197849	0.610404703514192	1298.6367743283984	4.357301351617132
5840.0	3.0756601192833686	154.7092334197849	0.610404703514192	1298.6367743283984	4.357301351617132
5850.0	2.9663657713426788	154.7092334197849	0.610404703514192	1298.6367743283984	4.357301351617132
5860.0	2.8723738100520273	154.7092334197849	0.610404703514192	1298.6367743283984	4.357301351617132
5870.0	2.7073225743181553	154.7092334197849	0.610404703514192	1298.6367743283984	4.357301351617132
5880.0	2.65758444745735	154.7092334197849	0.610404703514192	1298.6367743283984	4.357301351617132
5890.0	2.6551193530380064	154.7092334197849	0.610404703514192	1298.6367743283984	4.357301351617132
5900.0	2.561042917985607	154.7092334197849	0.610404703514192	1298.6367743283984	4.357301351617132
5910.0	2.4139930568175054	154.7092334197849	0.610404703514192	1298.6367743283984	4.357301351617132
5920.0	2.3696811323537514	154.7092334197849	0.610404703514192	1298.6367743283984	4.357301351617132
5930.0	2.4236117805426534	154.7092334197849	0.610404703514192	1298.6367743283984	4.357301351617132
5940.0	2.4775881288361035	154.7092334197849	0.610404703514192	1298.6367743283984	4.357301351617132
5950.0	2.5726107062837973	154.7092334197849	0.610404703514192	1298.6367743283984	4.357301351617132
5960.0	2.549679225246662	154.7092334197849	0.610404703514192	1298.6367743283984	4.357301351617132
5970.0	2.5114982695892873	154.7092334197849	0.610404703514192	1298.6367743283984	4.357301351617132
5980.0	2.3300365228441846	154.7092334197849	0.610404703514192	1298.6367743283984	4.357301351617132
5990.0	2.296261546206215	154.7092334197849	0.610404703514192	1298.6367743283984	4.357301351617132
6000.0	2.238235155214206	154.7092334197849	0.610404703514192	1298.6367743283984	4.357301351617132
6010.0	2.4035846209457565	154.7092334197849	0.610404703514192	1298.6367743283984	4.357301351617132
6020.0	2.49438708190812	154.7092334197849	0.610404703514192	1298.6367743283984	4.357301351617132
6030.0	2.656905151184943	154.7092334197849	0.610404703514192	1298.6367743283984	4.357301351617132
6040.0	2.6959810109156637	154.7092334197849	0.610404703514192	1298.6367743283984	4.357301351617132
6050.0	2.568988469777476	154.7092334197849	0.610404703514192	1298.6367743283984	4.357301351617132
6060.0	2.5804252057221375	154.7092334197849	0.610404703514192	1298.6367743283984	4.357301351617132
6070.0	2.42492063464576	154.7092334197849	0.610404703514192	1298.6367743283984	4.357301351617132
6080.0	2.433885099548037	154.7092334197849	0.610404703514192	1298.6367743283984	4.357301351617132
6090.0	2.6610297665682987	154.7092334197849	0.610404703514192	1298.6367743283984	4.357301351617132
6100.0	2.803041172698054	154.7092334197849	0.610404703514192	1298.6367743283984	4.357301351617132
6110.0	2.545110484724068	154.7092334197849	0.610404703514192	1298.6367743283984	4.357301351617132
6120.0	2.3432935907716796	154.7092334197849	0.610404703514192	1298.6367743283984	4.357301351617132
6130.0	2.26401134168471	154.7092334197849	0.610404703514192	1298.6367743283984	4.357301351617132
6140.0	2.1784280451607563	154.7092334197849	0.610404703514192	1298.6367743283984	4.357301351617132
6150.0	2.1830730503806604	154.7092334197849	0.610404703514192	1298.6367743283984	4.357301351617132
6160.0	1.9758830117650013	154.7092334197849	0.610404703514192	1298.6367743283984	4.357301351617132
6170.0	2.068620516596577	154.7092334197849	0.610404703514192	1298.6367743283984	4.357301351617132
6180.0	2.0136367838841482	154.7092334197849	0.610404703514192	1298.6367743283984	4.357301351617132
6190.0	2.1914961538849718	154.7092334197849	0.610404703514192	1298.6367743283984	4.357301351617132
6200.0	2.4502983755384777	154.7092334197849	0.610404703514192	1298.6367743283984	4.357301351617132
6210.0	2.2682445710202463	154.7092334197849	0.610404703514192	1298.6367743283984	4.357301351617132
6220.0	2.1872256049605543	154.7092334197849	0.610404703514192	1298.6367743283984	4.357301351617132
6230.0	2.0328620475719656	154.7092334197849	0.610404703514192	1298.6367743283984	4.357301351617132
6240.0	1.9399944411678542	154.7092334197849	0.610404703514192	1298.6367743283984	4.357301351617132
6250.0	1.965252565957921	154.7092334197849	0.610404703514192	1298.6367743283984	4.357301351617132
6260.0	1.9620090894441486	154.7092334197849	0.610404703514192	1298.6367743283984	4.357301351617132
6270.0	2.1528734237961324	154.7092334197849	0.610404703514192	1298.6367743283984	4.357301351617132
6280.0	2.153464303590131	154.7092334197849	0.610404703514192	1298.6367743283984	4.357301351617132
6290.0	2.102852712689713	154.7092334197849	0.610404703514192	1298.6367743283984	4.357301351617132
6300.0	2.014077662646007	154.7092334197849	0.610404703514192	1298.6367743283984	4.357301351617132
6310.0	2.0462246081035693	154.7092334197849	0.610404703514192	1298.6367743283984	4.357301351617132
6320.0	2.0137608523092125	154.7092334197849	0.610404703514192	1298.6367743283984	4.357301351617132
6330.0	2.0498113053449996	154.7092334197849	0.610404703514192	1298.6367743283984	4.357301351617132
6340.0	1.9177724367521858	154.7092334197849	0.610404703514192	1298.6367743283984	4.357301351617132
6350.0	1.8942790238825304	154.7092334197849	0.610404703514192	1298.6367743283984	4.357301351617132
6360.0	1.764855658046224	154.7092334197849	0.610404703514192	1298.6367743283984	4.357301351617132
6370.0	1.7756797289076474	154.7092334197849	0.610404703514192	1298.6367743283984	4.357301351617132
6380.0	1.745490875568348	154.7092334197849	0.610404703514192	1298.6367743283984	4.357301351617132
6390.0	1.8222690592802964	154.7092334197849	0.610404703514192	1298.6367743283984	4.357301351617132
6400.0	1.8591294405994263	154.7092334197849	0.610404703514192	1298.6367743283984	4.357301351617132
6410.0	1.8701540791639248	154.7092334197849	0.610404703514192	1298.6367743283984	4.357301351617132
6420.0	1.8634753612364212	154.7092334197849	0.610404703514192	1298.6367743283984	4.357301351617132
6430.0	1.802305352698372	154.7092334197849	0.610404703514192	1298.6367743283984	4.357301351617132
6440.0	1.901341146666088	154.7092334197849	0.610404703514192	1298.6367743283984	4.357301351617132
6450.0	1.9439478595026467	154.7092334197849	0.610404703514192	1298.6367743283984	4.357301351617132
6460.0	2.017690637246969	154.7092334197849	0.610404703514192	1298.6367743283984	4.357301351617132
6470.0	2.165432827806432	154.7092334197849	0.610404703514192	1298.6367743283984	4.357301351617132
6480.0	2.0149256915337648	154.7092334197849	0.610404703514192	1298.6367743283984	4.357301351617132
6490.0	1.9573115217202288	154.7092334197849	0.610404703514192	1298.6367743283984	4.357301351617132
6500.0	1.7881051695626629	154.7092334197849	0.610404703514192	1298.6367743283984	4.357301351617132
6510.0	1.833538203482874	154.7092334197849	0.610404703514192	1298.6367743283984	4.357301351617132
6520.0	1.806285529004494	154.7092334197849	0.610404703514192	1298.6367743283984	4.357301351617132
6530.0	1.7527711747990171	154.7092334197849	0.610404703514192	1298.6367743283984	4.357301351617132
6540.0	1.7005175443504397	154.7092334197849	0.610404703514192	1298.6367743283984	4.357301351617132
6550.0	1.762479653736014	154.7092334197849	0.610404703514192	1298.6367743283984	4.357301351617132
6560.0	1.8472386010249897	154.7092334197849	0.610404703514192	1298.6367743283984	4.357301351617132
6570.0	1.9152949232817758	154.7092334197849	0.610404703514192	1298.6367743283984	4.357301351617132
6580.0	2.0745727447288527	154.7092334197849	0.610404703514192	1298.6367743283984	4.357301351617132
6590.0	2.1069575810507994	154.7092334197849	0.610404703514192	1298.6367743283984	4.357301351617132
6600.0	1.9247089974180474	154.7092334197849	0.610404703514192	1298.6367743283984	4.357301351617132
6610.0	1.8158037468829775	154.7092334197849	0.610404703514192	1298.6367743283984	4.357301351617132
6620.0	1.746099710337746	154.7092334197849	0.610404703514192	1298.6367743283984	4.357301351617132
6630.0	1.774316209967257	154.7092334197849	0.610404703514192	1298.6367743283984	4.357301351617132
6640.0	1.79475383950971	154.7092334197849	0.610404703514192	1298.6367743283984	4.357301351617132
6650.0	1.733903177384244	154.7092334197849	0.610404703514192	1298.6367743283984	4.357301351617132
6660.0	1.8076081812034273	154.7092334197849	0.610404703514192	1298.6367743283984	4.357301351617132
6670.0	1.7652296424825697	154.7092334197849	0.610404703514192	1298.6367743283984	4.357301351617132
6680.0	1.7816673325513472	154.7092334197849	0.610404703514192	1298.6367743283984	4.357301351617132
6690.0	1.7811622194074388	154.7092334197849	0.610404703514192	1298.6367743283984	4.357301351617132
6700.0	1.758436204763419	154.7092334197849	0.610404703514192	1298.6367743283984	4.357301351617132
6710.0	1.7312413649797211	154.7092334197849	0.610404703514192	1298.6367743283984	4.357301351617132
6720.0	1.7919262834961673	154.7092334197849	0.610404703514192	1298.6367743283984	4.357301351617132
6730.0	1.8298121871696003	154.7092334197849	0.610404703514192	1298.6367743283984	4.357301351617132
6740.0	1.880967433000483	154.7092334197849	0.610404703514192	1298.6367743283984	4.357301351617132
6750.0	1.845518250953936	154.7092334197849	0.610404703514192	1298.6367743283984	4.357301351617132
6760.0	1.6750155418662365	154.7092334197849	0.610404703514192	1298.6367743283984	4.357301351617132
6770.0	1.615816819263084	154.7092334197849	0.610404703514192	1298.6367743283984	4.357301351617132
6780.0	1.594621380331932	154.7092334197849	0.610404703514192	1298.6367743283984	4.357301351617132
6790.0	1.6226090488054847	154.7092334197849	0.610404703514192	1298.6367743283984	4.357301351617132
6800.0	1.6269852484477068	154.7092334197849	0.610404703514192	1298.6367743283984	4.357301351617132
6810.0	1.680227083002396	154.7092334197849	0.610404703514192	1298.6367743283984	4.357301351617132
6820.0	1.560992307386154	154.7092334197849	0.610404703514192	1298.6367743283984	4.357301351617132
6830.0	1.4145213102897303	154.7092334197849	0.610404703514192	1298.6367743283984	4.357301351617132
6840.0	1.4413636949010058	154.7092334197849	0.610404703514192	1298.6367743283984	4.357301351617132
6850.0	1.6636269749821984	154.7092334197849	0.610404703514192	1298.6367743283984	4.357301351617132
6860.0	1.6495523486783406	154.7092334197849	0.610404703514192	1298.6367743283984	4.357301351617132
6870.0	1.7310220680751365	154.7092334197849	0.610404703514192	1298.6367743283984	4.357301351617132
6880.0	1.7899505558364048	154.7092334197849	0.610404703514192	1298.6367743283984	4.357301351617132
6890.0	1.745983715450188	154.7092334197849	0.610404703514192	1298.6367743283984	4.357301351617132
6900.0	1.624255337979765	154.7092334197849	0.610404703514192	1298.6367743283984	4.357301351617132
6910.0	1.5219428274159847	154.7092334197849	0.610404703514192	1298.6367743283984	4.357301351617132
6920.0	1.446677536903463	154.7092334197849	0.610404703514192	1298.6367743283984	4.357301351617132
6930.0	1.503380549107183	154.7092334197849	0.610404703514192	1298.6367743283984	4.357301351617132
6940.0	1.5455218113047333	154.7092334197849	0.610404703514192	1298.6367743283984	4.357301351617132
6950.0	1.4777457728531609	154.7092334197849	0.610404703514192	1298.6367743283984	4.357301351617132
6960.0	1.4032132095568968	154.7092334197849	0.610404703514192	1298.6367743283984	4.357301351617132
6970.0	1.3647864541002837	154.7092334197849	0.610404703514192	1298.6367743283984	4.357301351617132
6980.0	1.3420884645551932	154.7092334197849	0.610404703514192	1298.6367743283984	4.357301351617132
6990.0	1.3671349236034218	154.7092334197849	0.610404703514192	1298.6367743283984	4.357301351617132
7000.0	1.2986881346303552	154.7092334197849	0.610404703514192	1298.6367743283984	4.357301351617132
7010.0	1.2796358628245617	154.7092334197849	0.610404703514192	1298.6367743283984	4.357301351617132
7020.0	1.2471193038094985	154.7092334197849	0.610404703514192	1298.6367743283984	4.357301351617132
7030.0	1.313312393981805	154.7092334197849	0.610404703514192	1298.6367743283984	4.357301351617132
7040.0	1.442843184827676	154.7092334197849	0.610404703514192	1298.6367743283984	4.357301351617132
7050.0	1.3912458056921544	154.7092334197849	0.610404703514192	1298.6367743283984	4.357301351617132
7060.0	1.3429624619237182	154.7092334197849	0.610404703514192	1298.6367743283984	4.357301351617132
7070.0	1.3815191651971934	154.7092334197849	0.610404703514192	1298.6367743283984	4.357301351617132
7080.0	1.277595100271025	154.7092334197849	0.610404703514192	1298.6367743283984	4.357301351617132
7090.0	1.2547222616164946	154.7092334197849	0.610404703514192	1298.6367743283984	4.357301351617132
7100.0	1.2198512377083928	154.7092334197849	0.610404703514192	1298.6367743283984	4.357301351617132
7110.0	1.2308297977063616	154.7092334197849	0.610404703514192	1298.6367743283984	4.357301351617132
7120.0	1.132978432545845	154.7092334197849	0.610404703514192	1298.6367743283984	4.357301351617132
7130.0	1.0688975498171143	154.7092334197849	0.610404703514192	1298.6367743283984	4.357301351617132
7140.0	1.0852669916312254	154.7092334197849	0.610404703514192	1298.6367743283984	4.357301351617132
7150.0	1.1447191668378245	154.7092334197849	0.610404703514192	1298.6367743283984	4.357301351617132
7160.0	1.2217229014403461	154.7092334197849	0.610404703514192	1298.6367743283984	4.357301351617132
7170.0	1.3375379621249934	154.7092334197849	0.610404703514192	1298.6367743283984	4.357301351617132
7180.0	1.2290023822739815	154.7092334197849	0.610404703514192	1298.6367743283984	4.357301351617132
7190.0	1.2563539203862792	154.7092334197849	0.610404703514192	1298.6367743283984	4.357301351617132
7200.0	1.3025694629873958	154.7092334197849	0.610404703514192	1298.6367743283984	4.357301351617132
7210.0	1.2223130818959793	154.7092334197849	0.610404703514192	1298.6367743283984	4.357301351617132
7220.0	1.2187983000394809	154.7092334197849	0.610404703514192	1298.6367743283984	4.357301351617132
7230.0	1.2042405864611154	154.7092334197849	0.610404703514192	1298.6367743283984	4.357301351617132
7240.0	1.176031790677376	154.7092334197849	0.610404703514192	1298.6367743283984	4.357301351617132
7250.0	1.2140741187487616	154.7092334197849	0.610404703514192	1298.6367743283984	4.357301351617132
7260.0	1.175156606778572	154.7092334197849	0.610404703514192	1298.6367743283984	4.357301351617132
7270.0	1.0996956334940688	154.7092334197849	0.610404703514192	1298.6367743283984	4.357301351617132
7280.0	1.0498809017411044	154.7092334197849	0.610404703514192	1298.6367743283984	4.357301351617132
7290.0	1.118408134540414	154.7092334197849	0.610404703514192	1298.6367743283984	4.357301351617132
7300.0	1.0435278245786304	154.7092334197849	0.610404703514192	1298.6367743283984	4.357301351617132
7310.0	1.1259482928163207	154.7092334197849	0.610404703514192	1298.6367743283984	4.357301351617132
7320.0	1.0872345620143942	154.7092334197849	0.610404703514192	1298.6367743283984	4.357301351617132
7330.0	1.059096776969273	154.7092334197849	0.610404703514192	1298.6367743283984	4.357301351617132
7340.0	1.0321398386730727	154.7092334197849	0.610404703514192	1298.6367743283984	4.357301351617132
7350.0	1.0659347131109806	154.7092334197849	0.610404703514192	1298.6367743283984	4.357301351617132
7360.0	1.147121540677738	154.7092334197849	0.610404703514192	1298.6367743283984	4.357301351617132
7370.0	1.2084117895618212	154.7092334197849	0.610404703514192	1298.6367743283984	4.357301351617132
7380.0	1.054574606989143	154.7092334197849	0.610404703514192	1298.6367743283984	4.357301351617132
7390.0	0.9628279148761761	154.7092334197849	0.610404703514192	1298.6367743283984	4.357301351617132
7400.0	1.1600179093218919	154.7092334197849	0.610404703514192	1298.6367743283984	4.357301351617132
7410.0	1.0555308121093214	154.7092334197849	0.610404703514192	1298.6367743283984	4.357301351617132
7420.0	0.9957155926563128	154.7092334197849	0.610404703514192	1298.6367743283984	4.357301351617132
7430.0	0.9751998083953359	154.7092334197849	0.610404703514192	1298.6367743283984	4.357301351617132
7440.0	0.972033491208825	154.7092334197849	0.610404703514192	1298.6367743283984	4.357301351617132
7450.0	0.9654482442772845	154.7092334197849	0.610404703514192	1298.6367743283984	4.357301351617132
7460.0	0.9889749101070778	154.7092334197849	0.610404703514192	1298.6367743283984	4.357301351617132
7470.0	0.9868526671268794	154.7092334197849	0.610404703514192	1298.6367743283984	4.357301351617132
7480.0	0.9826890775795998	154.7092334197849	0.610404703514192	1298.6367743283984	4.357301351617132
7490.0	0.9347005714336645	154.7092334197849	0.610404703514192	1298.6367743283984	4.357301351617132
7500.0	0.943267196236884	154.7092334197849	0.610404703514192	1298.6367743283984	4.357301351617132
7510.0	1.0188373134162794	154.7092334197849	0.610404703514192	1298.6367743283984	4.357301351617132
7520.0	0.9927773361867815	154.7092334197849	0.610404703514192	1298.6367743283984	4.357301351617132
7530.0	0.9302502000140805	154.7092334197849	0.610404703514192	1298.6367743283984	4.357301351617132
7540.0	0.9230618456473201	154.7092334197849	0.610404703514192	1298.6367743283984	4.357301351617132
7550.0	0.9187857219586167	154.7092334197849	0.610404703514192	1298.6367743283984	4.357301351617132
7560.0	0.9292314545392827	154.7092334197849	0.610404703514192	1298.6367743283984	4.357301351617132
7570.0	0.9028540013625512	154.7092334197849	0.610404703514192	1298.6367743283984	4.357301351617132
7580.0	0.8938723211503089	154.7092334197849	0.610404703514192	1298.6367743283984	4.357301351617132
7590.0	0.9709404875140083	154.7092334197849	0.610404703514192	1298.6367743283984	4.357301351617132
7600.0	0.9123351580036613	154.7092334197849	0.610404703514192	1298.6367743283984	4.357301351617132
7610.0	0.873126881956299	154.7092334197849	0.610404703514192	1298.6367743283984	4.357301351617132
7620.0	0.8841916529691752	154.7092334197849	0.610404703514192	1298.6367743283984	4.357301351617132
7630.0	0.9126004181977632	154.7092334197849	0.610404703514192	1298.6367743283984	4.357301351617132
7640.0	0.8575240052277415	154.7092334197849	0.610404703514192	1298.6367743283984	4.357301351617132
7650.0	0.9500662537364366	154.7092334197849	0.610404703514192	1298.6367743283984	4.357301351617132
7660.0	0.8735333163059589	154.7092334197849	0.610404703514192	1298.6367743283984	4.357301351617132
7670.0	0.9176584754306576	154.7092334197849	0.610404703514192	1298.6367743283984	4.357301351617132
7680.0	0.8640470558677678	154.7092334197849	0.610404703514192	1298.6367743283984	4.357301351617132
7690.0	0.8903872479996158	154.7092334197849	0.610404703514192	1298.6367743283984	4.357301351617132
7700.0	0.8407907983541447	154.7092334197849	0.610404703514192	1298.6367743283984	4.357301351617132
7710.0	0.8645859403303212	154.7092334197849	0.610404703514192	1298.6367743283984	4.357301351617132
7720.0	0.8581775408266787	154.7092334197849	0.610404703514192	1298.6367743283984	4.357301351617132
7730.0	0.8698370602210175	154.7092334197849	0.610404703514192	1298.6367743283984	4.357301351617132
7740.0	0.8070954613463336	154.7092334197849	0.610404703514192	1298.6367743283984	4.357301351617132
7750.0	0.7808641885901809	154.7092334197849	0.610404703514192	1298.6367743283984	4.357301351617132
7760.0	0.7858522730869365	154.7092334197849	0.610404703514192	1298.6367743283984	4.357301351617132
7770.0	0.8424861305933167	154.7092334197849	0.610404703514192	1298.6367743283984	4.357301351617132
7780.0	0.8391920484848249	154.7092334197849	0.610404703514192	1298.6367743283984	4.357301351617132
7790.0	0.8999287983628191	154.7092334197849	0.610404703514192	1298.6367743283984	4.357301351617132
7800.0	0.8615460616060411	154.7092334197849	0.610404703514192	1298.6367743283984	4.357301351617132
7810.0	0.8999709284745859	154.7092334197849	0.610404703514192	1298.6367743283984	4.357301351617132
7820.0	0.9096330537516971	154.7092334197849	0.610404703514192	1298.6367743283984	4.357301351617132
7830.0	0.8478319750299236	154.7092334197849	0.610404703514192	1298.6367743283984	4.357301351617132
7840.0	0.8165315488942668	154.7092334197849	0.610404703514192	1298.6367743283984	4.357301351617132
7850.0	0.7653722419928071	154.7092334197849	0.610404703514192	1298.6367743283984	4.357301351617132
7860.0	0.7463766128993465	154.7092334197849	0.610404703514192	1298.6367743283984	4.357301351617132
7870.0	0.7395309712009228	154.7092334197849	0.610404703514192	1298.6367743283984	4.357301351617132
7880.0	0.7608491452510684	154.7092334197849	0.610404703514192	1298.6367743283984	4.357301351617132
7890.0	0.8410291674050229	154.7092334197849	0.610404703514192	1298.6367743283984	4.357301351617132
7900.0	0.8798955182644163	154.7092334197849	0.610404703514192	1298.6367743283984	4.357301351617132
7910.0	0.7982978690499707	154.7092334197849	0.610404703514192	1298.6367743283984	4.357301351617132
7920.0	0.8511668708579411	154.7092334197849	0.610404703514192	1298.6367743283984	4.357301351617132
7930.0	0.8412319048193022	154.7092334197849	0.610404703514192	1298.6367743283984	4.357301351617132
7940.0	0.7763774003224557	154.7092334197849	0.610404703514192	1298.6367743283984	4.357301351617132
7950.0	0.7475301791375057	154.7092334197849	0.610404703514192	1298.6367743283984	4.357301351617132
7960.0	0.7333736656564651	154.7092334197849	0.610404703514192	1298.6367743283984	4.357301351617132
7970.0	0.7108273868517746	154.7092334197849	0.610404703514192	1298.6367743283984	4.357301351617132
7980.0	0.6927232135456931	154.7092334197849	0.610404703514192	1298.6367743283984	4.357301351617132
7990.0	0.767415728144969	154.7092334197849	0.610404703514192	1298.6367743283984	4.357301351617132
8000.0	0.7492758176940242	154.7092334197849	0.610404703514192	1298.6367743283984	4.357301351617132
8010.0	0.8598131323363002	154.7092334197849	0.610404703514192	1298.6367743283984	4.357301351617132
8020.0	0.8457158313425152	154.7092334197849	0.610404703514192	1298.6367743283984	4.357301351617132
8030.0	0.8030460821931926	154.7092334197849	0.610404703514192	1298.6367743283984	4.357301351617132
8040.0	0.8097320771410519	154.7092334197849	0.610404703514192	1298.6367743283984	4.357301351617132
8050.0	0.758780388564643	154.7092334197849	0.610404703514192	1298.6367743283984	4.357301351617132
8060.0	0.7591250801295438	154.7092334197849	0.610404703514192	1298.6367743283984	4.357301351617132
8070.0	0.7628591335479965	154.7092334197849	0.610404703514192	1298.6367743283984	4.357301351617132
8080.0	0.681045366279608	154.7092334197849	0.610404703514192	1298.6367743283984	4.357301351617132
8090.0	0.7392204117917948	154.7092334197849	0.610404703514192	1298.6367743283984	4.357301351617132
8100.0	0.7633545586074547	154.7092334197849	0.610404703514192	1298.6367743283984	4.357301351617132
8110.0	0.8092123380801015	154.7092334197849	0.610404703514192	1298.6367743283984	4.357301351617132
8120.0	0.8050411254642376	154.7092334197849	0.610404703514192	1298.6367743283984	4.357301351617132
8130.0	0.806936829731654	154.7092334197849	0.610404703514192	1298.6367743283984	4.357301351617132
8140.0	0.7082981157171492	154.7092334197849	0.610404703514192	1298.6367743283984	4.357301351617132
8150.0	0.793106372937041	154.7092334197849	0.610404703514192	1298.6367743283984	4.357301351617132
8160.0	0.7686222772192621	154.7092334197849	0.610404703514192	1298.6367743283984	4.357301351617132
8170.0	0.7873995564926203	154.7092334197849	0.610404703514192	1298.6367743283984	4.357301351617132
8180.0	0.7304414923834681	154.7092334197849	0.610404703514192	1298.6367743283984	4.357301351617132
8190.0	0.7916463195427978	154.7092334197849	0.610404703514192	1298.6367743283984	4.357301351617132
8200.0	0.724856399012772	154.7092334197849	0.610404703514192	1298.6367743283984	4.357301351617132
8210.0	0.7604717264190816	154.7092334197849	0.610404703514192	1298.6367743283984	4.357301351617132
8220.0	0.7070315646975274	154.7092334197849	0.610404703514192	1298.6367743283984	4.357301351617132
8230.0	0.6766186944991918	154.7092334197849	0.610404703514192	1298.6367743283984	4.357301351617132
8240.0	0.6849930255164963	154.7092334197849	0.610404703514192	1298.6367743283984	4.357301351617132
8250.0	0.6401788101952894	154.7092334197849	0.610404703514192	1298.6367743283984	4.357301351617132
8260.0	0.6075180599688452	154.7092334197849	0.610404703514192	1298.6367743283984	4.357301351617132
8270.0	0.6778666121091098	154.7092334197849	0.610404703514192	1298.6367743283984	4.357301351617132
8280.0	0.669730769955545	154.7092334197849	0.610404703514192	1298.6367743283984	4.357301351617132
8290.0	0.6366447044877376	154.7092334197849	0.610404703514192	1298.6367743283984	4.357301351617132
8300.0	0.6229288899426048	154.7092334197849	0.610404703514192	1298.6367743283984	4.357301351617132
8310.0	0.6462287567752693	154.7092334197849	0.610404703514192	1298.6367743283984	4.357301351617132
8320.0	0.5823863578761772	154.7092334197849	0.610404703514192	1298.6367743283984	4.357301351617132
8330.0	0.641455549815301	154.7092334197849	0.610404703514192	1298.6367743283984	4.357301351617132
8340.0	0.6489751525232257	154.7092334197849	0.610404703514192	1298.6367743283984	4.357301351617132
8350.0	0.6607037970691201	154.7092334197849	0.610404703514192	1298.6367743283984	4.357301351617132
8360.0	0.655847183430138	154.7092334197849	0.610404703514192	1298.6367743283984	4.357301351617132
8370.0	0.6659340812028536	154.7092334197849	0.610404703514192	1298.6367743283984	4.357301351617132
8380.0	0.6391793875703442	154.7092334197849	0.610404703514192	1298.6367743283984	4.357301351617132
8390.0	0.5863650784795008	154.7092334197849	0.610404703514192	1298.6367743283984	4.357301351617132
8400.0	0.56246847470143	154.7092334197849	0.610404703514192	1298.6367743283984	4.357301351617132
8410.0	0.5765133981301604	154.7092334197849	0.610404703514192	1298.6367743283984	4.357301351617132
8420.0	0.6540113252630971	154.7092334197849	0.610404703514192	1298.6367743283984	4.357301351617132
8430.0	0.6817249491354551	154.7092334197849	0.610404703514192	1298.6367743283984	4.357301351617132
8440.0	0.6624577495550895	154.7092334197849	0.610404703514192	1298.6367743283984	4.357301351617132
8450.0	0.60689890427228	154.7092334197849	0.610404703514192	1298.6367743283984	4.357301351617132
8460.0	0.6073127936526925	154.7092334197849	0.610404703514192	1298.6367743283984	4.357301351617132
8470.0	0.5940126447541405	154.7092334197849	0.610404703514192	1298.6367743283984	4.357301351617132
8480.0	0.6026145399660693	154.7092334197849	0.610404703514192	1298.6367743283984	4.357301351617132
8490.0	0.6589193528314332	154.7092334197849	0.610404703514192	1298.6367743283984	4.357301351617132
8500.0	0.5837619702677103	154.7092334197849	0.610404703514192	1298.6367743283984	4.357301351617132
8510.0	0.5623761769734396	154.7092334197849	0.610404703514192	1298.6367743283984	4.357301351617132
8520.0	0.5882770609181233	154.7092334197849	0.610404703514192	1298.6367743283984	4.357301351617132
8530.0	0.5677235028678503	154.7092334197849	0.610404703514192	1298.6367743283984	4.357301351617132
8540.0	0.5934775689065697	154.7092334197849	0.610404703514192	1298.6367743283984	4.357301351617132
8550.0	0.5997149934244466	154.7092334197849	0.610404703514192	1298.6367743283984	4.357301351617132
8560.0	0.5716069889411258	154.7092334197849	0.610404703514192	1298.6367743283984	4.357301351617132
8570.0	0.5453089889637929	154.7092334197849	0.610404703514192	1298.6367743283984	4.357301351617132
8580.0	0.5277471208305637	154.7092334197849	0.610404703514192	1298.6367743283984	4.357301351617132
8590.0	0.5785007615670433	154.7092334197849	0.610404703514192	1298.6367743283984	4.357301351617132
8600.0	0.5542043791691129	154.7092334197849	0.610404703514192	1298.6367743283984	4.357301351617132
8610.0	0.551099235572003	154.7092334197849	0.610404703514192	1298.6367743283984	4.357301351617132
8620.0	0.5579093522005072	154.7092334197849	0.610404703514192	1298.6367743283984	4.357301351617132
8630.0	0.5749112919085879	154.7092334197849	0.610404703514192	1298.6367743283984	4.357301351617132
8640.0	0.5681288437848075	154.7092334197849	0.610404703514192	1298.6367743283984	4.357301351617132
8650.0	0.5759504529599547	154.7092334197849	0.610404703514192	1298.6367743283984	4.357301351617132
8660.0	0.5013260767434501	154.7092334197849	0.610404703514192	1298.6367743283984	4.357301351617132
8670.0	0.5502954863405636	154.7092334197849	0.610404703514192	1298.6367743283984	4.357301351617132
8680.0	0.5508107461831783	154.7092334197849	0.610404703514192	1298.6367743283984	4.357301351617132
8690.0	0.5641481718109408	154.7092334197849	0.610404703514192	1298.6367743283984	4.357301351617132
8700.0	0.509114490526759	154.7092334197849	0.610404703514192	1298.6367743283984	4.357301351617132
8710.0	0.5411104322210262	154.7092334197849	0.610404703514192	1298.6367743283984	4.357301351617132
8720.0	0.5179770439715294	154.7092334197849	0.610404703514192	1298.6367743283984	4.357301351617132
8730.0	0.5788987319924378	154.7092334197849	0.610404703514192	1298.6367743283984	4.357301351617132
8740.0	0.5729584458029713	154.7092334197849	0.610404703514192	1298.6367743283984	4.357301351617132
8750.0	0.5492358957756868	154.7092334197849	0.610404703514192	1298.6367743283984	4.357301351617132
8760.0	0.49104800762368384	154.7092334197849	0.610404703514192	1298.6367743283984	4.357301351617132
8770.0	0.5326262019126533	154.7092334197849	0.610404703514192	1298.6367743283984	4.357301351617132
8780.0	0.5414455556919229	154.7092334197849	0.610404703514192	1298.6367743283984	4.357301351617132
8790.0	0.5488675005745154	154.7092334197849	0.610404703514192	1298.6367743283984	4.357301351617132
8800.0	0.6015014420824895	154.7092334197849	0.610404703514192	1298.6367743283984	4.357301351617132
8810.0	0.5916500128887372	154.7092334197849	0.610404703514192	1298.6367743283984	4.357301351617132
8820.0	0.5517264937829304	154.7092334197849	0.610404703514192	1298.6367743283984	4.357301351617132
8830.0	0.5685059830662017	154.7092334197849	0.610404703514192	1298.6367743283984	4.357301351617132
8840.0	0.5536973274294558	154.7092334197849	0.610404703514192	1298.6367743283984	4.357301351617132
8850.0	0.5142933249899925	154.7092334197849	0.610404703514192	1298.6367743283984	4.357301351617132
8860.0	0.4722385336791909	154.7092334197849	0.610404703514192	1298.6367743283984	4.357301351617132
8870.0	0.5248557697526303	154.7092334197849	0.610404703514192	1298.6367743283984	4.357301351617132
8880.0	0.5384004463019364	154.7092334197849	0.610404703514192	1298.6367743283984	4.357301351617132
8890.0	0.5834808747285233	154.7092334197849	0.610404703514192	1298.6367743283984	4.357301351617132
8900.0	0.5452268236050849	154.7092334197849	0.610404703514192	1298.6367743283984	4.357301351617132
8910.0	0.5262365439948014	154.7092334197849	0.610404703514192	1298.6367743283984	4.357301351617132
8920.0	0.5402495971945706	154.7092334197849	0.610404703514192	1298.6367743283984	4.357301351617132
8930.0	0.5231226175719179	154.7092334197849	0.610404703514192	1298.6367743283984	4.357301351617132
8940.0	0.4938622804874634	154.7092334197849	0.610404703514192	1298.6367743283984	4.357301351617132
8950.0	0.4840038729902799	154.7092334197849	0.610404703514192	1298.6367743283984	4.357301351617132
8960.0	0.5320996290399004	154.7092334197849	0.610404703514192	1298.6367743283984	4.357301351617132
8970.0	0.5247075858394233	154.7092334197849	0.610404703514192	1298.6367743283984	4.357301351617132
8980.0	0.5166214257821498	154.7092334197849	0.610404703514192	1298.6367743283984	4.357301351617132
8990.0	0.4753597781496698	154.7092334197849	0.610404703514192	1298.6367743283984	4.357301351617132
9000.0	0.4128103414802811	154.7092334197849	0.610404703514192	1298.6367743283984	4.357301351617132
9010.0	0.43974970800709906	154.7092334197849	0.610404703514192	1298.6367743283984	4.357301351617132
9020.0	0.4971883817871212	154.7092334197849	0.610404703514192	1298.6367743283984	4.357301351617132
9030.0	0.5032970119501955	154.7092334197849	0.610404703514192	1298.6367743283984	4.357301351617132
9040.0	0.49347553463599214	154.7092334197849	0.610404703514192	1298.6367743283984	4.357301351617132
9050.0	0.4680489211088008	154.7092334197849	0.610404703514192	1298.6367743283984	4.357301351617132
9060.0	0.4931075886359633	154.7092334197849	0.610404703514192	1298.6367743283984	4.357301351617132
9070.0	0.504473920286195	154.7092334197849	0.610404703514192	1298.6367743283984	4.357301351617132
9080.0	0.45931177017287855	154.7092334197849	0.610404703514192	1298.6367743283984	4.357301351617132
9090.0	0.42961722516845957	154.7092334197849	0.610404703514192	1298.6367743283984	4.357301351617132
9100.0	0.45077886061135214	154.7092334197849	0.610404703514192	1298.6367743283984	4.357301351617132
9110.0	0.4642025507855366	154.7092334197849	0.610404703514192	1298.6367743283984	4.357301351617132
9120.0	0.4610110405322075	154.7092334197849	0.610404703514192	1298.6367743283984	4.357301351617132
9130.0	0.4685767619274717	154.7092334197849	0.610404703514192	1298.6367743283984	4.357301351617132
9140.0	0.46649725640731154	154.7092334197849	0.610404703514192	1298.6367743283984	4.357301351617132
9150.0	0.4465641911442981	154.7092334197849	0.610404703514192	1298.6367743283984	4.357301351617132
9160.0	0.38239187545044095	154.7092334197849	0.610404703514192	1298.6367743283984	4.357301351617132
9170.0	0.4454854237308142	154.7092334197849	0.610404703514192	1298.6367743283984	4.357301351617132
9180.0	0.4381059524923351	154.7092334197849	0.610404703514192	1298.6367743283984	4.357301351617132
9190.0	0.47324938489654567	154.7092334197849	0.610404703514192	1298.6367743283984	4.357301351617132
9200.0	0.4959547540119038	154.7092334197849	0.610404703514192	1298.6367743283984	4.357301351617132
9210.0	0.4747468504486157	154.7092334197849	0.610404703514192	1298.6367743283984	4.357301351617132
9220.0	0.48693113331092774	154.7092334197849	0.610404703514192	1298.6367743283984	4.357301351617132
9230.0	0.4819105122685215	154.7092334197849	0.610404703514192	1298.6367743283984	4.357301351617132
9240.0	0.4770587425119344	154.7092334197849	0.610404703514192	1298.6367743283984	4.357301351617132
9250.0	0.5596162165433489	154.7092334197849	0.610404703514192	1298.6367743283984	4.357301351617132
9260.0	0.5182819798926371	154.7092334197849	0.610404703514192	1298.6367743283984	4.357301351617132
9270.0	0.4860333884264006	154.7092334197849	0.610404703514192	1298.6367743283984	4.357301351617132
9280.0	0.4263806646090824	154.7092334197849	0.610404703514192	1298.6367743283984	4.357301351617132
9290.0	0.48920968761398465	154.7092334197849	0.610404703514192	1298.6367743283984	4.357301351617132
9300.0	0.467286806464346	154.7092334197849	0.610404703514192	1298.6367743283984	4.357301351617132
9310.0	0.4834055283632651	154.7092334197849	0.610404703514192	1298.6367743283984	4.357301351617132
9320.0	0.4562538937199254	154.7092334197849	0.610404703514192	1298.6367743283984	4.357301351617132
9330.0	0.5061987835922119	154.7092334197849	0.610404703514192	1298.6367743283984	4.357301351617132
9340.0	0.5120423531267834	154.7092334197849	0.610404703514192	1298.6367743283984	4.357301351617132
9350.0	0.4528055447142265	154.7092334197849	0.610404703514192	1298.6367743283984	4.357301351617132
9360.0	0.40869296213593176	154.7092334197849	0.610404703514192	1298.6367743283984	4.357301351617132
9370.0	0.3948835583810683	154.7092334197849	0.610404703514192	1298.6367743283984	4.357301351617132
9380.0	0.39554614812108957	154.7092334197849	0.610404703514192	1298.6367743283984	4.357301351617132
9390.0	0.4620099913660833	154.7092334197849	0.610404703514192	1298.6367743283984	4.357301351617132
9400.0	0.4131301782214849	154.7092334197849	0.610404703514192	1298.6367743283984	4.357301351617132
9410.0	0.4149302459341206	154.7092334197849	0.610404703514192	1298.6367743283984	4.357301351617132
9420.0	0.3825501891418382	154.7092334197849	0.610404703514192	1298.6367743283984	4.357301351617132
9430.0	0.4532435567701521	154.7092334197849	0.610404703514192	1298.6367743283984	4.357301351617132
9440.0	0.43572213739522525	154.7092334197849	0.610404703514192	1298.6367743283984	4.357301351617132
9450.0	0.4949121726148671	154.7092334197849	0.610404703514192	1298.6367743283984	4.357301351617132
9460.0	0.4420683282205171	154.7092334197849	0.610404703514192	1298.6367743283984	4.357301351617132
9470.0	0.3799953952092278	154.7092334197849	0.610404703514192	1298.6367743283984	4.357301351617132
9480.0	0.391220336856777	154.7092334197849	0.610404703514192	1298.6367743283984	4.357301351617132
9490.0	0.4325679440088717	154.7092334197849	0.610404703514192	1298.6367743283984	4.357301351617132
9500.0	0.39019970796313175	154.7092334197849	0.610404703514192	1298.6367743283984	4.357301351617132
9510.0	0.37346219670682107	154.7092334197849	0.610404703514192	1298.6367743283984	4.357301351617132
9520.0	0.45149538834851194	154.7092334197849	0.610404703514192	1298.6367743283984	4.357301351617132
9530.0	0.43074373079009737	154.7092334197849	0.610404703514192	1298.6367743283984	4.357301351617132
9540.0	0.38417775083689215	154.7092334197849	0.610404703514192	1298.6367743283984	4.357301351617132
9550.0	0.4194790749892964	154.7092334197849	0.610404703514192	1298.6367743283984	4.357301351617132
9560.0	0.3914666676520888	154.7092334197849	0.610404703514192	1298.6367743283984	4.357301351617132
9570.0	0.3661561730721589	154.7092334197849	0.610404703514192	1298.6367743283984	4.357301351617132
9580.0	0.41838953507007226	154.7092334197849	0.610404703514192	1298.6367743283984	4.357301351617132
9590.0	0.4393220383432809	154.7092334197849	0.610404703514192	1298.6367743283984	4.357301351617132
9600.0	0.44926791506669217	154.7092334197849	0.610404703514192	1298.6367743283984	4.357301351617132
9610.0	0.4607269165213	154.7092334197849	0.610404703514192	1298.6367743283984	4.357301351617132
9620.0	0.4422566413504507	154.7092334197849	0.610404703514192	1298.6367743283984	4.357301351617132
9630.0	0.46880427301610045	154.7092334197849	0.610404703514192	1298.6367743283984	4.357301351617132
9640.0	0.36357031052659383	154.7092334197849	0.610404703514192	1298.6367743283984	4.357301351617132
9650.0	0.3779948773529098	154.7092334197849	0.610404703514192	1298.6367743283984	4.357301351617132
9660.0	0.3898898970996227	154.7092334197849	0.610404703514192	1298.6367743283984	4.357301351617132
9670.0	0.3743281061238425	154.7092334197849	0.610404703514192	1298.6367743283984	4.357301351617132
9680.0	0.3680301015156056	154.7092334197849	0.610404703514192	1298.6367743283984	4.357301351617132
9690.0	0.3894212047151569	154.7092334197849	0.610404703514192	1298.6367743283984	4.357301351617132
9700.0	0.3778540788663734	154.7092334197849	0.610404703514192	1298.6367743283984	4.357301351617132
9710.0	0.3586974260095753	154.7092334197849	0.610404703514192	1298.6367743283984	4.357301351617132
9720.0	0.33703320295437317	154.7092334197849	0.610404703514192	1298.6367743283984	4.357301351617132
9730.0	0.37113995817195183	154.7092334197849	0.610404703514192	1298.6367743283984	4.357301351617132
9740.0	0.35068401471265864	154.7092334197849	0.610404703514192	1298.6367743283984	4.357301351617132
9750.0	0.3527350672046121	154.7092334197849	0.610404703514192	1298.6367743283984	4.357301351617132
9760.0	0.37751179283794983	154.7092334197849	0.610404703514192	1298.6367743283984	4.357301351617132
9770.0	0.3347701916365439	154.7092334197849	0.610404703514192	1298.6367743283984	4.357301351617132
9780.0	0.3719031295155751	154.7092334197849	0.610404703514192	1298.6367743283984	4.357301351617132
9790.0	0.4451455278136428	154.7092334197849	0.610404703514192	1298.6367743283984	4.357301351617132
9800.0	0.39926465498007574	154.7092334197849	0.610404703514192	1298.6367743283984	4.357301351617132
9810.0	0.3511449801414923	154.7092334197849	0.610404703514192	1298.6367743283984	4.357301351617132
9820.0	0.372928168014995	154.7092334197849	0.610404703514192	1298.6367743283984	4.357301351617132
9830.0	0.36614298178577914	154.7092334197849	0.610404703514192	1298.6367743283984	4.357301351617132
9840.0	0.38842338762486966	154.7092334197849	0.610404703514192	1298.6367743283984	4.357301351617132
9850.0	0.36572155436245557	154.7092334197849	0.610404703514192	1298.6367743283984	4.357301351617132
9860.0	0.36898406508425824	154.7092334197849	0.610404703514192	1298.6367743283984	4.357301351617132
9870.0	0.36233082146059836	154.7092334197849	0.610404703514192	1298.6367743283984	4.357301351617132
9880.0	0.3630262108301749	154.7092334197849	0.610404703514192	1298.6367743283984	4.357301351617132
9890.0	0.34152539446489316	154.7092334197849	0.610404703514192	1298.6367743283984	4.357301351617132
9900.0	0.3106968678362627	154.7092334197849	0.610404703514192	1298.6367743283984	4.357301351617132
9910.0	0.3755693456408353	154.7092334197849	0.610404703514192	1298.6367743283984	4.357301351617132
9920.0	0.40492819813531544	154.7092334197849	0.610404703514192	1298.6367743283984	4.357301351617132
9930.0	0.3789688640384445	154.7092334197849	0.610404703514192	1298.6367743283984	4.357301351617132
9940.0	0.3251148629863032	154.7092334197849	0.610404703514192	1298.6367743283984	4.357301351617132
9950.0	0.37924108371949916	154.7092334197849	0.610404703514192	1298.6367743283984	4.357301351617132
9960.0	0.3743563323823179	154.7092334197849	0.610404703514192	1298.6367743283984	4.357301351617132
9970.0	0.36336898532853507	154.7092334197849	0.610404703514192	1298.6367743283984	4.357301351617132
9980.0	0.31552976911333735	154.7092334197849	0.610404703514192	1298.6367743283984	4.357301351617132
9990.0	0.327120082943133	154.7092334197849	0.610404703514192	1298.6367743283984	4.357301351617132
10000.0	0.30285937249452544	154.7092334197849	0.610404703514192	1298.6367743283984	4.357301351617132
10010.0	0.2926929199104562	154.7092334197849	0.610404703514192	1298.6367743283984	4.357301351617132
10020.0	0.2973357809031265	154.7092334197849	0.610404703514192	1298.6367743283984	4.357301351617132
10030.0	0.29467600869272603	154.7092334197849	0.610404703514192	1298.6367743283984	4.357301351617132
10040.0	0.30703868280964913	154.7092334197849	0.610404703514192	1298.6367743283984	4.357301351617132
10050.0	0.35404211059819035	154.7092334197849	0.610404703514192	1298.6367743283984	4.357301351617132
10060.0	0.3655578759814724	154.7092334197849	0.610404703514192	1298.6367743283984	4.357301351617132
10070.0	0.32916740121143717	154.7092334197849	0.610404703514192	1298.6367743283984	4.357301351617132
10080.0	0.3380153072907661	154.7092334197849	0.610404703514192	1298.6367743283984	4.357301351617132
10090.0	0.33833731073166745	154.7092334197849	0.610404703514192	1298.6367743283984	4.357301351617132
10100.0	0.289607335259386	154.7092334197849	0.610404703514192	1298.6367743283984	4.357301351617132
10110.0	0.35167811113194675	154.7092334197849	0.610404703514192	1298.6367743283984	4.357301351617132
10120.0	0.2813402100566338	154.7092334197849	0.610404703514192	1298.6367743283984	4.357301351617132
10130.0	0.38700460929389996	154.7092334197849	0.610404703514192	1298.6367743283984	4.357301351617132
10140.0	0.3835824461543671	154.7092334197849	0.610404703514192	1298.6367743283984	4.357301351617132
10150.0	0.3199608074796207	154.7092334197849	0.610404703514192	1298.6367743283984	4.357301351617132
10160.0	0.3260209920403073	154.7092334197849	0.610404703514192	1298.6367743283984	4.357301351617132
10170.0	0.3451325719790163	154.7092334197849	0.610404703514192	1298.6367743283984	4.357301351617132
10180.0	0.32637264268274935	154.7092334197849	0.610404703514192	1298.6367743283984	4.357301351617132
10190.0	0.375596534798028	154.7092334197849	0.610404703514192	1298.6367743283984	4.357301351617132
10200.0	0.30970978146150924	154.7092334197849	0.610404703514192	1298.6367743283984	4.357301351617132
10210.0	0.30614772293954046	154.7092334197849	0.610404703514192	1298.6367743283984	4.357301351617132
10220.0	0.2692272809075015	154.7092334197849	0.610404703514192	1298.6367743283984	4.357301351617132
10230.0	0.30025033500637976	154.7092334197849	0.610404703514192	1298.6367743283984	4.357301351617132
10240.0	0.3221241959577561	154.7092334197849	0.610404703514192	1298.6367743283984	4.357301351617132
10250.0	0.3493291359347367	154.7092334197849	0.610404703514192	1298.6367743283984	4.357301351617132
10260.0	0.3205672163327465	154.7092334197849	0.610404703514192	1298.6367743283984	4.357301351617132
10270.0	0.28385786938906943	154.7092334197849	0.610404703514192	1298.6367743283984	4.357301351617132
10280.0	0.30273125865543726	154.7092334197849	0.610404703514192	1298.6367743283984	4.357301351617132
10290.0	0.3267269884210336	154.7092334197849	0.610404703514192	1298.6367743283984	4.357301351617132
10300.0	0.2853819609001159	154.7092334197849	0.610404703514192	1298.6367743283984	4.357301351617132
10310.0	0.2748501832004535	154.7092334197849	0.610404703514192	1298.6367743283984	4.357301351617132
10320.0	0.2667060717918927	154.7092334197849	0.610404703514192	1298.6367743283984	4.357301351617132
10330.0	0.3157656457132596	154.7092334197849	0.610404703514192	1298.6367743283984	4.357301351617132
10340.0	0.2917434182759564	154.7092334197849	0.610404703514192	1298.6367743283984	4.357301351617132
10350.0	0.37857020731797714	154.7092334197849	0.610404703514192	1298.6367743283984	4.357301351617132
10360.0	0.327551082042578	154.7092334197849	0.610404703514192	1298.6367743283984	4.357301351617132
10370.0	0.4147719914780052	154.7092334197849	0.610404703514192	1298.6367743283984	4.357301351617132
10380.0	0.33643768446931405	154.7092334197849	0.610404703514192	1298.6367743283984	4.357301351617132
10390.0	0.3572293969712943	154.7092334197849	0.610404703514192	1298.6367743283984	4.357301351617132
10400.0	0.3367944504390444	154.7092334197849	0.610404703514192	1298.6367743283984	4.357301351617132
10410.0	0.31777991865880906	154.7092334197849	0.610404703514192	1298.6367743283984	4.357301351617132
10420.0	0.30279263799799633	154.7092334197849	0.610404703514192	1298.6367743283984	4.357301351617132
10430.0	0.2887804573075811	154.7092334197849	0.610404703514192	1298.6367743283984	4.357301351617132
10440.0	0.31452123657292885	154.7092334197849	0.610404703514192	1298.6367743283984	4.357301351617132
10450.0	0.3251544801144386	154.7092334197849	0.610404703514192	1298.6367743283984	4.357301351617132
10460.0	0.283671376927534	154.7092334197849	0.610404703514192	1298.6367743283984	4.357301351617132
10470.0	0.3070608110952046	154.7092334197849	0.610404703514192	1298.6367743283984	4.357301351617132
10480.0	0.2738835648702855	154.7092334197849	0.610404703514192	1298.6367743283984	4.357301351617132
10490.0	0.2784017035465547	154.7092334197849	0.610404703514192	1298.6367743283984	4.357301351617132
10500.0	0.2972499723515344	154.7092334197849	0.610404703514192	1298.6367743283984	4.357301351617132
10510.0	0.27320458444843226	154.7092334197849	0.610404703514192	1298.6367743283984	4.357301351617132
10520.0	0.2789341742513608	154.7092334197849	0.610404703514192	1298.6367743283984	4.357301351617132
10530.0	0.30895196664772145	154.7092334197849	0.610404703514192	1298.6367743283984	4.357301351617132
10540.0	0.29721883919226416	154.7092334197849	0.610404703514192	1298.6367743283984	4.357301351617132
10550.0	0.31492575237121584	154.7092334197849	0.610404703514192	1298.6367743283984	4.357301351617132
10560.0	0.34582684395164354	154.7092334197849	0.610404703514192	1298.6367743283984	4.357301351617132
10570.0	0.3185699414994786	154.7092334197849	0.610404703514192	1298.6367743283984	4.357301351617132
10580.0	0.29489921634964755	154.7092334197849	0.610404703514192	1298.6367743283984	4.357301351617132
10590.0	0.25550650043221274	154.7092334197849	0.610404703514192	1298.6367743283984	4.357301351617132
10600.0	0.25009179558210753	154.7092334197849	0.610404703514192	1298.6367743283984	4.357301351617132
10610.0	0.2575379096886783	154.7092334197849	0.610404703514192	1298.6367743283984	4.357301351617132
10620.0	0.21354543633014866	154.7092334197849	0.610404703514192	1298.6367743283984	4.357301351617132
10630.0	0.22735995018216237	154.7092334197849	0.610404703514192	1298.6367743283984	4.357301351617132
10640.0	0.2616778159684698	154.7092334197849	0.610404703514192	1298.6367743283984	4.357301351617132
10650.0	0.2587945982791404	154.7092334197849	0.610404703514192	1298.6367743283984	4.357301351617132
10660.0	0.24267135947094393	154.7092334197849	0.610404703514192	1298.6367743283984	4.357301351617132
10670.0	0.2841725784859914	154.7092334197849	0.610404703514192	1298.6367743283984	4.357301351617132
10680.0	0.24331761672529145	154.7092334197849	0.610404703514192	1298.6367743283984	4.357301351617132
10690.0	0.28278183126262174	154.7092334197849	0.610404703514192	1298.6367743283984	4.357301351617132
10700.0	0.25902176809459526	154.7092334197849	0.610404703514192	1298.6367743283984	4.357301351617132
10710.0	0.223134617730844	154.7092334197849	0.610404703514192	1298.6367743283984	4.357301351617132
10720.0	0.21969574718501253	154.7092334197849	0.610404703514192	1298.6367743283984	4.357301351617132
10730.0	0.27675025709449685	154.7092334197849	0.610404703514192	1298.6367743283984	4.357301351617132
10740.0	0.27365448349678706	154.7092334197849	0.610404703514192	1298.6367743283984	4.357301351617132
10750.0	0.30435239070405823	154.7092334197849	0.610404703514192	1298.6367743283984	4.357301351617132
10760.0	0.29974626735462645	154.7092334197849	0.610404703514192	1298.6367743283984	4.357301351617132
10770.0	0.3065477959304032	154.7092334197849	0.610404703514192	1298.6367743283984	4.357301351617132
10780.0	0.2743989465481737	154.7092334197849	0.610404703514192	1298.6367743283984	4.357301351617132
10790.0	0.29151116374950137	154.7092334197849	0.610404703514192	1298.6367743283984	4.357301351617132
10800.0	0.27858478487224086	154.7092334197849	0.610404703514192	1298.6367743283984	4.357301351617132
10810.0	0.2797227898690718	154.7092334197849	0.610404703514192	1298.6367743283984	4.357301351617132
10820.0	0.25505234267365784	154.7092334197849	0.610404703514192	1298.6367743283984	4.357301351617132
10830.0	0.26718212300873523	154.7092334197849	0.610404703514192	1298.6367743283984	4.357301351617132
10840.0	0.30964628092277274	154.7092334197849	0.610404703514192	1298.6367743283984	4.357301351617132
10850.0	0.30034052491200003	154.7092334197849	0.610404703514192	1298.6367743283984	4.357301351617132
10860.0	0.24875703236620267	154.7092334197849	0.610404703514192	1298.6367743283984	4.357301351617132
10870.0	0.2567447904258624	154.7092334197849	0.610404703514192	1298.6367743283984	4.357301351617132
10880.0	0.2511044323878072	154.7092334197849	0.610404703514192	1298.6367743283984	4.357301351617132
10890.0	0.24294581317900507	154.7092334197849	0.610404703514192	1298.6367743283984	4.357301351617132
10900.0	0.31067542268722653	154.7092334197849	0.610404703514192	1298.6367743283984	4.357301351617132
10910.0	0.2665235650704573	154.7092334197849	0.610404703514192	1298.6367743283984	4.357301351617132
10920.0	0.22520450344248547	154.7092334197849	0.610404703514192	1298.6367743283984	4.357301351617132
10930.0	0.2521199420874635	154.7092334197849	0.610404703514192	1298.6367743283984	4.357301351617132
10940.0	0.23531492297838513	154.7092334197849	0.610404703514192	1298.6367743283984	4.357301351617132
10950.0	0.2381896098884716	154.7092334197849	0.610404703514192	1298.6367743283984	4.357301351617132
10960.0	0.23786005870267818	154.7092334197849	0.610404703514192	1298.6367743283984	4.357301351617132
10970.0	0.2281103694365069	154.7092334197849	0.610404703514192	1298.6367743283984	4.357301351617132
10980.0	0.26009891968384097	154.7092334197849	0.610404703514192	1298.6367743283984	4.357301351617132
10990.0	0.26089374782473534	154.7092334197849	0.610404703514192	1298.6367743283984	4.357301351617132
11000.0	0.28320427537946474	154.7092334197849	0.610404703514192	1298.6367743283984	4.357301351617132
11010.0	0.3020589029880541	154.7092334197849	0.610404703514192	1298.6367743283984	4.357301351617132
11020.0	0.2409039970159133	154.7092334197849	0.610404703514192	1298.6367743283984	4.357301351617132
11030.0	0.2595886315743635	154.7092334197849	0.610404703514192	1298.6367743283984	4.357301351617132
11040.0	0.2301818934111839	154.7092334197849	0.610404703514192	1298.6367743283984	4.357301351617132
11050.0	0.2786873529032675	154.7092334197849	0.610404703514192	1298.6367743283984	4.357301351617132
11060.0	0.24399747275416267	154.7092334197849	0.610404703514192	1298.6367743283984	4.357301351617132
11070.0	0.24511410762662766	154.7092334197849	0.610404703514192	1298.6367743283984	4.357301351617132
11080.0	0.27773904942745725	154.7092334197849	0.610404703514192	1298.6367743283984	4.357301351617132
11090.0	0.29799523047456056	154.7092334197849	0.610404703514192	1298.6367743283984	4.357301351617132
11100.0	0.2582009731966335	154.7092334197849	0.610404703514192	1298.6367743283984	4.357301351617132
11110.0	0.27301446042610494	154.7092334197849	0.610404703514192	1298.6367743283984	4.357301351617132
11120.0	0.260258461388932	154.7092334197849	0.610404703514192	1298.6367743283984	4.357301351617132
11130.0	0.27037545528062107	154.7092334197849	0.610404703514192	1298.6367743283984	4.357301351617132
11140.0	0.2229634328661512	154.7092334197849	0.610404703514192	1298.6367743283984	4.357301351617132
11150.0	0.2698891746990485	154.7092334197849	0.610404703514192	1298.6367743283984	4.357301351617132
11160.0	0.26742488826004235	154.7092334197849	0.610404703514192	1298.6367743283984	4.357301351617132
11170.0	0.2888241098885848	154.7092334197849	0.610404703514192	1298.6367743283984	4.357301351617132
11180.0	0.22997773041338054	154.7092334197849	0.610404703514192	1298.6367743283984	4.357301351617132
11190.0	0.2807350209608878	154.7092334197849	0.610404703514192	1298.6367743283984	4.357301351617132
11200.0	0.25516333378734957	154.7092334197849	0.610404703514192	1298.6367743283984	4.357301351617132
11210.0	0.2840128676696379	154.7092334197849	0.610404703514192	1298.6367743283984	4.357301351617132
11220.0	0.2897916796684867	154.7092334197849	0.610404703514192	1298.6367743283984	4.357301351617132
11230.0	0.28597337243231796	154.7092334197849	0.610404703514192	1298.6367743283984	4.357301351617132
11240.0	0.25834632562158233	154.7092334197849	0.610404703514192	1298.6367743283984	4.357301351617132
11250.0	0.2589340106123266	154.7092334197849	0.610404703514192	1298.6367743283984	4.357301351617132
11260.0	0.2444028759990685	154.7092334197849	0.610404703514192	1298.6367743283984	4.357301351617132
11270.0	0.23856128050815073	154.7092334197849	0.610404703514192	1298.6367743283984	4.357301351617132
11280.0	0.22909888196880732	154.7092334197849	0.610404703514192	1298.6367743283984	4.357301351617132
11290.0	0.26452535812786554	154.7092334197849	0.610404703514192	1298.6367743283984	4.357301351617132
11300.0	0.22209955906438064	154.7092334197849	0.610404703514192	1298.6367743283984	4.357301351617132
11310.0	0.2579383623209098	154.7092334197849	0.610404703514192	1298.6367743283984	4.357301351617132
11320.0	0.24001326965522016	154.7092334197849	0.610404703514192	1298.6367743283984	4.357301351617132
11330.0	0.25224819244659974	154.7092334197849	0.610404703514192	1298.6367743283984	4.357301351617132
11340.0	0.21358682532520729	154.7092334197849	0.610404703514192	1298.6367743283984	4.357301351617132
11350.0	0.26731651018834995	154.7092334197849	0.610404703514192	1298.6367743283984	4.357301351617132
11360.0	0.23348350123690562	154.7092334197849	0.610404703514192	1298.6367743283984	4.357301351617132
11370.0	0.2286130142111074	154.7092334197849	0.610404703514192	1298.6367743283984	4.357301351617132
11380.0	0.2135693395042149	154.7092334197849	0.610404703514192	1298.6367743283984	4.357301351617132
11390.0	0.21394631037197429	154.7092334197849	0.610404703514192	1298.6367743283984	4.357301351617132
11400.0	0.2321130632781443	154.7092334197849	0.610404703514192	1298.6367743283984	4.357301351617132
11410.0	0.27620403099191193	154.7092334197849	0.610404703514192	1298.6367743283984	4.357301351617132
11420.0	0.23158570455936492	154.7092334197849	0.610404703514192	1298.6367743283984	4.357301351617132
11430.0	0.25863273064308073	154.7092334197849	0.610404703514192	1298.6367743283984	4.357301351617132
11440.0	0.23501547567950246	154.7092334197849	0.610404703514192	1298.6367743283984	4.357301351617132
11450.0	0.2270469079369295	154.7092334197849	0.610404703514192	1298.6367743283984	4.357301351617132
11460.0	0.20075682220853958	154.7092334197849	0.610404703514192	1298.6367743283984	4.357301351617132
11470.0	0.24510328579333185	154.7092334197849	0.610404703514192	1298.6367743283984	4.357301351617132
11480.0	0.23814981920135528	154.7092334197849	0.610404703514192	1298.6367743283984	4.357301351617132
11490.0	0.22843900351927024	154.7092334197849	0.610404703514192	1298.6367743283984	4.357301351617132
11500.0	0.18998874350812694	154.7092334197849	0.610404703514192	1298.6367743283984	4.357301351617132
11510.0	0.2149717468066556	154.7092334197849	0.610404703514192	1298.6367743283984	4.357301351617132
11520.0	0.23229686495490917	154.7092334197849	0.610404703514192	1298.6367743283984	4.357301351617132
11530.0	0.24287663586356095	154.7092334197849	0.610404703514192	1298.6367743283984	4.357301351617132
11540.0	0.20503597951586877	154.7092334197849	0.610404703514192	1298.6367743283984	4.357301351617132
11550.0	0.21572496291542542	154.7092334197849	0.610404703514192	1298.6367743283984	4.357301351617132
11560.0	0.2004369628297254	154.7092334197849	0.610404703514192	1298.6367743283984	4.357301351617132
11570.0	0.2430907839215777	154.7092334197849	0.610404703514192	1298.6367743283984	4.357301351617132
11580.0	0.22223050533621858	154.7092334197849	0.610404703514192	1298.6367743283984	4.357301351617132
11590.0	0.2292347677464137	154.7092334197849	0.610404703514192	1298.6367743283984	4.357301351617132
11600.0	0.22453810109920205	154.7092334197849	0.610404703514192	1298.6367743283984	4.357301351617132
11610.0	0.21277095858472156	154.7092334197849	0.610404703514192	1298.6367743283984	4.357301351617132
11620.0	0.2061730913582807	154.7092334197849	0.610404703514192	1298.6367743283984	4.357301351617132
11630.0	0.2267439968033419	154.7092334197849	0.610404703514192	1298.6367743283984	4.357301351617132
11640.0	0.21574071841019188	154.7092334197849	0.610404703514192	1298.6367743283984	4.357301351617132
11650.0	0.2147868495133209	154.7092334197849	0.610404703514192	1298.6367743283984	4.357301351617132
11660.0	0.20765068435533218	154.7092334197849	0.610404703514192	1298.6367743283984	4.357301351617132
11670.0	0.18469495434559016	154.7092334197849	0.610404703514192	1298.6367743283984	4.357301351617132
11680.0	0.1724610989527228	154.7092334197849	0.610404703514192	1298.6367743283984	4.357301351617132
11690.0	0.181928853761274	154.7092334197849	0.610404703514192	1298.6367743283984	4.357301351617132
11700.0	0.1956453579187598	154.7092334197849	0.610404703514192	1298.6367743283984	4.357301351617132
11710.0	0.2420061654961713	154.7092334197849	0.610404703514192	1298.6367743283984	4.357301351617132
11720.0	0.20093844108866313	154.7092334197849	0.610404703514192	1298.6367743283984	4.357301351617132
11730.0	0.22519173567903225	154.7092334197849	0.610404703514192	1298.6367743283984	4.357301351617132
11740.0	0.23301716058350377	154.7092334197849	0.610404703514192	1298.6367743283984	4.357301351617132
11750.0	0.2507960729663736	154.7092334197849	0.610404703514192	1298.6367743283984	4.357301351617132
11760.0	0.2323291887011086	154.7092334197849	0.610404703514192	1298.6367743283984	4.357301351617132
11770.0	0.24083014473132036	154.7092334197849	0.610404703514192	1298.6367743283984	4.357301351617132
11780.0	0.20349052443477006	154.7092334197849	0.610404703514192	1298.6367743283984	4.357301351617132
11790.0	0.21975737673060017	154.7092334197849	0.610404703514192	1298.6367743283984	4.357301351617132
11800.0	0.21981202345150022	154.7092334197849	0.610404703514192	1298.6367743283984	4.357301351617132
11810.0	0.21816807923951298	154.7092334197849	0.610404703514192	1298.6367743283984	4.357301351617132
11820.0	0.19864659046234864	154.7092334197849	0.610404703514192	1298.6367743283984	4.357301351617132
11830.0	0.21781993217036455	154.7092334197849	0.610404703514192	1298.6367743283984	4.357301351617132
11840.0	0.19121449908350133	154.7092334197849	0.610404703514192	1298.6367743283984	4.357301351617132
11850.0	0.21272596212717235	154.7092334197849	0.610404703514192	1298.6367743283984	4.357301351617132
11860.0	0.18629236394967444	154.7092334197849	0.610404703514192	1298.6367743283984	4.357301351617132
11870.0	0.2313100743383802	154.7092334197849	0.610404703514192	1298.6367743283984	4.357301351617132
11880.0	0.20227846675696554	154.7092334197849	0.610404703514192	1298.6367743283984	4.357301351617132
11890.0	0.22173870903426554	154.7092334197849	0.610404703514192	1298.6367743283984	4.357301351617132
11900.0	0.21637664009815144	154.7092334197849	0.610404703514192	1298.6367743283984	4.357301351617132
11910.0	0.2541153493693243	154.7092334197849	0.610404703514192	1298.6367743283984	4.357301351617132
11920.0	0.20779483903677293	154.7092334197849	0.610404703514192	1298.6367743283984	4.357301351617132
11930.0	0.20630726633681556	154.7092334197849	0.610404703514192	1298.6367743283984	4.357301351617132
11940.0	0.2094401563923961	154.7092334197849	0.610404703514192	1298.6367743283984	4.357301351617132
11950.0	0.2240230497168645	154.7092334197849	0.610404703514192	1298.6367743283984	4.357301351617132
11960.0	0.191719522696482	154.7092334197849	0.610404703514192	1298.6367743283984	4.357301351617132
11970.0	0.22359574530255105	154.7092334197849	0.610404703514192	1298.6367743283984	4.357301351617132
11980.0	0.15769765411775336	154.7092334197849	0.610404703514192	1298.6367743283984	4.357301351617132
11990.0	0.23308063094830792	154.7092334197849	0.610404703514192	1298.6367743283984	4.357301351617132
12000.0	0.2423503779306302	154.7092334197849	0.610404703514192	1298.6367743283984	4.357301351617132
12010.0	0.2270078308460134	154.7092334197849	0.610404703514192	1298.6367743283984	4.357301351617132
12020.0	0.22635995870400855	154.7092334197849	0.610404703514192	1298.6367743283984	4.357301351617132
12030.0	0.22049579543781217	154.7092334197849	0.610404703514192	1298.6367743283984	4.357301351617132
12040.0	0.2101812372068535	154.7092334197849	0.610404703514192	1298.6367743283984	4.357301351617132
12050.0	0.22885056459468342	154.7092334197849	0.610404703514192	1298.6367743283984	4.357301351617132
12060.0	0.20463013145136646	154.7092334197849	0.610404703514192	1298.6367743283984	4.357301351617132
12070.0	0.18249627264483037	154.7092334197849	0.610404703514192	1298.6367743283984	4.357301351617132
12080.0	0.20076582574814442	154.7092334197849	0.610404703514192	1298.6367743283984	4.357301351617132
12090.0	0.2662312155524876	154.7092334197849	0.610404703514192	1298.6367743283984	4.357301351617132
12100.0	0.2162376078192763	154.7092334197849	0.610404703514192	1298.6367743283984	4.357301351617132
12110.0	0.21665905719609446	154.7092334197849	0.610404703514192	1298.6367743283984	4.357301351617132
12120.0	0.2266568558871016	154.7092334197849	0.610404703514192	1298.6367743283984	4.357301351617132
12130.0	0.2342061220723794	154.7092334197849	0.610404703514192	1298.6367743283984	4.357301351617132
12140.0	0.17828190199029556	154.7092334197849	0.610404703514192	1298.6367743283984	4.357301351617132
12150.0	0.17506685818194892	154.7092334197849	0.610404703514192	1298.6367743283984	4.357301351617132
12160.0	0.20687723987136294	154.7092334197849	0.610404703514192	1298.6367743283984	4.357301351617132
12170.0	0.16132479840936068	154.7092334197849	0.610404703514192	1298.6367743283984	4.357301351617132
12180.0	0.18388825612085774	154.7092334197849	0.610404703514192	1298.6367743283984	4.357301351617132
12190.0	0.20857171340229655	154.7092334197849	0.610404703514192	1298.6367743283984	4.357301351617132
12200.0	0.18628482275495872	154.7092334197849	0.610404703514192	1298.6367743283984	4.357301351617132
12210.0	0.16212127592972264	154.7092334197849	0.610404703514192	1298.6367743283984	4.357301351617132
12220.0	0.19782190602706695	154.7092334197849	0.610404703514192	1298.6367743283984	4.357301351617132
12230.0	0.16724809891609058	154.7092334197849	0.610404703514192	1298.6367743283984	4.357301351617132
12240.0	0.17729386426411933	154.7092334197849	0.610404703514192	1298.6367743283984	4.357301351617132
12250.0	0.2081159731185664	154.7092334197849	0.610404703514192	1298.6367743283984	4.357301351617132
12260.0	0.16621559405721797	154.7092334197849	0.610404703514192	1298.6367743283984	4.357301351617132
12270.0	0.23061348294937672	154.7092334197849	0.610404703514192	1298.6367743283984	4.357301351617132
12280.0	0.19927838140384005	154.7092334197849	0.610404703514192	1298.6367743283984	4.357301351617132
12290.0	0.20224846679351394	154.7092334197849	0.610404703514192	1298.6367743283984	4.357301351617132
12300.0	0.19035968077584955	154.7092334197849	0.610404703514192	1298.6367743283984	4.357301351617132
12310.0	0.20150839404894985	154.7092334197849	0.610404703514192	1298.6367743283984	4.357301351617132
12320.0	0.22271610481332946	154.7092334197849	0.610404703514192	1298.6367743283984	4.357301351617132
12330.0	0.22256902027846356	154.7092334197849	0.610404703514192	1298.6367743283984	4.357301351617132
12340.0	0.17213169728892916	154.7092334197849	0.610404703514192	1298.6367743283984	4.357301351617132
12350.0	0.1850971086416642	154.7092334197849	0.610404703514192	1298.6367743283984	4.357301351617132
12360.0	0.16891475774128226	154.7092334197849	0.610404703514192	1298.6367743283984	4.357301351617132
12370.0	0.16993321575319173	154.7092334197849	0.610404703514192	1298.6367743283984	4.357301351617132
12380.0	0.15116727871571975	154.7092334197849	0.610404703514192	1298.6367743283984	4.357301351617132
12390.0	0.1610397909948131	154.7092334197849	0.610404703514192	1298.6367743283984	4.357301351617132
12400.0	0.14581919011083366	154.7092334197849	0.610404703514192	1298.6367743283984	4.357301351617132
12410.0	0.1584959129087192	154.7092334197849	0.610404703514192	1298.6367743283984	4.357301351617132
12420.0	0.17444110801018717	154.7092334197849	0.610404703514192	1298.6367743283984	4.357301351617132
12430.0	0.20959877366102217	154.7092334197849	0.610404703514192	1298.6367743283984	4.357301351617132
12440.0	0.20744452632165813	154.7092334197849	0.610404703514192	1298.6367743283984	4.357301351617132
12450.0	0.22929986951379852	154.7092334197849	0.610404703514192	1298.6367743283984	4.357301351617132
12460.0	0.21070608673326827	154.7092334197849	0.610404703514192	1298.6367743283984	4.357301351617132
12470.0	0.14927511320447406	154.7092334197849	0.610404703514192	1298.6367743283984	4.357301351617132
12480.0	0.16317976819590357	154.7092334197849	0.610404703514192	1298.6367743283984	4.357301351617132
12490.0	0.19399804161662265	154.7092334197849	0.610404703514192	1298.6367743283984	4.357301351617132
12500.0	0.2044343423894564	154.7092334197849	0.610404703514192	1298.6367743283984	4.357301351617132
12510.0	0.19512244170161896	154.7092334197849	0.610404703514192	1298.6367743283984	4.357301351617132
12520.0	0.1840857811474667	154.7092334197849	0.610404703514192	1298.6367743283984	4.357301351617132
12530.0	0.1796610861226586	154.7092334197849	0.610404703514192	1298.6367743283984	4.357301351617132
12540.0	0.18481366887389042	154.7092334197849	0.610404703514192	1298.6367743283984	4.357301351617132
12550.0	0.19353590596898304	154.7092334197849	0.610404703514192	1298.6367743283984	4.357301351617132
12560.0	0.20311191258166988	154.7092334197849	0.610404703514192	1298.6367743283984	4.357301351617132
12570.0	0.18950162062504614	154.7092334197849	0.610404703514192	1298.6367743283984	4.357301351617132
12580.0	0.1601767095186496	154.7092334197849	0.610404703514192	1298.6367743283984	4.357301351617132
12590.0	0.15538472919004856	154.7092334197849	0.610404703514192	1298.6367743283984	4.357301351617132
12600.0	0.13289664770736045	154.7092334197849	0.610404703514192	1298.6367743283984	4.357301351617132
12610.0	0.14485273032480261	154.7092334197849	0.610404703514192	1298.6367743283984	4.357301351617132
12620.0	0.14507320549218536	154.7092334197849	0.610404703514192	1298.6367743283984	4.357301351617132
12630.0	0.15781393399500562	154.7092334197849	0.610404703514192	1298.6367743283984	4.357301351617132
12640.0	0.13296510678635234	154.7092334197849	0.610404703514192	1298.6367743283984	4.357301351617132
12650.0	0.1918286871264086	154.7092334197849	0.610404703514192	1298.6367743283984	4.357301351617132
12660.0	0.14820106221857388	154.7092334197849	0.610404703514192	1298.6367743283984	4.357301351617132
12670.0	0.19638382767372164	154.7092334197849	0.610404703514192	1298.6367743283984	4.357301351617132
12680.0	0.1695634909144519	154.7092334197849	0.610404703514192	1298.6367743283984	4.357301351617132
12690.0	0.14444356696167657	154.7092334197849	0.610404703514192	1298.6367743283984	4.357301351617132
12700.0	0.1137370878255214	154.7092334197849	0.610404703514192	1298.6367743283984	4.357301351617132
12710.0	0.18065173480730176	154.7092334197849	0.610404703514192	1298.6367743283984	4.357301351617132
12720.0	0.18080520820578466	154.7092334197849	0.610404703514192	1298.6367743283984	4.357301351617132
12730.0	0.20198652483426255	154.7092334197849	0.610404703514192	1298.6367743283984	4.357301351617132
12740.0	0.1860961658512644	154.7092334197849	0.610404703514192	1298.6367743283984	4.357301351617132
12750.0	0.20625730044236545	154.7092334197849	0.610404703514192	1298.6367743283984	4.357301351617132
12760.0	0.1704030143580629	154.7092334197849	0.610404703514192	1298.6367743283984	4.357301351617132
12770.0	0.1877062695991188	154.7092334197849	0.610404703514192	1298.6367743283984	4.357301351617132
12780.0	0.1448913253894555	154.7092334197849	0.610404703514192	1298.6367743283984	4.357301351617132
12790.0	0.19897510917911657	154.7092334197849	0.610404703514192	1298.6367743283984	4.357301351617132
12800.0	0.17995465222784432	154.7092334197849	0.610404703514192	1298.6367743283984	4.357301351617132
12810.0	0.1800648872127051	154.7092334197849	0.610404703514192	1298.6367743283984	4.357301351617132
12820.0	0.1613717800531526	154.7092334197849	0.610404703514192	1298.6367743283984	4.357301351617132
12830.0	0.15273390073889234	154.7092334197849	0.610404703514192	1298.6367743283984	4.357301351617132
12840.0	0.1409372974501909	154.7092334197849	0.610404703514192	1298.6367743283984	4.357301351617132
12850.0	0.14860795395758658	154.7092334197849	0.610404703514192	1298.6367743283984	4.357301351617132
12860.0	0.13187863635950842	154.7092334197849	0.610404703514192	1298.6367743283984	4.357301351617132
12870.0	0.17674413326870853	154.7092334197849	0.610404703514192	1298.6367743283984	4.357301351617132
12880.0	0.1570118880201518	154.7092334197849	0.610404703514192	1298.6367743283984	4.357301351617132
12890.0	0.1436905245717017	154.7092334197849	0.610404703514192	1298.6367743283984	4.357301351617132
12900.0	0.1441926342790695	154.7092334197849	0.610404703514192	1298.6367743283984	4.357301351617132
12910.0	0.19112799488390622	154.7092334197849	0.610404703514192	1298.6367743283984	4.357301351617132
12920.0	0.15302985709314132	154.7092334197849	0.610404703514192	1298.6367743283984	4.357301351617132
12930.0	0.15550386092591284	154.7092334197849	0.610404703514192	1298.6367743283984	4.357301351617132
12940.0	0.16655472505639515	154.7092334197849	0.610404703514192	1298.6367743283984	4.357301351617132
12950.0	0.14284940685517714	154.7092334197849	0.610404703514192	1298.6367743283984	4.357301351617132
12960.0	0.12042687747125515	154.7092334197849	0.610404703514192	1298.6367743283984	4.357301351617132
12970.0	0.16125758725379022	154.7092334197849	0.610404703514192	1298.6367743283984	4.357301351617132
12980.0	0.12740816000646013	154.7092334197849	0.610404703514192	1298.6367743283984	4.357301351617132
12990.0	0.1459762203416556	154.7092334197849	0.610404703514192	1298.6367743283984	4.357301351617132
13000.0	0.12002157812756752	154.7092334197849	0.610404703514192	1298.6367743283984	4.357301351617132
13010.0	0.17493297667644725	154.7092334197849	0.610404703514192	1298.6367743283984	4.357301351617132
13020.0	0.1905055176649633	154.7092334197849	0.610404703514192	1298.6367743283984	4.357301351617132
13030.0	0.21689799332636805	154.7092334197849	0.610404703514192	1298.6367743283984	4.357301351617132
13040.0	0.15507406344702643	154.7092334197849	0.610404703514192	1298.6367743283984	4.357301351617132
13050.0	0.19857795177118795	154.7092334197849	0.610404703514192	1298.6367743283984	4.357301351617132
13060.0	0.18496857128455335	154.7092334197849	0.610404703514192	1298.6367743283984	4.357301351617132
13070.0	0.18150777780190452	154.7092334197849	0.610404703514192	1298.6367743283984	4.357301351617132
13080.0	0.14482172947088787	154.7092334197849	0.610404703514192	1298.6367743283984	4.357301351617132
13090.0	0.16795002250326752	154.7092334197849	0.610404703514192	1298.6367743283984	4.357301351617132
13100.0	0.21814921402674955	154.7092334197849	0.610404703514192	1298.6367743283984	4.357301351617132
13110.0	0.1718755525305164	154.7092334197849	0.610404703514192	1298.6367743283984	4.357301351617132
13120.0	0.18425928999409522	154.7092334197849	0.610404703514192	1298.6367743283984	4.357301351617132
13130.0	0.20328351582258566	154.7092334197849	0.610404703514192	1298.6367743283984	4.357301351617132
13140.0	0.14070807791330167	154.7092334197849	0.610404703514192	1298.6367743283984	4.357301351617132
13150.0	0.1428721674590391	154.7092334197849	0.610404703514192	1298.6367743283984	4.357301351617132
13160.0	0.11655393750999526	154.7092334197849	0.610404703514192	1298.6367743283984	4.357301351617132
13170.0	0.143464574953396	154.7092334197849	0.610404703514192	1298.6367743283984	4.357301351617132
13180.0	0.17386299422912505	154.7092334197849	0.610404703514192	1298.6367743283984	4.357301351617132
13190.0	0.2117272626474464	154.7092334197849	0.610404703514192	1298.6367743283984	4.357301351617132
13200.0	0.17508372267545075	154.7092334197849	0.610404703514192	1298.6367743283984	4.357301351617132
13210.0	0.19171808930079898	154.7092334197849	0.610404703514192	1298.6367743283984	4.357301351617132
13220.0	0.1400428348330339	154.7092334197849	0.610404703514192	1298.6367743283984	4.357301351617132
13230.0	0.19193802658736112	154.7092334197849	0.610404703514192	1298.6367743283984	4.357301351617132
13240.0	0.20033697073533416	154.7092334197849	0.610404703514192	1298.6367743283984	4.357301351617132
13250.0	0.19598092989204197	154.7092334197849	0.610404703514192	1298.6367743283984	4.357301351617132
13260.0	0.14514436453060184	154.7092334197849	0.610404703514192	1298.6367743283984	4.357301351617132
13270.0	0.20122841801429528	154.7092334197849	0.610404703514192	1298.6367743283984	4.357301351617132
13280.0	0.1740528917456812	154.7092334197849	0.610404703514192	1298.6367743283984	4.357301351617132
13290.0	0.18178551497239748	154.7092334197849	0.610404703514192	1298.6367743283984	4.357301351617132
13300.0	0.12584738660708758	154.7092334197849	0.610404703514192	1298.6367743283984	4.357301351617132
13310.0	0.15139803303791108	154.7092334197849	0.610404703514192	1298.6367743283984	4.357301351617132
13320.0	0.18795706339872625	154.7092334197849	0.610404703514192	1298.6367743283984	4.357301351617132
13330.0	0.21529331074100094	154.7092334197849	0.610404703514192	1298.6367743283984	4.357301351617132
13340.0	0.13337075306399268	154.7092334197849	0.610404703514192	1298.6367743283984	4.357301351617132
13350.0	0.1457673395044593	154.7092334197849	0.610404703514192	1298.6367743283984	4.357301351617132
13360.0	0.16742374349752978	154.7092334197849	0.610404703514192	1298.6367743283984	4.357301351617132
13370.0	0.18549940559839245	154.7092334197849	0.610404703514192	1298.6367743283984	4.357301351617132
13380.0	0.15925696016192928	154.7092334197849	0.610404703514192	1298.6367743283984	4.357301351617132
13390.0	0.1812210971019616	154.7092334197849	0.610404703514192	1298.6367743283984	4.357301351617132
13400.0	0.17710042379494603	154.7092334197849	0.610404703514192	1298.6367743283984	4.357301351617132
13410.0	0.1535216039425381	154.7092334197849	0.610404703514192	1298.6367743283984	4.357301351617132
13420.0	0.13219352583075536	154.7092334197849	0.610404703514192	1298.6367743283984	4.357301351617132
13430.0	0.16447381748494433	154.7092334197849	0.610404703514192	1298.6367743283984	4.357301351617132
13440.0	0.15864526658398292	154.7092334197849	0.610404703514192	1298.6367743283984	4.357301351617132
13450.0	0.1562847863542957	154.7092334197849	0.610404703514192	1298.6367743283984	4.357301351617132
13460.0	0.176371949172706	154.7092334197849	0.610404703514192	1298.6367743283984	4.357301351617132
13470.0	0.1499715314366927	154.7092334197849	0.610404703514192	1298.6367743283984	4.357301351617132
13480.0	0.11899057309747986	154.7092334197849	0.610404703514192	1298.6367743283984	4.357301351617132
13490.0	0.13370018574094353	154.7092334197849	0.610404703514192	1298.6367743283984	4.357301351617132
13500.0	0.1344339290205966	154.7092334197849	0.610404703514192	1298.6367743283984	4.357301351617132
13510.0	0.18155699236890407	154.7092334197849	0.610404703514192	1298.6367743283984	4.357301351617132
13520.0	0.14041774870361262	154.7092334197849	0.610404703514192	1298.6367743283984	4.357301351617132
13530.0	0.1288836721730948	154.7092334197849	0.610404703514192	1298.6367743283984	4.357301351617132
13540.0	0.15863682092318904	154.7092334197849	0.610404703514192	1298.6367743283984	4.357301351617132
13550.0	0.16651191551255198	154.7092334197849	0.610404703514192	1298.6367743283984	4.357301351617132
13560.0	0.13701792811668623	154.7092334197849	0.610404703514192	1298.6367743283984	4.357301351617132
13570.0	0.19227433394057622	154.7092334197849	0.610404703514192	1298.6367743283984	4.357301351617132
13580.0	0.15366930211194021	154.7092334197849	0.610404703514192	1298.6367743283984	4.357301351617132
13590.0	0.16670621060925794	154.7092334197849	0.610404703514192	1298.6367743283984	4.357301351617132
13600.0	0.12346282128042162	154.7092334197849	0.610404703514192	1298.6367743283984	4.357301351617132
13610.0	0.12698705914195302	154.7092334197849	0.610404703514192	1298.6367743283984	4.357301351617132
13620.0	0.13726483072509	154.7092334197849	0.610404703514192	1298.6367743283984	4.357301351617132
13630.0	0.16426124062615588	154.7092334197849	0.610404703514192	1298.6367743283984	4.357301351617132
13640.0	0.18100487983376679	154.7092334197849	0.610404703514192	1298.6367743283984	4.357301351617132
13650.0	0.19374031078132767	154.7092334197849	0.610404703514192	1298.6367743283984	4.357301351617132
13660.0	0.14529125905071424	154.7092334197849	0.610404703514192	1298.6367743283984	4.357301351617132
13670.0	0.18398568534421622	154.7092334197849	0.610404703514192	1298.6367743283984	4.357301351617132
13680.0	0.14411417202384996	154.7092334197849	0.610404703514192	1298.6367743283984	4.357301351617132
13690.0	0.17980572845073423	154.7092334197849	0.610404703514192	1298.6367743283984	4.357301351617132
13700.0	0.18035523093866856	154.7092334197849	0.610404703514192	1298.6367743283984	4.357301351617132
13710.0	0.19195621609400432	154.7092334197849	0.610404703514192	1298.6367743283984	4.357301351617132
13720.0	0.18305007977671592	154.7092334197849	0.610404703514192	1298.6367743283984	4.357301351617132
13730.0	0.14998972994547927	154.7092334197849	0.610404703514192	1298.6367743283984	4.357301351617132
13740.0	0.14531301076012235	154.7092334197849	0.610404703514192	1298.6367743283984	4.357301351617132
13750.0	0.1606613082120282	154.7092334197849	0.610404703514192	1298.6367743283984	4.357301351617132
13760.0	0.13570307754382638	154.7092334197849	0.610404703514192	1298.6367743283984	4.357301351617132
13770.0	0.17574676593917468	154.7092334197849	0.610404703514192	1298.6367743283984	4.357301351617132
13780.0	0.1153380016181922	154.7092334197849	0.610404703514192	1298.6367743283984	4.357301351617132
13790.0	0.13926590390685573	154.7092334197849	0.610404703514192	1298.6367743283984	4.357301351617132
13800.0	0.18588621500122718	154.7092334197849	0.610404703514192	1298.6367743283984	4.357301351617132
13810.0	0.18853251991699257	154.7092334197849	0.610404703514192	1298.6367743283984	4.357301351617132
13820.0	0.10921816080989144	154.7092334197849	0.610404703514192	1298.6367743283984	4.357301351617132
13830.0	0.18618159617093047	154.7092334197849	0.610404703514192	1298.6367743283984	4.357301351617132
13840.0	0.17400645231356768	154.7092334197849	0.610404703514192	1298.6367743283984	4.357301351617132
13850.0	0.17296640149755815	154.7092334197849	0.610404703514192	1298.6367743283984	4.357301351617132
13860.0	0.1938002336371864	154.7092334197849	0.610404703514192	1298.6367743283984	4.357301351617132
13870.0	0.16543787069711505	154.7092334197849	0.610404703514192	1298.6367743283984	4.357301351617132
13880.0	0.16533578488463777	154.7092334197849	0.610404703514192	1298.6367743283984	4.357301351617132
13890.0	0.16192854913269436	154.7092334197849	0.610404703514192	1298.6367743283984	4.357301351617132
13900.0	0.09827385383219492	154.7092334197849	0.610404703514192	1298.6367743283984	4.357301351617132
13910.0	0.13006145684405399	154.7092334197849	0.610404703514192	1298.6367743283984	4.357301351617132
13920.0	0.14683013148221882	154.7092334197849	0.610404703514192	1298.6367743283984	4.357301351617132
13930.0	0.16604911778407436	154.7092334197849	0.610404703514192	1298.6367743283984	4.357301351617132
13940.0	0.13328141724070067	154.7092334197849	0.610404703514192	1298.6367743283984	4.357301351617132
13950.0	0.1656675226740749	154.7092334197849	0.610404703514192	1298.6367743283984	4.357301351617132
13960.0	0.18179809306284192	154.7092334197849	0.610404703514192	1298.6367743283984	4.357301351617132
13970.0	0.20036400778095245	154.7092334197849	0.610404703514192	1298.6367743283984	4.357301351617132
13980.0	0.1511857071150828	154.7092334197849	0.610404703514192	1298.6367743283984	4.357301351617132
13990.0	0.1245390562841044	154.7092334197849	0.610404703514192	1298.6367743283984	4.357301351617132
14000.0	0.10663739383839034	154.7092334197849	0.610404703514192	1298.6367743283984	4.357301351617132
14010.0	0.15706599358471984	154.7092334197849	0.610404703514192	1298.6367743283984	4.357301351617132
14020.0	0.15064743663626573	154.7092334197849	0.610404703514192	1298.6367743283984	4.357301351617132
14030.0	0.15032486090376707	154.7092334197849	0.610404703514192	1298.6367743283984	4.357301351617132
14040.0	0.12106105784347866	154.7092334197849	0.610404703514192	1298.6367743283984	4.357301351617132
14050.0	0.1573909578636586	154.7092334197849	0.610404703514192	1298.6367743283984	4.357301351617132
14060.0	0.11153905412977955	154.7092334197849	0.610404703514192	1298.6367743283984	4.357301351617132
14070.0	0.1512125282514927	154.7092334197849	0.610404703514192	1298.6367743283984	4.357301351617132
14080.0	0.11980131744355733	154.7092334197849	0.610404703514192	1298.6367743283984	4.357301351617132
14090.0	0.14746029804999453	154.7092334197849	0.610404703514192	1298.6367743283984	4.357301351617132
14100.0	0.15020936306169835	154.7092334197849	0.610404703514192	1298.6367743283984	4.357301351617132
14110.0	0.15027138847004146	154.7092334197849	0.610404703514192	1298.6367743283984	4.357301351617132
14120.0	0.12402429071145728	154.7092334197849	0.610404703514192	1298.6367743283984	4.357301351617132
14130.0	0.18360214178892106	154.7092334197849	0.610404703514192	1298.6367743283984	4.357301351617132
14140.0	0.2111234022207522	154.7092334197849	0.610404703514192	1298.6367743283984	4.357301351617132
14150.0	0.28614222901162545	154.7092334197849	0.610404703514192	1298.6367743283984	4.357301351617132
14160.0	0.3091815077617476	154.7092334197849	0.610404703514192	1298.6367743283984	4.357301351617132
14170.0	0.32141733276301704	154.7092334197849	0.610404703514192	1298.6367743283984	4.357301351617132
14180.0	0.27817448559012803	154.7092334197849	0.610404703514192	1298.6367743283984	4.357301351617132
14190.0	0.2766539272011332	154.7092334197849	0.610404703514192	1298.6367743283984	4.357301351617132
14200.0	0.2262167933878816	154.7092334197849	0.610404703514192	1298.6367743283984	4.357301351617132
14210.0	0.23583737148869768	154.7092334197849	0.610404703514192	1298.6367743283984	4.357301351617132
14220.0	0.21793188152185217	154.7092334197849	0.610404703514192	1298.6367743283984	4.357301351617132
14230.0	0.11212641936201963	154.7092334197849	0.610404703514192	1298.6367743283984	4.357301351617132
14240.0	0.04793496250225055	154.7092334197849	0.610404703514192	1298.6367743283984	4.357301351617132
14250.0	0.022267791769227125	154.7092334197849	0.610404703514192	1298.6367743283984	4.357301351617132
14260.0	0.025502899638663715	154.7092334197849	0.610404703514192	1298.6367743283984	4.357301351617132
14270.0	0.043093028521855835	154.7092334197849	0.610404703514192	1298.6367743283984	4.357301351617132
14280.0	0.023820957309867642	154.7092334197849	0.610404703514192	1298.6367743283984	4.357301351617132
14290.0	0.026000993983731374	154.7092334197849	0.610404703514192	1298.6367743283984	4.357301351617132
14300.0	0.007617460738264331	154.7092334197849	0.610404703514192	1298.6367743283984	4.357301351617132
14310.0	0.030270480188079825	154.7092334197849	0.610404703514192	1298.6367743283984	4.357301351617132
14320.0	0.012829905219903997	154.7092334197849	0.610404703514192	1298.6367743283984	4.357301351617132
14330.0	0.01640683689406425	154.7092334197849	0.610404703514192	1298.6367743283984	4.357301351617132
14340.0	0.008025435809509597	154.7092334197849	0.610404703514192	1298.6367743283984	4.357301351617132
14350.0	0.01777605608608118	154.7092334197849	0.610404703514192	1298.6367743283984	4.357301351617132
14360.0	0.01632712884128694	154.7092334197849	0.610404703514192	1298.6367743283984	4.357301351617132
14370.0	0.009539402334316658	154.7092334197849	0.610404703514192	1298.6367743283984	4.357301351617132
14380.0	0.00015050311137503107	154.7092334197849	0.610404703514192	1298.6367743283984	4.357301351617132
14390.0	0.004016971595034902	154.7092334197849	0.610404703514192	1298.6367743283984	4.357301351617132
14400.0	0.0	154.7092334197849	0.610404703514192	1298.6367743283984	4.357301351617132
14410.0	0.0	154.7092334197849	0.610404703514192	1298.6367743283984	4.357301351617132
14420.0	0.0	154.7092334197849	0.610404703514192	1298.6367743283984	4.357301351617132
14430.0	0.0	154.7092334197849	0.610404703514192	1298.6367743283984	4.357301351617132
14440.0	0.0	154.7092334197849	0.610404703514192	1298.6367743283984	4.357301351617132
14450.0	0.0	154.7092334197849	0.610404703514192	1298.6367743283984	4.357301351617132
14460.0	0.0	154.7092334197849	0.610404703514192	1298.6367743283984	4.357301351617132
14470.0	0.0	154.7092334197849	0.610404703514192	1298.6367743283984	4.357301351617132
14480.0	0.0	154.7092334197849	0.610404703514192	1298.6367743283984	4.357301351617132
14490.0	0.0	154.7092334197849	0.610404703514192	1298.6367743283984	4.357301351617132
14500.0	0.0	154.7092334197849	0.610404703514192	1298.6367743283984	4.357301351617132
14510.0	0.0	154.7092334197849	0.610404703514192	1298.6367743283984	4.357301351617132
14520.0	0.0	154.7092334197849	0.610404703514192	1298.6367743283984	4.357301351617132
14530.0	0.0	154.7092334197849	0.610404703514192	1298.6367743283984	4.357301351617132
14540.0	0.0	154.7092334197849	0.610404703514192	1298.6367743283984	4.357301351617132
14550.0	0.0	154.7092334197849	0.610404703514192	1298.6367743283984	4.357301351617132
14560.0	0.0	154.7092334197849	0.610404703514192	1298.6367743283984	4.357301351617132
14570.0	0.0	154.7092334197849	0.610404703514192	1298.6367743283984	4.357301351617132
14580.0	0.0	154.7092334197849	0.610404703514192	1298.6367743283984	4.357301351617132
14590.0	0.0	154.7092334197849	0.610404703514192	1298.6367743283984	4.357301351617132
14600.0	0.0	154.7092334197849	0.610404703514192	1298.6367743283984	4.357301351617132
14610.0	0.0	154.7092334197849	0.610404703514192	1298.6367743283984	4.357301351617132
14620.0	0.0	154.7092334197849	0.610404703514192	1298.6367743283984	4.357301351617132
14630.0	0.0	154.7092334197849	0.610404703514192	1298.6367743283984	4.357301351617132
14640.0	0.0	154.7092334197849	0.610404703514192	1298.6367743283984	4.357301351617132
14650.0	0.0	154.7092334197849	0.610404703514192	1298.6367743283984	4.357301351617132
14660.0	0.0	154.7092334197849	0.610404703514192	1298.6367743283984	4.357301351617132
14670.0	0.0	154.7092334197849	0.610404703514192	1298.6367743283984	4.357301351617132
14680.0	0.0	154.7092334197849	0.610404703514192	1298.6367743283984	4.357301351617132
14690.0	0.0	154.7092334197849	0.610404703514192	1298.6367743283984	4.357301351617132
14700.0	0.0	154.7092334197849	0.610404703514192	1298.6367743283984	4.357301351617132
14710.0	0.0	154.7092334197849	0.610404703514192	1298.6367743283984	4.357301351617132
14720.0	0.0	154.7092334197849	0.610404703514192	1298.6367743283984	4.357301351617132
14730.0	0.0	154.7092334197849	0.610404703514192	1298.6367743283984	4.357301351617132
14740.0	0.0	154.7092334197849	0.610404703514192	1298.6367743283984	4.357301351617132
14750.0	0.0	154.7092334197849	0.610404703514192	1298.6367743283984	4.357301351617132
14760.0	0.0	154.7092334197849	0.610404703514192	1298.6367743283984	4.357301351617132
14770.0	0.0	154.7092334197849	0.610404703514192	1298.6367743283984	4.357301351617132
14780.0	0.0	154.7092334197849	0.610404703514192	1298.6367743283984	4.357301351617132
14790.0	0.0	154.7092334197849	0.610404703514192	1298.6367743283984	4.357301351617132
14800.0	0.0	154.7092334197849	0.610404703514192	1298.6367743283984	4.357301351617132
14810.0	0.0	154.7092334197849	0.610404703514192	1298.6367743283984	4.357301351617132
14820.0	0.0	154.7092334197849	0.610404703514192	1298.6367743283984	4.357301351617132
14830.0	0.0	154.7092334197849	0.610404703514192	1298.6367743283984	4.357301351617132
14840.0	0.0	154.7092334197849	0.610404703514192	1298.6367743283984	4.357301351617132
14850.0	0.0	154.7092334197849	0.610404703514192	1298.6367743283984	4.357301351617132
14860.0	0.0	154.7092334197849	0.610404703514192	1298.6367743283984	4.357301351617132
14870.0	0.0	154.7092334197849	0.610404703514192	1298.6367743283984	4.357301351617132
14880.0	0.0	154.7092334197849	0.610404703514192	1298.6367743283984	4.357301351617132
14890.0	0.0	154.7092334197849	0.610404703514192	1298.6367743283984	4.357301351617132
14900.0	0.0	154.7092334197849	0.610404703514192	1298.6367743283984	4.357301351617132
14910.0	0.0	154.7092334197849	0.610404703514192	1298.6367743283984	4.357301351617132
14920.0	0.0	154.7092334197849	0.610404703514192	1298.6367743283984	4.357301351617132
14930.0	0.0	154.7092334197849	0.610404703514192	1298.6367743283984	4.357301351617132
14940.0	0.0	154.7092334197849	0.610404703514192	1298.6367743283984	4.357301351617132
14950.0	0.0	154.7092334197849	0.610404703514192	1298.6367743283984	4.357301351617132
14960.0	0.0	154.7092334197849	0.610404703514192	1298.6367743283984	4.357301351617132
14970.0	0.0	154.7092334197849	0.610404703514192	1298.6367743283984	4.357301351617132
14980.0	0.0	154.7092334197849	0.610404703514192	1298.6367743283984	4.357301351617132
14990.0	0.0	154.7092334197849	0.610404703514192	1298.6367743283984	4.357301351617132
