26
93
206
298
325
396
463
467
489
553
595
627
756
944
956
976
984
1057
1083
1158
1265
1291
1322
1343
1346
1425
1626
1670
1686
1805
1905
1962
2035
2068
2103
2217
2260
2322
2428
2606
2629
2651
2704
2754
2955
3048
3058
3126
3366
3437
3514
3651
3871
3939
3994
4116
4192
4278
4328
4343
4378
4394
4606
4656
4745
4824
4939
5132
5304
5330
5435
5448
5472
5512
5550
5590
5615
6073
6112
6138
6234
6370
6443
6536
6686
6756
6782
6852
6907
7064
7094
7271
7331
7360
7369
7566
7615
7706
7796
7885
7978
7992
8035
8040
8050
8073
8382
8442
8523
8539
8547
8567
8605
8636
8679
8701
8830
9076
9336
9348
9449
9463
9503
9677
9726
9811
9831
9968
10132
10156
10209
10236
10322
10375
10406
10480
10580
10595
10685
10743
10782
10809
10871
10950
11113
11126
11256
11722
11728
11789
11798
11815
11902
12128
12325
12329
12493
12567
12593
12631
12721
12809
12932
12940
13183
13269
13304
13346
13348
13448
13514
13606
13665
13804
14012
14055
14103
14274
14308
14320
14340
14414
14486
14572
14609
14760
14808
14840
14994
15054
15091
15100
15125
15153
15179
15188
15314
15400
15602
15645
15776
15843
16205
16222
16576
16589
16723
16893
16952
17122
17127
17163
17242
17352
17369
17486
17602
17657
17785
17898
17973
18004
18045
18115
18155
18159
18210
18255
18290
18367
18401
18502
18526
18563
18578
18594
18639
18707
18737
18932
18973
19087
19136
19145
19589
19760
19810
19956
20084
20261
20329
20341
20420
20490
20875
20962
20983
21029
21075
21096
21194
21206
21277
21393
21434
21451
21498
21562
21680
21818
21914
22015
22188
22215
22275
22539
22554
22594
22690
22830
22865
22891
22973
23006
23011
23112
23179
23231
23262
23288
23329
23405
23423
23439
23581
23591
23807
23835
23899
23903
23933
23961
24061
24085
24136
24140
24223
24270
24294
24344
24444
24555
24608
24695
25018
25271
25395
25640
25790
25861
25903
25959
25986
26001
26010
26033
26324
26367
26505
26566
26591
26617
26660
26733
26755
26822
26843
26847
26916
26940
26974
27021
27042
27108
27145
27182
27244
27264
27306
27348
27520
27553
27560
27638
27706
27944
28088
28115
28176
28317
29082
29145
29232
29283
29382
29433
29513
29573
29647
29765
29800
29816
29869
29914
29951
29992
30033
30051
30069
30129
30212
30324
30345
30390
30452
30537
30553
30578
30588
30608
30662
30712
30799
30805
30849
30875
31143
31336
31365
31372
31472
31522
31645
31659
31776
31791
32020
32125
32165
32201
32227
32388
32401
32412
32711
32883
32925
33136
33214
33307
33358
33706
33833
33838
33926
33994
34023
34056
34162
34225
34375
34648
34654
34844
34861
34894
35015
35259
35371
35431
35668
35746
35801
35809
35856
35919
35944
35976
35994
36031
36065
36185
36353
36499
36528
36563
36620
36688
36695
36843
36858
37025
37038
37155
37181
37353
37372
37497
37585
37630
37711
37790
37844
37927
37949
37962
37986
38085
38271
38340
38399
38549
38562
38604
38679
38690
38702
38875
38893
38918
38939
38982
39005
39137
39194
39195
39259
39395
39430
39556
39618
39643
39710
39724
39743
39884
40039
40070
40108
40125
40154
40182
40225
40354
40374
40442
40493
40568
40623
40704
40787
40806
40979
41023
41160
41218
41321
41507
41539
41591
41600
41803
41956
41988
42103
42202
42269
42351
42394
42443
42487
42496
42563
42655
42698
42705
42749
42796
42840
42850
42913
42937
42980
43020
43314
43458
43534
43583
43605
43660
43751
43789
43805
43834
43876
43928
43961
44011
44441
44488
44503
44678
44709
44766
44836
44896
44918
45002
45091
45173
45761
45863
45948
45954
46058
46082
46114
46254
46306
46687
46794
46956
46974
47024
47238
47281
47304
47398
47431
47448
47614
48231
48345
48384
48622
48640
48935
49076
49343
49643
49680
49844
49862
49909
49942
49971
49986
50050
50069
50138
50327
50364
50416
50442
50463
50561
50570
50627
50712
50941
51096
51112
51198
51209
51226
51312
51420
51597
51616
51679
51688
51827
51929
52057
52238
52271
52289
52325
52413
52443
52578
52715
52879
52899
52920
52946
52976
53021
53086
53110
53159
53312
53389
53490
53801
53842
53971
54033
54054
54093
54224
54230
54247
54308
54446
54501
54676
55038
55068
55205
55251
55441
55461
55582
55638
56091
56184
56406
56430
56458
56474
56537
56572
56591
56604
56644
56755
56846
56937
56991
57129
57139
57216
57324
57378
57515
57808
57877
57927
57975
58048
58057
58074
58085
58105
58113
58338
58448
58889
58963
59109
59268
59406
59524
59772
59800
59848
59856
59949
60009
60169
60286
60331
60517
60614
60662
60703
60848
60855
60884
60909
60921
60940
60954
61014
61038
61086
61181
61267
61370
61517
61528
61640
61678
61736
61958
62005
62030
62320
62372
62393
63247
63265
63284
63485
63498
63516
63554
63564
63568
63595
63681
63734
63836
63883
64066
64155
64408
64495
64580
64644
64698
64801
64855
64931
65035
65066
65195
65363
65464
65556
65585
65622
65659
65661
65701
65782
65849
65941
65973
66035
66124
66265
66663
66679
66910
66924
67095
67151
67194
67205
67440
67451
67894
67966
67986
68038
68435
68543
68557
68594
68620
68784
69137
69429
69453
69533
69656
69664
69705
69747
69814
69908
69988
69995
70127
70143
70169
70256
70266
70378
70647
70770
70788
70900
71061
71127
71142
71160
71188
71235
71290
71300
71367
71401
71452
71508
71535
71603
71640
71648
71892
71964
71980
72039
72062
72121
72258
72262
72342
72351
72389
72555
72612
72655
72678
72828
72898
72942
72979
73258
73266
73335
73344
73484
73501
73568
73582
73656
73704
73740
73806
73832
73879
74012
74121
74214
74221
74238
74293
74330
74516
74523
74576
74619
75094
75215
75340
75507
75555
75642
75659
75750
75823
75828
75839
75923
76092
76139
76316
76387
76456
76494
76818
77460
77552
77618
77850
77892
77937
77990
78025
78214
78310
78419
78453
78511
78523
78577
78647
78678
78702
78814
78843
79033
79125
79206
79397
79454
79506
79658
79670
79746
79914
79948
80415
80446
80552
80601
80604
80677
80701
80704
80737
80766
80774
80838
80859
80879
81066
81102
81207
81213
81263
81299
81346
81556
81726
81786
81831
82050
82196
82246
82350
82391
82987
83009
83075
83197
83301
83422
83454
83594
83635
83674
83816
83928
84066
84179
84250
84355
84398
84421
84455
84487
84524
84586
84711
84725
84787
84912
84927
84948
84988
85602
85664
85911
85983
86071
86078
86104
86260
86879
87020
87086
87313
87373
87393
87530
87546
87571
87589
87648
87660
87790
87905
88010
88016
88145
88187
88197
88248
88287
88320
88366
88411
88420
88510
88586
88817
88902
89014
89044
89235
89252
89281
89341
89400
89474
89789
89807
89860
89924
89978
90054
90068
90091
90117
90136
90206
90230
90258
90293
90304
90355
90475
90551
90594
90703
90710
90741
90791
90915
90977
91052
91148
91158
91309
91523
91705
91728
91823
91896
91986
92092
92127
92142
92156
92189
92299
92366
92519
92619
92621
92701
92718
92761
92796
92862
92955
93132
93201
93210
93212
93264
93277
93340
93383
93698
93709
93803
93877
93929
93962
94103
94161
94167
94183
94220
94309
94407
94473
94491
94543
94586
94590
94637
94784
94902
95099
95105
95210
95239
95332
95378
95437
95506
95574
95601
95763
95772
95812
96027
96115
96138
96186
96510
96775
96830
96926
96938
97109
97165
97200
97320
97339
97381
97406
97413
97517
97569
97641
97853
97915
97968
98183
98248
98283
98325
98444
98451
98465
98593
98802
98850
98914
98982
99096
99139
99150
99163
99368
99591
99639
99657
99691
99771
100052
100136
100140
100268
100357
100500
100562
100675
100796
100886
100915
100954
101086
101137
101142
101326
101417
101481
101561
101605
101654
101712
101868
101896
101960
102001
102016
102027
102116
102340
102359
102583
102677
102829
102905
103020
103025
103111
103315
103350
103394
103400
103428
103484
103671
103743
103854
103887
103961
103965
104138
104324
104340
104389
104481
104527
104552
104613
104801
105205
105381
105391
105404
105621
105622
105683
105774
105933
105948
106120
106124
106194
106208
106353
106436
106473
106544
106896
106899
106996
107017
107151
107239
107270
107376
107431
107463
107477
107523
107797
107853
107908
108095
108161
108218
108246
108387
108488
108523
108718
108727
108760
108807
108865
109033
109101
109473
109539
109570
109610
109867
109891
109902
109946
110102
110321
110453
110459
110787
110881
110886
110920
111044
111161
111171
111210
111293
111399
111516
111529
111567
111635
111678
111778
111987
112548
112703
112847
112871
112941
113072
113145
113324
113369
113436
113491
113525
113593
113617
113700
113724
113739
113761
113920
113996
114030
114074
114125
114219
114236
114691
114984
115114
115166
115195
115210
115219
115251
115303
115406
115743
115752
115875
115944
115953
115960
116031
116162
116182
116258
116270
116538
116585
117048
117253
117298
117342
117411
117551
117559
117714
117889
117902
117912
117923
117950
118023
118049
118054
118092
118103
118110
118207
118230
118234
118368
118373
118470
118492
118523
118547
118556
118570
118695
118735
118753
118795
118975
119001
119009
119048
119172
119209
119220
119306
119493
119603
119636
119810
119920
119960
120068
120093
120143
120213
120259
120467
120469
120725
120754
120760
120825
120896
120923
120956
121103
121130
121193
121228
121503
121534
121588
121648
121678
121760
121786
121874
121890
121943
121948
122029
122102
122147
122169
122218
122286
122470
122486
122538
122602
122696
122722
122760
122922
122946
123134
123231
123378
123550
123581
123590
123750
123761
124318
124377
124691
124743
124819
124826
124849
124927
124939
124977
125060
125109
125119
125215
125363
125406
125581
125636
125690
125694
125824
125900
125950
125954
126035
126046
126184
126226
126273
126418
126628
126639
126666
126680
126810
126863
126913
126968
127009
127046
127103
127155
127285
127300
127418
127499
127599
127636
127703
127721
127726
127885
127902
128030
128050
128073
128344
128426
128456
128470
128536
128590
128597
128629
128765
128888
128893
128988
129050
129098
129116
129240
129253
129470
129587
129742
129885
129961
129969
129983
130114
130168
130218
130229
130279
130282
130356
130403
130567
130573
130630
130946
131014
131036
131196
131263
131361
131478
131545
131689
131694
131723
131841
132123
132175
132247
132260
132286
132313
132336
132376
132380
132410
132603
132624
132674
132883
132892
133078
133319
133367
133438
133748
133759
133815
133885
133978
134135
134251
134337
134370
134394
134415
134433
134441
134558
134579
134668
134787
134817
134836
134931
135066
135076
135084
135120
135256
135280
135368
135419
135470
135494
135589
135724
135803
135852
135901
135951
136154
136188
136242
136260
136282
136479
136534
136704
136754
136774
136792
136819
136900
137064
137289
137311
137510
137537
137613
137985
138000
138012
138072
138081
138091
138225
138248
138424
138445
138822
138983
139036
139175
139445
139473
139589
139971
140044
140059
140164
140186
140283
140461
140497
140507
140644
140696
140721
140743
140790
140819
140949
140985
140997
141012
141103
141143
141159
141289
141337
141496
141520
141675
141714
141941
142014
142201
142219
142437
142470
142637
142666
142704
142726
142813
142829
143003
143080
143116
143141
143197
143211
143376
143400
143660
143723
143790
143943
143958
143983
144067
144117
144150
144205
144241
144319
144333
144382
144385
144402
144416
144426
144472
144520
144575
144758
144800
144862
144904
144968
145009
145016
145204
145212
145322
145458
145585
145650
145743
146094
146117
146176
146243
146306
146372
146501
146556
146565
146725
146824
146863
146971
147086
147192
147213
147349
147401
147529
147549
147675
147726
147879
147906
147993
148332
148341
148433
148456
148495
148622
148651
148783
148799
148815
148890
148969
149018
149143
149151
149175
149209
149234
149249
149282
149352
149358
149429
149531
149603
149667
149674
149710
149838
149921
150079
150165
150191
150313
150516
150592
150633
150659
150775
150791
150841
150975
151055
151149
151170
151205
151288
151357
151432
151441
151491
151508
151612
151632
151701
151755
151761
151768
151814
151852
152062
152160
152227
152256
152300
152357
152377
152425
152493
152561
152728
152797
152839
153052
153090
153108
153195
153302
153364
153442
153509
153520
153642
153725
153806
153822
153857
153967
154001
154184
154196
154204
154230
154262
154322
154637
154841
154912
155011
155043
155184
155306
155344
155385
155411
155446
155491
155532
155633
155731
155807
155845
155864
155882
155893
156002
156049
156066
156114
156399
156794
156926
156951
156958
157158
157329
157341
157558
157636
157749
157790
158027
158047
158107
158121
158244
158361
158398
158481
158505
158535
158555
158642
158876
158891
159060
159119
159255
159294
159301
159423
159525
159534
159557
159677
159737
159750
159823
159978
160000
160067
160098
160396
160480
160512
160584
160599
160640
160756
160786
160845
160869
160872
160937
160989
161104
161131
161351
161360
161420
161430
161525
161582
161625
161836
161867
162014
162042
162067
162343
162398
162528
162635
162674
162719
162763
163014
163053
163251
163549
163630
163642
163653
163660
164095
164115
164124
164137
164161
164268
164311
164360
164397
164654
164737
164778
164839
164985
165008
165166
165343
165403
165434
165464
165504
165767
165771
165867
165991
166099
166236
166298
166356
166458
166508
166632
166681
166750
166792
166838
166871
167036
167249
167281
167356
167383
167395
167414
167592
167637
167663
167777
167798
167904
167919
168032
168135
168155
168211
168244
168428
168441
168448
168483
168507
168526
168726
168758
168820
168884
168960
169089
169164
169285
169353
169549
169614
169628
169662
169668
169681
169833
169863
170124
170245
170386
170409
170538
170575
170617
170665
170703
170737
170811
170849
171038
171056
171075
171142
171247
171290
171347
171495
171641
171769
171925
172037
172598
172670
172695
172801
172809
172821
172908
172975
173007
173119
173304
173402
173442
173487
173496
173525
173546
173561
173595
173625
173748
173859
173895
173951
174071
174155
174193
174242
174394
174633
174691
174744
174825
175022
175085
175226
175371
175512
175529
175609
175632
175790
175822
175860
175951
176018
176153
176326
176417
176494
176548
176615
176630
176747
177135
177228
177337
177426
177497
177520
177765
177776
177813
177835
177877
178082
178156
178286
178402
178477
178525
178905
179053
179109
179295
179384
179460
179482
179543
179588
179648
179651
179829
179861
179903
179926
180128
180135
180287
180378
180401
180422
180472
180478
180482
180552
180586
180679
180731
180739
180747
180807
180849
180864
180910
180970
180973
180995
181153
181228
181502
181514
181761
181792
181818
182047
182065
182113
182121
182203
182304
182330
182408
182596
182671
182710
182779
182931
183096
183192
183209
183488
183563
183642
183672
183698
183805
183901
183969
183988
184108
184313
184429
184474
184544
184635
184719
184771
184782
184789
185013
185069
185195
185220
185369
185380
185382
185440
185489
185568
185640
185671
185764
185783
185841
185886
185938
185953
185958
186303
186327
186365
186371
186635
186638
186676
186728
186740
186749
186852
186926
186938
186962
187035
187263
187331
187339
187393
187448
187526
187627
187679
187851
187889
187921
188039
188086
188235
188243
188281
188372
188392
188452
188510
188574
188594
188655
188699
188731
189009
189014
189084
189201
189236
189249
189314
189325
189351
189380
189415
189430
189604
189612
189693
189798
189915
189933
189985
190197
190212
190281
190306
190331
190386
190410
190437
190562
190616
190666
190685
190813
191307
191429
191510
191576
191591
191675
191710
191731
191827
191845
191872
191894
192016
192034
192166
192210
192276
192517
192564
192627
192717
192776
192822
192851
192923
192950
193090
193118
193161
193176
193260
193292
193325
193358
193399
193444
193494
193552
193561
193612
193682
193721
193881
193896
193941
193979
193988
194331
194349
194402
194426
194502
194558
194610
194617
194657
194773
194976
195283
195293
195403
195533
195623
195745
195864
195894
195983
196025
196171
196182
196210
196230
196380
196499
196507
196624
196658
196681
196895
197023
197098
197228
197327
197341
197355
197388
197456
197469
197632
197697
197758
197775
197934
197943
198112
198153
198365
198411
198502
198563
198644
198676
198702
198755
199193
199436
199476
199526
199550
199588
199647
199691
199855
199923
199984
200086
200121
200183
200242
200272
200278
200373
200433
200656
200751
200809
200830
200902
201064
201255
201330
201363
201642
201654
201730
201877
201957
201978
202139
202168
202401
202440
202661
202698
203050
203613
203750
203985
203997
204143
204159
204181
204330
204453
204723
205141
205254
205275
205514
205520
205718
205739
205826
205892
205963
206021
206029
206133
206146
206191
206206
206226
206555
206626
206652
206761
206805
206876
206944
207033
207099
207223
207312
207329
207360
207421
207444
207486
207533
207615
207629
207840
208015
208033
208043
208122
208278
208350
208378
208440
208476
208494
208529
208558
208642
208666
208836
208856
209028
209145
209292
209445
209460
209769
209907
209925
210004
210073
210086
210092
210108
210162
210188
210202
210262
210279
210394
210492
210594
210625
210683
210687
210740
210777
210890
210985
211123
211144
211202
211312
211322
211427
211477
211573
211700
211764
211988
212084
212293
212481
212647
212844
212863
213077
213106
213158
213183
213286
213321
213495
213579
213585
213669
213678
213796
213829
213860
214298
214380
214541
214622
215028
215238
215338
215390
215653
215688
215772
215834
215932
216099
216204
216218
216359
216365
216412
216441
216468
216494
216511
216524
216576
216656
216709
216722
216733
216830
217297
217316
217340
217440
217540
217584
217607
217640
217680
217827
217855
218117
218329
218394
218451
218503
218533
218595
218901
218963
218975
219034
219100
219104
219152
219203
219277
219312
219318
219385
219417
219447
219487
219509
219700
219728
219746
219751
219839
219883
219941
219961
219968
219980
220042
220078
220085
220190
220228
220397
220411
220500
220540
220575
220667
220689
220767
220787
220790
220872
220890
220919
220949
220972
220981
221053
221136
221270
221443
221514
221668
221715
221726
221766
221858
221903
222049
222230
222234
222352
222714
222810
222871
222972
222996
223004
223083
223225
223235
223254
223282
223357
223417
223670
223785
223839
224054
224071
224114
224212
224314
224323
224360
224460
224561
224622
224628
224697
224756
225009
225124
225321
225360
225484
225520
225624
225928
225971
226091
226122
226239
226283
226301
226405
226450
226468
226487
226701
226797
226850
226985
226992
227151
227211
227416
227454
227583
227689
227763
227798
227868
227903
227910
227951
227966
228274
228277
228322
229012
229056
229187
229296
229312
229325
229374
229498
229509
229552
229570
229607
229614
229656
229772
229842
229872
229888
229894
230010
230104
230333
230357
230497
231033
231142
231153
231160
231214
231223
231242
231368
231374
231397
231445
231452
231512
231794
231798
231809
231834
232104
232136
232164
232309
232432
232541
232606
232841
232848
232896
232937
233044
233057
233096
233122
233202
233236
233329
233333
233398
233409
233590
233671
233868
233966
234001
234111
234172
234185
234190
234345
234505
234608
234675
234722
234929
234985
235016
235379
235394
235504
235795
235893
235933
235957
236092
236137
236168
236223
236438
236490
236541
236600
236730
236793
236865
236883
236928
236935
236987
237024
237093
237274
237473
237743
237787
237810
237865
237901
238040
238294
238348
238374
238436
238444
238496
238543
238586
238667
238694
238727
238866
239019
239026
239048
239086
239153
239166
239205
239218
239283
239459
239584
239602
239633
239788
239797
239915
239934
240073
240157
240260
240299
240399
240611
240624
240692
240746
240834
240985
241041
241065
241172
241293
241339
241396
241475
241490
241548
241565
241584
241601
241654
241667
241808
241876
241886
241947
242145
242258
242275
242427
242511
242635
242682
242691
242729
242748
242792
242878
243010
243073
243262
243345
243531
243554
243592
243693
243838
243906
243945
243961
243991
244052
244222
244253
244281
244305
244543
244638
244731
244967
245119
245201
245344
245451
245632
245706
245777
245839
245956
245982
246008
246033
246068
246118
246202
246247
246583
247097
247125
247136
247170
247362
247388
247451
247575
247584
247699
247738
247754
247812
247837
247879
247985
248094
248246
248253
248398
248419
248440
248535
248647
248690
248846
248952
249055
249079
249154
249179
249196
249239
249267
249348
249352
249557
249586
249619
249636
249745
249953
249965
250144
250356
250382
250637
250785
250810
250891
250981
251148
251217
251322
251339
251358
251513
251528
251633
251719
251742
251800
251825
251843
251888
251928
251992
252026
252164
252226
252391
252720
252733
253330
253532
253549
253570
253657
253675
253782
253811
253946
253952
254212
254216
254282
254382
254459
254576
254611
254670
254748
254944
255084
255239
255485
255506
255790
255831
255905
255938
256037
256048
256137
256191
256283
256632
256721
256748
256844
257005
257084
257243
257285
257343
257354
257579
257639
258014
258233
258331
258373
258469
258546
258562
258710
258788
258891
258959
259052
259073
259133
259164
259348
259380
259641
259812
259984
260129
260171
260319
260522
260550
260777
260790
260875
260903
260950
260967
261077
261161
261249
261331
261399
261432
261495
261545
261588
261650
261690
261749
261838
261879
261997
262088
262104
262140
262152
262243
262307
262315
262354
262424
262603
262631
262648
262689
262754
262778
262799
262804
262890
263164
263215
263683
263979
264018
264098
264101
264325
264416
264505
264533
264569
264576
264590
264896
264941
264982
265112
265169
265179
265204
265386
265415
265642
265828
266015
266084
266093
266156
266215
266404
266476
266490
266515
266530
266670
266695
266746
266792
266803
266950
266955
266986
267009
267037
267166
267171
267207
267402
267505
267700
267705
267732
267739
267747
267783
267808
267854
267917
268112
268195
268218
268365
268495
268518
268527
268757
268805
268909
269069
269143
269225
269378
269399
269444
269479
269631
269654
269786
269876
270149
270161
270223
270228
270518
270522
270629
270710
270716
270849
271003
271054
271075
271082
271125
271168
271175
271184
271205
271400
271515
271671
271742
271873
272000
272010
272092
272150
272320
272397
272406
272532
272592
272617
272725
272808
272859
272874
273010
273037
273088
273119
273167
273268
273294
273414
273493
273564
273677
273687
273855
274024
274104
274244
274302
274326
274434
274644
274821
275168
275219
275293
275308
275389
275403
275608
275700
275958
276162
276390
276466
276485
276627
276781
276863
277058
277101
277129
277352
277377
277397
277756
277765
277876
277922
278074
278080
278270
278342
278425
278455
278545
278585
278715
278743
278808
278943
278979
279163
279166
279438
279545
279709
279819
279969
280063
280170
280189
280230
280298
280329
280488
280516
280637
280652
280769
280777
280912
280962
281094
281146
281210
281423
281497
281525
281647
281759
281807
281826
281930
281972
282041
282125
282175
282323
282555
282575
282583
282612
282635
282946
283006
283065
283094
283163
283461
283737
283787
283809
283852
283881
284012
284099
284122
284136
284258
284278
284348
284370
284522
284538
284576
284731
285201
285336
285383
285484
285623
285734
285806
285873
285917
285940
286030
286304
286328
286357
286382
286456
286528
286615
286649
286911
286942
287017
287020
287081
287242
287435
287517
287633
287676
287690
287779
287876
287983
288032
288080
288140
288187
288306
288573
288616
288663
288780
288815
288824
288897
289056
289169
289457
289500
289513
289529
289601
289710
289794
289819
289875
289902
290311
290353
290423
290525
290727
290748
290859
291030
291174
291463
291512
291570
291669
291740
291762
291777
292053
292145
292183
292535
292685
292709
293002
293046
293073
293126
293238
293382
293550
293579
293634
293819
293835
293902
294025
294097
294131
294195
294295
294343
294346
294483
294497
294501
294597
294676
294893
294941
294955
294991
295142
295207
295354
295385
295406
295415
295475
295477
295568
295673
295853
295907
295978
296014
296103
296109
296273
296300
296469
296580
296948
296971
297104
297158
297320
297398
297479
297507
297549
297617
297879
297899
297924
298001
298250
298280
298327
298345
298385
298575
298829
298841
298910
299025
299190
299371
299492
299521
299609
299664
299741
299744
299788
299831
299870
299928
299967
300069
300152
300285
300313
300329
300400
300422
300749
300768
300835
300890
300977
300990
301072
301097
301634
301709
301754
301766
301783
301877
301919
301938
301942
301975
302037
302050
302131
302169
302191
302283
302375
302490
302505
302559
302591
302681
302744
302774
302853
302923
303073
303128
303206
303281
303380
303523
303720
303905
303995
304037
304107
304118
304471
304499
304514
304703
304795
304841
304892
304936
304985
304988
305007
305044
305071
305081
305177
305196
305402
305421
305455
305533
305567
305595
305657
306196
306345
306448
306464
306538
306603
306621
306641
306674
306701
306854
306911
306929
306937
306982
307061
307125
307132
307155
307283
307392
307427
307543
307569
307733
307743
307763
307767
307813
308003
308147
308326
308490
308592
308737
308771
309095
309129
309162
309194
309206
309228
309529
309540
309657
309717
309855
309877
309923
310030
310089
310144
310192
310236
310306
310403
310453
310465
310483
310508
310748
310762
310989
311101
311185
311227
311391
311464
311497
311566
311574
311593
311609
311622
311698
311789
311867
311945
311983
311989
312023
312095
312101
312385
312633
312646
312780
312879
312893
312915
313464
313971
313983
314037
314091
314210
314471
314532
314593
314687
314742
315113
315256
315350
315428
315453
315466
315540
315630
315673
315705
315790
315823
315861
316009
316052
316099
316277
316544
316655
316728
316745
316758
316799
317181
317228
317290
317364
317390
317541
317553
317717
317805
317874
318135
318352
318420
318530
318558
318708
318861
318901
318910
318986
319046
319085
319166
319261
319301
319311
319340
319641
319686
319734
319790
319832
319945
320021
320130
320164
320221
320297
320492
320535
320605
320785
320871
320922
320943
321027
321112
321142
321203
321313
321334
321522
321530
321545
321567
321579
321668
321695
321702
321727
321749
321788
321810
321952
322057
322111
322303
322384
322571
322692
322703
322767
322896
323150
323321
323332
323345
323432
323469
323529
323579
323602
323677
323721
323837
323857
324222
324467
324499
324535
324555
324659
324791
324816
324818
324825
324905
324925
324943
325048
325057
325162
325191
325280
325348
325387
325451
325479
325485
325507
325645
325656
325729
325860
326024
326177
326359
326364
326430
326481
326497
326526
326814
326946
326967
327000
327090
327100
327208
327282
327490
327500
327521
327679
327740
327895
327906
327929
328036
328049
328060
328120
328212
328235
328239
328300
328458
328525
328629
328734
328746
328761
328797
328862
328879
329048
329148
329177
329213
329254
329380
329404
329528
329580
329704
329741
329879
330059
330222
330349
330373
330409
330464
330541
330571
330618
330623
330773
330781
330795
330802
330819
330953
330995
331015
331224
331287
331380
331637
331676
331906
331995
332089
332110
332177
332292
332337
332459
332519
332542
332568
332664
332715
332986
333107
333150
333190
333308
333401
333727
333784
333862
333985
333996
334031
334076
334175
334190
334218
334285
334358
334378
334429
334480
334536
335035
335048
335138
335149
335198
335348
335474
335495
335663
335839
335853
335921
335940
335996
336093
336176
336462
336521
337092
337354
337394
337407
337562
337583
337611
337624
337705
337748
337882
338030
338137
338146
338272
338276
338289
338293
338506
338820
339103
339224
339364
339450
339503
339574
339592
339615
339721
339767
339813
339847
339872
339939
339999
340075
340152
340244
340281
340312
340459
340465
340486
340549
340584
340620
340659
340690
340746
340762
340801
340859
341127
341153
341161
341346
341486
341589
341610
341914
341986
341997
342015
342100
342211
342493
342521
342534
342579
342614
342700
342981
343007
343158
343251
343367
343377
343409
343469
343635
343705
343784
343822
343908
343981
344090
344210
344269
344297
344342
344402
344463
344590
344628
344694
344886
344898
344956
345029
345105
345139
345237
345372
345389
345427
345459
345636
345748
345799
345838
345841
345886
345988
346004
346146
346183
346220
346255
346446
346464
346524
346529
346556
346656
346703
346713
346776
346791
346877
346885
346941
347102
347119
347206
347229
347367
347470
347528
347717
347763
347904
348042
348061
348105
348190
348222
348278
348385
348507
348598
348629
348682
348725
348754
348765
348905
349042
349151
349205
349405
349591
349756
349791
349894
350016
350029
350125
350152
350242
350252
350408
350531
350539
350675
350816
350910
351053
351104
351316
351427
351444
351509
351595
351668
351748
351817
351856
351888
351922
351958
351969
352025
352167
352269
352354
352395
352786
353020
353086
353098
353143
353246
353279
353460
353517
353617
353739
353753
353781
353976
354018
354058
354168
354240
354319
354380
354391
354479
354509
354576
354663
354692
354720
354830
354843
354860
354941
355049
355087
355152
355797
355840
355874
355945
355989
356039
356140
356374
356453
356522
356753
356837
356998
357021
357215
357248
357301
357330
357344
357564
357577
357622
357717
357769
357999
358128
358518
358696
358762
358790
358827
358852
358929
359006
359234
359397
359452
359670
359773
359787
359814
359976
360040
360066
360177
360282
360289
360419
360501
360637
360725
361111
361112
361195
361209
361364
361555
361708
361711
361734
361766
361843
361904
362005
362053
362076
362161
362665
362701
363000
363041
363063
363087
363144
363204
363282
363424
363460
363525
363583
363589
363646
363713
363742
363957
363965
364025
364062
364089
364133
364165
364189
364289
364483
364601
364630
364650
364661
364833
364886
364903
364967
365156
365213
365238
365290
365346
365391
365400
365428
365502
365622
365728
365809
365865
365893
366083
366203
366247
366440
366507
366602
366626
366882
366961
366975
366997
367041
367182
367431
367451
367482
367564
367594
367599
367798
367930
368171
368212
368259
368302
368352
368385
368433
368438
368835
368903
368986
369016
369095
369209
369225
369265
369273
369354
369497
369508
369559
369567
369614
369752
369770
369808
369825
369964
369978
370175
370204
370253
370271
370350
370358
370438
370496
370509
370644
370718
370883
370924
370948
371046
371076
371269
371358
371374
371440
371459
371505
371561
371567
371612
371724
371802
371899
371927
372041
372116
372151
372254
372318
372418
372529
372699
372722
372727
372742
372852
372877
372991
373020
373103
373334
373343
373399
373404
373556
373680
373718
373813
373827
373846
373876
373900
373963
374020
374140
374172
374187
374242
374259
374426
374440
374513
374519
374533
374565
374607
374616
374753
374846
374893
375153
375191
375234
375354
375372
375376
375461
375488
375543
375556
375706
375752
375844
376129
376189
376464
376529
376677
376755
376877
377016
377196
377231
377321
377360
377497
377515
377531
377583
377836
377932
378025
378051
378119
378125
378239
378260
378348
378439
378560
378566
378590
378650
378658
378823
378918
378996
379111
379153
379331
379397
379407
379432
379439
379591
379652
379778
379790
379844
379924
380096
380203
380222
380357
380408
380479
380546
380575
380632
380669
380770
380782
380877
380903
380984
381277
381311
381461
381499
381551
381618
381790
381809
381892
381985
382030
382069
382121
382213
382376
382382
382392
382441
382475
382485
382549
382607
382643
382694
382744
382774
382800
382940
383299
383391
383515
383520
383539
383614
383684
383697
383765
383787
383985
384050
384160
384184
384365
384533
384557
384804
384940
385003
385016
385042
385062
385128
385253
385360
385375
385393
385460
385548
385791
385871
386038
386102
386126
386219
386257
386285
386327
386331
386442
386474
386490
386569
386640
386668
386781
386890
386909
387094
387159
387196
387215
387246
387570
387722
387748
387804
387855
387945
388150
388174
388190
388210
388313
388332
388354
388390
388568
388724
388775
388795
388812
388887
388914
389030
389333
389456
389481
389534
389555
389572
389652
389783
389797
389823
389858
389882
389921
389970
390005
390081
390220
390393
390477
390531
390540
390716
390823
390906
391043
391148
391304
391320
391334
391400
391587
391661
391697
391746
391823
391902
392010
392019
392057
392162
392174
392178
392415
392530
392643
392767
392866
392949
392968
392990
393015
393104
393214
393246
393288
393335
393433
393472
393493
393506
393679
393708
393853
394002
394099
394167
394199
394205
394231
394397
394402
394535
394936
395024
395032
395034
395120
395181
395303
395424
395673
395814
395902
396032
396073
396112
396289
396301
396348
396434
396458
396496
396570
396600
396757
396767
396776
396840
396895
397036
397095
397181
397342
397357
397447
397475
397505
397591
397681
397691
397712
397744
397830
397866
398160
398195
398230
398424
398487
398644
398824
398927
399073
399153
399260
399267
399300
399409
399578
399659
399770
399990
399999
400056
400104
400145
400186
400306
400320
400332
400415
400628
400733
400794
400879
400894
400967
400978
401083
401203
401208
401259
401274
401538
401558
401581
401785
401887
401965
401996
402001
402229
402473
402493
402593
402701
402829
402912
402938
403013
403026
403131
403160
403217
403232
403284
403393
403404
403630
403634
403771
403788
404039
404055
404156
404203
404211
404252
404307
404311
404375
404525
404855
404881
404899
404920
405012
405077
405104
405139
405148
405209
405293
405315
405348
405358
405513
405601
405700
405732
405744
405758
405768
405820
405850
405920
405952
405987
405998
406005
406184
406207
406255
406284
406362
406483
406562
406624
406628
406794
407052
407054
407081
407154
407299
407352
407766
407801
407814
407833
407904
407965
407991
408134
408203
408227
408246
408289
408415
408602
408688
408748
408888
409051
409107
409129
409272
409291
409306
409327
409453
409639
409711
409731
409812
409933
409961
410022
410142
410227
410235
410329
410376
410484
410684
410760
410914
411067
411139
411230
411367
411442
411855
412021
412216
412278
412366
412403
412415
412426
412489
412603
412742
412792
412925
413024
413535
413843
413896
413945
413963
414020
414031
414250
414321
414393
414450
414476
414529
414556
414645
414661
414831
414935
414997
415026
415189
415354
415389
415406
415625
415642
415753
415834
415861
415899
415919
415981
416049
416089
416121
416129
416146
416154
416345
416350
416366
416572
416755
416768
416803
416966
416992
417048
417169
417180
417199
417261
417296
417382
417397
417427
417512
417545
417734
417806
417833
417854
417888
417929
418083
418108
418132
418140
418156
418183
418212
418249
418261
418321
418328
418726
418764
418830
418995
419036
419074
419091
419109
419137
419218
419357
419396
419414
419440
419526
419577
419585
419996
420032
420395
420408
420498
420506
420549
420602
420685
420764
420793
420820
420828
420857
420879
420927
420994
421009
421063
421166
421208
421223
421354
421384
421483
421532
421610
421811
422039
422118
422328
422354
422427
422442
422679
422875
422879
423095
423199
423333
423341
423367
423451
423479
423503
423534
423588
423720
423923
423937
424013
424033
424119
424214
424268
424285
424409
424583
424877
424947
425077
425090
425240
425249
425286
425293
425320
425337
425367
425621
425795
425827
425868
425920
425934
426001
426027
426048
426172
426204
426229
426383
426421
426431
426487
426498
426604
426708
426716
426741
426815
426842
426853
427029
427063
427167
427260
427286
427304
427385
427425
427432
427442
427460
427565
427864
427994
428077
428162
428223
428306
428384
428435
428504
428576
428709
428789
428929
428966
429170
429191
429253
429389
429410
429684
429695
429747
429852
429916
429934
429994
430122
430137
430183
430373
430434
430507
430552
430654
430732
430778
431118
431194
431210
431391
431407
431445
431507
431568
431575
431604
431714
431775
431889
431907
432082
432403
432426
432480
432555
432580
432594
432670
432716
432972
432998
433129
433150
433157
433247
433845
433886
433920
433945
434312
434375
434824
434910
435004
435015
435021
435180
435373
435458
435567
435587
435756
435762
435897
435978
436067
436363
436489
436503
436553
436652
436780
437135
437154
437195
437323
437487
437543
437591
437638
437763
437906
438108
438120
438286
438303
438351
438387
438469
438672
438702
438829
438905
438932
439030
439068
439221
439237
439247
439257
439275
439305
439325
439452
439521
439549
439618
439960
440015
440089
440116
440354
440425
440447
440457
440625
440628
440715
440721
440782
440813
440834
440903
441069
441104
441139
441229
441279
441344
441353
441458
441615
441631
441652
441716
441832
441945
442085
442147
442287
442405
442421
442496
442662
442891
442985
443171
443184
443197
443225
443259
443562
443596
443659
443749
443829
443945
443982
444254
444328
444453
444481
444518
444635
444799
444922
445000
445178
445201
445412
445418
445520
445580
445701
445837
445865
445986
446022
446215
446228
446455
446472
446513
446580
446594
446833
447031
447246
447278
447411
447540
447563
447918
448065
448181
448314
448329
448357
448377
448578
448703
448714
448903
448919
448934
449067
449179
449210
449308
449644
449876
449897
450117
450171
450201
450240
450292
450293
450350
450382
450409
450498
450521
450526
450724
450888
450948
450968
451177
451289
451324
451355
451536
451621
451641
451750
451767
452093
452144
452326
452697
452788
452912
452974
453163
453302
453359
453400
453702
453810
453818
453853
453921
454000
454028
454145
454161
454310
454576
454610
454656
454729
454768
454781
454901
454989
455034
455110
455259
455277
455610
455843
455930
455983
456010
456051
456105
456352
456418
456455
456661
456788
456857
456946
456980
456986
457022
457145
457229
457401
457490
457507
457645
457786
457958
457970
458001
458124
458273
458319
458336
458344
458411
458451
458528
458545
458691
458699
458871
458936
459174
459203
459218
459230
459384
459510
459543
459610
459689
459741
459876
459915
460036
460144
460240
460280
460324
460335
460429
460618
460825
460843
460866
460956
461399
461420
461429
461488
461667
461748
461834
461843
461864
462051
462073
462086
462092
462128
462149
462282
462321
462351
462460
462493
462540
462566
462593
462607
462700
462716
462800
462814
462826
463014
463059
463126
463134
463223
463417
463550
463599
463836
464049
464054
464175
464296
464420
464459
464602
464661
464939
464972
465063
465090
465148
465373
465438
465526
465714
465728
465810
465868
465930
465939
466009
466673
466792
466827
466985
467057
467088
467181
467290
467340
467343
467372
467392
467515
467549
467562
467606
467681
467739
467822
467834
467854
467887
468019
468145
468208
468238
468265
468356
468408
468470
468489
468582
468650
468729
468824
468867
469031
469172
469193
469284
469306
469392
469513
469555
469587
469606
469668
469688
469729
469887
469923
469950
470012
470168
470177
470443
470452
470527
470666
470700
470721
470737
470903
470929
470951
470974
471079
471102
471210
471246
471312
471316
471337
471362
471375
471397
471460
471512
471520
471607
471617
471622
471670
471769
471791
471856
471884
472012
472070
472136
472307
472686
472721
472754
472816
472864
472890
472929
472960
473092
473142
473282
473403
473415
473421
473618
473687
473930
474045
474090
474222
474489
474553
474588
474601
474649
474668
474682
474699
474924
475095
475113
475156
475219
475340
475400
475473
475533
475617
475779
475854
476138
476153
476340
476350
476457
476469
476517
476698
476724
476927
477029
477071
477077
477147
477160
477167
477200
477304
477335
477436
477600
477663
477712
477743
477828
477859
477931
477979
478009
478024
478183
478356
478370
478450
478472
478475
478819
478919
479122
479158
479207
479265
479302
479364
479831
479990
480052
480107
480160
480311
480400
480455
480485
480577
480652
480702
480807
480830
480935
480976
481002
481045
481073
481168
481194
481345
481441
481531
481580
481597
481686
481713
481745
481873
481899
481929
481944
482051
482128
482200
482229
482253
482418
482433
482491
482527
482588
482701
482733
482792
482880
482915
483028
483365
483514
483531
483581
483639
483661
483875
483897
483995
484025
484058
484100
484136
484241
484261
484284
484294
484303
484378
484396
484456
484559
484707
484873
484907
484926
485229
485247
485344
485385
485441
485583
485776
485901
485909
485921
486014
486050
486104
486137
486282
486404
486477
486529
486594
486640
486880
486933
486948
487063
487093
487121
487185
487245
487335
487360
487539
487593
487614
487678
487756
487794
487842
487852
487877
487945
488144
488152
488361
488390
488600
488664
488723
488743
488830
488891
489015
489120
489147
489300
489356
489445
489451
489501
489555
489712
489793
489874
490172
490339
490507
490548
490927
491088
491162
491252
491261
491355
491473
491717
491833
491863
491994
492224
492305
492329
492348
492384
492471
492553
492587
492647
492665
492893
492911
492945
492959
492985
493370
493653
493682
493698
493853
493891
493912
493922
493929
493952
494006
494126
494218
494343
494369
494493
494519
494553
494601
494676
494699
494728
494799
494855
494871
495020
495171
495251
495255
495347
495464
495466
495471
495538
495576
495693
495786
495853
495936
496054
496088
496246
496259
496319
496597
496630
496672
496766
497064
497086
497401
497426
497537
497621
497669
497721
497861
497984
498031
498103
498144
498159
498183
498240
498311
498324
498343
498351
498513
498651
498696
498831
498959
498992
499072
499150
499249
499297
499410
499654
499678
499731
499742
499849
500009
500049
500194
500438
500464
500571
500784
500939
501199
501269
501330
501429
501559
501754
501816
501907
501950
502021
502181
502260
502268
502328
502715
502990
502993
503016
503210
503357
503424
503489
503587
503650
503668
503695
503705
503876
503972
504095
504122
504210
504330
504357
504490
504515
504667
504869
504940
505013
505069
505245
505342
505474
505613
505637
505655
505670
505703
505722
505808
505873
506113
506212
506255
506503
506618
506724
506809
506817
506874
506973
507024
507151
507265
507274
507580
507587
507595
507827
507859
507953
508151
508166
508344
508369
508442
508533
508632
508654
508808
508865
508950
508997
509018
509038
509336
509482
509511
509566
509608
509657
509696
509719
509733
509876
509950
510157
510942
511123
511215
511269
511340
511521
511547
511575
511640
511724
511892
511982
512009
512045
512048
512082
512257
512449
512523
512557
512738
512769
512794
512827
512894
512934
512942
513059
513080
513096
513363
513562
513635
513713
513970
513977
513994
514010
514017
514049
514106
514193
514340
514387
514474
514522
514787
514857
514920
515042
515074
515078
515083
515104
515162
515303
515376
515455
515491
515563
515591
515736
515773
515784
515947
515989
516004
516059
516125
516200
516240
516250
516301
516348
516393
516532
516543
516551
516716
516847
516874
516909
516916
516927
516987
517020
517217
517276
517296
517349
517362
517528
517544
517583
517687
517720
517727
518310
518410
518937
519118
519158
519192
519281
519394
519403
519563
519665
519790
519798
519902
519992
520021
520138
520145
520176
520325
520445
520638
520842
520984
521226
521451
521485
521496
521586
521600
521681
521844
521969
522055
522089
522271
522357
522500
522555
522664
522711
522743
522815
522844
522858
522890
522911
522946
523045
523291
523325
523328
523410
523448
523550
523561
523567
523720
523877
524010
524054
524145
524170
524194
524240
524540
524591
524953
524958
525089
525091
525183
525195
525249
525261
525300
525351
525372
525386
525682
526070
526190
526238
526258
526279
526345
526400
526444
526540
526587
526599
526638
526643
526668
526859
526887
527112
527179
527194
527216
527269
527380
527489
527529
527556
527603
527648
527754
527862
527881
528098
528163
528251
528269
528296
528426
528455
528703
528811
529039
529058
529105
529202
529271
529298
529439
529488
529539
529585
529673
529679
529796
529900
529948
529962
529977
530067
530080
530086
530126
530151
530197
530230
530272
530287
530316
530375
530389
530438
530682
530851
531010
531077
531095
531120
531177
531314
531363
531408
531501
531718
531761
531770
531823
531856
531937
531979
532049
532269
532277
532329
532351
532393
532546
532723
533030
533059
533104
533153
533253
533313
533359
533491
533512
533601
533774
533801
533914
533983
534039
534113
534143
534196
534264
534315
534368
534439
534507
534564
534573
534618
534696
534736
534960
535019
535336
535367
535482
535515
535554
535614
535721
535862
535891
535923
536139
536178
536203
536298
536314
536342
536552
536606
536638
536748
536791
536964
537024
537087
537119
537143
537244
537253
537353
537451
537516
537560
537581
537667
537706
537804
538014
538071
538185
538438
538447
538699
538912
538960
539135
539321
539462
539474
539611
539672
539723
539898
540019
540200
540210
540266
540338
540368
540497
540515
540541
540765
540803
540887
540917
541080
541448
541516
541545
541606
541628
541677
541755
541765
541773
541854
541862
541895
541920
541922
542064
542140
542160
542190
542420
542438
542455
542468
542493
542606
542757
542832
542871
542983
543085
543159
543187
543257
543289
543404
543432
543467
543598
543624
543641
543774
543889
543914
543982
544135
544231
544287
544299
544333
544377
544412
544462
544480
544520
544540
544571
544657
544920
544940
544994
545208
545222
545471
545649
545760
545777
545806
545884
546028
546049
546071
546162
546278
546405
546542
546679
546697
546735
546744
546865
546899
547026
547185
547216
547246
547397
547435
547503
547510
547530
547585
547630
547641
547941
548052
548090
548132
548165
548393
548416
548452
548467
548561
548589
548681
548712
548738
548757
548956
549054
549069
549094
549098
549272
549322
549539
549559
549783
549791
549857
549954
549976
550015
550143
550149
550192
550283
550357
550367
550544
550580
550594
550710
550768
550867
551076
551179
551313
551386
551500
551591
551668
551747
551779
551883
551937
552036
552091
552139
552533
552578
552631
552733
552834
552967
553019
553042
553110
553160
553224
553326
553336
553519
553639
553812
553827
553964
554172
554274
554317
554415
554448
554452
554503
554525
554587
554724
554794
554896
554971
555171
555422
555566
555577
555677
555716
555828
555848
555878
556020
556064
556090
556119
556260
556314
556331
556345
556354
556374
556414
556443
556496
556600
556661
556677
556692
556745
556771
556782
556812
556828
556877
556957
557005
557239
557349
557355
557439
557609
557676
557734
557842
557929
557971
558010
558256
558333
558367
558603
558697
558711
558726
558743
558770
558980
559085
559218
559244
559306
559389
559432
559504
559515
559740
559790
559860
559918
560045
560097
560135
560324
560375
560463
560752
560801
560804
561000
561032
561177
561212
561314
561337
561424
561450
561483
561532
561612
561699
561730
561741
561779
561831
561853
561861
561876
561947
562004
562035
562117
562155
562178
562459
562476
562534
562619
562632
562695
562937
563016
563085
563167
563205
563217
563266
563427
563624
563654
563732
563802
563819
563825
563987
564098
564155
564260
564307
564355
564384
564611
564630
564640
564689
564763
564854
564893
564925
564957
564980
565021
565038
565049
565108
565227
565245
565384
565388
565395
565415
565456
565754
565762
565794
565818
566043
566053
566182
566287
566455
566479
566492
566581
566931
566943
567098
567529
567655
567669
567863
567881
567925
567937
567965
568019
568123
568158
568168
568325
568429
568550
568696
568746
568795
568825
568870
569048
569241
569248
569356
569368
569370
569614
569799
569867
570030
570161
570188
570368
570573
570647
570754
570785
570799
570856
570882
570904
570980
571060
571115
571216
571233
571438
571469
571661
571699
571732
571783
571940
572193
572299
572683
572789
572805
572984
573110
573271
573338
573358
573414
573583
573599
573648
573682
573709
573768
573959
574142
574173
574192
574206
574263
574392
574439
574573
574591
574634
574665
574841
574967
574993
575101
575140
575203
575235
575298
575380
575426
575531
575549
575588
575607
575706
575780
575855
575889
575924
576037
576080
576334
576384
576423
576813
576851
576996
577039
577071
577194
577367
577469
577532
577619
577624
577746
577778
577803
577919
577970
577990
577992
578148
578209
578258
578365
578411
578451
578469
578482
578500
578516
578626
578644
578762
579024
579226
579317
579366
579446
579481
579544
579561
579572
579726
579882
580068
580095
580116
580295
580308
580317
580361
580413
580548
580566
580719
580803
580933
580973
581058
581094
581100
581166
581196
581231
581317
581422
581451
581503
581667
581762
581840
581873
581946
582084
582148
582191
582198
582280
582377
582430
582493
582509
582752
582842
582967
582977
582991
583029
583112
583200
583228
583270
583306
583376
583417
583438
583497
583505
583528
583549
583640
583793
583816
583863
583934
584011
584046
584110
584124
584305
584559
584592
584682
584742
584783
584906
584949
584982
584988
585001
585081
585239
585268
585377
585408
585422
585468
585481
585499
585580
585642
585680
585714
585720
585770
585791
585812
585820
585829
585833
586022
586037
586184
586235
586245
586317
586322
586512
586544
586557
586600
586615
586634
586861
586893
587052
587156
587284
587295
587533
587722
587767
587942
587978
588018
588077
588159
588225
588282
588393
588399
588500
588539
588548
588564
588751
588767
588851
589039
589064
589147
589222
589252
589337
589420
589449
589532
589569
589594
589644
589743
589788
589835
589864
590087
590151
590179
590209
590272
590294
590325
590430
590556
590601
590608
590678
590732
590825
590984
590993
591034
591060
591068
591508
591522
591546
591598
591842
591863
591990
592068
592118
592289
592470
592534
592630
592712
592881
592923
592951
593092
593125
593143
593190
593326
593480
593490
593670
593677
593734
593743
593901
593948
594070
594125
594234
594333
594354
594481
594514
594550
594614
594665
594713
594818
594975
594995
595010
595023
595112
595267
595318
595332
595364
595382
595467
595474
595508
595580
595787
595808
596018
596089
596093
596228
596267
596333
596364
596447
596583
596749
596766
596794
596907
596945
596949
596977
596984
597056
597147
597171
597389
597420
597634
597650
597658
597759
597899
597966
597994
598012
598109
598349
598536
598603
598706
598715
598735
598755
598854
598877
598898
598905
598942
599028
599086
599109
599203
599214
599288
599461
599491
599660
599698
599765
599846
599893
599980
600005
600162
600182
600234
600242
600275
600288
600368
600463
600471
600507
600567
600822
601186
601192
601223
601259
601282
601310
601327
601337
601361
601505
601558
601571
601584
601667
601697
601874
601881
602068
602113
602427
602458
602640
602689
602741
602779
602843
602908
602978
603187
603296
603338
603373
603430
603436
603482
603563
603587
603631
603648
603781
603877
603884
604064
604120
604341
604415
604445
604513
604671
604819
605057
605098
605127
605184
605317
605412
605645
605669
605779
605936
606154
606205
606320
606527
606572
606590
606615
606647
606668
606700
606730
606903
606917
607100
607174
607207
607296
607332
607428
607446
607509
607551
607631
608027
608077
608098
608130
608150
608307
608312
608322
608423
608436
608490
608727
608746
608771
608774
608802
608980
609045
609166
609197
609241
609294
609352
609431
609611
609650
609681
609790
609830
609888
609939
610224
610254
610275
610325
610395
610471
610500
610542
610557
610568
610684
610708
610739
610930
610957
611019
611109
611175
611232
611236
611264
611330
611382
611409
611452
611465
611495
611500
611531
611577
611692
611704
611881
612325
612338
612440
612472
612494
612537
612580
612776
613087
613110
613223
613262
613296
613345
613367
613388
613421
613478
613586
613598
613699
613824
613879
613923
614006
614017
614073
614114
614137
614248
614543
614600
614636
614778
614788
614844
614902
614913
614948
614960
614983
615084
615126
615370
615487
615630
615984
616029
616040
616096
616137
616165
616298
616327
616362
616499
616518
616768
616975
617036
617188
617245
617292
617465
617826
618136
618336
618344
618486
618509
618556
618574
618590
618596
618651
618696
618824
618849
619039
619194
619223
619251
619380
619406
619433
619457
619470
619574
619586
619705
619903
619939
620098
620154
620384
620437
620473
620529
620640
620761
620782
620799
620819
621121
621130
621204
621291
621361
621560
621604
621626
621645
621676
621843
621919
622155
622168
622227
622266
622370
622412
622426
622529
622551
622579
622642
622688
622694
622814
622838
623116
623390
623500
623545
623559
623564
623636
623818
624046
624140
624145
624323
624348
624361
624391
624561
624716
624732
624854
624922
625012
625019
625098
625134
625191
625195
625280
625380
625492
625501
625542
625628
625690
625737
625877
625918
625931
626029
626127
626186
626205
626253
626302
626351
626422
626472
626492
626511
626531
626689
626718
626880
626910
626946
627055
627134
627169
627346
627397
627440
627481
627873
628096
628229
628239
628586
628640
628685
628698
629027
629094
629117
629119
629339
629363
629508
629570
629610
629720
630017
630049
630139
630170
630181
630350
630400
630484
630535
630559
630623
630656
630712
630942
630967
631033
631105
631195
631439
631462
631494
631571
631592
631698
631854
632011
632045
632064
632218
632385
632396
632501
632556
632574
632614
632658
632714
632749
632778
632825
632828
632876
633043
633083
633137
633325
633347
633390
633464
633475
633479
633511
633563
633582
633723
633810
633813
633831
633883
633894
633945
633963
634063
634085
634125
634136
634357
634413
634563
634585
634709
634868
634904
634947
635028
635079
635198
635356
635484
635545
635566
635581
635675
635769
635868
635993
636030
636100
636150
636324
636533
636576
636603
636610
636689
636778
636915
636934
637014
637045
637068
637135
637202
637232
637560
637565
637580
637591
637669
637759
637770
637964
637992
638035
638106
638117
638190
638278
638326
638386
638405
638415
638576
638591
638616
638636
638718
638897
638980
639128
639205
639265
639271
639289
639544
639579
639588
639690
639773
639861
639903
639918
639954
640066
640136
640159
640248
640276
640455
640592
640703
640732
640774
640810
640825
640879
640922
640976
641094
641303
641393
641409
641433
641546
641596
641609
641697
641744
641763
642219
642236
642246
642316
642332
642357
642372
642529
642700
642725
642785
642867
642965
642975
643077
643136
643226
643236
643352
643438
643582
643633
643646
643659
643693
643718
643728
643796
643833
643911
643967
644036
644070
644080
644197
644254
644302
644308
644418
644437
644767
644796
644841
644912
645349
645418
645423
645475
645544
645590
645793
645819
645906
646071
646141
646228
646295
646332
646544
646566
646577
646674
646715
646791
646836
646923
646993
647009
647031
647082
647260
647437
647511
647839
648136
648167
648236
648239
648329
648461
648600
648872
648893
648908
648945
649076
649220
649226
649422
649544
649723
649742
649747
649773
649834
649883
649957
650022
650050
650099
650157
650181
650225
650240
650473
650514
650528
650569
650703
651003
651021
651135
651163
651230
651323
651590
651598
651668
651712
651738
651776
651783
651827
651852
651861
651891
651927
652083
652329
652374
652413
652446
652484
652520
652534
652554
652587
652598
652644
652770
652775
652842
653081
653195
653207
653368
653392
653395
653419
653429
653607
653658
653718
653891
654018
654045
654296
654342
654462
654489
654516
654529
654661
654685
655056
655238
655240
655315
655354
655409
655498
655655
655816
655894
655924
656064
656072
656180
656404
656547
656596
656617
656784
656904
656918
656978
657117
657272
657287
657459
657466
657567
657637
657875
657896
657943
658009
658245
658251
658430
658530
658609
658630
658671
658850
658857
658897
658919
658938
658953
659003
659154
659177
659239
659462
659495
659513
659586
659592
659652
659866
660051
660176
660383
660450
660528
660536
660608
660679
660687
660738
660979
660989
661365
661451
661497
661816
661848
661871
661894
661962
662201
662216
662284
662488
662546
662591
662657
662691
662783
663019
663135
663243
663298
663361
663411
663424
663515
663574
663588
663718
663798
663841
664011
664034
664120
664130
664139
664324
664381
664386
664421
664533
664562
664748
664773
665081
665089
665183
665268
665390
665490
665521
665612
665626
665780
665791
666019
666087
666247
666360
666449
666534
666539
666626
666675
666735
666737
666836
666876
667035
667070
667092
667275
667388
667421
667539
667590
667860
667892
667956
668014
668042
668112
668197
668238
668246
668294
668337
668360
668371
668393
668522
668539
668600
668678
668691
668721
668743
669087
669427
669532
669585
669605
669648
669745
669775
669821
669860
669871
669883
670091
670104
670192
670237
670473
670544
670610
670767
671002
671012
671073
671309
671395
671592
671633
671641
671975
672208
672400
672429
672537
672940
672994
673047
673072
673153
673238
673282
673331
673421
673503
673524
673551
673557
673786
673867
673924
674023
674160
674392
674402
674505
674822
674868
674898
674964
675057
675172
675306
675337
675398
675494
675591
675629
675637
675747
675765
675808
676030
676611
676649
676714
676732
676839
676907
676911
677006
677088
677154
677162
677222
677300
677317
677344
677399
677448
677463
677484
677485
677571
677996
678009
678049
678104
678126
678284
678442
678482
678538
678562
678576
678638
678756
678763
678890
678961
679055
679255
679276
679324
679412
679422
679482
679508
679663
679935
679995
680225
680251
680274
680423
680513
680540
680555
680568
680615
680632
680658
680991
681091
681120
681127
681242
681292
681307
681347
681392
681699
681761
681799
681845
681906
681934
682024
682100
682198
682270
682280
682451
682466
682542
682632
682710
682755
682790
682851
682924
682968
682980
683047
683078
683243
683344
683761
683831
683859
683942
683984
684262
684284
684317
684352
684448
684659
684728
685100
685110
685291
685371
685760
685913
686057
686080
686230
686266
686298
686396
686469
686519
686556
686622
686702
686713
686723
686739
686753
686808
687052
687088
687097
687237
687273
687296
687724
688048
688216
688242
688441
688578
688609
688669
688741
688833
688864
688890
689024
689079
689140
689260
689413
689429
689508
689827
690060
690122
690144
690376
690455
690500
690518
690717
690739
690920
690938
690993
691308
691340
691422
691454
691562
691612
691637
691717
691795
691876
691964
691998
692011
692280
692676
692693
692727
692739
692784
692894
692971
693020
693024
693044
693092
693159
693175
693239
693326
693439
693452
693623
693896
693959
693977
694069
694315
694336
694390
694434
694455
694481
694580
694598
694621
694628
694751
694908
695052
695135
695243
695399
695516
695574
695675
695690
695832
695888
695912
695928
695972
695993
696077
696123
696143
696237
696252
696322
696356
696366
696511
696572
696616
696687
696701
696845
697029
697071
697099
697124
697274
697399
697481
697556
697618
697733
697748
697804
697966
698000
698145
698172
698214
698243
698293
698316
698380
698398
698415
698480
698631
698678
698746
698809
698957
699071
699122
699235
699606
699659
699677
699704
699727
699969
700129
700162
700328
700392
700420
700500
700552
700687
700744
700902
700939
700971
701037
701110
701260
701303
701426
701488
701596
701640
701720
701762
701825
701831
701912
702215
702241
702278
702481
702502
702627
702662
702792
703004
703014
703240
703270
703293
703469
703934
704004
704017
704062
704218
704267
704521
704603
704620
704678
704746
704837
704850
705005
705288
705493
705559
705576
705590
705781
705788
705893
705908
706015
706025
706078
706271
706286
706323
706598
706758
706962
707064
707085
707117
707306
707337
707345
707577
707590
707715
707934
708108
708152
708245
708260
708334
708381
708403
708471
708497
708507
708632
708714
708782
708790
708876
709064
709188
709213
709219
709246
709274
709613
709631
709852
709983
710124
710155
710187
710289
710328
710385
710419
710431
710458
710504
710521
710564
710581
710675
710864
710886
710899
710981
711077
711109
711180
711286
711299
711397
711492
711633
711688
711724
711818
711867
711931
711983
712014
712104
712224
712470
712497
712764
712869
712914
713054
713078
713176
713298
713492
713621
713631
713716
713980
714091
714134
714303
714383
714390
714407
714435
714556
714656
714707
714722
714849
714942
715020
715256
715434
715487
715605
715637
715730
715812
715820
715902
715959
715970
715982
716065
716102
716164
716234
716269
716282
716306
716401
716412
716459
716517
716637
716924
716937
717023
717026
717046
717077
717198
717239
717278
717366
717408
717424
717465
717490
717571
717587
717667
717884
718037
718185
718203
718375
718382
718497
718512
718752
718775
718923
718929
719026
719031
719309
719321
719346
719367
719378
719479
719495
719855
719914
720122
720310
720366
720388
720630
720870
720938
720977
721094
721111
721146
721223
721615
721635
721668
721727
721732
721765
721791
721827
721886
721968
721994
722087
722110
722263
722301
722457
722540
722587
722620
722624
722631
722694
722749
722904
723056
723214
723260
723296
723390
723448
723529
723611
723677
723711
723850
724007
724074
724130
724158
724191
724212
724255
724392
724494
724778
724911
724947
725019
725033
725049
725084
725110
725140
725190
725203
725352
725418
725471
725481
725591
725675
725792
725834
725934
726081
726097
726153
726227
726234
726269
726398
726409
726479
726628
726660
726686
726773
726798
726821
726904
727004
727198
727491
727551
727835
727840
727916
728168
728206
728325
728344
728360
728411
728452
728493
728548
728635
728698
728797
728916
728922
729412
729432
729491
729532
729687
729793
729823
729886
729900
730272
730337
730355
730555
730618
730739
731152
731279
731331
731353
731367
731420
731569
731670
731685
731759
731878
732268
732490
732525
732575
732585
732593
732613
732882
733074
733087
733129
733169
733266
733289
733397
733410
733489
733506
733757
733812
733957
734036
734199
734214
734306
734548
734633
734690
734834
734946
735093
735151
735237
735251
735419
735494
735524
735541
735576
735587
735650
735723
735879
736032
736092
736173
736228
736301
736351
736681
736820
736859
737020
737052
737144
737190
737199
737257
737292
737465
737484
737511
737916
738025
738110
738207
738273
738311
738357
738510
738984
739010
739105
739111
739208
739215
739256
739386
739436
739444
739461
739542
739720
739758
739774
739795
740008
740251
740319
740363
740422
740443
740459
740573
740612
740657
740732
740787
741061
741123
741175
741216
741401
741408
741469
741508
741606
741614
741766
741843
741915
741924
742030
742325
742331
742423
742440
742481
742521
742663
742828
742867
742978
743108
743405
743571
743644
744128
744201
744220
744244
744284
744300
744383
744405
744460
744693
744824
744866
744985
745013
745277
745335
745379
745571
745707
745789
745801
745847
745900
746095
746112
746123
746151
746183
746217
746312
746440
746536
746655
746681
746722
746832
746933
746964
747017
747041
747143
747186
747215
747531
747573
747583
747603
747616
747628
747657
747665
747696
747854
747989
748030
748116
748154
748220
748500
748570
748686
748778
748850
748939
748990
748993
749022
749218
749368
749389
749518
749530
749573
749655
749724
749911
750017
750073
750135
750250
750275
750291
750448
750482
750526
750634
750718
750917
750960
750993
751086
751101
751160
751223
751270
751329
751334
751377
751446
751555
751611
751638
751760
751837
751864
751889
751946
751948
752090
752156
752192
752585
752707
752715
752773
752841
752869
752940
752957
752992
753013
753238
753253
753344
753399
753457
753521
753528
753559
753576
753608
753683
753797
754033
754039
754059
754102
754247
754255
754335
754391
754468
754545
754691
754698
754732
754870
754960
755092
755287
755312
755370
755721
755843
755849
756009
756207
756244
756307
756320
756348
756370
756384
756428
756449
756610
756704
756759
756797
756872
756921
757014
757034
757056
757133
757165
757242
757266
757323
757391
757423
757445
757476
757500
757567
757721
757771
757794
757853
757922
758060
758126
758167
758246
758272
758288
758332
758392
758407
758430
758482
758499
758588
758727
758753
758779
758790
758797
758820
758999
759038
759049
759096
759122
759150
759286
759420
759512
759619
759689
759709
759872
759902
759980
760086
760110
760155
760380
760407
760501
760692
760939
760986
760999
761026
761041
761081
761146
761172
761190
761274
761296
761363
761453
761512
761633
761653
761768
761818
761885
761949
762012
762181
762357
762398
762462
762477
762519
762540
762641
762696
762703
762849
762988
763032
763119
763144
763208
763271
763312
763354
763380
763385
763414
763461
763467
763526
763564
763628
763723
763875
763927
763957
764049
764214
764263
764402
764411
764448
764487
764500
764541
764649
764668
764857
764954
764964
765011
765138
765201
765214
765337
765461
765470
765661
765668
765696
765721
765742
765807
766046
766058
766120
766147
766159
766218
766364
766401
766408
766598
766642
766665
766706
766761
766774
766797
766825
766858
767009
767024
767053
767126
767168
767227
767705
767713
767904
767991
768042
768158
768239
768278
768581
768633
768666
768684
768904
768927
768951
768959
769033
769064
769078
769151
769273
769288
769339
769366
769504
769511
769638
769658
769686
769810
769929
770029
770180
770208
770272
770306
770327
770430
770594
770734
770881
771043
771281
771492
771613
771638
771711
771748
771981
772162
772269
772282
772297
772307
772340
772414
772525
772585
772605
772869
772895
772929
772947
772986
773011
773197
773259
773384
773393
773427
773736
773766
773831
773858
773946
774051
774065
774130
774171
774183
774319
774337
774357
774429
774575
774601
774739
774809
774830
774871
774982
775247
775260
775331
775418
775451
775507
775526
775674
775719
775957
776023
776190
776211
776772
777040
777048
777068
777080
777299
777469
777621
777694
777697
777783
777872
777931
778113
778191
778246
778372
778531
778547
778648
778743
778800
779010
779026
779062
779094
779222
779288
779525
779831
779886
779963
779993
780079
780089
780109
780266
780452
780760
780789
780800
780885
780962
780994
780998
781139
781180
781192
781319
781354
781418
781502
781628
781730
781878
781912
781961
782298
782486
782703
782821
782852
782872
782996
783119
783231
783429
783440
783453
783554
783621
783691
783747
783760
783765
783867
783967
784009
784058
784136
784213
784234
784304
784370
784417
784524
784562
784643
784656
784697
784731
784766
784900
784933
785226
785264
785363
785461
785620
785742
785874
785914
785948
785986
786320
786326
786349
786480
786495
786514
786534
786956
787128
787228
787272
787410
787545
787591
787661
787713
787718
787730
787764
787781
787844
787999
788065
788160
788191
788238
788313
788575
788585
788741
788789
788856
788895
788994
789128
789249
789352
789501
789695
789711
789780
789796
789836
789946
790063
790175
790208
790240
790308
790360
790370
790407
790753
790891
790915
790922
791296
791322
791362
791397
791620
791687
791767
791809
791933
792074
792432
792656
792720
792876
793064
793102
793108
793162
793183
793320
793401
793617
793737
793790
793820
793934
793966
794031
794060
794083
794238
794309
794355
794489
794684
794782
794986
795007
795046
795296
795395
795453
795491
796096
796121
796334
796422
796451
796474
796491
796647
796687
796701
796850
796899
797002
797065
797110
797156
797259
797403
797468
797575
797630
797660
797790
797811
797889
797954
797988
797999
798015
798084
798102
798123
798171
798194
798296
798432
798474
798510
798582
798649
798730
798749
798806
798852
798899
798910
798934
798959
799098
799419
799484
799683
799819
799989
800116
800346
800469
800495
800576
800721
800729
800793
800847
800960
801079
801196
801227
801258
801576
801652
801864
801938
802135
802706
802721
802973
802990
803247
803254
803378
803524
803612
803635
803738
803769
803946
804324
804371
804542
804657
804779
805047
805124
805163
805169
805342
805404
805587
805602
805630
805664
805699
805732
805801
805971
806139
806231
806250
806265
806325
806476
806996
807209
807269
807374
807418
807553
807735
808027
808131
808276
808386
808472
808487
808655
808680
808710
808819
808873
808966
808973
809008
809045
809070
809133
809262
809338
809343
809360
809573
809674
809722
809903
809997
810074
810184
810270
810277
810289
810614
810655
810676
810887
810902
810935
810949
810973
811007
811078
811109
811137
811236
811250
811296
811473
811518
811626
811845
811967
812095
812132
812260
812270
812289
812385
812480
812502
812545
812598
812607
812626
812655
812848
812859
812916
812978
812997
813086
813138
813159
813404
813505
813513
813610
813663
813784
813877
814024
814050
814081
814109
814175
814186
814205
814216
814267
814317
814328
814534
814579
814589
814601
814658
814697
814752
814856
814913
815005
815017
815027
815035
815089
815324
815340
815557
815645
815773
815799
815834
815883
815913
815978
816011
816128
816178
816686
816826
817275
817336
817559
817677
817979
818029
818127
818132
818183
818241
818286
818379
818389
818487
818552
818584
818632
818737
818787
818835
818864
818899
818973
819026
819089
819138
819146
819154
819194
819300
819481
819516
819722
819788
819914
820068
820090
820146
820173
820199
820231
820360
820362
820478
820511
820586
820606
820614
820636
820662
820730
820873
821046
821095
821257
821656
821690
821800
821836
822047
822068
822092
822352
822445
822508
822553
822871
822887
822938
822967
823162
823188
823211
823278
823397
823433
823569
823576
823633
823718
823729
823864
823981
823992
824001
824039
824053
824267
824308
824359
824366
824398
824525
824644
824736
824886
824929
824979
824998
825018
825107
825125
825208
825463
825472
825533
825578
825581
825619
825806
825817
825849
825852
825862
826125
826181
826214
826228
826242
826309
826368
826485
826656
826701
826707
826900
826944
826950
826963
827195
827207
827212
827250
827286
827326
827351
827484
827537
827646
827728
827803
828044
828264
828316
828486
828492
828529
828570
828604
828622
828679
828717
828758
828778
828850
828920
828992
829114
829133
829174
829221
829251
829495
829524
829549
829583
829713
829738
829820
829913
830089
830113
830118
830156
830258
830264
830283
830309
830345
830454
830653
830761
830841
831018
831037
831045
831155
831190
831311
831453
831468
831538
831615
831625
831629
831785
831810
831857
832040
832097
832233
832320
832463
832568
832583
832714
832749
832813
832845
832863
832942
833123
833216
833230
833318
833408
833413
833433
833490
833692
833743
833756
833770
833779
833789
833939
834060
834078
834327
834430
834551
834625
834637
834663
834810
834844
835025
835113
835414
835488
835515
835555
835609
835675
835721
835730
835887
836129
836145
836441
836501
836624
836702
836725
836892
837067
837090
837098
837412
837546
837879
837887
837926
838046
838070
838088
838117
838136
838294
838314
838494
838593
838644
838815
838833
839033
839154
839178
839278
839332
839372
839465
839471
839587
839688
839716
839746
839911
839957
840066
840075
840154
840187
840354
840363
840431
840580
840835
840852
840882
840903
840918
841248
841320
841332
841459
841502
841535
841643
841717
841813
841847
841890
841913
841946
842006
842094
842109
842261
842275
842299
842363
842390
842402
842407
842445
842459
842478
842520
842521
842595
842625
842708
842744
842857
843091
843187
843406
843501
843700
843737
843952
843994
844236
844260
844592
844737
844755
844872
844955
845118
845147
845167
845352
845361
845415
845447
845485
845521
845554
845616
845647
845665
845970
846093
846159
846659
846716
846763
846881
847067
847086
847113
847232
847482
847595
847695
847709
847780
847898
847931
848000
848027
848076
848102
848197
848359
848366
848414
848457
848470
848614
848672
848684
848817
848879
849006
849076
849287
849668
849788
849800
849854
849885
849965
850082
850126
850131
850294
850427
850516
850570
850702
850798
850864
850882
851362
851495
851591
851608
851734
851766
851939
851982
852001
852134
852329
852389
852425
852464
852691
852887
853064
853364
853426
853453
853517
853558
853655
853687
853725
853732
853781
853980
854027
854128
854172
854205
854368
854382
854455
854617
854628
854663
854684
854731
854826
854936
854986
855095
855113
855140
855265
855420
855447
855453
855524
855606
855653
855796
855821
855896
855967
856002
856020
856160
856199
856209
856448
856466
856531
856625
856651
856753
856917
857031
857046
857080
857127
857258
857300
857489
857701
857711
857734
857752
857833
857852
858088
858123
858222
858241
858285
858312
858359
858421
858593
858625
858669
858946
859020
859317
859552
859697
859799
859822
859842
859980
860117
860127
860133
860174
860197
860276
860451
860500
860817
860846
860858
860869
860874
860994
861045
861065
861214
861233
861427
861490
861708
861794
861873
862055
862126
862132
862167
862182
862291
862379
862416
862457
862576
862725
862778
862895
862926
862946
863113
863136
863183
863206
863372
863406
863436
863584
863644
863672
863687
863719
863954
864009
864019
864115
864149
864173
864210
864223
864266
864382
864386
864534
864607
864639
864738
864876
864897
865016
865069
865143
865414
865458
865486
865631
865682
865751
865878
865986
866053
866112
866119
866179
866219
866257
866264
866317
866366
866439
866575
866777
866877
866886
866923
867097
867308
867336
867569
867602
867613
867687
867986
868013
868053
868079
868143
868242
868306
868346
868365
868410
868461
868500
868512
868763
868767
868773
868826
868875
868895
868919
869008
869024
869052
869069
869132
869245
869271
869283
869371
869456
869531
869703
869769
869832
869878
869901
869961
869980
869999
870130
870151
870193
870200
870227
870262
870282
870406
870455
870520
870569
870592
870596
870729
870802
870834
871014
871033
871062
871233
871311
871342
871435
871511
871601
871761
871780
871825
871835
871866
872016
872142
872221
872254
872313
872366
872403
872461
872486
872499
872813
872894
873035
873050
873057
873089
873113
873135
873140
873198
873444
873532
873541
873649
873674
873743
873749
873797
873865
873927
873948
874049
874082
874175
874196
874410
874659
874808
874863
874900
875034
875059
875067
875134
875148
875235
875430
875473
875763
875947
875974
876028
876391
876410
876552
876580
876651
876660
876728
876766
877134
877158
877170
877225
877285
877394
877408
877470
877612
877856
877874
877887
877888
877903
877956
877987
878159
878221
878254
878320
878336
878453
878498
878551
878563
878646
878672
878704
878723
879049
879080
879103
879131
879141
879222
879309
879444
879480
879499
879510
879558
879612
879806
880000
880080
880103
880110
880159
880221
880267
880744
880853
880954
881006
881064
881138
881146
881255
881293
881344
881501
881556
881561
881617
881763
881811
881854
881877
882066
882093
882330
882762
883093
883278
883328
883367
883456
883484
883503
883524
883680
883685
883801
883851
883959
883982
884000
884140
884147
884235
884335
884481
884502
884531
884647
884657
884839
885111
885295
885302
885478
885500
885507
885529
885604
885788
885825
885921
886069
886164
886205
886260
886388
886483
886553
886596
886732
886800
887061
887075
887094
887198
887218
887322
887402
887416
887640
887753
887793
887874
887999
888164
888298
888339
888456
888539
888560
888790
888796
888909
888944
889109
889189
889235
889260
889279
889287
889412
889464
889516
889571
889593
889744
889759
889772
889823
889883
889916
889954
890023
890393
890462
890502
890682
890751
890768
890791
890907
890939
891002
891158
891186
891195
891217
891228
891255
891430
891462
891578
891643
891811
891890
891894
892006
892165
892252
892337
892358
892440
892459
892548
892579
892811
893029
893110
893255
893400
893510
893519
893555
893620
893733
894095
894169
894427
894469
894476
894697
894753
894773
894785
894798
894873
894891
894953
895052
895059
895066
895302
895309
895357
895378
895421
895427
895518
895558
895562
895594
895680
895701
895707
895727
895766
895822
896037
896046
896098
896168
896210
896229
896397
896618
896630
896775
896792
897096
897260
897393
897421
897442
897457
897562
897625
897633
897845
897909
897938
898007
898028
898127
898146
898285
898419
898487
898498
898874
898924
899096
899370
899422
899470
899534
899587
899607
899888
899905
899984
900263
900279
900374
900431
901611
901802
901870
901984
902099
902103
902183
902257
902362
902386
902468
902491
902571
902602
902688
902697
902777
902853
902915
902980
903042
903143
903413
903430
903462
903481
903797
903837
904269
904452
904631
904659
904697
904776
905091
905239
905367
905410
905415
905576
905588
905600
905673
905792
905817
905838
905946
905974
906088
906161
906182
906454
906472
906806
906894
907036
907054
907132
907154
907174
907182
907191
907223
907421
907478
907519
907546
907590
907692
907749
907764
907936
908016
908133
908143
908187
908282
908649
908658
908874
908992
909208
909321
909510
909643
909722
909804
909929
910000
910162
910173
910340
910454
910469
910636
910668
910687
910714
910740
910765
910865
910952
910982
911018
911045
911125
911156
911221
911230
911242
911277
911385
911392
911398
911478
911574
911650
911677
911689
911700
911760
911765
911852
911938
912285
912411
912500
912520
912602
912824
912894
912900
913102
913135
913209
913288
913302
913465
913770
913812
913880
913931
913959
913989
914050
914134
914258
914285
914567
914604
914837
914954
915001
915047
915053
915090
915376
915426
915479
915588
915617
915853
915988
916073
916228
916276
916323
916530
916607
916648
916851
917114
917174
917271
917383
917411
917420
917501
917550
917602
918267
918306
918557
918574
918622
918700
918782
919088
919173
919197
919416
919571
919632
919684
919700
919765
920004
920081
920197
920226
920295
920562
920588
920621
920858
920860
920904
920961
920977
921082
921194
921259
921452
921467
921684
921768
921961
922197
922279
922377
922553
922576
922723
922736
922758
922760
922789
923152
923191
923323
923447
923496
923512
923525
923564
923781
923827
923872
923908
923996
924162
924235
924278
924308
924388
924644
924763
924906
924923
925156
925261
925446
925514
925610
925679
925776
925851
925993
926084
926106
926138
926198
926208
926330
926434
926484
926497
926516
926530
926549
926582
926610
926626
926678
926872
926883
926925
927038
927094
927124
927259
927316
927428
927475
927527
927668
927681
927726
927754
927863
927878
927983
928043
928092
928162
928278
928391
928464
928507
928541
928586
928596
928676
928806
928864
928932
928969
929139
929200
929264
929346
929406
929410
929591
929609
929672
929689
929719
929913
929926
930045
930073
930149
930166
930219
930340
930400
930438
930442
930544
930670
930900
930974
931086
931270
931457
931522
931732
931750
931800
932264
932321
932519
932685
932694
932717
932754
932765
932797
932808
932848
933096
933127
933157
933227
933266
933394
933471
933488
933563
933618
933682
933690
933719
933770
933798
934044
934397
934458
934612
934640
934666
934728
934755
934763
934931
935003
935217
935290
935331
935671
935718
935757
935807
936117
936141
936286
936363
936501
936677
936733
936830
936956
937025
937136
937219
937342
937491
937547
937607
937772
937820
937850
937890
937908
937911
937940
938069
938287
938320
938481
939016
939110
939562
939590
939711
939765
939793
939960
940117
940184
940322
940389
940458
940487
940496
940602
940630
940642
940954
940986
941072
941136
941203
941448
941532
941598
941679
941725
941749
941795
941888
941904
941938
941980
942093
942189
942305
942325
942517
942556
942646
942689
942759
943138
943516
943891
944387
944639
944674
944692
944711
944800
944835
944894
944925
944939
944943
945000
945024
945052
945153
945340
945355
945382
945407
945444
945454
945515
945634
945701
945711
945871
945880
945974
946032
946081
946183
946268
946346
946366
946389
946739
946771
947005
947127
947161
947165
947305
947421
947510
947524
947566
947580
947603
947992
948059
948348
948365
948389
948446
948498
948831
948868
948899
948983
949097
949127
949142
949181
949257
949266
949457
949560
949569
949709
949787
949812
949817
949852
949933
949948
949987
950016
950060
950121
950144
950164
950277
950411
950466
950691
950987
951130
951226
951238
951253
951430
951487
951587
951599
951626
951664
951715
951789
951807
951861
951905
952026
952155
952285
952335
952413
952519
952553
952575
952591
952737
952761
952785
952809
952908
952915
952952
953056
953242
953246
953350
953469
953505
953591
953753
953780
953821
953847
953918
953973
954013
954042
954065
954080
954106
954116
954144
954269
954635
954720
954749
954878
955036
955077
955112
955178
955234
955270
955288
955307
955368
955451
955508
955620
955644
955652
955784
955819
955836
955980
956050
956161
956244
956280
956397
956400
956465
956549
956566
956694
956771
956859
956921
956937
957410
957523
957558
957637
957794
958044
958096
958107
958134
958188
958312
958609
958754
958796
958991
959022
959062
959070
959104
959217
959249
959365
959492
959552
959570
959671
959903
959930
960260
960283
960407
960422
960519
960614
960767
960826
960985
961101
961195
961248
961341
961369
961541
961701
961776
961828
961847
961950
962034
962197
962357
962462
962504
962523
962548
962618
962622
962774
962790
963092
963321
963333
963395
963518
963612
963781
963841
963974
964224
964286
964367
964423
964517
964518
964538
964597
964635
964780
964876
964954
965055
965090
965116
965195
965201
965246
965379
965421
965539
965554
965567
965669
965694
965719
965776
965835
965918
965936
966027
966084
966137
966146
966253
966305
966315
966347
966388
966415
966427
966501
966563
966595
966832
966842
967030
967169
967378
967418
967442
967457
967645
967680
967966
968143
968182
968250
968256
968295
968361
968519
968533
968561
968749
968801
968818
968830
969099
969238
969254
969291
969317
969331
969414
969495
969547
969680
969697
969768
969778
969938
970066
970337
970510
970669
970712
970852
970880
971075
971140
971155
971235
971261
971281
971387
971405
971448
971468
971510
971524
971704
971720
971834
971934
972207
972311
972338
972354
972463
972584
972627
972706
972804
972930
972952
972973
973138
973149
973320
973332
973406
973417
973426
973578
973602
973672
973779
973792
973887
973918
973926
973932
973935
974249
974476
974834
974872
974976
975007
975133
975153
975200
975214
975234
975281
975326
975337
975388
975403
975430
975624
975741
975880
975892
976136
976143
976319
976335
976378
976423
976462
976603
976660
976761
976798
976843
977436
977842
977889
978026
978108
978119
978165
978298
978432
978478
978544
978666
978708
978740
978797
978806
978829
978943
979002
979183
979238
979245
979279
979310
979502
979523
979780
980148
980192
980294
980429
980537
980550
980686
980739
980806
980864
980880
980918
981014
981028
981057
981234
981295
981464
981536
981541
981628
981636
981648
981709
981756
981779
981832
981919
981964
981993
982035
982087
982176
982432
982558
982576
982707
982717
982844
982971
982997
983041
983146
983218
983316
983420
983465
983521
983585
983614
983720
983799
983987
983993
984147
984156
984330
984360
984467
984559
984629
984656
984728
984792
984896
985034
985134
985162
985191
985251
985634
985677
985733
985753
985780
985826
985906
985941
986001
986027
986074
986166
986256
986335
986349
986430
986501
986553
986636
986663
986696
986775
986818
986874
986909
986938
987094
987176
987211
987237
987331
987373
987417
987618
987647
987805
987889
988037
988059
988155
988405
988718
988782
988992
989012
989050
989113
989160
989264
989396
989452
989513
989556
989566
989592
989612
989652
989703
989760
989848
989865
990041
990048
990115
990138
990147
990163
990234
990253
990290
990699
990716
990728
990849
990899
990937
991076
991081
991187
991222
991243
991299
991532
991709
991758
991775
991959
991989
992005
992231
992287
992532
992723
992771
992793
992861
992918
992936
992991
993092
993120
993172
993290
993307
993364
993420
993458
993594
993613
993663
993709
993838
993880
993936
993991
994004
994080
994089
994125
994199
994259
994294
994404
994476
994520
994588
994594
994636
994741
994784
994791
994970
995086
995092
995116
995157
995163
995188
995225
995338
995368
995407
995444
995583
995694
995803
995854
995902
995959
996047
996115
996229
996511
996631
996676
996790
996804
996825
996932
997005
997083
997150
997161
997171
997197
997359
997444
997482
997515
997553
997603
997686
997748
997835
997872
998050
998634
998680
998686
998714
998800
998817
998841
998864
998909
999082
999105
999243
999429
999471
999507
999525
999542
999756
999774
999800
999820
1000068
1000122
1000153
1000222
1000312
1000449
1000468
1000475
1000489
1000576
1000595
1000608
1000729
1000807
1001188
1001195
1001238
1001259
1001365
1001413
1001517
1001535
1001693
1001744
1001787
1001882
1001917
1002022
1002329
1002349
1002479
1002575
1002589
1002795
1003019
1003097
1003226
1003254
1003344
1003477
1003520
1003544
1003757
1003799
1003834
1003887
1003912
1004088
1004089
1004099
1004254
1004274
1004364
1004411
1004436
1004539
1004652
1004720
1004852
1004857
1004948
1004973
1005062
1005077
1005332
1005449
1005990
1006088
1006174
1006203
1006301
1006341
1006353
1006376
1006452
1006612
1006624
1006642
1006659
1006674
1006788
1006816
1006897
1007007
1007185
1007197
1007229
1007267
1007393
1007544
1007571
1007959
1008080
1008118
1008148
1008199
1008226
1008301
1008420
1008582
1008782
1008791
1008954
1009086
1009182
1009196
1009215
1009230
1009284
1009295
1009336
1009347
1009360
1009447
1009664
1009673
1009693
1009805
1009824
1009839
1009877
1009940
1009997
1009999
1010095
1010116
1010131
1010277
1010364
1010373
1010474
1010613
1010754
1010854
1010911
1010954
1010962
1011072
1011102
1011116
1011156
1011199
1011246
1011263
1011378
1011464
1011796
1011954
1012487
1012547
1012610
1012700
1012716
1012807
1012834
1012996
1013000
1013026
1013171
1013309
1013358
1013523
1013565
1013583
1013613
1013707
1013800
1013930
1013951
1014282
1014391
1014572
1014620
1014720
1015087
1015121
1015306
1015437
1015490
1015542
1015926
1015959
1016252
1016335
1016503
1016548
1016683
1016745
1016786
1016813
1016844
1016855
1016907
1016980
1017009
1017069
1017150
1017200
1017361
1017590
1017665
1017717
1017895
1018056
1018211
1018224
1018438
1018523
1018549
1018650
1018957
1018975
1019031
1019103
1019142
1019597
1019645
1019742
1019895
1019943
1020186
1020299
1020314
1020341
1020351
1020366
1020383
1020440
1020659
1020711
1020867
1020915
1021016
1021087
1021117
1021174
1021318
1021345
1021433
1021671
1021694
1021860
1021993
1022066
1022104
1022319
1022387
1022413
1022575
1022960
1023027
1023043
1023147
1023213
1023283
1023292
1023349
1023353
1023373
1023433
1023473
1023632
1023735
1023856
1023931
1024047
1024117
1024298
1024334
1024547
1024567
1024625
1024650
1024856
1024883
1024891
1024948
1024963
1025060
1025072
1025080
1025276
1025312
1025381
1025421
1025632
1025681
1025857
1026028
1026110
1026117
1026592
1026628
1026688
1026751
1026761
1026946
1027043
1027083
1027321
1027391
1027411
1027424
1027858
1027934
1028012
1028031
1028072
1028176
1028235
1028263
1028270
1028511
1028569
1028701
1028843
1028999
1029305
1029391
1029398
1029491
1029511
1029582
1029754
1030039
1030235
1030400
1030815
1030854
1030874
1031047
1031146
1031170
1031201
1031245
1031337
1031442
1031596
1031670
1031725
1032312
1032363
1032571
1032639
1032754
1032943
1032991
1033068
1033077
1033157
1033180
1033219
1033277
1033372
1033393
1033522
1033841
1033869
1034032
1034057
1034067
1034076
1034212
1034237
1034259
1034364
1034406
1034478
1034509
1034548
1034808
1034832
1034854
1034888
1034969
1035011
1035075
1035222
1035268
1035364
1035609
1035614
1035884
1035904
1035957
1036325
1036416
1036528
1036624
1036794
1036797
1036851
1037127
1037159
1037229
1037268
1037293
1037309
1037336
1037365
1037492
1037636
1037895
1038068
1038083
1038093
1038243
1038343
1038361
1038586
1038882
1038983
1038992
1039002
1039202
1039224
1039235
1039330
1039399
1039448
1039473
1039542
1039675
1039720
1039755
1039762
1039805
1039834
1040003
1040051
1040106
1040119
1040142
1040269
1040320
1040727
1040769
1040903
1040971
1041059
1041149
1041199
1041221
1041313
1041482
1041536
1041778
1041842
1041925
1041964
1042039
1042090
1042240
1042517
1042589
1042651
1042753
1042883
1042927
1042952
1043009
1043090
1043425
1043637
1043823
1043857
1043932
1043946
1043970
1043989
1044186
1044201
1044266
1044277
1044364
1044396
1044483
1044548
1044558
1044717
1044740
1044787
1044891
1045024
1045131
1045188
1045198
1045236
1045282
1045353
1045393
1045612
1045630
1045643
1045655
1045712
1045723
1045794
1045830
1045934
1045972
1046005
1046136
1046296
1046326
1046354
1046554
1046702
1046707
1046967
1047408
1047448
1047538
1047545
1047614
1047661
1047737
1047809
1047864
1047871
1047946
1047956
1047992
1048014
1048098
1048104
1048117
1048167
1048217
1048309
1048519
1048654
1048678
1048702
1048803
1048879
1048908
1049021
1049065
1049233
1049271
1049420
1049502
1049537
1049608
1049746
1050124
1050268
1050312
1050323
1050407
1050465
1050508
1050526
1050616
1050740
1050979
1051013
1051043
1051206
1051208
1051212
1051316
1051379
1051398
1051407
1051438
1051532
1051540
1051583
1051601
1051639
1051689
1051820
1051914
1052069
1052119
1052143
1052171
1052191
1052401
1052484
1052531
1052543
1052645
1052760
1052784
1052932
1052970
1053238
1053247
1053418
1053464
1053589
1053647
1053742
1053753
1053768
1053779
1053931
1053939
1053971
1054069
1054134
1054159
1054171
1054211
1054218
1054236
1054319
1054607
1054644
1054662
1054685
1054737
1054835
1054918
1055043
1055067
1055154
1055304
1055317
1055903
1055921
1056052
1056235
1056414
1056484
1056534
1056611
1056693
1056831
1056886
1056925
1056940
1056942
1057039
1057244
1057259
1057365
1057421
1057425
1057438
1057474
1057893
1057931
1057988
1058155
1058161
1058202
1058241
1058254
1058406
1058418
1058575
1058613
1058676
1058733
1058831
1058841
1058899
1058923
1059088
1059234
1059491
1059583
1059591
1059748
1059884
1059930
1059978
1060022
1060078
1060117
1060161
1060190
1060277
1060286
1060375
1060445
1060497
1060585
1060605
1060621
1060974
1060993
1061013
1061105
1061278
1061314
1061393
1061591
1061644
1061777
1061835
1061901
1062007
1062160
1062171
1062238
1062248
1062588
1062644
1062669
1062743
1062757
1062900
1062917
1063065
1063183
1063192
1063212
1063222
1063238
1063272
1063284
1063396
1063494
1063521
1063542
1063550
1063615
1063638
1063685
1063710
1063720
1063778
1063794
1063862
1063912
1063957
1064100
1064127
1064226
1064351
1064437
1064567
1064620
1064667
1064693
1064746
1064849
1064870
1064878
1064885
1064939
1065490
1065581
1065681
1065846
1065905
1066061
1066108
1066117
1066174
1066226
1066270
1066335
1066370
1066453
1066480
1066730
1066973
1067001
1067051
1067078
1067113
1067410
1067456
1067570
1067606
1067692
1067744
1067774
1067828
1067918
1068008
1068187
1068413
1068503
1068600
1068781
1068859
1068920
1068972
1068994
1069012
1069023
1069133
1069168
1069254
1069291
1069296
1069297
1069311
1069376
1069409
1069450
1069534
1069567
1069600
1069610
1069671
1069831
1069929
1070141
1070220
1070254
1070279
1070303
1070361
1070454
1070460
1070469
1070536
1070642
1070730
1070749
1071024
1071073
1071133
1071258
1071504
1071509
1071774
1071853
1071929
1071947
1071959
1071964
1072002
1072035
1072049
1072153
1072251
1072276
1072301
1072480
1072574
1072876
1073025
1073054
1073222
1073247
1073337
1073376
1073557
1073568
1073666
1073765
1073780
1073892
1073917
1073932
1074091
1074148
1074194
1074256
1074363
1074427
1074464
1074541
1074560
1074791
1075371
1075449
1075484
1075515
1075701
1075755
1075811
1075820
1075831
1075879
1076143
1076176
1076191
1076213
1076315
1076344
1076519
1076591
1076626
1076759
1076814
1076872
1076920
1076986
1077000
1077035
1077055
1077187
1077256
1077354
1077779
1077883
1078128
1078151
1078442
1078519
1078570
1078782
1078844
1078910
1079026
1079072
1079074
1079164
1079193
1079202
1079214
1079249
1079260
1079271
1079321
1079503
1079554
1079571
1079583
1079627
1079703
1079748
1079811
1079828
1079883
1080080
1080177
1080508
1080522
1080590
1080829
1080895
1081006
1081024
1081272
1081333
1081358
1081485
1081552
1081617
1081763
1081810
1081840
1081854
1081865
1081874
1081885
1081981
1082014
1082032
1082185
1082287
1082381
1082390
1082398
1082434
1082657
1082721
1082898
1082905
1082973
1083002
1083130
1083385
1083534
1083588
1083649
1083870
1083925
1083945
1084086
1084169
1084251
1084455
1084586
1084685
1084691
1084701
1084709
1085005
1085025
1085148
1085275
1085279
1085688
1085761
1085785
1086083
1086102
1086209
1086267
1086304
1086332
1086345
1086363
1086431
1086454
1086467
1086498
1086511
1086739
1086850
1086857
1087004
1087012
1087013
1087070
1087093
1087568
1087894
1087920
1087951
1088060
1088120
1088192
1088270
1088311
1088402
1088590
1088597
1088773
1088787
1088895
1088915
1088927
1088991
1089080
1089126
1089137
1089155
1089160
1089251
1089285
1089294
1089321
1089340
1089360
1089714
1089737
1089817
1090005
1090014
1090104
1090131
1090226
1090258
1090294
1090328
1090386
1090437
1090555
1090671
1090693
1090796
1090880
1090901
1090908
1090924
1090992
1091044
1091296
1091334
1091369
1091406
1091539
1091557
1091651
1091753
1091776
1091802
1091888
1091925
1092028
1092102
1092119
1092218
1092246
1092254
1092293
1092315
1092504
1092566
1092570
1092605
1092625
1092669
1092699
1092705
1092732
1092761
1092824
1092875
1093087
1093299
1093312
1093338
1093574
1093611
1093734
1093776
1093844
1093858
1093968
1094133
1094242
1094392
1094624
1094677
1094721
1094746
1095141
1095224
1095278
1095287
1095616
1095764
1095976
1096195
1096277
1096340
1096371
1096440
1096531
1096659
1096666
1096733
1096867
1096884
1096910
1096935
1097083
1097124
1097185
1097281
1097372
1097426
1097512
1097564
1097704
1097800
1097927
1097981
1098210
1098245
1098376
1098574
1098615
1098655
1098840
1098883
1098970
1098989
1099027
1099067
1099384
1099456
1099480
1099511
1099568
1099744
1099756
1099972
1099988
1100017
1100039
1100314
1100422
1100529
1100543
1100691
1100827
1100833
1100932
1101054
1101113
1101151
1101183
1101206
1101231
1101245
1101386
1101406
1101447
1101456
1101567
1101743
1101795
1101812
1101830
1101851
1101873
1101897
1101917
1101958
1101990
1102034
1102103
1102113
1102146
1102212
1102283
1102337
1102353
1102369
1102546
1102576
1102611
1102623
1102725
1102737
1102750
1102859
1102878
1103044
1103074
1103149
1103180
1103201
1103309
1103343
1103353
1103405
1103476
1103538
1103583
1103649
1103674
1103704
1103716
1103809
1103865
1103954
1104011
1104050
1104344
1104423
1104924
1104942
1104978
1105012
1105050
1105085
1105197
1105600
1105635
1105650
1105859
1105877
1106068
1106326
1106351
1106446
1106628
1106736
1106805
1107245
1107348
1107406
1107441
1107469
1107610
1107643
1107673
1107746
1107784
1107844
1107955
1108126
1108283
1108348
1108451
1108495
1108513
1108526
1108585
1108611
1108677
1108686
1108790
1108851
1108895
1109218
1109396
1109402
1109417
1109496
1109522
1109586
1109765
1109803
1110007
1110162
1110368
1110437
1110509
1110754
1110873
1111033
1111315
1111333
1111515
1111830
1111965
1112030
1112119
1112125
1112264
1112418
1112480
1112504
1112516
1112609
1112757
1112843
1112911
1112992
1113075
1113147
1113150
1113191
1113359
1113447
1113556
1113585
1113633
1113639
1113809
1113830
1113902
1113943
1114071
1114157
1114281
1114302
1114308
1114367
1114385
1114440
1114632
1114714
1115115
1115223
1115399
1115429
1115579
1115635
1115850
1115909
1115939
1115957
1116225
1116238
1116277
1116370
1116411
1116804
1116902
1117196
1117204
1117298
1117324
1117486
1117718
1117943
1118152
1118176
1118213
1118261
1118282
1118291
1118305
1118705
1118725
1118753
1118776
1118867
1119004
1119051
1119121
1119276
1119412
1119505
1119530
1119560
1119604
1119630
1119654
1119721
1119732
1119749
1119927
1120125
1120297
1120621
1120636
1120810
1121118
1121334
1121556
1121645
1121680
1121777
1121854
1122030
1122189
1122210
1122235
1122243
1122302
1122367
1122494
1122506
1122515
1122592
1122645
1122724
1122799
1122870
1122975
1123146
1123157
1123181
1123276
1123318
1123413
1123459
1123633
1123706
1123767
1123865
1123928
1123985
1124008
1124055
1124116
1124288
1124406
1124431
1124683
1124715
1124757
1124776
1124801
1124815
1125054
1125137
1125167
1125211
1125247
1125290
1125346
1125428
1125452
1125549
1125570
1125595
1125659
1125772
1125797
1125939
1125987
1126014
1126141
1126153
1126350
1126710
1126810
1126895
1126902
1126915
1126989
1127015
1127036
1127190
1127220
1127436
1127454
1127467
1127519
1127529
1127535
1127551
1127610
1127898
1127951
1127999
1128013
1128042
1128115
1128133
1128141
1128255
1128266
1128298
1128423
1128467
1128526
1128548
1128625
1128732
1128820
1128921
1128926
1128960
1129004
1129245
1129582
1129682
1129782
1129880
1129935
1129977
1130015
1130037
1130068
1130367
1130460
1130602
1130660
1130684
1130691
1130763
1130817
1130835
1130855
1130859
1130886
1130905
1130988
1131250
1131550
1131600
1131636
1131670
1131701
1131794
1131829
1131898
1132013
1132176
1132289
1132681
1132705
1132721
1132799
1132825
1132908
1132989
1133083
1133133
1133243
1133347
1133395
1133398
1133464
1133700
1133715
1133823
1133845
1133932
1133965
1134055
1134072
1134170
1134223
1134273
1134537
1134544
1134568
1134612
1134704
1134746
1134769
1134780
1134902
1134931
1135079
1135157
1135188
1135306
1135334
1135342
1135426
1135499
1135527
1135531
1135565
1135585
1135647
1135735
1135750
1135834
1135911
1136022
1136153
1136527
1136659
1136758
1136777
1136799
1136905
1136975
1137007
1137023
1137078
1137086
1137197
1137209
1137220
1137258
1137291
1137322
1137425
1137487
1137553
1137602
1137882
1138029
1138059
1138080
1138229
1138266
1138316
1138421
1138533
1138549
1138575
1138606
1138611
1138620
1138630
1138692
1138774
1138821
1138922
1138973
1139062
1139126
1139215
1139401
1139447
1139609
1139645
1139697
1139707
1139738
1139762
1139784
1139923
1139982
1139996
1140100
1140163
1140226
1140287
1140331
1140348
1140367
1140439
1140515
1140611
1140689
1140734
1140799
1140860
1140867
1140883
1140920
1140951
1140965
1140987
1141001
1141095
1141156
1141228
1141369
1141441
1141549
1141608
1141648
1141781
1141834
1142080
1142207
1142219
1142368
1142381
1142401
1142459
1142494
1142574
1142711
1142734
1142760
1142845
1142946
1142997
1143018
1143036
1143111
1143218
1143477
1143503
1143582
1143605
1143683
1143715
1143942
1144051
1144125
1144260
1144298
1144422
1144678
1144757
1144771
1144808
1144884
1144958
1145025
1145115
1145127
1145152
1145167
1145206
1145240
1145296
1145401
1145538
1145579
1145584
1145588
1145640
1145652
1145731
1145791
1145809
1145844
1145871
1145876
1145904
1145977
1145999
1146407
1146514
1146698
1146790
1146890
1146900
1146904
1146996
1147150
1147196
1147204
1147232
1147300
1147309
1147428
1147434
1147447
1147616
1147674
1147842
1147849
1147947
1148174
1148263
1148298
1148322
1148407
1148419
1148581
1148588
1148644
1148676
1148693
1148777
1148876
1149192
1149366
1149406
1149480
1149576
1149595
1149663
1149704
1149785
1149812
1149878
1149916
1150189
1150235
1150425
1150506
1150510
1150522
1150578
1150669
1150747
1151011
1151169
1151245
1151254
1151264
1151336
1151348
1151528
1151627
1151766
1151787
1151906
1151974
1152006
1152075
1152370
1152528
1152580
1152609
1152637
1152740
1152838
1152857
1153016
1153111
1153142
1153174
1153509
1153535
1153558
1153570
1153662
1153698
1153738
1153774
1153973
1154052
1154530
1154676
1154769
1154902
1154906
1155112
1155137
1155354
1155437
1155506
1155517
1155747
1155811
1155829
1155935
1155958
1156034
1156268
1156321
1156460
1156484
1156509
1156563
1156643
1156731
1156761
1157157
1157162
1157173
1157245
1157282
1157332
1157392
1157573
1157605
1157752
1157796
1157882
1157910
1158130
1158152
1158217
1158282
1158349
1158463
1158507
1158552
1158582
1158610
1158658
1158795
1158838
1158966
1159003
1159064
1159081
1159100
1159144
1159381
1159420
1159434
1159440
1159456
1159475
1159491
1159529
1159606
1159737
1159848
1159890
1159948
1160034
1160233
1160239
1160325
1160339
1160392
1160493
1160584
1160608
1160683
1160698
1160726
1160798
1160817
1160829
1160863
1161102
1161109
1161159
1161325
1161361
1161437
1161616
1161739
1161779
1161866
1161893
1161984
1162019
1162233
1162388
1162409
1162418
1162477
1162512
1162541
1162773
1162790
1162911
1162926
1162939
1162959
1162976
1163001
1163127
1163268
1163394
1163445
1163485
1164059
1164076
1164277
1164382
1164434
1164512
1164623
1164675
1164715
1164725
1164748
1164759
1164921
1164944
1165075
1165321
1165465
1165472
1165529
1165615
1165865
1165893
1165915
1165980
1166379
1166388
1166505
1166677
1166772
1166777
1166832
1166963
1167003
1167020
1167044
1167168
1167196
1167235
1167510
1167646
1167675
1167858
1167896
1167918
1168028
1168046
1168121
1168204
1168278
1168312
1168350
1168362
1168385
1168498
1168567
1168749
1168790
1168904
1169024
1169065
1169180
1169521
1169707
1169741
1170007
1170043
1170055
1170101
1170281
1170337
1170370
1170393
1170491
1170507
1170661
1170694
1170730
1170742
1170857
1170998
1171029
1171128
1171184
1171252
1171272
1171340
1171406
1171415
1171442
1171551
1171645
1171694
1171737
1171751
1171780
1171855
1172045
1172061
1172189
1172252
1172266
1172355
1172389
1172427
1172465
1172479
1172617
1172770
1172885
1172900
1172953
1172967
1172980
1173046
1173085
1173211
1173269
1173297
1173355
1173435
1173521
1173574
1173586
1173644
1173721
1173756
1173905
1173944
1173978
1174004
1174021
1174061
1174071
1174110
1174248
1174361
1174503
1174527
1174550
1174583
1174714
1174783
1174863
1174892
1174960
1175040
1175184
1175307
1175442
1175538
1175551
1175652
1175724
1175821
1175889
1175924
1175975
1176029
1176109
1176252
1176271
1176428
1176449
1176492
1176504
1176541
1176758
1176794
1176848
1176856
1176883
1176891
1176949
1177014
1177065
1177098
1177145
1177168
1177192
1177254
1177265
1177299
1177337
1177374
1177396
1177527
1177560
1177671
1177714
1177809
1177972
1178154
1178213
1178295
1178343
1178351
1178359
1178488
1178511
1178553
1178637
1178734
1178761
1178766
1178814
1178848
1178890
1178906
1178921
1178943
1179020
1179052
1179238
1179265
1179300
1179368
1179508
1179530
1179687
1179804
1179840
1179916
1179926
1179951
1179999
1180042
1180085
1180171
1180507
1180603
1180699
1180738
1180893
1180916
1180942
1180995
1181101
1181114
1181177
1181362
1181500
1181505
1181515
1181690
1181698
1181762
1181801
1181848
1181906
1181959
1182134
1182174
1182291
1182305
1182322
1182556
1182578
1182888
1182997
1183025
1183327
1183517
1183532
1183570
1183577
1183811
1183822
1183829
1183921
1183944
1183962
1184012
1184098
1184404
1184408
1184451
1184458
1184493
1184613
1184620
1184871
1184878
1185085
1185178
1185254
1185318
1185331
1185412
1185548
1185665
1185706
1185748
1185761
1185860
1185911
1185947
1185993
1186077
1186089
1186125
1186283
1186320
1186483
1186507
1186538
1186670
1186924
1186993
1187055
1187096
1187140
1187168
1187174
1187248
1187548
1187613
1187668
1187777
1187851
1187890
1187904
1187921
1187973
1188190
1188349
1188624
1188666
1188856
1188959
1189143
1189223
1189271
1189355
1189561
1189575
1189602
1189629
1189694
1189782
1189907
1189955
1190146
1190166
1190186
1190281
1190388
1190413
1190711
1190752
1190795
1190874
1190924
1191053
1191260
1191291
1191344
1191415
1191434
1191475
1191492
1191677
1191706
1191741
1191820
1191893
1192036
1192093
1192135
1192166
1192234
1192339
1192405
1192441
1192474
1192610
1192764
1193013
1193017
1193092
1193156
1193344
1193420
1193596
1193644
1193653
1193733
1193755
1193809
1193824
1193893
1194148
1194178
1194251
1194355
1194371
1194489
1194507
1194543
1194552
1194682
1194695
1194723
1194759
1194816
1194877
1194886
1194917
1194983
1194995
1195016
1195032
1195056
1195096
1195133
1195181
1195390
1195396
1195521
1195574
1195600
1195720
1195746
1195856
1195975
1195985
1195993
1196145
1196306
1196380
1196454
1196477
1196563
1196585
1196708
1196737
1196858
1196912
1196950
1197004
1197096
1197210
1197332
1197459
1197613
1197878
1197912
1197934
1198009
1198027
1198264
1198285
1198301
1198331
1198365
1198375
1198407
1198431
1198502
1198672
1198679
1198795
1198816
1199051
1199125
1199237
1199261
1199298
1199309
1199359
1199472
1199485
1199588
1199606
1199726
1199772
1199784
1200010
1200025
1200079
1200210
1200238
1200251
1200266
1200359
1200400
1200435
1200471
1200597
1200814
1200883
1200962
1200969
1200973
1201176
1201304
1201341
1201427
1201497
1201567
1201718
1201781
1201803
1201852
1201863
1201872
1201904
1201984
1202040
1202371
1202381
1202515
1202565
1202625
1202967
1203214
1203344
1203423
1203477
1203645
1203711
1203720
1203739
1203750
1203814
1203823
1203841
1203855
1204191
1204292
1204382
1204437
1204452
1204485
1204517
1204593
1204623
1204765
1204814
1204834
1204840
1204861
1204984
1205003
1205013
1205082
1205090
1205143
1205231
1205259
1205279
1205395
1205723
1205783
1205818
1206263
1206364
1206430
1206611
1206637
1206718
1206896
1207096
1207113
1207144
1207347
1207376
1207443
1207584
1207591
1207618
1207827
1207858
1207968
1207994
1208040
1208063
1208128
1208227
1208348
1208442
1208502
1208524
1208688
1208760
1208883
1208915
1208999
1209076
1209133
1209202
1209263
1209279
1209351
1209391
1209491
1209563
1209571
1209585
1209861
1209920
1209974
1210023
1210038
1210113
1210159
1210342
1210349
1210355
1210379
1210463
1210479
1210532
1210572
1210608
1210632
1210699
1210989
1211079
1211130
1211160
1211183
1211195
1211204
1211226
1211276
1211411
1211658
1211712
1211820
1211884
1211919
1211987
1212065
1212092
1212132
1212331
1212359
1212557
1212694
1212698
1212734
1212849
1212922
1213043
1213075
1213102
1213193
1213241
1213338
1213682
1213985
1214045
1214284
1214532
1214984
1215070
1215090
1215272
1215440
1215497
1215509
1215562
1215595
1215685
1215738
1215837
1215880
1216213
1216457
1216524
1216608
1216699
1216835
1216928
1216933
1217138
1217169
1217312
1217332
1217351
1217365
1217430
1217445
1217615
1217770
1218068
1218081
1218147
1218242
1218297
1218310
1218457
1218617
1218623
1218634
1218641
1218764
1218785
1218813
1218873
1218892
1219040
1219117
1219480
1219507
1219747
1220102
1220119
1220146
1220183
1220292
1220353
1220468
1220762
1220973
1221143
1221163
1221178
1221320
1221345
1221403
1221429
1221529
1221662
1221672
1221694
1221816
1221945
1221956
1222206
1222238
1222250
1222314
1222332
1222350
1222428
1222523
1222676
1222715
1222736
1222778
1222839
1222903
1223023
1223097
1223210
1223254
1223286
1223457
1223516
1223554
1223737
1223839
1223867
1223950
1223982
1224057
1224072
1224100
1224219
1224317
1224404
1224429
1224476
1224495
1224607
1224681
1224757
1224864
1224924
1224950
1225118
1225145
1225164
1225372
1225403
1225518
1225570
1225706
1225803
1225892
1225930
1226070
1226214
1226331
1226336
1226351
1226512
1226523
1226552
1226656
1226667
1226755
1226771
1226964
1227034
1227155
1227164
1227221
1227232
1227261
1227397
1227563
1227576
1227611
1227801
1227870
1227892
1227942
1227956
1228057
1228136
1228203
1228262
1228328
1228354
1228460
1228514
1228589
1228598
1228620
1228704
1228746
1228805
1228811
1228817
1228841
1228995
1229038
1229104
1229232
1229248
1229301
1229316
1229513
1229669
1229726
1229750
1229812
1229897
1229902
1229971
1230219
1230266
1230314
1230369
1230402
1230423
1230560
1230574
1230692
1231016
1231027
1231117
1231228
1231270
1231290
1231359
1231427
1231445
1231453
1231898
1232028
1232056
1232177
1232287
1232427
1232488
1232510
1232543
1232565
1232628
1232670
1232753
1232874
1232892
1232919
1232966
1233027
1233049
1233208
1233301
1233329
1233347
1233503
1233510
1233585
1233622
1233914
1234003
1234080
1234138
1234226
1234265
1234297
1234397
1234418
1234503
1234515
1234602
1234777
1234854
1234917
1235056
1235084
1235119
1235377
1235524
1235551
1235585
1235615
1235636
1235715
1235737
1235789
1235824
1235902
1235925
1235940
1235999
1236173
1236251
1236315
1236318
1236354
1236438
1236448
1236585
1236619
1236634
1236927
1236941
1236955
1237249
1237299
1237511
1237558
1237572
1237671
1237877
1237901
1237948
1237958
1238064
1238105
1238363
1238371
1238385
1238521
1238575
1238598
1238621
1238842
1238857
1238919
1238935
1239031
1239045
1239062
1239180
1239603
1239641
1239734
1239761
1239882
1239919
1240146
1240320
1240338
1240345
1240615
1240739
1240851
1240990
1241092
1241147
1241274
1241395
1241404
1241466
1241659
1241868
1242523
1242543
1242564
1242666
1242691
1242893
1243019
1243071
1243258
1243351
1243675
1243768
1243900
1243962
1244114
1244136
1244174
1244198
1244276
1244422
1244478
1244590
1244678
1244746
1244759
1244812
1244849
1244871
1244917
1244965
1244978
1245061
1245193
1245201
1245241
1245262
1245445
1245486
1245580
1245739
1245748
1245821
1245956
1246090
1246170
1246231
1246373
1246425
1246449
1246607
1246616
1246695
1246758
1246865
1247001
1247213
1247250
1247301
1247322
1247351
1247417
1247435
1247470
1247565
1247577
1247716
1247748
1247984
1248003
1248020
1248106
1248121
1248171
1248433
1248462
1248510
1248532
1248569
1248576
1248578
1248599
1248606
1248636
1248695
1248722
1248846
1248915
1249066
1249250
1249292
1249316
1249431
1249562
1249616
1249800
1249927
1249964
1249988
1250077
1250139
1250167
1250171
1250211
1250402
1250508
1250620
1250701
1250864
1250925
1250998
1251104
1251258
1251356
1251440
1251519
1251533
1251547
1251568
1251587
1251594
1252216
1252355
1252360
1252513
1252529
1252538
1252583
1252599
1252703
1252802
1252852
1252871
1252954
1253065
1253126
1253158
1253216
1253245
1253329
1253387
1253401
1253500
1253569
1253631
1253921
1253938
1254085
1254128
1254144
1254207
1254312
1254540
1254558
1254581
1254588
1254597
1254612
1254676
1254816
1254887
1254980
1254988
1255042
1255104
1255328
1255356
1255516
1255604
1255669
1255682
1255809
1255917
1256032
1256079
1256176
1256194
1256243
1256293
1256339
1256368
1256372
1256433
1256457
1256521
1256702
1256775
1256828
1256843
1256886
1256923
1256986
1257085
1257320
1257349
1257396
1257607
1257623
1257689
1257734
1257816
1257881
1258024
1258109
1258144
1258178
1258197
1258284
1258312
1258358
1258427
1258502
1258544
1258591
1258618
1258649
1258782
1258918
1259057
1259184
1259297
1259396
1259447
1259532
1259542
1259667
1259869
1259964
1260097
1260128
1260143
1260148
1260179
1260202
1260255
1260339
1260421
1260546
1260590
1260649
1260718
1260745
1260757
1260784
1260799
1260875
1260959
1260972
1261020
1261037
1261071
1261208
1261416
1261581
1261773
1261851
1261868
1261892
1261963
1261973
1262055
1262094
1262138
1262172
1262197
1262296
1262382
1262412
1262467
1262476
1262499
1262516
1262634
1262641
1262729
1262748
1262757
1262784
1262796
1262810
1262848
1262880
1262919
1262949
1263033
1263150
1263201
1263234
1263273
1263456
1263629
1263658
1263665
1263686
1263777
1263852
1263889
1263934
1263947
1264007
1264141
1264175
1264271
1264301
1264327
1264487
1264506
1264522
1264551
1264649
1264674
1264695
1264865
1264888
1264919
1265103
1265201
1265252
1265268
1265333
1265355
1265440
1265624
1265633
1265731
1265748
1265768
1265865
1266017
1266170
1266195
1266363
1266458
1266645
1266783
1266789
1266931
1266983
1267104
1267333
1267414
1267521
1267561
1267577
1267617
1267796
1267846
1267873
1268002
1268114
1268130
1268158
1268171
1268225
1268259
1268276
1268357
1268384
1268574
1268634
1268717
1269013
1269241
1269283
1269338
1269629
1269647
1269780
1269947
1269971
1269976
1270009
1270021
1270135
1270160
1270210
1270230
1270308
1270416
1270481
1270702
1270743
1270841
1270872
1270905
1270937
1270961
1271197
1271241
1271272
1271283
1271361
1271524
1271547
1271900
1271920
1272003
1272113
1272157
1272186
1272211
1272276
1272364
1272405
1272459
1272526
1272539
1272684
1272693
1272749
1272872
1272915
1273002
1273022
1273071
1273082
1273123
1273297
1273337
1273362
1273399
1273416
1273442
1273451
1273545
1273660
1273672
1273723
1273731
1273737
1273832
1273899
1273959
1274021
1274044
1274093
1274400
1274540
1274613
1274823
1275021
1275225
1275441
1275456
1275584
1275703
1275762
1275803
1275833
1276040
1276083
1276091
1276108
1276113
1276174
1276198
1276206
1276231
1276380
1276495
1276652
1276737
1276978
1277033
1277048
1277115
1277127
1277573
1277605
1277647
1277650
1277663
1277674
1277894
1277946
1277956
1278140
1278278
1278319
1278380
1278546
1278624
1278733
1278771
1278801
1278883
1278904
1278950
1279091
1279098
1279698
1279733
1279786
1279950
1279977
1280014
1280035
1280050
1280095
1280340
1280428
1280502
1280601
1280703
1280739
1281006
1281087
1281209
1281229
1281311
1281484
1281533
1281547
1281647
1281867
1281934
1282027
1282044
1282114
1282142
1282237
1282277
1282316
1282364
1282372
1282546
1282576
1282623
1282665
1282786
1282899
1283093
1283174
1283667
1283685
1283854
1283922
1283991
1283999
1284078
1284197
1284211
1284229
1284328
1284445
1284514
1284860
1284935
1284949
1284970
1284982
1285405
1285622
1285918
1285961
1286048
1286418
1286471
1286498
1286520
1286544
1286562
1286620
1286860
1287067
1287095
1287290
1287309
1287334
1287435
1287469
1287591
1287618
1287725
1287753
1287774
1287809
1287885
1287901
1288027
1288058
1288173
1288348
1288502
1288597
1288625
1288668
1288718
1288762
1288802
1288988
1289220
1289230
1289372
1289399
1289423
1289434
1289440
1289499
1289512
1289522
1289539
1289561
1289633
1289691
1289785
1289861
1289994
1290111
1290204
1290236
1290260
1290318
1290440
1290558
1290571
1290626
1290705
1290773
1290807
1290818
1291041
1291091
1291233
1291249
1291270
1291286
1291391
1291590
1291654
1291844
1291903
1291940
1292092
1292152
1292242
1292300
1292391
1292638
1292869
1292886
1292913
1292955
1293028
1293158
1293305
1293708
1293780
1293819
1293908
1293974
1294011
1294172
1294285
1294567
1294650
1294679
1294713
1294754
1294806
1295009
1295073
1295116
1295188
1295210
1295281
1295414
1295441
1295452
1295638
1295641
1295907
1295967
1296016
1296130
1296146
1296189
1296231
1296302
1296460
1296502
1296510
1296652
1296801
1296830
1297117
1297176
1297294
1297442
1297470
1297601
1297657
1297687
1297710
1297792
1297859
1298004
1298142
1298301
1298400
1298419
1298540
1298715
1298912
1299213
1299221
1299230
1299269
1299529
1299565
1299572
1299586
1299625
1299670
1299711
1299939
1300058
1300062
1300212
1300367
1300398
1300415
1300430
1300557
1300657
1300743
1300778
1300863
1300867
1300949
1300991
1301023
1301288
1301337
1301353
1301363
1301480
1301528
1301621
1301635
1301952
1302143
1302154
1302253
1302273
1302293
1302384
1302572
1302753
1302922
1303032
1303078
1303153
1303291
1303310
1303427
1303433
1303556
1303628
1303631
1303700
1303710
1303865
1303952
1304000
1304080
1304354
1304445
1304467
1304540
1304553
1304688
1304733
1304744
1304748
1304836
1305067
1305159
1305180
1305252
1305634
1305656
1305684
1305738
1305815
1305844
1305928
1306048
1306111
1306193
1306247
1306263
1306334
1306343
1306351
1306549
1306619
1306682
1306722
1306858
1307059
1307076
1307090
1307135
1307225
1307401
1307406
1307442
1307503
1307615
1307727
1307762
1307850
1307929
1307947
1307985
1308026
1308125
1308137
1308156
1308247
1308306
1308515
1308589
1308606
1308653
1308718
1308751
1308760
1308777
1308804
1308901
1308983
1309119
1309294
1309314
1309456
1309554
1309609
1309773
1309820
1310053
1310158
1310167
1310234
1310280
1310321
1310344
1310440
1310642
1310789
1310792
1310820
1310828
1310862
1311007
1311030
1311047
1311126
1311137
1311238
1311257
1311302
1311329
1311345
1311372
1311393
1311431
1311520
1311865
1312107
1312138
1312155
1312170
1312179
1312310
1312411
1312418
1312440
1312510
1312542
1312595
1312952
1312973
1313306
1313318
1313333
1313476
1313524
1313549
1313560
1313721
1313746
1313924
1314032
1314100
1314197
1314433
1314490
1314568
1314639
1314858
1314900
1314944
1314999
1315049
1315136
1315298
1315536
1315629
1315768
1315811
1315899
1315914
1315967
1315983
1316006
1316029
1316055
1316069
1316213
1316231
1316261
1316294
1316406
1316692
1316737
1316763
1316984
1317017
1317048
1317407
1317446
1317470
1317531
1317597
1317646
1317672
1317794
1317897
1318037
1318080
1318097
1318162
1318337
1318346
1318553
1318651
1318825
1318842
1318862
1318912
1319020
1319033
1319075
1319091
1319180
1319410
1319501
1319539
1319554
1319569
1319606
1319624
1319643
1319657
1319693
1319788
1319891
1320083
1320110
1320249
1320303
1320432
1320483
1320510
1320549
1320709
1320718
1320787
1320859
1320881
1320960
1320976
1321017
1321072
1321107
1321178
1321250
1321253
1321280
1321375
1321403
1321478
1321510
1321533
1321565
1321651
1321657
1321881
1321921
1321958
1321965
1322103
1322163
1322190
1322314
1322330
1322350
1322376
1322567
1322705
1322745
1322839
1322917
1322930
1323080
1323163
1323251
1323268
1323293
1323335
1323351
1323407
1323444
1323622
1323669
1323827
1323986
1324031
1324062
1324125
1324218
1324233
1324290
1324384
1324424
1324431
1324708
1324812
1324843
1324857
1324910
1325080
1325105
1325151
1325172
1325180
1325249
1325332
1325342
1325748
1325913
1326004
1326033
1326123
1326242
1326273
1326369
1326416
1326584
1326595
1326642
1326717
1326760
1326772
1326826
1326987
1327324
1327387
1327413
1327508
1327522
1327568
1327611
1327645
1327667
1327710
1327772
1327788
1327845
1327901
1328047
1328080
1328100
1328121
1328221
1328268
1328293
1328327
1328398
1328418
1328459
1328550
1328791
1328830
1329057
1329066
1329151
1329167
1329209
1329298
1329572
1329755
1329889
1330150
1330157
1330179
1330236
1330267
1330273
1330399
1330470
1330496
1330614
1330656
1330740
1330875
1330920
1331003
1331060
1331263
1331340
1331375
1331390
1331447
1331474
1331493
1331508
1331517
1331537
1331576
1331770
1331942
1331952
1331969
1332039
1332095
1332246
1332300
1332419
1332489
1332622
1332658
1332660
1332808
1332938
1333046
1333326
1333350
1333443
1333530
1333626
1333661
1333763
1333835
1334071
1334089
1334206
1334254
1334310
1334556
1334775
1334907
1334964
1334983
1335044
1335085
1335319
1335326
1335339
1335414
1335672
1335702
1335722
1335780
1335913
1335924
1335990
1336237
1336255
1336293
1336376
1336624
1336735
1336777
1336850
1336946
1336985
1337096
1337129
1337208
1337267
1337338
1337405
1337459
1337651
1337717
1337770
1337921
1337981
1337995
1338040
1338099
1338158
1338219
1338265
1338492
1338531
1338629
1338797
1338943
1339167
1339366
1339455
1339493
1339506
1339578
1339609
1339617
1339696
1339827
1339848
1339939
1339984
1340007
1340234
1340282
1340292
1340343
1340395
1340457
1340482
1340528
1340561
1340892
1340919
1341011
1341148
1341200
1341217
1341352
1341425
1341431
1341470
1341563
1341570
1341580
1341607
1341637
1341667
1341798
1341820
1342122
1342217
1342261
1342305
1342432
1342486
1342515
1342591
1342705
1342722
1342763
1342894
1342967
1343080
1343113
1343147
1343206
1343235
1343242
1343518
1343532
1344063
1344215
1344299
1344335
1344379
1344400
1344480
1344559
1344914
1345186
1345225
1345418
1345457
1345471
1345646
1345663
1345700
1345715
1345743
1345790
1345999
1346033
1346278
1346294
1346362
1346411
1346430
1346435
1346627
1346632
1346700
1346772
1346800
1346812
1346954
1346973
1346999
1347033
1347100
1347215
1347236
1347285
1347304
1347438
1347576
1347670
1347685
1347818
1347911
1348132
1348157
1348230
1348285
1348344
1348353
1348375
1348492
1348506
1348624
1348709
1348756
1348772
1349088
1349115
1349130
1349182
1349243
1349280
1349325
1349363
1349433
1349510
1349914
1349930
1349960
1349974
1349983
1350016
1350115
1350125
1350160
1350259
1350375
1350472
1350483
1350681
1350726
1350730
1350843
1350856
1350875
1350893
1350912
1350944
1351003
1351029
1351067
1351099
1351215
1351285
1351291
1351400
1351415
1351591
1351851
1352031
1352077
1352082
1352138
1352156
1352213
1352240
1352374
1352417
1352423
1352579
1352672
1352698
1352726
1352731
1352789
1352822
1352835
1352845
1353051
1353114
1353216
1353276
1353409
1353449
1353520
1353658
1353682
1353699
1353855
1353911
1354121
1354152
1354264
1354394
1354527
1354581
1354600
1354647
1354677
1354740
1355002
1355204
1355245
1355410
1355441
1355485
1355565
1355628
1355666
1355777
1355960
1356144
1356409
1356459
1356600
1356639
1356647
1356758
1356852
1356866
1356872
1357043
1357059
1357154
1357169
1357285
1357349
1357377
1357428
1357511
1357539
1357577
1357601
1357707
1357814
1357827
1357860
1357934
1358015
1358157
1358257
1358274
1358307
1358406
1358503
1358512
1358601
1358624
1358748
1358761
1358785
1358795
1358955
1358975
1359013
1359016
1359040
1359179
1359257
1359306
1359323
1359482
1359583
1359611
1359632
1359891
1360205
1360449
1360521
1360534
1360585
1360636
1360656
1360927
1361000
1361070
1361099
1361152
1361248
1361333
1361659
1361790
1361854
1361868
1361893
1361914
1361950
1362075
1362239
1362255
1362481
1362487
1362604
1362623
1362638
1362651
1362669
1362677
1362749
1362760
1362858
1362870
1363193
1363246
1363329
1363858
1363871
1363877
1364015
1364036
1364070
1364108
1364148
1364162
1364169
1364199
1364217
1364311
1364412
1364460
1364467
1364490
1364532
1364628
1364674
1364780
1364974
1365050
1365062
1365116
1365228
1365386
1365447
1365490
1365560
1365577
1365635
1365736
1365752
1365767
1365800
1365818
1365963
1366030
1366063
1366082
1366266
1366286
1366410
1366560
1366574
1366601
1366606
1366675
1366829
1366875
1366902
1366914
1366931
1366934
1367023
1367030
1367089
1367142
1367152
1367183
1367192
1367244
1367267
1367469
1367642
1367802
1367835
1367937
1367992
1368093
1368319
1368358
1368384
1368419
1368455
1368515
1368541
1368580
1368613
1368743
1368832
1368985
1369020
1369109
1369854
1370048
1370113
1370216
1370315
1370375
1370398
1370613
1370873
1370940
1371152
1371212
1371365
1371371
1371429
1371482
1371580
1371650
1372361
1372389
1372425
1372461
1372522
1372618
1372638
1372754
1372862
1372897
1372923
1373117
1373238
1373284
1373382
1373453
1373578
1373642
1373764
1373770
1373803
1373904
1373914
1373930
1373941
1373985
1374024
1374055
1374085
1374129
1374143
1374212
1374236
1374314
1374332
1374454
1374533
1374598
1374603
1374635
1374887
1374990
1374995
1375056
1375220
1375303
1375379
1375439
1375448
1375493
1375529
1375568
1375627
1375708
1375946
1375973
1376086
1376097
1376107
1376125
1376144
1376160
1376171
1376245
1376270
1376366
1376402
1376409
1376535
1376609
1376636
1376656
1376781
1376792
1376809
1376877
1376932
1376950
1376971
1377140
1377316
1377349
1377401
1377450
1377560
1377580
1377600
1377626
1377634
1377691
1378074
1378089
1378165
1378209
1378243
1378277
1378480
1378486
1378667
1378914
1378948
1378960
1378970
1379031
1379044
1379106
1379765
1379832
1380058
1380083
1380265
1380306
1380475
1380694
1380762
1380790
1380826
1380849
1380933
1380952
1381051
1381252
1381346
1381415
1381449
1381540
1381770
1382014
1382024
1382064
1382077
1382107
1382130
1382316
1382368
1382401
1382472
1382500
1382536
1382604
1382620
1382659
1382676
1382731
1382799
1382809
1382828
1382841
1383158
1383167
1383187
1383237
1383351
1383355
1383407
1383438
1383579
1383676
1383757
1383763
1383788
1383853
1383985
1384038
1384235
1384277
1384572
1384669
1384694
1384819
1384828
1384978
1385036
1385105
1385538
1385789
1385813
1385861
1385869
1385894
1385980
1386055
1386070
1386143
1386171
1386260
1386329
1386411
1386467
1386496
1386532
1386753
1386806
1386827
1386845
1386886
1386922
1387016
1387330
1387596
1387689
1387748
1387825
1387952
1388125
1388130
1388232
1388248
1388270
1388291
1388315
1388424
1388477
1388554
1388594
1388655
1388746
1388820
1388902
1389078
1389146
1389187
1389373
1389614
1389704
1390139
1390201
1390311
1390428
1390496
1390686
1390706
1390722
1390768
1390816
1390899
1390937
1391015
1391022
1391044
1391127
1391147
1391167
1391325
1391457
1391522
1391849
1391883
1392174
1392292
1392306
1392323
1392417
1392454
1392499
1392547
1392902
1393288
1393567
1393584
1393666
1393778
1393805
1394083
1394125
1394193
1394201
1394327
1394521
1394734
1394907
1394931
1394960
1395016
1395048
1395116
1395140
1395347
1395379
1395396
1395508
1395540
1395634
1395837
1396004
1396110
1396129
1396165
1396178
1396216
1396346
1396442
1396495
1396505
1396516
1396528
1396588
1396618
1396669
1396771
1396836
1396855
1396868
1396983
1397068
1397128
1397239
1397253
1397338
1397356
1397411
1397499
1397510
1397533
1397613
1398264
1398396
1398463
1398531
1398573
1398600
1398621
1398642
1398733
1398779
1398792
1398801
1398954
1398964
1399035
1399040
1399055
1399142
1399159
1399217
1399227
1399371
1399482
1399494
1399607
1399622
1399666
1399715
1399806
1399852
1399922
1400156
1400341
1400438
1400456
1400533
1400575
1400594
1400642
1400810
1400853
1400910
1400923
1400931
1400963
1401140
1401179
1401289
1401319
1401421
1401484
1401492
1401501
1401615
1401680
1401695
1401742
1401791
1401812
1401841
1401863
1401882
1401935
1401989
1402037
1402134
1402259
1402293
1402332
1402551
1402605
1402742
1402760
1402838
1402914
1402952
1402975
1402982
1403184
1403227
1403244
1403363
1403457
1403725
1403851
1403892
1403957
1403983
1404043
1404069
1404431
1404469
1404698
1404721
1404931
1405077
1405228
1405329
1405334
1405423
1405429
1405451
1405620
1405654
1405860
1405875
1405884
1405956
1406003
1406047
1406107
1406403
1406566
1406829
1406866
1406989
1407077
1407189
1407258
1407287
1407368
1407398
1407406
1407549
1407635
1407809
1407926
1408084
1408112
1408181
1408193
1408316
1408636
1409091
1409123
1409133
1409173
1409240
1409271
1409437
1409450
1409502
1409536
1409565
1409745
1409811
1409832
1409838
1409851
1410019
1410068
1410199
1410236
1410247
1410301
1410327
1410365
1410433
1410691
1410868
1411081
1411121
1411301
1411555
1411564
1411731
1411791
1411883
1411959
1412252
1412258
1412281
1412301
1412322
1412397
1412404
1412534
1412600
1412658
1412966
1413098
1413153
1413198
1413282
1413414
1413486
1413516
1413527
1413597
1413622
1413698
1413783
1413823
1413846
1413853
1414066
1414151
1414216
1414281
1414362
1414466
1414474
1414543
1414585
1414634
1414727
1414762
1414821
1414950
1414970
1414990
1415008
1415019
1415046
1415055
1415270
1415324
1415352
1415436
1415521
1415615
1415709
1415759
1415824
1416014
1416198
1416217
1416303
1416406
1416595
1416670
1416798
1416804
1416912
1417030
1417107
1417471
1417531
1417660
1417742
1417998
1418009
1418067
1418105
1418121
1418198
1418511
1418534
1418605
1418720
1418756
1418797
1418896
1418938
1418985
1419011
1419017
1419075
1419095
1419118
1419152
1419319
1419326
1419396
1419410
1419413
1419440
1419495
1419594
1419678
1419778
1420000
1420034
1420040
1420117
1420215
1420374
1420410
1420507
1420561
1420747
1420759
1420785
1420894
1421039
1421061
1421073
1421107
1421137
1421142
1421180
1421242
1421324
1421596
1421729
1421791
1421796
1421894
1421966
1422005
1422114
1422166
1422197
1422206
1422230
1422255
1422277
1422306
1422347
1422430
1422449
1422467
1422779
1422900
1422907
1422913
1423001
1423102
1423146
1423157
1423195
1423287
1423362
1423472
1423631
1423824
1423835
1423879
1423917
1423951
1424180
1424290
1424417
1424747
1424994
1425001
1425144
1425394
1425437
1425472
1425656
1425809
1425947
1425965
1426009
1426034
1426092
1426135
1426263
1426282
1426354
1426435
1426505
1426729
1426755
1426764
1426775
1426802
1426951
1427070
1427310
1427364
1427587
1427677
1427774
1427940
1428000
1428011
1428081
1428265
1428321
1428433
1428464
1428522
1428539
1428575
1428808
1428938
1429106
1429132
1429189
1429223
1429283
1429460
1429579
1429624
1429732
1429803
1429836
1429881
1430192
1430312
1430396
1430499
1430508
1430839
1430856
1430928
1430944
1430988
1431060
1431166
1431174
1431499
1431507
1431518
1431738
1432040
1432127
1432391
1432409
1432414
1432561
1432608
1432779
1432981
1433140
1433159
1433420
1433482
1433495
1433631
1433751
1433796
1433852
1433919
1433978
1434010
1434024
1434170
1434243
1434281
1434372
1434391
1434469
1434486
1434502
1434598
1434628
1434693
1434822
1434865
1434922
1434978
1435052
1435077
1435216
1435268
1435283
1435455
1435524
1435573
1435629
1435656
1435683
1436032
1436144
1436283
1436369
1436402
1436513
1436540
1436554
1436600
1436622
1436625
1436718
1436820
1436946
1436964
1437287
1437518
1437694
1437837
1438059
1438086
1438099
1438264
1438402
1438684
1438742
1438745
1438843
1439055
1439113
1439144
1439161
1439172
1439241
1439253
1439513
1439613
1439896
1439963
1439968
1440037
1440132
1440145
1440162
1440184
1440274
1440357
1440378
1440482
1440641
1440707
1440802
1440865
1441024
1441103
1441163
1441280
1441531
1441541
1441799
1441879
1441963
1442064
1442101
1442123
1442141
1442381
1442521
1442572
1442579
1442700
1442913
1442978
1443213
1443367
1443415
1443448
1443480
1443780
1443843
1443857
1443966
1444080
1444132
1444180
1444285
1444302
1444324
1444367
1444375
1444466
1444649
1444675
1444699
1444743
1444801
1444948
1444983
1444999
1445013
1445077
1445118
1445128
1445194
1445223
1445260
1445294
1445349
1445358
1445396
1445465
1445563
1445571
1445577
1445738
1445741
1445858
1445920
1445937
1445983
1446183
1446257
1446486
1446632
1446673
1446766
1446772
1446805
1446965
1447025
1447047
1447735
1448208
1448259
1448343
1448379
1448510
1448555
1448587
1448706
1448744
1448772
1448803
1448829
1448848
1448858
1448909
1448953
1449004
1449067
1449120
1449205
1449278
1449303
1449472
1449574
1449624
1449678
1449707
1449778
1449796
1449858
1449946
1450033
1450095
1450099
1450173
1450175
1450193
1450252
1450405
1450417
1450629
1450723
1450741
1450783
1450807
1450815
1451183
1451240
1451277
1451349
1451446
1451707
1451750
1451804
1451900
1452004
1452134
1452334
1452486
1452556
1452583
1452605
1452640
1452701
1453027
1453048
1453061
1453154
1453348
1453378
1453575
1453620
1453704
1453740
1453820
1453864
1454005
1454148
1454155
1454331
1454350
1454423
1454443
1454630
1454711
1454769
1454808
1454891
1454926
1455279
1455300
1455347
1455407
1455478
1455542
1455627
1455694
1455801
1455927
1455950
1455971
1456056
1456074
1456080
1456137
1456158
1456239
1456341
1456351
1456430
1456702
1456737
1456747
1456843
1456877
1456930
1456975
1456986
1457018
1457059
1457175
1457243
1457270
1457522
1457750
1457758
1457782
1457796
1457805
1457820
1457909
1457931
1457961
1458018
1458201
1458257
1458328
1458334
1458426
1458438
1458462
1458488
1458839
1458856
1458861
1459145
1459194
1459302
1459383
1459636
1459794
1459814
1459838
1459897
1459982
1460060
1460192
1460253
1460304
1460570
1460577
1460678
1460708
1460778
1460852
1460875
1460889
1460899
1461065
1461122
1461323
1461380
1461405
1461507
1461715
1462157
1462460
1462518
1462715
1462785
1462793
1463099
1463395
1463406
1463470
1463589
1463760
1463818
1463896
1464030
1464040
1464067
1464092
1464239
1464304
1464579
1464811
1464925
1465027
1465070
1465079
1465119
1465179
1465232
1465241
1465273
1465358
1466032
1466206
1466479
1466522
1466542
1466577
1466644
1466767
1466839
1466847
1466993
1467151
1467298
1467650
1467896
1467940
1468058
1468102
1468195
1468230
1468377
1468497
1468568
1468591
1468613
1468637
1468879
1469049
1469294
1469374
1469390
1469400
1469413
1469586
1469592
1469605
1469609
1469746
1469754
1469819
1469853
1469979
1470123
1470164
1470173
1470178
1470301
1470427
1470441
1470850
1470886
1470923
1470955
1471107
1471205
1471362
1471415
1471433
1471447
1471476
1471514
1471631
1471853
1471884
1471917
1471949
1471955
1472018
1472038
1472238
1472272
1472288
1472316
1472457
1472647
1472741
1472840
1473024
1473169
1473470
1473559
1473575
1473853
1473887
1473898
1473909
1473952
1474115
1474181
1474196
1474310
1474413
1474441
1474499
1474507
1474529
1474546
1474561
1474609
1474692
1474765
1474872
1474890
1475073
1475088
1475139
1475166
1475221
1475270
1475298
1475374
1475413
1475517
1475586
1475621
1475656
1475816
1475839
1475903
1476110
1476292
1476324
1476358
1476377
1476425
1476445
1476484
1476549
1476595
1476624
1476720
1476757
1476809
1476827
1476832
1476954
1476977
1477139
1477175
1477263
1477354
1477611
1477640
1477801
1477840
1477855
1477886
1477918
1478056
1478135
1478164
1478193
1478242
1478288
1478333
1478477
1478545
1478608
1478687
1478747
1478759
1478789
1479089
1479237
1479290
1479340
1479481
1479520
1479596
1479640
1479655
1479913
1480213
1480249
1480437
1480471
1480534
1480648
1480680
1480696
1480744
1480769
1480818
1480898
1480965
1481096
1481184
1481243
1481259
1481309
1481351
1481388
1481402
1481426
1481607
1481888
1481962
1482104
1482118
1482141
1482330
1482432
1482457
1482482
1482732
1482747
1482802
1482836
1482840
1482927
1482948
1482967
1483039
1483114
1483230
1483259
1483266
1483288
1483381
1483495
1483670
1483695
1483892
1484123
1484343
1484355
1484649
1484713
1484790
1485038
1485158
1485214
1485223
1485267
1485333
1485360
1485420
1485525
1485897
1486009
1486070
1486123
1486178
1486318
1486528
1486573
1486599
1486623
1486864
1486989
1486991
1487061
1487122
1487204
1487521
1487603
1487625
1487640
1487668
1487739
1487804
1488019
1488142
1488152
1488225
1488240
1488266
1488292
1488319
1488345
1488390
1488689
1488766
1488851
1488957
1489087
1489146
1489222
1489401
1489448
1489500
1489623
1489669
1489691
1489838
1489871
1489993
1490033
1490143
1490211
1490363
1490407
1490585
1490590
1490649
1490802
1490923
1491054
1491086
1491116
1491124
1491140
1491181
1491205
1491260
1491274
1491334
1491364
1491382
1491457
1491596
1491612
1491746
1491822
1491873
1491940
1492002
1492010
1492078
1492112
1492171
1492187
1492254
1492635
1492692
1492755
1492781
1492797
1493142
1493412
1493473
1493639
1493674
1493687
1493827
1493837
1493864
1493964
1494004
1494129
1494142
1494171
1494196
1494207
1494230
1494487
1494608
1494648
1494722
1494754
1494815
1494955
1494965
1494982
1495107
1495131
1495146
1495190
1495240
1495268
1495346
1495383
1495466
1495585
1495601
1495635
1495666
1495977
1496111
1496165
1496177
1496231
1496349
1496381
1496424
1496497
1496552
1496627
1496657
1496691
1496739
1496817
1496861
1496931
1497234
1497365
1497372
1497439
1497538
1497680
1497767
1497773
1497864
1497985
1498005
1498163
1498217
1498377
1498830
1498870
1498936
1499029
1499157
1499177
1499230
1499358
1499558
1499670
1499685
1499916
1500018
1500032
1500263
1500327
1500470
1500628
1500633
1500691
1500877
1500904
1500964
1501042
1501067
1501413
1501432
1501438
1501646
1501662
1501674
1501696
1501724
1501729
1501858
1501961
1501998
1502058
1502101
1502134
1502172
1502286
1502295
1502428
1502634
1502692
1502709
1502824
1502867
1503008
1503076
1503136
1503147
1503376
1503430
1503473
1503594
1503619
1503629
1503647
1503703
1503802
1503819
1504045
1504128
1504154
1504177
1504195
1504346
1504421
1504495
1504557
1504707
1504792
1504870
1504872
1504890
1504912
1504961
1505072
1505133
1505159
1505181
1505201
1505379
1505498
1505574
1505578
1505724
1505730
1505854
1505867
1505974
1506002
1506022
1506159
1506202
1506246
1506357
1506427
1506494
1506520
1506551
1506562
1506674
1506792
1506851
1506875
1507046
1507156
1507241
1507335
1507415
1507530
1507584
1507751
1507840
1508004
1508026
1508059
1508270
1508304
1508321
1508344
1508402
1508537
1508547
1508667
1508676
1508696
1508699
1508711
1508766
1508803
1508882
1508897
1509007
1509114
1509168
1509257
1509300
1509349
1509407
1509421
1509696
1509883
1509950
1509973
1510102
1510211
1510239
1510265
1510327
1510372
1510415
1510470
1510555
1510565
1510574
1510860
1510895
1510970
1511138
1511155
1511309
1511331
1511388
1511402
1511415
1511484
1511523
1511550
1511595
1511720
1511735
1511826
1511865
1511880
1511898
1511943
1511949
1511984
1512017
1512036
1512224
1512326
1512362
1512363
1512384
1512396
1512440
1512455
1512649
1512741
1512747
1512943
1513004
1513028
1513159
1513309
1513382
1513408
1513444
1513460
1513619
1513685
1513731
1513805
1513963
1513972
1514059
1514066
1514446
1514542
1514574
1514615
1514733
1514795
1514826
1514872
1514934
1514956
1515171
1515260
1515387
1515477
1515490
1515726
1515772
1515916
1516142
1516209
1516241
1516260
1516406
1516503
1516578
1516603
1516710
1516742
1516784
1516828
1516894
1516899
1516971
1517007
1517155
1517218
1517470
1517487
1517582
1517750
1517761
1517787
1517857
1517996
1518203
1518375
1518379
1518519
1518845
1518936
1518971
1519206
1519233
1519263
1519483
1519576
1519642
1519656
1519659
1519693
1519715
1519861
1520000
1520191
1520336
1520637
1520642
1520925
1521083
1521104
1521215
1521257
1521276
1521381
1521429
1521497
1521757
1521887
1521917
1521965
1522104
1522178
1522254
1522397
1522494
1522553
1522620
1522774
1522794
1522804
1522936
1523097
1523113
1523146
1523253
1523270
1523290
1523423
1523580
1523638
1523668
1523675
1523724
1523726
1523782
1523834
1523886
1523932
1523943
1524063
1524082
1524177
1524183
1524204
1524284
1524323
1524515
1524544
1524590
1524655
1524743
1524823
1524892
1525072
1525119
1525270
1525287
1525322
1525429
1525585
1525605
1525667
1525704
1525716
1525739
1526048
1526187
1526233
1526241
1526326
1526362
1526382
1526400
1526425
1526505
1526548
1526600
1526624
1526645
1526648
1527183
1527194
1527338
1527447
1527513
1527546
1527561
1527652
1527673
1527701
1527857
1527884
1528044
1528284
1528293
1528588
1528612
1528708
1528782
1528807
1528814
1528877
1528961
1529007
1529053
1529115
1529135
1529236
1529400
1529465
1529548
1529658
1529685
1529773
1529786
1529928
1529940
1529978
1530065
1530082
1530150
1530177
1530200
1530266
1530313
1530321
1530463
1530551
1530770
1530862
1531205
1531304
1531358
1531424
1531456
1531499
1531543
1531571
1531581
1531618
1531722
1531779
1531837
1531918
1532013
1532054
1532066
1532112
1532133
1532147
1532158
1532273
1532472
1532520
1532574
1532658
1532722
1532782
1532975
1533123
1533178
1533294
1533578
1533796
1533877
1533973
1534146
1534306
1534312
1534454
1534475
1534581
1534630
1534834
1534973
1535009
1535087
1535125
1535143
1535192
1535341
1535355
1535451
1535457
1535505
1535714
1535730
1535735
1535930
1535996
1536079
1536088
1536105
1536435
1536487
1536671
1536690
1536792
1536933
1537084
1537299
1537422
1537458
1537529
1537780
1538032
1538148
1538195
1538249
1538278
1538431
1538455
1538547
1538726
1538750
1539076
1539129
1539160
1539189
1539242
1539272
1539440
1539608
1539636
1539696
1539854
1539929
1539948
1539969
1540005
1540017
1540057
1540066
1540079
1540182
1540208
1540248
1540451
1540471
1540548
1540568
1540603
1540716
1540722
1540895
1540946
1540950
1540954
1541203
1541224
1541270
1541343
1541391
1541413
1541469
1541490
1541498
1541688
1541753
1541803
1541817
1541866
1541971
1542021
1542106
1542157
1542192
1542236
1542287
1542309
1542423
1542480
1542850
1542932
1543003
1543049
1543100
1543138
1543145
1543203
1543226
1543336
1543397
1543429
1543577
1543582
1543651
1543742
1543746
1543869
1543921
1543948
1543981
1544025
1544060
1544195
1544220
1544233
1544251
1544272
1544372
1544433
1544459
1544676
1544704
1544797
1545080
1545087
1545204
1545360
1545541
1545595
1545682
1545713
1545999
1546038
1546054
1546111
1546156
1546161
1546328
1546425
1546653
1546831
1546909
1546915
1546972
1547071
1547348
1547368
1547372
1547430
1547517
1547563
1547707
1547980
1548002
1548007
1548259
1548323
1548428
1548483
1548615
1548789
1548800
1548841
1548870
1548883
1548954
1549049
1549153
1549184
1549231
1549445
1549498
1549513
1549554
1549588
1549638
1549667
1549886
1549974
1550040
1550101
1550117
1550190
1550281
1550303
1550338
1550367
1550369
1550422
1550454
1550586
1550650
1550695
1550796
1550809
1550947
1550975
1551006
1551041
1551181
1551201
1551278
1551340
1551406
1551447
1551551
1551558
1551574
1551717
1551760
1551788
1552053
1552092
1552148
1552193
1552400
1552445
1552517
1552629
1552640
1552828
1552888
1552916
1552930
1552991
1553037
1553055
1553198
1553325
1553433
1553506
1553545
1553562
1553859
1553870
1553958
1553982
1554275
1554662
1554744
1554778
1554801
1554833
1554871
1554914
1555058
1555138
1555187
1555232
1555263
1555341
1555656
1555669
1555752
1556213
1556219
1556560
1556601
1556665
1556710
1556744
1557054
1557120
1557177
1557200
1557350
1557523
1557591
1557625
1557675
1557728
1557840
1557906
1558053
1558178
1558212
1558330
1558402
1558485
1558576
1558604
1558778
1558819
1558824
1558828
1558890
1558943
1558988
1558997
1559061
1559105
1559113
1559140
1559158
1559163
1559209
1559263
1559267
1559322
1559459
1559623
1559628
1559803
1560077
1560107
1560248
1560284
1560302
1560352
1560455
1560473
1560699
1560775
1560888
1560910
1560946
1561054
1561131
1561152
1561462
1561490
1561620
1561668
1561687
1561725
1561758
1561820
1561835
1561940
1561946
1561950
1562156
1562236
1562390
1562447
1562489
1562516
1562593
1562732
1562821
1562880
1562891
1563061
1563101
1563176
1563291
1563312
1563389
1563557
1563572
1563732
1563814
1563821
1563921
1564025
1564063
1564075
1564083
1564087
1564109
1564174
1564254
1564263
1564546
1564653
1564685
1564883
1564952
1565006
1565261
1565288
1565322
1565389
1565399
1565536
1565565
1565593
1565667
1565879
1566054
1566058
1566101
1566238
1566268
1566330
1566525
1566879
1566945
1567139
1567227
1567254
1567296
1567311
1567321
1567411
1567447
1567679
1568092
1568118
1568212
1568244
1568353
1568393
1568492
1568553
1568731
1568852
1568886
1569065
1569132
1569147
1569189
1569356
1569420
1569516
1569524
1569618
1569801
1569858
1570177
1570415
1570420
1570447
1570472
1570488
1570534
1570544
1570653
1570669
1570691
1570780
1570805
1570896
1570908
1570964
1570986
1571040
1571079
1571106
1571115
1571175
1571293
1571304
1571337
1571380
1571466
1571513
1571588
1571607
1571619
1571739
1571980
1572122
1572314
1572327
1572408
1572523
1572593
1572858
1572868
1573102
1573147
1573200
1573233
1573271
1573328
1573393
1573460
1573469
1573492
1573539
1573557
1573755
1573776
1573868
1573883
1573933
1574098
1574164
1574220
1574333
1574351
1574449
1574467
1574547
1574582
1574637
1574788
1574828
1575030
1575040
1575074
1575087
1575108
1575238
1575245
1575273
1575361
1575371
1575399
1575585
1575634
1575646
1575667
1575739
1575992
1576086
1576100
1576124
1576167
1576322
1576470
1576603
1576641
1576756
1576863
1576956
1576985
1577046
1577120
1577218
1577484
1577594
1577619
1577789
1577836
1577864
1577889
1577896
1577943
1578020
1578036
1578056
1578076
1578105
1578144
1578508
1578748
1578801
1578808
1578900
1578914
1578935
1579119
1579134
1579386
1579422
1579431
1579490
1579664
1579754
1579791
1579812
1580111
1580143
1580283
1580300
1580351
1580629
1580665
1580699
1580771
1580845
1580856
1580860
1581017
1581248
1581278
1581456
1581469
1581774
1581812
1582101
1582184
1582312
1582387
1582458
1582626
1582755
1582770
1582898
1582947
1582966
1583017
1583031
1583047
1583082
1583572
1583584
1583614
1583755
1583808
1583939
1583959
1584128
1584191
1584225
1584247
1584298
1584373
1584390
1584482
1584559
1584700
1584775
1584797
1584947
1585105
1585180
1585230
1585244
1585302
1585372
1585602
1585649
1585678
1585717
1585807
1585866
1585933
1585940
1585963
1585985
1586015
1586079
1586102
1586186
1586222
1586280
1586332
1586346
1586414
1586458
1586585
1586645
1586693
1586790
1586808
1586835
1586906
1586941
1587159
1587177
1587206
1587287
1587379
1587438
1587472
1587533
1587566
1587568
1587582
1587588
1587615
1587689
1587696
1587721
1588004
1588078
1588162
1588174
1588258
1588408
1588475
1588578
1588635
1588645
1588737
1588842
1588964
1589053
1589101
1589186
1589204
1589248
1589331
1589357
1589445
1589560
1589632
1589702
1589726
1589842
1589921
1590012
1590086
1590105
1590156
1590193
1590246
1590399
1590427
1590488
1590520
1590547
1590556
1590637
1590694
1590707
1590797
1590804
1591045
1591069
1591086
1591103
1591138
1591149
1591193
1591218
1591231
1591306
1591374
1591458
1591502
1591520
1591613
1591647
1591888
1591932
1591940
1592074
1592144
1592316
1592374
1592399
1592482
1592601
1592700
1592839
1592961
1593055
1593154
1593165
1593225
1593259
1593435
1593462
1593480
1593564
1593588
1593595
1593687
1593738
1593792
1593827
1593913
1593991
1594055
1594215
1594218
1594585
1594603
1594692
1594705
1594743
1594763
1594809
1594837
1595057
1595153
1595179
1595240
1595254
1595391
1595471
1595502
1595547
1595590
1595669
1595676
1595740
1595799
1595869
1595905
1596048
1596084
1596216
1596230
1596306
1596478
1596532
1596538
1596544
1596602
1596696
1596763
1596812
1596854
1596920
1596945
1597003
1597034
1597050
1597088
1597151
1597197
1597245
1597271
1597354
1597370
1597380
1597498
1597607
1597718
1597778
1597866
1597993
1598085
1598093
1598104
1598140
1598352
1598438
1598589
1598606
1598656
1598678
1598701
1598805
1598877
1598938
1598983
1599048
1599072
1599098
1599151
1599360
1599497
1599556
1599639
1599701
1599803
1599869
1600159
1600168
1600181
1600416
1600506
1600527
1600630
1600656
1600659
1601034
1601089
1601335
1601418
1601620
1601649
1601684
1601727
1601808
1601815
1601842
1601947
1601968
1602047
1602066
1602132
1602314
1602327
1602337
1602415
1602430
1602875
1602892
1602978
1603230
1603241
1603276
1603325
1603384
1603427
1603465
1603476
1603553
1603597
1603659
1603683
1603758
1603776
1603825
1603846
1603927
1603945
1604017
1604074
1604112
1604166
1604273
1604333
1604386
1604530
1604661
1604751
1604826
1604889
1604964
1604994
1605018
1605027
1605129
1605159
1605514
1605541
1605624
1605718
1605728
1605845
1606004
1606023
1606092
1606157
1606172
1606290
1606301
1606327
1606409
1606418
1606489
1606563
1606587
1606606
1606758
1606763
1606782
1606818
1606874
1606983
1607000
1607162
1607174
1607233
1607347
1607385
1607531
1607540
1607687
1607798
1607839
1607922
1608119
1608161
1608483
1608533
1608547
1608594
1608645
1608807
1608918
1609006
1609072
1609100
1609137
1609147
1609330
1609369
1609940
1610010
1610106
1610135
1610136
1610251
1610260
1610271
1610438
1610447
1610540
1610582
1610593
1610610
1610810
1610896
1610949
1610996
1611286
1611379
1611512
1611746
1611750
1611786
1611829
1612040
1612085
1612142
1612259
1612277
1612305
1612331
1612392
1612461
1612485
1612504
1612611
1612628
1612674
1612762
1612871
1612944
1612965
1612995
1613081
1613171
1613202
1613267
1613443
1613496
1613616
1613642
1613663
1613697
1613851
1613864
1613881
1613901
1613975
1614011
1614055
1614097
1614182
1614208
1614224
1614311
1614331
1614489
1614572
1614613
1614622
1614699
1614716
1614720
1614843
1614887
1614899
1614979
1615056
1615065
1615076
1615098
1615130
1615447
1615552
1615632
1615816
1615855
1615971
1616173
1616237
1616295
1616349
1616434
1616533
1616749
1616803
1617059
1617121
1617131
1617425
1617439
1617466
1617598
1617716
1617981
1617987
1618091
1618103
1618201
1618257
1618297
1618322
1618357
1618540
1618574
1618660
1618802
1618868
1618894
1618991
1619116
1619173
1619252
1619327
1619468
1619525
1619597
1619719
1619734
1619753
1619889
1619923
1619937
1619975
1620070
1620082
1620135
1620155
1620208
1620235
1620334
1620407
1620448
1620473
1620497
1620518
1620555
1620689
1620692
1620805
1620893
1620903
1620963
1620984
1621043
1621133
1621385
1621501
1621540
1621571
1621801
1621859
1622135
1622221
1622410
1622590
1622613
1623127
1623256
1623310
1623500
1623526
1623533
1623677
1623707
1623865
1623939
1623980
1624242
1624274
1624350
1624427
1624539
1624564
1624612
1624682
1624729
1624937
1625049
1625240
1625310
1625386
1625397
1625415
1625545
1625552
1625758
1625862
1625916
1626068
1626116
1626193
1626221
1626237
1626386
1626541
1626608
1626709
1626871
1626878
1626881
1627122
1627209
1627272
1627338
1627417
1627426
1627454
1627461
1627507
1627522
1628382
1628400
1628515
1628693
1628703
1628735
1628800
1628825
1628884
1628893
1628959
1629091
1629226
1629321
1629580
1629693
1629851
1629883
1629910
1630091
1630142
1630175
1630185
1630311
1630468
1630562
1630591
1630624
1630639
1630669
1630680
1630908
1631036
1631054
1631090
1631098
1631164
1631217
1631288
1631329
1631387
1631433
1631484
1631560
1631641
1631740
1631856
1631899
1631973
1631980
1632052
1632198
1632246
1632261
1632324
1632546
1632666
1632831
1632942
1633039
1633056
1633267
1633337
1633411
1633529
1633648
1633687
1633702
1633855
1633863
1633905
1633931
1633954
1634037
1634089
1634188
1634337
1634378
1634460
1634530
1634578
1634628
1634721
1634820
1634842
1634903
1634990
1635042
1635072
1635210
1635241
1635307
1635414
1635467
1635548
1635578
1635625
1635631
1635688
1635731
1635750
1635857
1635965
1636021
1636098
1636143
1636155
1636231
1636350
1636369
1636395
1636538
1636556
1636887
1637062
1637213
1637245
1637315
1637348
1637524
1638034
1638118
1638166
1638208
1638229
1638302
1638437
1638488
1638508
1638638
1638661
1638786
1638830
1638879
1639034
1639054
1639062
1639316
1639489
1639496
1639572
1639867
1640019
1640066
1640206
1640296
1640310
1640472
1640494
1640512
1640589
1640731
1640779
1640827
1640958
1641027
1641125
1641140
1641245
1641464
1641482
1641574
1641791
1641989
1642019
1642104
1642349
1642464
1642733
1642740
1642767
1643053
1643091
1643155
1643169
1643237
1643427
1643452
1643578
1643750
1643785
1643863
1643913
1644032
1644070
1644185
1644356
1644433
1644515
1644530
1644587
1644653
1644875
1644904
1644954
1644974
1645030
1645261
1645395
1645423
1645436
1645491
1645505
1645613
1645617
1645849
1646153
1646199
1646281
1646379
1646440
1646549
1646590
1646650
1646668
1646683
1646733
1646868
1646873
1646959
1647092
1647156
1647241
1647248
1647340
1647355
1647561
1647643
1647721
1647734
1647746
1647798
1647850
1647865
1648107
1648133
1648151
1648173
1648211
1648283
1648337
1648378
1648451
1648677
1648728
1648817
1648848
1648892
1649105
1649122
1649286
1649301
1649442
1649447
1649457
1649476
1649545
1649584
1649655
1649694
1649743
1649798
1649811
1649894
1650012
1650150
1650160
1650174
1650235
1650247
1650349
1650404
1650415
1650451
1650472
1650581
1650662
1650857
1650966
1651053
1651185
1651203
1651286
1651541
1651629
1651789
1652046
1652368
1652479
1652722
1652740
1652802
1652836
1652887
1652949
1652962
1653122
1653138
1653277
1653455
1653552
1653844
1653848
1653910
1653931
1654020
1654032
1654099
1654142
1654166
1654335
1654352
1654385
1654414
1654436
1654680
1654774
1655040
1655211
1655272
1655310
1655352
1655430
1655462
1655473
1655500
1655527
1655549
1655607
1655777
1656054
1656153
1656231
1656284
1656432
1656499
1656521
1656576
1656638
1656819
1656906
1656950
1657026
1657079
1657213
1657233
1657355
1657459
1657589
1657720
1657770
1657795
1657958
1658099
1658143
1658218
1658531
1658644
1658708
1658786
1658884
1659080
1659092
1659156
1659231
1659253
1659278
1659372
1659382
1659521
1659539
1659607
1659812
1659871
1660050
1660104
1660115
1660285
1660294
1660342
1660407
1660522
1660604
1660624
1660767
1660895
1660931
1660940
1661044
1661055
1661104
1661235
1661259
1661568
1661594
1661604
1661697
1661738
1661775
1661865
1661891
1661905
1661969
1662000
1662040
1662096
1662117
1662294
1662371
1662501
1662548
1662879
1663055
1663209
1663234
1663418
1663427
1663640
1663709
1663809
1663836
1663867
1663886
1663902
1663977
1663987
1664120
1664205
1664313
1664500
1664697
1664714
1664717
1664848
1664949
1664958
1665212
1665255
1665263
1665281
1665491
1665536
1665725
1665873
1665972
1666075
1666107
1666169
1666208
1666306
1666321
1666714
1666736
1666796
1666829
1667053
1667081
1667122
1667167
1667206
1667375
1667399
1667423
1667439
1667540
1667857
1667885
1667927
1667933
1667940
1668189
1668293
1668312
1668334
1668345
1668357
1668398
1668473
1668570
1668647
1668653
1668671
1668751
1668754
1668818
1668883
1668898
1669107
1669219
1669299
1669348
1669463
1669560
1669585
1669784
1669831
1669910
1669938
1670012
1670096
1670132
1670164
1670199
1670209
1670737
1670776
1670855
1670864
1670934
1670949
1671034
1671135
1671236
1671264
1671272
1671457
1671627
1671721
1671742
1671757
1672091
1672364
1672442
1672504
1672540
1672558
1672591
1673057
1673209
1673258
1673317
1673336
1673404
1673494
1673614
1673733
1673947
1674026
1674282
1674333
1674374
1674388
1674546
1674612
1674852
1674874
1674948
1675021
1675035
1675068
1675084
1675098
1675139
1675485
1675643
1675669
1675743
1675802
1675815
1675858
1675864
1675873
1675887
1675915
1675943
1676013
1676042
1676083
1676282
1676525
1676638
1676709
1676727
1676833
1676881
1676911
1676934
1676991
1676995
1677027
1677166
1677282
1677291
1677345
1677421
1677547
1677564
1677592
1677662
1677706
1677720
1677815
1677833
1677879
1677901
1678002
1678158
1678227
1678237
1678527
1678656
1678764
1678787
1679056
1679068
1679230
1679258
1679311
1679317
1679429
1679562
1679639
1679707
1679882
1679960
1680075
1680087
1680237
1680289
1680374
1680463
1680742
1680825
1680842
1680865
1681033
1681142
1681246
1681331
1681416
1681522
1681540
1681582
1681794
1681885
1681964
1682070
1682112
1682252
1682262
1682282
1682327
1682468
1682495
1682612
1682743
1682804
1682849
1682884
1682968
1683007
1683073
1683157
1683221
1683347
1683526
1683577
1683589
1683606
1683622
1683640
1683663
1683744
1683760
1683800
1683857
1683949
1684010
1684031
1684118
1684177
1684359
1684459
1684506
1684647
1684655
1684698
1684888
1684931
1685130
1685274
1685314
1685520
1685562
1685622
1685638
1685657
1685666
1685703
1685773
1685816
1685896
1685963
1686046
1686097
1686158
1686224
1686275
1686341
1686486
1686676
1686752
1686886
1687107
1687185
1687214
1687270
1687415
1687429
1687481
1687562
1687597
1687696
1688003
1688030
1688063
1688100
1688298
1688309
1688388
1688407
1688412
1688540
1688556
1688577
1688961
1689090
1689143
1689175
1689214
1689241
1689371
1689423
1689475
1689492
1689622
1689742
1689821
1689876
1689921
1689961
1689978
1690034
1690073
1690101
1690197
1690242
1690267
1690299
1690347
1690386
1690423
1690578
1690649
1690686
1690812
1690829
1690841
1690966
1690992
1691013
1691027
1691113
1691194
1691426
1691457
1691480
1691493
1691512
1691540
1691570
1691691
1691730
1691741
1691774
1691806
1691919
1692026
1692046
1692361
1692433
1692502
1692558
1692903
1692924
1692961
1693287
1693420
1693630
1693647
1693694
1693724
1693789
1693961
1693987
1694034
1694052
1694057
1694090
1694119
1694293
1694332
1694352
1694384
1694395
1694471
1694533
1694603
1694658
1694704
1694733
1694767
1694926
1694975
1695014
1695049
1695115
1695179
1695182
1695189
1695291
1695296
1695323
1695351
1695434
1695484
1695500
1695751
1695775
1695916
1695962
1695991
1696028
1696159
1696175
1696205
1696216
1696268
1696278
1696305
1696325
1696338
1696392
1696506
1696513
1696582
1696655
1696668
1696792
1696829
1696860
1696903
1696943
1696955
1697016
1697078
1697236
1697267
1697306
1697317
1697322
1697533
1697545
1697549
1697671
1697726
1697733
1697794
1697842
1697866
1697896
1697936
1697983
1697989
1698126
1698314
1698317
1698337
1698447
1698494
1699002
1699036
1699125
1699131
1699163
1699178
1699193
1699303
1699325
1699385
1699471
1699509
1699522
1699545
1699697
1699757
1699916
1699931
1699969
1699998
1700003
1700048
1700127
1700171
1700285
1700357
1700371
1700486
1700488
1700538
1700625
1700664
1700747
1700818
1700865
1700898
1700965
1700998
1701063
1701095
1701153
1701175
1701185
1701253
1701323
1701446
1701807
1702013
1702100
1702123
1702181
1702286
1702387
1702389
1702519
1702703
1702734
1702780
1702846
1702877
1702971
1702977
1702987
1703067
1703169
1703230
1703361
1703483
1703663
1703690
1703734
1703913
1703966
1704029
1704127
1704145
1704190
1704220
1704263
1704306
1704517
1704537
1704572
1704816
1704901
1705037
1705052
1705063
1705113
1705158
1705191
1705237
1705248
1705297
1705356
1705397
1705530
1705633
1705649
1705735
1705905
1705922
1705973
1706017
1706134
1706171
1706177
1706216
1706292
1706339
1706405
1706422
1706437
1706474
1706499
1706522
1706568
1706813
1706866
1706881
1706976
1706993
1707006
1707018
1707211
1707274
1707345
1707370
1707444
1707491
1707519
1707531
1707574
1707654
1707743
1707789
1707901
1708195
1708202
1708234
1708272
1708288
1708338
1708539
1708557
1708584
1708776
1708808
1708951
1709140
1709155
1709192
1709201
1709223
1709354
1709365
1709464
1709539
1709548
1709595
1709810
1709857
1709880
1709953
1710049
1710149
1710245
1710382
1710470
1710483
1710520
1710557
1710672
1710742
1710756
1710859
1710988
1711248
1711268
1711496
1711544
1711668
1711681
1711881
1711928
1712030
1712087
1712153
1712177
1712212
1712223
1712315
1712563
1712581
1712594
1712709
1712728
1712770
1712946
1712969
1713147
1713196
1713258
1713542
1713581
1713630
1713706
1713733
1713939
1713996
1714021
1714050
1714065
1714083
1714133
1714171
1714184
1714214
1714259
1714354
1714437
1714516
1714702
1714739
1714747
1714852
1714987
1715013
1715090
1715107
1715147
1715416
1715482
1715521
1715574
1715613
1715802
1715819
1715825
1715853
1715910
1715980
1716312
1716378
1716398
1716436
1716517
1716537
1716648
1716661
1716717
1716889
1716950
1716981
1717019
1717112
1717147
1717385
1717405
1717513
1717616
1717743
1717759
1718051
1718292
1718446
1718593
1718658
1718744
1718810
1718856
1718864
1718887
1719315
1719368
1719421
1719543
1719773
1719899
1719905
1719952
1720156
1720240
1720335
1720402
1720415
1720427
1720452
1720655
1720762
1720775
1721054
1721140
1721164
1721193
1721221
1721434
1721527
1721561
1721568
1721608
1721622
1721754
1721862
1722115
1722135
1722150
1722342
1722344
1722409
1722460
1722483
1722629
1722732
1722840
1722860
1722870
1722910
1722955
1722983
1723067
1723105
1723195
1723472
1723577
1723582
1723633
1723641
1723678
1723714
1723803
1723894
1723922
1723976
1724013
1724081
1724090
1724106
1724206
1724380
1724414
1724464
1724487
1724494
1724606
1724624
1724678
1724686
1724807
1724839
1724875
1724885
1724959
1724976
1724981
1725168
1725587
1725678
1725701
1725722
1725734
1725742
1725780
1725801
1725856
1726044
1726055
1726153
1726202
1726355
1726388
1726403
1726558
1726671
1726715
1726924
1727031
1727284
1727368
1727418
1727532
1727577
1727605
1727653
1727749
1727888
1727906
1727915
1728043
1728107
1728387
1728406
1728592
1728625
1728669
1728687
1728697
1728745
1728761
1728775
1728799
1728871
1728879
1728912
1729041
1729184
1729302
1729434
1729617
1729684
1729696
1729748
1729775
1729805
1729946
1730181
1730266
1730677
1730719
1730838
1730877
1731048
1731108
1731135
1731162
1731179
1731204
1731269
1731303
1731435
1731588
1731627
1731671
1731746
1731777
1731850
1731884
1732070
1732122
1732161
1732192
1732229
1732250
1732436
1732469
1732486
1732554
1732603
1732622
1732701
1732718
1732911
1733017
1733134
1733161
1733170
1733237
1733246
1733359
1733381
1733503
1733515
1733528
1733544
1733562
1733691
1733747
1733836
1734017
1734085
1734114
1734241
1734262
1734289
1734323
1734338
1734478
1734564
1734667
1734673
1734692
1734703
1734770
1734801
1734893
1734918
1735052
1735148
1735335
1735483
1735520
1735702
1735754
1735799
1735812
1735824
1735929
1735961
1735997
1736012
1736249
1736761
1736792
1736801
1737015
1737052
1737067
1737095
1737261
1737329
1737342
1737353
1737366
1737390
1737398
1737434
1737482
1737526
1737885
1737898
1737979
1738021
1738096
1738157
1738264
1738335
1738508
1738570
1738627
1738648
1738706
1738811
1738912
1738929
1738957
1738995
1739052
1739186
1739227
1739324
1739378
1739393
1739478
1739523
1739744
1739770
1739869
1739885
1739966
1739973
1740031
1740053
1740069
1740124
1740130
1740142
1740226
1740241
1740289
1740363
1740383
1740488
1740508
1740569
1740629
1740680
1740727
1740797
1741041
1741075
1741123
1741200
1741214
1741414
1741461
1741584
1741663
1741691
1741707
1741724
1741779
1741917
1741952
1742066
1742099
1742162
1742223
1742258
1742319
1742339
1742364
1742387
1742390
1742409
1742469
1742500
1742533
1742588
1742611
1742631
1742636
1742727
1742766
1742786
1742825
1742857
1742969
1742988
1743096
1743147
1743294
1743308
1743419
1743482
1743564
1743585
1743620
1743674
1743811
1743875
1743952
1743998
1744155
1744164
1744166
1744288
1744294
1744376
1744394
1744793
1744975
1745028
1745030
1745098
1745152
1745211
1745237
1745240
1745268
1745358
1745409
1745660
1745714
1745851
1745932
1745949
1746149
1746255
1746437
1746474
1746485
1746506
1746518
1746648
1746662
1746760
1746832
1746960
1746987
1747019
1747043
1747106
1747167
1747187
1747284
1747477
1747548
1747629
1747651
1747681
1747685
1747746
1747754
1747976
1748044
1748173
1748295
1748306
1748446
1748517
1748543
1748561
1748666
1748687
1748900
1748913
1749015
1749108
1749175
1749269
1749372
1749431
1749465
1749511
1749805
1749827
1749869
1749909
1749913
1750021
1750193
1750244
1750270
1750296
1750367
1750384
1750513
1750662
1750678
1750693
1750714
1751034
1751075
1751189
1751260
1751299
1751446
1751543
1751553
1751587
1751711
1751794
1751828
1751924
1751936
1751944
1751959
1751969
1752073
1752092
1752116
1752146
1752319
1752354
1752609
1752614
1752721
1752810
1753021
1753053
1753326
1753394
1753417
1753510
1753640
1753762
1753822
1753829
1753886
1753921
1753951
1753955
1753985
1754013
1754027
1754056
1754091
1754112
1754233
1754263
1754311
1754519
1754569
1754603
1754648
1754758
1754813
1754874
1754916
1754989
1755210
1755268
1755460
1755472
1755588
1755686
1755849
1755904
1755936
1756105
1756535
1756572
1756616
1756639
1756727
1756863
1756973
1757002
1757272
1757301
1757355
1757363
1757454
1757563
1757634
1757659
1757721
1757738
1757761
1757770
1757823
1757890
1757934
1758068
1758112
1758130
1758240
1758276
1758415
1758422
1758533
1759000
1759012
1759045
1759177
1759314
1759319
1759335
1759380
1759437
1759453
1759479
1759553
1759587
1759652
1759716
1759795
1759825
1759927
1760083
1760119
1760209
1760499
1760645
1760886
1760951
1760970
1760987
1760998
1761163
1761306
1761382
1761400
1761456
1761480
1761538
1761553
1762011
1762031
1762087
1762261
1762333
1762359
1762376
1762387
1762435
1762613
1762632
1762660
1762682
1762767
1762841
1762902
1762930
1762935
1762959
1763161
1763210
1763223
1763234
1763316
1763486
1763563
1763674
1763840
1763941
1763990
1764315
1764355
1764491
1764623
1764649
1764683
1764735
1764802
1764817
1764827
1764846
1764917
1764972
1764989
1765040
1765081
1765130
1765150
1765177
1765592
1765618
1765706
1765747
1765823
1766067
1766129
1766168
1766201
1766369
1766407
1766512
1766558
1766804
1766915
1766965
1767088
1767381
1767478
1767517
1768266
1768321
1768340
1768367
1768423
1768511
1768537
1769006
1769056
1769301
1769362
1769448
1769497
1769517
1769659
1769669
1770011
1770042
1770080
1770119
1770207
1770240
1770309
1770420
1770424
1770568
1770589
1770631
1770684
1770730
1770886
1770937
1770979
1770991
1771127
1771247
1771426
1771470
1771489
1771507
1771513
1771598
1771701
1771865
1771908
1771955
1772022
1772059
1772097
1772153
1772158
1772209
1772229
1772270
1772283
1772367
1772472
1772528
1772798
1772929
1773097
1773413
1773445
1773461
1773507
1773631
1773761
1773816
1773869
1773871
1773899
1773915
1773993
1774052
1774080
1774121
1774307
1774333
1774429
1774530
1774605
1774614
1774650
1774681
1774799
1774845
1774893
1775233
1775311
1775355
1775380
1775540
1775871
1775940
1776013
1776101
1776139
1776210
1776270
1776378
1776387
1776459
1776463
1776562
1776604
1776744
1776816
1776827
1776879
1776973
1777133
1777252
1777316
1777431
1777465
1777537
1777576
1777659
1777830
1777867
1777911
1777940
1778118
1778355
1778407
1778790
1778812
1778852
1778975
1778988
1779227
1779333
1779367
1779421
1779481
1779508
1779629
1779791
1779915
1779942
1779978
1779997
1780121
1780221
1780382
1780468
1780535
1780576
1780854
1780947
1780970
1781088
1781100
1781409
1781461
1781606
1781746
1781821
1781919
1781950
1781966
1781991
1782401
1782484
1782754
1782880
1782968
1782983
1783104
1783303
1783358
1783406
1783434
1783437
1783452
1783836
1783984
1784065
1784224
1784493
1784545
1784704
1784800
1784839
1784847
1784854
1785015
1785086
1785121
1785321
1785350
1785471
1785488
1785578
1785612
1785646
1786120
1786205
1786221
1786248
1786287
1786328
1786419
1786492
1786597
1786874
1786942
1786991
1787126
1787202
1787216
1787353
1787383
1787439
1787447
1787498
1787570
1787662
1787722
1787852
1787909
1787973
1788029
1788152
1788256
1788264
1788538
1788844
1788907
1788986
1789014
1789197
1789276
1789422
1789427
1789453
1789691
1789714
1789717
1789833
1789847
1790287
1790359
1790424
1790591
1790611
1790734
1790759
1790796
1790815
1790826
1790904
1790992
1791194
1791272
1791285
1791318
1791579
1791615
1791769
1791964
1792002
1792038
1792110
1792209
1792389
1792474
1792489
1792690
1792762
1793014
1793125
1793180
1793244
1793361
1793488
1793566
1793678
1793704
1793793
1793869
1794026
1794215
1794253
1794564
1794660
1794719
1794782
1794827
1794854
1794927
1795006
1795044
1795096
1795134
1795268
1795420
1795432
1795457
1795518
1795537
1795559
1795574
1795606
1795645
1795670
1795888
1795961
1796044
1796085
1796126
1796257
1796422
1796510
1796624
1796675
1796722
1796737
1796849
1796879
1797074
1797396
1797455
1797477
1797515
1797541
1797819
1797857
1797924
1798010
1798047
1798058
1798069
1798084
1798099
1798188
1798232
1798286
1798297
1798299
1798310
1798444
1798457
1798485
1798492
1798632
1798684
1798922
1799052
1799087
1799126
1799184
1799199
1799213
1799360
1799716
1799784
1799792
1800065
1800114
1800131
1800149
1800212
1800242
1800267
1800284
1800446
1800543
1800589
1800647
1800721
1800731
1800801
1800918
1800929
1801132
1801193
1801196
1801257
1801383
1801474
1801479
1801572
1801692
1801704
1801832
1801863
1801867
1801920
1801962
1802155
1802230
1802312
1802476
1802587
1802596
1802690
1802766
1802862
1802869
1802965
1803017
1803164
1803204
1803235
1803331
1803571
1803756
1803767
1803971
1803976
1804051
1804196
1804210
1804239
1804269
1804278
1804504
1804592
1804599
1804772
1804799
1804835
1804859
1804913
1804926
1805010
1805063
1805073
1805159
1805199
1805233
1805266
1805273
1805520
1805549
1805560
1805674
1805822
1805890
1805971
1806091
1806154
1806364
1806514
1806529
1806586
1806641
1806699
1806771
1806819
1806843
1806911
1807064
1807077
1807115
1807184
1807233
1807253
1807284
1807295
1807412
1807426
1807491
1807528
1807631
1807742
1807855
1807884
1807944
1807979
1808033
1808068
1808111
1808169
1808198
1808224
1808260
1808364
1808436
1808593
1808634
1808693
1808701
1808720
1808779
1808801
1808809
1808820
1808854
1808886
1808899
1808947
1808979
1809052
1809277
1809334
1809385
1809453
1809513
1809590
1809642
1809662
1809692
1809738
1809949
1810008
1810067
1810172
1810204
1810235
1810289
1810384
1810456
1810831
1810841
1810968
1811115
1811275
1811281
1811329
1811445
1811480
1811501
1811627
1811681
1811709
1811776
1811788
1811848
1811863
1811908
1811973
1812247
1812333
1812445
1812508
1812592
1812658
1812688
1812745
1812756
1812782
1812805
1812836
1812951
1813000
1813071
1813082
1813098
1813154
1813169
1813193
1813212
1813365
1813392
1813416
1813519
1813907
1813999
1814072
1814120
1814163
1814180
1814297
1814335
1814343
1814347
1814393
1814434
1814467
1814635
1814663
1814730
1814801
1814819
1815300
1815342
1815367
1815382
1815529
1815539
1815660
1815669
1815684
1815738
1815926
1815934
1815957
1816051
1816069
1816083
1816125
1816252
1816261
1816332
1816357
1816386
1816396
1816444
1816475
1816545
1816601
1816610
1816813
1816846
1816912
1816915
1816944
1817042
1817067
1817071
1817083
1817154
1817169
1817236
1817301
1817320
1817380
1817459
1817659
1817761
1817853
1817906
1817917
1818198
1818318
1818555
1818607
1818613
1818626
1818725
1818753
1818786
1818884
1818946
1818995
1819062
1819267
1819280
1819312
1819438
1819490
1819669
1819702
1819790
1819892
1820019
1820067
1820170
1820228
1820354
1820380
1820475
1820486
1820613
1820623
1820686
1820854
1821022
1821111
1821206
1821291
1821297
1821397
1821664
1821730
1821762
1821866
1821918
1822011
1822016
1822041
1822057
1822130
1822287
1822553
1822572
1822670
1822737
1822805
1822955
1822995
1823022
1823029
1823162
1823196
1823207
1823227
1823262
1823274
1823302
1823339
1823370
1823380
1823643
1823812
1824010
1824079
1824155
1824174
1824196
1824223
1824430
1824496
1824623
1824646
1824653
1824701
1824808
1824865
1824920
1825028
1825071
1825118
1825267
1825293
1825394
1825399
1825424
1825594
1825605
1825758
1825871
1825969
1826036
1826086
1826095
1826175
1826226
1826285
1826597
1826629
1826656
1826701
1826789
1826881
1827005
1827140
1827415
1827506
1827561
1827617
1827739
1828023
1828093
1828147
1828176
1828242
1828252
1828265
1828335
1828594
1828661
1828688
1828723
1828734
1828776
1828883
1828937
1828954
1829075
1829088
1829098
1829164
1829301
1829318
1829384
1829406
1829414
1829482
1829562
1829582
1829593
1829684
1829737
1829760
1829780
1829880
1829934
1829975
1830227
1830268
1830279
1830325
1830364
1830426
1830500
1830559
1830700
1830899
1830908
1831000
1831011
1831078
1831218
1831327
1831336
1831497
1831542
1831633
1831882
1832123
1832154
1832160
1832218
1832302
1832348
1832369
1832544
1832554
1832702
1832717
1832754
1832829
1832870
1832914
1832959
1833081
1833118
1833168
1833202
1833269
1833290
1833322
1833431
1833529
1833539
1833558
1833603
1833689
1833711
1833722
1833753
1833765
1833838
1833846
1833855
1833955
1834048
1834203
1834279
1834302
1834329
1834421
1834459
1834468
1834550
1834654
1834690
1834697
1834772
1834876
1835108
1835132
1835223
1835279
1835530
1835566
1835598
1835659
1835675
1835808
1835874
1836033
1836097
1836107
1836342
1836392
1836411
1836414
1836448
1836681
1836715
1836822
1836839
1837337
1837351
1837416
1837479
1837500
1837626
1837649
1837677
1837712
1837799
1838068
1838072
1838236
1838336
1838386
1838405
1838504
1838620
1838861
1838867
1839634
1839658
1839724
1839857
1839943
1839973
1839987
1840222
1840321
1840355
1840617
1840758
1840768
1840844
1840903
1840909
1841045
1841067
1841165
1841325
1841352
1841391
1841460
1841699
1841738
1841831
1841867
1841880
1841951
1842009
1842076
1842347
1842516
1842583
1842648
1842803
1842820
1842912
1843026
1843046
1843076
1843180
1843251
1843332
1843415
1843446
1843466
1843509
1843533
1843560
1843582
1843677
1843690
1843756
1843778
1843825
1843838
1843861
1843959
1844074
1844113
1844221
1844278
1844327
1844353
1844413
1844547
1844669
1844703
1844705
1844978
1844984
1845067
1845184
1845249
1845342
1845572
1845576
1845704
1845973
1845978
1846077
1846133
1846263
1846387
1846399
1846576
1846597
1846633
1846651
1846716
1846911
1847247
1847352
1847431
1847655
1847676
1847734
1847951
1848006
1848224
1848255
1848571
1848739
1848747
1848809
1848904
1848970
1849005
1849042
1849058
1849135
1849265
1849325
1849359
1849641
1849820
1849859
1849872
1849958
1849985
1850104
1850206
1850384
1850427
1850488
1850526
1850622
1850666
1850765
1850875
1850902
1850906
1850909
1850916
1850946
1850973
1851013
1851094
1851145
1851247
1851293
1851374
1851418
1851500
1851514
1851525
1851562
1851568
1851587
1851638
1851708
1852051
1852164
1852174
1852240
1852255
1852304
1852391
1852403
1852478
1852611
1852687
1852698
1852731
1852753
1852996
1853025
1853278
1853336
1853490
1853552
1853594
1853668
1853693
1853727
1853752
1853776
1853869
1854019
1854054
1854124
1854147
1854161
1854225
1854241
1854323
1854365
1854398
1854409
1854488
1854554
1854649
1854656
1854677
1854701
1854745
1854767
1854782
1854948
1855098
1855188
1855197
1855235
1855250
1855534
1855576
1855602
1855639
1855669
1855716
1855851
1855962
1856272
1856486
1856518
1856605
1856657
1856728
1856829
1856847
1856878
1857242
1857705
1857812
1858003
1858019
1858228
1858301
1858394
1858405
1858466
1858531
1858625
1858715
1858793
1858855
1858905
1858982
1859003
1859013
1859226
1859236
1859259
1859376
1859444
1859450
1859559
1859590
1859686
1860022
1860163
1860384
1860597
1860972
1861085
1861263
1861277
1861401
1861434
1861457
1861488
1861791
1861844
1861893
1861928
1862164
1862271
1862310
1862432
1862470
1862483
1862595
1862604
1862834
1862954
1862958
1863048
1863101
1863156
1863189
1863194
1863234
1863258
1863371
1863412
1863650
1863739
1863744
1863761
1863931
1864488
1864555
1864604
1864658
1864695
1864703
1864810
1864849
1864861
1864912
1864918
1864999
1865070
1865076
1865097
1865317
1865338
1865431
1865449
1865508
1865593
1865639
1865696
1865756
1865769
1865830
1865888
1865902
1865952
1865991
1866019
1866280
1866363
1866441
1866523
1866696
1866703
1866763
1866902
1866932
1866995
1867220
1867243
1867473
1867496
1867608
1867844
1868138
1868220
1868235
1868253
1868325
1868522
1868587
1868787
1868830
1868927
1868999
1869048
1869274
1869305
1869352
1869526
1869669
1869702
1869741
1869947
1870019
1870143
1870193
1870261
1870274
1870293
1870413
1870554
1870628
1870705
1870747
1870880
1871082
1871115
1871191
1871251
1871316
1871669
1871834
1872261
1872279
1872283
1872322
1872461
1872486
1872546
1872592
1872629
1872776
1872786
1872791
1872976
1872991
1873118
1873201
1873305
1873368
1873423
1873488
1873504
1873671
1873930
1873952
1873981
1874003
1874088
1874100
1874132
1874291
1874304
1874318
1874365
1874417
1874457
1874482
1874599
1874753
1874821
1874930
1874959
1875047
1875064
1875100
1875202
1875317
1875356
1875366
1875383
1875534
1875737
1875800
1875990
1876157
1876165
1876169
1876280
1876349
1876482
1876503
1876556
1876611
1876764
1876901
1876908
1876971
1876986
1877101
1877158
1877174
1877190
1877199
1877230
1877255
1877263
1877288
1877317
1877360
1877398
1877449
1877462
1877488
1877764
1877799
1877822
1878148
1878257
1878351
1878385
1878399
1878524
1878660
1878723
1878742
1878768
1878822
1878906
1878956
1879055
1879248
1879277
1879374
1879494
1879524
1879578
1879644
1879688
1879825
1879912
1879926
1879973
1880051
1880081
1880104
1880214
1880327
1880418
1880522
1880587
1880719
1880786
1880821
1880981
1881076
1881124
1881155
1881273
1881476
1881524
1881544
1881552
1881705
1881790
1881994
1882148
1882189
1882248
1882477
1882487
1882510
1882625
1882659
1882713
1882751
1882779
1882813
1882894
1882915
1883051
1883234
1883275
1883295
1883400
1883590
1883728
1884141
1884277
1884285
1884361
1884459
1884533
1884552
1884583
1884702
1884791
1884865
1884897
1884976
1885102
1885109
1885226
1885240
1885317
1885446
1885536
1885613
1885651
1885768
1885831
1885837
1885890
1885927
1885964
1886078
1886282
1886617
1886700
1886764
1886795
1886863
1886914
1886927
1886950
1887097
1887112
1887277
1887369
1887402
1887496
1887756
1887792
1887797
1887816
1887834
1887880
1887912
1887964
1888003
1888043
1888048
1888067
1888117
1888149
1888169
1888179
1888232
1888313
1888364
1888439
1888455
1888550
1888581
1888588
1888675
1888784
1888878
1888977
1889052
1889098
1889148
1889163
1889201
1889317
1889496
1889634
1889676
1889863
1889981
1890033
1890057
1890084
1890221
1890230
1890269
1890307
1890372
1890416
1890425
1890450
1890523
1890584
1890596
1890609
1890643
1890662
1890663
1890772
1890951
1891021
1891027
1891050
1891062
1891093
1891530
1891590
1891646
1891738
1891791
1891877
1891932
1892003
1892079
1892138
1892158
1892163
1892529
1892572
1892600
1892611
1892661
1892753
1892962
1893065
1893096
1893146
1893176
1893258
1893296
1893574
1893829
1893871
1893950
1893997
1894025
1894083
1894089
1894108
1894191
1894432
1894479
1894539
1894643
1894868
1894878
1894921
1894979
1895038
1895090
1895128
1895244
1895329
1895544
1895700
1895824
1895836
1895877
1895890
1895978
1896033
1896453
1896545
1896749
1896937
1896971
1897020
1897044
1897132
1897195
1897391
1897448
1897532
1897596
1897616
1897648
1897909
1897942
1897950
1898019
1898091
1898264
1898279
1898582
1898703
1898779
1898793
1898911
1898937
1898997
1899063
1899125
1899181
1899226
1899345
1900102
1900255
1900325
1900434
1900489
1900696
1900707
1900806
1901154
1901246
1901256
1901517
1901699
1901798
1901812
1901887
1902030
1902144
1902157
1902220
1902235
1902281
1902429
1902524
1902562
1902641
1902665
1902920
1902940
1902967
1903012
1903063
1903207
1903255
1903346
1903365
1903384
1903487
1903516
1903534
1903567
1903652
1903713
1903875
1903913
1904122
1904141
1904249
1904419
1904552
1904650
1904744
1904751
1904818
1904936
1904984
1905028
1905057
1905169
1905215
1905339
1905477
1905494
1905759
1905768
1905911
1906008
1906040
1906158
1906291
1906408
1906462
1906709
1906770
1906900
1907069
1907111
1907145
1907203
1907308
1907349
1907378
1907555
1907784
1907809
1907813
1907865
1907910
1907931
1907994
1908076
1908157
1908261
1908301
1908318
1908357
1908384
1908402
1908444
1908470
1908513
1908573
1908611
1908694
1908716
1908888
1908979
1909012
1909059
1909102
1909162
1909289
1909392
1909458
1909720
1909770
1909904
1909944
1910009
1910013
1910043
1910085
1910121
1910263
1910373
1910383
1910432
1910472
1910486
1910564
1910577
1910893
1910960
1911040
1911120
1911277
1911593
1911711
1911771
1911961
1911989
1912049
1912102
1912466
1912491
1912641
1912688
1912733
1912936
1913124
1913218
1913236
1913242
1913315
1913333
1913468
1913677
1913751
1913824
1913827
1914121
1914158
1914179
1914285
1914307
1914461
1914553
1914564
1914675
1914697
1914771
1914866
1914978
1915071
1915268
1915303
1915343
1915494
1915707
1915721
1915772
1915847
1915909
1916008
1916100
1916146
1916227
1916287
1916465
1916504
1916559
1916662
1916749
1916783
1916812
1916879
1917006
1917067
1917144
1917228
1917272
1917318
1917416
1917462
1917525
1917537
1917571
1917764
1917795
1917834
1917889
1917924
1917943
1918003
1918151
1918181
1918261
1918276
1918346
1918446
1918478
1918511
1918538
1919063
1919091
1919107
1919167
1919218
1919364
1919425
1919652
1919785
1919853
1919895
1919910
1919928
1919950
1920012
1920054
1920118
1920159
1920234
1920386
1920556
1920663
1920673
1920795
1920858
1920894
1921023
1921295
1921328
1921364
1921375
1921457
1921491
1921516
1921523
1921541
1921626
1921676
1921966
1922043
1922082
1922169
1922387
1922394
1922570
1922601
1922622
1922634
1922781
1922807
1922825
1922943
1922986
1923004
1923048
1923084
1923116
1923128
1923202
1923273
1923286
1923306
1923328
1923474
1923578
1923749
1923755
1923779
1923833
1923908
1923947
1924082
1924098
1924237
1924332
1924383
1924412
1924480
1924501
1924544
1924572
1924926
1924991
1925032
1925188
1925471
1925488
1925702
1925766
1925806
1925831
1925841
1926030
1926039
1926062
1926828
1927099
1927111
1927169
1927240
1927260
1927644
1927774
1927811
1927857
1927877
1928129
1928162
1928245
1928250
1928334
1928344
1928402
1928420
1928436
1928453
1928475
1928495
1928516
1928553
1928578
1928603
1928614
1928722
1928742
1928788
1928801
1928823
1928912
1929145
1929249
1929373
1929386
1929460
1929540
1929551
1929565
1929687
1929760
1929770
1929851
1929854
1929916
1930084
1930238
1930255
1930481
1930576
1930693
1930766
1930889
1930918
1931069
1931180
1931328
1931334
1931339
1931371
1931545
1931579
1931657
1931739
1932100
1932163
1932193
1932217
1932245
1932324
1932383
1932440
1932481
1932656
1932679
1933029
1933089
1933102
1933237
1933445
1933456
1933638
1933664
1933677
1933680
1933752
1933814
1933854
1933951
1933971
1933987
1934014
1934071
1934090
1934156
1934170
1934337
1934479
1934522
1934565
1934680
1934709
1934749
1934788
1934822
1934878
1935200
1935225
1935422
1935429
1935439
1935657
1935705
1935724
1935739
1935782
1935809
1935824
1935859
1935905
1935939
1935953
1936015
1936314
1936351
1936356
1936395
1936453
1936485
1936500
1936612
1936664
1936688
1936695
1936706
1936748
1936759
1936786
1937333
1937562
1937574
1937697
1937739
1937862
1937864
1937878
1937995
1938014
1938098
1938352
1938371
1938412
1938704
1938716
1938768
1938937
1939090
1939104
1939138
1939167
1939177
1939212
1939234
1939323
1939537
1939651
1939772
1939799
1939842
1939908
1939983
1940083
1940162
1940273
1940332
1940443
1940456
1940545
1940626
1940641
1940790
1940884
1940942
1941104
1941126
1941136
1941146
1941263
1941394
1941502
1941510
1941637
1941678
1941700
1941765
1941914
1941969
1942015
1942186
1942204
1942303
1942323
1942519
1942786
1942821
1943114
1943181
1943300
1943385
1943444
1943628
1943962
1943972
1944019
1944033
1944064
1944083
1944110
1944200
1944233
1944249
1944345
1944539
1944573
1944632
1944651
1944670
1944891
1944910
1945057
1945140
1945172
1945205
1945261
1945321
1945333
1945343
1945387
1945478
1945513
1945545
1945627
1945653
1945699
1945783
1945908
1946217
1946463
1946573
1946666
1946701
1946763
1946880
1947179
1947251
1947353
1947429
1947563
1947607
1947702
1947749
1948064
1948266
1948293
1948301
1948324
1948396
1948626
1948762
1948792
1948969
1949130
1949139
1949198
1949208
1949350
1949440
1949498
1949528
1949580
1949599
1949632
1949839
1949849
1949873
1949982
1949988
1950004
1950054
1950141
1950220
1950236
1950340
1950408
1950436
1950571
1950641
1950692
1950743
1950928
1950972
1951009
1951097
1951251
1951270
1951340
1951356
1951361
1951404
1951596
1951776
1952330
1952374
1952450
1952740
1952836
1952876
1953117
1953164
1953230
1953264
1953276
1953313
1953345
1953534
1953620
1953654
1953841
1953876
1953893
1953948
1954122
1954311
1954352
1954368
1954559
1954650
1954656
1954720
1954801
1954836
1954870
1954921
1954958
1954996
1955011
1955126
1955171
1955206
1955245
1955262
1955299
1955356
1955424
1955577
1955608
1955697
1955943
1956029
1956107
1956411
1956491
1956603
1956608
1956653
1956659
1956719
1956933
1956956
1957010
1957130
1957273
1957325
1957337
1957425
1957495
1957585
1957622
1957635
1957657
1957673
1957736
1957753
1957759
1957924
1958031
1958046
1958116
1958131
1958226
1958255
1958368
1958403
1958681
1958769
1958787
1958846
1958858
1958888
1958903
1958929
1958960
1959030
1959038
1959153
1959172
1959192
1959199
1959264
1959303
1959370
1959416
1959441
1959523
1959682
1959927
1959995
1960130
1960168
1960209
1960285
1960317
1960366
1960495
1960533
1960601
1960638
1960657
1960725
1960770
1960849
1960866
1960892
1960995
1961023
1961231
1961284
1961292
1961530
1961829
1961847
1961883
1961944
1962137
1962227
1962250
1962309
1962397
1962452
1962566
1962639
1962841
1962938
1963141
1963237
1963256
1963315
1963398
1963443
1963557
1963567
1963867
1963871
1963901
1963910
1964082
1964091
1964113
1964267
1964334
1964493
1964970
1965119
1965254
1965315
1965323
1965492
1965733
1965905
1965940
1965961
1965995
1966001
1966017
1966061
1966308
1966355
1966409
1966492
1966517
1966533
1966597
1966620
1966648
1966663
1966800
1966813
1966858
1966939
1966945
1966950
1967018
1967123
1967272
1967286
1967345
1967381
1967392
1967420
1967454
1967471
1967551
1967569
1967646
1967697
1967763
1967777
1967790
1967801
1967839
1967863
1967889
1967902
1968030
1968045
1968064
1968088
1968288
1968340
1968443
1968591
1968644
1968777
1968782
1968794
1968823
1968885
1968981
1968998
1969296
1969373
1969475
1969555
1969671
1969707
1969728
1969762
1969772
1969786
1969825
1969910
1969951
1969979
1970019
1970070
1970103
1970122
1970211
1970361
1970808
1970823
1971084
1971110
1971339
1971430
1971478
1971483
1971531
1971594
1971724
1971843
1972090
1972201
1972206
1972236
1972311
1972345
1972370
1972404
1972469
1972472
1972489
1972494
1972659
1972806
1972831
1972841
1972940
1972988
1973002
1973019
1973056
1973108
1973138
1973187
1973207
1973400
1973635
1973769
1973796
1973809
1973844
1974298
1974498
1974777
1974787
1974791
1974820
1974871
1974954
1974985
1975179
1975227
1975256
1975297
1975306
1975311
1975338
1975361
1975427
1975567
1975639
1975740
1975842
1975919
1976043
1976176
1976255
1976356
1976419
1976454
1976525
1976617
1976733
1976766
1976784
1976929
1976939
1977061
1977137
1977297
1977311
1977385
1977446
1977455
1977488
1977538
1977550
1977704
1977725
1977790
1977818
1977824
1977877
1977906
1977947
1977964
1978009
1978031
1978047
1978103
1978157
1978339
1978443
1978476
1978575
1978593
1978669
1978734
1978746
1979379
1979482
1979533
1979740
1979782
1979851
1979933
1979982
1980011
1980342
1980349
1980416
1980597
1980674
1980681
1980703
1980732
1980827
1980875
1980955
1980980
1981050
1981094
1981134
1981196
1981239
1981330
1981491
1981610
1981712
1981733
1981767
1981996
1982053
1982149
1982445
1982569
1982649
1982683
1982757
1982784
1982949
1982964
1983039
1983051
1983120
1983162
1983167
1983191
1983229
1983274
1983541
1983657
1983852
1983915
1983977
1983990
1984081
1984090
1984170
1984192
1984198
1984272
1984433
1984458
1984488
1984516
1984782
1984863
1985287
1985327
1985348
1985425
1985640
1985787
1986115
1986137
1986195
1986296
1986376
1986394
1986512
1986567
1986624
1986684
1986699
1986820
1986835
1986911
1986950
1987232
1987425
1987457
1987565
1987612
1987676
1987727
1987736
1987755
1987782
1987793
1987800
1987867
1987970
1988028
1988052
1988092
1988419
1988540
1988551
1988689
1988725
1988796
1988872
1988878
1988909
1988948
1988969
1988977
1989059
1989136
1989145
1989168
1989223
1989264
1989359
1989402
1989509
1989511
1989657
1989684
1989767
1989841
1989855
1989901
1989943
1990152
1990167
1990456
1990487
1990521
1990574
1990711
1990759
1990915
1991073
1991245
1991269
1991314
1991341
1991451
1991530
1991581
1991615
1991673
1991714
1991770
1991775
1991897
1992012
1992077
1992396
1992705
1992719
1992748
1992776
1992906
1993102
1993186
1993392
1993417
1993526
1993613
1993743
1993769
1993955
1994121
1994145
1994243
1994279
1994292
1994497
1994540
1994564
1994622
1994649
1994673
1994703
1994726
1994738
1994751
1994778
1994800
1994902
1994915
1994956
1995012
1995082
1995136
1995667
1995692
1995749
1995769
1995798
1995872
