99
222
259
334
363
537
663
1183
1352
1597
1697
1736
1772
1823
2007
2015
2076
2099
2127
2896
3013
3097
3133
3215
3296
3427
3483
3518
3565
3629
3664
3698
3774
3831
4123
4148
4194
4215
4278
4358
4577
4601
4742
4779
4832
4850
4894
5241
5650
5706
5765
5831
5841
5878
5884
5956
5971
5989
6521
6621
6666
6675
6784
6848
6910
6957
7154
7182
7338
7387
7397
7525
7529
7567
7609
7944
8130
8293
8294
8337
8361
8389
8393
8404
8457
8497
8551
8571
8626
8734
8871
8913
9107
9331
9642
9646
9796
9814
10053
10102
10179
10186
10231
10329
10347
10451
10539
10636
10833
10888
11033
11085
11180
11368
11555
11658
11770
11842
12100
12136
12242
12250
12272
12303
12479
12803
12871
12972
12995
13097
13135
13282
13319
13384
13483
13657
13667
13684
13783
13805
14001
14095
14141
14295
14346
14562
14603
14646
14663
14669
14686
14695
15017
15035
15467
15616
15721
15738
15844
16033
16214
16232
16295
16313
16345
16430
16499
16657
16669
16713
16714
16795
16900
17039
17362
17574
17660
17687
17788
17805
17898
17932
18045
18119
18323
18545
18618
18694
19013
19052
19208
19308
19449
19469
19585
19592
19602
19622
19774
19842
19882
20018
20039
20067
20091
20119
20254
20275
20306
20361
20386
20437
20470
20497
20578
20643
20670
21174
21246
21267
21270
21302
21437
21502
21545
21662
21666
21737
21856
22040
22093
22322
22594
22609
22617
22665
22774
23108
23215
23590
23767
23771
23816
23860
23958
23991
24233
24239
24333
24423
24520
24682
24775
24798
24818
24985
25026
25040
25072
25194
25316
25349
25445
25461
25479
25488
25539
25604
25634
25683
25706
25778
25806
25851
26002
26115
26343
26377
26452
26484
26494
26531
26636
26671
26700
26729
26876
27051
27118
27305
27397
27559
27611
27681
27831
27975
28071
28364
28381
28425
28691
28708
28753
28799
29180
29219
29221
29323
29352
29456
29523
29645
29723
29967
30138
30158
30175
30252
30416
30711
30834
31025
31231
31396
31792
31867
32020
32246
32283
32339
32734
32882
32965
33151
33314
33360
33577
33790
33922
34028
34139
34180
34330
34467
34475
34556
34675
34744
34797
34906
35070
35280
35290
35295
35358
35367
35472
35640
35690
35693
35763
35786
35992
36371
36373
36441
36620
37139
37392
37448
37498
37504
37511
37797
37816
37827
37922
37947
38091
38097
38230
38232
38262
38311
38315
38345
38367
38417
38437
38491
38688
38759
38878
39031
39141
39143
39254
39500
39538
39572
39621
39635
39771
39917
39946
40021
40367
40396
40488
40543
40804
40937
40940
41240
41318
41400
41410
41549
41739
41880
41956
42209
42340
42402
42514
42592
42844
42898
43005
43032
43069
43238
43402
43452
43462
43528
43582
43756
43763
43777
43786
44072
44141
44304
44378
44432
44565
44587
44706
44853
44856
45161
45401
45417
45439
45442
45531
45743
45786
45930
46239
46327
46535
46690
46818
46835
46932
46945
46972
47067
47120
47262
47330
47424
47591
47641
48212
48249
48299
48368
48382
48435
48496
48695
48798
48844
48859
48866
48984
49113
49316
49544
49575
49642
49662
49693
49847
49934
50022
50161
50343
50414
50570
50623
50832
50920
51131
51174
51236
51340
51515
51589
51745
51805
51956
52065
52079
52173
52374
52391
52468
52500
52518
52597
52760
52762
52790
52799
52807
52842
53025
53120
53169
53198
53322
53490
53587
53618
53655
53695
53733
53760
53827
53835
53909
54049
54104
54114
54127
54185
54250
54361
54414
54419
54636
54656
54662
54725
54877
54912
54949
54964
55013
55139
55144
55147
55189
55248
55334
55417
55436
55495
55496
55717
55773
56022
56043
56323
56376
56395
56472
56598
56606
56620
56891
57286
57556
57564
57661
57670
57691
57773
57997
58037
58086
58606
58717
58787
58819
58964
59038
59146
59236
59257
59292
59320
59329
59548
59580
59669
59709
59891
59892
60087
60145
60147
60163
60209
60340
60450
60477
60481
60516
60576
60639
60891
60907
60977
61059
61109
61145
61202
61313
61320
61486
61573
61631
61759
61941
62044
62181
62345
62451
62776
62954
63004
63034
63038
63267
63534
63609
63729
63805
63826
63848
63980
63997
64068
64117
64129
64179
64633
64646
64654
64689
64803
64860
64942
64966
65054
65125
65200
65250
65263
65299
65348
65376
65383
65567
65585
65728
65737
65927
66023
66078
66147
66208
66249
66393
66404
66635
66684
66939
67039
67081
67222
67246
67471
67542
67580
67752
67962
68053
68071
68077
68196
68283
68286
68320
68323
68483
69222
69226
69376
69486
69505
69583
69622
69703
69890
69915
69974
70169
70205
70320
70369
70468
70485
70619
70687
70880
71310
71343
71417
71457
71486
71597
71682
71764
71810
71845
71942
72238
72268
72474
72568
72613
72655
72755
72929
73078
73085
73126
73265
73299
73351
73359
73411
73510
73530
73540
73695
73740
73763
74004
74042
74184
74227
74231
74383
74511
74557
74623
74766
74785
74798
74808
74811
74856
74881
75056
75299
75317
75333
75355
75410
75467
75574
75598
75624
75642
75692
75841
75921
75929
76018
76238
76251
76281
76356
76377
76415
76468
76747
76751
76966
77094
77185
77291
77365
77458
77462
77469
77564
77617
77697
77733
77841
77874
77894
77920
77955
78209
78404
78414
78541
78558
78700
78838
78852
78860
79048
79120
79271
79309
79328
79389
79464
79474
79722
79766
79793
79817
79839
79845
79865
79867
80169
80277
80314
80387
80393
80449
80487
80528
80805
81026
81312
81322
81846
81871
81878
81957
81995
82013
82029
82212
82268
82283
82328
82576
82704
82753
82968
83023
83052
83338
83496
83519
83534
83573
83671
83888
83926
84002
84249
84328
84437
84492
84505
84608
84946
84970
85118
85267
85297
85391
85397
85440
85622
85639
85910
86128
86182
86245
86276
86467
86595
86660
87017
87038
87099
87117
87163
87195
87354
87378
87455
87506
87528
87804
88079
88150
88213
88242
88252
88296
88308
88761
88781
88901
88955
89154
89316
89403
89429
89490
89551
89729
89908
90213
90221
90325
90329
90445
90578
90592
90640
90652
90852
90867
90883
91029
91215
91318
91367
91378
91432
91592
91614
91632
91735
91837
91901
92063
92158
92301
92330
92350
92376
92446
92568
92794
92801
93114
93263
93315
93392
93535
93601
93739
93754
93905
93970
94012
94164
94346
94483
94599
94608
94718
94729
94771
94828
94844
94848
94958
95034
95177
95204
95257
95295
95298
95307
95360
95364
95671
95698
95738
95842
96168
96196
96268
96458
96777
97017
97224
97417
97479
97586
97593
97624
97660
97785
97837
97981
97994
98017
98046
98090
98171
98228
98264
98314
98390
98465
98470
98537
98586
98653
98738
98800
98897
98906
98946
99194
99365
99510
99776
99837
100060
100201
100222
100235
100388
100517
100643
100825
101009
101033
101062
101084
101298
101526
101897
101956
102074
102082
102296
102394
102396
102417
102497
102574
102658
102666
102792
102884
102951
102985
103105
103159
103161
103298
103336
103407
103470
103475
103523
103627
103735
103767
103838
104001
104048
104142
104232
104381
104411
104472
104474
104492
104554
104560
104805
105027
105107
105325
105426
105455
105642
105689
105996
106205
106579
106707
106741
106904
107009
107067
107149
107211
107443
107487
107602
107867
108035
108515
108596
108649
108790
108803
109028
109047
109077
109171
109389
109401
109475
109542
109644
109680
109842
110212
110232
110427
110523
110538
110589
110619
110669
110777
110802
110977
111068
111208
111372
111573
111780
111911
111990
112238
112254
112422
113000
113038
113108
113254
113295
113304
113366
113383
113678
113708
113729
113878
113942
114080
114105
114439
114481
114527
114667
114675
114797
114810
114891
114916
115011
115064
115065
115103
115150
115171
115204
115217
115357
115449
115501
115515
115618
116044
116178
116182
116459
116584
116624
116904
117078
117104
117174
117194
117205
117258
117419
117624
117743
117841
117863
117872
117972
118258
118347
118383
118431
118494
118701
118714
118947
119217
119392
119631
119820
119826
119832
119949
120430
120697
120839
121080
121139
121322
121458
121464
121555
122313
122629
122643
122692
122742
122768
122780
123027
123257
123287
123525
123527
123814
123829
123869
123893
124018
124090
124200
124203
124267
124299
124319
124520
124555
124579
124651
124821
124827
124863
124926
124953
125076
125415
125546
125559
125983
126011
126055
126171
126174
126249
126568
126586
126670
126678
126712
126736
126921
127031
127104
127210
127340
127474
127617
127650
127719
127723
127805
127903
127928
127941
128103
128125
128137
128143
128264
128546
128553
128629
128727
128843
129048
129144
129668
129857
129872
130110
130199
130289
130390
130477
130709
131165
131414
131608
131639
131690
131717
131814
132092
132107
132259
132289
132326
132526
132618
132641
132726
132808
132869
132929
133162
133457
133628
134013
134028
134169
134304
134366
134368
134409
134441
134626
134755
134788
134791
134981
135304
135318
135602
135703
135776
135818
136050
136104
136136
136142
136340
136354
136366
136374
136455
136475
136503
136572
136699
136900
136996
137099
137161
137261
137413
137706
138044
138052
138364
138466
138571
138576
138602
138746
138875
138880
138906
138993
139059
139144
139227
139500
139585
139626
139835
139915
140080
140315
140385
140405
140452
140462
140498
140934
141071
141104
141137
141280
141320
141446
141517
141555
142161
142358
142373
142430
142568
142589
142668
142698
143011
143022
143066
143310
143326
143344
143391
143402
143432
143866
144126
144187
144296
144523
144892
144997
145247
145357
145398
145481
145534
145666
145698
146000
146011
146268
146387
146472
146571
146643
146676
146762
146848
146906
147007
147110
147184
147460
147556
147639
147678
147699
147916
147939
147973
148005
148217
148438
148520
148692
148709
148928
149047
149106
149324
149337
149422
149441
149799
149903
150126
150230
150245
150268
150322
150461
150494
150534
150781
150846
150848
150877
151406
151410
151607
151634
151792
151800
151863
152355
152387
152391
152584
152638
152708
152824
152891
152968
153411
153483
153545
153656
153709
153764
153823
154005
154341
154413
154637
154701
154939
155049
155137
155192
155337
155350
155450
155474
155475
155539
155564
155697
155773
155908
155940
156450
156605
156616
156633
156709
156737
157087
157136
157202
157425
157476
157491
157777
157785
157924
158091
158141
158178
158331
158409
158511
158643
158657
158710
158913
158961
158974
159123
159188
159289
159325
159414
159599
159642
159897
159981
160073
160131
160139
160184
160222
160257
160367
160387
160644
160714
160724
160802
160836
160865
160984
161397
161527
161538
161564
161735
161984
162281
162321
162359
162414
162573
162648
162695
162776
162806
162879
163148
163159
163324
163339
163494
163522
163711
163978
164065
164179
164244
164284
164469
164689
164722
164741
164968
165195
165223
165280
165375
165420
165489
165562
165576
165757
165809
165825
165827
165933
166160
166418
166471
166691
166694
166733
166773
166796
166917
166942
167093
167114
167360
167393
167442
167556
167806
167971
168013
168203
168567
168918
169108
169165
169216
169429
169536
169679
169964
170071
170211
170255
170265
170318
170484
170531
170624
170636
170669
171110
171205
171258
171446
171525
171535
171539
171785
171796
171818
172201
172228
172305
172315
172410
172429
172465
172580
172583
172639
173096
173156
173211
173233
173240
173295
173303
173466
173485
173531
173911
173978
174037
174071
174163
174375
174515
174522
174530
174587
174659
174715
174811
175124
175143
175243
175304
175350
175362
175426
175454
175882
175976
175978
176054
176076
176133
176216
176217
176302
176347
176445
176610
176629
176783
176874
176948
177027
177043
177432
177523
177578
177769
177839
178012
178070
178159
178266
178297
178434
179014
179127
179144
179191
179429
179470
179666
180323
180342
180546
180569
180797
180816
180825
180890
180897
181086
181115
181131
181173
181425
181706
181729
181741
181860
181959
182038
182081
182124
182133
182272
182378
182641
182868
182959
183031
183105
183359
183361
183407
183412
183426
183450
183573
183783
183826
183866
183904
183954
183971
184040
184243
184328
184495
184645
184784
185090
185196
185202
185226
185257
185302
185523
185704
185964
186158
186279
186375
186461
186607
186631
186880
187238
187245
187267
187408
187473
187510
187635
187743
187805
187881
188078
188135
188148
188151
188300
188586
188744
188961
188996
189025
189034
189215
189288
189386
189402
189506
189676
189787
189959
190023
190154
190251
190272
190656
190926
191054
191059
191137
191187
191236
191333
191395
191423
191524
191532
191655
191669
191681
191846
191944
192149
192168
192241
192266
192378
192511
192559
192571
192726
192776
192807
192959
192963
193007
193035
193154
193215
193299
193307
193450
193466
193651
193706
193770
193862
194193
194549
194585
194610
194872
194943
195071
195143
195177
195245
195493
195536
195654
195672
195884
196052
196132
196290
196480
196699
196710
196756
196825
196882
197035
197054
197098
197229
197296
197336
197356
197735
198082
198167
198179
198189
198224
198328
198342
198368
198444
198460
198496
198500
198566
198600
198661
198683
198788
198990
199203
199220
199338
199597
199926
199950
200028
200035
200104
200139
200182
200242
200370
200389
200419
200499
200622
200823
200845
201109
201168
201204
201222
201362
201551
201573
201675
201705
201731
201875
201917
201918
202057
202105
202131
202212
202234
202239
202315
202338
202402
202568
202597
202664
202777
202835
202874
202876
202942
202958
202963
203069
203144
203245
203534
203560
203657
203719
203752
204044
204081
204118
204147
204179
204219
204228
204421
204531
204580
204905
204999
205138
205235
205343
205347
205367
205408
205519
205804
205815
205883
205952
206033
206094
206174
206201
206371
206644
206792
206855
206878
206973
207228
207292
207299
207315
207329
207432
207515
207765
208046
208177
208191
208204
208231
208315
208392
208472
208545
208558
208571
208598
208607
208710
208776
208793
208805
208930
208959
209081
209161
209491
209600
209645
209702
210049
210107
210111
210196
210248
210255
210559
210749
210782
210828
210975
211076
211087
211102
211160
211192
211266
211347
211350
211371
211450
211452
211488
211616
211696
211701
211798
211817
211834
212022
212249
212377
212662
212722
212776
212848
212874
212914
213020
213187
213316
213336
213421
213433
213441
213528
213585
213686
213761
213781
213884
213939
213989
214077
214088
214303
214308
214545
214652
214739
214843
214865
214924
215296
215357
215467
215729
215795
215916
216010
216035
216100
216398
216507
216570
216708
216818
216819
216847
216868
216927
216946
216962
217029
217285
217434
217645
217769
217794
217908
217952
217983
218078
218285
218298
218308
218371
218583
218625
218741
218796
218836
218871
218906
218952
219130
219216
219268
219377
219503
219562
219575
219745
219827
219830
219902
219914
219952
220342
220350
220653
220664
220768
220783
220855
220922
220949
221106
221119
221343
221411
221513
221529
221563
221732
221738
221794
221980
221988
222005
222282
222397
222612
222617
222685
222691
222839
222851
223041
223084
223092
223249
223324
223406
223521
223529
223561
223584
223611
223658
223845
223969
223975
224018
224102
224174
224189
224201
224240
224283
224344
224457
224601
224615
224834
224875
224882
224928
225105
225544
225561
225742
225862
225875
226008
226286
226436
226465
226559
226630
226637
226645
226731
226815
226992
227072
227271
227385
227417
227463
227617
227775
227810
227943
228017
228032
228251
228273
228536
228640
228813
228959
229073
229095
229123
229136
229255
229561
229576
229603
229611
229691
229736
229893
229984
230081
230201
230219
230354
230365
230427
230469
230568
230658
230714
231021
231114
231130
231167
231232
231416
231469
231501
231697
231765
231981
231999
232153
232186
232219
232229
232294
232314
232316
232405
232479
232540
232569
232682
232702
232769
232785
232900
232932
232953
233017
233079
233131
233219
233254
233312
233331
233414
233446
233517
233689
233847
233922
233950
234220
234259
234424
234488
234535
234569
234583
234649
234806
234961
235006
235072
235107
235122
235175
235303
235323
235386
235440
235492
235637
235642
235747
235794
235831
235935
235972
235979
236089
236149
236194
236234
236427
236516
236571
236667
236826
236913
237100
237173
237175
237194
237208
237224
237401
237633
237769
237782
237837
237880
237971
238179
238315
238364
238416
238613
238629
238796
238871
238885
238894
239031
239060
239152
239191
239262
239299
239337
239392
239425
239427
239437
239565
239648
239825
239880
239981
240040
240135
240225
240253
240294
240441
240510
240523
240573
240862
240901
240943
240976
240996
241009
241054
241225
241263
241404
241509
241515
241544
241583
241588
241619
241749
241915
242021
242078
242137
242247
242272
242286
242412
242589
242611
242669
242744
242917
243178
243194
243211
243251
243471
243529
243624
243669
243711
244020
244253
244256
244265
244315
244321
244327
244513
244531
244757
244835
245050
245175
245250
245416
245436
245515
245558
245575
245633
245691
245696
245783
245891
245934
245941
245955
246203
246339
246538
246545
246579
246640
246854
246931
246970
247030
247274
247315
247490
247704
247946
248047
248133
248187
248337
248568
248677
248685
248776
248997
249251
249275
249292
249389
249445
249719
249792
249832
250017
250071
250210
250304
250309
250314
250347
250583
250677
250780
250954
251183
251354
251390
251455
251494
251614
251644
251667
251747
251791
251812
251974
252200
252294
252297
252611
252721
252749
252801
253043
253080
253104
253209
253553
253581
253637
253669
253896
253981
254284
254404
254508
254587
254616
254640
254804
254889
254903
254945
254949
255032
255070
255119
255155
255170
255190
255276
255361
255639
255703
255715
255821
255992
256015
256046
256205
256228
256317
256474
256525
256545
256703
256929
257062
257212
257264
257294
257327
257338
257413
257523
257684
257811
257908
258163
258421
258488
258803
258867
258993
259149
259164
259201
259542
259563
259687
259936
260055
260215
260373
260416
260532
260632
260846
260939
261018
261028
261075
261259
261405
261505
261534
261541
261552
261613
261634
261708
261754
261905
261936
262005
262083
262113
262131
262475
262496
262527
262543
262911
262964
263097
263250
263304
263534
263543
263606
263985
264024
264066
264094
264114
264124
264168
264208
264255
264344
264487
264505
264611
264713
264722
264773
264778
264802
264857
264987
265032
265107
265177
265293
265338
265432
265756
265782
265954
266129
266498
266614
266697
267244
267256
267277
267297
267323
267376
267407
267496
267598
267630
267692
267709
267933
268111
268134
268144
268209
268273
268359
268494
268517
268625
269056
269175
269221
269252
269353
269373
269390
269469
269516
269528
269910
269952
270143
270168
270184
270363
270618
270713
270718
270877
270903
271086
271144
271179
271229
271530
271587
271595
271866
271906
271943
272072
272272
272281
272303
272484
272653
272811
272881
272907
272920
273127
273494
273545
273569
273931
274242
274247
274279
274468
274475
274498
274822
274913
274980
275007
275019
275056
275196
275331
275337
275812
275899
275906
275932
275963
276093
276200
276286
276461
276555
276577
276810
276889
276923
276983
277042
277172
277336
277387
277675
277695
277698
277727
277784
277895
277905
278213
278599
278799
279197
279215
279226
279259
279398
279413
279590
279597
279610
279672
279726
279997
280151
280174
280274
280389
280529
280700
280703
280819
280870
280916
281011
281184
281215
281228
281253
281466
281473
281552
281629
281634
281768
281773
281878
281937
281981
282106
282126
282342
282349
282523
282647
282712
282931
282940
282988
283017
283048
283163
283304
283321
283439
283480
283530
283544
283685
283697
283738
283765
283801
283817
283838
283945
284030
284044
284067
284176
284198
284369
284557
284903
284923
284956
285085
285098
285289
285313
285423
285481
285536
285584
285613
285647
285775
285829
285871
285889
285962
286075
286144
286158
286228
286249
286375
286460
286483
286571
286589
286613
286637
286698
286726
286791
286844
286995
287138
287425
287534
287535
287543
287613
287703
287818
287823
287879
287886
288118
288217
288382
288503
288525
288683
288707
288866
289119
289152
289294
289414
289485
289490
289523
289625
289636
289874
289906
289936
290031
290078
290120
290249
290497
290626
290643
290680
290774
291085
291117
291205
291217
291304
291473
291538
291717
291752
291814
291868
291938
292041
292147
292475
292485
292521
292778
292874
292887
292909
292945
293010
293108
293126
293191
293249
293303
293322
293503
293947
294056
294180
294393
294488
294623
294642
294862
294956
294965
295041
295151
295403
295449
295501
295550
295607
295617
295827
295881
295915
296014
296022
296209
296296
296372
296390
296573
296716
296754
296767
296919
297106
297205
297271
297316
297556
297650
297746
297992
298061
298188
298606
298645
298668
298750
298781
299004
299024
299243
299301
299332
299443
300240
300246
300251
300258
300461
300466
300530
300540
300616
300739
301015
301085
301168
301180
301196
301253
301278
301577
301626
301705
301718
301799
301845
302034
302092
302108
302131
302139
302351
302384
302465
302482
302491
302507
302522
302613
302755
303164
303347
303368
303429
303714
304264
304271
304354
304406
304444
304506
304630
304696
304828
304872
305122
305127
305292
305318
305360
305448
305470
305567
305682
305732
305862
306098
306115
306129
306168
306202
306224
306436
306513
306520
306696
306721
306860
307081
307184
307268
307384
307455
307689
307797
307858
308042
308535
308565
308594
308723
308745
308988
308999
309071
309129
309334
309354
309400
309423
309472
309829
309871
309878
309916
310057
310257
310266
310269
310380
310465
310574
310606
310694
310955
311031
311039
311065
311330
311425
311554
311611
311639
311821
311927
311932
311998
312092
312125
312128
312131
312182
312276
312363
312402
312465
312473
312614
312662
312979
313047
313049
313138
313723
313811
314007
314010
314169
314225
314318
314498
314523
314578
314725
314846
315047
315171
315340
315345
315401
315426
315454
315507
315520
315594
315598
315823
315828
316031
316063
316095
316157
316296
316391
316435
316562
316781
316886
316968
316993
316998
317088
317130
317211
317391
317513
317639
317783
317802
317912
317956
318073
318255
318335
318344
318370
318768
318784
318795
318981
319134
319166
319270
319409
319523
319535
319561
319778
319817
319851
319860
320093
320099
320474
320838
321235
321321
321363
321910
321947
322131
322262
322338
322850
322967
323019
323046
323121
323182
323302
323480
323597
323617
323781
323813
324010
324270
324281
324338
324354
324427
324457
324464
324493
324614
324651
324701
324720
324727
324756
324815
324850
325141
325223
325469
325503
325687
325833
325969
326035
326097
326184
326219
326308
326445
326487
326503
326596
326701
326736
326740
326759
326908
327026
327176
327181
327226
327279
327311
327354
327553
327641
327990
328191
328243
328272
328353
328359
328411
328450
328587
328596
328658
328733
328773
328849
328927
328941
328954
329010
329230
329295
329319
329331
329364
329458
329476
329528
329530
329536
329643
329694
329768
329849
329923
330089
330165
330204
330363
330462
330729
331133
331243
331306
331560
331604
331721
331910
331919
332030
332045
332095
332221
332262
332264
332275
332304
332366
332375
332525
332535
332589
332705
332790
332859
333417
333427
333449
333472
333493
333588
333612
333734
333793
333991
334065
334081
334259
334269
334433
334438
334589
334602
334709
334905
334909
334953
335066
335403
335434
335542
335654
335923
335993
335997
336076
336273
336378
336477
336632
336697
336748
336855
337086
337186
337265
337287
337400
337421
337448
337577
337622
337731
337756
337808
337829
338122
338379
338429
338444
338486
338522
338556
338683
338727
338783
339124
339216
339251
339279
339421
339557
339611
339859
339870
340001
340055
340168
340277
340416
340693
341026
341413
341621
341980
342056
342159
342244
342443
342478
342502
342540
342552
342853
342941
342981
343006
343071
343127
343300
343319
343347
343350
343375
344004
344094
344143
344275
344345
344402
344412
344510
344879
345028
345035
345092
345095
345102
345140
345173
345269
345312
345644
345929
346001
346192
346291
346301
346312
346412
347037
347056
347095
347180
347190
347377
347402
347673
347709
347888
348081
348215
348235
348400
348444
348498
348577
348606
348755
348772
348831
348885
349056
349077
349089
349150
349241
349246
349402
349412
349500
349898
349940
349958
349982
350176
350228
350516
350612
350662
350981
351162
351196
351213
351249
351353
351468
351504
351614
351784
352061
352074
352099
352283
352327
352402
352669
352827
352884
353264
353294
353333
353382
353483
353541
353555
353698
353820
353895
353922
354131
354133
354359
354540
354586
354706
354727
354777
354842
354894
355079
355095
355232
355283
355325
355379
355407
355501
355648
355786
356030
356062
356175
356369
356622
356740
356756
356784
356806
356828
356847
357060
357109
357204
357285
357632
357846
358057
358195
358208
358270
358273
358302
358340
358367
358801
358821
358828
358841
358997
359051
359086
359196
359221
359280
359290
359400
359467
359653
359691
359994
360152
360197
360216
360232
360339
360375
360388
360450
360735
360972
360980
361015
361420
361529
361561
361598
361639
361710
361817
361864
362247
362353
362383
362418
362429
362440
362660
362963
363009
363255
363377
363421
363482
363485
363557
363668
363682
363751
363755
363850
363877
363955
364099
364282
364290
364338
364392
364411
364518
364580
364686
364721
364746
364873
364963
364969
364984
365075
365263
365285
365304
365499
365508
365528
365808
365941
366194
366316
366430
366511
366622
366768
366807
366970
366983
367004
367072
367170
367228
367232
367315
367386
367467
367472
367504
367522
368053
368094
368154
368192
368217
368519
368599
368662
368975
369071
369149
369217
369236
369322
369375
369386
369643
369646
369676
369684
369695
369954
370097
370222
370374
370444
370514
370541
370626
370903
371224
371409
371501
371519
371636
371678
371688
371870
371890
372162
372172
372274
372492
372565
372775
372795
372806
373063
373115
373136
373302
373362
373383
373402
373439
373493
373544
373749
373870
373873
373930
374036
374037
374101
374155
374253
374306
374407
374477
374494
374561
374591
374841
374881
375031
375072
375365
375461
375557
375702
375737
375790
375825
375938
376181
376265
376348
376404
376439
376472
376483
376647
376717
376792
376884
376952
376976
377056
377118
377175
377256
377373
377411
377561
377571
377651
377719
377946
377970
378022
378026
378133
378510
378537
378569
378661
378738
378846
378866
378871
378888
378947
379003
379042
379255
379305
379397
379417
379488
379591
379651
379695
379809
380043
380115
380133
380142
380265
380316
380480
380550
380552
380561
380630
380639
380701
380904
380941
380975
381113
381313
381314
381376
381763
381795
381819
381920
382125
382243
382255
382589
382657
382684
382694
382756
382804
382816
382850
382910
382947
383156
383247
383364
383504
383513
383534
383551
383756
384090
384146
384383
384395
384624
384738
384813
385091
385142
385488
385496
385618
385670
385680
385913
385961
386078
386391
386405
386425
386470
386562
386640
386869
386957
387071
387110
387154
387164
387187
387494
387561
387615
387631
387764
387837
387912
387927
388104
388162
388194
388201
388231
388281
388707
388751
388851
388864
388879
388952
389008
389119
389121
389318
389382
389451
389642
389799
389806
389870
389876
389933
390045
390071
390156
390211
390342
390387
390501
390611
390673
390691
390778
390782
390884
390897
390911
391107
391128
391132
391335
391377
391487
391494
391530
391829
391878
391889
391968
391973
392030
392106
392121
392196
392289
392322
392360
392392
392425
392617
392686
392737
392759
392942
393044
393078
393109
393129
393258
393326
393621
393681
393694
393832
393863
393961
394015
394110
394474
394608
394697
394738
395017
395213
395359
395403
395490
395504
395537
395854
396062
396091
396145
396394
396471
396524
396539
396621
396651
396681
396694
396704
396728
396891
397039
397088
397388
397495
397622
397686
397727
398005
398174
398571
398889
399284
399290
399313
399671
399871
399991
400167
400213
400236
400246
400258
400282
400375
400407
400472
400808
400833
400891
400901
400944
401238
401266
401320
401600
401632
401848
401863
401948
402055
402169
402175
402246
402282
402290
402402
402434
402451
402526
402600
402615
402674
402772
402852
402964
403056
403161
403315
403346
403351
403355
403442
403584
403905
404076
404203
404240
404273
404294
404340
404356
404450
404644
404672
404774
404885
404961
405008
405492
405528
405642
405661
405713
405736
405799
405876
405999
406092
406408
406482
406529
406603
406615
406741
407093
407124
407187
407247
407461
407515
407630
407708
407840
407949
408012
408084
408134
408252
408258
408356
408383
408432
408502
408730
408762
408883
408960
409058
409061
409095
409200
409213
409269
409291
409518
409656
409671
409756
409772
409810
409914
410132
410216
410490
410537
410584
410615
410618
410700
410800
410891
410940
410994
411020
411096
411166
411298
411361
411377
411410
411434
411524
411603
411634
411635
411829
411899
411938
412004
412031
412142
412509
412626
412672
412681
412766
412808
412820
412923
412969
413034
413144
413149
413172
413239
413494
413523
413788
413892
413918
413964
414010
414177
414229
414254
414325
414375
414468
414582
414630
414754
414761
414774
414861
414952
415016
415151
415155
415362
415575
415727
415984
415996
416064
416103
416120
416129
416130
416131
416149
416200
416250
416373
416541
416577
416749
417048
417062
417205
417273
417345
417639
417752
417863
417999
418060
418177
418301
418467
418537
418624
418630
418710
418722
418747
418842
419124
419163
419210
419309
419336
419551
419621
419697
419862
419896
419897
419935
420204
420246
420252
420408
420452
420526
420557
420616
420636
420667
420768
420778
420816
420828
420881
420927
420968
421002
421074
421096
421120
421295
421332
421446
421507
421512
421564
421575
421580
421614
421717
421743
421818
421840
422253
422424
422531
422548
422611
422688
422689
422696
422912
422985
423159
423216
423249
423407
423452
423467
423475
423586
423618
423750
423789
423800
423811
423816
423885
424041
424245
424337
424549
424554
424567
424603
424615
424656
424876
424897
425067
425090
425226
425302
425541
425772
425812
425858
425902
425995
426040
426085
426305
426307
426338
426368
426439
426535
426577
426670
426781
426830
426833
426855
426895
427039
427041
427102
427272
427282
427447
427639
427641
427671
427746
427874
427939
428036
428318
428349
428409
428489
428557
428602
428645
428649
428950
429061
429076
429168
429215
429493
429569
429630
429662
429825
429864
429947
430145
430432
430547
430555
430562
430816
431092
431109
431190
431214
431262
431312
431476
431680
431762
431815
431861
432038
432216
432255
432375
432389
432392
432421
432706
432711
432744
432768
432802
432878
432911
432991
433052
433064
433184
433349
433391
433432
433532
433574
433616
433653
433806
433870
433874
434009
434236
434338
434355
434463
434564
434677
434698
434787
434842
434869
434942
434998
435027
435058
435093
435203
435284
435314
435318
435811
435825
435866
435950
435965
436185
436345
436426
436517
436594
436815
437018
437041
437255
437349
437488
437552
437750
437900
437949
437976
438256
438276
438380
438382
438523
438565
438687
438750
438942
439274
439325
439337
439388
439671
439699
439730
439894
440001
440088
440105
440204
440390
440466
440565
440589
440670
440787
440806
440957
441001
441055
441057
441063
441346
441352
441356
441608
441685
441875
441937
442087
442248
442303
442353
442411
442503
442563
442756
442817
442989
443089
443208
443514
443552
443636
443774
443788
443901
444043
444092
444259
444311
444651
444724
444828
444926
445059
445147
445180
445237
445406
445888
446051
446508
446533
446563
446933
447011
447235
447484
447499
447535
447592
447613
447645
447665
447797
447882
447920
447947
448116
448144
448155
448166
448227
448329
448380
448543
448580
448765
448865
448902
449007
449036
449045
449148
449385
449400
449444
449610
449796
449814
449820
449828
449845
449961
449991
450003
450057
450133
450201
450270
450308
450455
450495
450514
450532
450556
450619
450794
450946
451244
451381
451477
451493
451554
451692
451931
451952
452013
452071
452214
452221
452384
452467
452540
452566
452652
452982
452998
453001
453053
453056
453076
453079
453115
453242
453269
453342
453349
453352
453444
453825
453850
453921
453962
454014
454082
454126
454160
454219
454236
454281
454431
454451
454503
454516
454530
454539
454550
454796
454815
454915
455069
455168
455262
455337
455428
455444
455497
455616
455626
455734
455818
455823
455860
455881
456107
456240
456286
456410
456586
456665
456736
456891
456941
456986
456987
457266
457290
457400
457569
457594
457824
457903
457929
457983
458035
458099
458230
458244
458255
458346
458590
458861
458890
458983
458993
459059
459126
459296
459313
459322
459328
459335
459495
459519
459552
459595
459787
459948
460030
460095
460101
460216
460304
460491
460530
460703
460733
460746
460781
460834
460992
461014
461106
461148
461271
461304
461326
461488
461678
461800
461871
461972
462163
462219
462236
462264
462379
462511
462621
462727
462914
462988
463016
463027
463059
463099
463214
463223
463240
463267
463327
463545
463703
463787
464082
464143
464253
464269
464341
464381
464414
464453
464486
464507
464513
464527
464583
464595
464747
464827
464849
464995
465001
465014
465034
465101
465120
465336
465459
465510
465536
465718
465799
466195
466300
466414
466544
466600
466619
466634
466640
466683
466911
466945
467046
467130
467275
467312
467321
467343
467358
467397
467412
467438
467461
467510
467516
467576
467709
467933
468071
468108
468317
468332
468364
468419
468484
468521
468660
468794
468860
468956
469285
469298
469316
469333
469362
469415
469751
469929
470048
470158
470170
470312
470341
470444
470503
470515
470519
470680
470699
470719
470897
470930
470944
470979
470982
471164
471438
471695
471843
471865
471869
471910
471959
471968
472078
472109
472118
472151
472323
472341
472435
472490
472521
472542
472718
472781
472856
472884
472951
473139
473178
473220
473237
473293
473485
473628
473690
473715
473735
473787
473827
473934
474044
474152
474193
474198
474387
474699
474762
474785
474967
474986
475074
475395
475451
475499
475806
475829
475846
475892
475898
476048
476097
476107
476130
476166
476218
476280
476439
476487
476632
476636
476937
477121
477236
477323
477330
477573
477685
477818
477861
477888
477931
478069
478102
478426
478748
478877
478881
478926
478953
478965
479074
479079
479082
479348
479467
479518
479662
479949
479965
479982
480023
480029
480033
480100
480323
480396
480431
480505
480516
480542
480555
480645
480712
480758
480828
480833
481124
481278
481300
481305
481685
481773
481810
482010
482053
482196
482390
482582
482601
482729
482767
482814
482827
482906
483216
483547
483655
483661
483701
483872
483918
483993
484205
484301
484376
484386
484612
484619
484787
485027
485048
485235
485242
485366
485408
485494
485524
485592
485601
485745
485791
486232
486337
486387
486479
486529
486876
487017
487021
487175
487425
487595
487637
487775
487797
487835
487874
487886
487892
488012
488231
488275
488351
488445
488571
488641
488990
489023
489029
489089
489123
489159
489207
489352
489406
489504
489681
489707
489794
489950
490162
490232
490394
490461
490489
490564
490813
490835
491008
491037
491106
491124
491151
491282
491379
491449
491473
491714
491776
491804
491876
491936
492027
492081
492199
492243
492325
492360
492425
492486
492594
492681
492712
492730
492780
492851
492978
493061
493112
493230
493242
493288
493330
493419
493464
493497
493526
493621
493692
493711
493800
493932
494012
494129
494200
494213
494258
494287
494323
494327
494360
494392
494404
494498
494612
494799
494818
494907
494984
495034
495279
495368
495393
495417
495624
495731
495830
496027
496088
496319
496341
496453
496564
496594
496624
496645
496792
496794
496876
496896
496929
497020
497198
497319
497794
497887
498076
498228
498320
498327
498418
498449
498533
498603
498645
498677
498785
498920
498970
499099
499239
499332
499363
499385
499463
499510
499534
499621
499788
499906
500015
500061
500241
500503
500901
500935
501001
501094
501222
501318
501575
501584
501615
501676
501694
501697
501766
501769
501908
501972
502026
502069
502085
502157
502453
502562
502582
502594
502736
502813
502882
503144
503233
503306
503325
503341
503648
503707
503906
503950
503968
503992
504045
504054
504104
504168
504285
504291
504425
504434
504503
504650
504787
504852
505226
505330
505374
505454
505528
505606
505674
505700
505768
505809
505820
505837
505927
506061
506138
506209
506232
506318
506349
506421
506507
506574
506587
506611
506624
506680
506749
506917
507013
507216
507402
507467
507607
507627
507775
507847
507885
507926
507964
508027
508152
508241
508285
508414
508489
508566
508745
508891
508992
509093
509135
509301
509415
509640
509648
509733
509737
509813
509906
509911
509978
510097
510228
510306
510384
510419
510440
510452
510511
510623
510677
510799
510846
510863
510929
510984
511023
511025
511049
511350
511378
511599
511859
511860
511887
511949
511975
511979
512104
512135
512182
512207
512291
512436
512524
512694
512753
512950
513105
513112
513306
513355
513573
513812
513825
513916
514181
514294
514499
514522
514561
514689
514730
514770
514785
515127
515143
515377
515395
515490
515613
516018
516064
516145
516256
516384
516480
516556
516578
516651
516689
516706
516725
516763
516931
517028
517153
517321
517400
517458
517465
517542
517687
517711
517989
518080
518170
518195
518203
518310
518481
518566
518622
518715
518722
518773
518813
518943
519017
519035
519176
519183
519442
519465
519648
519690
519936
520199
520239
520305
520421
520445
520550
520568
520576
520637
520669
520745
520862
520979
521038
521115
521126
521171
521211
521337
521408
521455
521761
521885
521908
521937
522020
522058
522126
522138
522156
522168
522180
522465
522557
522634
522683
522732
522736
522849
522911
522915
522943
523054
523202
523207
523418
523652
523696
523701
524000
524019
524088
524107
524138
524201
524230
524273
524299
524356
524426
524485
524635
524691
524756
524768
524894
525081
525129
525282
525330
525374
525443
525605
525607
525624
525677
525683
525716
525791
525808
525810
525814
525990
526149
526240
526244
526291
526714
526722
526775
526811
526949
526978
527094
527236
527371
527445
527475
527489
527639
527640
527866
528026
528051
528055
528118
528163
528410
528836
528846
528859
529016
529297
529681
529770
529806
529848
530030
530035
530295
530380
530479
530777
530903
531066
531179
531380
531637
531816
531830
531858
531906
532111
532112
532135
532175
532234
532307
532330
532356
532409
532464
532532
532725
532924
532996
533278
533435
533667
533899
533943
534034
534036
534133
534232
534399
534481
534505
534550
534755
534842
534874
534919
534927
534954
534984
535043
535169
535515
535575
535618
535713
535792
535894
535914
536168
536368
536467
536689
536801
536861
536926
537042
537058
537092
537151
537508
537549
537566
537680
537745
537768
537835
537848
537869
537948
537987
538075
538540
538634
538721
538737
538911
538955
538996
539007
539050
539064
539187
539204
539289
539321
539380
539601
539800
539924
539979
540027
540325
540551
540600
540625
540735
540843
540943
540991
541028
541062
541334
541358
541464
541473
541577
541646
541689
541779
541796
541816
541833
542004
542047
542240
542258
542354
542400
542472
542511
542674
543103
543138
543245
543419
543703
543737
543779
543783
543818
543961
544108
544132
544155
544203
544433
544438
544486
544497
544557
544610
544692
544728
545037
545179
545238
545240
545465
545602
545607
545763
545810
545814
546242
546268
546357
546385
546447
546455
546466
546684
546837
547149
547157
547180
547212
547265
547342
547355
547559
547569
547627
547800
547915
547921
547977
548031
548063
548088
548110
548148
548171
548314
548592
548613
548659
548863
548916
548952
549300
549477
549521
549543
549638
550018
550341
550540
550553
550642
550717
550754
551109
551264
551330
551593
551714
551726
551877
551991
552056
552330
552422
552920
552928
552988
553081
553138
553180
553470
553553
553672
553744
553988
554041
554192
554262
554271
554323
554451
554465
554582
554668
554723
554738
555005
555051
555121
555125
555139
555226
555253
555290
555302
555334
555367
555447
555516
555626
555632
555662
555705
555767
555930
556009
556054
556143
556207
556299
556499
556584
556588
556726
556762
556877
556926
557028
557227
557305
557394
557457
557497
557520
557618
557764
557816
557837
557890
557990
558041
558106
558154
558246
558422
558431
558492
558512
558527
558544
558873
558889
559069
559115
559123
559166
559172
559307
559363
559382
559409
559475
559516
559691
559874
559912
559974
560047
560073
560371
560472
560722
560763
561167
561232
561318
561448
561515
561575
561730
561896
561910
561943
562041
562118
562201
562407
562524
562600
562713
562735
562817
563090
563225
563272
563295
563336
563359
563440
563602
563624
563720
563789
563911
563983
564087
564337
564367
564437
564441
564464
564580
564633
564673
564693
564961
564994
565260
565548
565595
565608
565618
565692
565770
565882
565953
566054
566192
566217
566344
566432
566436
566457
566468
566630
566813
566980
566989
567176
567223
567422
567449
567513
567689
567800
567845
567901
568032
568052
568111
568214
568231
568445
569103
569495
569875
570022
570064
570384
570406
570542
570579
570623
570701
571061
571217
571290
571307
571776
571926
572120
572227
572245
572439
572454
572491
572544
572592
572631
572729
572756
572769
572788
572842
572912
573072
573389
573517
573662
573742
573793
573802
573810
574062
574093
574157
574393
574607
574652
574902
574962
575083
575202
575206
575482
575885
575974
576199
576323
576424
576509
576529
576595
576625
576662
576815
576845
576852
576886
576962
577069
577070
577129
577217
577408
577524
577616
577796
577843
577849
578064
578117
578190
578242
578461
578514
578518
578527
578761
578850
578883
578892
578947
579124
579237
579266
579291
579322
579367
579470
579554
579722
579958
580235
580302
580313
580356
580419
580525
580543
580588
580782
580830
580908
580958
581200
581253
581506
581747
581765
581800
581946
582059
582182
582222
582278
582378
582403
582514
582557
582577
582647
582707
582738
582770
582894
582921
582946
583011
583021
583073
583089
583220
583257
583279
583383
583564
583584
583619
583867
583894
583954
583962
583989
584149
584482
584493
584540
584799
584828
584869
584971
585214
585226
585456
585565
585591
585861
586056
586299
586410
586441
586488
586594
586865
586882
587000
587017
587051
587157
587166
587183
587334
587462
587832
587896
587936
588033
588087
588428
588458
588500
588620
588643
588828
588896
589218
589252
589378
589502
589585
589706
589964
590011
590096
590286
590349
590789
590806
590993
591072
591152
591278
591334
591346
591361
591470
591521
591856
592198
592203
592397
592436
592478
592565
592639
592827
592947
592979
593050
593107
593132
593185
593346
593500
593567
593750
593751
593830
593931
593939
594018
594020
594209
594224
594333
594420
594751
594835
594854
594991
595065
595104
595109
595115
595221
595252
595301
595312
595404
595445
595452
595578
595747
595800
595848
595928
596100
596291
596560
596629
596780
596804
596828
596882
596988
596995
597004
597071
597243
597283
597308
597373
597403
597487
597540
598019
598033
598175
598199
598241
598348
598376
598493
598501
598670
598674
598723
598770
598806
598949
599004
599017
599244
599367
599459
599544
599577
599616
599756
599803
599889
599971
599999
600022
600074
600182
600260
600608
600618
600760
600828
600866
600931
600935
600963
600997
601048
601192
601396
601484
601584
601631
601658
601731
601815
601816
601974
602013
602164
602185
602225
602300
602411
602426
602537
602566
602589
602648
602651
602832
602907
603232
603617
603757
603762
603806
604124
604129
604288
604324
604346
604398
604409
604484
604590
604591
604740
604767
604817
604996
605197
605249
605265
605428
605449
605530
605575
605643
605835
605997
606050
606056
606189
606232
606236
606324
606328
606382
606455
606486
606535
606559
606566
606587
606646
607149
607195
607345
607366
607519
607708
607748
607798
607877
607915
608062
608081
608156
608276
608297
608563
608636
608707
608818
608842
609009
609027
609044
609148
609168
609252
609427
609774
609886
609900
610040
610167
610418
610459
610486
610491
610769
610771
610827
610912
611001
611298
611339
611342
611406
611428
611656
611735
611930
612214
612335
612377
612423
612449
612483
612506
612549
612611
612686
612711
612728
612957
613183
613209
613231
613309
613335
613351
613591
613657
614100
614294
614392
614441
614495
614552
614731
614863
614880
614885
614958
615009
615013
615047
615054
615077
615230
615252
615384
615408
615482
615603
615782
615877
615938
616078
616161
616293
616338
616432
616467
616504
616723
616726
616749
616818
616858
616996
617037
617115
617205
617224
617263
617337
617350
617408
617504
617541
617651
617732
617945
618080
618193
618221
618395
618433
618436
618530
618547
618686
618784
618801
618889
618994
619007
619302
619334
619452
619542
619597
619867
620024
620227
620242
620260
620342
620373
620447
620467
620492
620713
620719
620787
620791
620850
620861
620984
621002
621174
621532
621601
621657
621838
621900
622166
622412
622418
622469
622510
622639
622698
622728
622769
622828
623077
623228
623328
623367
623392
623491
623500
623620
623717
623727
623846
623914
623998
624037
624182
624226
624294
624300
624560
624566
624649
624656
624690
624707
624875
624916
625264
625326
625377
625524
625629
625751
625818
625871
626347
626607
626775
626816
626895
626897
627231
627259
627280
627287
627301
627316
627344
627449
627558
627713
627725
627750
627948
628084
628246
628424
628478
628735
628739
628869
629200
629463
629517
629574
629595
629614
629620
629709
629767
630028
630161
630207
630218
630309
630353
630510
630590
630668
630723
630940
631068
631251
631324
631358
631525
631601
631627
631683
631756
631847
631855
631879
631886
631916
631943
632125
632179
632206
632273
632389
632530
632549
632615
632740
632884
632900
632920
633115
633238
633242
633448
633458
633642
633701
633803
633931
633983
634153
634210
634249
634255
634272
634277
634376
634452
634529
634649
634680
634794
634810
634963
634989
634999
635068
635112
635458
635476
635480
635512
635627
635756
635885
635888
635923
635972
636001
636155
636249
636339
636432
636634
636695
636704
636706
636710
636724
636730
636752
636761
636903
637077
637125
637159
637282
637352
637578
637787
637866
638184
638192
638194
638344
638453
638479
638505
638583
638601
638739
638874
638935
638953
638959
639499
639719
639908
639925
640099
640247
640269
640363
640471
640582
640772
640787
640868
640928
641018
641042
641177
641277
641689
641878
641916
641953
641960
642095
642130
642212
642321
642409
642536
642595
642655
642663
642673
642797
642922
643058
643121
643151
643170
643245
643296
643297
643302
643387
643392
643474
643903
644006
644069
644075
644297
644360
644411
644453
644488
644572
644668
644698
644882
645103
645260
645277
645339
645345
645537
645558
645931
646005
646036
646115
646189
646198
646290
646429
646450
646519
646586
646640
646651
646662
647085
647540
647619
647688
647803
647813
647994
648040
648216
648228
648249
648369
648422
648479
648544
648646
648869
648938
648942
648977
649056
649137
649195
649237
649278
649305
649338
649396
649436
649508
649541
649608
649756
649805
649876
649888
649988
650009
650208
650353
650577
650602
650694
650744
650790
650993
651163
651216
651295
651316
651423
651430
651462
651504
651544
651571
651619
651713
651734
651780
651798
651925
652068
652089
652111
652175
652277
652283
652601
652792
652822
652847
652911
653385
653413
653482
653588
653641
653805
653824
653863
653953
654023
654027
654148
654192
654302
654446
654476
654536
654546
654701
654719
654722
654726
654762
654772
654823
655024
655025
655178
655415
655646
655692
655723
655773
655967
655977
656080
656357
656461
656541
656604
656679
656757
656832
657042
657059
657061
657131
657216
657253
657310
657332
657391
657625
657630
657794
657821
657839
657956
658046
658083
658088
658244
658275
658279
658397
658406
658458
658767
658803
658977
659016
659140
659244
659403
659568
659645
659892
660015
660162
660214
660267
660362
660421
660448
660487
660523
660622
660660
660673
660679
660701
660743
660753
660837
660985
661068
661216
661316
661392
661594
661823
661952
661977
662006
662028
662045
662084
662103
662181
662261
662272
662351
662455
662465
662528
662630
662682
662730
662910
662984
663008
663083
663190
663333
663347
663605
663616
663768
663971
664031
664037
664058
664124
664190
664249
664283
664508
664789
664793
664800
665014
665051
665052
665089
665140
665400
665504
665517
665548
665550
665571
665686
665802
665819
665995
666229
666273
666327
666420
666480
666582
666648
666663
666705
666728
666751
667106
667185
667210
667591
667612
667643
667667
667696
667708
667941
668070
668078
668166
668299
668312
668522
668553
668580
668650
668663
668814
668886
669181
669216
669457
669533
669708
669836
670030
670137
670154
670240
670322
670363
670526
670653
670704
670774
670788
671048
671166
671313
671373
671384
671409
671529
671540
671561
671806
671865
671908
671962
671965
671986
671991
672058
672086
672098
672138
672206
672263
672341
672375
672448
672725
672796
672982
673038
673494
673641
673797
673827
673932
674224
674447
674686
674815
674986
674999
675014
675388
675405
675443
675487
675527
675540
675554
675696
675703
675758
675824
675869
675947
676073
676109
676150
676169
676271
676308
676316
676366
676468
676512
676542
676810
676872
676977
677011
677032
677040
677175
677222
677357
677413
677448
677510
677674
678009
678504
678546
678609
678625
678721
678769
678941
679033
679058
679258
679332
679413
679456
679669
679700
679738
679750
679790
679817
679856
679932
680094
680154
680204
680232
680260
680329
680349
680417
680432
680445
680703
680709
680900
681010
681257
681324
681356
681368
681491
681639
681768
681924
681959
682025
682052
682065
682080
682121
682512
682534
682615
682781
682972
683067
683129
683278
683642
684109
684121
684214
684343
684364
684796
684809
684920
685049
685082
685139
685177
685283
685290
685352
685392
685581
685743
685837
685839
685847
685873
685923
686009
686042
686052
686128
686131
686150
686158
686480
686494
686536
686725
686733
686759
686793
687157
687516
687614
687636
687881
687971
688093
688135
688320
688463
688479
688682
688742
688800
688887
688890
688896
688940
689010
689179
689244
689304
689394
689594
689595
689802
689865
689984
690008
690010
690083
690282
690466
690488
690621
690637
690681
690769
690824
690948
691025
691155
691244
691653
691683
691693
691773
691780
691891
691902
691925
691948
692119
692199
692243
692262
692269
692325
692397
692418
692545
692634
693105
693119
693185
693202
693328
693401
693416
693451
693519
693548
693607
693687
693707
693778
694017
694065
694118
694452
694465
694660
694668
694724
694890
695045
695199
695343
695353
695389
695765
695836
695866
695884
695890
696015
696108
696208
696286
696305
696354
696466
696596
696821
696859
696935
697005
697072
697207
697209
697572
697637
697662
697877
697957
697998
698097
698292
698488
698624
698636
698820
698928
698966
698996
699056
699091
699268
699324
699363
699507
699740
699748
699767
699777
699851
699943
699961
700470
700555
700628
700755
700831
700854
701027
701189
701227
701429
701537
701698
701836
702152
702169
702238
702422
702445
702552
702584
702591
702764
702780
702893
703228
703274
703307
703372
703494
703546
703610
703619
703650
703872
704025
704245
704554
704819
705243
705328
705394
705410
705472
705528
705572
705665
705858
706071
706173
706254
706282
706356
706418
706534
706603
706632
706658
706749
707163
707306
707684
707768
707867
707979
708105
708217
708291
708530
708571
708676
708705
708728
708859
709003
709020
709048
709225
709265
709502
709523
709532
709642
709811
709874
709879
709894
709905
709995
710021
710132
710157
710291
710384
710693
710876
711130
711195
711303
711360
711445
711563
711724
711808
711835
711932
712038
712206
712254
712302
712365
712399
712454
712477
712523
712657
712679
712697
712704
712900
712924
712994
712996
713202
713317
713338
713383
713403
713429
713580
713919
713983
714160
714260
714281
714295
714314
714339
714380
714402
714439
714595
714633
714666
714808
714932
715216
715480
715515
715536
715696
715750
715881
716002
716147
716160
716244
716443
716537
716719
716723
716744
716774
717137
717269
717368
717378
717412
717444
717489
717561
717579
717628
717665
717730
717828
717844
717931
717957
717959
717981
718110
718135
718169
718259
718430
718434
718566
718634
718658
718713
718734
718738
718742
718761
718846
718941
719033
719279
719354
719583
719630
719676
719693
719750
719802
719817
719843
719970
720033
720099
720240
720243
720286
720341
720399
720492
720561
720725
720823
720912
720969
721114
721159
721316
721680
721773
721792
721847
721862
721920
722214
722398
722470
722477
722513
722594
722686
722778
722862
723249
723384
723533
723771
724072
724101
724114
724224
724241
724339
724348
724451
724460
724477
724481
724526
724531
724625
724708
724747
724893
724896
724919
724953
724955
725033
725116
725215
725272
725333
725415
725420
725439
725626
725658
725942
725973
726131
726285
726439
726670
726810
726824
727032
727174
727282
727299
727365
727429
727522
727611
727783
728028
728126
728142
728218
728416
728516
728609
728756
728789
728991
729002
729425
729437
729604
729758
729773
729973
730288
730349
730575
730948
730979
731079
731253
731286
731342
731360
731435
731465
731476
731492
731679
731801
731858
732083
732149
732301
732335
732428
732613
732664
733039
733295
733308
733314
733397
733569
733598
733824
733885
734008
734062
734113
734258
734263
734347
734697
734820
735009
735119
735133
735158
735178
735180
735477
735594
735683
735689
736017
736121
736197
736255
736322
736510
736600
736688
736703
736797
736820
737006
737050
737201
737232
737398
737516
737762
737789
737811
737818
737958
737974
738018
738057
738191
738357
738736
738868
738916
739025
739203
739340
739620
739914
739945
740197
740390
740401
740469
740519
740847
740960
741124
741158
741188
741484
741493
741601
741700
741760
741833
741867
741889
741911
742351
742384
742587
742688
742701
742801
742831
742844
742917
743112
743126
743156
743283
743372
743468
743592
743598
743706
743843
743862
743944
744109
744113
744137
744157
744217
744354
744355
744441
744669
744680
744716
745053
745261
745321
745371
745583
745603
745657
745689
745751
745861
745890
746351
746378
746449
746479
746495
746516
746624
746851
746900
747024
747101
747122
747156
747337
747437
747441
747544
747582
747599
747860
748036
748120
748203
748207
748326
748356
748410
748762
748816
749195
749198
749202
749343
749381
749416
749516
749521
749571
749599
749605
749609
749616
749629
749638
749730
749985
750051
750076
750125
750399
750683
750710
750767
750966
751133
751150
751194
751267
751338
751402
751508
751587
751944
751975
752141
752164
752467
752586
752595
752703
752787
752854
752953
753063
753100
753309
753335
753340
753448
754024
754236
754331
754339
754477
754564
754644
754736
754801
754860
754880
755163
755180
755186
755198
755397
755403
755620
755657
755723
755738
755742
755839
755892
756135
756142
756171
756303
756363
756423
756473
756558
756684
756905
756919
757048
757121
757130
757354
757393
757789
757981
758218
758308
758489
758545
758614
758679
758847
759197
759242
759295
759305
759427
759528
759606
759626
759654
759714
760242
760277
760366
760495
760606
760635
760661
760798
760871
760953
760966
761154
761222
761549
761679
761753
761797
761938
762086
762180
762228
762481
762632
762670
762768
762851
763118
763490
763785
763874
763878
763928
763960
763988
764096
764159
764362
764372
764546
764565
764739
764815
764985
764999
765069
765549
765766
765819
765827
766108
766269
766457
766902
767059
767060
767164
767169
767476
767552
767591
767819
767976
767990
768078
768163
768328
768370
769314
769403
769658
769696
769720
769882
769929
769986
770149
770169
770194
770226
770242
770385
770607
770648
770676
770911
771085
771229
771516
771531
771668
771738
771799
771885
771904
772053
772095
772123
772193
772520
772617
772623
772709
772724
772757
772793
772941
772965
773012
773124
773160
773176
773393
773515
773672
773853
773925
774399
774475
774503
774570
774701
774763
774803
774915
774928
774985
775106
775160
775204
775221
775371
775376
775424
775488
775498
775751
775901
775935
775968
776346
776473
776562
776568
776661
776770
776879
776943
776965
776985
777062
777100
777142
777177
777228
777243
777399
777545
777652
777903
777908
777962
778091
778160
778350
778371
778480
778485
778599
778654
778760
778895
778901
778919
778923
779106
779236
779350
779721
779778
780008
780350
780420
780457
780494
780638
780679
780814
780909
780939
781016
781544
781600
781696
781703
781877
781996
782050
782356
782468
782583
782634
782695
783005
783207
783237
783429
783464
783996
784041
784286
784353
784365
784394
784446
784509
784537
784605
784710
784914
785153
785173
785212
785256
785375
785408
785509
785566
785611
785656
785749
785836
786194
786312
786534
786731
786738
787169
787553
787894
787994
788161
788231
788306
788427
788456
788711
788747
788749
788816
788834
788883
789024
789285
789568
789635
789641
789688
789856
789923
789977
789997
790058
790123
790317
790445
790578
790810
790880
791002
791042
791061
791103
791151
791163
791331
791367
791410
791440
791482
791499
791534
791541
791617
791641
791700
791719
791721
791799
791859
791875
791950
792017
792369
792446
792578
792626
792636
792709
792784
792859
792870
793099
793126
793154
793241
793272
793428
793488
793699
793708
793761
793831
793973
794174
794221
794334
794356
794367
794573
794619
794797
794815
794953
795228
795297
795301
795338
795390
795418
795496
795522
795693
795723
796036
796148
796294
796419
796539
796570
796825
796836
796838
796962
797090
797182
797316
797413
797418
797436
797534
797573
797642
797744
797938
797989
797996
798177
798381
798449
798644
798777
798818
798830
799027
799187
799438
799463
799486
799583
799588
799605
799678
799716
799747
799754
799846
799851
799950
800093
800147
800353
800374
800387
800472
800555
800627
800723
800829
800856
801140
801152
801441
801469
801480
801557
801628
801843
801848
801918
801938
801948
801982
802078
802096
802141
802155
802340
802376
802505
802782
802851
803037
803102
803141
803155
803190
803208
803338
803401
803560
803672
803678
803809
804092
804199
804256
804261
804280
804296
804318
804328
804393
804404
804464
804560
804658
804740
804761
805165
805423
805459
805562
805573
805716
805962
806021
806150
806358
806489
806497
806562
806592
806916
806979
807037
807178
807184
807238
807264
807432
807493
808335
808419
808845
808909
808918
808969
809256
809661
809666
809696
809703
809792
809818
810283
810363
810373
810418
810437
810495
810558
810706
810811
810821
810893
811208
811535
811563
811668
811687
811754
811880
811966
812017
812030
812173
812276
812484
812491
812498
812579
812612
812631
812731
813106
813159
813235
813284
813351
813400
813512
813669
813677
813714
813802
813869
813961
813979
814186
814243
814305
814360
814547
814708
814740
815220
815355
815425
815442
815587
815664
815681
815750
815822
815831
815928
816337
816363
816509
816614
816670
816768
816927
816997
817022
817062
817118
817131
817138
817186
817217
817271
817346
817387
817495
817893
817908
817983
818062
818093
818105
818133
818740
818789
818849
818944
819026
819233
819274
819306
819355
819357
819473
819550
819667
819776
819893
819899
819932
819969
820020
820080
820091
820188
820215
820218
820222
820314
820338
820580
820802
821072
821221
821258
821436
821561
821683
821753
821869
821933
821971
822024
822095
822136
822175
822445
822712
822747
822861
822995
823109
823321
823361
823377
823406
823461
823509
823518
823550
823576
823692
823774
823793
823927
823934
823959
823974
824128
824248
824340
824476
824593
824608
824611
824648
824654
824749
824895
824925
825241
825268
825512
825685
825747
825825
825842
825858
826036
826223
826311
826396
826452
826523
826641
826643
826736
826767
826942
826943
827121
827123
827149
827523
827570
827590
827826
827830
827922
828007
828031
828097
828397
828454
828582
828808
828950
829041
829218
829527
829584
829634
829637
829639
829689
829718
829772
829779
829968
830094
830102
830208
830257
830382
830667
830716
830780
830807
830850
830925
830966
830999
831111
831283
831317
831330
831627
831824
832013
832095
832421
832591
832647
832658
832727
832825
832900
832922
833015
833203
833227
833316
833332
833528
833604
833635
833678
833760
833860
833949
834098
834391
834445
834490
834512
834611
834650
834811
835122
835293
835341
835357
835684
835706
835838
835968
836197
836276
836431
836436
836652
836716
836800
836877
836886
836907
836980
837268
837303
837415
837437
837525
837652
837891
837978
838024
838122
838258
838297
838342
838368
838461
838501
838502
838756
838810
838834
838907
838980
839029
839075
839418
839449
839457
839535
839746
839979
840013
840021
840297
840335
840588
840693
840840
840924
841083
841111
841309
841329
841390
841492
841504
841517
841602
841630
841696
841698
841705
841763
841882
841889
841969
842010
842188
842487
842546
842558
842566
842696
843002
843101
843207
843563
843624
843717
843782
843812
843830
843843
843846
843932
843968
843979
844103
844229
844320
844433
844586
844710
844737
844766
844862
844923
845032
845433
845680
845738
846046
846175
846231
846249
846416
846762
846823
847085
847105
847147
847214
847240
847274
847713
847801
847871
847989
848290
848333
848388
848687
848694
848757
848771
848777
849059
849109
849133
849160
849320
849439
849544
849648
849677
849802
849814
849826
849843
850034
850054
850100
850158
850387
850433
850607
850856
850863
851059
851490
851687
851778
851826
852150
852378
852396
852480
852630
852638
852676
852696
852772
852778
852974
853038
853052
853102
853501
853504
853541
853626
853675
853719
853798
853860
853906
854030
854058
854106
854138
854185
854406
854659
854770
854832
854859
854920
854927
855045
855139
855217
855384
855443
855473
855491
855600
855619
855793
855913
855956
855986
856071
856301
856370
856456
856596
856683
856772
856811
856869
856978
857030
857125
857138
857266
857576
857609
857711
857760
857793
857862
858016
858087
858092
858174
858245
858276
858332
858389
858435
858457
858502
858623
858673
858930
859145
859161
859275
859427
859444
859467
859542
859570
859596
859687
859698
859724
859910
859969
860013
860089
860093
860116
860174
860406
860451
860840
860862
860948
861033
861079
861087
861151
861255
861321
861407
861451
861726
861775
861889
862262
862273
862389
862406
862415
862447
862471
862580
862681
862720
862891
862940
863060
863173
863233
863254
863313
863381
863412
863451
863559
863580
863770
863789
863826
863846
863919
863956
864021
864122
864163
864202
864304
864397
864474
864526
864657
864673
864731
864756
864860
864903
864980
865042
865083
865138
865339
865407
865447
865579
865605
865617
865623
865713
865757
866040
866229
866254
866295
866325
866492
866528
866536
866628
866697
866731
866872
866941
867098
867255
867307
867403
867676
867743
868073
868080
868128
868155
868205
868226
868367
868370
868443
868981
868985
868999
869303
869576
869653
869799
869851
869944
869966
869974
869992
870011
870092
870206
870297
870304
870487
870501
870575
870659
870781
871025
871037
871250
871291
871341
871358
871611
871652
871745
871807
871968
872036
872358
872528
872532
872559
872589
872690
872795
872834
872931
872976
873000
873015
873033
873039
873043
873098
873253
873441
873463
873514
873629
873682
873786
873960
874054
874337
874348
874593
874636
874806
874857
874941
875268
875280
875329
875370
875441
875737
876018
876111
876275
876417
876540
877044
877060
877154
877163
877188
877194
877218
877252
877262
877278
877288
877319
877358
877517
877578
877627
877720
877728
878091
878126
878187
878191
878237
878322
878485
878673
878712
878947
878998
879104
879355
879457
879633
879738
879780
879901
880081
880173
880293
880308
880375
880384
880506
880567
880620
880698
880766
880782
880879
880946
880986
881124
881256
881288
881297
881320
881322
881363
881383
881392
881406
881409
881432
881507
881524
881665
881797
881826
882011
882024
882111
882130
882195
882252
882329
882473
882493
882686
882705
882713
882812
882904
882986
883017
883130
883319
883352
883426
883504
883507
883546
883608
883641
883786
883889
883900
883934
884080
884112
884191
884196
884289
884505
884528
884662
884665
884673
884754
884806
884860
884912
884964
885044
885067
885223
885267
885363
885432
885488
885515
885528
885768
885771
885866
885928
885975
886010
886065
886129
886137
886523
886576
886602
886690
886830
886851
887079
887138
887172
887326
887336
887350
887620
887658
887772
887838
888063
888123
888143
888248
888290
888384
888436
888483
888551
888573
888646
888761
888781
888812
888927
889114
889200
889364
889471
889625
889634
889691
889906
889976
889983
890043
890076
890108
890175
890227
890256
890421
890480
890720
890726
890887
890909
890984
891207
891305
891410
891552
891584
891614
891622
891800
891842
891900
891944
892146
892158
892164
892239
892276
892283
892304
892411
892550
892625
892716
892728
892836
892991
893174
893263
893304
893392
893405
893478
893494
893683
893727
893900
893913
893929
893975
894136
894239
894302
894361
894541
894566
894647
894651
894700
894805
894957
894991
895024
895160
895195
895494
895575
895665
895778
895901
895970
896101
896111
896169
896225
896327
896357
896385
896484
896578
896643
896673
896712
896872
896985
897006
897007
897063
897083
897084
897114
897176
897262
897386
897535
897631
897642
898151
898157
898181
898487
898490
898515
898634
898960
898967
899196
899275
899409
899549
899826
899837
899861
899919
900150
900159
900204
900225
900300
900447
900457
900484
900511
900539
900547
900590
900726
900852
900912
900954
900956
900979
901367
901429
901490
901566
901664
901793
902355
902487
902492
902521
902596
902724
902914
903056
903083
903218
903231
903386
903429
903484
903533
903555
903585
903655
903680
903683
903847
903931
904208
904230
904273
904450
904711
904713
904734
904807
904811
904885
904961
905023
905291
905311
905544
905654
905688
905857
905883
905929
906162
906261
906309
906345
906570
906630
906709
906884
906911
907226
907319
907434
907466
907940
907947
908316
908354
908377
908412
908435
908436
908454
908486
908489
908649
908652
908667
908675
908702
908784
908971
909147
909272
909328
909361
909384
909599
909925
910266
910274
910312
910334
910356
910634
910640
910687
910745
910792
910915
911149
911234
911627
911701
911861
911925
911946
912072
912107
912188
912262
912395
912438
912576
912689
912737
912808
913003
913052
913059
913246
913345
913357
913395
913447
913589
913621
913675
913694
913745
913842
913983
914156
914315
914487
914722
914834
914859
914949
915179
915225
915242
915340
915492
915549
915658
915666
915756
915875
915890
915895
915947
916118
916151
916282
916333
916620
916648
916680
916893
916959
916976
917085
917277
917341
917470
917499
917697
917715
917772
917839
917874
917944
918026
918073
918132
918180
918204
918232
918281
918284
918296
918448
918461
918508
918659
918668
918693
918700
918733
918782
918787
918980
919032
919384
919403
919437
919451
919734
919839
919941
920096
920128
920380
920480
920519
920539
920565
920579
920794
920844
920884
920980
921004
921026
921057
921103
921131
921155
921208
921253
921399
921453
921504
921566
921569
921602
921605
921790
921869
921884
922100
922131
922140
922175
922265
922273
922347
922528
922847
922866
922875
923078
923178
923306
923365
923413
923487
923510
923532
923561
923659
923872
924045
924103
924133
924361
924369
924443
924490
925112
925190
925205
925332
925367
925397
925429
925559
925614
925616
925808
925844
925860
925981
926041
926142
926147
926169
926801
927027
927184
927207
927225
927238
927276
927359
927455
927460
927523
927576
927649
927907
927917
927931
928178
928206
928238
928461
928658
928679
928767
928777
928952
928954
929014
929101
929285
929349
929355
929481
929502
929544
929555
929622
929706
930033
930089
930239
930254
930261
930333
930390
930487
930547
930555
930628
930759
930779
930816
931167
931309
931315
931488
931540
931771
931916
931928
931982
932332
932367
932466
932564
932694
932699
932763
933041
933118
933266
933542
933545
933617
933874
933884
934038
934086
934457
934543
934554
934659
934779
934783
934788
934861
934959
934988
935051
935140
935159
935270
935295
935320
935556
935707
935735
935880
935970
935976
936060
936384
936593
936663
936745
936785
936889
937090
937282
937428
937557
937663
937725
937987
938122
938196
938280
938331
938354
938383
938621
938772
938919
938954
938978
939017
939042
939063
939119
939269
939286
939574
939667
939673
939756
939878
939947
940129
940357
940359
940407
940501
940520
940528
940531
940628
940741
940749
940783
940986
941137
941301
941321
941424
941434
941763
942024
942025
942059
942145
942186
942208
942221
942265
942298
942326
942414
942600
942707
942776
942784
942893
943002
943330
943344
943405
943773
943805
944016
944103
944127
944138
944157
944182
944586
944634
944935
944986
945063
945131
945294
945332
945338
945344
945425
945438
945471
945555
945693
945851
945857
945876
946077
946284
946405
946504
946536
946590
946871
946994
947018
947162
947439
947509
947544
947557
947715
947745
947813
948331
948402
948443
948558
948895
949222
949228
949254
949275
949334
949409
949422
949485
949616
949662
949681
949710
949768
950061
950069
950165
950190
950255
950366
950429
950642
950937
951136
951179
951182
951352
951367
951429
951499
951510
951517
951523
951617
951851
951875
951884
951887
951909
951986
952014
952168
952178
952199
952304
952353
952496
952562
952574
952596
952732
953047
953115
953238
953361
953469
953496
953515
953678
953782
953789
953844
954192
954257
954357
954382
954544
954720
954776
954785
954792
954822
954904
954913
954995
955011
955060
955074
955184
955414
955725
955740
955779
955999
956041
956124
956164
956185
956289
956320
956357
956425
956584
956694
956702
956808
956938
956953
956974
957008
957022
957144
957184
957271
957315
957324
957343
957833
957849
957904
957959
958180
958182
958323
958433
958463
958479
958844
959171
959200
959217
959233
959261
959301
959419
959445
959522
959526
959618
959627
959694
959747
959820
959950
959995
960210
960223
960246
960390
960476
960539
960603
960681
960772
960778
960849
960974
961156
961248
961266
961296
961308
961323
961529
961586
961692
961718
961823
961903
962059
962201
962255
962345
962504
962600
962669
962797
962929
962951
963071
963122
963340
963362
963443
963447
963554
963685
963703
963742
963786
963982
963996
964055
964113
964245
964484
964572
964591
964620
964730
965062
965198
965273
965288
965397
965477
965484
965507
965556
965632
965645
965749
965947
966036
966169
966207
966217
966360
966385
966532
966557
966575
966617
966815
966925
967075
967112
967166
967180
967190
967216
967332
967511
967744
967749
967760
967898
968155
968320
968424
968580
968725
968796
968810
968812
969207
969235
969493
969562
969620
969625
969667
969680
969805
969921
969955
969985
970160
970238
970300
970308
970340
970420
970566
970583
970680
970686
970743
970787
970809
971066
971264
971573
971592
971655
971779
971852
971966
972385
972466
972496
972864
972882
973206
973216
973244
973294
973366
973490
973606
973610
973809
973832
973861
973877
974087
974133
974149
974220
974262
974301
974333
974437
974477
974526
974566
974605
974613
974639
974642
974754
974815
975076
975093
975231
975309
975321
975400
975537
975607
975616
975673
975825
975849
975860
976045
976099
976165
976189
976237
976274
976453
976570
976771
976811
976958
977066
977130
977197
977209
977285
977326
977342
977421
977490
977497
977631
977773
978018
978200
978240
978479
978628
978730
978853
978910
979039
979057
979159
979445
979460
979479
979508
979658
979802
979869
979904
980226
980369
980436
980605
980622
980783
980869
981419
981469
981546
981599
981617
981692
981701
981738
981947
982011
982099
982131
982231
982409
982608
982640
982663
982687
982800
982999
983012
983048
983055
983061
983181
983544
983590
983605
983643
983772
983800
983824
983837
984071
984357
984446
984576
984578
984796
984989
985111
985351
985408
985498
985503
985527
985634
985730
985744
985787
986079
986163
986185
986284
986302
986511
986770
986797
987051
987114
987137
987190
987245
987294
987396
987426
987480
988057
988061
988091
988209
988280
988411
988601
988624
988776
988869
988885
988904
988930
988934
988999
989058
989066
989276
989344
989851
989981
990051
990274
990279
990361
990498
990514
990534
990703
990771
990800
991054
991058
991119
991186
991249
991324
991547
991696
991749
991834
991951
992210
992213
992530
992639
992730
992891
992972
993000
993348
993371
993441
993691
994045
994198
994221
994325
994353
994376
994391
994448
994568
994635
994672
994698
994742
994782
994897
995096
995103
995276
995383
995388
995448
995552
995586
995680
995852
995930
996016
996030
996063
996259
996430
996548
996708
996715
996760
997050
997071
997086
997105
997118
997170
997189
997367
997479
997563
997573
997604
997829
997894
998024
998027
998046
998094
998233
998256
998369
998441
998518
998675
998706
998926
998967
998974
998987
999036
999051
999115
999133
999148
999165
999187
999305
999476
999480
999550
999581
999673
999820
999895
1000156
1000201
1000236
1000289
1000405
1000621
1000743
1000839
1000895
1001235
1001257
1001299
1001310
1001476
1001536
1001634
1001671
1001722
1001842
1001845
1001857
1001931
1002043
1002056
1002265
1002292
1002305
1002388
1002420
1002458
1002540
1002604
1002736
1002814
1002859
1003137
1003166
1003269
1003280
1003335
1003495
1003510
1003531
1003627
1003831
1003958
1004234
1004290
1004336
1004371
1004436
1004531
1004641
1004660
1004689
1004736
1004749
1004845
1004992
1005047
1005083
1005099
1005105
1005293
1005351
1005358
1005370
1005488
1005516
1005663
1005703
1005802
1005821
1005853
1006009
1006036
1006089
1006214
1006520
1006553
1006613
1006726
1006943
1007046
1007068
1007298
1007359
1007452
1007489
1007500
1007563
1007615
1007697
1007720
1007852
1007928
1007948
1008002
1008046
1008089
1008115
1008187
1008308
1008341
1008455
1008511
1008784
1008835
1008900
1009034
1009144
1009169
1009173
1009408
1009546
1009700
1009767
1009793
1009999
1010311
1010402
1010427
1010480
1010630
1010750
1010932
1011003
1011054
1011170
1011579
1011670
1011870
1011971
1012051
1012061
1012065
1012120
1012173
1012407
1012410
1012435
1012530
1012592
1012660
1012774
1012963
1012973
1013116
1013189
1013662
1013772
1013973
1014065
1014230
1014371
1014490
1014519
1014622
1014727
1014759
1014770
1014863
1014997
1015223
1015353
1015381
1015390
1015465
1015567
1015594
1015602
1016059
1016217
1016377
1016506
1016510
1016793
1016857
1016882
1016889
1016965
1017221
1017267
1017293
1017368
1017395
1017494
1017683
1017688
1017758
1017796
1017807
1017848
1017985
1018081
1018143
1018294
1018360
1018588
1018610
1018616
1018729
1018863
1018998
1019007
1019337
1019370
1019373
1019451
1019468
1019519
1019682
1019889
1019909
1019924
1019979
1020206
1020232
1020368
1020391
1020434
1020442
1020518
1020538
1020563
1020793
1020870
1020944
1020947
1021036
1021219
1021283
1021351
1021362
1021438
1021447
1021468
1021486
1021622
1021751
1021835
1021886
1022027
1022416
1022556
1022847
1022863
1023057
1023093
1023100
1023105
1023350
1023373
1023438
1023572
1023734
1023768
1023818
1023931
1024455
1024485
1024654
1025090
1025273
1025538
1025593
1025651
1025681
1025692
1025702
1025740
1025806
1026013
1026221
1026490
1026521
1026593
1026682
1026695
1026827
1026859
1026894
1026994
1027242
1027385
1027564
1027584
1027793
1027844
1027913
1028000
1028087
1028105
1028317
1028393
1028600
1028778
1028941
1029174
1029205
1029226
1029240
1029294
1029307
1029397
1029418
1029446
1029531
1029549
1029619
1029939
1029995
1030068
1030270
1030280
1030301
1030311
1030385
1030688
1030872
1030968
1030975
1031200
1031358
1031418
1031448
1031503
1031664
1031754
1031950
1032044
1032291
1032371
1032408
1032415
1032497
1032618
1032625
1032772
1032911
1033077
1033168
1033245
1033328
1033585
1033629
1033851
1033860
1033872
1034227
1034282
1034312
1034354
1034561
1034565
1034699
1034793
1034826
1034855
1034906
1034971
1035213
1035303
1035369
1035427
1035470
1035578
1035743
1035838
1036046
1036255
1036258
1036455
1036482
1036701
1036917
1036944
1037039
1037056
1037174
1037236
1037531
1037554
1037649
1037653
1037846
1038055
1038179
1038590
1038812
1038880
1038954
1038990
1039068
1039073
1039113
1039181
1039243
1039308
1039595
1039885
1040102
1040239
1040282
1040317
1040336
1040528
1040569
1040656
1040697
1040875
1040917
1040989
1041129
1041243
1041368
1041487
1041515
1041690
1041696
1041885
1041941
1041972
1041981
1041996
1042019
1042042
1042088
1042388
1042425
1042520
1042631
1042807
1042985
1043249
1043537
1043662
1043705
1043742
1044068
1044231
1044338
1044404
1044424
1044628
1044634
1044676
1044682
1044797
1044932
1044990
1045095
1045202
1045203
1045311
1045326
1045552
1045681
1045797
1045908
1046160
1046551
1046732
1047050
1047120
1047229
1047446
1047503
1047555
1047658
1047728
1047838
1047998
1048102
1048439
1048506
1048563
1048581
1048582
1048595
1048786
1048862
1048901
1049312
1049328
1049719
1049783
1049900
1050005
1050060
1050125
1050184
1050215
1050255
1050295
1050401
1050420
1050479
1050499
1050618
1050664
1050681
1050798
1051126
1051326
1051506
1051582
1051644
1051724
1051897
1051906
1052213
1052284
1052397
1052440
1052524
1052632
1052823
1052966
1053009
1053069
1053140
1053150
1053178
1053534
1053595
1053648
1054107
1054261
1054416
1054478
1054857
1054858
1054871
1054962
1055274
1055293
1055701
1055945
1056041
1056158
1056194
1056367
1056388
1056420
1056452
1056591
1056597
1056905
1057158
1057187
1057274
1057349
1057418
1057548
1057699
1057762
1057771
1057885
1057982
1058104
1058155
1058178
1058281
1058453
1058714
1058813
1058905
1059085
1059264
1059319
1059391
1059438
1059577
1059613
1059652
1059666
1059678
1059760
1059792
1060057
1060261
1060304
1060406
1060423
1060456
1060513
1060577
1060661
1060670
1060704
1060717
1060765
1060808
1060831
1060838
1060866
1060883
1060957
1061077
1061153
1061326
1061369
1061397
1061420
1061524
1061673
1061745
1062046
1062094
1062124
1062324
1062379
1062461
1062483
1062531
1062597
1062682
1062892
1062918
1062926
1063163
1063349
1063636
1063647
1063725
1063800
1063846
1063878
1063929
1064065
1064100
1064124
1064139
1064225
1064443
1064696
1064719
1064782
1064898
1064967
1065259
1065396
1065586
1065738
1065912
1065916
1066046
1066081
1066246
1066370
1066475
1066540
1066634
1066647
1066699
1066822
1066843
1066869
1066990
1067189
1067221
1067335
1067382
1067446
1067505
1067565
1067677
1067862
1068071
1068335
1068368
1068495
1068540
1068798
1068834
1068981
1069003
1069009
1069270
1069396
1069409
1069509
1069558
1069599
1069742
1069746
1069858
1069967
1070056
1070226
1070346
1070503
1070553
1070587
1070620
1070707
1070779
1070823
1070887
1070992
1071052
1071165
1071393
1071512
1071516
1071711
1071907
1071958
1072040
1072146
1072426
1072464
1072582
1072585
1072644
1072682
1073013
1073062
1073186
1073204
1073208
1073329
1073386
1073462
1073688
1073730
1073864
1073890
1073930
1074184
1074219
1074341
1074483
1074548
1074654
1074754
1074791
1075033
1075054
1075249
1075299
1075356
1075384
1075388
1075466
1075534
1075565
1075763
1075770
1075820
1075977
1076303
1076365
1076454
1076660
1076699
1076711
1076756
1076768
1076818
1077327
1077351
1077441
1077453
1077535
1077663
1077792
1077988
1078019
1078097
1078248
1078297
1078430
1078561
1078888
1079049
1079123
1079319
1079532
1079711
1079756
1079895
1079911
1079969
1080302
1080355
1080844
1080970
1081038
1081196
1081202
1081214
1081224
1081228
1081292
1081393
1081505
1081562
1081614
1081969
1082071
1082199
1082242
1082344
1082493
1082622
1082644
1082684
1082778
1083007
1083112
1083201
1083236
1083317
1083345
1083518
1083648
1083728
1083781
1083842
1083904
1084006
1084046
1084065
1084314
1084448
1084472
1084536
1084607
1084852
1084997
1085067
1085191
1085316
1085381
1085438
1085606
1085677
1085802
1085814
1086126
1086164
1086240
1086335
1086340
1086385
1086408
1086442
1086609
1086622
1086687
1086724
1086760
1086782
1086798
1086850
1086953
1087047
1087092
1087115
1087174
1087258
1087347
1087498
1087525
1087538
1087659
1087670
1087677
1087790
1087823
1087842
1088119
1088151
1088190
1088236
1088372
1088458
1088635
1088691
1088700
1088829
1088850
1088864
1088895
1088951
1089327
1089458
1089506
1089602
1089782
1090232
1090327
1090503
1090520
1090571
1090641
1090927
1090981
1091055
1091231
1091529
1091555
1091576
1091767
1091773
1091899
1091972
1092045
1092104
1092261
1092347
1092400
1092416
1092456
1092486
1092593
1092610
1092829
1092915
1092965
1092971
1092981
1093205
1093324
1093367
1093508
1093580
1093605
1093686
1093732
1093765
1093807
1093985
1094083
1094121
1094203
1094406
1094419
1094932
1095035
1095073
1095178
1095317
1095318
1095352
1095404
1095433
1096061
1096247
1096285
1096355
1096363
1096620
1096670
1096818
1096843
1096979
1097061
1097068
1097073
1097126
1097229
1097232
1097263
1097326
1097351
1097366
1097394
1097403
1097487
1097536
1097654
1097708
1098036
1098040
1098130
1098175
1098200
1098225
1098274
1098362
1098390
1098595
1098735
1098825
1098834
1098893
1099033
1099114
1099298
1099344
1099377
1099379
1099408
1099557
1099583
1099588
1099689
1099850
1099859
1100101
1100224
1100325
1100348
1100418
1100480
1100610
1101056
1101233
1101302
1101307
1101504
1101638
1101659
1101790
1101890
1102055
1102073
1102178
1102522
1102645
1102826
1102834
1103037
1103135
1103171
1103194
1103196
1103354
1103417
1103443
1103563
1103572
1103590
1103634
1103693
1103730
1103830
1103908
1103945
1103956
1104020
1104023
1104038
1104052
1104092
1104128
1104232
1104240
1104243
1104332
1104335
1104378
1104383
1104483
1104502
1104538
1104592
1104641
1104667
1104692
1104705
1104759
1104797
1104849
1104875
1104885
1104910
1104995
1105084
1105097
1105226
1105235
1105251
1105289
1105359
1105447
1105456
1105599
1105733
1105735
1105829
1105860
1105885
1105897
1105980
1106023
1106049
1106070
1106082
1106101
1106113
1106229
1106244
1106265
1106271
1106292
1106323
1106326
1106371
1106477
1106507
1106553
1106561
1106612
1106640
1106727
1106770
1106811
1106870
1106884
1106886
1106909
1106968
1106986
1107020
1107022
1107026
1107093
1107126
1107180
1107204
1107290
1107317
1107358
1107449
1107468
1107530
1107594
1107638
1107645
1107653
1107687
1107700
1107945
1107983
1108000
1108038
1108042
1108048
1108109
1108146
1108165
1108171
1108190
1108287
1108297
1108314
1108345
1108350
1108402
1108471
1108488
1108495
1108511
1108521
1108529
1108542
1108639
1108648
1108663
1108676
1108734
1108827
1108853
1108862
1108874
1108899
1108909
1108921
1108990
1109065
1109149
1109152
1109163
1109222
1109248
1109257
1109261
1109271
1109428
1109466
1109508
1109515
1109722
1109763
1109892
1109921
1109937
1109942
1109947
1109955
1110022
1110089
1110151
1110238
1110562
1110657
1110713
1110859
1111058
1111062
1111217
1111273
1111317
1111452
1111475
1111541
1111545
1111703
1111711
1111937
1111941
1112145
1112195
1112429
1112496
1112527
1112641
1112711
1112873
1112905
1112965
1112981
1113036
1113163
1113185
1113227
1113342
1113762
1113777
1113822
1113840
1114157
1114245
1114249
1114304
1114441
1114517
1114803
1114871
1114907
1114928
1115025
1115088
1115139
1115149
1115250
1115257
1115268
1115856
1115871
1115979
1116254
1116281
1116329
1116637
1116784
1116852
1116862
1116870
1117072
1117209
1117233
1117300
1117322
1117348
1117357
1117398
1117402
1117439
1117489
1117641
1117644
1117685
1117707
1117873
1117948
1118112
1118213
1118363
1118368
1118886
1118934
1119013
1119131
1119174
1119297
1119336
1119598
1119652
1119742
1119752
1119912
1120259
1120282
1120739
1120763
1121038
1121114
1121209
1121266
1121349
1121383
1121559
1121671
1121723
1121795
1121854
1121889
1122085
1122235
1122275
1122416
1122430
1122522
1122675
1122722
1122748
1122885
1122954
1123002
1123067
1123087
1123198
1123291
1123304
1123339
1123351
1123362
1123672
1123741
1123789
1123870
1124270
1124409
1124510
1124651
1124819
1124835
1125105
1125232
1125296
1125430
1125448
1125461
1125697
1125764
1125807
1125814
1125834
1125887
1125941
1125955
1126051
1126285
1126301
1126336
1126388
1126502
1126665
1126690
1126962
1127363
1127432
1127457
1127569
1127804
1128008
1128028
1128288
1128312
1128462
1128547
1128556
1128699
1128760
1128819
1128835
1128905
1128956
1129014
1129052
1129095
1129188
1129252
1129462
1129508
1129581
1129649
1129688
1129737
1129750
1129804
1129873
1129930
1130088
1130110
1130125
1130189
1130251
1130480
1130510
1130575
1130714
1130718
1130807
1130868
1130977
1130991
1131088
1131133
1131171
1131231
1131377
1131576
1131653
1131705
1131840
1132020
1132066
1132109
1132133
1132194
1132269
1132366
1132450
1132460
1132534
1133187
1133361
1133390
1133418
1133430
1133460
1133495
1133731
1133780
1133810
1133858
1133954
1133997
1134119
1134250
1134301
1134336
1134442
1134464
1134478
1134507
1134523
1134638
1134770
1134801
1134920
1135053
1135130
1135340
1135437
1135481
1135531
1135716
1135791
1135848
1135896
1135911
1136098
1136118
1136292
1136345
1136379
1136432
1136445
1136570
1136574
1136592
1136636
1136667
1136792
1136806
1137090
1137127
1137330
1137408
1137569
1137630
1137660
1137680
1137696
1137731
1137913
1137985
1138032
1138066
1138097
1138251
1138307
1138427
1138490
1138512
1138568
1138574
1138746
1138804
1138814
1138818
1138957
1139112
1139204
1139270
1139313
1139514
1139555
1139643
1139665
1139859
1139881
1140252
1140517
1140625
1140693
1140742
1140809
1141002
1141232
1141351
1141490
1141504
1141546
1141952
1142164
1142278
1142468
1142590
1142928
1142932
1142959
1142999
1143303
1143391
1143421
1143451
1143570
1143811
1143817
1144126
1144327
1144487
1144670
1144776
1144864
1144897
1145155
1145463
1145737
1145806
1146008
1146063
1146092
1146113
1146281
1146497
1146705
1146744
1146880
1146972
1147007
1147028
1147087
1147180
1147256
1147662
1147848
1147899
1147962
1148082
1148106
1148190
1148297
1148340
1148364
1148391
1148420
1148445
1148504
1148542
1148667
1148731
1148913
1148963
1148972
1149065
1149240
1149280
1149448
1149592
1149750
1149800
1149813
1149818
1149878
1149898
1149922
1149963
1150099
1150227
1150282
1150356
1150518
1150542
1150567
1150756
1150768
1150792
1150798
1150928
1151052
1151258
1151264
1151275
1151420
1151450
1151463
1151526
1151723
1151898
1152006
1152151
1152195
1152207
1152283
1152341
1152348
1152415
1152443
1152475
1152564
1152733
1152800
1152892
1152894
1153021
1153067
1153163
1153292
1153310
1153574
1153584
1153751
1153880
1153924
1153932
1154061
1154188
1154299
1154314
1154429
1154446
1154510
1154520
1154594
1154615
1154932
1155297
1155361
1155365
1155425
1155561
1155635
1155642
1155669
1155746
1155758
1155792
1155828
1155894
1155924
1156014
1156197
1156292
1156438
1156561
1156924
1157097
1157493
1157542
1157574
1157576
1158082
1158258
1158348
1158396
1158458
1158495
1158680
1158698
1158787
1158789
1158798
1158876
1158925
1158974
1159049
1159053
1159120
1159439
1159494
1159551
1159655
1159988
1160047
1160351
1160444
1160462
1160489
1160554
1160610
1160672
1160726
1160777
1160830
1160838
1160954
1160972
1160974
1161005
1161033
1161157
1161497
1161582
1161831
1161901
1161910
1162014
1162028
1162089
1162209
1162317
1162393
1162421
1162466
1162491
1162594
1162646
1162779
1162811
1162853
1162906
1162930
1162974
1163012
1163045
1163109
1163188
1163194
1163225
1163343
1163668
1163787
1164044
1164177
1164185
1164440
1164498
1164508
1164602
1164609
1164612
1164738
1164792
1164890
1164964
1165084
1165153
1165192
1165377
1165470
1165608
1165634
1165773
1165956
1166006
1166054
1166183
1166307
1166326
1166529
1166753
1166880
1166921
1167178
1167185
1167204
1167256
1167262
1167440
1167545
1167559
1167683
1167815
1167907
1168011
1168025
1168063
1168383
1168389
1168538
1168768
1168880
1168966
1169024
1169136
1169203
1169254
1169887
1169902
1169974
1170135
1170335
1170441
1170546
1170733
1170868
1170886
1171130
1171444
1171453
1171500
1171504
1171577
1171579
1171702
1171723
1171915
1171965
1172137
1172179
1172381
1172417
1172518
1172619
1172858
1173126
1173307
1173333
1173402
1173490
1173784
1173821
1174046
1174192
1174280
1174499
1174570
1174578
1174849
1175010
1175044
1175242
1175279
1175287
1175307
1175356
1175490
1175787
1175897
1175917
1175951
1176033
1176075
1176110
1176231
1176251
1176342
1176355
1176541
1176577
1176664
1176726
1176882
1177165
1177210
1177266
1177384
1177415
1177688
1177704
1177767
1177771
1177860
1177943
1177982
1178561
1178595
1178604
1178745
1178765
1178774
1178865
1178894
1178934
1179181
1179228
1179443
1179587
1179741
1179762
1179804
1179924
1179984
1180012
1180265
1180369
1180388
1180534
1180669
1180770
1180819
1180880
1181138
1181270
1181338
1181553
1181605
1182084
1182087
1182102
1182166
1182251
1182399
1182438
1182691
1182882
1182970
1183005
1183333
1183397
1183427
1183606
1183730
1183793
1183881
1184002
1184140
1184150
1184387
1184489
1184540
1184761
1184999
1185077
1185289
1185649
1185670
1185678
1185699
1185870
1185915
1186051
1186211
1186246
1186634
1186726
1186741
1186836
1187138
1187182
1187225
1187367
1187691
1187714
1187820
1187859
1187934
1187973
1188077
1188386
1188450
1188472
1188826
1188874
1189050
1189051
1189084
1189309
1189483
1189523
1189675
1189693
1189739
1189818
1189924
1190008
1190103
1190289
1190323
1190420
1190444
1190592
1190732
1190790
1190808
1190816
1190882
1190893
1190990
1191000
1191025
1191128
1191245
1191288
1191380
1191461
1191595
1191731
1191823
1191912
1192003
1192208
1192320
1192330
1192424
1192440
1192455
1192514
1192715
1192726
1192760
1192856
1193054
1193165
1193172
1193246
1193299
1193488
1193519
1193599
1193628
1193709
1193793
1194261
1194392
1194745
1194783
1194877
1194891
1195237
1195297
1195331
1195394
1195407
1195553
1195820
1195861
1195863
1196071
1196100
1196125
1196183
1196445
1196447
1196894
1197055
1197126
1197207
1197241
1197288
1197304
1197343
1197351
1197574
1197952
1198073
1198288
1198316
1198413
1198545
1198611
1198720
1198916
1198949
1198975
1198988
1199044
1199224
1199324
1199364
1199484
1199496
1199552
1199569
1199692
1200104
1200338
1200349
1200390
1200450
1200459
1200500
1200515
1200628
1200679
1200682
1200683
1200989
1201027
1201262
1201590
1201721
1201750
1201827
1201924
1202036
1202164
1202180
1202263
1202273
1202340
1202450
1202767
1202861
1202906
1203117
1203194
1203341
1203418
1203716
1203927
1204178
1204199
1204561
1204591
1204677
1204788
1204792
1204814
1204850
1204864
1205045
1205147
1205290
1205359
1205361
1205433
1205569
1205614
1205652
1205929
1206088
1206238
1206330
1206730
1206802
1206809
1206963
1207022
1207038
1207198
1207414
1207900
1207923
1208205
1208284
1208337
1208483
1208574
1208823
1208936
1209021
1209052
1209257
1209321
1209330
1209424
1209723
1209728
1209797
1209955
1209990
1210009
1210216
1210566
1210791
1210804
1210998
1211091
1211108
1211178
1211456
1211524
1211537
1211554
1211667
1211875
1212137
1212215
1212629
1212833
1212953
1212997
1213165
1213291
1213401
1213702
1213786
1213808
1213834
1213864
1213892
1214200
1214260
1214269
1214500
1214516
1214530
1214535
1214593
1215054
1215060
1215082
1215123
1215217
1215280
1215363
1215489
1215506
1215523
1215673
1215679
1215696
1216000
1216020
1216146
1216195
1216252
1216301
1216334
1216468
1216532
1216643
1216713
1217041
1217059
1217088
1217171
1217246
1217275
1217490
1217510
1217519
1217868
1217923
1217953
1218073
1218261
1218437
1218696
1218954
1219044
1219094
1219121
1219154
1219223
1219268
1219269
1219334
1219348
1220031
1220120
1220281
1220401
1220533
1220545
1220642
1220851
1220880
1221329
1221510
1221519
1221699
1221752
1221873
1222254
1222380
1222391
1222421
1222502
1222712
1222720
1222780
1222996
1223056
1223163
1223233
1223280
1223459
1223485
1223503
1223534
1223991
1224078
1224090
1224142
1224151
1224212
1224354
1224424
1224536
1224701
1224720
1224724
1224728
1224847
1224898
1224936
1225031
1225236
1225311
1225327
1225354
1225478
1225577
1225658
1225760
1226057
1226197
1226319
1226343
1226505
1226513
1226621
1226633
1226853
1226919
1226966
1227076
1227095
1227098
1227106
1227111
1227161
1227617
1227913
1227931
1228039
1228583
1228602
1228880
1228920
1228932
1228989
1229244
1229751
1229869
1229893
1229924
1230010
1230087
1230506
1230543
1230571
1230603
1230610
1230634
1230643
1230704
1230907
1231032
1231298
1231390
1231658
1231795
1232147
1232598
1232633
1232828
1232850
1232914
1233009
1233019
1233072
1233118
1233162
1233188
1233233
1233288
1233327
1233581
1233696
1233781
1233785
1233789
1233854
1233926
1234120
1234133
1234221
1234249
1234254
1234276
1234314
1234413
1234874
1235080
1235107
1235132
1235279
1235379
1235436
1235743
1235783
1236029
1236037
1236051
1236174
1236333
1236351
1236475
1236757
1236871
1237111
1237117
1237260
1237302
1237410
1237413
1237447
1237514
1237713
1237763
1237797
1237816
1237982
1238013
1238056
1238136
1238224
1238561
1238584
1238643
1238680
1238884
1239034
1239144
1239268
1239282
1239479
1239557
1239564
1239671
1239704
1239799
1240015
1240317
1240561
1241048
1241116
1241169
1241281
1241282
1241402
1241556
1241627
1241704
1241760
1242051
1242068
1242089
1242150
1242219
1242452
1242465
1242554
1242643
1242747
1242965
1243053
1243208
1243346
1243409
1243539
1243757
1243803
1243817
1243842
1243891
1243987
1243994
1244045
1244197
1244238
1244319
1244345
1244757
1244849
1244905
1244956
1244960
1244973
1245039
1245103
1245229
1245335
1245345
1245415
1245450
1245503
1245513
1245595
1245647
1245850
1245862
1246094
1246146
1246575
1246622
1246687
1246725
1246759
1246829
1246994
1247112
1247161
1247323
1247346
1247430
1247532
1247824
1248167
1248276
1248453
1248602
1248646
1248718
1248801
1248841
1248846
1248882
1248990
1249245
1249309
1249372
1249470
1249560
1249573
1249766
1250079
1250179
1250280
1250440
1250804
1250815
1250900
1250946
1250949
1251010
1251179
1251216
1251253
1251349
1251362
1251389
1251450
1251687
1251761
1251880
1251953
1252134
1252170
1252297
1252376
1252386
1252494
1252673
1252807
1252843
1252862
1252864
1252972
1253106
1253281
1253542
1253554
1253730
1253742
1254026
1254049
1254386
1254540
1254554
1254589
1254751
1254965
1255109
1255113
1255138
1255194
1255224
1255382
1255442
1255616
1255658
1255827
1255830
1255901
1255970
1256070
1256477
1256496
1256514
1256922
1257011
1257045
1257079
1257113
1257354
1257412
1257472
1257493
1257656
1257793
1257933
1258018
1258097
1258157
1258208
1258259
1258270
1258460
1258524
1258540
1258607
1258822
1258839
1258924
1259142
1259166
1259174
1259192
1259277
1259350
1259407
1259526
1259749
1260024
1260144
1260160
1260223
1260430
1260499
1260543
1260645
1260856
1261062
1261371
1261418
1261432
1261490
1261659
1261922
1261959
1261986
1262061
1262155
1262231
1262280
1262451
1262634
1262704
1262998
1263135
1263226
1263258
1263300
1263380
1263401
1263466
1263678
1263888
1264022
1264075
1264081
1264143
1264394
1264514
1264550
1264709
1264777
1264958
1265041
1265076
1265251
1265258
1265305
1265608
1265748
1265887
1265916
1265972
1266015
1266134
1266242
1266292
1266309
1266351
1266393
1266458
1266547
1266744
1266865
1267447
1267461
1267498
1267707
1268031
1268077
1268095
1268146
1268334
1268444
1269034
1269061
1269108
1269189
1269252
1269377
1269382
1269448
1269537
1269587
1269591
1269850
1269872
1269893
1269902
1270075
1270128
1270138
1270212
1270229
1270403
1270448
1270461
1270773
1270820
1270865
1270893
1270978
1271472
1271479
1271484
1271642
1271687
1271738
1271821
1272145
1272221
1272323
1272335
1272369
1272863
1272897
1272966
1273046
1273048
1273245
1273277
1273333
1273685
1273770
1273787
1273875
1273997
1274064
1274160
1274185
1274201
1274250
1274389
1274519
1274546
1274720
1274792
1274938
1275104
1275108
1275111
1275260
1275364
1275376
1275420
1275549
1275621
1275931
1275948
1276013
1276046
1276111
1276193
1276395
1276428
1276472
1276566
1276751
1276769
1276796
1276799
1276852
1276970
1277206
1277327
1277417
1277484
1277540
1277584
1277704
1277724
1277915
1277955
1278012
1278086
1278113
1278151
1278177
1278196
1278207
1278420
1278836
1278902
1279174
1279193
1279279
1279329
1279372
1279581
1279781
1280131
1280171
1280199
1280333
1280363
1280508
1280556
1280703
1280868
1280906
1281025
1281038
1281370
1281459
1281673
1281688
1281692
1281795
1281888
1281947
1282007
1282144
1282148
1282156
1282159
1282254
1282377
1282596
1282875
1282891
1282997
1283084
1283099
1283307
1283400
1283690
1283716
1283802
1283996
1284066
1284245
1284256
1284265
1284323
1284381
1284433
1284435
1284490
1284521
1284830
1285136
1285150
1285227
1285249
1285323
1285370
1285372
1285421
1285454
1285470
1285600
1285651
1285719
1285725
1285771
1285968
1285978
1286053
1286142
1286220
1286439
1286580
1286655
1286753
1286761
1286773
1286957
1286962
1287097
1287195
1287239
1287287
1287420
1287430
1287480
1287620
1287709
1287790
1287857
1287933
1288344
1288418
1288461
1288604
1288694
1288936
1288974
1289021
1289052
1289090
1289294
1289367
1289385
1289556
1289647
1289906
1289909
1290245
1290361
1290511
1290739
1290865
1290886
1291179
1291261
1291331
1291385
1291582
1291596
1291619
1291640
1291648
1291736
1291815
1291891
1292032
1292097
1292182
1292190
1292386
1292424
1292453
1292531
1292664
1292713
1292826
1293051
1293289
1293358
1293385
1293415
1293447
1293492
1293517
1293564
1293632
1293903
1294328
1294338
1294360
1294364
1294470
1294653
1294657
1294777
1294799
1294938
1294945
1295045
1295253
1295259
1295311
1295354
1295463
1295522
1295660
1295723
1295824
1295869
1295917
1295969
1295988
1296133
1296146
1296215
1296246
1296320
1296344
1296503
1296578
1296729
1296949
1297256
1297272
1297446
1297490
1297548
1297742
1297998
1298055
1298076
1298089
1298137
1298204
1298220
1298238
1298298
1298307
1298317
1298344
1298514
1298559
1298582
1298683
1298755
1298843
1298870
1298980
1298988
1298997
1299034
1299103
1299180
1299417
1299650
1299659
1299753
1299823
1299844
1299960
1300092
1300097
1300137
1300297
1300390
1300447
1300449
1300459
1300730
1300796
1300822
1301061
1301301
1301468
1301575
1301630
1301730
1301824
1301847
1301977
1302030
1302038
1302043
1302154
1302236
1302253
1302382
1302440
1302480
1302567
1302606
1302649
1302962
1303010
1303127
1303150
1303175
1303239
1303262
1303344
1303439
1303551
1303606
1303635
1303799
1303850
1303932
1303958
1304061
1304084
1304129
1304163
1304181
1304264
1304275
1304557
1304612
1304793
1304872
1305070
1305234
1305348
1305375
1305535
1305956
1305967
1305976
1306075
1306265
1306345
1306426
1306430
1306532
1306577
1306676
1306874
1306937
1307049
1307107
1307125
1307138
1307155
1307213
1307273
1307317
1307470
1307514
1307541
1307652
1307691
1307722
1307848
1307891
1307905
1307908
1308125
1308169
1308238
1308248
1308331
1308342
1308386
1308496
1308524
1308620
1308647
1308900
1309021
1309061
1309259
1309438
1309457
1309621
1309691
1309808
1309843
1310006
1310034
1310207
1310260
1310298
1310346
1310355
1310362
1310560
1310620
1310795
1310844
1311003
1311054
1311059
1311249
1311330
1311363
1311463
1311640
1311652
1311739
1311859
1311878
1311902
1311967
1312056
1312060
1312248
1312604
1312630
1312732
1312749
1312979
1312986
1313014
1313143
1313204
1313208
1313223
1313280
1313404
1313406
1313428
1313465
1313506
1313734
1313749
1313960
1314036
1314107
1314160
1314336
1314572
1314619
1314666
1314722
1314949
1315035
1315085
1315127
1315206
1315229
1315271
1315294
1315319
1315361
1315377
1315549
1315747
1315772
1315927
1315931
1315936
1315986
1316017
1316068
1316152
1316292
1316325
1316343
1316425
1316506
1316805
1316820
1317237
1317260
1317279
1317470
1317755
1317915
1318017
1318134
1318161
1318177
1318206
1318410
1318572
1318767
1318971
1318981
1319074
1319931
1319961
1320085
1320311
1320402
1320408
1320439
1320583
1320591
1320876
1320939
1321000
1321008
1321102
1321178
1321413
1321421
1321451
1321678
1321849
1321934
1321991
1322017
1322050
1322098
1322122
1322206
1322233
1322328
1322346
1322466
1322632
1322647
1322694
1322720
1322738
1322778
1322782
1323043
1323215
1323273
1323336
1323387
1323607
1323623
1323829
1323969
1324071
1324122
1324651
1324672
1324683
1324753
1325070
1325207
1325400
1325462
1325576
1325577
1325753
1325757
1325795
1326083
1326484
1326622
1326674
1326967
1326970
1326989
1326999
1327028
1327058
1327069
1327160
1327299
1327311
1327414
1327476
1327482
1327518
1327532
1327716
1327822
1327959
1328049
1328108
1328154
1328471
1328622
1328673
1328694
1328805
1328811
1328927
1328935
1329020
1329484
1329691
1329749
1329928
1329974
1330002
1330296
1330326
1330342
1330499
1330618
1330790
1330853
1330856
1330922
1331071
1331177
1331209
1331303
1331402
1331441
1331530
1331755
1331937
1332059
1332270
1332364
1332477
1332566
1332778
1332813
1332963
1333180
1333546
1333559
1333568
1333634
1333748
1333828
1333905
1333975
1334125
1334257
1334278
1334293
1334668
1334782
1334919
1334971
1335025
1335079
1335095
1335309
1335363
1335591
1335645
1335687
1335707
1335805
1335869
1336250
1336253
1336461
1336489
1336514
1336580
1336591
1336715
1336726
1336743
1336841
1337015
1337333
1337514
1337617
1337675
1337716
1337721
1337908
1338232
1338436
1338448
1338462
1338741
1338913
1338947
1338975
1339026
1339362
1339366
1339397
1339446
1339503
1339520
1339577
1339684
1340035
1340130
1340465
1340545
1340580
1340585
1340746
1341117
1341156
1341283
1341566
1341575
1341696
1341740
1341780
1341848
1341906
1341968
1341985
1341990
1342035
1342068
1342118
1342377
1342470
1342506
1342604
1342682
1342766
1342822
1342942
1342958
1342986
1343148
1343336
1343369
1343483
1343510
1343566
1343638
1343967
1344031
1344164
1344170
1344197
1344214
1344230
1344280
1344358
1344378
1344478
1344526
1344585
1344591
1344812
1344880
1345060
1345133
1345211
1345311
1345512
1345652
1345806
1345869
1345928
1346161
1346195
1346197
1346207
1346359
1346377
1346460
1346483
1346561
1346605
1346746
1346785
1347081
1347189
1347209
1347290
1347356
1347402
1347456
1347599
1347604
1347722
1347850
1347876
1347882
1347890
1347984
1348093
1348122
1348138
1348157
1348179
1348209
1348240
1348244
1348421
1348627
1348820
1348835
1348899
1348906
1348969
1349237
1349322
1349388
1349519
1349550
1349800
1349813
1350024
1350030
1350136
1350537
1350724
1350751
1350861
1350896
1350901
1351209
1351217
1351222
1351247
1351257
1351322
1351482
1351510
1351695
1351737
1351816
1351826
1351915
1352157
1352183
1352288
1352392
1352482
1352531
1352582
1352699
1352729
1352753
1352757
1353013
1353061
1353128
1353191
1353269
1353297
1353472
1353595
1353889
1353979
1354052
1354174
1354327
1354344
1354401
1354585
1354714
1354865
1354969
1355003
1355110
1355189
1355194
1355235
1355237
1355786
1356149
1356213
1356458
1356559
1356838
1356854
1357057
1357282
1357346
1357460
1357486
1357502
1357703
1357820
1357863
1357901
1357984
1357990
1358042
1358049
1358135
1358177
1358229
1358274
1358324
1358403
1358527
1358547
1358646
1358785
1358828
1358866
1358892
1358942
1359037
1359055
1359357
1359550
1359609
1359635
1359826
1359913
1359950
1360040
1360125
1360175
1360212
1360355
1360537
1360722
1360831
1360847
1360879
1360950
1360974
1361067
1361158
1361217
1361267
1361476
1361593
1361657
1361860
1361920
1361929
1361932
1362069
1362152
1362199
1362251
1362325
1362946
1363053
1363172
1363397
1363675
1363790
1364056
1364143
1364399
1364457
1364462
1364473
1364581
1364729
1364835
1364843
1364859
1364892
1364919
1364967
1364988
1365069
1365211
1365345
1365354
1365500
1365510
1365599
1365730
1365888
1366219
1366222
1366284
1366405
1366465
1366779
1367025
1367280
1367437
1367446
1367662
1367853
1367926
1368003
1368025
1368075
1368222
1368254
1368277
1368415
1368434
1368509
1368638
1368666
1368949
1369077
1369155
1369285
1369314
1369323
1369372
1369417
1369524
1369560
1369641
1369721
1369785
1369846
1369902
1369973
1370004
1370028
1370074
1370196
1370243
1370308
1370438
1370522
1370844
1370893
1370941
1370981
1371030
1371227
1371260
1371365
1371406
1371471
1371553
1371634
1371695
1371704
1371708
1371744
1371830
1371839
1371859
1371869
1371965
1372029
1372261
1372278
1372407
1372430
1372468
1372512
1372554
1372568
1372610
1372627
1372704
1372726
1372816
1372823
1372837
1372939
1373080
1373115
1373183
1373291
1373498
1373632
1373718
1373795
1373877
1373896
1373995
1374206
1374263
1374337
1374471
1374506
1374519
1374712
1374727
1374909
1375260
1375323
1375333
1375439
1375538
1375620
1375623
1375704
1376069
1376079
1376160
1376176
1376338
1376530
1376535
1376733
1376755
1376998
1377009
1377142
1377297
1377506
1377581
1377629
1377679
1377688
1377758
1377783
1377850
1377910
1378061
1378145
1378212
1378305
1378368
1378738
1378755
1378764
1378808
1379539
1379545
1379578
1379715
1379739
1379803
1379844
1380097
1380127
1380295
1380395
1380421
1380570
1380669
1380736
1380795
1380853
1381268
1381509
1381555
1381629
1381822
1381993
1381998
1382194
1382315
1382340
1382362
1382385
1382570
1382685
1382699
1382724
1382738
1382742
1382831
1382847
1382891
1382930
1382941
1382976
1383009
1383094
1383159
1383187
1383249
1383258
1383395
1383417
1383434
1383713
1383766
1383964
1384078
1384081
1384121
1384152
1384186
1384234
1384251
1384289
1384513
1384516
1384642
1384880
1385020
1385132
1385214
1385235
1385248
1385308
1385382
1385424
1385586
1385610
1385756
1385775
1385839
1386015
1386200
1386211
1386247
1386291
1386437
1386472
1386822
1386835
1386845
1386853
1387037
1387320
1387438
1387460
1387490
1387502
1387557
1387568
1387610
1387657
1387691
1387693
1387862
1388041
1388195
1388274
1388329
1388497
1388503
1388764
1388769
1388871
1388991
1389023
1389062
1389077
1389237
1389327
1389409
1389517
1389603
1389625
1389699
1389841
1389922
1389930
1389983
1390102
1390148
1390175
1390427
1390592
1390695
1390730
1390771
1390920
1390948
1390959
1391130
1391143
1391714
1391747
1391756
1391758
1391775
1392057
1392128
1392147
1392194
1392499
1392562
1392778
1392943
1393000
1393084
1393140
1393356
1393366
1393388
1393576
1393678
1393687
1393815
1393890
1394379
1394471
1394493
1394527
1394564
1394597
1394600
1395006
1395085
1395304
1395456
1395511
1395646
1395687
1396098
1396105
1396228
1396418
1396585
1396595
1396678
1396822
1396860
1397061
1397073
1397221
1397405
1397515
1397586
1397639
1397672
1397684
1398043
1398174
1398236
1398283
1398298
1398469
1398509
1398567
1398615
1398629
1398816
1398869
1398911
1398995
1399308
1399568
1399784
1399831
1399871
1400206
1400245
1400258
1400274
1400298
1400366
1400380
1400387
1400442
1400460
1400629
1400699
1400718
1400918
1400971
1400984
1401062
1401261
1401294
1401346
1401365
1401544
1401569
1401643
1401774
1402004
1402009
1402116
1402327
1402344
1402387
1402427
1402473
1402681
1402703
1402838
1402926
1402935
1403021
1403064
1403102
1403169
1403305
1403339
1403485
1403523
1403551
1403600
1403604
1403690
1403944
1404136
1404175
1404215
1404229
1404288
1404440
1404458
1404470
1404667
1404731
1404945
1405194
1405285
1405310
1405329
1405443
1405460
1405501
1405755
1406177
1406584
1406587
1406596
1406643
1406668
1406824
1406913
1406920
1407004
1407067
1407121
1407135
1407206
1407271
1407289
1407337
1407464
1407676
1407709
1407717
1407732
1407754
1408043
1408054
1408128
1408294
1408389
1408512
1408553
1408597
1408661
1408772
1409032
1409131
1409185
1409258
1409323
1409410
1409419
1409429
1409567
1409682
1409746
1409834
1409856
1409943
1410069
1410253
1410390
1410429
1410499
1410566
1410675
1410722
1410799
1410872
1410880
1410907
1410949
1410985
1411015
1411091
1411261
1411472
1411511
1411805
1411842
1411843
1411932
1412015
1412035
1412145
1412265
1412420
1412547
1412753
1412810
1412812
1412836
1412922
1412943
1413235
1413301
1413440
1413498
1413515
1413541
1413856
1413864
1413918
1414132
1414142
1414157
1414186
1414297
1414343
1414401
1414483
1414717
1414889
1414933
1415156
1415417
1415741
1415754
1415760
1415843
1415951
1416382
1416511
1416554
1416610
1416735
1416784
1416979
1417139
1417148
1417272
1417295
1417415
1417600
1417702
1417718
1417738
1417763
1417792
1417806
1417852
1417975
1417993
1418008
1418107
1418188
1418205
1418240
1418455
1418530
1418550
1418660
1418727
1418785
1418962
1419189
1419305
1419444
1419471
1419472
1419516
1419630
1419670
1419672
1420060
1420209
1420237
1420357
1420403
1420427
1420458
1420477
1420786
1420956
1421019
1421164
1421210
1421327
1421374
1421408
1421431
1421518
1421684
1421805
1422010
1422113
1422203
1422297
1422414
1422624
1422664
1422732
1422770
1422870
1423085
1423151
1423166
1423248
1423310
1423460
1423527
1423603
1423664
1423678
1423709
1423805
1423842
1423942
1423985
1423996
1424011
1424077
1424092
1424210
1424248
1424464
1424628
1424638
1424733
1424885
1424964
1425019
1425047
1425057
1425078
1425204
1425411
1425510
1425684
1425741
1425825
1425846
1425944
1425998
1426030
1426071
1426165
1426170
1426229
1426245
1426447
1426502
1426743
1427051
1427111
1427227
1427333
1427372
1427462
1427624
1427734
1427741
1427833
1427871
1427946
1427966
1427971
1428072
1428270
1428358
1428371
1428513
1428560
1428595
1428773
1428864
1428921
1429131
1429136
1429342
1429391
1429407
1429467
1429576
1429752
1429760
1429778
1430210
1430276
1430427
1430514
1430611
1430739
1430744
1430763
1430773
1430838
1430849
1430938
1431057
1431166
1431168
1431195
1431459
1431475
1431487
1431741
1431931
1431973
1432020
1432120
1432344
1432398
1432469
1432489
1432553
1432575
1432590
1432623
1432629
1432681
1432835
1432945
1433010
1433037
1433158
1433179
1433353
1433424
1433433
1433683
1433728
1433873
1433936
1433951
1434146
1434164
1434588
1434651
1434743
1434802
1434869
1435065
1435121
1435183
1435235
1435313
1435566
1435634
1435725
1435763
1435850
1435919
1436121
1436234
1436345
1436384
1436426
1436516
1436613
1436739
1436896
1437012
1437211
1437217
1437243
1437287
1437569
1437620
1437623
1437722
1437825
1437885
1437995
1438051
1438163
1438199
1438231
1438233
1438359
1438360
1438567
1438584
1438610
1438841
1438960
1438968
1439003
1439358
1439387
1439434
1439515
1439571
1439622
1439861
1439869
1439911
1439953
1440013
1440077
1440084
1440167
1440215
1440305
1440386
1440397
1440554
1440599
1440689
1440824
1440870
1440877
1440882
1440923
1440971
1441177
1441627
1441651
1441732
1441788
1441803
1441890
1441941
1442095
1442222
1442441
1442504
1442713
1442770
1442791
1442942
1442956
1443160
1443181
1443284
1443305
1443380
1443665
1443666
1443672
1443755
1444154
1444405
1444464
1444476
1444523
1444627
1445033
1445049
1445169
1445496
1445516
1445708
1445950
1445977
1445980
1446185
1446427
1446451
1446554
1446625
1446626
1446849
1446909
1446983
1447019
1447057
1447153
1447403
1447412
1447612
1447674
1447761
1447921
1448036
1448105
1448247
1448327
1448444
1448642
1448662
1448681
1448758
1448825
1448931
1449253
1449276
1449319
1449608
1449762
1449878
1449897
1449924
1449926
1450012
1450113
1450157
1450272
1450292
1450332
1450385
1450667
1450739
1450879
1450897
1450898
1450967
1451000
1451062
1451159
1451193
1451312
1451316
1451322
1451434
1451442
1451479
1451499
1451625
1451685
1451733
1451744
1451757
1451918
1451923
1452102
1452304
1452330
1452409
1452525
1452561
1452737
1452747
1452934
1453100
1453141
1453295
1453576
1453592
1453599
1453619
1453700
1453727
1453807
1453923
1453935
1454084
1454135
1454507
1454684
1454974
1455409
1455471
1455474
1455628
1455643
1455662
1455702
1455807
1455944
1456005
1456028
1456252
1456338
1456482
1456491
1456541
1456668
1456697
1456812
1456950
1457019
1457061
1457143
1457221
1457345
1457395
1457670
1457692
1457894
1458032
1458065
1458154
1458167
1458169
1458225
1458257
1458261
1458286
1458314
1458359
1458368
1458387
1458557
1458613
1458857
1458890
1458954
1459041
1459042
1459063
1459092
1459279
1459332
1459432
1459611
1459653
1459664
1459705
1459724
1459801
1459969
1460214
1460289
1460380
1460479
1460523
1460653
1460759
1460830
1460853
1460894
1461245
1461372
1461630
1461639
1461735
1461744
1461795
1461912
1461991
1461998
1462026
1462258
1462273
1462351
1462362
1462635
1462732
1462755
1462779
1462952
1463049
1463159
1463173
1463188
1463249
1463298
1463428
1463442
1463482
1463485
1463572
1463599
1463622
1463670
1463698
1463972
1463993
1464040
1464125
1464142
1464266
1464273
1464310
1464511
1464544
1464593
1464634
1464660
1464717
1464749
1464751
1464771
1464859
1464870
1465046
1465061
1465080
1465099
1465284
1465310
1465430
1465450
1465501
1465618
1465620
1465726
1465733
1465754
1465781
1465796
1465798
1465879
1465931
1465935
1466072
1466150
1466193
1466310
1466588
1466639
1466711
1466817
1467049
1467100
1467298
1467329
1467516
1467640
1467697
1467751
1467768
1467779
1467987
1468066
1468204
1468267
1468347
1468558
1468567
1468596
1468657
1468669
1468820
1468868
1468980
1469029
1469098
1469107
1469179
1469197
1469204
1469328
1469554
1469638
1469642
1469685
1469824
1470003
1470021
1470103
1470236
1470385
1470483
1470575
1470608
1470689
1470757
1470775
1470779
1470848
1470888
1470902
1470947
1471048
1471140
1471254
1471272
1471363
1471469
1471583
1471610
1471624
1471641
1471781
1472096
1472121
1472188
1472260
1472287
1472318
1472459
1472663
1472746
1472754
1472900
1472917
1473155
1473166
1473178
1473224
1473470
1473477
1473518
1474065
1474123
1474150
1474218
1474223
1474278
1474307
1474483
1474546
1474729
1474861
1475265
1475403
1475432
1475435
1475476
1475637
1475756
1475770
1475787
1476004
1476744
1476830
1476870
1476959
1476990
1477220
1477316
1477451
1477490
1477903
1477942
1478042
1478093
1478115
1478267
1478304
1478318
1478334
1478345
1478576
1478666
1478800
1478829
1478878
1478952
1478999
1479173
1479291
1479308
1479349
1479469
1479594
1479731
1479753
1479880
1479958
1480079
1480447
1480458
1480508
1480712
1480757
1480764
1480815
1481026
1481051
1481084
1481168
1481319
1481413
1481637
1481793
1481828
1481990
1482026
1482043
1482116
1482160
1482217
1482680
1482744
1482784
1482840
1482848
1482874
1483027
1483157
1483199
1483227
1483286
1483304
1483320
1483446
1483453
1483569
1483696
1483805
1483822
1483844
1483976
1484138
1484474
1484499
1484768
1484781
1484825
1485012
1485096
1485108
1485144
1485357
1485366
1485393
1485735
1485760
1485788
1485879
1485970
1486023
1486087
1486502
1486636
1486684
1486802
1486857
1486862
1486983
1486994
1487203
1487329
1487482
1487505
1487548
1487780
1487871
1487895
1487962
1487999
1488184
1488225
1488242
1488245
1488350
1488657
1488696
1488799
1488972
1489121
1489352
1489493
1489519
1489681
1489720
1489772
1489938
1489998
1490067
1490093
1490102
1490160
1490285
1490349
1490356
1490392
1490591
1490811
1491036
1491165
1491253
1491402
1491423
1491625
1491647
1491874
1491997
1492050
1492136
1492267
1492351
1492450
1492667
1492759
1493367
1493438
1493469
1493942
1493967
1494028
1494111
1494192
1494304
1494307
1494470
1494478
1494486
1494501
1494532
1494655
1494699
1494717
1494866
1494990
1495295
1495313
1495380
1495515
1495810
1496016
1496091
1496328
1496366
1496496
1496549
1496958
1496975
1496979
1497164
1497165
1497214
1497325
1497433
1497510
1497558
1497592
1497802
1497852
1497878
1497971
1498043
1498049
1498109
1498130
1498144
1498186
1498294
1498314
1498411
1498456
1498488
1498666
1498740
1498823
1499073
1499151
1499168
1499269
1499274
1499512
1499603
1499643
1499932
1500321
1500361
1500481
1500492
1500587
1500623
1500916
1500994
1501087
1501141
1501283
1501463
1501508
1501587
1501626
1501635
1501841
1501955
1502067
1502149
1502186
1502375
1502426
1502431
1502443
1502521
1502576
1502590
1502726
1502746
1502858
1502920
1503149
1503155
1503206
1503245
1503350
1503426
1503445
1503460
1503480
1503605
1503838
1503876
1503888
1503979
1504059
1504246
1504264
1504333
1504351
1504375
1504563
1504622
1504816
1504955
1504986
1504992
1505065
1505164
1505278
1505354
1505391
1505482
1505538
1505542
1505546
1505552
1505571
1505587
1505687
1505723
1505887
1506007
1506037
1506065
1506133
1506189
1506385
1506418
1506438
1506524
1506538
1506896
1507019
1507029
1507116
1507188
1507350
1507422
1507528
1507598
1507699
1507810
1507875
1507987
1508024
1508257
1508284
1508347
1508403
1508421
1508468
1508605
1508669
1508757
1508944
1509016
1509060
1509136
1509184
1509250
1509265
1509338
1509355
1509417
1509434
1509498
1509637
1509741
1509799
1509812
1510332
1510422
1510432
1510445
1510541
1510575
1510638
1510800
1510818
1510821
1510872
1511080
1511130
1511259
1511402
1511457
1511460
1511689
1511765
1511907
1512014
1512184
1512381
1512432
1512475
1512586
1512633
1513019
1513063
1513093
1513156
1513197
1513206
1513317
1513458
1513717
1513777
1513808
1513846
1513887
1513953
1514138
1514316
1514563
1514642
1514680
1514786
1514905
1514959
1515095
1515286
1515372
1515614
1515639
1515661
1515703
1515838
1515872
1515882
1515897
1516639
1516807
1517011
1517245
1517256
1517340
1517379
1517670
1517775
1517799
1517935
1518337
1518467
1518499
1518591
1518622
1519206
1519284
1519292
1519416
1519425
1519502
1519547
1519826
1520142
1520225
1520247
1520384
1520407
1520567
1520588
1520723
1520794
1520936
1521157
1521197
1521416
1521443
1521457
1521488
1521599
1521708
1521776
1521830
1521908
1521979
1522040
1522083
1522085
1522086
1522096
1522115
1522172
1522238
1522295
1522659
1522723
1522916
1522979
1523006
1523083
1523136
1523152
1523238
1523288
1523411
1523414
1523471
1523591
1524076
1524163
1524227
1524290
1524333
1524357
1524368
1524439
1524488
1524627
1524766
1524939
1524945
1524969
1525017
1525063
1525227
1525371
1525443
1525557
1525728
1525823
1525903
1525968
1526122
1526125
1526130
1526151
1526183
1526194
1526200
1526239
1526273
1526321
1526339
1526396
1526431
1526494
1526513
1526562
1526738
1526766
1526917
1527469
1527480
1527588
1527617
1527790
1527919
1528083
1528086
1528124
1528144
1528163
1528271
1528304
1528313
1528324
1528328
1528341
1528449
1528484
1528554
1528641
1529028
1529082
1529139
1529157
1529408
1529463
1529468
1529503
1529513
1529642
1529758
1529999
1530089
1530188
1530248
1530250
1530438
1530500
1530534
1530815
1530923
1531352
1531358
1531374
1531380
1531424
1531429
1531552
1531585
1531648
1531683
1531696
1531760
1531832
1531937
1532067
1532139
1532586
1532606
1532707
1532917
1532950
1532970
1533007
1533026
1533073
1533255
1533423
1533430
1533435
1533516
1533525
1533718
1533783
1533944
1534247
1534353
1534369
1534424
1534516
1534552
1534559
1534573
1534623
1534647
1534717
1534754
1534905
1534909
1534967
1534994
1535155
1535190
1535324
1535434
1535721
1536028
1536408
1536743
1536827
1536851
1536967
1537004
1537118
1537232
1537316
1537444
1537727
1537763
1537898
1538047
1538096
1538258
1538411
1538475
1538634
1538651
1538708
1538942
1538994
1539022
1539109
1539110
1539129
1539149
1539238
1539275
1539406
1539521
1539575
1539618
1539684
1539783
1539859
1539876
1539914
1539993
1540127
1540147
1540202
1540256
1540370
1540401
1540515
1540552
1540618
1540645
1540680
1540779
1540793
1540802
1540846
1540948
1540973
1541283
1541291
1541353
1541393
1541426
1541701
1541765
1541804
1541829
1541861
1541924
1541986
1542004
1542028
1542125
1542137
1542270
1542374
1542401
1542415
1542475
1542555
1542573
1542624
1542633
1542649
1542679
1542707
1542819
1542930
1542951
1542979
1543065
1543242
1543252
1543273
1543383
1543433
1543447
1543566
1543647
1543648
1543677
1543687
1543762
1543766
1543786
1543799
1543800
1543849
1543926
1544018
1544076
1544188
1544261
1544419
1544442
1544450
1544479
1544506
1544663
1544712
1544776
1544920
1545009
1545022
1545247
1545367
1545468
1545476
1545713
1545880
1546005
1546144
1546154
1546354
1546369
1546522
1546563
1546689
1546780
1546866
1547041
1547099
1547237
1547270
1547356
1547415
1547473
1547507
1547608
1547773
1547866
1547887
1547933
1547968
1547985
1548005
1548068
1548083
1548118
1548167
1548262
1548328
1548337
1548351
1548497
1548692
1548704
1548846
1548949
1549038
1549109
1549111
1549117
1549404
1549526
1549642
1549662
1549736
1549795
1550012
1550259
1550375
1550508
1550532
1550634
1550874
1551247
1551261
1551656
1551706
1551716
1551756
1551853
1551955
1551975
1552109
1552164
1552220
1552285
1552294
1552317
1552405
1552546
1552576
1552611
1552643
1552772
1552984
1553302
1553320
1553357
1553629
1553840
1553873
1553993
1554039
1554062
1554082
1554134
1554312
1554554
1554769
1554831
1554892
1554928
1555051
1555140
1555199
1555321
1555645
1555662
1555713
1555807
1555856
1555895
1556075
1556207
1556212
1556337
1556352
1556372
1556383
1556440
1556601
1556764
1556842
1556848
1556867
1557137
1557514
1557634
1557711
1557946
1558001
1558032
1558036
1558042
1558104
1558219
1558309
1558316
1558373
1558401
1558467
1558542
1558545
1558682
1558761
1558969
1559054
1559282
1559423
1559445
1559707
1559766
1559797
1559824
1559827
1559996
1560119
1560315
1560322
1560375
1560483
1560666
1560675
1560831
1560891
1560898
1561029
1561115
1561130
1561202
1561531
1561576
1561666
1561751
1561853
1561941
1561977
1562093
1562096
1562115
1562356
1562528
1562575
1562602
1562628
1562788
1562882
1562916
1563058
1563148
1563181
1563283
1563286
1563400
1563454
1563609
1563628
1563657
1563806
1563844
1563875
1563883
1564018
1564059
1564288
1564340
1564396
1564526
1564756
1564773
1564809
1564815
1564817
1564925
1564964
1565049
1565072
1565096
1565195
1565340
1565388
1565392
1565447
1565463
1565486
1565672
1565697
1565834
1565852
1565897
1566126
1566138
1566145
1566229
1566237
1566297
1566299
1566307
1566389
1566482
1566765
1566837
1566967
1567076
1567219
1567223
1567243
1567327
1567497
1567499
1567849
1567906
1568012
1568185
1568197
1568294
1568442
1568446
1568528
1568600
1568735
1568876
1568980
1569047
1569102
1569105
1569167
1569307
1569376
1569382
1569508
1569535
1569691
1569903
1569938
1569970
1570267
1570430
1570812
1570856
1570973
1570990
1571016
1571060
1571172
1571272
1571296
1571346
1571475
1571488
1571495
1571559
1571738
1571962
1572024
1572080
1572102
1572236
1572356
1572423
1572475
1572571
1572663
1572858
1572936
1572985
1573019
1573087
1573096
1573105
1573172
1573245
1573359
1573430
1573464
1573469
1573495
1573520
1573597
1573702
1573822
1573855
1573880
1573890
1573993
1574383
1574457
1574524
1574668
1574726
1574767
1574778
1574817
1574986
1575085
1575136
1575247
1575291
1575293
1575359
1575370
1575525
1575745
1575919
1575950
1575989
1576011
1576081
1576199
1576228
1576275
1576400
1576438
1576574
1576758
1576808
1576812
1576824
1576916
1577012
1577020
1577063
1577420
1577432
1577443
1577517
1577550
1577818
1578059
1578121
1578160
1578220
1578325
1578434
1578440
1578464
1578675
1578858
1578865
1578881
1578969
1579056
1579116
1579132
1579163
1579164
1579245
1579321
1579360
1579571
1579581
1579592
1579669
1579911
1580027
1580052
1580172
1580215
1580432
1580802
1580896
1580925
1581068
1581178
1581343
1581358
1581594
1581645
1581721
1581733
1581930
1582142
1582235
1582249
1582495
1582621
1582774
1582836
1583177
1583287
1583313
1583375
1583433
1583479
1583528
1583602
1583614
1583876
1583961
1584012
1584068
1584080
1584206
1584267
1584287
1584528
1584546
1584635
1584747
1584826
1584894
1584929
1584993
1585129
1585270
1585500
1585545
1585667
1585681
1585824
1585839
1586198
1586227
1586334
1586377
1586532
1586616
1586738
1586994
1587076
1587185
1587328
1587524
1587602
1587999
1588014
1588054
1588519
1588559
1588612
1588621
1588622
1588787
1588845
1588879
1588924
1589015
1589101
1589257
1589266
1589322
1589363
1589430
1589467
1589502
1589522
1589615
1589795
1589922
1589957
1589993
1590209
1590280
1590403
1590498
1590586
1590622
1590663
1590871
1590933
1591404
1591429
1591544
1591610
1591624
1591711
1591767
1591801
1591864
1592061
1592069
1592423
1592467
1592474
1592542
1592626
1592656
1592744
1592875
1592908
1593089
1593225
1593249
1593351
1593358
1593368
1593525
1593541
1593577
1593643
1593680
1593733
1593899
1593948
1593964
1594018
1594218
1594244
1594304
1594310
1594424
1594433
1594462
1594630
1594668
1594702
1594783
1594788
1594972
1595027
1595087
1595118
1595165
1595192
1595196
1595439
1595452
1595459
1595791
1595866
1595879
1595962
1596100
1596335
1596438
1596479
1596530
1596633
1596675
1596709
1596710
1596781
1596839
1596855
1596989
1597162
1597242
1597269
1597328
1597369
1597371
1597390
1597393
1597462
1597549
1597564
1597924
1598183
1598300
1598304
1598352
1598436
1598494
1598536
1598539
1598567
1598707
1598729
1598740
1598803
1598814
1599078
1599287
1599339
1599438
1599474
1599513
1599955
1600180
1600257
1600269
1600361
1600469
1600481
1600545
1600560
1600582
1600629
1600849
1600925
1601034
1601072
1601163
1601236
1601349
1601553
1601771
1601917
1602083
1602168
1602257
1602309
1602319
1602332
1602438
1602470
1602551
1602597
1602719
1602976
1603012
1603172
1603205
1603487
1603506
1603515
1603548
1603559
1603622
1603716
1603727
1603758
1603763
1603867
1603958
1603975
1604027
1604028
1604038
1604091
1604099
1604250
1604323
1604452
1604548
1604549
1604624
1604860
1604866
1605040
1605123
1605165
1605331
1605333
1605337
1605406
1605446
1605462
1605547
1605841
1605939
1606169
1606199
1606285
1606295
1606304
1606428
1606465
1606556
1606692
1606723
1606748
1606755
1606805
1606854
1606887
1606930
1606936
1607155
1607296
1607418
1607475
1607790
1607802
1607867
1607954
1608162
1608287
1608292
1608389
1608450
1608551
1608655
1608748
1609152
1609220
1609285
1609325
1609373
1609633
1609665
1609828
1609874
1609980
1610288
1610396
1610462
1610564
1610620
1610762
1610772
1610802
1610855
1610893
1610988
1611179
1611226
1611231
1611422
1611437
1612041
1612063
1612151
1612205
1612252
1612488
1612564
1612617
1612626
1612714
1612740
1612791
1612994
1613133
1613253
1613378
1613442
1613471
1613645
1613689
1613899
1613916
1614241
1614323
1614378
1614539
1614586
1614646
1614667
1614757
1614804
1614858
1614873
1614942
1615086
1615103
1615172
1615403
1615544
1615669
1615751
1615890
1616047
1616136
1616149
1616314
1616338
1616536
1616626
1616657
1616671
1616683
1616724
1616733
1616847
1617007
1617082
1617133
1617215
1617279
1617367
1617392
1617426
1617475
1617551
1617589
1617595
1617673
1617734
1617802
1617845
1617879
1617943
1618169
1618456
1618579
1618681
1618701
1618728
1618769
1618828
1618838
1618855
1618857
1618863
1618885
1619050
1619058
1619534
1619569
1619700
1620017
1620226
1620268
1620379
1620564
1620855
1620944
1620947
1620957
1621084
1621102
1621136
1621161
1621171
1621445
1621475
1621485
1621558
1621625
1621663
1621968
1622177
1622420
1622537
1622630
1622669
1622703
1622723
1622740
1622815
1622848
1622955
1623005
1623058
1623098
1623165
1623174
1623407
1623536
1623677
1623681
1623741
1623874
1623959
1623996
1624046
1624059
1624248
1624262
1624270
1624334
1624381
1624412
1624475
1624645
1624701
1624749
1624774
1624795
1625047
1625201
1625472
1625907
1626051
1626265
1626269
1626355
1626363
1626400
1626559
1626576
1626645
1626660
1626692
1626704
1626710
1626820
1626844
1626878
1626886
1627134
1627209
1627212
1627269
1627594
1627903
1627906
1627924
1628002
1628018
1628100
1628119
1628198
1628212
1628217
1628288
1628326
1628365
1628368
1628503
1628546
1628573
1628772
1628928
1628995
1629267
1629392
1629535
1629574
1629660
1629678
1630096
1630131
1630307
1630396
1630442
1630609
1630659
1630676
1630729
1630813
1631153
1631164
1631261
1631264
1631275
1631496
1631930
1631981
1631987
1632115
1632124
1632241
1632330
1632398
1632445
1632448
1632606
1632650
1632673
1632916
1632927
1632975
1633116
1633177
1633221
1633263
1633275
1633302
1633427
1633468
1633494
1633654
1634053
1634209
1634257
1634303
1634492
1634507
1634535
1634580
1634591
1634686
1634823
1634863
1634865
1634961
1635010
1635104
1635123
1635129
1635152
1635185
1635478
1635559
1635677
1635712
1635776
1635816
1635827
1635831
1635863
1635929
1635966
1635972
1636014
1636387
1636494
1636564
1636684
1637040
1637294
1637318
1637366
1637457
1637653
1638051
1638269
1638330
1638520
1638547
1638581
1638595
1638604
1638767
1639045
1639355
1639416
1639508
1639551
1639569
1639615
1639688
1639921
1640025
1640028
1640060
1640214
1640252
1640277
1640340
1640407
1640429
1640462
1640641
1640670
1640853
1640932
1640979
1641019
1641130
1641382
1641403
1641429
1641605
1641641
1641685
1641703
1641749
1641837
1641857
1641911
1642007
1642037
1642071
1642223
1642375
1642396
1642598
1642602
1642815
1642864
1643105
1643222
1643299
1643459
1643482
1643508
1643575
1643744
1643787
1643899
1644061
1644068
1644147
1644198
1644256
1644400
1644524
1644601
1644712
1644897
1644960
1645025
1645068
1645242
1645319
1645345
1645405
1645437
1645647
1645821
1645863
1645885
1645926
1645977
1646016
1646069
1646205
1646209
1646213
1646357
1646452
1646604
1646857
1646932
1647160
1647269
1647315
1647389
1647448
1647456
1647499
1647505
1647666
1648076
1648172
1648267
1648297
1648432
1648499
1648513
1648535
1648559
1648578
1648614
1648637
1648651
1648781
1648794
1648867
1648878
1649058
1649078
1649105
1649113
1649127
1649132
1649228
1649479
1649880
1649900
1649944
1650131
1650182
1650189
1650412
1650583
1650893
1650913
1651015
1651046
1651307
1651315
1651407
1651486
1651509
1651510
1651532
1651647
1651659
1651789
1651852
1651898
1651997
1652049
1652084
1652337
1652391
1652591
1652598
1652669
1652759
1652809
1652820
1652864
1652913
1652936
1652938
1652968
1653116
1653173
1653188
1653232
1653282
1653327
1653437
1653482
1653658
1653711
1653725
1653791
1654178
1654204
1654254
1654277
1654343
1654395
1654444
1654466
1654474
1654603
1654637
1654706
1654722
1654991
1655065
1655176
1655213
1655221
1655297
1655338
1655507
1655584
1655790
1655938
1656043
1656136
1656314
1656320
1656472
1656592
1656699
1656713
1656780
1656782
1656796
1656835
1656930
1656941
1656943
1657034
1657223
1657251
1657275
1657417
1657469
1657511
1657528
1657721
1657825
1658021
1658155
1658382
1658399
1658416
1658485
1658561
1658576
1658938
1658951
1658977
1659045
1659126
1659187
1659265
1659342
1659370
1659384
1659388
1659465
1659511
1659533
1659847
1660083
1660179
1660271
1660318
1660389
1660589
1660665
1660841
1660958
1660969
1661047
1661088
1661132
1661174
1661271
1661302
1661394
1661465
1661657
1661843
1661851
1662028
1662053
1662067
1662170
1662344
1662419
1662733
1662736
1662775
1662869
1662880
1663185
1663197
1663219
1663251
1663398
1663441
1663581
1663654
1663712
1663859
1663880
1664040
1664348
1664381
1664478
1664508
1664718
1664872
1664926
1664976
1665245
1665398
1665482
1665564
1665654
1665662
1665815
1666256
1666288
1666317
1666376
1666427
1666634
1666800
1666866
1666951
1666955
1667101
1667173
1667194
1667415
1667483
1667632
1667741
1667768
1667864
1667962
1667969
1667995
1668063
1668313
1668614
1668626
1668632
1668662
1668875
1668973
1669021
1669085
1669096
1669127
1669151
1669235
1669270
1669652
1669668
1669721
1669884
1669905
1669928
1669936
1670010
1670052
1670060
1670108
1670235
1670265
1670333
1670434
1670440
1670644
1670884
1671082
1671526
1671574
1671761
1671840
1671919
1672117
1672180
1672205
1672322
1672399
1672541
1672567
1672577
1672849
1672856
1673003
1673084
1673132
1673143
1673181
1673270
1673293
1673347
1673353
1673367
1673511
1673608
1673626
1674055
1674090
1674275
1674488
1674618
1674687
1674762
1674819
1674852
1674892
1675095
1675202
1675374
1675413
1675460
1675492
1675496
1675626
1675642
1675892
1675908
1676018
1676022
1676181
1676442
1676457
1676543
1676597
1676621
1676652
1676786
1676925
1677018
1677082
1677096
1677103
1677263
1677346
1677360
1677391
1677447
1677509
1677516
1677753
1678001
1678120
1678191
1678247
1678354
1678366
1678389
1678644
1678674
1678758
1678836
1678985
1679008
1679031
1679200
1679264
1679381
1679626
1679890
1680107
1680135
1680477
1680574
1680588
1680619
1680707
1680770
1681069
1681131
1681305
1681329
1681558
1681704
1681764
1681866
1681979
1681987
1682045
1682285
1682286
1682287
1682391
1682539
1682617
1682663
1682670
1682781
1682839
1683011
1683017
1683198
1683214
1683255
1683274
1683566
1683806
1683873
1683888
1683899
1684043
1684062
1684126
1684169
1684226
1684351
1684376
1684454
1684789
1684810
1685151
1685155
1685297
1685316
1685448
1685474
1685540
1685596
1685658
1685708
1685749
1685781
1685809
1685827
1686102
1686157
1686180
1686211
1686437
1686447
1686454
1686510
1686799
1686859
1686932
1687229
1687258
1687268
1687396
1687488
1687496
1687581
1687610
1687730
1687780
1687828
1687940
1687994
1688163
1688236
1688271
1688386
1688422
1688989
1689032
1689327
1689453
1689488
1689574
1689661
1689773
1689809
1689846
1690052
1690173
1690214
1690280
1690461
1690628
1690655
1690687
1690698
1690718
1690799
1690917
1690984
1691076
1691250
1691331
1691341
1691465
1691509
1691575
1691681
1691687
1691713
1691851
1691888
1691928
1691942
1692020
1692046
1692412
1692524
1692611
1692643
1692734
1692847
1692990
1693064
1693554
1693582
1693695
1693850
1693975
1694046
1694142
1694174
1694184
1694271
1694315
1694377
1694476
1694506
1694515
1694525
1694590
1694715
1694750
1694774
1694780
1694909
1695068
1695072
1695206
1695248
1695252
1695277
1695316
1695345
1695390
1695428
1695740
1695750
1695774
1695867
1695975
1695999
1696005
1696106
1696131
1696181
1696188
1696244
1696562
1696610
1696644
1696745
1696859
1696892
1696957
1696966
1696980
1696992
1697091
1697120
1697271
1697372
1697394
1697426
1697592
1697696
1697719
1698199
1698237
1698462
1698607
1698615
1698668
1698698
1698781
1698793
1698893
1699064
1699140
1699238
1699274
1699275
1699314
1699441
1699524
1699566
1699577
1699599
1699679
1699873
1699948
1699963
1699965
1700056
1700153
1700154
1700224
1700317
1700405
1700448
1700473
1700529
1700807
1701180
1701243
1701427
1701459
1701527
1701734
1701878
1701890
1701939
1701944
1702004
1702193
1702245
1702300
1702319
1702323
1702340
1702357
1702622
1702650
1702729
1702760
1702771
1702803
1702944
1703044
1703049
1703203
1703218
1703472
1703535
1703594
1703644
1703728
1703778
1703806
1703819
1703833
1703843
1703871
1704108
1704130
1704174
1704249
1704332
1704378
1704414
1704418
1704477
1704510
1704523
1704547
1704612
1704621
1704718
1704893
1704903
1704917
1705143
1705204
1705215
1705271
1705468
1705576
1705698
1705704
1705829
1706056
1706109
1706220
1706512
1706568
1706636
1706659
1706701
1706722
1706775
1706777
1706922
1706958
1707174
1707308
1707315
1707383
1707448
1707461
1707643
1707770
1707853
1708045
1708206
1708341
1708353
1708510
1708531
1708641
1708787
1708846
1708867
1709011
1709113
1709124
1709165
1709193
1709241
1709383
1709412
1709420
1709443
1709515
1709551
1709639
1709686
1709722
1709868
1710057
1710203
1710205
1710273
1710281
1710404
1710462
1710652
1710985
1711032
1711347
1711396
1711624
1711638
1711660
1711791
1711808
1711845
1711857
1711889
1711933
1712176
1712177
1712285
1712337
1712409
1712471
1712770
1712804
1712999
1713033
1713038
1713128
1713300
1713322
1713329
1713337
1713356
1713679
1713740
1713799
1713824
1714017
1714060
1714065
1714167
1714198
1714215
1714240
1714466
1714562
1714755
1714797
1714984
1715161
1715173
1715198
1715409
1715460
1715577
1715584
1715714
1715845
1715893
1715972
1716036
1716085
1716137
1716188
1716314
1716349
1716358
1716462
1716537
1716649
1716712
1716750
1716759
1716900
1716904
1716909
1717033
1717323
1717371
1717383
1717460
1717619
1717946
1718292
1718365
1718372
1718408
1718464
1718568
1718717
1718729
1718760
1718772
1718797
1718811
1719013
1719152
1719155
1719274
1719287
1719475
1719509
1719517
1719927
1719945
1719950
1719966
1720161
1720383
1720389
1720530
1720650
1720767
1720867
1720923
1720988
1720995
1721035
1721154
1721186
1721238
1721323
1721572
1721681
1721797
1721835
1721844
1722109
1722130
1722281
1722345
1722427
1722471
1722635
1722651
1722653
1722685
1723086
1723125
1723344
1723392
1723489
1723565
1723583
1723648
1723687
1723769
1723900
1724033
1724073
1724226
1724309
1724369
1724449
1724638
1724948
1724986
1725191
1725343
1725382
1725431
1725453
1725499
1725760
1725899
1725978
1726109
1726173
1726303
1726357
1726558
1726659
1726667
1726668
1726689
1726699
1726749
1726769
1726834
1726843
1727039
1727078
1727211
1727343
1727391
1727414
1727460
1727495
1727608
1727639
1727675
1727679
1727752
1727790
1727793
1727905
1727967
1727971
1728054
1728131
1728143
1728507
1728567
1728622
1728635
1728723
1728846
1728964
1729183
1729284
1729292
1729412
1729435
1729449
1729466
1729493
1729992
1730122
1730215
1730322
1730345
1730356
1730432
1730445
1730459
1730520
1730533
1730574
1730662
1730784
1730803
1730849
1730855
1730899
1730921
1730925
1730981
1731062
1731132
1731264
1731266
1731309
1731335
1731411
1731500
1731582
1731861
1731868
1732067
1732172
1732191
1732265
1732285
1732375
1732421
1732431
1732439
1732492
1732663
1732696
1732728
1732768
1732799
1732916
1732985
1733002
1733109
1733267
1733374
1733460
1733626
1733635
1734014
1734028
1734034
1734058
1734116
1734161
1734289
1734508
1734670
1734781
1734844
1734919
1735057
1735084
1735139
1735223
1735379
1735465
1735478
1735484
1735766
1735802
1735898
1735900
1735946
1735967
1736104
1736223
1736281
1736339
1736420
1736458
1736504
1736660
1736704
1736968
1737000
1737049
1737094
1737096
1737429
1737438
1737594
1737752
1738028
1738185
1738307
1738380
1738581
1738748
1738832
1738852
1738908
1738970
1739030
1739256
1739271
1739386
1739419
1739467
1739495
1739515
1739591
1739724
1739764
1739823
1740048
1740064
1740155
1740342
1740416
1740440
1740443
1740455
1740526
1740743
1740746
1740761
1740825
1740925
1740934
1741100
1741263
1741292
1741334
1741472
1741503
1741576
1741675
1741796
1741890
1741918
1742219
1742261
1742322
1742513
1742527
1742730
1742836
1742897
1742981
1742993
1743032
1743242
1743434
1743435
1743814
1743839
1743845
1743913
1743941
1744018
1744059
1744066
1744075
1744198
1744219
1744348
1744369
1744491
1744536
1744680
1744682
1744750
1744803
1744899
1744948
1744990
1745132
1745190
1745251
1745334
1745364
1745456
1745480
1745523
1745824
1745867
1745934
1746009
1746128
1746263
1746420
1746495
1746742
1746982
1746984
1747211
1747393
1747412
1747654
1747835
1748033
1748083
1748117
1748132
1748157
1748170
1748243
1748258
1748287
1748305
1748379
1748390
1748472
1748570
1749017
1749039
1749165
1749172
1749199
1749242
1749301
1749389
1749572
1749637
1749727
1750148
1750224
1750259
1750381
1750436
1750671
1750695
1750822
1750940
1751162
1751183
1751368
1751555
1751718
1751869
1751893
1751975
1752017
1752210
1752282
1752342
1752388
1752430
1752528
1752662
1752688
1752693
1752694
1752715
1752728
1752894
1752895
1753059
1753077
1753091
1753119
1753275
1753308
1753347
1753389
1753415
1753493
1753541
1753580
1753594
1753664
1753910
1754084
1754100
1754221
1754253
1754843
1754898
1754955
1755018
1755117
1755379
1755483
1755542
1755696
1755906
1756038
1756216
1756416
1756440
1756514
1756577
1757091
1757150
1757245
1757351
1757379
1757470
1757482
1757596
1757693
1757895
1757937
1757982
1758144
1758689
1758730
1758922
1758929
1758942
1758961
1758979
1759090
1759099
1759159
1759168
1759217
1759449
1759544
1759664
1759760
1759957
1759961
1760030
1760140
1760171
1760198
1760264
1760345
1760404
1760433
1760455
1760504
1760598
1760685
1760864
1760884
1760918
1761000
1761168
1761225
1761400
1761577
1761729
1761745
1761807
1761913
1761994
1762169
1762217
1762306
1762356
1762440
1762444
1762828
1762831
1763007
1763038
1763207
1763266
1763366
1763566
1763607
1763737
1763751
1763897
1764017
1764225
1764271
1764285
1764357
1764485
1764501
1764563
1764614
1764664
1764883
1764887
1764925
1765311
1765354
1765383
1765550
1765653
1765680
1765685
1765691
1765771
1765847
1765853
1765857
1765938
1766024
1766171
1766248
1766266
1766327
1766373
1766468
1766562
1766654
1766721
1766734
1766919
1767198
1767268
1767322
1767324
1767387
1767540
1767584
1767642
1767709
1767724
1767730
1768121
1768259
1768307
1768394
1768407
1768441
1768522
1768613
1768631
1768745
1768748
1769059
1769114
1769189
1769316
1769380
1769400
1769751
1769775
1770175
1770347
1770432
1770439
1770595
1770600
1770711
1770733
1770903
1771014
1771209
1771267
1771326
1771435
1771505
1771643
1771819
1771854
1771860
1771909
1771932
1772109
1772296
1772362
1772381
1772416
1772446
1772621
1772647
1772763
1772910
1772946
1773133
1773144
1773160
1773175
1773255
1773297
1773418
1773468
1773807
1773950
1773971
1774008
1774145
1774204
1774251
1774279
1774492
1774557
1774701
1774851
1775092
1775172
1775193
1775226
1775235
1775281
1775618
1775737
1775782
1775955
1775962
1775971
1776066
1776192
1776193
1776219
1776340
1776346
1776385
1776487
1776494
1776581
1776653
1776669
1776708
1776770
1776827
1776838
1776929
1776953
1776989
1777195
1777317
1777394
1777455
1777502
1777634
1777687
1777715
1777783
1777848
1777912
1777966
1777978
1778325
1778443
1778460
1778833
1778876
1778963
1779161
1779263
1779360
1779462
1779484
1779558
1779665
1779714
1779778
1779810
1780040
1780095
1780177
1780197
1780210
1780321
1780343
1780385
1780664
1780729
1780912
1781031
1781054
1781057
1781127
1781215
1781238
1781249
1781283
1781466
1781500
1781531
1781603
1781642
1781656
1781728
1781746
1781818
1781884
1782043
1782388
1782435
1782462
1782537
1782588
1782677
1782697
1782760
1782808
1783351
1783520
1783534
1783635
1783765
1783856
1783959
1784055
1784065
1784088
1784156
1784193
1784207
1784215
1784238
1784260
1784318
1784386
1784449
1784475
1784532
1784597
1785030
1785071
1785235
1785411
1785457
1785468
1785586
1785621
1785628
1785668
1785735
1785815
1785972
1786073
1786128
1786154
1786259
1786362
1786398
1786418
1786570
1786786
1787021
1787050
1787119
1787154
1787205
1787237
1787464
1787465
1787495
1787538
1787683
1787766
1788125
1788213
1788253
1788561
1788707
1788795
1789084
1789100
1789109
1789203
1789231
1789311
1789314
1789393
1789431
1789436
1789494
1789540
1789546
1789701
1789807
1789826
1789896
1790044
1790051
1790213
1790297
1790355
1790699
1790803
1790857
1790884
1790916
1790921
1791005
1791155
1791534
1791582
1791744
1791782
1791895
1792205
1792382
1792439
1792477
1792504
1792523
1792539
1792555
1792657
1792674
1792682
1792835
1792882
1792886
1792899
1792949
1793064
1793160
1793170
1793237
1793327
1793424
1793429
1793484
1793494
1793503
1793553
1793623
1793634
1793652
1793687
1793696
1794119
1794240
1794427
1794469
1794870
1795224
1795344
1795364
1795367
1795379
1795600
1795662
1795835
1795977
1796076
1796197
1796213
1796233
1796250
1796263
1796307
1796386
1796411
1796453
1796550
1796970
1796979
1797019
1797059
1797073
1797112
1797162
1797649
1797660
1797754
1797790
1797801
1797868
1797894
1798037
1798149
1798158
1798316
1798327
1798383
1798487
1798499
1798509
1798519
1798756
1798812
1798921
1798992
1799065
1799167
1799284
1799337
1799443
1799561
1799582
1799714
1799794
1799944
1800192
1800440
1800452
1800492
1800508
1800546
1800792
1800804
1800883
1800889
1800935
1800976
1801021
1801068
1801096
1801331
1801404
1801457
1801531
1801595
1801617
1801638
1801647
1801771
1801808
1802119
1802137
1802207
1802307
1802316
1802339
1802436
1802485
1803022
1803263
1803321
1803433
1803517
1803524
1803882
1803900
1803962
1804039
1804242
1804339
1804486
1804598
1804601
1804812
1804827
1804851
1804924
1805034
1805047
1805271
1805298
1805398
1805460
1805554
1805808
1805836
1805886
1805910
1805920
1806004
1806072
1806155
1806240
1806337
1806572
1806584
1806719
1807045
1807186
1807331
1807384
1807387
1807424
1807458
1807592
1807623
1807702
1807731
1807778
1807911
1807931
1807992
1808233
1808344
1808400
1808410
1808419
1808432
1808738
1808748
1808780
1808791
1809131
1809295
1809305
1809322
1809713
1809752
1809784
1809927
1809948
1810246
1810324
1810329
1810397
1810544
1810573
1810686
1810786
1810801
1811059
1811083
1811119
1811328
1811339
1811361
1811605
1811667
1812039
1812049
1812166
1812237
1812330
1812756
1812859
1813051
1813158
1813200
1813288
1813459
1813640
1813748
1813756
1813912
1814007
1814026
1814039
1814053
1814143
1814148
1814495
1814644
1814702
1814904
1815066
1815086
1815104
1815148
1815211
1815249
1815361
1815515
1815573
1815609
1815619
1815796
1815813
1815961
1816123
1816227
1816333
1816385
1816410
1816470
1816525
1816550
1816569
1816693
1816790
1816809
1816828
1816877
1816965
1817143
1817167
1817217
1817220
1817251
1817311
1817351
1817395
1817599
1817629
1817646
1817977
1818022
1818037
1818050
1818192
1818202
1818217
1818440
1818596
1818746
1818846
1818862
1818921
1818936
1819099
1819134
1819184
1819190
1819265
1819400
1819431
1819482
1819510
1819600
1819602
1819626
1819632
1819735
1819861
1819896
1819982
1820111
1820179
1820264
1820332
1820337
1820348
1820355
1820381
1820487
1820726
1820897
1820953
1821047
1821305
1821607
1821907
1822261
1822320
1822432
1822499
1822515
1822557
1822598
1822717
1822737
1822819
1822996
1823143
1823216
1823308
1823314
1823668
1823705
1823755
1823950
1823957
1824052
1824097
1824145
1824170
1824317
1824348
1824372
1824468
1824471
1824652
1824654
1824745
1824910
1825435
1825444
1825619
1825720
1825731
1825740
1825836
1825940
1825977
1826080
1826097
1826472
1826529
1826603
1826667
1826906
1826918
1826920
1826934
1827050
1827302
1827358
1827452
1827507
1827569
1827610
1827879
1827908
1828087
1828135
1828191
1828255
1828273
1828487
1828689
1828719
1828732
1828927
1828961
1829063
1829132
1829265
1829291
1829329
1829344
1829393
1829429
1829437
1829447
1829476
1829485
1829506
1829642
1829709
1829786
1829791
1829821
1829828
1829834
1829872
1830114
1830307
1830374
1830483
1830589
1830595
1830624
1831087
1831096
1831157
1831298
1831338
1831390
1831718
1831776
1831788
1831876
1832207
1832211
1832301
1832514
1832517
1832771
1832999
1833129
1833148
1833335
1833371
1833530
1833567
1833581
1833713
1833788
1833879
1834086
1834322
1834346
1834372
1834427
1834453
1834501
1834637
1834649
1834739
1834846
1834914
1834957
1835076
1835271
1835332
1835469
1835546
1835562
1835671
1835695
1835797
1836025
1836055
1836499
1836536
1836540
1836576
1836604
1836697
1836759
1836778
1836872
1836887
1836895
1837272
1837461
1837619
1837644
1837658
1837838
1837939
1838102
1838238
1838293
1838342
1838408
1838709
1838852
1839022
1839151
1839345
1839487
1839697
1839855
1840065
1840085
1840275
1840438
1840439
1840597
1840713
1840771
1840831
1840942
1840957
1841020
1841059
1841078
1841372
1841405
1841613
1841700
1841983
1842360
1842612
1842740
1842788
1842799
1842891
1842899
1842978
1843054
1843107
1843119
1843292
1843323
1843338
1843583
1843669
1843691
1843812
1843840
1843938
1844070
1844160
1844168
1844307
1844415
1844585
1844643
1844671
1844749
1844767
1844782
1844903
1844970
1844988
1845279
1845287
1845326
1845340
1845343
1845350
1845367
1845534
1845676
1845758
1845922
1845998
1846045
1846094
1846118
1846212
1846221
1846292
1846455
1846481
1846584
1846812
1847280
1847396
1847594
1848012
1848040
1848088
1848137
1848186
1848194
1848251
1848285
1848429
1848445
1848699
1848973
1848993
1848994
1849003
1849122
1849164
1849222
1849325
1849636
1849678
1849697
1850081
1850177
1850260
1850329
1850351
1850407
1850438
1850492
1850573
1850723
1850735
1850755
1850836
1851635
1851860
1851915
1851984
1851988
1852019
1852062
1852205
1852216
1852319
1852517
1852520
1852639
1852789
1852891
1852972
1853052
1853058
1853065
1853095
1853115
1853204
1853297
1853345
1853438
1853698
1853854
1854005
1854151
1854237
1854496
1854613
1854762
1854785
1854807
1854847
1854856
1854888
1854994
1855131
1855255
1855264
1855414
1855465
1855608
1855659
1855757
1855869
1855955
1856006
1856149
1856292
1856321
1856455
1856524
1856605
1856784
1856789
1856805
1856891
1856912
1856930
1856969
1857445
1857457
1857551
1857607
1857652
1857707
1857712
1857919
1857965
1858141
1858190
1858224
1858342
1858432
1858694
1858910
1858973
1858993
1859054
1859110
1859328
1859406
1859425
1860016
1860079
1860439
1860511
1860682
1860710
1860754
1860980
1861183
1861192
1861457
1861549
1861794
1861905
1861979
1862279
1862513
1862524
1862637
1862720
1862757
1862864
1862870
1862945
1863036
1863141
1863177
1863318
1863322
1863524
1863558
1863564
1863587
1863649
1863762
1863795
1863915
1863951
1863978
1864009
1864068
1864118
1864219
1864274
1864794
1864922
1864928
1865361
1865470
1865503
1865543
1865554
1865576
1865600
1865689
1865755
1866259
1866349
1866437
1866646
1866825
1866850
1866917
1867164
1867202
1867309
1867567
1867602
1867615
1867709
1867781
1867783
1867799
1867876
1867900
1867972
1868023
1868031
1868260
1868278
1868324
1868683
1868771
1868896
1868917
1868957
1868999
1869091
1869479
1869498
1869506
1869564
1869710
1869913
1869927
1869939
1870045
1870081
1870132
1870250
1870273
1870282
1870352
1870372
1870407
1870479
1870532
1870636
1871008
1871113
1871159
1871190
1871224
1871237
1871309
1871324
1871501
1871754
1871795
1871888
1871965
1872123
1872204
1872341
1872380
1872523
1872808
1872870
1872883
1872959
1873023
1873249
1873258
1873525
1873620
1873830
1873887
1873926
1873999
1874062
1874115
1874357
1874510
1874563
1874620
1874699
1874731
1874936
1874965
1875093
1875105
1875162
1875184
1875203
1875286
1875694
1875727
1875827
1875874
1875897
1875947
1875998
1876405
1876551
1876561
1876575
1876586
1876656
1876888
1877023
1877045
1877250
1877328
1877360
1877488
1877624
1877675
1877837
1877902
1878074
1878131
1878599
1878693
1878803
1878854
1878895
1878972
1879107
1879197
1879237
1879264
1879367
1879379
1879459
1879510
1879562
1879593
1879698
1879819
1879912
1880023
1880183
1880282
1880290
1880350
1880398
1880460
1880693
1880734
1880742
1880837
1881013
1881022
1881121
1881200
1881243
1881417
1881660
1881716
1881734
1881741
1881804
1881837
1881921
1882076
1882080
1882169
1882185
1882321
1882379
1882536
1882716
1882754
1883103
1883131
1883156
1883189
1883255
1883269
1883569
1883614
1883658
1883887
1883898
1883907
1883926
1884037
1884152
1884444
1884508
1884623
1884794
1884858
1884939
1885032
1885192
1885204
1885228
1885241
1885279
1885422
1885510
1885527
1885534
1885830
1885876
1885885
1885989
1885994
1886066
1886067
1886092
1886152
1886221
1886364
1886396
1886465
1886544
1886614
1886661
1886725
1886765
1886863
1886940
1886944
1887119
1887186
1887199
1887217
1887318
1887330
1887344
1887397
1887833
1888119
1888175
1888209
1888215
1888283
1888410
1888646
1888706
1888841
1888845
1888859
1888878
1888891
1888904
1889048
1889121
1889457
1889461
1889610
1889611
1889740
1889771
1889776
1889788
1889803
1889847
1889989
1890091
1890181
1890343
1890621
1890633
1890648
1890727
1890880
1891005
1891044
1891484
1891516
1891700
1891843
1891859
1891888
1891906
1892223
1892286
1892311
1892332
1892344
1892504
1892549
1892671
1892955
1892966
1893011
1893016
1893087
1893177
1893361
1893548
1893666
1893703
1893726
1893776
1893830
1893867
1893986
1894084
1894092
1894113
1894264
1894459
1894471
1894516
1894613
1894667
1894702
1894739
1894743
1894750
1894767
1894915
1894921
1895129
1895177
1895185
1895328
1895548
1895626
1895654
1895725
1895832
1895951
1896058
1896079
1896138
1896305
1896459
1896495
1896596
1896690
1896808
1896860
1896927
1897152
1897184
1897224
1897341
1897462
1897483
1897512
1897594
1897625
1897709
1897848
1897855
1897918
1897933
1897984
1897999
1898238
1898353
1898476
1898676
1898682
1899039
1899164
1899203
1899262
1899270
1899332
1899414
1899493
1899528
1899554
1899588
1899701
1899820
1899836
1899843
1899872
1899895
1899959
1900238
1900296
1900404
1900454
1900482
1900599
1900847
1900969
1901079
1901114
1901265
1901382
1901411
1901464
1901625
1901754
1901871
1901977
1902100
1902110
1902147
1902184
1902437
1902439
1902472
1902547
1902709
1903074
1903350
1903608
1903753
1904084
1904120
1904135
1904167
1904183
1904348
1904426
1904602
1904631
1904655
1904685
1904687
1904730
1904738
1904933
1904952
1904954
1905064
1905090
1905166
1905425
1905522
1905571
1905626
1905664
1906124
1906206
1906352
1906403
1906472
1906543
1906796
1906826
1906894
1906944
1907125
1907203
1907252
1907264
1907365
1907421
1907663
1907762
1907846
1908082
1908169
1908196
1908267
1908418
1908479
1908511
1908929
1909047
1909069
1909125
1909187
1909247
1909270
1909285
1909312
1909338
1909390
1909497
1909499
1909570
1909789
1909798
1909804
1909891
1909934
1909987
1910039
1910147
1910307
1910344
1910455
1910495
1910536
1910684
1910774
1911026
1911143
1911240
1911292
1911311
1911334
1911543
1911581
1911593
1911714
1911960
1911966
1912211
1912226
1912330
1912381
1912407
1912413
1912447
1912460
1912576
1912597
1912681
1912948
1913232
1913554
1913641
1913717
1913751
1913808
1913825
1913979
1914219
1914296
1914708
1914827
1914850
1915061
1915206
1915291
1915400
1915412
1915542
1915601
1915626
1915729
1915828
1915853
1915990
1916161
1916175
1916181
1916286
1916722
1916725
1917075
1917193
1917256
1917276
1917292
1917390
1917479
1917550
1917831
1917925
1918052
1918064
1918085
1918097
1918163
1918173
1918180
1918215
1918243
1918574
1918684
1918711
1919041
1919264
1919289
1919336
1919392
1919402
1919456
1919505
1919555
1920508
1920566
1920643
1920929
1921189
1921223
1921225
1921482
1921495
1921567
1921575
1921816
1921890
1921955
1922100
1922412
1922479
1922490
1922566
1922627
1922709
1922790
1922899
1922906
1922933
1923028
1923078
1923211
1923330
1923431
1923501
1923517
1923562
1923666
1923683
1923765
1923973
1923980
1924066
1924245
1924314
1924322
1924353
1924620
1924702
1924713
1924724
1925121
1925125
1925208
1925265
1925320
1925502
1925583
1925761
1925765
1925873
1925946
1925998
1926134
1926155
1926299
1926303
1926450
1926536
1926688
1926807
1926985
1927338
1927367
1927397
1927514
1927590
1927595
1927631
1927780
1927893
1927911
1927925
1928374
1928397
1928498
1928546
1928594
1928703
1928778
1928801
1928839
1928970
1929177
1929211
1929386
1929410
1929507
1929585
1929627
1929660
1929694
1929751
1929794
1929955
1930009
1930032
1930066
1930215
1930273
1930512
1930683
1930902
1930915
1931135
1931164
1931166
1931257
1931319
1931339
1931447
1931482
1931582
1931594
1931796
1931948
1931956
1931965
1932060
1932071
1932076
1932082
1932210
1932423
1932540
1932580
1932678
1932719
1932811
1932897
1933075
1933196
1933216
1933218
1933301
1933567
1933586
1933626
1933742
1934139
1934201
1934226
1934245
1934277
1934334
1934456
1934685
1934812
1934856
1935096
1935285
1935397
1935502
1935531
1935583
1935750
1935784
1935891
1936091
1936093
1936132
1936218
1936248
1936260
1936275
1936451
1936589
1936715
1936802
1936817
1937187
1937228
1937371
1937386
1937467
1937611
1937648
1937677
1937709
1937748
1937824
1937841
1937893
1938008
1938097
1938159
1938176
1938199
1938230
1938349
1938635
1938705
1938879
1938964
1939060
1939105
1939547
1939590
1939720
1939835
1939860
1939933
1939956
1940271
1940349
1940361
1940461
1940565
1940740
1940766
1940816
1940906
1941125
1941223
1941539
1941565
1941791
1942107
1942222
1942271
1942319
1942337
1942372
1942399
1942446
1942570
1942588
1942613
1942635
1942764
1942860
1942977
1943151
1943244
1943310
1943346
1943619
1943657
1943729
1943829
1943960
1944042
1944073
1944146
1944386
1944431
1944578
1944615
1944617
1944713
1944732
1944764
1944775
1944837
1944977
1945320
1945438
1945623
1945634
1945672
1945754
1945815
1945962
1946115
1946138
1946166
1946170
1946237
1946330
1946385
1946847
1947023
1947362
1947391
1947506
1947522
1947615
1947699
1947706
1947757
1947853
1948005
1948237
1948294
1948307
1948318
1948322
1948414
1948426
1948616
1948627
1948664
1948708
1948768
1948813
1948904
1948930
1949009
1949089
1949213
1949341
1949605
1949647
1949702
1949740
1949761
1949810
1949890
1949913
1949957
1950078
1950117
1950295
1950315
1950461
1950551
1950664
1950722
1950748
1950793
1950811
1950912
1951099
1951287
1951304
1951376
1951575
1951590
1951592
1951602
1951733
1952013
1952023
1952037
1952116
1952298
1952363
1952484
1952814
1952880
1952920
1952971
1953175
1953240
1953473
1953490
1953656
1953684
1953770
1953776
1953789
1953847
1953968
1954059
1954130
1954246
1954289
1954346
1954525
1954775
1954865
1954915
1954937
1954949
1954974
1955084
1955228
1955252
1955293
1955358
1955497
1955539
1955609
1955620
1955673
1955731
1955811
1955858
1955864
1956147
1956227
1956236
1956335
1956440
1956602
1956646
1956992
1957066
1957120
1957147
1957202
1957434
1957492
1957578
1957603
1957638
1957663
1957776
1957862
1957920
1958052
1958067
1958074
1958110
1958126
1958136
1958318
1958353
1958432
1958470
1958506
1958657
1958688
1958692
1958712
1958725
1958737
1958762
1958821
1958831
1958935
1959005
1959049
1959068
1959092
1959095
1959119
1959150
1959546
1959664
1959698
1959936
1959994
1960088
1960122
1960208
1960302
1960309
1960337
1960739
1960828
1960893
1960907
1960951
1961013
1961044
1961329
1961561
1961598
1961702
1961737
1961797
1961861
1961874
1961882
1962083
1962101
1962109
1962162
1962372
1962569
1962972
1963116
1963173
1963386
1963495
1963591
1963637
1963709
1963837
1963901
1964206
1964250
1964276
1964293
1964437
1964510
1964526
1964576
1964609
1964678
1964739
1965023
1965057
1965227
1965747
1965764
1965843
1965965
1966047
1966068
1966186
1966215
1966435
1966615
1966698
1966776
1966832
1966838
1967123
1967128
1967432
1967433
1967448
1967496
1967520
1967531
1967583
1967629
1967666
1967807
1967848
1968017
1968097
1968146
1968205
1968237
1968298
1968339
1968368
1968442
1968454
1968511
1968517
1968637
1968646
1968849
1968974
1968992
1969026
1969050
1969132
1969374
1969482
1969563
1969626
1969727
1969791
1969801
1969805
1969840
1969849
1969859
1969914
1970097
1970113
1970294
1970449
1970571
1970657
1970683
1970848
1970920
1971108
1971281
1971404
1971654
1971930
1972192
1972276
1972308
1972350
1972420
1972554
1972617
1972764
1972789
1972917
1973115
1973181
1973453
1973460
1973514
1973568
1973653
1973658
1973690
1973929
1973944
1974214
1974350
1974379
1974390
1974485
1974487
1974496
1974591
1974737
1975011
1975254
1975265
1975467
1975609
1975638
1975739
1975757
1975919
1976019
1976076
1976087
1976195
1976216
1976490
1976575
1976578
1976582
1976645
1976712
1976714
1977109
1977121
1977243
1977439
1977442
1977447
1977574
1977642
1977668
1977758
1977767
1977798
1977902
1977970
1978248
1978332
1978337
1978343
1978347
1978426
1978430
1978441
1978580
1978611
1978621
1978677
1978711
1978858
1978926
1978992
1979007
1979035
1979036
1979189
1979327
1979441
1979453
1979490
1979571
1979708
1979724
1979727
1979819
1979929
1980032
1980106
1980229
1980379
1980393
1980417
1980537
1980822
1980871
1980896
1980919
1980997
1981008
1981193
1981235
1981381
1981388
1981515
1981517
1981538
1981686
1981719
1981724
1981798
1981864
1981876
1981894
1981988
1982049
1982108
1982153
1982461
1982499
1982503
1982803
1982877
1982884
1982953
1983072
1983166
1983235
1983508
1983594
1983646
1983688
1983714
1983732
1983802
1983854
1983919
1983978
1984093
1984171
1984237
1984245
1984278
1984326
1984470
1984637
1984683
1984736
1984772
1984837
1984839
1984863
1984973
1985046
1985088
1985334
1985351
1985447
1985477
1985622
1985670
1985690
1985778
1985853
1985959
1985975
1986088
1986113
1986218
1986305
1986420
1986439
1986450
1986469
1986507
1986594
1986634
1986714
1986725
1986866
1986871
1986917
1986968
1987003
1987291
1987503
1987847
1987877
1987946
1988040
1988044
1988095
1988096
1988135
1988222
1988375
1988417
1988529
1988578
1988710
1988815
1988849
1988864
1988954
1989143
1989146
1989176
1989187
1989318
1989456
1989594
1989647
1989727
1989752
1989797
1989908
1989933
1990051
1990088
1990213
1990373
1990395
1990409
1990632
1990703
1990720
1990812
1990822
1990824
1990843
1991036
1991070
1991191
1991228
1991277
1991286
1991361
1991402
1991409
1991425
1991602
1991621
1991806
1991811
1991853
1991905
1991956
1992011
1992032
1992148
1992330
1992360
1992468
1992571
1992591
1992744
1992763
1992844
1992866
1993110
1993221
1993268
1993407
1993800
1993856
1993885
1993956
1994051
1994254
1994323
1994349
1994368
1994384
1994488
1994635
1994641
1994649
1994656
1994830
1994966
1995045
1995101
1995222
1995261
1995351
1995551
1995844
1995876
1995879
1995963
1995998
1996032
1996034
1996053
1996321
1996350
1996569
1996638
1996756
1996760
1996839
1997056
1997079
1997330
1997437
1997502
1997710
1997784
1997815
1997822
1997949
1997962
1997975
1998012
1998022
1998676
1998878
1998897
1998985
1999076
1999138
1999245
1999430
1999555
1999578
1999616
1999641
1999646
1999751
1999803
1999828
1999912
1999977
2000089
2000249
2000256
2000465
2000490
2000523
2000533
2000659
2000772
2000816
2000834
2000840
2001015
2001067
2001069
2001104
2001120
2001250
2001264
2001343
2001383
2001482
2001508
2001536
2001621
2001748
2001910
2001995
2002007
2002413
2002475
2002577
2002684
2002713
2002794
2002942
2003035
2003050
2003071
2003281
2003439
2003443
2003471
2003554
2003569
2003630
2003756
2003817
2004000
2004044
2004149
2004248
2004299
2004433
2004609
2004738
2004976
2005463
2005497
2005603
2005689
2005758
2005832
2005866
2005957
2006292
2006760
2006935
2007042
2007047
2007547
2007676
2007911
2007923
2008112
2008118
2008145
2008164
2008195
2008359
2008396
2008464
2008478
2008502
2008742
2008773
2008811
2009208
2009258
2009360
2009380
2009436
2009597
2009907
2009912
2009927
2009930
2009996
2010049
2010070
2010088
2010098
2010187
2010237
2010261
2010276
2010412
2010585
2010606
2010613
2010710
2010881
2011090
2011093
2011133
2011326
2011362
2011393
2011429
2011584
2011916
2011948
2012063
2012178
2012321
2012481
2012509
2012510
2012585
2012762
2012857
2012862
2012960
2012972
2012995
2013038
2013099
2013130
2013383
2013507
2013510
2013706
2013992
2014017
2014069
2014116
2014152
2014154
2014220
2014337
2014341
2014513
2014608
2014713
2015040
2015064
2015202
2015220
2015244
2015397
2015580
2015617
2015634
2015751
2015775
2015862
2015865
2015887
2015967
2015994
2015998
2016048
2016098
2016274
2016286
2016345
2016367
2016498
2016649
2016666
2016877
2016880
2016904
2016955
2017250
2017255
2017329
2017434
2017532
2017796
2017845
2017871
2018009
2018035
2018089
2018098
2018152
2018191
2018280
2018437
2018522
2018562
2018653
2018837
2018872
2018925
2019059
2019195
2019418
2019486
2019744
2019933
2019956
2020036
2020159
2020192
2020487
2020798
2020821
2020909
2020991
2021174
2021214
2021268
2021416
2021472
2021505
2021650
2021739
2021769
2021832
2021855
2021870
2022146
2022187
2022213
2022233
2022273
2022593
2022712
2022832
2022885
2023090
2023205
2023274
2023281
2023395
2023420
2023807
2023836
2023931
2024033
2024130
2024209
2024214
2024389
2024503
2024662
2024713
2024729
2024745
2024791
2024891
2024953
2025032
2025212
2025225
2025235
2025323
2025463
2025502
2025510
2025546
2025665
2025922
2025957
2026068
2026126
2026270
2026287
2026457
2026590
2026599
2026639
2027093
2027094
2027115
2027499
2027534
2027554
2027563
2027581
2027735
2027822
2027884
2028113
2028248
2028292
2028384
2028790
2028989
2029241
2029483
2029523
2029697
2029714
2029768
2029916
2029952
2030088
2030202
2030231
2030248
2030565
2030618
2030656
2030689
2030740
2030822
2030877
2030908
2030953
2031042
2031076
2031079
2031286
2031356
2031974
2032157
2032213
2032238
2032461
2032507
2032584
2032612
2032679
2032733
2032991
2033003
2033020
2033060
2033183
2033229
2033237
2033285
2033326
2033393
2033477
2033483
2033496
2033548
2033610
2033658
2033738
2033851
2033853
2033859
2033977
2034069
2034156
2034200
2034259
2034317
2034403
2034599
2034650
2034803
2034837
2034845
2034869
2034932
2034954
2034998
2035139
2035273
2035445
2035471
2035514
2035606
2035639
2035653
2035666
2035773
2035888
2035934
2035975
2035996
2036147
2036151
2036173
2036599
2036673
2036695
2036736
2036745
2036823
2036846
2036896
2037045
2037104
2037205
2037273
2037482
2037493
2037524
2037700
2037727
2037846
2037867
2037974
2038112
2038185
2038342
2038379
2038678
2038942
2038995
2039005
2039044
2039210
2039231
2039312
2039404
2039486
2039584
2039593
2039609
2039653
2039669
2039893
2039897
2040080
2040198
2040236
2040524
2040627
2040706
2040789
2040913
2040935
2041072
2041130
2041382
2041431
2041531
2041616
2041700
2041722
2041758
2041946
2042017
2042077
2042105
2042113
2042279
2042318
2042561
2042587
2042615
2042690
2042694
2042801
2042874
2043066
2043130
2043190
2043236
2043416
2043489
2043534
2043564
2043596
2043728
2043846
2044021
2044101
2044216
2044271
2044339
2044390
2044486
2044721
2044770
2044806
2044813
2044828
2044869
2044899
2044929
2045046
2045064
2045128
2045186
2045331
2045413
2045451
2045469
2045709
2045715
2045728
2045819
2045853
2045908
2046048
2046110
2046236
2046381
2046395
2046428
2046500
2046535
2046548
2046695
2046737
2046853
2046897
2046989
2046999
2047640
2047660
2048001
2048072
2048269
2048296
2048389
2048418
2048423
2048442
2048454
2048462
2048731
2049046
2049113
2049133
2049167
2049229
2049277
2049334
2049361
2049408
2049525
2049659
2049662
2049671
2049828
2049890
2049902
2049977
2050187
2050351
2050358
2050442
2050593
2050602
2050834
2050856
2050908
2051115
2051364
2051424
2051443
2051569
2051615
2051663
2051844
2051890
2052195
2052255
2052279
2052626
2052805
2052813
2052827
2052853
2052874
2052988
2053069
2053075
2053347
2053539
2053574
2053719
2053781
2053791
2053818
2053993
2054175
2054316
2054419
2054491
2054543
2054581
2054757
2054840
2054945
2054967
2055039
2055098
2055217
2055260
2055275
2055415
2055458
2055700
2055950
2056086
2056248
2056259
2056327
2056463
2056489
2056512
2056535
2056585
2056588
2056626
2056628
2056658
2056747
2056761
2056848
2056856
2057056
2057073
2057146
2057165
2057314
2057349
2057358
2057416
2057523
2057616
2057663
2057678
2057745
2057749
2057810
2057859
2058361
2058484
2058541
2058687
2058706
2059000
2059122
2059310
2059598
2059845
2059881
2060050
2060082
2060400
2060432
2060583
2060836
2060932
2060969
2061033
2061157
2061178
2061230
2061301
2061401
2061523
2061617
2061753
2061795
2061901
2061938
2061961
2061984
2062049
2062062
2062126
2062131
2062135
2062216
2062305
2062333
2062356
2062448
2062500
2062523
2062621
2062789
2063218
2063324
2063367
2063564
2063573
2063635
2063703
2063743
2063764
2063767
2063844
2063855
2063926
2064135
2064280
2064282
2064304
2064484
2064496
2064538
2064589
2064637
2064644
2064652
2064707
2064849
2065079
2065121
2065258
2065319
2065398
2065447
2065457
2065458
2065503
2065506
2065538
2065589
2065675
2065763
2065974
2066008
2066114
2066138
2066256
2066292
2066338
2066612
2066887
2066930
2066939
2067225
2067264
2067287
2067559
2067561
2067584
2067718
2067767
2067873
2067929
2068020
2068026
2068103
2068127
2068159
2068463
2068470
2068511
2068617
2068656
2068721
2068759
2069024
2069077
2069112
2069140
2069200
2069260
2069262
2069365
2069427
2069513
2069686
2069741
2069772
2069780
2069953
2069987
2070040
2070051
2070074
2070093
2070108
2070122
2070281
2070510
2070687
2070890
2070956
2071057
2071127
2071198
2071420
2071460
2071503
2071543
2071628
2071682
2071757
2071864
2071903
2072098
2072153
2072232
2072294
2072468
2072491
2072571
2072608
2072628
2072804
2072914
2072966
2073021
2073079
2073305
2073436
2073464
2073603
2073678
2073700
2073906
2074087
2074099
2074215
2074264
2074300
2074412
2074424
2074446
2074603
2074610
2074659
2074675
2074707
2074733
2074784
2075001
2075072
2075263
2075275
2075464
2075513
2075667
2075673
2075693
2075743
2075754
2075857
2076108
2076134
2076275
2076587
2076653
2076665
2076770
2077253
2077269
2077394
2077395
2077453
2077461
2077556
2077585
2077700
2077917
2077984
2078034
2078041
2078044
2078167
2078491
2078502
2078547
2078556
2078618
2078649
2078766
2079182
2079212
2079275
2079313
2079379
2079411
2079448
2079502
2079600
2079721
2079726
2079877
2080038
2080072
2080153
2080215
2080291
2080457
2080874
2080880
2081124
2081208
2081247
2081259
2081422
2081505
2081553
2081582
2081768
2081926
2081997
2082131
2082146
2082148
2082278
2082370
2082463
2082662
2082727
2082735
2082759
2082887
2082948
2082965
2083084
2083182
2083710
2083713
2084069
2084289
2084330
2084359
2084496
2084827
2084896
2085031
2085099
2085124
2085360
2085391
2085439
2085459
2085582
2085593
2085605
2085663
2085672
2085674
2085680
2085706
2085746
2085801
2085901
2086177
2086252
2086256
2086260
2086308
2086357
2086600
2086689
2086753
2086754
2086856
2086932
2087101
2087329
2087397
2087460
2087691
2087714
2087778
2088198
2088259
2088269
2088317
2088482
2088514
2088784
2088853
2088861
2088991
2088996
2089188
2089266
2089300
2089313
2089641
2089756
2089895
2089908
2089950
2090036
2090037
2090043
2090068
2090115
2090418
2090591
2090620
2090691
2090695
2090953
2090997
2091049
2091091
2091103
2091113
2091147
2091199
2091230
2091256
2091281
2091347
2091392
2091599
2091654
2091733
2091756
2091782
2091852
2092008
2092022
2092029
2092113
2092421
2092422
2092549
2092689
2092905
2092932
2092947
2093115
2093167
2093177
2093208
2093239
2093301
2093306
2093338
2093373
2093414
2093524
2093702
2093735
2093832
2093846
2093891
2093901
2093961
2093992
2094010
2094101
2094159
2094303
2094495
2094535
2094622
2094718
2094742
2094861
2094949
2095124
2095238
2095277
2095426
2096071
2096083
2096118
2096232
2096353
2096425
2096431
2096527
2096746
2096787
2096883
2096918
2096924
2096946
2097059
2097130
2097424
2097481
2097509
2097612
2097668
2097690
2097735
2097744
2097903
2097948
2098119
2098138
2098155
2098248
2098377
2098385
2098392
2098445
2098511
2098829
2098841
2099013
2099212
2099296
2099340
2099395
2099422
2099429
2099461
2099535
2099538
2099553
2099696
2099924
2099977
2100067
2100117
2100240
2100326
2100486
2100520
2100625
2100684
2100711
2100740
2100745
2100862
2100869
2100906
2100919
2101025
2101068
2101159
2101236
2101283
2101320
2101339
2101388
2101424
2101567
2101663
2101700
2101745
2101788
2101817
2101914
2101938
2102013
2102022
2102024
2102101
2102182
2102221
2102288
2102376
2102455
2102493
2102533
2103106
2103270
2103446
2103565
2103645
2103681
2104026
2104254
2104512
2104632
2104651
2104698
2104802
2104929
2105013
2105021
2105084
2105335
2105407
2105421
2105459
2105590
2105618
2105906
2106037
2106079
2106149
2106205
2106336
2106536
2106551
2106555
2106564
2106707
2106839
2106845
2106972
2107027
2107054
2107095
2107273
2107298
2107303
2107514
2107602
2107649
2107717
2107946
2108001
2108102
2108292
2108347
2108358
2108366
2108800
2108862
2108891
2108954
2109077
2109149
2109170
2109185
2109283
2109343
2109486
2109488
2109593
2109668
2109774
2109894
2109965
2110069
2110266
2110705
2110727
2110825
2110831
2110904
2111074
2111114
2111142
2111415
2111606
2111715
2111723
2111807
2112011
2112338
2112382
2112567
2112579
2112588
2112597
2112648
2112674
2112709
2112882
2112970
2112980
2112999
2113135
2113142
2113219
2113515
2113547
2113790
2113892
2113932
2114034
2114065
2114155
2114165
2114190
2114199
2114227
2114365
2114389
2114426
2114525
2114565
2114576
2114637
2114657
2114798
2114956
2114984
2115103
2115144
2115201
2115257
2115339
2115344
2115481
2115673
2115716
2115776
2115965
2115987
2116007
2116101
2116122
2116281
2116319
2116330
2116425
2116493
2116633
2116672
2116676
2116816
2116838
2116907
2116908
2116958
2117022
2117082
2117239
2117300
2117324
2117408
2117498
2117647
2117747
2117776
2117830
2117958
2117967
2118047
2118221
2118316
2118417
2118466
2118489
2118565
2118593
2118646
2118738
2118909
2119082
2119097
2119275
2119371
2119528
2119657
2119758
2119761
2119831
2119920
2119949
2120119
2120377
2120406
2120505
2120662
2120743
2120881
2120893
2121009
2121124
2121170
2121352
2121355
2121476
2121640
2121679
2121762
2121873
2121889
2121912
2121940
2122003
2122168
2122205
2122259
2122337
2122501
2122521
2122612
2122897
2122912
2123268
2123295
2123463
2123763
2123930
2123957
2123992
2124125
2124161
2124191
2124256
2124374
2124404
2124410
2124605
2124628
2124710
2124755
2124834
2124853
2124908
2125014
2125471
2125510
2125573
2125871
2125974
2126054
2126129
2126185
2126333
2126408
2126454
2126457
2126489
2126680
2126703
2126804
2126864
2126880
2126897
2127036
2127089
2127169
2127363
2127439
2127514
2127537
2127677
2127776
2127806
2127860
2127892
2127911
2128050
2128118
2128199
2128259
2128370
2128391
2128449
2128597
2128609
2128701
2128833
2128990
2129014
2129213
2129222
2129224
2129323
2129335
2129442
2129516
2129603
2129609
2129626
2129752
2129825
2130003
2130016
2130173
2130200
2130254
2130280
2130298
2130432
2130436
2130465
2130505
2130615
2130719
2130850
2130877
2131062
2131179
2131194
2131265
2131270
2131385
2131430
2131481
2131544
2131555
2131812
2131842
2131857
2131883
2131975
2131977
2132110
2132118
2132160
2132195
2132258
2132537
2132548
2132628
2132680
2132706
2132959
2133150
2133254
2133317
2133382
2133405
2133466
2133518
2133667
2133737
2134052
2134068
2134086
2134110
2134362
2134693
2134798
2134954
2135238
2135402
2135470
2135507
2135530
2135546
2135575
2135591
2135651
2135721
2135764
2135961
2136007
2136034
2136212
2136250
2136266
2136336
2136359
2136404
2136456
2136564
2136894
2136901
2137061
2137165
2137195
2137263
2137282
2137318
2137642
2137663
2137727
2137756
2137805
2137837
2137843
2137877
2137929
2138061
2138078
2138164
2138171
2138559
2138912
2139053
2139283
2139301
2139364
2139413
2139525
2139655
2139673
2139941
2140060
2140075
2140123
2140145
2140170
2140214
2140234
2140281
2140374
2140389
2140473
2140490
2140587
2140663
2140714
2140762
2140842
2140877
2140989
2141129
2141232
2141325
2141390
2141505
2141652
2141725
2141790
2141819
2142138
2142209
2142347
2142498
2142510
2142604
2142619
2142818
2142827
2142988
2143069
2143101
2143119
2143147
2143290
2143309
2143315
2143457
2143625
2143717
2143779
2143858
2143973
2143976
2144200
2144225
2144271
2144548
2144577
2144580
2144707
2144807
2144849
2145037
2145126
2145148
2145151
2145158
2145206
2145346
2145351
2145520
2145591
2145676
2145922
2146051
2146202
2146220
2146245
2146342
2146367
2146586
2146888
2146954
2146973
2147068
2147195
2147254
2147337
2147420
2147494
2147500
2147635
2147723
2147783
2147796
2147863
2147942
2148028
2148213
2148240
2148243
2148306
2148693
2148778
2148838
2148950
2148960
2149002
2149089
2149318
2149511
2149564
2149570
2149572
2149604
2149712
2149863
2149884
2149985
2150157
2150334
2150457
2150504
2150561
2150682
2150728
2150784
2150789
2150815
2151025
2151037
2151045
2151103
2151161
2151401
2151453
2151561
2151900
2151910
2152001
2152069
2152179
2152523
2152581
2152590
2152621
2152922
2152961
2153036
2153073
2153258
2153385
2153548
2153551
2153590
2153615
2153673
2153682
2153742
2153866
2153989
2154191
2154202
2154239
2154249
2154326
2154407
2154413
2154576
2154617
2154686
2154829
2155169
2155336
2155389
2155574
2155590
2155626
2155709
2155778
2155882
2155985
2156056
2156118
2156127
2156195
2156201
2156207
2156246
2156283
2156332
2156350
2156404
2156432
2156499
2156686
2156772
2156843
2156988
2157016
2157029
2157085
2157086
2157125
2157244
2157272
2157324
2157405
2157590
2157595
2157609
2157647
2157729
2157730
2157844
2157846
2157886
2158075
2158138
2158169
2158446
2158683
2158853
2158897
2158962
2159105
2159205
2159308
2159319
2159444
2159498
2159560
2159714
2159737
2159747
2159757
2159784
2159792
2159945
2160319
2160381
2160629
2160707
2160720
2160840
2160855
2160959
2161069
2161124
2161259
2161356
2161395
2161503
2161519
2161691
2161695
2161862
2161874
2162057
2162060
2162068
2162152
2162261
2162440
2162586
2162713
2163034
2163079
2163147
2163150
2163524
2163652
2163708
2163810
2164036
2164234
2164413
2164584
2164614
2164620
2164647
2164698
2164769
2164881
2164934
2164993
2165021
2165162
2165249
2165448
2165496
2165708
2165833
2165922
2165965
2166021
2166023
2166059
2166077
2166082
2166097
2166360
2166384
2166401
2166676
2167086
2167335
2167371
2167547
2167590
2167679
2167691
2167957
2168299
2168409
2168497
2168748
2168755
2168915
2168952
2169010
2169046
2169081
2169280
2169308
2169452
2169473
2169483
2169538
2169658
2169855
2169929
2170199
2170318
2170320
2170370
2170415
2170492
2170506
2170583
2170647
2170827
2170856
2170932
2171045
2171086
2171090
2171306
2171326
2171410
2171560
2171610
2171617
2171645
2171794
2171879
2171899
2171922
2171958
2172012
2172134
2172256
2172314
2172322
2172379
2172399
2172491
2172854
2173001
2173013
2173377
2173781
2173796
2173850
2173857
2173858
2173940
2174037
2174056
2174075
2174296
2174349
2174432
2174538
2174655
2174676
2174705
2174799
2175104
2175285
2175298
2175342
2175405
2175532
2175590
2175601
2175721
2175896
2175932
2175955
2176169
2176179
2176229
2176249
2176454
2176455
2176718
2176746
2176848
2176855
2177034
2177085
2177125
2177173
2177179
2177240
2177352
2177426
2177515
2177530
2177565
2177635
2177697
2177823
2177944
2177946
2178061
2178203
2178243
2178280
2178349
2178352
2178565
2178566
2178568
2178845
2178868
2179144
2179196
2179237
2179297
2179303
2179390
2179410
2179427
2179449
2179578
2179756
2179949
2180137
2180144
2180153
2180216
2180250
2180253
2180261
2180364
2180425
2180618
2180700
2180775
2180797
2180799
2180879
2180910
2181003
2181166
2181319
2181372
2181596
2181655
2181674
2181781
2181856
2181881
2182005
2182037
2182040
2182044
2182249
2182271
2182379
2182701
2182766
2182885
2182912
2182918
2182964
2183034
2183113
2183132
2183170
2183176
2183210
2183223
2183234
2183254
2183284
2183289
2183316
2183407
2183432
2183598
2183690
2183786
2183866
2183867
2183910
2183996
2184024
2184069
2184179
2184206
2184447
2184479
2184630
2184783
2184833
2184887
2184918
2184974
2185028
2185094
2185117
2185187
2185231
2185280
2185290
2185691
2185723
2185844
2185889
2185929
2186005
2186050
2186186
2186215
2186236
2186446
2186467
2186509
2186593
2186841
2187119
2187440
2187591
2187665
2187667
2187675
2187742
2187787
2187896
2187920
2187999
2188138
2188168
2188170
2188179
2188249
2188368
2188660
2188733
2188735
2188744
2188885
2189040
2189105
2189121
2189206
2189293
2189395
2189537
2189603
2189628
2189871
2189896
2189909
2189974
2190069
2190135
2190160
2190164
2190242
2190328
2190499
2190641
2190686
2190742
2190781
2190848
2190914
2190925
2190950
2191439
2191475
2191496
2191589
2191611
2191663
2191779
2192114
2192117
2192125
2192139
2192152
2192355
2192363
2192406
2192417
2192656
2192714
2192836
2192875
2192888
2192980
2193062
2193186
2193207
2193217
2193364
2193434
2193457
2193732
2193816
2193950
2193953
2194035
2194048
2194051
2194176
2194241
2194246
2194310
2194342
2194400
2194491
2194552
2194616
2194917
2194952
2194976
2194984
2195093
2195261
2195337
2195408
2195423
2195523
2195859
2196033
2196093
2196155
2196328
2196460
2196552
2196623
2196644
2196961
2197117
2197193
2197251
2197293
2197354
2197399
2197479
2197633
2197820
2198046
2198085
2198158
2198269
2198333
2198521
2198545
2198593
2198688
2198700
2198760
2198839
2199140
2199167
2199180
2199310
2199436
2199443
2199447
2199494
2199502
2199852
2199865
2200047
2200186
2200419
2200469
2200580
2200644
2200758
2200788
2200942
2201071
2201166
2201382
2201475
2201508
2201766
2201955
2202087
2202172
2202266
2202564
2202591
2202868
2202896
2202980
2202999
2203084
2203127
2203339
2203478
2203506
2203566
2204094
2204278
2204302
2204370
2204440
2204585
2204868
2205090
2205144
2205171
2205312
2205352
2205442
2205590
2205645
2205696
2205732
2205860
2205882
2205928
2206034
2206169
2206597
2206640
2206835
2206985
2207121
2207144
2207202
2207227
2207383
2207516
2207727
2207859
2207873
2208000
2208133
2208177
2208202
2208212
2208215
2208228
2208245
2208325
2208773
2208822
2208847
2208995
2209140
2209211
2209359
2209419
2209738
2209751
2209805
2209834
2209849
2209895
2209910
2209918
2210051
2210237
2210301
2210309
2210316
2210325
2210332
2210360
2210444
2210499
2210705
2210791
2210803
2210865
2210887
2210966
2210983
2211012
2211073
2211103
2211104
2211142
2211192
2211309
2211417
2211438
2211475
2211503
2211505
2211580
2211582
2211594
2211629
2211647
2211697
2211770
2211880
2211935
2211943
2212027
2212244
2212317
2212385
2212407
2212483
2212564
2212603
2212649
2212722
2212737
2212913
2212917
2212934
2212974
2212988
2213014
2213018
2213095
2213223
2213254
2213273
2213341
2213356
2213530
2213562
2213606
2213634
2213740
2213926
2214012
2214301
2214354
2214419
2214480
2214540
2214574
2214624
2214694
2214704
2214768
2214775
2214811
2214816
2214842
2214902
2215143
2215167
2215169
2215180
2215232
2215656
2215709
2215755
2215790
2215809
2215955
2215989
2216168
2216292
2216368
2216462
2216521
2216530
2216689
2216698
2216879
2217131
2217251
2217261
2217357
2217476
2217513
2217554
2217781
2217793
2217900
2217910
2218027
2218048
2218082
2218204
2218219
2218236
2218509
2218513
2218521
2218787
2218821
2218854
2218870
2218963
2219041
2219100
2219134
2219227
2219281
2219360
2219690
2219715
2219731
2219789
2219838
2219951
2220024
2220035
2220137
2220229
2220295
2220355
2220420
2220560
2220602
2220638
2220711
2220758
2220790
2220823
2220967
2221056
2221064
2221119
2221144
2221255
2221308
2221405
2221489
2221535
2221618
2221693
2221966
2221992
2222009
2222025
2222192
2222258
2222288
2222312
2222481
2222487
2222561
2222693
2222726
2222794
2222927
2222938
2223015
2223034
2223105
2223315
2223383
2223395
2223548
2223648
2223667
2223690
2223736
2223742
2223796
2223850
2224069
2224092
2224107
2224114
2224189
2224192
2224341
2224368
2224492
2224523
2224662
2224690
2224709
2224846
2224911
2225079
2225187
2225242
2225587
2225609
2225649
2225715
2225801
2225856
2225931
2225944
2225976
2226043
2226095
2226159
2226165
2226183
2226199
2226249
2226313
2226418
2226535
2226764
2226937
2227129
2227135
2227166
2227240
2227257
2227340
2227396
2227544
2227559
2227635
2227724
2227915
2228053
2228060
2228077
2228119
2228143
2228150
2228195
2228315
2228337
2228361
2228387
2228424
2228503
2228602
2228624
2228631
2228651
2228726
2228806
2228815
2228853
2228912
2229112
2229183
2229341
2229356
2229422
2229561
2229792
2229877
2229901
2230009
2230213
2230519
2230611
2230613
2230640
2230751
2230817
2231111
2231347
2231449
2231531
2231539
2231940
2231951
2232066
2232078
2232123
2232146
2232186
2232216
2232320
2232428
2232536
2232615
2232655
2232660
2232696
2232701
2233028
2233042
2233046
2233053
2233087
2233132
2233304
2233328
2233334
2233362
2233407
2233480
2233639
2233800
2233883
2233894
2233972
2234017
2234039
2234379
2234418
2234496
2234537
2234636
2234658
2234676
2234781
2234876
2235083
2235099
2235323
2235473
2235489
2235530
2235565
2235636
2235724
2235934
2236009
2236011
2236054
2236065
2236215
2236229
2236381
2236471
2236596
2236795
2237005
2237044
2237243
2237283
2237726
2237775
2237784
2237848
2238216
2238227
2238265
2238294
2238351
2238412
2238501
2238574
2238626
2238630
2238700
2238722
2238906
2239046
2239092
2239322
2239476
2239482
2239557
2239620
2239683
2239773
2239879
2240104
2240113
2240222
2240227
2240261
2240300
2240338
2240573
2240707
2240715
2240751
2240893
2240899
2240937
2240950
2241023
2241206
2241249
2241370
2241399
2241503
2241641
2241651
2241853
2242039
2242103
2242360
2242501
2242543
2242550
2242603
2242606
2242667
2242675
2242731
2242769
2242777
2242862
2243045
2243124
2243159
2243395
2243490
2243864
2243989
2244021
2244035
2244136
2244180
2244289
2244304
2244388
2244433
2244442
2244530
2244726
2244773
2244827
2244837
2245178
2245193
2245195
2245506
2245527
2245586
2245648
2245751
2245898
2246022
2246198
2246205
2246243
2246249
2246251
2246403
2246474
2246504
2246584
2246653
2246790
2246924
2247172
2247177
2247373
2247525
2247528
2247531
2247547
2247602
2247649
2247822
2248138
2248178
2248214
2248242
2248331
2248470
2248505
2248541
2248600
2248641
2248647
2248753
2248794
2248833
2248840
2248847
2248899
2249073
2249275
2249296
2249419
2249455
2249620
2249752
2249793
2249811
2249998
2250077
2250106
2250217
2250277
2250419
2250885
2250970
2250993
2251048
2251354
2251371
2251380
2251409
2251443
2251521
2251573
2251615
2251734
2251835
2251959
2251997
2252166
2252292
2252352
2252371
2252743
2252811
2252839
2252924
2252952
2253356
2253367
2253484
2253495
2253520
2253725
2253743
2253833
2253858
2254118
2254211
2254265
2254368
2254526
2254532
2254581
2254727
2254840
2255236
2255583
2255592
2255633
2255728
2255869
2255895
2256057
2256063
2256119
2256214
2256316
2256372
2256481
2256502
2256526
2256597
2256648
2256813
2257057
2257235
2257309
2257361
2257421
2257475
2257676
2257699
2257876
2257947
2258011
2258033
2258153
2258326
2258357
2258435
2258608
2258659
2258748
2258968
2259071
2259180
2259359
2259424
2259429
2259456
2259650
2259855
2260001
2260158
2260187
2260231
2260427
2260471
2260487
2260569
2260658
2260674
2260803
2260948
2261059
2261160
2261254
2261444
2261559
2261677
2261707
2261724
2261849
2261873
2261975
2261995
2261997
2262302
2262321
2262390
2262495
2262516
2262524
2262597
2262714
2262740
2262773
2262880
2263157
2263217
2263260
2263288
2263470
2263477
2263634
2263751
2263814
2263904
2263979
2263988
2264018
2264063
2264098
2264169
2264369
2264385
2264473
2264487
2264494
2264518
2264546
2264597
2264704
2264732
2264854
2265069
2265084
2265116
2265158
2265223
2265258
2265337
2265381
2265387
2265501
2265741
2265778
2265813
2265984
2266042
2266076
2266117
2266169
2266276
2266307
2266532
2266668
2266786
2266800
2266908
2267071
2267078
2267141
2267175
2267340
2267363
2267499
2267518
2267601
2267638
2267641
2267917
2268014
2268046
2268052
2268056
2268152
2268261
2268280
2268297
2268312
2268339
2268487
2268608
2268733
2268794
2269027
2269062
2269603
2269629
2269669
2269702
2269740
2269820
2269852
2270098
2270119
2270223
2270349
2270376
2270493
2270540
2270660
2270749
2270791
2270834
2270914
2270971
2270978
2271055
2271078
2271121
2271271
2271339
2271499
2271582
2271802
2271814
2271843
2271928
2271956
2271990
2272019
2272103
2272199
2272227
2272311
2272424
2272459
2272469
2272521
2272529
2272537
2272581
2272609
2272619
2272646
2272654
2272667
2272746
2272783
2272857
2272859
2272934
2272986
2273024
2273050
2273067
2273089
2273166
2273193
2273194
2273270
2273313
2273329
2273369
2273379
2273395
2273455
2273468
2273476
2273494
2273561
2273580
2273594
2273618
2273781
2273861
2273870
2274010
2274017
2274082
2274083
2274121
2274135
2274165
2274175
2274183
2274273
2274374
2274401
2274467
2274473
2274478
2274479
2274512
2274566
2274572
2274655
2274699
2274746
2274826
2274865
2274879
2274891
2274930
2274979
2275010
2275015
2275153
2275185
2275228
2275244
2275291
2275357
2275458
2275541
2275595
2275598
2275695
2275701
2275706
2275744
2275804
2275844
2275858
2275925
2275994
2276001
2276019
2276052
2276074
2276095
2276147
2276195
2276236
2276248
2276300
2276301
2276358
2276421
2276499
2276510
2276612
2276626
2276743
2276757
2276804
2276816
2276837
2276846
2276965
2276997
2277056
2277104
2277134
2277174
2277199
2277201
2277202
2277272
2277298
2277320
2277378
2277409
2277414
2277418
2277481
2277484
2277736
2277784
2277813
2277967
2277993
2278039
2278078
2278109
2278136
2278186
2278316
2278337
2278369
2278414
2278445
2278478
2278484
2278505
2278540
2278543
2278562
2278602
2278680
2278717
2278722
2278751
2278780
2278791
2278808
2278824
2278863
2278889
2278951
2278952
2279072
2279117
2279122
2279172
2279181
2279272
2279368
2279471
2279607
2279672
2279692
2279727
2279800
2279931
2279947
2280008
2280047
2280081
2280098
2280190
2280196
2280212
2280237
2280238
2280259
2280284
2280303
2280358
2280398
2280404
2280495
2280600
2280637
2280682
2280699
2280867
2280971
2281058
2281062
2281125
2281159
2281166
2281313
2281373
2281382
2281410
2281472
2281484
2281491
2281669
2281708
2281736
2281881
2281886
2281973
2282075
2282104
2282107
2282128
2282153
2282196
2282208
2282381
2282550
2282628
2282678
2282945
2283058
2283170
2283200
2283208
2283223
2283317
2283339
2283385
2283465
2283594
2283649
2283651
2283687
2283728
2283746
2283808
2283923
2283950
2283987
2284007
2284169
2284232
2284243
2284285
2284294
2284317
2284398
2284465
2284501
2284512
2284534
2284596
2284608
2284664
2284826
2284882
2284898
2284905
2285019
2285196
2285274
2285403
2285407
2285420
2285451
2285460
2285634
2285645
2285731
2285752
2285820
2285848
2285871
2285887
2285895
2285898
2285915
2285957
2286066
2286170
2286194
2286251
2286371
2286542
2286564
2286575
2286609
2286632
2286718
2286735
2286744
2286748
2286774
2286794
2286801
2286886
2286902
2286960
2286982
2287035
2287081
2287087
2287100
2287104
2287108
2287128
2287163
2287167
2287205
2287228
2287277
2287307
2287379
2287388
2287406
2287416
2287428
2287521
2287536
2287545
2287549
2287645
2287651
2287655
2287860
2287887
2287920
2287957
2287981
2288004
2288048
2288075
2288174
2288184
2288193
2288247
2288323
2288356
2288403
2288445
2288469
2288494
2288555
2288560
2288585
2288593
2288603
2288676
2288698
2288735
2288741
2288776
2288779
2288810
2288818
2288831
2288921
2288961
2288986
2289116
2289133
2289239
2289365
2289375
2289402
2289446
2289536
2289545
2289563
2289592
2289668
2289674
2289685
2289748
2289891
2289914
2289953
2290009
2290068
2290133
2290227
2290231
2290255
2290303
2290373
2290400
2290427
2290445
2290448
2290471
2290533
2290554
2290594
2290595
2290635
2290643
2290665
2290780
2290844
2290898
2290923
2291016
2291171
2291264
2291285
2291293
2291369
2291370
2291377
2291429
2291462
2291468
2291480
2291531
2291571
2291640
2291696
2291850
2291907
2291944
2291964
2292058
2292069
2292099
2292105
2292144
2292256
2292263
2292268
2292275
2292304
2292408
2292440
2292448
2292464
2292483
2292492
2292518
2292621
2292678
2292691
2292712
2292715
2292772
2292803
2292807
2292914
2292943
2292960
2293103
2293127
2293212
2293216
2293233
2293259
2293308
2293323
2293390
2293541
2293576
2293584
2293628
2293645
2293675
2293705
2293718
2293753
2293791
2293868
2293923
2293944
2293994
2293998
2294024
2294094
2294132
2294143
2294234
2294388
2294401
2294413
2294424
2294464
2294477
2294507
2294565
2294578
2294642
2294778
2294836
2294852
2294877
2294885
2294894
2294896
2294949
2294964
2295061
2295070
2295141
2295304
2295329
2295385
2295442
2295474
2295494
2295508
2295513
2295529
2295545
2295600
2295643
2295668
2295682
2295706
2295730
2295804
2295860
2296013
2296036
2296128
2296266
2296267
2296313
2296423
2296441
2296452
2296615
2296648
2296676
2296704
2296709
2296718
2296761
2296774
2296791
2296880
2296944
2297040
2297081
2297084
2297111
2297137
2297213
2297328
2297346
2297402
2297405
2297474
2297499
2297539
2297555
2297626
2297642
2297659
2297661
2297684
2297750
2297770
2297885
2297897
2298004
2298012
2298107
2298108
2298120
2298240
2298306
2298413
2298424
2298523
2298618
2298639
2298836
2298851
2298892
2298970
2298975
2299017
2299021
2299043
2299124
2299131
2299225
2299238
2299250
2299287
2299422
2299464
2299525
2299582
2299613
2299630
2299631
2299832
2299866
2299885
2299886
2299910
2299913
2299936
2299942
2299974
2300019
2300028
2300114
2300156
2300263
2300318
2300321
2300329
2300351
2300365
2300404
2300406
2300432
2300435
2300439
2300545
2300602
2300621
2300623
2300698
2300833
2300864
2301004
2301070
2301092
2301093
2301153
2301224
2301253
2301326
2301369
2301404
2301536
2301587
2301593
2301641
2301701
2301718
2301819
2301858
2301862
2301898
2301904
2302067
2302176
2302224
2302247
2302266
2302276
2302328
2302329
2302403
2302455
2302508
2302513
2302579
2302591
2302610
2302693
2302696
2302785
2302819
2302837
2302846
2302851
2302854
2302933
2303001
2303032
2303046
2303148
2303191
2303254
2303290
2303387
2303433
2303460
2303507
2303573
2303591
2303620
2303680
2303693
2303699
2303700
2303729
2303855
2303936
2303991
2304015
2304051
2304070
2304078
2304181
2304211
2304226
2304258
2304287
2304291
2304300
2304312
2304318
2304398
2304422
2304448
2304454
2304466
2304519
2304558
2304579
2304596
2304832
2304931
2304966
2304989
2305017
2305020
2305036
2305045
2305048
2305065
2305098
2305181
2305332
2305436
2305466
2305481
2305526
2305554
2305609
2305654
2305703
2305758
2305799
2305828
2305841
2305977
2305988
2306051
2306084
2306139
2306158
2306222
2306252
2306255
2306265
2306283
2306343
2306348
2306362
2306372
2306426
2306430
2306453
2306467
2306581
2306608
2306629
2306654
2306685
2306743
2306756
2306764
2306798
2306912
2306968
2306972
2307005
2307014
2307026
2307061
2307126
2307195
2307214
2307256
2307259
2307281
2307373
2307479
2307552
2307632
2307790
2307828
2307834
2307866
2307884
2307951
2307993
2307999
2308057
2308153
2308158
2308178
2308397
2308434
2308439
2308495
2308583
2308690
2308758
2308808
2308904
2309043
2309045
2309098
2309136
2309184
2309257
2309622
2309626
2309703
2309817
2309877
2309972
2309979
2310043
2310441
2310445
2310497
2310514
2310518
2310554
2310592
2310596
2310728
2310735
2310797
2310822
2310862
2310881
2311081
2311258
2311269
2311287
2311343
2311352
2311390
2311400
2311433
2311435
2311582
2311583
2311803
2311846
2311913
2311923
2311991
2312046
2312051
2312196
2312206
2312229
2312239
2312273
2312438
2312635
2312664
2312840
2313007
2313072
2313173
2313436
2313560
2313771
2313952
2314186
2314250
2314253
2314326
2314392
2314429
2314597
2314898
2315222
2315560
2315764
2315818
2315952
2316055
2316104
2316314
2316325
2316424
2316506
2316717
2316866
2316910
2316941
2317152
2317406
2317426
2317587
2317626
2317675
2317857
2317886
2317978
2317989
2318039
2318114
2318160
2318203
2318302
2318426
2318465
2318505
2318626
2318717
2318778
2318901
2318924
2318949
2319182
2319330
2319412
2319430
2319526
2319533
2319580
2319598
2319655
2319711
2319721
2319838
2319946
2319988
2320029
2320144
2320277
2320316
2320337
2320604
2320606
2320682
2320702
2320728
2320756
2320777
2321230
2321457
2321652
2321770
2321807
2321856
2321921
2321988
2322138
2322202
2322245
2322278
2322770
2322808
2322834
2322913
2322961
2323032
2323048
2323256
2323382
2323393
2323414
2323483
2323502
2323514
2323518
2323659
2323842
2324180
2324236
2324402
2324564
2324783
2324891
2324920
2324973
2325015
2325085
2325192
2325206
2325234
2325439
2325616
2325666
2325936
2326055
2326099
2326179
2326185
2326281
2326401
2326507
2326553
2326673
2326784
2326927
2327046
2327394
2327465
2327795
2327805
2328235
2328250
2328251
2328287
2328322
2328395
2328716
2328719
2328778
2328783
2329054
2329120
2329192
2329282
2329297
2329361
2329443
2329501
2329517
2329564
2329650
2329660
2329713
2329832
2329894
2329974
2329978
2330022
2330095
2330119
2330363
2330626
2330752
2330757
2330833
2330910
2330912
2331276
2331382
2331402
2331499
2331511
2331564
2331755
2331761
2331879
2331981
2331984
2332061
2332109
2332209
2332284
2332715
2332869
2332882
2332898
2333337
2333396
2333612
2333641
2333781
2333903
2333908
2333996
2334118
2334219
2334330
2334380
2334418
2334504
2334601
2334649
2334732
2334924
2335021
2335127
2335244
2335330
2335425
2335841
2335902
2336083
2336161
2336275
2336300
2336326
2336437
2336707
2336747
2336781
2336835
2336936
2337234
2337419
2337454
2337497
2337546
2337564
2337713
2337754
2337913
2338032
2338116
2338137
2338202
2338312
2338326
2338358
2338423
2338446
2338563
2338832
2338897
2338944
2339033
2339097
2339154
2339211
2339323
2339617
2339753
2339964
2340168
2340315
2340380
2340393
2340442
2340462
2340466
2340589
2340690
2340727
2341160
2341179
2341289
2341496
2341756
2341940
2341958
2342115
2342183
2342216
2342267
2342282
2342363
2342781
2342899
2342931
2342933
2342967
2343081
2343148
2343274
2343328
2343581
2343660
2343703
2343765
2343770
2343928
2344125
2344184
2344335
2344444
2344617
2344679
2344719
2344946
2345005
2345065
2345110
2345352
2345377
2345410
2345500
2345675
2345859
2345861
2345872
2346166
2346284
2346454
2346464
2346555
2346567
2346727
2346879
2346901
2346949
2347043
2347214
2347245
2347260
2347314
2347375
2347385
2347486
2347676
2347775
2347904
2347925
2348507
2348546
2348754
2349011
2349113
2349485
2349511
2349542
2349603
2349718
2349727
2349796
2349843
2349966
2350045
2350192
2350216
2350271
2350274
2350324
2350468
2350574
2350636
2350662
2350760
2350803
2350810
2350818
2350855
2350878
2350888
2351078
2351144
2351207
2351223
2351449
2351455
2351542
2351609
2351673
2351770
2351933
2352212
2352308
2352567
2352945
2352956
2353013
2353041
2353188
2353272
2353433
2353623
2353632
2353656
2353728
2353749
2353939
2353953
2354026
2354034
2354052
2354560
2354582
2354708
2354834
2354876
2355210
2355252
2355261
2355460
2355469
2355485
2355510
2355550
2355589
2355901
2355935
2355943
2356024
2356035
2356119
2356221
2356272
2356302
2356423
2356440
2356520
2356549
2356575
2356619
2356688
2356719
2356764
2356845
2356904
2356915
2357016
2357063
2357209
2357329
2357337
2357348
2357475
2357477
2357617
2357717
2357776
2357789
2357809
2357900
2357965
2357978
2358042
2358093
2358190
2358216
2358291
2358639
2358707
2358859
2358901
2358919
2358951
2358958
2358984
2359075
2359085
2359273
2359615
2359781
2359904
2360053
2360091
2360125
2360150
2360173
2360212
2360242
2360383
2360393
2360440
2360481
2360491
2360592
2360727
2360899
2361162
2361335
2361361
2361460
2361537
2361569
2361924
2361931
2361945
2361983
2362070
2362245
2362273
2362417
2362437
2362701
2362876
2362986
2363133
2363348
2363515
2363601
2363609
2363881
2363889
2363945
2364018
2364085
2364088
2364203
2364214
2364283
2364476
2364586
2364677
2364729
2364962
2364970
2365106
2365161
2365198
2365230
2365236
2365266
2365477
2365498
2365555
2365627
2365640
2365660
2365934
2366088
2366185
2366315
2366434
2366526
2366560
2366636
2366705
2366786
2366840
2366857
2366883
2367015
2367018
2367056
2367094
2367280
2367291
2367663
2367699
2367731
2367739
2367775
2367942
2367999
2368326
2368431
2368442
2368571
2368573
2368645
2368717
2368748
2368812
2368873
2368989
2369049
2369260
2369265
2369279
2369314
2369335
2369560
2369636
2369718
2369736
2369795
2369911
2369932
2370008
2370105
2370279
2370313
2370445
2370473
2370552
2370569
2370604
2370808
2370853
2370938
2371008
2371078
2371212
2371222
2371341
2371501
2371513
2371691
2371692
2371743
2371772
2371841
2371940
2371950
2371957
2372032
2372080
2372092
2372216
2372463
2372537
2372562
2372569
2372794
2372866
2373000
2373082
2373167
2373281
2373523
2373530
2373703
2373714
2373762
2373873
2373887
2373935
2373959
2374010
2374128
2374143
2374167
2374219
2374430
2374496
2374506
2374513
2374543
2374662
2374797
2374938
2375030
2375097
2375185
2375258
2375279
2375311
2375394
2375535
2375540
2375702
2375707
2375739
2375880
2376065
2376165
2376205
2376310
2376380
2376419
2376425
2376489
2376536
2376568
2376572
2376623
2376778
2376900
2376988
2377025
2377329
2377403
2377452
2377488
2377585
2377645
2377709
2377754
2377757
2377908
2377935
2377947
2378030
2378091
2378104
2378136
2378242
2378272
2378315
2378399
2378404
2378468
2378532
2378566
2378622
2378660
2378676
2378745
2378790
2378882
2379385
2379407
2379440
2379443
2379504
2379534
2379623
2379780
2379812
2379858
2379892
2379916
2380080
2380119
2380187
2380189
2380272
2380421
2380444
2380608
2381002
2381042
2381047
2381084
2381128
2381274
2381344
2381383
2381407
2381521
2381539
2381575
2381581
2381646
2381779
2381824
2381906
2382018
2382077
2382158
2382195
2382215
2382253
2382486
2382550
2382642
2382671
2382733
2382792
2382947
2383030
2383262
2383280
2383346
2383563
2383690
2383991
2384000
2384132
2384138
2384220
2384226
2384287
2384339
2384414
2384816
2384869
2384881
2384894
2384985
2385036
2385120
2385163
2385196
2385311
2385338
2385669
2385732
2385857
2385990
2386004
2386149
2386335
2386396
2386414
2386580
2386942
2387076
2387238
2387343
2387411
2387558
2387639
2387746
2387791
2387818
2387964
2388025
2388374
2388446
2388470
2388505
2388527
2388532
2388547
2388551
2388554
2388671
2388718
2388739
2388834
2388871
2389031
2389047
2389125
2389137
2389217
2389395
2389412
2389425
2389436
2389481
2389558
2389638
2389663
2389793
2389882
2389938
2390076
2390078
2390173
2390276
2390346
2390347
2390603
2390692
2390766
2390781
2390829
2390978
2390994
2390997
2391007
2391080
2391171
2391243
2391335
2391383
2391437
2391480
2391526
2391568
2392082
2392091
2392172
2392514
2392536
2392546
2392578
2392607
2392716
2392731
2392750
2392815
2392850
2392866
2392914
2393169
2393265
2393277
2393416
2393428
2393608
2393683
2393751
2393863
2393874
2393884
2393919
2394087
2394303
2394458
2394521
2394837
2394862
2394900
2394975
2395097
2395248
2395377
2395541
2395780
2395950
2396038
2396040
2396166
2396313
2396380
2396461
2397100
2397103
2397145
2397316
2397320
2397700
2398132
2398174
2398228
2398304
2398437
2398535
2398599
2398618
2398688
2398698
2398712
2398720
2398879
2398971
2399108
2399109
2399132
2399220
2399506
2399515
2399570
2399727
2399990
2400329
2400390
2400473
2400567
2400648
2400797
2400863
2400903
2400912
2400958
2401115
2401332
2401420
2401433
2401527
2401585
2401590
2401835
2401870
2401885
2402126
2402160
2402331
2402394
2402408
2402427
2402766
2402797
2402874
2403003
2403035
2403046
2403173
2403215
2403343
2403390
2403422
2403466
2403497
2403530
2403707
2403715
2403813
2404000
2404129
2404271
2404288
2404338
2404370
2404539
2404689
2404726
2404753
2404823
2404892
2405069
2405096
2405240
2405265
2405729
2405832
2405909
2405980
2406064
2406080
2406104
2406320
2406448
2406617
2406620
2406858
2406893
2406959
2406975
2407105
2407138
2407388
2407431
2407474
2407677
2407813
2407841
2407986
2408106
2408236
2408292
2408412
2408458
2408567
2408625
2408629
2408633
2408675
2408682
2408809
2408953
2409000
2409077
2409191
2409263
2409267
2409334
2409416
2409513
2409539
2409556
2409567
2409638
2409698
2409974
2410014
2410136
2410168
2410207
2410276
2410332
2410409
2410467
2410557
2410575
2410816
2410993
2411003
2411024
2411033
2411174
2411373
2411475
2411499
2411715
2411770
2411840
2411933
2411967
2412173
2412241
2412354
2412434
2412570
2412574
2412596
2412665
2412680
2412681
2412699
2412962
2412994
2413190
2413269
2413582
2413584
2413609
2413659
2413685
2413689
2413695
2413780
2413809
2413939
2414000
2414113
2414175
2414222
2414286
2414300
2414435
2414528
2414567
2414786
2414933
2415023
2415109
2415118
2415196
2415552
2415599
2415646
2415710
2415733
2416062
2416110
2416222
2416340
2416450
2416492
2416527
2416813
2416834
2416873
2416995
2417136
2417199
2417205
2417266
2417290
2417343
2417568
2417812
2417820
2417851
2417913
2417939
2417941
2417957
2417965
2418096
2418127
2418269
2418273
2418318
2418383
2418563
2418588
2418619
2418801
2418981
2419010
2419057
2419307
2419607
2419658
2419866
2419901
2419957
2420025
2420164
2420207
2420341
2420461
2420534
2420761
2420810
2420941
2421120
2421169
2421245
2421520
2421537
2421655
2421808
2421859
2421899
2421916
2421968
2421970
2422000
2422067
2422263
2422388
2422406
2422621
2422699
2422730
2422923
2423089
2423323
2423495
2423541
2423559
2423562
2423619
2423653
2423701
2423745
2423767
2423949
2424196
2424239
2424388
2424478
2424656
2424671
2424741
2424850
2424865
2424877
2425022
2425071
2425184
2425204
2425683
2425735
2425886
2426108
2426176
2426322
2426351
2426354
2426370
2426405
2426424
2426496
2426571
2426673
2426688
2426949
2427024
2427107
2427141
2427178
2427285
2427345
2427384
2427411
2427470
2427596
2427652
2427671
2427943
2427949
2427957
2427962
2427969
2428084
2428167
2428170
2428232
2428346
2428474
2428480
2428483
2428513
2428644
2428668
2428748
2428790
2428879
2428946
2429046
2429174
2429231
2429272
2429306
2429402
2429594
2429627
2429669
2429687
2429744
2429756
2429829
2429850
2430135
2430186
2430291
2430391
2430643
2430661
2430780
2430814
2430833
2430854
2430883
2430930
2430984
2431025
2431119
2431185
2431299
2431420
2431628
2431642
2431742
2431973
2432179
2432408
2432448
2432480
2432497
2432519
2432557
2432591
2432822
2432934
2432997
2433178
2433277
2433362
2433491
2433493
2433635
2433652
2433682
2433746
2433753
2433804
2433853
2433855
2433871
2433873
2434068
2434110
2434214
2434440
2434462
2434701
2434832
2434845
2434927
2434984
2435102
2435178
2435268
2435453
2435493
2435515
2435584
2435625
2435721
2435728
2435947
2436025
2436147
2436210
2436316
2436627
2436650
2436670
2436734
2436757
2436766
2436792
2436810
2436952
2436957
2437138
2437375
2437406
2437533
2437564
2437669
2437689
2437907
2437953
2437984
2438206
2438216
2438325
2438330
2438355
2438406
2438541
2438643
2438648
2438725
2438747
2438872
2439006
2439028
2439032
2439086
2439122
2439272
2439320
2439338
2439409
2439531
2439613
2439659
2439687
2439699
2439714
2439918
2440177
2440181
2440253
2440340
2440444
2440470
2440490
2440581
2440598
2440621
2441026
2441101
2441116
2441185
2441228
2441324
2441368
2441403
2441552
2441667
2441716
2441819
2441856
2441857
2441904
2442047
2442080
2442106
2442321
2442724
2442739
2442845
2443001
2443233
2443292
2443295
2443305
2443358
2443404
2443541
2443550
2443592
2443622
2443628
2444004
2444056
2444114
2444260
2444341
2444345
2444389
2444445
2444535
2444636
2444727
2444753
2444770
2444790
2444944
2445125
2445474
2445495
2445684
2445687
2445693
2446024
2446055
2446145
2446244
2446381
2446420
2446435
2446667
2446790
2446964
2447049
2447064
2447208
2447218
2447310
2447442
2447446
2447456
2447526
2447702
2447710
2447784
2447842
2447905
2447913
2448173
2448235
2448239
2448296
2448418
2448494
2448503
2448535
2448717
2448772
2448784
2449032
2449065
2449102
2449161
2449197
2449316
2449365
2449485
2449489
2449507
2449527
2449570
2449575
2449612
2449674
2449756
2449995
2450115
2450135
2450178
2450239
2450490
2450634
2450779
2450833
2450910
2450920
2450948
2450979
2450987
2451067
2451264
2451475
2451493
2451513
2451555
2451578
2451618
2451657
2451678
2451933
2451971
2452083
2452276
2452761
2452900
2452994
2453023
2453058
2453215
2453222
2453301
2453356
2453396
2453521
2453549
2453607
2453625
2453649
2453770
2453801
2453833
2453851
2453906
2454166
2454253
2454255
2454383
2454514
2454558
2454619
2454657
2454666
2454717
2455167
2455210
2455263
2455318
2455404
2455440
2455448
2455589
2455600
2455680
2455716
2455749
2455886
2456133
2456142
2456428
2456635
2456737
2456876
2456987
2457088
2457218
2457520
2457564
2457572
2457647
2457960
2458101
2458152
2458209
2458290
2458297
2458309
2458434
2458527
2458588
2458603
2458765
2458823
2458837
2458938
2458966
2459018
2459041
2459120
2459133
2459136
2459369
2459551
2459606
2459612
2459947
2460198
2460292
2460309
2460520
2460536
2460599
2460662
2460699
2460716
2460776
2460811
2460824
2461107
2461149
2461420
2461539
2461667
2461689
2462093
2462119
2462288
2462456
2462460
2462503
2462524
2462531
2462578
2462623
2462896
2462935
2462955
2463001
2463039
2463140
2463192
2463207
2463350
2463413
2463467
2463512
2463545
2463598
2463624
2463657
2463694
2463781
2463813
2463821
2463830
2464009
2464079
2464198
2464302
2464305
2464507
2464539
2464682
2464755
2464896
2464911
2464935
2464952
2465071
2465089
2465111
2465137
2465166
2465208
2465256
2465320
2465368
2465423
2465442
2465527
2465534
2465551
2465639
2465760
2465850
2465893
2465896
2465914
2465979
2466015
2466137
2466209
2466288
2466355
2466360
2466422
2466586
2466913
2467013
2467102
2467123
2467126
2467152
2467196
2467232
2467257
2467516
2467539
2467799
2467813
2467842
2467883
2467890
2467982
2468311
2468375
2468376
2468534
2468776
2469043
2469069
2469081
2469108
2469126
2469203
2469237
2469248
2469329
2469425
2469439
2469545
2469616
2469680
2469690
2469710
2469762
2469768
2469811
2469822
2469897
2470052
2470103
2470257
2470408
2470604
2470791
2470859
2471108
2471137
2471205
2471308
2471349
2471704
2471712
2471804
2471838
2471869
2472178
2472405
2472409
2472546
2472594
2472599
2472819
2472863
2473101
2473116
2473148
2473250
2473454
2473476
2473558
2473703
2473722
2473749
2473781
2473869
2473973
2474116
2474138
2474173
2474458
2474605
2474616
2474638
2474861
2475037
2475120
2475134
2475332
2475502
2475528
2475548
2475743
2475860
2475934
2476145
2476312
2476378
2476534
2476539
2476595
2476659
2476684
2476749
2476966
2477011
2477150
2477232
2477245
2477300
2477355
2477462
2477567
2477780
2477782
2477915
2477953
2477961
2478151
2478233
2478273
2478515
2478587
2478608
2478703
2478829
2478832
2478929
2479072
2479100
2479245
2479311
2479330
2479416
2479470
2479553
2479674
2479720
2479857
2479875
2479930
2479987
2480011
2480214
2480482
2480559
2480575
2480609
2480683
2480897
2480901
2480909
2481026
2481046
2481062
2481064
2481126
2481407
2481488
2481728
2481817
2481847
2481922
2482065
2482067
2482235
2482267
2482384
2482481
2482540
2482562
2482706
2482741
2482850
2482951
2482998
2483003
2483045
2483136
2483161
2483224
2483337
2483731
2483834
2484036
2484197
2484226
2484385
2484398
2484545
2484679
2484917
2484956
2485198
2485255
2485343
2485368
2485528
2485661
2485908
2485917
2486161
2486207
2486257
2486653
2486899
2486943
2486958
2486984
2487081
2487148
2487151
2487159
2487222
2487270
2487363
2487446
2487471
2487498
2487733
2487950
2487960
2488022
2488137
2488148
2488168
2488253
2488387
2488565
2488715
2488730
2488865
2489183
2489233
2489284
2489287
2489372
2489565
2489590
2489725
2489788
2489822
2489879
2489904
2489949
2489961
2490130
2490186
2490242
2490368
2490411
2490491
2490598
2490666
2490686
2490798
2490843
2490982
2491124
2491165
2491232
2491269
2491338
2491387
2491462
2491656
2491747
2492089
2492301
2492360
2492408
2492643
2492684
2492741
2492840
2492903
2493161
2493356
2493378
2493443
2493461
2493547
2493748
2493835
2494182
2494379
2494563
2494732
2494749
2494793
2495054
2495207
2495335
2495349
2495357
2495472
2495475
2495502
2495506
2495523
2495596
2495604
2495724
2495892
2495992
2496001
2496119
2496129
2496360
2496446
2496571
2496596
2496656
2496797
2496926
2496938
2496944
2497145
2497155
2497544
2497567
2497659
2497789
2497899
2498071
2498259
2498418
2498594
2498644
2498655
2498740
2498775
2498800
2498905
2498945
2498969
2498971
2498990
2499165
2499230
2499323
2499335
2499346
2499447
2499475
2499490
2499555
2499579
2499841
2500012
2500059
2500091
2500118
2500168
2500221
2500325
2500514
2500518
2500531
2500622
2500657
2500838
2500874
2500920
2501028
2501173
2501192
2501221
2501332
2501463
2501536
2501563
2501863
2501872
2501889
2502151
2502398
2502493
2502534
2502750
2502807
2502830
2503059
2503063
2503066
2503119
2503398
2503583
2503739
2503941
2504035
2504081
2504153
2504333
2504453
2504487
2504675
2504837
2504882
2505194
2505281
2505366
2505488
2505597
2505673
2505693
2505825
2505908
2506000
2506068
2506139
2506195
2506229
2506267
2506279
2506306
2506322
2506344
2506360
2506439
2506596
2506611
2506628
2506630
2506729
2506960
2507002
2507111
2507159
2507265
2507300
2507336
2507448
2507563
2507737
2507787
2507903
2507910
2507941
2507946
2507992
2507999
2508078
2508186
2508204
2508280
2508297
2508731
2508746
2508767
2508834
2508895
2508929
2508952
2509024
2509058
2509089
2509091
2509154
2509219
2509272
2509346
2509352
2509359
2509418
2509438
2509569
2509648
2509716
2509836
2509969
2510131
2510255
2510345
2510525
2510641
2510668
2510690
2510796
2510844
2510905
2510936
2510981
2511037
2511209
2511309
2511329
2511366
2511391
2511530
2511573
2511619
2511641
2511714
2512097
2512343
2512424
2512459
2512492
2512511
2512520
2512540
2512614
2512783
2512799
2512829
2512942
2512959
2513214
2513309
2513448
2513567
2513627
2513844
2514006
2514065
2514117
2514298
2514331
2514337
2514368
2514369
2514426
2514598
2514611
2514616
2514719
2514778
2514788
2514832
2514865
2514933
2514958
2515143
2515174
2515238
2515300
2515355
2515377
2515398
2515558
2515881
2515923
2516028
2516106
2516249
2516356
2516456
2516634
2516656
2516810
2516811
2516815
2516866
2516898
2516945
2516987
2517011
2517036
2517048
2517064
2517081
2517085
2517199
2517232
2517292
2517317
2517332
2517368
2517429
2517446
2517517
2517554
2517579
2517698
2517729
2517779
2517870
2517882
2517901
2517970
2517976
2517988
2518005
2518024
2518038
2518125
2518181
2518199
2518235
2518292
2518315
2518321
2518460
2518522
2518571
2518579
2518641
2518648
2518686
2518853
2518890
2518911
2518948
2518964
2518970
2519069
2519168
2519188
2519199
2519225
2519233
2519237
2519317
2519405
2519431
2519461
2519476
2519508
2519514
2519516
2519521
2519534
2519558
2519568
2519576
2519584
2519631
2519649
2519653
2519694
2519791
2519879
2519947
2519997
2520011
2520066
2520112
2520212
2520242
2520253
2520262
2520264
2520302
2520310
2520427
2520439
2520443
2520523
2520569
2520591
2520634
2520677
2520699
2520715
2520728
2520748
2520757
2520789
2520792
2520805
2520814
2520842
2520877
2520894
2520906
2520911
2521163
2521174
2521207
2521248
2521269
2521384
2521396
2521454
2521536
2521548
2521581
2521587
2521729
2521734
2521772
2521817
2521838
2521858
2521866
2521972
2522027
2522115
2522116
2522134
2522247
2522275
2522362
2522410
2522435
2522441
2522443
2522457
2522609
2522610
2522618
2522635
2522708
2522732
2522735
2522758
2522775
2522821
2522978
2522997
2523004
2523074
2523084
2523104
2523153
2523222
2523239
2523313
2523376
2523414
2523428
2523445
2523510
2523537
2523552
2523589
2523637
2523695
2523748
2523802
2523845
2523911
2523965
2523974
2523983
2524044
2524053
2524110
2524168
2524193
2524236
2524240
2524245
2524251
2524442
2524501
2524518
2524522
2524562
2524571
2524602
2524617
2524679
2524718
2524800
2524842
2524850
2524871
2524914
2524915
2524928
2524960
2524982
2524993
2524996
2525141
2525175
2525189
2525228
2525291
2525331
2525468
2525482
2525522
2525524
2525551
2525593
2525599
2525606
2525731
2525744
2525753
2525770
2525803
2525852
2525867
2525874
2525971
2526124
2526188
2526196
2526235
2526259
2526338
2526347
2526365
2526383
2526399
2526447
2526478
2526526
2526697
2526722
2526793
2526853
2526876
2526911
2526916
2526918
2526943
2526972
2526996
2527029
2527032
2527036
2527124
2527173
2527183
2527189
2527219
2527241
2527277
2527382
2527433
2527443
2527477
2527537
2527551
2527569
2527614
2527638
2527664
2527846
2527890
2527917
2527941
2527961
2527977
2527988
2528040
2528117
2528212
2528300
2528333
2528342
2528375
2528388
2528437
2528442
2528471
2528480
2528485
2528708
2528760
2528765
2528809
2528819
2528981
2529018
2529043
2529059
2529084
2529116
2529122
2529167
2529200
2529267
2529284
2529287
2529292
2529313
2529318
2529357
2529376
2529430
2529441
2529451
2529502
2529585
2529649
2529684
2529705
2529713
2529744
2529814
2529843
2529854
2529856
2529916
2529922
2529937
2529941
2529952
2529960
2530020
2530024
2530104
2530128
2530132
2530168
2530182
2530225
2530243
2530255
2530329
2530377
2530403
2530410
2530432
2530436
2530460
2530488
2530500
2530510
2530522
2530666
2530670
2530673
2530737
2530739
2530759
2530769
2530810
2530818
2530854
2530936
2530969
2530977
2531014
2531031
2531065
2531168
2531239
2531249
2531281
2531290
2531304
2531317
2531330
2531339
2531375
2531409
2531448
2531494
2531531
2531608
2531624
2531644
2531673
2531757
2531779
2531789
2531866
2531876
2531887
2531913
2532045
2532078
2532081
2532106
2532139
2532236
2532241
2532259
2532269
2532290
2532386
2532409
2532426
2532500
2532515
2532541
2532546
2532559
2532565
2532573
2532618
2532632
2532719
2532736
2532747
2532773
2532776
2532804
2532881
2532913
2532980
2532988
2533078
2533133
2533241
2533269
2533302
2533354
2533491
2533519
2533521
2533635
2533665
2533718
2533731
2533769
2533782
2533824
2533847
2533851
2533870
2533878
2533920
2533924
2533958
2533991
2534026
2534049
2534060
2534064
2534083
2534136
2534323
2534399
2534431
2534438
2534439
2534467
2534507
2534571
2534575
2534591
2534605
2534636
2534665
2534757
2534799
2534823
2534836
2534911
2534934
2535041
2535045
2535053
2535080
2535098
2535141
2535371
2535486
2535559
2535566
2535594
2535625
2535878
2535894
2535922
2535927
2535966
2535982
2535987
2535996
2536015
2536028
2536042
2536076
2536095
2536110
2536118
2536173
2536180
2536205
2536219
2536230
2536235
2536282
2536303
2536431
2536459
2536463
2536647
2536678
2536696
2536700
2536710
2536762
2536768
2536934
2537040
2537063
2537074
2537083
2537121
2537176
2537239
2537371
2537440
2537556
2537603
2537611
2537637
2537666
2537673
2537680
2537745
2537759
2537781
2537824
2537863
2537875
2537925
2537964
2537996
2538032
2538039
2538102
2538115
2538239
2538316
2538393
2538413
2538421
2538453
2538515
2538542
2538573
2538575
2538602
2538667
2538715
2538742
2538789
2538876
2538941
2538999
2539045
2539056
2539167
2539256
2539261
2539270
2539278
2539292
2539299
2539310
2539329
2539351
2539363
2539439
2539460
2539494
2539504
2539519
2539531
2539542
2539544
2539551
2539552
2539570
2539577
2539582
2539602
2539611
2539613
2539621
2539634
2539650
2539705
2539738
2539754
2539820
2539842
2539951
2539952
2539983
2540056
2540082
2540091
2540140
2540188
2540189
2540272
2540279
2540285
2540352
2540407
2540430
2540466
2540473
2540483
2540637
2540660
2540724
2540741
2540772
2540791
2540794
2540827
2540840
2540872
2540934
2540950
2540990
2541012
2541063
2541091
2541105
2541144
2541166
2541194
2541239
2541260
2541367
2541378
2541423
2541463
2541486
2541514
2541592
2541629
2541634
2541704
2541742
2541838
2541847
2541865
2541925
2541951
2541973
2542000
2542074
2542108
2542162
2542168
2542213
2542237
2542261
2542264
2542271
2542276
2542302
2542315
2542330
2542371
2542388
2542424
2542467
2542531
2542610
2542654
2542670
2542714
2542802
2542815
2542892
2542946
2543065
2543093
2543150
2543175
2543237
2543326
2543337
2543348
2543366
2543488
2543504
2543549
2543564
2543574
2543621
2543689
2543717
2543727
2543736
2543757
2543768
2543790
2543824
2543833
2543876
2543900
2543911
2543938
2543982
2543995
2544022
2544099
2544166
2544194
2544212
2544221
2544242
2544264
2544326
2544345
2544389
2544395
2544403
2544426
2544473
2544600
2544603
2544633
2544678
2544682
2544693
2544730
2544745
2544772
2544780
2544813
2544824
2544832
2544924
2544951
2544967
2545061
2545062
2545150
2545182
2545249
2545347
2545501
2545509
2545521
2545527
2545543
2545564
2545644
2545680
2545826
2545850
2545873
2545881
2545885
2545931
2545943
2545960
2546004
2546065
2546068
2546129
2546164
2546229
2546250
2546263
2546284
2546302
2546356
2546382
2546422
2546424
2546450
2546454
2546464
2546465
2546577
2546592
2546597
2546629
2546682
2546686
2546692
2546693
2546735
2546747
2546764
2546817
2546824
2547063
2547149
2547157
2547169
2547175
2547208
2547294
2547350
2547408
2547469
2547535
2547538
2547548
2547581
2547604
2547609
2547636
2547738
2547743
2547761
2547862
2547871
2547892
2547917
2547944
2547947
2548033
2548039
2548050
2548106
2548117
2548129
2548132
2548166
2548201
2548219
2548287
2548304
2548307
2548321
2548344
2548359
2548364
2548384
2548442
2548486
2548500
2548524
2548565
2548595
2548608
2548635
2548649
2548674
2548781
2548804
2548840
2548851
2548980
2549031
2549040
2549125
2549129
2549157
2549195
2549368
2549453
2549466
2549475
2549484
2549522
2549531
2549547
2549602
2549619
2549734
2549743
2549780
2549805
2549844
2549916
2549929
2549936
2550078
2550103
2550105
2550143
2550176
2550270
2550353
2550354
2550373
2550395
2550420
2550493
2550516
2550546
2550599
2550759
2550773
2550783
2550800
2550822
2550938
2550945
2550957
2550980
2551075
2551120
2551127
2551131
2551135
2551151
2551160
2551212
2551213
2551327
2551371
2551421
2551425
2551428
2551445
2551493
2551600
2551666
2551847
2551879
2551899
2551934
2551964
2551975
2551980
2551991
2551997
2552001
2552021
2552089
2552236
2552252
2552285
2552329
2552350
2552397
2552417
2552435
2552442
2552465
2552498
2552499
2552567
2552573
2552583
2552608
2552610
2552689
2552752
2552761
2552844
2552851
2552862
2552976
2552991
2552995
2553023
2553033
2553101
2553124
2553214
2553216
2553248
2553258
2553338
2553351
2553386
2553453
2553546
2553549
2553583
2553595
2553606
2553609
2553625
2553636
2553701
2553723
2553741
2553749
2553830
2553839
2553847
2553872
2553886
2553900
2553916
2554016
2554062
2554106
2554176
2554242
2554249
2554293
2554310
2554423
2554561
2554580
2554594
2554740
2554750
2554814
2554821
2554834
2554860
2554889
2554943
2554949
2554965
2555021
2555067
2555098
2555112
2555124
2555292
2555347
2555404
2555445
2555449
2555470
2555492
2555505
2555551
2555571
2555610
2555614
2555617
2555666
2555797
2555881
2555978
2555997
2556004
2556029
2556052
2556143
2556150
2556208
2556252
2556254
2556302
2556309
2556384
2556526
2556527
2556541
2556766
2556782
2556876
2556893
2556904
2556933
2556940
2556965
2556974
2557001
2557034
2557163
2557180
2557217
2557269
2557362
2557423
2557429
2557469
2557543
2557594
2557598
2557615
2557664
2557695
2557717
2557741
2557898
2557911
2558004
2558043
2558129
2558162
2558181
2558343
2558354
2558425
2558468
2558486
2558490
2558494
2558514
2558560
2558562
2558602
2558646
2558696
2558721
2558820
2558900
2558914
2558994
2559007
2559038
2559078
2559181
2559199
2559272
2559284
2559329
2559342
2559368
2559425
2559442
2559482
2559499
2559541
2559559
2559599
2559663
2559668
2559747
2559806
2559871
2559935
2559960
2559990
2560029
2560046
2560092
2560135
2560185
2560235
2560280
2560293
2560314
2560321
2560381
2560425
2560452
2560506
2560572
2560670
2560690
2560702
2560733
2560734
2560817
2560821
2560904
2560911
2560970
2560972
2561031
2561035
2561054
2561070
2561077
2561086
2561109
2561119
2561137
2561141
2561213
2561227
2561433
2561458
2561468
2561477
2561479
2561482
2561544
2561562
2561570
2561640
2561663
2561689
2561735
2561748
2561790
2561833
2561840
2561846
2561865
2561960
2561977
2561998
2562026
2562039
2562089
2562095
2562104
2562110
2562158
2562182
2562254
2562339
2562454
2562532
2562610
2562763
2562788
2562805
2562807
2562830
2562916
2563014
2563031
2563041
2563080
2563085
2563091
2563130
2563139
2563150
2563155
2563168
2563187
2563258
2563282
2563284
2563299
2563326
2563390
2563394
2563463
2563595
2563604
2563655
2563664
2563676
2563710
2563724
2563862
2563881
2563959
2563985
2564037
2564043
2564082
2564116
2564137
2564164
2564179
2564282
2564376
2564387
2564407
2564452
2564470
2564508
2564539
2564552
2564611
2564745
2564770
2564804
2564819
2564901
2564915
2564925
2564945
2564948
2565017
2565043
2565044
2565106
2565157
2565167
2565171
2565182
2565188
2565208
2565244
2565273
2565298
2565355
2565365
2565519
2565545
2565570
2565585
2565603
2565618
2565631
2565648
2565669
2565675
2565687
2565688
2565710
2565717
2565819
2565850
2565931
2566065
2566117
2566153
2566283
2566312
2566340
2566372
2566388
2566413
2566449
2566514
2566520
2566568
2566614
2566624
2566668
2566770
2566774
2566796
2566940
2567011
2567086
2567105
2567123
2567144
2567207
2567229
2567287
2567340
2567432
2567460
2567472
2567518
2567530
2567613
2567661
2567673
2567682
2567742
2567807
2567844
2567867
2567892
2567961
2568088
2568227
2568235
2568277
2568294
2568377
2568382
2568398
2568425
2568435
2568439
2568464
2568510
2568511
2568523
2568547
2568595
2568631
2568650
2568659
2568692
2568712
2568740
2568773
2568778
2568801
2568832
2568838
2568873
2568883
2568899
2568931
2569017
2569028
2569084
2569095
2569119
2569122
2569126
2569141
2569245
2569273
2569300
2569311
2569317
2569340
2569363
2569377
2569383
2569460
2569466
2569473
2569489
2569496
2569540
2569542
2569557
2569565
2569574
2569577
2569593
2569700
2569710
2569741
2569794
2569798
2569933
2570018
2570049
2570119
2570138
2570158
2570176
2570229
2570299
2570312
2570373
2570375
2570376
2570378
2570397
2570431
2570453
2570713
2570729
2570736
2570756
2570847
2570887
2570890
2570986
2571078
2571101
2571104
2571183
2571201
2571239
2571283
2571337
2571348
2571480
2571572
2571592
2571610
2571627
2571638
2571675
2571702
2571703
2571733
2571740
2571771
2571775
2571808
2571861
2571885
2571894
2571930
2571958
2571962
2571971
2571974
2572037
2572046
2572098
2572105
2572137
2572162
2572184
2572185
2572262
2572312
2572332
2572338
2572404
2572426
2572437
2572456
2572464
2572469
2572491
2572498
2572588
2572607
2572662
2572697
2572752
2572766
2572772
2572809
2572826
2572831
2572843
2572845
2572877
2572882
2572895
2572997
2573069
2573085
2573120
2573155
2573165
2573283
2573306
2573320
2573354
2573485
2573492
2573501
2573508
2573545
2573566
2573584
2573657
2573671
2573697
2573707
2573776
2573786
2573799
2573855
2573856
2573872
2573885
2573886
2573952
2574007
2574094
2574155
2574169
2574193
2574318
2574332
2574361
2574404
2574467
2574489
2574499
2574525
2574528
2574532
2574566
2574584
2574642
2574669
2574700
2574832
2574850
2574855
2574859
2574923
2574950
2574961
2575021
2575095
2575175
2575231
2575249
2575289
2575356
2575396
2575431
2575452
2575539
2575569
2575713
2575744
2575751
2575821
2575902
2575904
2575934
2576051
2576105
2576110
2576243
2576287
2576297
2576352
2576429
2576461
2576481
2576553
2576615
2576632
2576660
2576677
2576679
2576699
2576793
2576802
2576841
2576891
2576903
2576949
2576953
2576976
2576986
2576987
2577003
2577118
2577159
2577179
2577252
2577258
2577279
2577286
2577309
2577312
2577317
2577322
2577364
2577452
2577453
2577456
2577487
2577519
2577563
2577601
2577612
2577625
2577725
2577745
2577747
2577753
2577814
2577846
2577881
2577903
2577910
2577933
2577949
2577971
2577976
2578002
2578016
2578054
2578056
2578062
2578117
2578156
2578173
2578192
2578233
2578241
2578249
2578284
2578294
2578307
2578310
2578385
2578415
2578435
2578471
2578502
2578520
2578522
2578557
2578567
2578603
2578610
2578622
2578637
2578667
2578678
2578805
2578846
2578876
2578913
2578928
2578942
2578954
2578970
2578974
2578982
2578993
2579010
2579078
2579097
2579098
2579147
2579179
2579216
2579234
2579259
2579303
2579320
2579346
2579461
2579506
2579520
2579563
2579565
2579569
2579636
2579668
2579775
2579813
2579886
2579917
2579948
2579985
2580001
2580050
2580240
2580269
2580281
2580287
2580299
2580331
2580341
2580395
2580412
2580466
2580484
2580507
2580528
2580577
2580583
2580651
2580737
2580754
2580759
2580765
2580801
2580819
2580832
2580860
2580882
2580887
2580900
2580968
2581035
2581042
2581047
2581120
2581130
2581151
2581165
2581219
2581261
2581333
2581388
2581523
2581535
2581564
2581595
2581671
2581740
2581744
2581827
2581916
2581925
2581926
2581945
2582020
2582028
2582053
2582077
2582086
2582168
2582187
2582193
2582244
2582346
2582375
2582379
2582386
2582415
2582436
2582486
2582514
2582555
2582567
2582599
2582614
2582637
2582653
2582660
2582701
2582730
2582766
2582828
2582857
2582904
2582941
2583000
2583024
2583094
2583130
2583157
2583159
2583182
2583264
2583342
2583349
2583416
2583472
2583478
2583512
2583529
2583544
2583563
2583629
2583651
2583656
2583687
2583693
2583711
2583727
2583740
2583793
2583939
2583971
2583993
2584003
2584035
2584145
2584180
2584328
2584351
2584521
2584570
2584622
2584655
2584692
2584717
2584724
2584761
2584806
2584830
2584847
2584858
2584859
2584901
2584906
2584911
2584922
2584978
2585018
2585052
2585061
2585063
2585079
2585086
2585118
2585127
2585160
2585168
2585209
2585251
2585255
2585301
2585310
2585372
2585423
2585481
2585485
2585494
2585536
2585563
2585593
2585610
2585624
2585697
2585737
2585751
2585801
2585896
2585980
2585985
2586001
2586004
2586032
2586040
2586075
2586078
2586085
2586114
2586125
2586189
2586252
2586257
2586304
2586338
2586372
2586379
2586402
2586406
2586432
2586501
2586508
2586540
2586541
2586561
2586578
2586609
2586741
2586813
2587003
2587137
2587190
2587307
2587358
2587413
2587421
2587426
2587431
2587519
2587553
2587575
2587655
2587665
2587704
2587710
2587747
2587751
2587759
2587809
2587814
2587821
2587824
2587876
2587885
2588068
2588085
2588160
2588175
2588223
2588237
2588248
2588288
2588340
2588354
2588380
2588486
2588491
2588493
2588498
2588506
2588511
2588552
2588582
2588624
2588663
2588693
2588740
2588750
2588760
2588787
2588830
2588922
2588980
2588988
2589024
2589033
2589057
2589123
2589151
2589154
2589191
2589200
2589268
2589276
2589368
2589423
2589466
2589504
2589535
2589538
2589553
2589671
2589693
2589717
2589727
2589736
2589794
2589795
2589817
2589825
2589844
2589851
2589858
2589862
2589875
2589891
2589939
2589969
2590021
2590085
2590182
2590206
2590249
2590260
2590268
2590291
2590322
2590341
2590401
2590410
2590444
2590446
2590490
2590504
2590513
2590542
2590583
2590618
2590681
2590725
2590760
2590845
2590855
2590858
2590866
2590970
2590990
2590992
2591115
2591187
2591233
2591239
2591243
2591290
2591304
2591308
2591481
2591484
2591522
2591576
2591666
2591672
2591690
2591711
2591743
2591763
2591777
2591807
2591824
2591878
2591914
2591919
2591923
2591959
2591973
2591993
2592093
2592095
2592188
2592196
2592208
2592320
2592330
2592340
2592404
2592476
2592506
2592527
2592613
2592686
2592688
2592718
2592725
2592726
2592761
2592776
2592794
2592857
2592888
2592899
2592931
2592938
2592941
2592953
2593005
2593063
2593073
2593074
2593079
2593085
2593095
2593100
2593136
2593193
2593292
2593316
2593356
2593362
2593421
2593459
2593467
2593519
2593539
2593579
2593639
2593660
2593674
2593677
2593711
2593725
2593767
2593814
2593904
2593951
2593955
2593981
2593983
2593996
2594004
2594039
2594049
2594100
2594213
2594252
2594277
2594283
2594296
2594454
2594486
2594514
2594552
2594629
2594634
2594635
2594641
2594689
2594692
2594732
2594744
2594798
2594804
2594841
2594866
2594967
2595005
2595066
2595067
2595073
2595132
2595179
2595219
2595257
2595290
2595330
2595341
2595345
2595354
2595438
2595470
2595521
2595567
2595578
2595581
2595585
2595599
2595634
2595645
2595655
2595677
2595726
2595731
2595750
2595759
2595779
2595793
2595863
2595971
2595985
2596142
2596184
2596325
2596356
2596415
2596469
2596506
2596515
2596536
2596559
2596568
2596617
2596653
2596720
2596721
2596745
2596772
2596781
2596817
2596828
2596862
2596883
2596890
2596910
2596934
2596939
2596954
2596978
2597005
2597015
2597053
2597066
2597162
2597214
2597230
2597261
2597269
2597298
2597304
2597312
2597322
2597380
2597391
2597459
2597670
2597733
2597740
2597745
2597760
2597763
2597830
2597881
2597930
2597947
2597996
2598015
2598022
2598044
2598053
2598081
2598112
2598130
2598136
2598152
2598164
2598197
2598292
2598317
2598330
2598335
2598366
2598389
2598402
2598407
2598414
2598429
2598438
2598446
2598452
2598453
2598500
2598508
2598545
2598546
2598561
2598592
2598638
2598639
2598672
2598694
2598718
2598738
2598770
2598865
2598915
2598933
2599032
2599096
2599110
2599139
2599151
2599165
2599204
2599229
2599307
2599352
2599373
2599394
2599417
2599426
2599440
2599494
2599525
2599564
2599633
2599640
2599667
2599679
2599777
2599798
2599807
2599825
2599863
2599904
2599955
2599981
2600016
2600077
2600086
2600098
2600105
2600108
2600132
2600173
2600203
2600257
2600260
2600327
2600338
2600354
2600413
2600418
2600455
2600473
2600483
2600572
2600588
2600630
2600659
2600737
2600778
2600793
2600814
2600843
2600870
2600885
2600957
2600971
2600991
2600994
2601050
2601073
2601090
2601139
2601147
2601151
2601175
2601182
2601188
2601199
2601202
2601206
2601215
2601226
2601326
2601343
2601372
2601390
2601401
2601415
2601446
2601459
2601474
2601518
2601529
2601604
2601628
2601647
2601652
2601741
2601751
2601753
2601765
2601788
2601802
2601845
2601941
2601998
2602056
2602086
2602102
2602148
2602156
2602202
2602234
2602262
2602311
2602321
2602386
2602397
2602413
2602424
2602464
2602561
2602581
2602602
2602647
2602682
2602768
2602912
2602921
2602984
2603017
2603051
2603131
2603178
2603216
2603242
2603279
2603304
2603322
2603345
2603475
2603496
2603534
2603541
2603618
2603648
2603660
2603682
2603690
2603698
2603701
2603720
2603770
2603864
2603873
2603924
2603952
2604112
2604136
2604172
2604214
2604238
2604283
2604319
2604345
2604407
2604418
2604453
2604604
2604736
2604759
2604761
2604781
2604799
2604860
2604968
2605014
2605072
2605114
2605154
2605163
2605247
2605269
2605302
2605305
2605369
2605406
2605413
2605418
2605438
2605440
2605459
2605480
2605506
2605515
2605538
2605551
2605570
2605575
2605641
2605713
2605749
2605783
2605823
2605848
2605862
2605869
2605909
2605949
2605973
2605978
2606016
2606055
2606119
2606181
2606196
2606215
2606218
2606255
2606259
2606298
2606323
2606340
2606403
2606477
2606507
2606542
2606543
2606579
2606594
2606607
2606663
2606708
2606718
2606729
2606735
2606739
2606741
2606882
2606894
2606910
2606946
2606973
2607017
2607137
2607277
2607317
2607361
2607362
2607433
2607506
2607534
2607538
2607586
2607600
2607710
2607739
2607781
2607817
2607860
2607867
2607969
2607984
2608043
2608121
2608154
2608178
2608246
2608291
2608297
2608316
2608335
2608422
2608458
2608472
2608479
2608504
2608558
2608579
2608584
2608604
2608626
2608635
2608692
2608715
2608719
2608795
2608811
2608901
2608941
2608942
2608952
2608976
2608981
2609088
2609131
2609139
2609146
2609185
2609232
2609282
2609312
2609333
2609392
2609454
2609493
2609516
2609542
2609559
2609653
2609701
2609776
2609837
2609843
2609891
2609926
2610019
2610043
2610063
2610093
2610120
2610148
2610199
2610213
2610229
2610293
2610394
2610512
2610527
2610564
2610615
2610619
2610714
2610779
2610825
2610896
2610927
2610973
2610983
2611000
2611137
2611194
2611219
2611223
2611241
2611257
2611274
2611306
2611319
2611354
2611363
2611525
2611588
2611713
2611782
2611816
2611854
2611871
2611972
2612016
2612094
2612108
2612110
2612126
2612133
2612142
2612150
2612183
2612210
2612230
2612260
2612308
2612323
2612329
2612348
2612383
2612428
2612469
2612484
2612500
2612565
2612610
2612627
2612663
2612684
2612686
2612702
2612826
2612857
2612861
2612917
2612948
2613021
2613061
2613079
2613155
2613179
2613201
2613231
2613336
2613348
2613391
2613393
2613430
2613455
2613456
2613461
2613473
2613495
2613497
2613570
2613618
2613689
2613765
2613921
2614024
2614079
2614085
2614104
2614173
2614176
2614208
2614238
2614254
2614384
2614447
2614464
2614473
2614536
2614555
2614588
2614632
2614638
2614656
2614659
2614683
2614799
2614826
2614840
2614851
2614919
2614936
2614953
2615047
2615056
2615115
2615120
2615135
2615152
2615168
2615230
2615281
2615293
2615383
2615402
2615501
2615625
2615633
2615642
2615693
2615747
2615793
2615952
2616056
2616077
2616088
2616095
2616215
2616224
2616233
2616237
2616309
2616312
2616313
2616318
2616322
2616361
2616395
2616399
2616411
2616413
2616438
2616464
2616502
2616555
2616587
2616607
2616609
2616685
2616693
2616717
2616744
2616746
2616754
2616770
2616818
2616847
2616870
2616876
2616897
2616935
2616954
2616955
2616982
2616985
2616989
2616993
2617010
2617016
2617051
2617122
2617133
2617208
2617214
2617237
2617253
2617273
2617283
2617301
2617306
2617331
2617336
2617365
2617433
2617454
2617506
2617592
2617622
2617665
2617697
2617703
2617722
2617750
2617757
2617803
2617807
2617809
2617824
2617882
2618000
2618021
2618069
2618093
2618096
2618122
2618154
2618221
2618238
2618247
2618252
2618295
2618355
2618391
2618442
2618455
2618460
2618465
2618622
2618641
2618660
2618687
2618740
2618789
2618810
2618824
2618835
2618855
2618856
2618864
2618948
2618964
2618980
2619027
2619037
2619043
2619056
2619068
2619101
2619107
2619131
2619140
2619148
2619169
2619188
2619197
2619242
2619423
2619434
2619443
2619468
2619484
2619517
2619551
2619565
2619625
2619714
2619721
2619747
2619770
2619806
2619823
2619864
2619877
2619885
2619899
2619903
2620019
2620043
2620062
2620071
2620074
2620085
2620093
2620096
2620113
2620145
2620160
2620259
2620295
2620296
2620358
2620437
2620439
2620476
2620511
2620537
2620585
2620643
2620681
2620832
2620846
2620851
2620863
2620869
2620909
2620967
2621021
2621022
2621036
2621073
2621101
2621201
2621335
2621358
2621398
2621400
2621414
2621417
2621534
2621580
2621604
2621624
2621641
2621738
2621749
2621776
2621791
2621844
2621895
2621957
2622007
2622020
2622039
2622059
2622108
2622109
2622160
2622246
2622281
2622299
2622350
2622362
2622367
2622374
2622379
2622414
2622443
2622470
2622492
2622529
2622546
2622567
2622588
2622612
2622659
2622661
2622669
2622674
2622718
2622726
2622767
2622775
2622784
2622791
2622819
2622837
2622840
2622843
2622983
2623071
2623091
2623097
2623108
2623110
2623113
2623120
2623174
2623191
2623211
2623242
2623390
2623394
2623404
2623446
2623449
2623451
2623454
2623481
2623511
2623566
2623623
2623644
2623668
2623715
2623776
2623785
2623803
2623809
2623821
2623844
2623847
2623855
2623859
2623874
2623893
2623983
2624041
2624046
2624099
2624111
2624120
2624191
2624203
2624218
2624226
2624240
2624249
2624260
2624337
2624358
2624398
2624547
2624595
2624777
2624835
2624855
2624896
2624931
2624947
2624966
2624976
2624981
2624991
2624995
2625015
2625072
2625113
2625138
2625179
2625201
2625211
2625285
2625310
2625401
2625407
2625440
2625592
2625603
2625655
2625657
2625666
2625680
2625683
2625714
2625775
2625823
2625962
2626023
2626040
2626075
2626154
2626181
2626213
2626234
2626247
2626253
2626265
2626321
2626327
2626333
2626391
2626396
2626422
2626438
2626443
2626463
2626467
2626563
2626615
2626687
2626696
2626792
2626801
2626873
2626927
2626937
2626986
2627015
2627024
2627033
2627047
2627062
2627120
2627169
2627211
2627246
2627260
2627266
2627273
2627351
2627359
2627386
2627457
2627472
2627485
2627505
2627509
2627524
2627538
2627573
2627574
2627579
2627591
2627640
2627763
2627765
2627809
2627823
2627834
2627842
2627888
2627905
2627915
2627994
2628052
2628121
2628184
2628221
2628227
2628299
2628301
2628313
2628348
2628394
2628439
2628461
2628551
2628562
2628598
2628607
2628615
2628805
2628811
2628818
2628844
2628977
2629000
2629069
2629177
2629258
2629291
2629311
2629336
2629345
2629391
2629427
2629502
2629532
2629540
2629553
2629572
2629699
2629740
2629744
2629759
2629769
2629816
2629822
2629825
2629831
2629840
2629894
2629928
2629944
2629956
2630031
2630160
2630198
2630260
2630364
2630407
2630421
2630425
2630453
2630547
2630550
2630595
2630618
2630660
2630676
2630687
2630688
2630692
2630746
2630758
2630792
2630804
2630840
2630854
2630892
2630925
2630970
2630997
2631042
2631045
2631085
2631119
2631124
2631184
2631215
2631457
2631485
2631504
2631525
2631526
2631538
2631679
2631690
2631772
2631810
2631875
2631895
2631907
2631915
2631956
2631993
2632016
2632076
2632085
2632086
2632095
2632175
2632181
2632211
2632225
2632237
2632310
2632343
2632414
2632433
2632554
2632584
2632671
2632742
2632792
2632811
2632817
2632823
2632834
2632900
2632919
2632932
2632965
2632986
2633108
2633123
2633157
2633221
2633261
2633348
2633362
2633387
2633467
2633495
2633540
2633604
2633631
2633719
2633724
2633748
2633778
2633813
2633846
2633864
2633873
2633876
2633899
2633926
2633990
2633998
2634049
2634066
2634097
2634103
2634128
2634141
2634209
2634212
2634223
2634271
2634293
2634299
2634323
2634330
2634337
2634391
2634405
2634429
2634455
2634475
2634501
2634533
2634571
2634585
2634663
2634704
2634837
2634876
2634918
2634939
2634953
2634970
2635055
2635091
2635124
2635126
2635155
2635234
2635260
2635370
2635395
2635418
2635420
2635428
2635459
2635474
2635492
2635500
2635530
2635540
2635549
2635550
2635557
2635559
2635582
2635584
2635599
2635627
2635656
2635673
2635681
2635767
2635790
2635803
2635836
2635842
2635902
2635908
2635983
2635996
2636018
2636022
2636026
2636044
2636120
2636123
2636180
2636270
2636426
2636432
2636438
2636469
2636494
2636542
2636604
2636620
2636638
2636659
2636664
2636719
2636731
2636745
2636794
2636819
2636858
2636881
2636885
2636906
2636914
2636929
2636981
2637099
2637119
2637130
2637257
2637267
2637337
2637347
2637376
2637445
2637448
2637517
2637530
2637535
2637584
2637650
2637714
2637739
2637750
2637758
2637772
2637827
2637935
2637972
2637977
2638016
2638025
2638039
2638084
2638110
2638150
2638163
2638164
2638170
2638201
2638225
2638240
2638271
2638326
2638462
2638488
2638491
2638578
2638598
2638641
2638658
2638659
2638665
2638702
2638729
2638742
2638744
2638780
2638794
2638832
2638835
2638855
2638986
2639018
2639038
2639070
2639077
2639080
2639206
2639246
2639249
2639257
2639279
2639378
2639380
2639385
2639423
2639432
2639498
2639502
2639528
2639665
2639668
2639779
2639795
2639833
2639895
2639904
2639974
2639999
2640084
2640106
2640139
2640209
2640212
2640234
2640329
2640341
2640391
2640410
2640435
2640459
2640467
2640493
2640514
2640562
2640568
2640588
2640661
2640691
2640789
2640817
2640825
2640832
2640893
2640972
2641018
2641024
2641094
2641096
2641115
2641120
2641173
2641317
2641332
2641344
2641360
2641377
2641385
2641415
2641429
2641464
2641613
2641624
2641661
2641686
2641741
2641761
2641789
2641795
2641799
2641823
2641876
2641904
2642004
2642049
2642066
2642088
2642115
2642130
2642133
2642203
2642219
2642223
2642261
2642281
2642310
2642343
2642359
2642398
2642403
2642426
2642432
2642433
2642520
2642543
2642637
2642711
2642721
2642730
2642744
2642751
2642964
2643150
2643186
2643220
2643257
2643278
2643315
2643412
2643443
2643453
2643523
2643544
2643568
2643574
2643589
2643597
2643615
2643691
2643706
2643711
2643736
2643750
2643759
2643767
2643769
2643787
2643833
2643845
2643846
2643875
2643906
2643917
2643943
2643984
2643996
2644090
2644101
2644110
2644151
2644243
2644257
2644283
2644321
2644327
2644347
2644366
2644371
2644377
2644382
2644396
2644482
2644524
2644558
2644599
2644612
2644714
2644736
2644737
2644819
2644835
2644863
2644879
2645028
2645066
2645084
2645091
2645152
2645155
2645175
2645204
2645220
2645230
2645301
2645380
2645404
2645406
2645425
2645473
2645566
2645657
2645662
2645674
2645677
2645706
2645715
2645727
2645748
2645793
2645809
2645830
2645879
2645938
2645945
2645991
2646081
2646086
2646088
2646137
2646166
2646201
2646219
2646236
2646242
2646287
2646309
2646324
2646352
2646357
2646360
2646369
2646380
2646387
2646399
2646470
2646529
2646574
2646576
2646591
2646676
2646727
2646754
2646780
2646833
2646848
2646926
2646946
2646951
2646958
2647037
2647064
2647081
2647106
2647139
2647165
2647178
2647210
2647228
2647331
2647335
2647354
2647409
2647453
2647469
2647514
2647525
2647538
2647558
2647620
2647632
2647645
2647751
2647775
2647786
2647848
2647874
2647927
2647946
2648006
2648019
2648032
2648143
2648190
2648247
2648275
2648278
2648280
2648325
2648375
2648439
2648443
2648491
2648506
2648527
2648547
2648643
2648665
2648726
2648829
2648841
2648865
2648875
2648889
2648932
2648939
2648972
2649043
2649057
2649061
2649120
2649124
2649138
2649244
2649250
2649258
2649286
2649310
2649465
2649601
2649605
2649649
2649765
2649814
2649846
2649998
2650014
2650051
2650067
2650195
2650229
2650247
2650253
2650313
2650332
2650404
2650477
2650487
2650518
2650553
2650563
2650711
2650733
2650742
2650869
2650870
2650922
2650950
2650994
2651004
2651024
2651092
2651119
2651144
2651150
2651155
2651163
2651221
2651246
2651332
2651426
2651427
2651524
2651532
2651559
2651579
2651731
2651790
2651820
2651825
2651881
2651978
2652164
2652196
2652207
2652239
2652293
2652343
2652394
2652452
2652476
2652530
2652558
2652602
2652607
2652640
2652658
2652660
2652668
2652723
2652782
2652865
2652876
2652878
2652940
2652945
2653008
2653042
2653106
2653196
2653213
2653237
2653251
2653263
2653278
2653297
2653351
2653379
2653382
2653416
2653455
2653485
2653530
2653538
2653554
2653574
2653580
2653614
2653707
2653721
2653728
2653747
2653803
2653812
2653853
2653869
2653899
2653913
2653931
2654021
2654034
2654141
2654150
2654226
2654252
2654275
2654310
2654327
2654371
2654404
2654471
2654473
2654526
2654686
2654698
2654747
2654813
2654818
2654824
2654847
2654887
2654938
2654963
2654979
2655023
2655084
2655088
2655192
2655195
2655205
2655232
2655233
2655245
2655262
2655269
2655303
2655314
2655326
2655505
2655531
2655546
2655613
2655637
2655654
2655667
2655677
2655686
2655774
2655802
2655817
2655821
2655832
2655847
2655853
2655877
2655911
2655937
2655954
2655974
2656009
2656013
2656063
2656103
2656107
2656127
2656153
2656243
2656249
2656258
2656264
2656292
2656328
2656341
2656371
2656390
2656416
2656431
2656473
2656541
2656585
2656609
2656666
2656699
2656784
2656808
2656810
2656819
2656867
2656873
2657008
2657038
2657048
2657089
2657121
2657130
2657136
2657146
2657160
2657194
2657239
2657258
2657296
2657331
2657339
2657358
2657381
2657396
2657401
2657406
2657419
2657456
2657470
2657536
2657558
2657756
2657867
2657948
2658000
2658002
2658057
2658099
2658168
2658192
2658234
2658265
2658313
2658317
2658391
2658396
2658409
2658436
2658481
2658515
2658559
2658589
2658598
2658606
2658624
2658630
2658703
2658714
2658729
2658740
2658754
2658767
2658823
2658842
2658904
2658921
2658934
2659033
2659097
2659129
2659148
2659158
2659206
2659223
2659229
2659307
2659369
2659387
2659402
2659442
2659469
2659491
2659506
2659522
2659527
2659530
2659552
2659696
2659720
2659828
2659846
2659863
2659869
2659903
2659973
2660007
2660021
2660028
2660034
2660073
2660129
2660158
2660217
2660252
2660269
2660291
2660294
2660315
2660366
2660369
2660411
2660421
2660440
2660442
2660445
2660464
2660501
2660512
2660516
2660528
2660553
2660618
2660743
2660783
2660796
2660814
2660815
2660888
2660903
2660939
2660981
2661005
2661027
2661053
2661077
2661083
2661191
2661206
2661254
2661274
2661330
2661363
2661397
2661415
2661432
2661453
2661460
2661474
2661475
2661476
2661569
2661634
2661691
2661702
2661776
2661793
2661803
2661820
2661842
2661935
2661958
2661993
2662010
2662018
2662053
2662056
2662064
2662147
2662158
2662201
2662265
2662379
2662460
2662521
2662529
2662615
2662681
2662721
2662725
2662769
2662778
2662820
2662825
2662908
2662917
2663009
2663053
2663057
2663078
2663091
2663096
2663114
2663117
2663214
2663251
2663273
2663280
2663293
2663302
2663369
2663377
2663381
2663445
2663450
2663491
2663533
2663541
2663561
2663793
2663801
2663855
2663873
2663900
2663911
2663937
2663943
2664026
2664171
2664243
2664261
2664288
2664330
2664339
2664432
2664479
2664484
2664529
2664540
2664547
2664635
2664668
2664755
2664763
2664778
2664784
2664800
2664840
2664873
2664885
2664998
2665007
2665009
2665023
2665034
2665044
2665066
2665129
2665136
2665192
2665235
2665284
2665298
2665374
2665440
2665506
2665521
2665545
2665554
2665584
2665607
2665630
2665638
2665666
2665670
2665791
2665869
2665896
2665948
2665957
2665973
2666065
2666159
2666186
2666219
2666375
2666385
2666404
2666418
2666419
2666421
2666461
2666469
2666478
2666484
2666494
2666503
2666507
2666530
2666549
2666597
2666612
2666637
2666649
2666715
2666728
2666740
2666749
2666784
2666821
2666828
2666924
2666949
2666959
2666968
2666988
2667030
2667037
2667064
2667406
2667412
2667418
2667440
2667446
2667458
2667488
2667497
2667517
2667539
2667562
2667565
2667574
2667587
2667680
2667716
2667806
2667836
2667848
2667931
2667939
2667962
2667987
2668024
2668033
2668040
2668053
2668091
2668103
2668107
2668170
2668219
2668261
2668279
2668301
2668315
2668319
2668323
2668325
2668349
2668381
2668415
2668453
2668477
2668485
2668503
2668511
2668515
2668532
2668543
2668566
2668594
2668615
2668640
2668694
2668750
2668788
2668841
2668976
2669073
2669078
2669109
2669123
2669167
2669168
2669219
2669246
2669297
2669299
2669322
2669326
2669366
2669385
2669397
2669410
2669550
2669635
2669647
2669678
2669777
2669780
2669789
2669837
2669867
2669884
2669904
2669933
2669938
2669945
2669955
2670003
2670015
2670020
2670065
2670066
2670072
2670208
2670224
2670249
2670385
2670424
2670443
2670491
2670575
2670581
2670596
2670638
2670661
2670726
2670755
2670757
2670770
2670812
2670909
2670917
2670925
2670942
2670993
2671071
2671075
2671129
2671176
2671418
2671460
2671524
2671530
2671556
2671590
2671612
2671627
2671651
2671665
2671667
2671694
2671696
2671793
2671796
2671945
2671979
2672011
2672015
2672131
2672163
2672170
2672201
2672253
2672327
2672338
2672364
2672368
2672374
2672414
2672421
2672456
2672475
2672493
2672499
2672524
2672533
2672584
2672601
2672622
2672655
2672666
2672668
2672682
2672754
2672844
2672892
2672896
2672940
2672952
2672978
2673001
2673006
2673045
2673070
2673108
2673160
2673169
2673185
2673193
2673214
2673227
2673233
2673252
2673272
2673344
2673387
2673400
2673406
2673434
2673439
2673449
2673468
2673525
2673546
2673586
2673591
2673655
2673659
2673746
2673757
2673810
2673874
2673910
2673927
2673985
2673996
2673999
2674009
2674035
2674086
2674149
2674184
2674198
2674227
2674230
2674266
2674272
2674296
2674371
2674401
2674465
2674468
2674499
2674524
2674530
2674592
2674623
2674707
2674750
2674763
2674769
2674791
2674793
2674810
2674814
2674896
2674942
2674956
2675012
2675046
2675097
2675177
2675179
2675190
2675208
2675209
2675252
2675255
2675275
2675297
2675313
2675372
2675375
2675392
2675423
2675470
2675540
2675659
2675783
2675797
2675802
2675836
2675860
2675887
2675889
2675916
2675923
2675932
2675977
2676074
2676186
2676198
2676213
2676224
2676261
2676271
2676322
2676413
2676449
2676454
2676515
2676522
2676540
2676579
2676673
2676742
2676760
2676762
2676776
2676778
2676791
2676799
2676808
2676826
2676945
2677037
2677064
2677249
2677338
2677471
2677475
2677533
2677593
2677611
2677616
2677816
2677834
2677836
2677837
2677898
2677950
2677967
2678055
2678056
2678104
2678156
2678164
2678192
2678234
2678261
2678272
2678281
2678294
2678339
2678352
2678371
2678380
2678394
2678426
2678433
2678484
2678530
2678567
2678571
2678588
2678591
2678648
2678679
2678836
2678856
2678911
2678956
2678985
2679074
2679077
2679093
2679156
2679235
2679247
2679268
2679271
2679295
2679327
2679422
2679428
2679540
2679555
2679567
2679626
2679658
2679666
2679674
2679720
2679721
2679736
2679813
2679872
2679904
2679989
2680014
2680016
2680024
2680081
2680084
2680092
2680098
2680173
2680181
2680193
2680310
2680311
2680335
2680389
2680526
2680563
2680576
2680596
2680639
2680648
2680671
2680682
2680684
2680709
2680764
2680788
2680819
2680919
2680966
2680980
2681004
2681010
2681014
2681048
2681126
2681173
2681198
2681256
2681274
2681296
2681356
2681408
2681459
2681472
2681482
2681485
2681621
2681696
2681699
2681710
2681754
2681765
2681836
2681886
2681901
2681904
2682003
2682030
2682042
2682083
2682106
2682171
2682207
2682261
2682286
2682291
2682425
2682437
2682439
2682469
2682534
2682585
2682590
2682608
2682613
2682621
2682683
2682689
2682697
2682708
2682710
2682747
2682754
2682783
2682839
2682850
2682992
2683040
2683077
2683147
2683175
2683198
2683220
2683229
2683231
2683263
2683280
2683303
2683421
2683425
2683457
2683488
2683491
2683508
2683521
2683537
2683599
2683610
2683646
2683659
2683673
2683711
2683794
2683804
2683811
2683830
2683880
2683890
2683923
2683959
2683969
2684079
2684236
2684255
2684295
2684306
2684313
2684323
2684325
2684409
2684461
2684512
2684572
2684646
2684651
2684655
2684693
2684696
2684707
2684757
2684865
2684947
2684965
2685022
2685068
2685137
2685202
2685223
2685298
2685304
2685307
2685321
2685358
2685361
2685391
2685413
2685613
2685718
2685724
2685738
2685917
2685921
2686002
2686038
2686178
2686183
2686195
2686238
2686279
2686289
2686296
2686345
2686416
2686468
2686545
2686570
2686625
2686676
2686691
2686783
2686813
2686821
2686846
2686853
2686912
2686960
2687006
2687027
2687039
2687085
2687211
2687253
2687274
2687301
2687316
2687364
2687421
2687431
2687463
2687467
2687518
2687529
2687546
2687550
2687562
2687577
2687636
2687655
2687663
2687669
2687685
2687860
2687873
2687878
2687906
2687916
2687943
2687949
2688032
2688064
2688091
2688151
2688164
2688267
2688345
2688347
2688351
2688377
2688549
2688552
2688559
2688591
2688617
2688671
2688736
2688761
2688768
2688783
2688796
2688825
2688840
2688854
2688889
2688903
2688961
2688986
2688989
2689047
2689079
2689102
2689117
2689123
2689140
2689151
2689154
2689157
2689179
2689193
2689203
2689216
2689294
2689372
2689379
2689402
2689409
2689447
2689500
2689508
2689541
2689570
2689573
2689589
2689617
2689624
2689651
2689788
2689821
2689846
2689911
2689948
2690021
2690023
2690035
2690059
2690076
2690100
2690134
2690248
2690281
2690354
2690359
2690363
2690477
2690527
2690537
2690592
2690640
2690723
2690735
2690761
2690798
2690876
2690891
2691036
2691039
2691106
2691150
2691167
2691203
2691210
2691219
2691234
2691299
2691308
2691405
2691424
2691471
2691576
2691588
2691626
2691769
2691833
2691862
2691911
2691927
2691959
2691993
2691999
2692144
2692177
2692179
2692212
2692282
2692289
2692353
2692355
2692382
2692397
2692405
2692462
2692535
2692558
2692582
2692627
2692632
2692644
2692646
2692652
2692654
2692721
2692735
2692738
2692779
2692795
2692828
2692911
2692930
2692951
2692955
2692958
2692969
2692973
2692996
2693095
2693171
2693204
2693294
2693300
2693311
2693447
2693456
2693488
2693503
2693517
2693540
2693572
2693695
2693719
2693725
2693741
2693746
2693770
2693856
2693873
2693879
2693968
2693984
2693992
2694061
2694083
2694085
2694270
2694294
2694345
2694381
2694409
2694457
2694520
2694563
2694635
2694689
2694707
2694710
2694880
2694918
2694921
2694925
2694931
2694974
2695047
2695096
2695122
2695172
2695188
2695191
2695199
2695214
2695265
2695278
2695304
2695316
2695364
2695375
2695441
2695482
2695551
2695609
2695665
2695793
2695834
2695880
2695890
2695967
2695990
2695994
2696012
2696044
2696057
2696061
2696068
2696098
2696110
2696147
2696171
2696179
2696217
2696232
2696238
2696269
2696297
2696304
2696416
2696449
2696508
2696525
2696529
2696542
2696573
2696587
2696635
2696641
2696716
2696764
2696800
2696844
2696860
2696875
2696930
2696936
2696939
2697037
2697040
2697049
2697063
2697072
2697100
2697248
2697256
2697285
2697315
2697321
2697426
2697483
2697686
2697799
2697806
2697844
2697907
2697945
2698012
2698015
2698058
2698093
2698100
2698104
2698175
2698195
2698245
2698250
2698286
2698294
2698425
2698471
2698534
2698721
2698761
2698816
2698874
2698887
2698913
2698923
2698952
2699005
2699074
2699086
2699093
2699146
2699193
2699195
2699258
2699332
2699458
2699482
2699516
2699534
2699536
2699562
2699594
2699605
2699616
2699631
2699657
2699672
2699681
2699694
2699875
2699931
2699973
2700050
2700055
2700064
2700086
2700096
2700182
2700196
2700201
2700208
2700212
2700237
2700269
2700282
2700305
2700320
2700328
2700333
2700352
2700367
2700382
2700399
2700493
2700594
2700726
2700756
2700865
2700895
2700919
2700922
2700926
2700991
2701012
2701019
2701022
2701040
2701082
2701120
2701162
2701173
2701186
2701199
2701223
2701234
2701304
2701381
2701463
2701541
2701577
2701751
2701759
2701795
2701800
2701804
2701808
2701818
2701837
2701883
2701931
2701933
2701954
2702059
2702082
2702115
2702163
2702211
2702276
2702282
2702345
2702353
2702367
2702417
2702421
2702431
2702464
2702468
2702500
2702549
2702554
2702571
2702625
2702635
2702685
2702736
2702768
2702835
2702837
2702923
2702937
2703018
2703040
2703073
2703150
2703179
2703281
2703323
2703325
2703470
2703520
2703578
2703583
2703588
2703616
2703790
2703938
2703954
2704020
2704049
2704152
2704158
2704159
2704209
2704260
2704293
2704301
2704323
2704358
2704502
2704506
2704525
2704550
2704556
2704579
2704651
2704703
2704744
2704752
2704771
2704794
2704795
2704805
2704812
2704827
2704837
2704901
2704907
2704916
2704953
2704964
2705051
2705172
2705190
2705267
2705270
2705275
2705289
2705318
2705384
2705395
2705437
2705456
2705461
2705495
2705503
2705537
2705555
2705565
2705649
2705670
2705677
2705691
2705744
2705752
2705848
2705853
2705858
2705935
2705957
2706031
2706040
2706048
2706099
2706182
2706191
2706224
2706262
2706284
2706363
2706387
2706448
2706493
2706530
2706555
2706556
2706578
2706665
2706702
2706744
2706768
2706798
2706814
2706861
2706891
2706905
2706913
2706918
2706949
2707076
2707095
2707132
2707177
2707183
2707264
2707299
2707349
2707495
2707609
2707647
2707649
2707652
2707657
2707733
2707840
2707852
2707890
2707903
2707928
2707962
2708019
2708034
2708106
2708117
2708239
2708245
2708267
2708276
2708278
2708321
2708322
2708335
2708362
2708387
2708417
2708437
2708447
2708451
2708460
2708521
2708533
2708566
2708591
2708634
2708684
2708689
2708712
2708741
2708755
2708779
2708850
2708856
2708870
2708929
2708978
2709195
2709208
2709264
2709289
2709314
2709361
2709394
2709472
2709548
2709580
2709629
2709671
2709685
2709746
2709785
2709836
2709839
2709856
2709881
2709911
2710022
2710042
2710085
2710138
2710235
2710365
2710449
2710461
2710494
2710553
2710613
2710658
2710688
2710700
2710701
2710825
2710840
2710891
2710924
2710935
2711105
2711114
2711118
2711136
2711148
2711188
2711234
2711239
2711277
2711289
2711293
2711342
2711352
2711367
2711448
2711459
2711473
2711523
2711562
2711615
2711674
2711681
2711732
2711764
2711808
2711842
2711868
2711944
2711962
2711964
2712012
2712016
2712045
2712050
2712087
2712170
2712183
2712208
2712348
2712353
2712433
2712468
2712518
2712541
2712546
2712553
2712591
2712602
2712617
2712661
2712663
2712712
2712742
2712752
2712759
2712784
2712869
2712870
2712883
2712896
2712942
2713044
2713062
2713085
2713095
2713112
2713137
2713138
2713168
2713195
2713232
2713299
2713377
2713383
2713387
2713401
2713433
2713453
2713541
2713634
2713649
2713720
2713736
2713762
2713784
2713797
2713824
2713831
2713835
2713882
2713896
2713909
2713940
2713976
2713990
2714009
2714046
2714056
2714065
2714091
2714177
2714191
2714342
2714344
2714352
2714373
2714393
2714411
2714431
2714437
2714568
2714637
2714662
2714677
2714724
2714763
2714823
2714836
2714878
2714902
2714931
2714943
2714983
2714993
2715036
2715119
2715201
2715215
2715243
2715296
2715321
2715339
2715355
2715377
2715392
2715417
2715437
2715445
2715459
2715484
2715542
2715567
2715596
2715679
2715759
2715866
2715953
2716022
2716111
2716129
2716172
2716207
2716238
2716266
2716282
2716296
2716317
2716371
2716473
2716483
2716488
2716499
2716536
2716640
2716676
2716867
2716879
2716890
2716914
2716970
2717005
2717018
2717027
2717095
2717155
2717171
2717213
2717231
2717283
2717289
2717320
2717369
2717377
2717391
2717395
2717411
2717420
2717514
2717527
2717615
2717645
2717662
2717690
2717729
2717777
2717793
2717842
2717851
2717872
2717895
2717914
2717967
2717982
2718101
2718122
2718132
2718135
2718139
2718208
2718219
2718248
2718259
2718266
2718272
2718285
2718312
2718319
2718414
2718423
2718430
2718450
2718464
2718468
2718523
2718536
2718540
2718551
2718654
2718674
2718701
2718724
2718742
2718764
2718770
2718789
2718827
2718882
2718930
2718938
2718947
2718963
2718971
2718992
2719015
2719030
2719085
2719093
2719131
2719140
2719291
2719341
2719366
2719381
2719414
2719427
2719468
2719477
2719496
2719571
2719673
2719689
2719708
2719717
2719778
2719816
2719829
2719834
2720038
2720088
2720220
2720272
2720298
2720319
2720399
2720417
2720473
2720501
2720536
2720547
2720578
2720614
2720619
2720672
2720703
2720735
2720742
2720754
2720851
2720898
2721003
2721006
2721016
2721068
2721071
2721083
2721129
2721169
2721253
2721283
2721310
2721340
2721345
2721352
2721380
2721397
2721411
2721434
2721501
2721529
2721568
2721580
2721670
2721709
2721749
2721764
2721815
2721864
2721865
2721888
2721920
2721943
2721952
2721959
2722021
2722023
2722038
2722065
2722075
2722116
2722133
2722183
2722192
2722385
2722410
2722416
2722444
2722456
2722495
2722509
2722512
2722635
2722636
2722639
2722674
2722704
2722776
2722866
2722879
2722889
2722895
2722941
2723007
2723070
2723120
2723125
2723200
2723223
2723288
2723307
2723348
2723349
2723358
2723367
2723393
2723444
2723458
2723490
2723493
2723614
2723620
2723709
2723739
2723792
2723913
2723920
2723977
2723979
2724005
2724013
2724138
2724171
2724192
2724230
2724279
2724298
2724332
2724354
2724391
2724460
2724510
2724551
2724560
2724628
2724672
2724677
2724728
2724910
2724936
2724964
2724985
2724998
2725045
2725057
2725075
2725097
2725131
2725162
2725178
2725181
2725192
2725199
2725225
2725241
2725257
2725270
2725274
2725398
2725420
2725439
2725449
2725485
2725571
2725591
2725625
2725654
2725666
2725715
2725729
2725739
2725753
2725817
2726001
2726033
2726073
2726100
2726277
2726311
2726317
2726364
2726403
2726408
2726416
2726426
2726497
2726541
2726545
2726604
2726614
2726629
2726657
2726669
2726737
2726760
2726843
2726855
2726875
2726989
2727041
2727043
2727048
2727062
2727073
2727099
2727145
2727176
2727255
2727267
2727284
2727311
2727407
2727418
2727440
2727527
2727565
2727578
2727593
2727623
2727667
2727847
2727853
2727868
2727889
2727913
2727920
2727957
2727986
2728002
2728020
2728057
2728070
2728102
2728130
2728143
2728188
2728193
2728304
2728346
2728361
2728367
2728392
2728409
2728479
2728537
2728638
2728683
2728776
2728829
2728851
2729086
2729132
2729135
2729188
2729243
2729246
2729255
2729317
2729394
2729401
2729422
2729433
2729435
2729439
2729466
2729488
2729528
2729586
2729599
2729636
2729676
2729724
2729742
2729743
2729775
2729822
2729870
2730075
2730091
2730193
2730197
2730223
2730230
2730258
2730266
2730345
2730355
2730366
2730520
2730698
2730714
2730791
2730844
2730910
2730941
2730997
2730998
2731012
2731026
2731068
2731138
2731210
2731283
2731287
2731323
2731389
2731410
2731421
2731428
2731443
2731458
2731459
2731486
2731487
2731518
2731557
2731562
2731660
2731680
2731699
2731722
2731785
2731834
2731851
2731917
2731931
2731973
2731979
2732077
2732085
2732105
2732111
2732114
2732136
2732153
2732157
2732170
2732197
2732248
2732307
2732337
2732349
2732365
2732398
2732503
2732518
2732574
2732584
2732585
2732633
2732661
2732695
2732762
2732793
2732898
2732956
2733015
2733035
2733092
2733135
2733177
2733185
2733194
2733238
2733248
2733249
2733258
2733337
2733344
2733446
2733494
2733504
2733523
2733534
2733639
2733650
2733740
2733754
2733882
2733902
2733913
2733948
2733951
2733977
2733983
2734069
2734076
2734077
2734088
2734089
2734207
2734216
2734238
2734248
2734272
2734288
2734317
2734413
2734430
2734434
2734487
2734586
2734832
2734853
2734870
2734949
2734956
2735077
2735080
2735124
2735150
2735160
2735182
2735192
2735204
2735236
2735319
2735340
2735397
2735478
2735561
2735590
2735599
2735602
2735613
2735627
2735637
2735670
2735693
2735706
2735751
2735770
2735912
2736004
2736048
2736058
2736102
2736111
2736125
2736160
2736166
2736272
2736279
2736306
2736309
2736340
2736411
2736433
2736454
2736459
2736465
2736494
2736550
2736557
2736570
2736588
2736602
2736608
2736648
2736650
2736655
2736676
2736735
2736833
2736841
2736934
2736963
2736986
2737008
2737048
2737053
2737083
2737138
2737198
2737217
2737218
2737248
2737281
2737302
2737319
2737330
2737332
2737337
2737350
2737393
2737409
2737411
2737423
2737427
2737440
2737475
2737483
2737523
2737567
2737743
2737832
2737844
2737847
2737877
2737882
2737887
2737893
2737896
2737913
2737939
2737986
2738027
2738051
2738061
2738083
2738089
2738122
2738168
2738297
2738298
2738320
2738329
2738373
2738376
2738492
2738523
2738557
2738598
2738626
2738636
2738644
2738664
2738712
2738745
2738783
2738796
2738819
2738873
2738932
2738981
2739103
2739207
2739286
2739298
2739313
2739323
2739351
2739441
2739458
2739477
2739610
2739631
2739649
2739656
2739662
2739670
2739734
2739813
2739835
2739836
2739899
2739900
2739906
2739909
2739956
2739968
2740030
2740048
2740069
2740189
2740215
2740239
2740261
2740283
2740325
2740335
2740391
2740400
2740402
2740418
2740455
2740493
2740532
2740543
2740596
2740604
2740631
2740636
2740663
2740759
2740776
2740795
2740813
2740825
2740835
2740880
2740976
2741031
2741074
2741106
2741197
2741238
2741245
2741246
2741250
2741266
2741293
2741312
2741365
2741379
2741392
2741448
2741465
2741521
2741582
2741599
2741630
2741644
2741712
2741729
2741799
2741820
2741886
2741922
2741928
2741947
2742010
2742021
2742109
2742120
2742257
2742357
2742388
2742430
2742433
2742460
2742565
2742581
2742589
2742606
2742614
2742637
2742670
2742681
2742717
2742753
2742766
2742775
2742784
2742788
2742823
2742840
2742847
2742867
2742883
2742959
2743030
2743058
2743109
2743129
2743154
2743160
2743187
2743194
2743201
2743274
2743286
2743294
2743307
2743322
2743369
2743398
2743417
2743433
2743455
2743493
2743504
2743532
2743543
2743590
2743607
2743638
2743644
2743646
2743650
2743668
2743787
2743884
2743959
2744008
2744010
2744030
2744066
2744095
2744154
2744175
2744178
2744185
2744202
2744219
2744253
2744293
2744305
2744320
2744399
2744472
2744478
2744550
2744556
2744577
2744621
2744671
2744705
2744739
2744743
2744758
2744779
2744785
2744793
2744821
2744857
2744873
2745019
2745039
2745054
2745130
2745230
2745249
2745263
2745267
2745350
2745475
2745483
2745513
2745567
2745585
2745592
2745633
2745675
2745693
2745727
2745766
2745805
2745840
2745844
2745915
2745925
2745951
2746044
2746135
2746149
2746164
2746194
2746206
2746240
2746255
2746283
2746296
2746347
2746358
2746397
2746428
2746450
2746460
2746474
2746476
2746489
2746552
2746572
2746588
2746655
2746658
2746689
2746702
2746704
2746712
2746714
2746726
2746748
2746773
2746780
2746942
2747019
2747026
2747050
2747057
2747061
2747087
2747106
2747181
2747184
2747219
2747272
2747276
2747438
2747456
2747462
2747469
2747486
2747493
2747549
2747553
2747565
2747581
2747604
2747646
2747664
2747703
2747737
2747817
2747821
2747832
2747858
2747900
2747916
2747942
2747987
2748180
2748203
2748225
2748238
2748251
2748326
2748329
2748458
2748491
2748519
2748526
2748555
2748586
2748644
2748748
2748765
2748818
2748842
2748870
2748995
2749003
2749012
2749016
2749037
2749071
2749127
2749184
2749251
2749372
2749397
2749403
2749410
2749463
2749571
2749574
2749812
2749846
2749941
2749953
2749997
2750038
2750150
2750151
2750162
2750211
2750221
2750223
2750228
2750398
2750452
2750493
2750499
2750501
2750538
2750605
2750614
2750625
2750670
2750695
2750836
2750852
2750858
2750868
2750918
2750928
2751045
2751066
2751068
2751076
2751143
2751147
2751183
2751184
2751221
2751268
2751309
2751346
2751363
2751384
2751412
2751434
2751451
2751452
2751499
2751551
2751575
2751589
2751660
2751679
2751690
2751692
2751742
2751819
2751822
2751887
2751912
2751942
2751954
2752041
2752103
2752119
2752212
2752213
2752219
2752257
2752377
2752402
2752474
2752509
2752582
2752599
2752605
2752609
2752610
2752672
2752694
2752707
2752710
2752754
2752766
2752827
2752850
2752867
2752889
2752897
2752911
2752977
2752980
2752985
2752993
2753009
2753063
2753068
2753071
2753103
2753120
2753142
2753151
2753201
2753239
2753290
2753307
2753310
2753347
2753390
2753426
2753464
2753474
2753483
2753582
2753584
2753626
2753629
2753636
2753650
2753729
2753730
2753754
2753787
2753816
2753839
2753842
2753865
2753906
2753925
2753959
2753971
2753993
2754001
2754037
2754114
2754248
2754291
2754310
2754330
2754346
2754389
2754470
2754536
2754556
2754568
2754620
2754641
2754660
2754727
2754763
2754806
2754830
2754904
2754939
2754963
2754975
2754977
2755012
2755024
2755070
2755089
2755101
2755134
2755146
2755161
2755187
2755291
2755335
2755350
2755396
2755448
2755461
2755572
2755602
2755605
2755648
2755658
2755684
2755715
2755730
2755745
2755753
2755763
2755765
2755817
2755842
2755908
2755918
2755926
2756029
2756044
2756058
2756106
2756125
2756153
2756158
2756193
2756195
2756214
2756222
2756229
2756231
2756274
2756311
2756357
2756358
2756370
2756399
2756504
2756545
2756581
2756598
2756614
2756617
2756650
2756680
2756689
2756766
2756773
2756851
2756868
2756897
2756908
2756960
2756970
2756978
2756992
2757000
2757003
2757022
2757047
2757145
2757159
2757189
2757236
2757373
2757507
2757593
2757621
2757623
2757643
2757686
2757703
2757713
2757721
2757740
2757780
2757896
2757915
2757920
2757998
2758043
2758088
2758106
2758125
2758137
2758200
2758210
2758240
2758292
2758325
2758340
2758343
2758401
2758409
2758513
2758600
2758648
2758668
2758749
2758781
2758794
2758796
2758810
2758884
2758894
2758929
2758963
2758995
2758999
2759030
2759066
2759108
2759117
2759175
2759188
2759233
2759259
2759389
2759408
2759519
2759616
2759636
2759655
2759677
2759685
2759716
2759760
2759770
2759773
2759830
2759832
2759865
2759948
2759975
2759977
2760048
2760060
2760092
2760138
2760159
2760384
2760406
2760432
2760468
2760480
2760495
2760552
2760562
2760586
2760606
2760610
2760677
2760733
2760921
2760952
2760963
2760984
2760988
2761025
2761040
2761044
2761071
2761090
2761135
2761152
2761167
2761211
2761237
2761249
2761273
2761292
2761294
2761297
2761358
2761459
2761474
2761476
2761531
2761548
2761553
2761643
2761670
2761679
2761680
2761689
2761697
2761700
2761725
2761882
2761891
2762105
2762165
2762204
2762219
2762270
2762321
2762372
2762467
2762474
2762532
2762579
2762592
2762633
2762636
2762643
2762650
2762660
2762676
2762684
2762708
2762751
2762756
2762807
2762839
2762869
2762895
2762964
2763056
2763197
2763208
2763215
2763231
2763257
2763260
2763265
2763278
2763342
2763348
2763378
2763390
2763426
2763448
2763537
2763539
2763601
2763708
2763913
2763920
2763957
2763962
2763990
2764075
2764108
2764184
2764204
2764299
2764301
2764406
2764445
2764446
2764499
2764573
2764838
2764854
2764921
2764946
2764987
2764992
2765046
2765084
2765129
2765243
2765268
2765316
2765360
2765404
2765407
2765439
2765458
2765463
2765509
2765513
2765683
2765697
2765722
2765754
2765812
2765815
2765830
2765841
2765849
2765925
2765947
2765967
2765994
2766019
2766025
2766034
2766076
2766111
2766146
2766148
2766214
2766347
2766359
2766400
2766461
2766465
2766512
2766564
2766569
2766596
2766627
2766655
2766673
2766711
2766743
2766746
2766791
2766802
2766862
2766875
2766890
2766910
2766942
2766974
2767091
2767129
2767148
2767167
2767240
2767270
2767274
2767284
2767342
2767351
2767421
2767472
2767488
2767586
2767602
2767666
2767689
2767723
2767747
2767760
2767772
2767826
2767872
2767955
2768036
2768080
2768103
2768123
2768173
2768180
2768196
2768220
2768231
2768302
2768327
2768346
2768472
2768509
2768530
2768534
2768545
2768569
2768605
2768653
2768772
2768777
2768806
2768869
2768876
2768986
2769010
2769018
2769027
2769059
2769076
2769109
2769116
2769172
2769208
2769271
2769382
2769443
2769447
2769541
2769553
2769597
2769616
2769641
2769700
2769709
2769753
2769773
2769777
2769815
2769877
2769915
2769926
2770049
2770070
2770072
2770083
2770150
2770219
2770239
2770242
2770273
2770275
2770292
2770295
2770360
2770406
2770411
2770419
2770540
2770545
2770555
2770573
2770576
2770634
2770715
2770765
2770778
2770789
2770795
2770845
2770931
2770936
2771027
2771102
2771108
2771160
2771168
2771174
2771184
2771204
2771206
2771256
2771304
2771327
2771382
2771414
2771437
2771438
2771445
2771485
2771504
2771542
2771635
2771723
2771728
2771731
2771818
2771850
2771888
2771946
2772081
2772223
2772232
2772241
2772299
2772347
2772358
2772384
2772424
2772458
2772465
2772470
2772488
2772504
2772515
2772534
2772556
2772641
2772853
2772859
2772914
2772922
2772946
2772962
2773048
2773083
2773103
2773109
2773128
2773140
2773159
2773171
2773180
2773183
2773189
2773232
2773300
2773304
2773306
2773308
2773314
2773320
2773356
2773376
2773457
2773546
2773566
2773604
2773651
2773742
2773848
2773855
2773927
2773937
2774027
2774034
2774062
2774091
2774127
2774133
2774281
2774373
2774479
2774487
2774489
2774509
2774521
2774639
2774647
2774649
2774667
2774717
2774721
2774775
2774836
2774863
2774908
2775012
2775014
2775059
2775070
2775091
2775177
2775189
2775205
2775219
2775221
2775274
2775302
2775350
2775362
2775386
2775425
2775448
2775456
2775457
2775485
2775513
2775531
2775596
2775622
2775638
2775664
2775669
2775672
2775715
2775718
2775888
2775895
2775899
2775941
2776017
2776031
2776066
2776103
2776142
2776153
2776177
2776190
2776205
2776234
2776248
2776259
2776278
2776311
2776317
2776341
2776353
2776366
2776483
2776487
2776516
2776571
2776581
2776655
2776674
2776774
2776798
2776800
2776906
2776911
2776964
2776969
2777002
2777008
2777064
2777120
2777121
2777156
2777169
2777199
2777218
2777228
2777272
2777331
2777337
2777347
2777435
2777477
2777590
2777595
2777607
2777624
2777657
2777663
2777694
2777704
2777785
2777813
2777825
2777833
2777860
2777872
2777985
2778020
2778039
2778088
2778134
2778158
2778178
2778204
2778210
2778257
2778261
2778321
2778325
2778397
2778407
2778467
2778484
2778497
2778543
2778556
2778579
2778743
2778770
2778825
2778839
2778853
2778855
2778883
2778905
2778989
2778997
2779001
2779006
2779018
2779115
2779127
2779189
2779215
2779222
2779268
2779284
2779392
2779394
2779418
2779493
2779527
2779532
2779576
2779589
2779622
2779645
2779704
2779706
2779728
2779827
2779839
2779896
2779901
2779987
2779999
2780002
2780009
2780014
2780015
2780065
2780166
2780192
2780244
2780274
2780280
2780306
2780321
2780334
2780419
2780460
2780462
2780507
2780557
2780583
2780598
2780603
2780686
2780786
2780809
2780820
2780835
2780900
2780920
2780951
2781068
2781136
2781146
2781190
2781219
2781258
2781266
2781291
2781293
2781329
2781345
2781411
2781420
2781477
2781488
2781503
2781537
2781674
2781731
2781760
2781771
2781780
2781787
2781838
2781865
2781869
2781897
2781939
2781968
2782010
2782024
2782060
2782078
2782126
2782154
2782195
2782308
2782399
2782488
2782510
2782529
2782617
2782639
2782685
2782690
2782706
2782738
2782768
2782773
2782775
2782861
2782864
2782869
2782871
2783003
2783045
2783073
2783088
2783110
2783125
2783144
2783170
2783212
2783351
2783356
2783384
2783438
2783521
2783540
2783564
2783595
2783661
2783697
2783709
2783760
2783767
2783794
2783830
2783845
2783865
2783922
2783931
2783942
2783960
2783980
2784113
2784130
2784218
2784232
2784242
2784418
2784504
2784551
2784608
2784646
2784689
2784732
2784752
2784771
2784816
2784845
2784888
2784898
2784946
2785135
2785164
2785231
2785286
2785364
2785399
2785413
2785454
2785483
2785504
2785513
2785522
2785528
2785551
2785607
2785621
2785654
2785670
2785703
2785704
2785708
2785717
2785721
2785754
2785766
2785871
2785955
2785985
2786010
2786014
2786049
2786061
2786065
2786114
2786123
2786222
2786230
2786343
2786466
2786501
2786518
2786595
2786632
2786666
2786685
2786699
2786710
2786808
2786858
2786945
2786962
2787009
2787313
2787450
2787612
2787693
2787718
2787734
2787762
2787776
2787818
2787821
2787839
2787851
2787870
2787874
2787941
2787945
2787996
2788031
2788092
2788096
2788219
2788237
2788261
2788301
2788302
2788315
2788485
2788532
2788557
2788587
2788650
2788657
2788659
2788670
2788675
2788683
2788717
2788808
2788866
2788994
2788997
2789010
2789020
2789066
2789122
2789144
2789166
2789173
2789245
2789290
2789309
2789353
2789368
2789415
2789427
2789442
2789445
2789545
2789645
2789661
2789686
2789694
2789768
2789794
2789804
2789874
2789970
2790048
2790099
2790117
2790192
2790196
2790207
2790262
2790283
2790333
2790381
2790412
2790425
2790509
2790526
2790554
2790600
2790636
2790667
2790720
2790750
2790763
2790845
2790892
2790912
2791009
2791062
2791169
2791300
2791372
2791383
2791451
2791469
2791553
2791624
2791652
2791658
2791690
2791709
2791718
2791724
2791754
2791802
2791848
2791871
2791877
2791887
2791908
2791928
2791994
2792143
2792157
2792167
2792218
2792228
2792306
2792402
2792412
2792453
2792499
2792522
2792562
2792569
2792577
2792683
2792699
2792715
2792718
2792765
2792804
2792820
2792825
2792839
2792842
2792869
2792881
2792907
2792912
2792923
2792930
2792963
2792970
2793005
2793016
2793034
2793060
2793109
2793112
2793164
2793169
2793211
2793217
2793284
2793331
2793344
2793357
2793385
2793391
2793402
2793409
2793412
2793431
2793435
2793439
2793477
2793545
2793579
2793589
2793634
2793708
2793719
2793805
2793824
2793827
2793906
2793924
2793927
2793952
2793984
2794004
2794054
2794082
2794151
2794177
2794191
2794219
2794224
2794322
2794419
2794447
2794480
2794502
2794545
2794555
2794655
2794661
2794665
2794680
2794687
2794706
2794730
2794757
2794787
2794792
2794810
2794865
2794873
2794916
2794960
2794973
2795021
2795048
2795184
2795223
2795293
2795368
2795386
2795430
2795453
2795525
2795559
2795623
2795693
2795701
2795715
2795728
2795744
2795775
2795784
2795788
2795791
2795825
2795857
2795906
2796002
2796041
2796055
2796158
2796211
2796224
2796243
2796250
2796252
2796319
2796329
2796364
2796509
2796528
2796628
2796671
2796686
2796704
2796819
2796827
2796845
2796879
2796895
2796922
2796929
2796947
2796990
2796996
2797009
2797050
2797105
2797115
2797263
2797268
2797278
2797282
2797317
2797373
2797381
2797385
2797521
2797548
2797559
2797592
2797658
2797697
2797770
2797788
2797791
2797801
2797802
2797835
2797880
2797915
2797940
2797978
2797996
2798032
2798038
2798140
2798208
2798230
2798279
2798288
2798305
2798311
2798314
2798320
2798328
2798366
2798380
2798383
2798395
2798406
2798531
2798599
2798605
2798609
2798699
2798740
2798757
2798783
2798795
2798932
2798976
2799003
2799010
2799071
2799184
2799200
2799211
2799262
2799276
2799291
2799325
2799331
2799341
2799360
2799488
2799497
2799560
2799621
2799647
2799659
2799735
2799747
2799756
2799834
2799934
2799936
2799940
2799956
2800005
2800016
2800073
2800074
2800127
2800205
2800209
2800239
2800281
2800306
2800387
2800410
2800477
2800488
2800619
2800635
2800650
2800704
2800744
2800764
2800803
2800819
2800825
2800841
2800843
2800933
2800956
2800984
2801012
2801068
2801102
2801139
2801160
2801308
2801315
2801317
2801341
2801396
2801433
2801441
2801509
2801612
2801761
2801796
2801832
2801840
2801873
2801879
2801910
2801958
2801995
2802035
2802109
2802113
2802127
2802294
2802334
2802371
2802410
2802517
2802558
2802623
2802652
2802653
2802678
2802682
2802699
2802712
2802714
2802785
2802812
2802822
2802840
2802974
2802976
2803016
2803050
2803063
2803068
2803073
2803079
2803092
2803094
2803114
2803129
2803145
2803175
2803187
2803293
2803320
2803323
2803331
2803350
2803356
2803396
2803418
2803425
2803444
2803461
2803467
2803494
2803522
2803533
2803567
2803605
2803612
2803715
2803726
2803784
2803792
2803832
2803843
2804010
2804038
2804061
2804113
2804157
2804170
2804211
2804220
2804227
2804246
2804253
2804271
2804296
2804339
2804368
2804392
2804434
2804443
2804604
2804669
2804736
2804762
2804764
2804812
2804830
2804832
2804928
2804931
2804933
2804959
2804986
2804990
2804992
2805025
2805045
2805056
2805072
2805134
2805145
2805162
2805178
2805184
2805262
2805307
2805393
2805421
2805456
2805471
2805474
2805514
2805520
2805561
2805569
2805614
2805621
2805631
2805653
2805664
2805721
2805724
2805753
2805779
2805807
2805818
2805834
2805842
2805856
2805864
2805868
2806001
2806032
2806056
2806157
2806161
2806165
2806229
2806303
2806326
2806396
2806475
2806478
2806528
2806565
2806637
2806710
2806719
2806815
2806851
2806859
2806891
2806910
2806947
2806967
2806979
2806998
2807034
2807035
2807042
2807074
2807112
2807223
2807234
2807249
2807355
2807414
2807425
2807429
2807469
2807494
2807499
2807520
2807557
2807615
2807627
2807634
2807736
2807746
2807759
2807776
2807778
2807835
2807863
2807898
2807939
2807952
2808000
2808001
2808044
2808080
2808082
2808097
2808105
2808115
2808148
2808153
2808159
2808197
2808306
2808349
2808376
2808409
2808426
2808456
2808486
2808570
2808592
2808711
2808753
2808775
2808779
2808923
2808928
2809038
2809148
2809160
2809166
2809224
2809228
2809255
2809304
2809334
2809344
2809365
2809410
2809433
2809455
2809468
2809504
2809546
2809628
2809640
2809650
2809697
2809702
2809775
2809787
2809813
2809852
2809854
2809926
2809955
2809956
2809969
2809990
2809993
2810051
2810053
2810064
2810083
2810122
2810164
2810193
2810244
2810310
2810312
2810414
2810467
2810519
2810525
2810611
2810624
2810653
2810666
2810715
2810830
2810834
2810838
2810856
2810903
2811038
2811043
2811045
2811113
2811158
2811174
2811219
2811242
2811305
2811313
2811341
2811433
2811492
2811576
2811579
2811637
2811668
2811765
2811784
2811795
2811810
2811855
2811870
2811887
2811944
2811948
2811960
2811982
2812008
2812019
2812051
2812090
2812142
2812166
2812170
2812207
2812303
2812321
2812412
2812423
2812606
2812627
2812656
2812658
2812718
2812835
2812851
2812943
2813008
2813069
2813097
2813162
2813206
2813264
2813322
2813425
2813557
2813586
2813703
2813710
2813788
2813806
2813843
2813853
2813964
2814001
2814029
2814033
2814052
2814084
2814090
2814117
2814151
2814226
2814233
2814256
2814349
2814430
2814498
2814536
2814630
2814676
2814732
2814770
2814827
2814890
2814913
2814947
2814979
2814980
2814987
2815016
2815033
2815119
2815126
2815210
2815217
2815234
2815237
2815245
2815298
2815308
2815316
2815353
2815383
2815488
2815499
2815525
2815558
2815606
2815612
2815617
2815638
2815650
2815672
2815682
2815704
2815777
2815814
2815833
2815859
2815881
2815898
2815922
2815958
2815965
2816015
2816032
2816086
2816087
2816107
2816119
2816247
2816249
2816260
2816289
2816310
2816312
2816323
2816348
2816380
2816401
2816461
2816464
2816603
2816645
2816655
2816691
2816813
2816823
2816825
2816851
2816895
2816924
2816941
2817042
2817046
2817062
2817224
2817231
2817261
2817266
2817296
2817349
2817402
2817436
2817508
2817529
2817547
2817563
2817582
2817620
2817677
2817688
2817734
2817753
2817816
2817857
2817879
2817978
2818018
2818042
2818066
2818138
2818213
2818219
2818282
2818299
2818375
2818387
2818404
2818409
2818413
2818417
2818436
2818483
2818509
2818517
2818558
2818563
2818594
2818597
2818599
2818692
2818693
2818716
2818786
2818796
2818817
2818824
2818912
2818974
2818975
2818976
2819006
2819055
2819092
2819198
2819210
2819224
2819246
2819262
2819269
2819296
2819363
2819396
2819408
2819428
2819577
2819612
2819664
2819680
2819706
2819747
2819831
2819850
2819982
2820002
2820046
2820076
2820111
2820113
2820167
2820179
2820239
2820246
2820415
2820416
2820454
2820493
2820517
2820527
2820557
2820583
2820607
2820651
2820706
2820708
2820736
2820774
2820808
2820828
2820864
2820866
2820977
2820980
2821025
2821084
2821099
2821121
2821137
2821139
2821143
2821147
2821167
2821205
2821213
2821304
2821327
2821356
2821362
2821368
2821379
2821451
2821494
2821559
2821567
2821743
2821751
2821778
2821816
2821833
2821883
2821897
2821901
2821952
2821976
2821981
2821989
2822022
2822059
2822090
2822190
2822195
2822209
2822213
2822228
2822242
2822253
2822298
2822314
2822317
2822347
2822387
2822429
2822441
2822469
2822601
2822615
2822638
2822650
2822675
2822696
2822762
2822774
2822919
2822952
2822970
2822975
2822976
2822997
2823124
2823225
2823229
2823270
2823339
2823420
2823461
2823565
2823591
2823643
2823644
2823737
2823846
2823850
2823869
2823896
2823971
2823987
2824007
2824047
2824089
2824090
2824096
2824099
2824158
2824290
2824309
2824323
2824334
2824345
2824365
2824376
2824396
2824405
2824469
2824504
2824556
2824609
2824632
2824645
2824650
2824657
2824689
2824710
2824747
2824763
2824777
2824788
2824821
2824959
2824983
2824993
2825047
2825092
2825097
2825113
2825123
2825145
2825181
2825188
2825195
2825206
2825247
2825273
2825293
2825338
2825366
2825402
2825452
2825490
2825590
2825604
2825640
2825679
2825732
2825838
2825845
2825884
2825901
2825975
2825987
2825994
2826030
2826042
2826127
2826211
2826218
2826242
2826245
2826273
2826327
2826341
2826368
2826437
2826455
2826461
2826470
2826540
2826622
2826635
2826645
2826730
2826785
2826825
2826875
2826905
2826913
2826984
2827030
2827059
2827189
2827204
2827215
2827218
2827230
2827244
2827261
2827302
2827373
2827379
2827384
2827400
2827445
2827485
2827491
2827556
2827563
2827591
2827603
2827637
2827644
2827669
2827813
2827869
2827875
2827920
2828027
2828040
2828043
2828050
2828056
2828058
2828062
2828085
2828102
2828105
2828152
2828220
2828264
2828284
2828300
2828324
2828342
2828350
2828369
2828382
2828438
2828539
2828562
2828584
2828593
2828603
2828611
2828623
2828700
2828764
2828785
2828812
2828862
2828874
2828889
2828927
2828931
2828971
2829038
2829106
2829157
2829181
2829197
2829210
2829228
2829233
2829268
2829296
2829330
2829386
2829395
2829495
2829509
2829610
2829611
2829640
2829667
2829678
2829745
2829810
2829978
2830065
2830066
2830091
2830107
2830132
2830137
2830144
2830150
2830162
2830213
2830238
2830245
2830253
2830272
2830386
2830419
2830493
2830513
2830539
2830586
2830590
2830657
2830713
2830798
2830811
2830878
2830900
2830982
2830984
2831033
2831046
2831061
2831091
2831103
2831242
2831262
2831279
2831324
2831333
2831343
2831361
2831381
2831409
2831420
2831424
2831482
2831544
2831551
2831555
2831559
2831617
2831663
2831676
2831678
2831713
2831721
2831729
2831732
2831781
2831792
2831811
2831907
2831981
2832015
2832035
2832060
2832107
2832118
2832139
2832181
2832253
2832276
2832306
2832344
2832345
2832365
2832386
2832421
2832462
2832531
2832564
2832577
2832605
2832610
2832615
2832626
2832706
2832735
2832737
2832795
2832830
2832844
2832943
2832952
2832984
2833033
2833050
2833069
2833121
2833142
2833167
2833169
2833176
2833188
2833192
2833213
2833249
2833263
2833272
2833279
2833385
2833420
2833425
2833475
2833487
2833582
2833596
2833609
2833613
2833691
2833792
2833797
2833806
2833842
2833845
2833870
2833883
2833935
2833968
2834045
2834093
2834140
2834148
2834198
2834274
2834373
2834424
2834455
2834480
2834522
2834578
2834600
2834617
2834655
2834657
2834661
2834667
2834687
2834699
2834715
2834822
2834829
2834835
2834929
2834932
2835001
2835086
2835107
2835135
2835158
2835212
2835272
2835276
2835305
2835309
2835317
2835379
2835412
2835415
2835452
2835485
2835510
2835525
2835538
2835554
2835573
2835745
2835787
2835816
2835857
2835884
2835928
2835991
2836011
2836109
2836113
2836140
2836219
2836222
2836369
2836400
2836483
2836496
2836575
2836604
2836621
2836626
2836722
2836823
2836846
2836878
2836893
2836897
2836911
2836912
2836914
2836940
2836963
2836999
2837006
2837064
2837095
2837099
2837114
2837137
2837143
2837159
2837182
2837203
2837210
2837217
2837306
2837319
2837420
2837432
2837436
2837463
2837481
2837540
2837566
2837574
2837604
2837747
2837760
2837769
2837864
2837874
2837879
2837898
2837920
2837942
2837955
2837996
2838136
2838143
2838149
2838177
2838192
2838267
2838271
2838286
2838316
2838343
2838356
2838512
2838532
2838554
2838570
2838596
2838620
2838658
2838682
2838701
2838765
2838777
2838791
2838817
2838830
2838841
2838851
2838927
2838948
2838963
2838975
2839039
2839076
2839114
2839143
2839181
2839216
2839263
2839304
2839308
2839354
2839356
2839372
2839407
2839442
2839468
2839480
2839526
2839535
2839540
2839545
2839587
2839637
2839691
2839725
2839736
2839773
2839854
2839866
2839936
2840032
2840124
2840167
2840237
2840252
2840275
2840299
2840323
2840353
2840434
2840489
2840515
2840518
2840522
2840583
2840598
2840615
2840623
2840738
2840756
2840858
2840888
2841006
2841040
2841049
2841058
2841074
2841133
2841144
2841191
2841207
2841215
2841228
2841262
2841277
2841282
2841284
2841322
2841379
2841383
2841435
2841445
2841477
2841500
2841559
2841613
2841619
2841664
2841714
2841726
2841771
2841806
2841839
2841928
2841930
2841933
2841945
2841968
2842029
2842031
2842035
2842045
2842065
2842087
2842161
2842172
2842199
2842200
2842204
2842217
2842224
2842292
2842321
2842380
2842401
2842406
2842425
2842452
2842490
2842531
2842535
2842666
2842670
2842685
2842690
2842745
2842759
2842804
2842838
2842858
2842878
2842944
2842995
2843051
2843072
2843087
2843127
2843168
2843194
2843206
2843209
2843226
2843236
2843255
2843292
2843314
2843322
2843346
2843377
2843388
2843430
2843448
2843481
2843531
2843541
2843560
2843616
2843636
2843639
2843652
2843702
2843707
2843741
2843802
2843812
2843838
2843887
2844116
2844123
2844154
2844155
2844281
2844303
2844317
2844328
2844337
2844358
2844388
2844406
2844441
2844484
2844491
2844495
2844604
2844611
2844629
2844656
2844658
2844667
2844713
2844720
2844865
2844877
2844899
2844947
2844982
2845016
2845021
2845058
2845078
2845125
2845155
2845175
2845194
2845330
2845481
2845488
2845493
2845533
2845667
2845730
2845770
2845796
2845861
2845940
2845995
2846079
2846092
2846105
2846121
2846131
2846160
2846211
2846217
2846245
2846339
2846356
2846399
2846461
2846508
2846562
2846653
2846704
2846739
2846789
2846807
2846829
2846892
2846913
2847022
2847105
2847132
2847175
2847186
2847212
2847223
2847225
2847302
2847338
2847365
2847412
2847448
2847466
2847504
2847517
2847542
2847580
2847665
2847675
2847698
2847738
2847748
2847759
2847777
2847787
2847796
2847801
2847848
2847940
2847950
2847989
2848014
2848027
2848071
2848110
2848128
2848147
2848168
2848186
2848194
2848223
2848342
2848350
2848391
2848403
2848543
2848570
2848575
2848654
2848701
2848739
2848767
2848777
2848824
2848831
2848853
2848889
2848914
2848932
2848956
2848961
2848974
2849001
2849097
2849181
2849183
2849223
2849230
2849248
2849329
2849352
2849356
2849377
2849397
2849410
2849453
2849461
2849472
2849522
2849565
2849757
2849829
2849854
2849937
2849995
2849998
2850065
2850088
2850090
2850145
2850194
2850234
2850248
2850343
2850357
2850361
2850374
2850400
2850417
2850424
2850494
2850523
2850575
2850672
2850684
2850733
2850751
2850769
2850797
2850873
2850882
2850905
2850935
2850981
2851041
2851178
2851219
2851227
2851232
2851247
2851317
2851364
2851379
2851421
2851465
2851486
2851503
2851642
2851657
2851661
2851679
2851726
2851763
2851794
2851847
2851857
2851883
2851887
2851902
2851933
2851949
2852007
2852034
2852055
2852084
2852089
2852117
2852124
2852157
2852179
2852253
2852315
2852324
2852360
2852398
2852428
2852444
2852447
2852456
2852545
2852587
2852648
2852672
2852678
2852704
2852722
2852760
2852825
2852833
2852857
2852952
2852988
2852992
2853124
2853171
2853180
2853212
2853248
2853266
2853296
2853338
2853346
2853379
2853482
2853508
2853559
2853569
2853621
2853699
2853764
2853794
2853823
2853924
2853930
2853987
2854006
2854073
2854174
2854250
2854251
2854373
2854383
2854396
2854417
2854434
2854440
2854468
2854485
2854558
2854568
2854596
2854611
2854642
2854652
2854691
2854738
2854760
2854796
2854798
2854846
2854878
2854908
2854930
2855026
2855027
2855113
2855128
2855195
2855256
2855265
2855274
2855297
2855304
2855372
2855398
2855422
2855474
2855486
2855571
2855582
2855615
2855617
2855660
2855675
2855712
2855715
2855741
2855805
2855874
2855944
2855946
2855952
2856012
2856030
2856076
2856088
2856216
2856227
2856231
2856266
2856302
2856399
2856436
2856493
2856541
2856573
2856618
2856648
2856651
2856704
2856708
2856804
2856827
2856835
2856965
2857031
2857035
2857069
2857077
2857095
2857097
2857141
2857157
2857176
2857203
2857300
2857446
2857449
2857457
2857506
2857541
2857560
2857572
2857598
2857691
2857788
2857799
2857827
2857928
2857985
2858033
2858035
2858159
2858165
2858202
2858206
2858270
2858302
2858308
2858335
2858354
2858371
2858522
2858563
2858591
2858640
2858705
2858737
2858853
2858883
2858952
2859068
2859069
2859108
2859185
2859288
2859374
2859428
2859434
2859550
2859568
2859604
2859659
2859672
2859688
2859694
2859740
2859788
2859791
2859803
2859848
2859856
2859945
2860012
2860034
2860066
2860122
2860171
2860174
2860184
2860188
2860296
2860362
2860385
2860469
2860594
2860604
2860609
2860669
2860679
2860726
2860752
2860819
2860882
2860901
2860903
2860916
2860925
2860939
2860989
2861084
2861102
2861109
2861172
2861181
2861221
2861240
2861276
2861282
2861406
2861446
2861453
2861484
2861523
2861539
2861628
2861645
2861681
2861741
2861750
2861767
2861769
2861775
2861831
2861862
2861931
2862017
2862095
2862101
2862202
2862209
2862281
2862307
2862313
2862320
2862325
2862344
2862446
2862451
2862477
2862534
2862562
2862581
2862660
2862693
2862807
2862880
2862906
2862911
2862927
2862930
2862940
2862988
2863000
2863018
2863031
2863071
2863082
2863176
2863188
2863252
2863277
2863335
2863338
2863356
2863389
2863432
2863436
2863451
2863471
2863494
2863509
2863516
2863556
2863584
2863611
2863672
2863700
2863749
2863813
2863819
2863837
2863849
2863928
2864064
2864096
2864101
2864105
2864120
2864122
2864151
2864167
2864169
2864208
2864403
2864411
2864443
2864520
2864548
2864565
2864594
2864623
2864672
2864701
2864708
2864719
2864750
2864756
2864791
2864800
2864826
2864868
2864880
2865004
2865117
2865125
2865141
2865156
2865163
2865170
2865181
2865206
2865229
2865249
2865257
2865309
2865323
2865358
2865390
2865414
2865426
2865440
2865532
2865595
2865614
2865650
2865667
2865738
2865804
2865817
2865832
2865856
2865869
2865881
2865912
2865955
2865997
2866009
2866017
2866094
2866129
2866190
2866245
2866272
2866383
2866396
2866402
2866429
2866440
2866470
2866536
2866587
2866618
2866680
2866734
2866757
2866824
2866834
2866838
2866869
2866884
2866952
2867061
2867113
2867176
2867198
2867203
2867219
2867231
2867270
2867288
2867306
2867381
2867418
2867464
2867533
2867541
2867544
2867591
2867643
2867823
2867832
2867875
2867890
2867948
2867985
2868016
2868028
2868060
2868067
2868108
2868156
2868190
2868208
2868283
2868299
2868321
2868368
2868416
2868432
2868469
2868515
2868518
2868579
2868685
2868727
2868733
2868758
2868765
2868788
2868813
2868853
2868893
2868963
2869017
2869127
2869145
2869165
2869180
2869231
2869352
2869376
2869422
2869447
2869488
2869493
2869500
2869533
2869552
2869571
2869612
2869776
2869797
2869802
2869845
2869861
2869964
2870040
2870097
2870123
2870163
2870173
2870190
2870326
2870363
2870372
2870404
2870425
2870443
2870448
2870451
2870467
2870487
2870602
2870665
2870682
2870702
2870782
2870825
2870830
2870845
2870879
2870902
2870909
2870988
2871007
2871125
2871187
2871194
2871331
2871367
2871369
2871373
2871401
2871452
2871516
2871571
2871591
2871611
2871623
2871698
2871747
2871775
2871782
2871831
2871914
2872007
2872043
2872156
2872188
2872292
2872294
2872305
2872327
2872421
2872448
2872453
2872462
2872481
2872529
2872542
2872562
2872580
2872612
2872649
2872652
2872661
2872705
2872711
2872779
2872834
2872846
2872860
2872872
2872900
2872903
2872938
2872963
2872968
2873102
2873105
2873131
2873133
2873135
2873183
2873191
2873262
2873390
2873474
2873494
2873514
2873524
2873546
2873555
2873559
2873592
2873611
2873640
2873672
2873677
2873697
2873732
2873879
2873895
2873900
2874009
2874041
2874095
2874101
2874126
2874145
2874163
2874185
2874397
2874443
2874476
2874485
2874534
2874536
2874596
2874754
2874761
2874872
2874925
2874930
2875209
2875233
2875253
2875285
2875316
2875352
2875390
2875448
2875490
2875508
2875517
2875539
2875629
2875645
2875696
2875711
2875751
2875788
2875839
2875866
2875869
2875978
2876042
2876074
2876240
2876285
2876291
2876297
2876333
2876358
2876397
2876442
2876475
2876512
2876513
2876624
2876653
2876672
2876737
2876835
2876894
2876930
2876931
2876966
2877015
2877035
2877048
2877057
2877107
2877124
2877308
2877347
2877380
2877401
2877407
2877409
2877417
2877467
2877512
2877552
2877613
2877623
2877686
2877704
2877745
2877802
2877846
2877864
2877910
2878001
2878002
2878026
2878075
2878126
2878138
2878154
2878208
2878247
2878286
2878289
2878403
2878405
2878414
2878425
2878432
2878444
2878455
2878535
2878546
2878549
2878608
2878612
2878631
2878717
2878746
2878751
2878774
2878813
2878828
2878854
2878887
2878922
2878939
2878987
2879017
2879019
2879083
2879139
2879182
2879244
2879246
2879263
2879290
2879339
2879417
2879455
2879459
2879529
2879675
2879732
2879781
2879848
2879920
2879922
2879925
2879981
2879992
2880047
2880100
2880240
2880299
2880312
2880323
2880340
2880367
2880460
2880464
2880512
2880560
2880602
2880609
2880681
2880689
2880727
2880757
2880788
2880993
2881016
2881318
2881340
2881356
2881372
2881415
2881498
2881519
2881565
2881597
2881612
2881665
2881671
2881694
2881731
2881748
2881778
2881826
2881834
2881847
2881856
2881878
2881905
2881909
2881922
2881938
2881983
2882020
2882025
2882029
2882047
2882113
2882135
2882161
2882223
2882232
2882248
2882253
2882295
2882339
2882345
2882391
2882653
2882658
2882709
2882758
2882777
2882784
2882927
2883026
2883036
2883093
2883112
2883131
2883145
2883180
2883204
2883265
2883396
2883469
2883490
2883601
2883660
2883684
2883704
2883752
2883779
2883843
2883875
2883878
2883920
2883926
2883945
2883968
2883973
2884039
2884126
2884151
2884164
2884261
2884264
2884320
2884381
2884428
2884485
2884522
2884536
2884557
2884605
2884658
2884702
2884775
2884821
2884831
2884857
2884874
2884948
2884967
2885067
2885114
2885145
2885187
2885209
2885270
2885290
2885436
2885446
2885519
2885535
2885562
2885573
2885647
2885676
2885687
2885760
2885827
2885835
2885842
2885858
2885888
2885891
2885954
2885975
2886210
2886232
2886499
2886528
2886571
2886613
2886653
2886712
2886740
2886741
2886799
2886834
2886858
2886860
2886914
2886939
2887028
2887037
2887093
2887244
2887249
2887294
2887335
2887355
2887422
2887454
2887461
2887475
2887506
2887516
2887588
2887599
2887606
2887654
2887670
2887671
2887685
2887711
2887730
2887836
2887887
2887992
2888020
2888030
2888042
2888115
2888149
2888235
2888249
2888296
2888360
2888436
2888481
2888524
2888549
2888574
2888591
2888595
2888678
2888707
2888743
2888756
2888763
2888780
2888791
2888811
2888875
2888897
2888970
2888992
2889046
2889076
2889080
2889138
2889162
2889259
2889300
2889377
2889431
2889441
2889444
2889471
2889475
2889541
2889551
2889557
2889585
2889612
2889656
2889662
2889683
2889733
2889755
2889799
2889839
2889851
2889858
2889865
2889887
2889894
2889921
2889936
2889972
2889979
2889996
2890016
2890040
2890187
2890212
2890214
2890240
2890287
2890314
2890324
2890357
2890384
2890393
2890419
2890446
2890459
2890474
2890479
2890508
2890585
2890645
2890653
2890659
2890808
2890833
2890837
2890852
2890918
2890929
2890962
2891039
2891055
2891115
2891126
2891174
2891200
2891207
2891277
2891303
2891370
2891385
2891400
2891412
2891507
2891524
2891548
2891549
2891553
2891574
2891595
2891648
2891694
2891732
2891749
2891794
2891812
2891859
2891897
2891926
2891942
2891974
2892040
2892105
2892135
2892145
2892159
2892478
2892538
2892547
2892590
2892645
2892659
2892662
2892676
2892706
2892729
2892751
2892782
2892901
2892913
2892914
2892939
2892972
2893009
2893040
2893092
2893103
2893132
2893138
2893150
2893155
2893166
2893182
2893189
2893223
2893229
2893231
2893256
2893304
2893320
2893336
2893390
2893395
2893404
2893490
2893567
2893593
2893606
2893637
2893690
2893718
2893754
2893761
2893789
2893811
2893812
2893839
2893843
2893859
2893979
2893996
2894047
2894101
2894154
2894195
2894197
2894222
2894337
2894376
2894406
2894461
2894473
2894484
2894509
2894512
2894525
2894552
2894618
2894658
2894677
2894699
2894710
2894736
2894739
2894754
2894760
2894780
2894786
2894811
2894815
2894858
2894875
2894920
2894941
2895012
2895024
2895026
2895085
2895087
2895123
2895275
2895286
2895303
2895314
2895346
2895355
2895358
2895419
2895535
2895562
2895568
2895587
2895600
2895645
2895649
2895651
2895673
2895725
2895747
2895752
2895782
2895795
2895820
2895840
2895857
2895944
2895988
2896016
2896022
2896074
2896087
2896090
2896109
2896239
2896248
2896282
2896298
2896327
2896331
2896355
2896430
2896499
2896584
2896604
2896616
2896625
2896696
2896758
2896784
2896824
2896894
2896954
2896973
2896984
2897036
2897076
2897090
2897100
2897122
2897194
2897249
2897255
2897273
2897281
2897370
2897407
2897423
2897439
2897445
2897506
2897599
2897602
2897679
2897706
2897732
2897753
2897772
2897785
2897855
2897876
2897882
2897903
2898015
2898038
2898040
2898055
2898188
2898257
2898302
2898325
2898331
2898337
2898345
2898384
2898394
2898396
2898421
2898558
2898568
2898597
2898623
2898649
2898685
2898706
2898742
2898776
2898829
2898851
2898868
2898879
2898902
2898922
2898940
2898965
2899051
2899065
2899099
2899110
2899122
2899137
2899153
2899161
2899182
2899206
2899226
2899275
2899344
2899347
2899353
2899359
2899384
2899397
2899401
2899421
2899441
2899456
2899468
2899501
2899514
2899612
2899665
2899768
2899788
2899821
2899843
2899859
2899903
2899928
2899941
2899973
2899995
2900033
2900106
2900120
2900150
2900251
2900346
2900351
2900400
2900410
2900445
2900494
2900512
2900536
2900572
2900576
2900583
2900622
2900640
2900658
2900695
2900708
2900751
2900764
2900793
2900842
2900852
2900899
2900921
2900949
2900951
2900979
2901060
2901083
2901097
2901189
2901209
2901359
2901370
2901406
2901420
2901443
2901459
2901471
2901528
2901539
2901612
2901628
2901645
2901663
2901722
2901903
2901956
2901978
2901988
2902139
2902174
2902241
2902279
2902296
2902338
2902353
2902357
2902406
2902413
2902439
2902453
2902466
2902506
2902576
2902602
2902642
2902689
2902739
2902784
2902788
2902797
2902826
2902834
2902849
2902857
2902872
2902893
2902915
2902919
2902972
2903001
2903002
2903080
2903087
2903109
2903144
2903171
2903202
2903264
2903271
2903354
2903388
2903396
2903404
2903482
2903500
2903520
2903524
2903530
2903579
2903588
2903608
2903628
2903636
2903681
2903729
2903809
2903811
2903816
2903833
2903859
2903894
2903909
2903915
2903949
2903995
2904022
2904039
2904082
2904141
2904223
2904266
2904368
2904403
2904559
2904594
2904665
2904761
2904766
2904782
2904803
2904845
2904858
2904894
2904932
2905036
2905041
2905056
2905103
2905150
2905226
2905231
2905290
2905322
2905347
2905415
2905436
2905443
2905541
2905586
2905622
2905626
2905659
2905674
2905686
2905730
2905747
2905763
2905843
2905900
2905961
2905964
2906033
2906036
2906099
2906134
2906146
2906167
2906168
2906221
2906267
2906290
2906333
2906353
2906380
2906454
2906485
2906497
2906581
2906587
2906597
2906608
2906646
2906648
2906659
2906721
2906739
2906794
2906821
2906840
2906921
2906979
2907002
2907014
2907056
2907067
2907085
2907110
2907152
2907165
2907257
2907309
2907324
2907389
2907452
2907480
2907486
2907503
2907506
2907509
2907548
2907628
2907674
2907702
2907745
2907848
2907884
2907967
2908014
2908024
2908050
2908069
2908106
2908118
2908120
2908149
2908162
2908168
2908245
2908362
2908382
2908392
2908441
2908501
2908626
2908699
2908738
2908778
2908791
2908795
2908868
2908938
2908954
2909007
2909080
2909099
2909106
2909112
2909203
2909230
2909250
2909335
2909355
2909380
2909388
2909427
2909696
2909770
2909917
2909930
2909935
2909948
2909951
2909972
2909989
2909997
2910036
2910055
2910114
2910121
2910135
2910298
2910386
2910393
2910407
2910443
2910455
2910552
2910568
2910571
2910635
2910639
2910654
2910669
2910723
2910740
2910778
2910779
2910958
2911039
2911043
2911049
2911073
2911214
2911216
2911321
2911358
2911394
2911443
2911484
2911558
2911570
2911615
2911638
2911648
2911663
2911691
2911900
2911912
2911921
2911945
2911957
2911998
2912013
2912069
2912100
2912132
2912156
2912187
2912246
2912249
2912302
2912326
2912344
2912421
2912468
2912495
2912557
2912601
2912614
2912630
2912709
2912785
2912791
2912826
2912860
2912861
2912908
2912938
2912946
2913011
2913032
2913044
2913046
2913061
2913102
2913110
2913157
2913165
2913168
2913196
2913207
2913211
2913238
2913250
2913275
2913318
2913325
2913341
2913352
2913356
2913359
2913382
2913400
2913479
2913551
2913611
2913650
2913771
2913802
2913807
2913835
2913878
2913887
2913909
2913922
2913968
2913990
2914165
2914181
2914183
2914223
2914227
2914243
2914266
2914306
2914319
2914346
2914356
2914392
2914394
2914411
2914460
2914484
2914643
2914764
2914819
2914826
2914847
2914864
2914911
2914962
2914985
2915034
2915149
2915164
2915197
2915237
2915297
2915336
2915351
2915448
2915466
2915476
2915529
2915534
2915554
2915566
2915605
2915614
2915621
2915653
2915670
2915673
2915697
2915721
2915748
2915756
2915828
2915883
2915888
2915908
2915910
2915951
2915953
2915958
2915962
2915976
2916048
2916066
2916092
2916112
2916128
2916131
2916251
2916275
2916295
2916325
2916364
2916400
2916540
2916574
2916652
2916708
2916713
2916734
2916835
2916919
2916946
2916980
2916993
2917021
2917226
2917255
2917271
2917415
2917435
2917469
2917541
2917589
2917600
2917615
2917630
2917677
2917701
2917773
2917825
2917883
2917936
2917937
2917948
2917982
2917986
2917991
2918020
2918044
2918089
2918116
2918166
2918218
2918241
2918360
2918373
2918376
2918390
2918436
2918454
2918468
2918469
2918491
2918515
2918557
2918588
2918645
2918653
2918685
2918715
2918805
2918836
2918914
2918950
2919025
2919044
2919104
2919126
2919166
2919213
2919266
2919284
2919397
2919440
2919450
2919466
2919479
2919492
2919509
2919544
2919570
2919591
2919596
2919636
2919637
2919659
2919712
2919736
2919743
2919745
2919882
2919917
2919923
2919981
2920128
2920257
2920298
2920333
2920391
2920398
2920404
2920406
2920429
2920452
2920454
2920563
2920589
2920816
2920874
2920882
2920886
2920920
2920932
2920953
2920959
2921012
2921014
2921049
2921091
2921125
2921190
2921228
2921265
2921268
2921296
2921339
2921366
2921491
2921526
2921532
2921536
2921558
2921588
2921590
2921754
2921807
2921818
2921843
2921890
2921983
2921992
2922053
2922069
2922139
2922167
2922232
2922260
2922343
2922373
2922421
2922511
2922699
2922720
2922753
2922776
2922899
2922902
2923087
2923125
2923311
2923405
2923504
2923517
2923527
2923637
2923658
2923680
2923727
2923738
2923789
2923856
2923900
2923916
2923931
2923941
2924042
2924045
2924059
2924111
2924114
2924115
2924162
2924273
2924337
2924407
2924438
2924440
2924486
2924524
2924566
2924644
2924648
2924722
2924779
2924791
2924877
2924897
2924958
2925017
2925029
2925037
2925080
2925106
2925110
2925115
2925155
2925238
2925255
2925285
2925389
2925490
2925508
2925581
2925652
2925789
2925823
2925987
2925996
2926040
2926043
2926182
2926198
2926232
2926234
2926261
2926397
2926406
2926430
2926477
2926495
2926510
2926554
2926593
2926726
2926748
2926833
2926834
2926856
2926874
2926917
2926979
2927012
2927084
2927116
2927123
2927127
2927173
2927182
2927210
2927228
2927293
2927295
2927381
2927529
2927532
2927555
2927575
2927577
2927624
2927635
2927648
2927685
2927740
2927741
2927752
2927771
2927784
2927832
2927885
2927930
2928090
2928102
2928151
2928162
2928164
2928200
2928215
2928237
2928249
2928358
2928423
2928458
2928476
2928536
2928575
2928598
2928607
2928632
2928641
2928665
2928694
2928741
2928780
2928790
2928814
2928846
2928870
2928881
2928920
2928940
2928986
2929071
2929119
2929148
2929155
2929290
2929301
2929341
2929380
2929412
2929434
2929435
2929483
2929513
2929565
2929597
2929613
2929637
2929678
2929743
2929748
2929871
2929888
2929895
2929899
2929919
2929956
2929966
2930003
2930017
2930082
2930117
2930127
2930171
2930223
2930288
2930313
2930371
2930452
2930461
2930477
2930501
2930570
2930639
2930674
2930687
2930770
2930777
2930784
2930808
2930816
2930872
2930890
2930896
2930925
2931056
2931063
2931066
2931169
2931176
2931187
2931212
2931267
2931286
2931306
2931385
2931390
2931505
2931514
2931634
2931760
2931774
2931823
2931866
2931948
2931950
2931983
2931991
2932024
2932031
2932035
2932059
2932085
2932100
2932120
2932202
2932218
2932241
2932396
2932424
2932447
2932453
2932467
2932495
2932499
2932523
2932538
2932593
2932628
2932667
2932679
2932686
2932721
2932763
2932838
2932909
2932921
2933045
2933065
2933068
2933123
2933129
2933233
2933279
2933282
2933314
2933362
2933449
2933454
2933473
2933567
2933571
2933591
2933596
2933613
2933628
2933666
2933673
2933689
2933692
2933711
2933735
2933740
2933780
2933903
2934026
2934035
2934066
2934111
2934235
2934242
2934245
2934293
2934326
2934417
2934453
2934465
2934480
2934550
2934640
2934663
2934693
2934706
2934729
2934788
2934864
2934936
2934938
2934959
2934975
2935017
2935044
2935048
2935134
2935145
2935164
2935173
2935194
2935196
2935222
2935229
2935285
2935345
2935367
2935399
2935474
2935498
2935512
2935597
2935604
2935623
2935641
2935651
2935686
2935701
2935723
2935749
2935788
2935795
2935818
2935830
2935880
2935965
2936083
2936138
2936155
2936161
2936185
2936272
2936277
2936292
2936297
2936313
2936372
2936475
2936485
2936634
2936644
2936661
2936698
2936735
2936871
2936876
2936888
2936905
2936978
2936991
2936993
2937000
2937030
2937055
2937154
2937196
2937231
2937247
2937288
2937315
2937351
2937377
2937401
2937438
2937545
2937662
2937704
2937716
2937862
2937899
2937916
2937927
2937939
2937963
2937969
2937998
2938003
2938045
2938054
2938097
2938102
2938118
2938129
2938150
2938158
2938160
2938242
2938245
2938268
2938282
2938300
2938347
2938357
2938369
2938397
2938440
2938471
2938490
2938553
2938577
2938673
2938691
2938734
2938735
2938791
2938829
2938833
2938900
2938957
2938998
2939017
2939023
2939052
2939082
2939087
2939124
2939125
2939146
2939151
2939174
2939187
2939258
2939273
2939283
2939328
2939375
2939471
2939490
2939501
2939516
2939517
2939563
2939615
2939626
2939635
2939641
2939664
2939716
2939731
2939776
2939832
2939865
2939882
2940011
2940028
2940061
2940077
2940092
2940133
2940151
2940177
2940194
2940257
2940283
2940413
2940519
2940663
2940681
2940684
2940697
2940703
2940723
2940761
2940897
2940904
2940975
2941000
2941014
2941018
2941022
2941075
2941077
2941123
2941140
2941170
2941191
2941200
2941314
2941356
2941380
2941401
2941474
2941509
2941519
2941523
2941526
2941553
2941568
2941578
2941584
2941585
2941650
2941666
2941687
2941695
2941710
2941715
2941731
2941756
2941914
2941997
2942027
2942045
2942086
2942088
2942165
2942197
2942251
2942262
2942276
2942293
2942310
2942401
2942499
2942510
2942518
2942726
2942750
2942751
2942760
2942775
2942795
2942828
2942833
2942847
2942866
2942905
2942924
2942935
2942987
2943011
2943065
2943157
2943165
2943173
2943197
2943255
2943294
2943343
2943512
2943585
2943660
2943670
2943708
2943712
2943742
2943974
2943981
2944034
2944079
2944126
2944131
2944334
2944374
2944658
2944678
2944686
2944696
2944752
2944762
2944776
2944807
2944821
2944939
2945030
2945104
2945171
2945178
2945240
2945261
2945274
2945366
2945476
2945482
2945522
2945610
2945622
2945645
2945650
2945663
2945664
2945706
2945707
2945726
2945763
2945784
2945802
2945808
2945824
2945831
2945973
2946038
2946044
2946077
2946180
2946262
2946287
2946290
2946305
2946384
2946417
2946419
2946425
2946429
2946500
2946504
2946510
2946673
2946727
2946834
2946872
2946887
2946986
2947008
2947035
2947048
2947108
2947113
2947166
2947173
2947220
2947330
2947353
2947432
2947438
2947589
2947592
2947604
2947624
2947634
2947666
2947706
2947734
2947782
2947785
2947794
2947802
2947810
2947822
2947825
2947848
2947880
2947890
2947894
2947925
2947932
2947944
2948020
2948093
2948123
2948202
2948237
2948252
2948287
2948300
2948328
2948396
2948417
2948447
2948555
2948645
2948683
2948721
2948732
2948739
2948826
2948859
2948894
2948907
2948970
2948975
2948983
2948986
2949009
2949014
2949053
2949086
2949114
2949176
2949250
2949287
2949289
2949309
2949330
2949406
2949429
2949487
2949547
2949638
2949700
2949705
2949734
2949820
2949845
2949852
2949915
2949926
2950008
2950026
2950067
2950107
2950113
2950144
2950183
2950212
2950250
2950312
2950387
2950418
2950441
2950446
2950513
2950519
2950555
2950589
2950621
2950826
2950845
2950861
2950868
2950895
2950934
2950978
2951035
2951052
2951080
2951089
2951137
2951151
2951196
2951262
2951276
2951287
2951341
2951370
2951410
2951417
2951539
2951629
2951648
2951661
2951718
2951737
2951769
2951795
2951826
2951829
2951841
2951845
2951848
2951857
2951875
2951964
2952000
2952017
2952031
2952034
2952103
2952177
2952187
2952191
2952194
2952203
2952248
2952251
2952323
2952383
2952407
2952413
2952438
2952448
2952455
2952482
2952487
2952623
2952738
2952755
2952761
2952786
2952824
2952829
2952864
2952912
2952945
2952952
2952954
2953046
2953109
2953114
2953118
2953195
2953207
2953235
2953277
2953304
2953365
2953401
2953529
2953543
