60
113
265
324
609
634
707
769
1171
1415
1464
1500
1533
1691
1716
1862
2069
2084
2228
2231
2507
2679
2777
2962
3069
3104
3144
3197
3222
3303
3476
3553
3630
3749
4089
4127
4165
4336
4380
4404
4762
4771
4782
4799
4993
5169
5183
5480
5496
5703
5764
5984
6568
6707
6784
7014
7303
8392
8607
8626
8926
9020
9378
9403
9435
9843
9851
9922
9932
10086
10252
10326
10499
10545
10592
10609
10640
10666
10782
10828
10854
10869
10987
11210
11246
11339
11495
11589
11611
11708
11846
11885
11932
11967
12060
12156
12195
12333
12526
12598
12664
12995
13219
13556
13623
13837
13969
14160
14241
14392
14468
14535
14571
14583
14667
14730
14841
14921
14992
15153
15403
15676
15996
16383
16461
16528
16896
16941
17012
17231
17262
17474
17488
17571
17700
17742
17753
17827
18160
18370
18502
18588
18668
18857
18911
19348
19682
19705
19763
20085
20099
20480
20500
20619
20656
20687
20846
21062
21219
21416
21505
21744
21808
22173
22579
22734
22937
22975
23131
23211
23233
23307
23493
23529
23922
23931
23972
24047
24068
24249
24269
24443
24802
25041
25198
25288
25480
25602
25609
25627
25711
25815
25932
25943
25965
25998
26081
26103
26561
26936
27066
27077
27261
27296
27344
27361
27388
27448
27649
27836
27929
28037
28304
28312
28476
28490
28537
28774
28965
29234
29408
29489
29508
29541
29636
29792
29835
30121
30230
30251
30276
30470
30514
30528
30806
30824
30951
30963
30997
31160
31271
31280
31397
31663
31672
31846
31955
32020
32098
32358
32506
32591
32597
32803
32905
32923
32951
32973
33163
33580
33760
33985
34020
34310
34419
34489
34571
34792
34870
35126
35224
35273
35385
35551
35560
35807
35914
35957
36024
36053
36347
36710
36733
36757
36767
36863
36964
37076
37180
37293
37657
37742
37778
37795
37967
37973
37995
38103
38248
38276
38518
38547
38569
38630
38647
38655
38771
39004
39298
39347
39396
39553
39642
39660
39724
39844
39896
40089
40227
40237
40343
40346
40454
40781
40823
41002
41509
41613
41764
41869
41979
42043
42204
42248
42306
42314
42324
42351
42371
42578
42619
42858
43154
43167
43227
43318
43523
43778
43805
44002
44071
44103
44161
44596
44672
44779
44789
44936
45043
45369
45562
45751
45790
45945
46161
46262
46361
46411
46474
46511
46717
46721
46792
46912
47110
47162
47300
47315
47338
47536
47607
47629
47637
47749
47791
47859
48001
48173
48234
48250
48304
48346
48578
48657
48726
48757
48787
48819
49023
49568
49876
49901
49922
49990
50016
50054
50121
50153
50184
50237
50339
50387
50491
50563
50729
50925
50978
51221
51520
51595
51610
51923
51934
51976
52377
52838
53066
53417
53584
53631
53646
53769
53799
53805
53842
53847
53908
53936
53980
54024
54096
54244
54264
54294
54424
54564
54595
54884
55312
55344
55397
55480
55801
56030
56299
56491
56573
56673
56744
56783
57069
57097
57208
57217
57259
57647
57691
58146
58201
58477
58538
58717
58852
58964
59007
59136
59218
59305
59345
59444
59656
59715
59952
59978
60068
60111
60348
60442
60469
60491
60511
60631
60642
60648
60735
60830
60839
60909
61113
61118
61120
61376
61380
61517
61528
61621
61731
61811
62034
62114
62120
62163
62168
62224
62356
62683
62736
62751
62779
62804
62879
62980
62992
63044
63174
63447
63449
63463
63514
63884
63898
64032
64062
64160
64192
64336
64395
64548
64616
64625
64639
64764
64823
65265
65428
65627
65888
66012
66021
66051
66097
66246
66288
66524
66634
67253
67313
67394
67428
67449
67619
67648
67679
67766
67977
68065
68181
68191
68230
68272
68317
68331
68373
68384
68649
68927
69000
69009
69143
69149
69208
69271
69388
69395
69567
69576
69631
69739
69761
69825
70240
70411
70482
70673
70728
70748
70807
71293
71320
71454
71597
71645
71729
71745
71874
72345
72615
72684
72908
73251
73507
73685
73700
73727
73882
74136
74280
74395
74428
74989
75174
75196
75286
75558
75765
75781
76084
76173
76206
76342
76397
76542
76713
76913
76946
76949
76987
77147
77217
77318
77836
77973
78110
78548
78604
78660
78874
78891
79068
79092
79125
79262
79446
79610
79721
79772
80060
80190
80228
80239
80258
80260
80305
80340
80435
80635
80868
80930
80970
80987
81266
81347
81921
81989
82220
82303
82447
82495
82538
82548
82883
82898
83014
83087
83170
83171
83419
83620
83749
83858
83922
83961
83992
84239
84284
84906
85011
85122
85179
85202
85418
85442
85497
85825
86002
86094
86121
86189
86238
86289
86523
86714
87236
87266
87360
87465
87676
87802
88535
88594
88606
88617
88655
88699
88702
88821
89039
89309
89353
89398
89436
89449
89619
89892
90198
90335
90354
90415
90501
90523
90538
90645
90857
90915
90923
91167
91509
91783
92006
92042
92050
92261
92672
92794
92823
93042
93197
93404
93681
94348
94578
94661
94663
94681
94701
94750
94786
94789
94897
94929
95250
95390
95403
95570
95681
95755
95787
95866
96011
96164
96275
96373
96417
96619
96879
96902
97071
97201
97250
97329
97439
97450
97516
97656
97728
97750
97777
98001
98208
98241
98524
98691
98730
98802
98850
98867
99025
99223
99301
99385
99414
99547
99838
99938
99948
100257
100540
100608
100804
100821
100846
100879
100963
101103
101134
101271
101358
101433
101454
101503
101553
101818
101833
101931
101994
102128
102494
102524
102530
102665
102782
102824
102827
102905
103143
103168
103188
103311
103445
103624
103750
103967
104008
104118
104299
104484
104542
104574
104800
104810
104928
104950
105157
105200
105384
105508
105679
106030
106193
106325
106334
106938
107019
107063
107199
107246
107255
107322
107509
107711
107734
107888
107923
107963
108174
108218
108229
108315
108327
108972
108998
109081
109131
109192
109371
109417
109439
109606
109856
109907
110081
110266
110337
110362
110792
110953
110985
111126
111130
111323
111415
111602
111685
111910
112760
112792
113027
113069
113148
113227
113238
113311
113330
113334
113340
113353
113388
113418
113470
113507
113896
113970
114021
114270
114412
114678
114817
114864
114935
115113
115467
115649
115893
115913
116078
116160
116225
116228
116249
116300
116346
116353
116596
116715
117186
117247
117284
117311
117369
117486
117697
117751
118107
118298
118311
118416
118612
118665
118827
119003
119087
119168
119361
119376
119390
119498
119508
119518
119599
119698
119829
119834
119961
120043
120072
120394
120513
120608
120651
120719
121134
121169
121175
121259
121324
121583
121715
121986
121989
122152
122179
122438
122494
122675
122717
122786
122869
122875
122990
123126
123274
123346
123362
123619
123636
123652
123787
123874
123903
124050
124087
124152
124494
124527
124552
124655
124803
124977
125203
125244
125263
125272
125319
125430
125564
125854
125889
125903
125925
126006
126253
126293
126323
126427
126632
126639
126728
126793
126931
127167
127217
127653
127726
127746
128057
128461
128745
129004
129063
129189
129201
129263
129357
129376
129447
129664
129699
129862
130189
130239
130355
130413
130667
130693
130850
130915
131096
131172
131219
131548
131707
131776
131896
132237
132453
132469
132486
132523
132531
132673
132835
132959
133093
133150
133373
133410
133659
133696
133761
133781
133871
133921
134010
134074
134112
134153
134255
134326
134683
134713
134761
134802
135540
135629
135714
135785
135819
135968
136036
136078
136298
136324
136571
136735
136779
136935
137168
137179
137286
137298
137324
137334
137352
137403
137536
137657
137756
137948
138035
138045
138082
138119
138181
138227
138539
138649
138678
138712
138769
138898
138944
138962
138965
139137
139205
139228
139332
139567
139586
139599
139627
139805
139944
140014
140144
140187
140387
140409
140565
140801
140839
140960
141065
141068
141189
141236
141258
141294
141339
141349
141499
141611
141636
141758
141822
142173
142218
142295
142353
142376
142465
142744
142801
143051
143555
143849
144100
144112
144269
144297
144302
144410
144682
144989
145068
145098
145192
145223
145500
145560
145598
145763
145841
145895
145998
146383
146462
146473
146699
146767
146852
147136
147158
147191
147233
147479
147509
147572
147768
147860
147948
148044
148338
148356
148446
148478
148566
148800
148958
149147
149234
149318
149810
149822
150200
150810
150866
151147
151230
151275
151382
151406
151478
151574
151660
152019
152115
152189
152347
152382
152671
152899
152971
153080
153266
153450
153711
154125
154425
154461
154837
154893
154910
155002
155024
155168
155207
155229
155419
155506
155838
155930
155966
156011
156350
156387
156516
156770
156864
156902
156988
157102
157114
157238
157260
157408
157605
157620
157629
157720
157846
157889
157961
157987
157991
158124
158189
158254
158570
158600
158708
158736
158870
159014
159156
159185
159665
159983
160153
160342
160545
160934
161112
161150
161262
161304
161492
161524
161533
161659
161702
161790
161839
162014
162173
162193
162308
162325
162381
162535
162550
162669
162851
162889
163235
163243
163517
163893
164058
164185
164202
164334
164372
164411
164486
164563
164751
164807
164847
164906
164984
165123
165233
165617
165879
165908
165957
166068
166299
166327
166330
166520
166554
166583
166625
166663
166667
166674
167298
167376
167528
167629
167635
167746
167867
167991
168058
168069
168135
168145
168154
168270
168328
168394
168443
168636
168648
168673
168760
168780
168784
168913
168977
169255
169310
169331
169535
169720
169790
169806
170198
170225
170245
170337
170482
170578
170588
170767
171151
171395
171413
171571
171664
171681
171693
171706
171720
171750
171891
171925
172325
172636
172655
172797
172818
172915
173053
173134
173194
173228
173312
173369
173437
173556
173561
173647
173674
173723
173765
173773
173794
173890
173941
174027
174178
174331
174389
174522
174735
174796
174852
174871
174885
175041
175333
175532
175558
176061
176129
176213
176604
176611
176998
177244
177544
177688
177701
177745
177902
178167
178185
178231
178248
178278
178491
178660
178833
178869
179190
179392
179626
179786
179867
179901
180277
180283
180578
180618
180793
180929
181071
181198
181242
181352
181357
181375
181605
181701
181848
182026
182200
182261
182264
182413
182723
182762
182990
183050
183160
183239
183285
183290
183296
183380
183414
183632
184021
184248
184275
184453
184531
184650
184880
184893
185190
185339
185352
185525
185758
186055
186162
186238
186259
186267
186701
186745
186760
187055
187435
187548
187678
187763
187813
187848
188030
188068
188121
188584
188948
188994
189049
189097
189123
189479
189578
189593
189828
189936
189941
190018
190104
190242
190269
190611
191010
191107
191206
191383
191456
191629
191673
191699
191842
191880
191972
192168
192185
192204
192449
192450
192471
192605
192679
192690
192709
192715
193039
193051
193059
193095
193148
193160
193198
193382
193705
194068
194077
194239
194419
194637
194774
194949
194979
195212
195234
195304
195498
195515
195785
195828
196295
196311
196535
196772
196823
197013
197257
197263
197356
197477
197499
197681
197702
197714
197728
197736
197841
197861
197942
198069
198073
198115
198205
198390
198450
198475
198583
198646
198778
198807
198837
198842
198868
198886
198898
198913
199020
199081
199109
199132
199163
199257
199319
199356
199374
199377
199400
199469
199485
199490
199559
199592
199637
199642
199648
199709
199715
199721
199776
199801
199805
199891
199905
199919
199989
200054
200107
200140
200218
200275
200308
200376
200412
200468
200494
200564
200651
200724
200743
200783
200835
200861
200870
201060
201075
201191
201214
201223
201248
201254
201273
201293
201320
201337
201404
201411
201447
201455
201468
201480
201486
201498
201508
201510
201544
201592
201604
201649
201662
201681
201733
201766
201767
201769
201784
201793
201855
201856
201942
201945
201995
202078
202093
202107
202182
202218
202233
202402
202504
202551
202569
202630
202647
202657
202669
202730
202743
202812
202824
202852
202887
202996
203097
203110
203163
203224
203232
203284
203342
203415
203419
203424
203444
203475
203483
203564
203579
203596
203624
203626
203687
203780
203820
203835
203901
203988
204026
204066
204129
204158
204200
204229
204230
204269
204355
204400
204426
204463
204525
204557
204568
204575
204585
204615
204628
204697
204741
204812
204843
204867
204970
204974
205013
205063
205148
205181
205186
205189
205268
205316
205323
205339
205372
205374
205493
205518
205526
205534
205563
205568
205591
205676
205709
205741
205747
205780
205828
205942
205961
206033
206053
206068
206124
206162
206224
206415
206426
206446
206449
206455
206482
206493
206540
206552
206595
206679
206711
206736
206761
206777
206784
206820
206827
206864
206876
206888
206947
206966
206987
207022
207153
207202
207276
207279
207355
207401
207455
207513
207517
207582
207633
207690
207697
207715
207748
207750
207869
207894
207910
207913
207957
207970
207978
208039
208212
208282
208396
208463
208692
208799
208839
208859
208896
208898
208909
208966
208994
209002
209063
209081
209084
209106
209129
209137
209147
209180
209229
209242
209271
209310
209379
209407
209426
209436
209454
209565
209596
209664
209710
209741
209747
209774
209782
209995
209996
210028
210131
210194
210262
210327
210368
210388
210421
210424
210430
210466
210488
210500
210582
210591
210682
210692
210730
210766
210800
210803
210885
210904
210912
210966
211010
211064
211076
211098
211137
211154
211186
211200
211226
211258
211266
211290
211306
211327
211342
211345
211533
211536
211652
211699
211732
211886
212103
212165
212173
212259
212286
212296
212381
212420
212474
212527
212566
212636
212712
212752
212761
212762
212802
212823
212860
212945
212963
212990
213027
213143
213193
213196
213226
213258
213264
213338
213346
213370
213381
213427
213555
213588
213614
213664
213674
213740
213777
213884
213888
213909
213947
214116
214134
214137
214166
214169
214183
214211
214375
214419
214474
214507
214510
214518
214527
214593
214708
214798
214819
214847
214858
214875
214971
215053
215086
215092
215117
215158
215170
215175
215182
215196
215360
215441
215518
215563
215612
215692
215726
215870
215916
215933
215983
215991
216058
216131
216177
216195
216241
216275
216298
216330
216351
216358
216464
216481
216514
216522
216531
216535
216567
216585
216602
216622
216631
216637
216721
216730
216752
216772
216833
216893
216931
216970
217029
217091
217168
217210
217247
217274
217431
217490
217500
217521
217792
217892
217899
217957
218006
218095
218160
218190
218334
218340
218357
218360
218373
218382
218394
218432
218439
218480
218509
218527
218650
218654
218668
218694
218715
218735
218848
218917
218948
218953
218982
218996
219054
219130
219141
219153
219204
219225
219245
219256
219261
219278
219322
219328
219346
219357
219376
219381
219392
219395
219723
219843
219847
219851
219874
219881
219937
219969
219977
219988
220011
220062
220152
220179
220205
220206
220247
220264
220294
220335
220337
220347
220480
220528
220541
220551
220598
220609
220704
220727
220728
220811
220848
220853
220874
220905
221112
221139
221155
221174
221227
221313
221332
221353
221363
221403
221417
221474
221505
221571
221632
221642
221663
221671
221693
221705
221749
221756
221808
221828
221846
221848
221890
221912
221925
221990
222095
222164
222183
222190
222268
222295
222303
222307
222317
222354
222493
222552
222561
222624
222640
222669
222726
222788
222803
222813
222864
222882
223142
223190
223196
223303
223307
223375
223389
223404
223417
223512
223531
223702
223731
223740
223783
223795
223893
223914
223993
224040
224050
224086
224117
224152
224169
224225
224241
224282
224363
224487
224497
224529
224573
224582
224600
224680
224758
224806
224880
224909
224943
225045
225130
225146
225195
225200
225254
225316
225325
225363
225379
225406
225445
225512
225569
225613
225673
225757
225799
225800
225820
225825
225838
225902
226153
226166
226182
226209
226238
226250
226303
226323
226339
226347
226397
226400
226475
226564
226675
226704
226716
226772
226776
226794
226857
226859
226901
226915
226978
226989
227011
227051
227086
227138
227184
227215
227260
227295
227663
227688
227730
227737
227743
227806
227812
227893
227897
227900
228041
228117
228121
228144
228155
228247
228265
228267
228273
228313
228328
228341
228439
228496
228582
228652
228695
228734
228743
228782
228803
228835
228843
228905
228915
228936
228992
229000
229088
229092
229102
229112
229204
229246
229249
229332
229354
229380
229414
229421
229454
229463
229499
229545
229554
229588
229601
229652
229677
229721
229724
229966
229989
230038
230115
230138
230192
230239
230266
230292
230342
230370
230408
230441
230459
230500
230563
230636
230640
230655
230678
230695
230729
230798
230799
230835
230857
230862
230870
230901
230975
231007
231031
231093
231120
231127
231144
231257
231353
231361
231438
231455
231483
231517
231523
231527
231542
231601
231632
231635
231668
231702
231708
231905
231932
232016
232026
232046
232097
232119
232228
232231
232333
232354
232438
232475
232510
232600
232633
232640
232772
232785
232831
232907
233102
233105
233280
233346
233427
233494
233593
233601
233625
233653
233769
233774
233788
233891
233918
234002
234036
234092
234096
234171
234218
234221
234258
234280
234285
234314
234356
234362
234368
234393
234399
234443
234514
234518
234653
234673
234689
234698
234831
234903
234943
234954
234987
234998
235015
235110
235188
235252
235329
235336
235398
235440
235444
235488
235556
235567
235687
235691
235812
235868
235930
235954
235967
236043
236156
236177
236302
236343
236357
236556
236557
236571
236606
236633
236653
236691
236703
236750
236901
236905
236920
237001
237014
237069
237081
237129
237161
237168
237288
237308
237327
237330
237336
237413
237458
237466
237467
237513
237543
237546
237590
237603
237629
237680
237823
237856
237932
237953
237972
238026
238075
238106
238250
238299
238365
238425
238438
238500
238551
238619
238653
238671
238680
238696
238716
238770
238778
238783
238847
238866
238907
238968
239076
239093
239125
239145
239148
239153
239166
239173
239301
239346
239397
239469
239516
239520
239596
239774
239803
239808
239836
239839
239880
239904
240018
240028
240086
240147
240206
240398
240402
240407
240414
240435
240481
240504
240523
240547
240560
240564
240641
240763
240903
240915
240917
241021
241102
241117
241136
241168
241326
241394
241439
241490
241503
241569
241618
241638
241652
241671
241687
241724
241823
241881
241898
241949
241990
242095
242103
242208
242221
242238
242350
242371
242470
242488
242547
242594
242602
242657
242791
242795
242825
242904
242973
242974
242991
243037
243096
243159
243208
243231
243441
243561
243633
243748
243758
243899
243937
244075
244108
244124
244129
244159
244290
244308
244376
244382
244466
244537
244555
244589
244595
244600
244625
244666
244755
244825
244908
244956
245045
245145
245225
245276
245290
245325
245327
245439
245476
245521
245553
245570
245602
245672
245678
245713
245722
245768
245818
245855
245904
245978
245994
246036
246081
246106
246330
246470
246496
246524
246550
246558
246719
246789
246815
246822
246871
247046
247148
247157
247168
247183
247292
247316
247354
247363
247371
247441
247474
247524
247615
247693
247714
247802
247962
247973
248013
248072
248087
248153
248218
248328
248355
248372
248434
248444
248579
248585
248642
248747
248762
248775
248803
248811
248885
248937
248980
249009
249022
249054
249073
249096
249180
249300
249376
249514
249579
249758
249865
249882
249895
249916
249919
249961
250010
250117
250168
250309
250334
250371
250395
250434
250435
250437
250483
250499
250520
250607
250720
250779
250790
250793
250806
250852
250858
250911
250945
250964
250973
250979
251041
251107
251183
251310
251325
251346
251394
251410
251416
251440
251534
251603
251612
251626
251641
251646
251661
251701
251794
251866
251902
251921
251956
252005
252052
252075
252094
252142
252165
252223
252320
252388
252396
252519
252534
252564
252677
252689
252777
252829
252853
252864
252893
252902
252927
253013
253043
253045
253070
253146
253196
253263
253283
253415
253474
253504
253557
253607
253614
253625
253653
253682
253702
253713
253736
253776
253813
253837
253914
254006
254064
254281
254303
254309
254336
254361
254376
254461
254532
254598
254635
254679
254710
254730
254757
254829
254858
254869
254938
255019
255071
255146
255192
255250
255417
255502
255512
255526
255582
255636
255738
255750
255793
255809
255877
255900
255922
255934
255945
255947
255995
256043
256102
256184
256272
256302
256315
256338
256351
256384
256473
256478
256493
256539
256797
256806
256912
256955
256958
256978
256983
256986
257009
257040
257069
257119
257157
257197
257226
257260
257301
257346
257360
257452
257490
257529
257539
257592
257700
257725
257740
257755
257877
257883
257890
257922
257957
257986
258041
258048
258065
258092
258099
258255
258328
258353
258366
258385
258437
258471
258483
258522
258583
258612
258632
258727
258778
258831
258859
259001
259036
259239
259245
259280
259371
259397
259423
259429
259447
259478
259507
259550
259612
259688
259759
259778
259831
259851
259877
260132
260144
260204
260349
260385
260419
260443
260454
260457
260526
260660
260754
260790
260852
260887
260914
260943
261001
261040
261055
261089
261112
261136
261228
261296
261352
261420
261446
261476
261515
261560
261678
261682
261699
261734
261736
261769
261824
261938
261996
262102
262148
262150
262277
262324
262358
262365
262389
262403
262637
262670
262699
262729
262781
262804
262822
262824
262841
262871
262962
262968
262984
263000
263075
263136
263166
263319
263349
263382
263387
263401
263420
263424
263481
263545
263554
263613
263679
263698
263703
263762
263803
263818
263834
263889
263936
264024
264088
264103
264111
264163
264200
264266
264326
264365
264451
264470
264562
264584
264613
264662
264908
264958
265058
265062
265160
265168
265285
265340
265360
265363
265367
265375
265428
265434
265437
265460
265484
265498
265539
265585
265604
265612
265635
265654
265695
265749
265774
265775
265829
265837
265888
265918
265976
265991
265997
266014
266093
266149
266170
266179
266223
266245
266279
266292
266445
266475
266525
266581
266602
266603
266625
266639
266673
266750
266864
266909
267006
267022
267027
267064
267081
267086
267095
267155
267338
267414
267469
267496
267513
267546
267605
267613
267663
267693
267805
267816
267874
267899
267950
267968
268019
268027
268036
268052
268094
268139
268144
268161
268169
268190
268215
268217
268224
268244
268259
268436
268448
268481
268518
268631
268758
268868
268910
268946
269018
269176
269183
269208
269221
269225
269301
269327
269368
269460
269490
269526
269589
269606
269640
269653
269730
269773
269803
269829
269844
269847
269978
270033
270118
270144
270221
270279
270326
270342
270358
270381
270502
270527
270532
270544
270586
270707
270801
270897
270946
271050
271086
271124
271154
271179
271250
271293
271374
271602
271618
271644
271665
271753
271972
272005
272032
272065
272157
272276
272296
272351
272433
272470
272492
272503
272559
272647
272754
272762
272845
272850
272929
272967
273176
273183
273275
273301
273370
273400
273415
273440
273453
273460
273484
273520
273661
273685
273779
273831
273928
273995
274077
274207
274240
274377
274406
274483
274506
274558
274608
274654
274673
274757
274861
274882
274981
275055
275214
275225
275307
275368
275482
275538
275591
275670
275715
275736
275758
275791
275804
275827
275938
275950
275986
276008
276015
276064
276101
276109
276147
276159
276168
276200
276237
276366
276416
276454
276494
276666
276692
276701
276721
276820
276827
276843
276885
276914
276917
276974
277041
277123
277125
277250
277285
277299
277332
277407
277408
277532
277576
277604
277712
277732
277738
277809
277840
277879
277908
277942
277950
277988
278007
278020
278034
278170
278252
278291
278293
278336
278346
278548
278571
278680
278738
278767
278889
279070
279071
279083
279120
279154
279217
279295
279336
279363
279425
279438
279448
279483
279487
279488
279548
279565
279577
279595
279666
279705
279824
279828
279873
280070
280074
280083
280174
280212
280239
280259
280295
280311
280352
280365
280487
280495
280496
280497
280507
280527
280658
280716
280729
280821
280861
280881
280892
280901
280913
280940
280950
280981
281023
281063
281142
281148
281190
281271
281297
281487
281530
281574
281595
281599
281620
281662
281723
281739
281804
281872
281902
282070
282145
282153
282223
282251
282331
282382
282404
282413
282421
282431
282435
282454
282461
282506
282650
282791
282855
282888
282892
282992
283024
283033
283062
283067
283088
283100
283103
283143
283160
283217
283268
283312
283342
283365
283374
283411
283448
283501
283529
283577
283602
283641
283671
283773
283833
283843
283846
283919
284076
284193
284390
284467
284529
284562
284571
284681
284729
284932
285054
285066
285071
285151
285326
285351
285407
285423
285518
285521
285527
285554
285574
285637
285658
285725
285729
285766
285819
285943
285967
286064
286082
286251
286264
286272
286303
286398
286503
286515
286556
286628
286646
286676
286703
286857
286861
286915
286922
286963
286965
286980
287054
287061
287134
287141
287166
287171
287227
287249
287335
287384
287398
287412
287420
287513
287645
287651
287688
287796
287842
287868
287970
288115
288208
288230
288266
288355
288461
288471
288480
288494
288504
288507
288540
288725
288788
288791
288868
288917
289006
289015
289021
289229
289246
289268
289279
289426
289500
289506
289519
289525
289534
289586
289649
289732
289761
289773
289804
289832
289914
289975
290115
290252
290268
290344
290404
290561
290588
290604
290635
290688
290796
290889
290902
290903
290937
290954
290961
291016
291059
291145
291162
291173
291242
291283
291396
291524
291534
291565
291572
291639
291721
291747
291773
291796
291837
291850
291876
291885
291970
292048
292050
292060
292102
292110
292142
292170
292179
292192
292274
292389
292422
292464
292472
292618
292644
292734
292737
292758
292768
292776
292822
292846
292873
292881
292891
292898
292925
292933
292999
293021
293156
293179
293225
293296
293382
293411
293439
293494
293510
293523
293580
293633
293657
293692
293705
293717
293750
293772
293780
293935
294015
294060
294066
294116
294139
294140
294147
294231
294362
294371
294378
294459
294504
294555
294607
294611
294674
294731
294745
294795
294876
294884
294921
294942
295014
295058
295064
295146
295163
295290
295409
295417
295441
295495
295580
295593
295597
295613
295675
295682
295691
295735
295757
295769
295920
295930
295949
295992
296033
296085
296130
296262
296379
296438
296503
296541
296567
296579
296607
296626
296634
296665
296762
296785
296805
296812
296923
296978
297000
297002
297020
297024
297113
297126
297219
297251
297294
297343
297508
297566
297606
297646
297678
297693
297711
297729
297731
297763
297798
297840
297873
297883
297948
298001
298042
298150
298236
298250
298271
298336
298418
298449
298562
298600
298616
298632
298681
298763
298779
298794
298845
298996
299021
299137
299167
299169
299196
299262
299277
299287
299291
299482
299521
299560
299645
299692
299797
299812
299863
299904
300006
300014
300092
300164
300168
300263
300382
300449
300505
300559
300591
300741
300756
300760
300882
300916
300929
300940
301077
301101
301109
301112
301146
301161
301166
301193
301275
301278
301412
301491
301645
301709
301737
301765
301786
301834
301838
301856
301887
301894
301966
301969
302004
302086
302143
302163
302171
302206
302211
302245
302321
302439
302517
302562
302644
302848
302910
302961
302972
303085
303157
303263
303351
303399
303408
303429
303526
303557
303566
303616
303645
303682
303716
303723
303749
303808
303846
303849
303856
303937
303969
304085
304139
304157
304164
304175
304218
304274
304278
304311
304336
304368
304398
304540
304581
304678
304679
304681
304685
304708
304728
304758
304834
304856
305024
305068
305245
305247
305307
305382
305447
305561
305687
305764
305784
305795
305834
305878
305936
305961
306042
306048
306123
306173
306250
306271
306319
306503
306520
306541
306580
306607
306715
306747
306801
306806
306813
306848
306857
306887
306946
306994
307003
307082
307091
307147
307203
307266
307283
307349
307452
307527
307555
307616
307630
307642
307680
307729
307993
308125
308213
308348
308483
308494
308613
308636
308687
308696
308732
308841
309002
309008
309011
309087
309221
309357
309381
309385
309399
309415
309473
309501
309528
309538
309548
309555
309609
309694
309794
309850
309858
309921
310048
310096
310187
310248
310266
310320
310481
310525
310551
310723
310948
310988
311172
311226
311245
311277
311330
311459
311615
311622
311645
311671
311680
311688
311890
311896
311905
311955
311973
312006
312055
312063
312078
312158
312180
312221
312251
312334
312366
312406
312485
312496
312515
312524
312571
312592
312598
312642
312718
312761
312774
312778
312795
312817
312835
312896
312926
313015
313023
313036
313052
313242
313264
313321
313337
313538
313606
313611
313629
313677
313724
313757
313944
314013
314045
314052
314252
314267
314301
314515
314520
314587
314638
314724
314732
314793
314924
314932
314950
314970
315007
315060
315088
315101
315155
315296
315383
315406
315506
315538
315603
315619
315659
315821
315903
315925
315987
316067
316070
316149
316157
316199
316241
316291
316313
316341
316349
316391
316416
316426
316438
316554
316594
316859
316885
316896
316899
316984
317105
317326
317354
317366
317394
317551
317568
317572
317588
317671
317719
317772
317800
317876
317911
317938
318036
318068
318069
318094
318116
318149
318237
318355
318387
318403
318449
318481
318573
318696
318715
318789
318796
319053
319111
319268
319302
319329
319332
319376
319416
319425
319433
319456
319508
319520
319578
319662
319726
319783
319800
319855
319866
319879
319912
319958
319966
320013
320047
320062
320119
320127
320138
320154
320176
320198
320244
320277
320279
320324
320393
320417
320425
320454
320534
320684
320773
320838
320844
320920
320972
321016
321018
321168
321245
321258
321294
321317
321374
321515
321548
321739
321762
321772
321792
321793
321859
321918
321964
321998
322057
322092
322187
322215
322272
322365
322422
322450
322454
322484
322577
322622
322652
322667
322671
322672
322679
322737
322783
322810
322894
322911
323078
323285
323298
323313
323441
323478
323524
323531
323577
323605
323653
323657
323745
323756
323758
323880
324113
324119
324134
324154
324171
324276
324279
324310
324502
324522
324556
324599
324735
324759
324770
324774
324788
324791
324823
324838
324845
324847
324901
324949
324959
325037
325038
325051
325225
325246
325301
325408
325454
325485
325514
325542
325582
325601
325676
325716
325744
325785
325800
325839
325842
325891
325932
325960
325978
326005
326007
326027
326060
326092
326281
326332
326336
326467
326561
326629
326633
326646
326705
326716
326890
326902
326911
326956
326966
327016
327024
327115
327118
327176
327200
327222
327488
327493
327511
327516
327594
327608
327616
327668
327773
327831
327844
327859
327914
327936
327938
327962
327985
328011
328064
328216
328224
328228
328260
328293
328296
328316
328340
328459
328598
328612
328644
328801
328824
328946
328954
328966
328984
329005
329060
329196
329205
329255
329294
329299
329464
329477
329522
329538
329566
329631
329636
329654
329680
329703
329745
329771
329779
329791
329795
329838
329877
329902
329938
329959
329990
330058
330159
330169
330179
330186
330196
330210
330235
330311
330320
330341
330346
330358
330392
330436
330437
330445
330483
330542
330605
330694
330721
330723
330862
330909
331361
331370
331386
331394
331497
331537
331577
331640
331659
331677
331819
331865
331922
331934
332051
332086
332218
332222
332249
332308
332319
332348
332493
332522
332525
332593
332607
332619
332662
332680
332682
332729
332735
332807
332832
332873
332878
332883
332958
332985
333035
333039
333075
333111
333126
333221
333231
333297
333336
333429
333500
333534
333555
333584
333727
333766
333790
333825
333879
333885
333904
333916
333948
333983
334101
334174
334180
334200
334227
334231
334241
334250
334280
334408
334411
334419
334456
334567
334574
334622
334642
334882
334902
334983
335078
335081
335157
335209
335234
335250
335393
335420
335430
335433
335446
335463
335518
335567
335578
335712
335737
335829
335841
335932
335963
336018
336075
336087
336094
336285
336351
336432
336565
336595
336624
336704
336799
336816
336876
336890
337044
337065
337070
337161
337177
337191
337223
337270
337419
337493
337572
337605
337699
337727
337731
337766
337797
337824
337842
337894
337898
337946
338000
338552
338565
338586
338603
338747
338763
338800
338875
339233
339249
339268
339303
339321
339332
339365
339378
339409
339473
339582
339629
339662
339795
339809
339869
339883
340008
340147
340155
340175
340215
340341
340342
340377
340465
340489
340506
340543
340663
340771
340781
340810
340827
340859
340891
340905
340980
340983
340999
341000
341013
341021
341028
341036
341088
341130
341196
341226
341236
341240
341253
341269
341279
341421
341470
341520
341521
341572
341789
341807
341825
341830
341891
341927
341987
342070
342106
342158
342165
342229
342272
342407
342420
342424
342437
342455
342581
342672
342729
342754
342842
342863
342903
342933
342938
342971
343003
343044
343111
343295
343395
343443
343572
343582
343629
343644
343690
343800
343816
343845
343944
343993
344052
344058
344061
344137
344352
344355
344361
344393
344405
344510
344521
344538
344560
344601
344697
344705
344717
344747
344762
344786
344889
344964
344968
345081
345133
345192
345210
345226
345268
345340
345545
345595
345618
345623
345636
345655
345729
345731
345842
345860
345953
345962
346036
346069
346146
346174
346177
346214
346424
346524
346552
346586
346738
346785
346793
346824
346853
347044
347080
347085
347174
347209
347362
347377
347409
347410
347502
347505
347561
347570
347593
347730
347732
347743
347797
347805
347828
347849
347875
347882
347937
348016
348207
348212
348268
348316
348360
348375
348397
348436
348537
348587
348589
348605
348707
348719
348809
348878
348963
348964
349032
349050
349080
349109
349147
349185
349268
349277
349297
349316
349382
349429
349448
349688
349711
349747
349749
349837
349853
349874
349945
349956
349973
350073
350091
350105
350199
350208
350301
350361
350397
350457
350466
350553
350586
350654
350659
350707
350754
350755
350841
350842
350916
351076
351125
351159
351177
351253
351315
351343
351424
351529
351535
351575
351723
351736
351755
351768
351908
352002
352060
352107
352279
352285
352386
352487
352553
352560
352777
352902
352916
352980
353001
353007
353041
353210
353249
353279
353321
353349
353401
353467
353502
353576
353600
353632
353646
353706
353748
353753
353803
353885
353886
354021
354023
354131
354147
354160
354184
354201
354214
354227
354278
354306
354393
354423
354504
354554
354572
354615
354635
354746
354837
354861
354866
354890
354915
354928
354930
354955
354970
354985
354989
354994
355125
355140
355168
355181
355185
355258
355300
355361
355368
355417
355435
355483
355596
355668
355689
355753
355766
355786
355833
355837
355844
355849
355862
355875
355899
355901
355925
356078
356143
356154
356215
356315
356419
356434
356476
356485
356668
356725
356741
356779
356785
356858
356897
356907
356934
356937
356961
357031
357043
357048
357191
357298
357416
357500
357521
357539
357600
357604
357734
357928
357966
357983
358067
358129
358186
358206
358285
358322
358329
358338
358382
358425
358435
358473
358497
358502
358586
358608
358630
358663
358801
358832
358857
358898
358939
358959
359079
359116
359152
359199
359216
359266
359278
359397
359483
359501
359538
359567
359609
359688
359701
359778
359807
359949
359975
359980
359986
360084
360089
360114
360133
360158
360202
360225
360227
360254
360273
360326
360349
360459
360631
360635
360650
360658
360755
360788
360800
360824
360883
360965
361055
361058
361084
361113
361119
361210
361230
361270
361377
361483
361602
361616
361815
361855
361861
361922
362108
362112
362132
362139
362300
362306
362323
362357
362466
362699
362731
362762
362878
362966
362998
363031
363217
363311
363397
363427
363452
363459
363463
363474
363479
363608
363620
363641
363674
363685
363809
363934
364006
364020
364048
364158
364212
364260
364271
364370
364404
364507
364552
364560
364564
364580
364660
364672
364725
364777
364790
364889
364909
364933
365013
365058
365185
365288
365369
365425
365513
365536
365544
365608
365621
365627
365629
365675
365706
365723
365753
365803
365842
365884
365981
366092
366098
366107
366194
366214
366479
366529
366536
366611
366637
366642
366650
366674
366678
366689
366725
366731
366744
366769
366787
366836
366849
366851
366909
366932
366943
367042
367087
367183
367214
367220
367228
367236
367251
367346
367361
367388
367398
367422
367497
367660
367677
367749
367761
367804
367972
368102
368135
368141
368157
368203
368224
368230
368417
368506
368540
368563
368615
368645
368740
368759
368839
368840
368846
368884
368936
369004
369149
369174
369259
369298
369346
369408
369480
369487
369569
369571
369663
369732
369747
369765
369797
369826
369907
369934
370012
370022
370109
370182
370442
370509
370536
370558
370631
370704
370755
370777
370792
370804
370848
370879
370916
370921
370985
370998
371044
371074
371101
371114
371164
371191
371224
371290
371314
371339
371341
371392
371402
371448
371502
371523
371551
371614
371687
371699
371745
371766
371890
371957
371966
372008
372046
372122
372239
372321
372328
372354
372469
372511
372528
372545
372604
372672
372736
372896
372913
372935
372998
373037
373230
373280
373529
373535
373629
373796
373824
373912
373930
373950
373988
374020
374027
374096
374133
374151
374215
374237
374365
374376
374429
374494
374615
374640
374773
374791
374803
374878
374922
375067
375087
375159
375179
375217
375247
375393
375442
375464
375576
375581
375661
375682
375684
375781
375815
375833
375852
375919
375949
376072
376157
376205
376238
376308
376379
376398
376458
376504
376613
376665
376726
376766
376843
376898
376954
376982
377016
377020
377097
377126
377175
377206
377213
377218
377246
377258
377279
377310
377411
377471
377573
377593
377705
377713
377727
377779
377840
378022
378069
378075
378112
378221
378285
378343
378462
378487
378498
378511
378537
378568
378583
378638
378674
378676
378742
378766
378837
378903
379139
379163
379231
379324
379349
379386
379453
379457
379532
379561
379578
379600
379645
379891
379894
379942
380154
380166
380183
380308
380414
380421
380436
380494
380519
380532
380539
380551
380624
380627
380695
380762
380779
380790
380841
380860
380914
380980
381014
381072
381350
381353
381445
381463
381632
381693
381798
381828
382005
382103
382292
382294
382421
382423
382454
382460
382538
382682
382851
383039
383069
383083
383177
383222
383224
383257
383342
383379
383387
383433
383688
383737
383792
383938
384037
384135
384145
384171
384201
384497
384507
384534
384680
384718
384765
384898
384935
384966
384994
385237
385300
385403
385463
385465
385546
385588
385700
385857
385922
385946
385998
386090
386105
386165
386167
386260
386578
386593
386631
386669
386726
386945
386971
387064
387248
387311
387327
387354
387373
387456
387663
387720
387915
388092
388257
388284
388335
388341
388491
388601
388916
389004
389016
389039
389248
389281
389403
389477
389839
389867
390013
390056
390098
390303
390492
390572
390582
390684
390787
390821
390890
390976
390983
391072
391157
391160
391246
391470
391610
391611
391690
391874
391890
391915
391956
392055
392142
392237
392329
392332
392351
392361
392388
392501
392581
392885
392924
392925
393186
393257
393619
393691
393701
393761
393889
393921
393927
394126
394131
394201
394319
394540
394652
394924
394960
395037
395072
395294
395297
395469
395520
395551
395588
395600
395643
395658
395781
395835
395925
395967
396010
396160
396175
396274
396362
396409
396442
396464
396609
396610
396683
396766
396855
396894
396926
397050
397295
397361
397409
397442
397631
397795
397833
397843
398063
398074
398090
398199
398238
398248
398269
398440
398685
398764
398765
399211
399225
399260
399353
399538
399548
399615
399622
399835
399976
399979
400041
400169
400303
400334
400501
400582
400613
400653
400687
400890
400908
400991
401040
401349
401430
401436
401625
401703
401866
401931
402089
402201
402221
402281
402287
402854
402890
402985
403083
403155
403238
403266
403473
403501
403524
403656
403678
403706
403728
403964
404054
404079
404206
404412
404500
404609
404859
404955
405026
405222
405258
405302
405562
405818
406052
406072
406085
406141
406153
406186
406210
406213
406443
406454
406639
406717
407081
407173
407175
407255
407366
407409
407566
407645
407685
407728
407752
407783
407868
407913
407916
408089
408107
408295
408622
408660
408688
408725
408772
408887
409004
409142
409301
409309
409557
409567
409898
409939
409948
410078
410270
410348
410437
410456
410480
410520
410718
410733
410735
410741
410902
411073
411343
411352
411519
411546
411589
411644
411716
411756
411763
411783
411862
412269
412290
412304
412340
412413
412465
412536
412575
412640
412944
413149
413166
413372
413571
413666
413805
413839
414094
414254
414258
414332
414375
414428
414599
414626
414760
414940
415097
415343
415349
415468
415665
415705
415875
415950
416070
416392
416865
416964
417091
417427
417597
417795
417901
417932
417946
417954
418039
418114
418413
418476
418540
418579
418633
418732
418862
418880
418936
419074
419262
419276
419327
419588
419782
419886
419997
420033
420206
420251
420314
420337
420376
420401
420504
420582
420647
420692
420734
420774
420801
420859
420993
421009
421198
421457
421594
421874
421920
422031
422057
422122
422211
422308
422331
422704
423438
423590
423802
423922
424059
424064
424152
424166
424203
424234
424323
424393
424473
424494
424530
424614
424783
424802
424852
425137
425434
425924
425926
426013
426134
426342
426371
426408
426592
426630
426717
426980
427088
427262
427280
427303
427369
427430
427650
427660
427680
427692
427737
427781
427861
428000
428241
428332
428391
428406
428556
428594
428869
429606
429621
429650
429682
429758
429815
429958
429997
430175
430338
430352
430465
430570
430750
431107
431196
431227
431449
431700
431768
431790
431822
431854
432132
432273
432392
432403
432578
432770
432895
432940
433202
433269
433505
433596
433737
433805
434229
434306
434354
434367
434506
434510
434583
434872
434934
435052
435091
435125
435210
435258
435552
435893
435927
436011
436089
436167
436336
436578
436686
436797
436832
436964
437017
437025
437386
437545
437729
437909
437927
437933
438051
438204
438266
438301
438483
438525
438637
438743
438907
439101
439193
439280
439340
439738
439802
439815
439901
439907
440128
440382
440779
440850
440928
441004
441095
441379
441404
441517
441712
441773
441790
441876
441896
441914
441941
442093
442134
442239
442273
442274
442283
442289
442306
442504
442556
442615
442706
442767
442922
442956
443010
443073
443200
443209
443378
443478
443876
443914
444176
444216
444239
444257
444334
444346
444369
444832
444843
445121
445261
445273
445401
445460
445466
445516
445577
445628
445729
445795
445874
446025
446096
446140
446549
446611
446616
446625
446845
447004
447171
447174
447217
447222
447285
447422
447629
447703
448207
448239
448303
448433
448550
448696
448850
448855
448904
449308
449346
449372
449376
449469
449490
449569
449640
449698
449871
450075
450184
450228
450433
450502
450537
450728
450783
450982
451047
451069
451079
451175
451268
451303
451366
451386
451400
451474
451476
451521
451750
451840
451876
451879
451880
452111
452142
452161
452234
452509
452670
452899
452957
453024
453057
453213
453470
453518
453957
454073
454136
454251
454257
454278
454294
454298
454345
454370
454428
454710
454754
454992
455007
455154
455248
455315
455340
455489
455749
455758
455775
455955
455987
456058
456189
456284
456293
456298
456387
456466
456596
457003
457119
457171
457230
457352
457363
457485
457856
457953
458073
458181
458590
458783
459338
459362
459464
459516
459567
459739
459754
459810
460112
460151
460328
460337
460798
460843
460969
460980
461018
461154
461753
461891
461952
462035
462081
462104
462251
462332
462528
462542
462553
462620
462697
462776
462946
462982
463186
463428
463510
463520
463546
463662
463853
463876
463886
463930
463953
463959
463997
464133
464184
464471
464672
465015
465041
465079
465505
465850
465863
466314
466326
466355
466454
466726
466742
466758
466888
467105
467306
467654
467770
467889
467944
467984
468172
468315
468317
468422
468473
468567
468692
469014
469064
469072
469156
469436
469523
469536
469562
469634
469783
469793
470015
470064
470089
470155
470205
470249
470513
470715
470786
471811
472062
472157
472193
472200
472315
472471
472476
472494
472516
472552
472585
472654
472700
472817
472979
473043
473109
473188
473277
473300
473348
473580
473788
473882
473919
473979
473995
474067
474099
474145
474240
474245
474406
474660
474817
474825
474943
475036
475041
475207
475262
475486
475523
475529
475809
476092
476107
476116
476141
476166
476343
476468
476814
476823
477057
477301
477492
477647
477791
478004
478149
478369
478384
478392
478395
478766
478796
478840
478917
478962
479555
479765
479792
479827
479875
479946
479995
480061
480137
480225
480273
480330
480491
480742
480938
481128
481138
481378
481669
481721
481738
481742
481835
481883
482141
482178
482239
482382
482413
482437
482469
482669
482943
482955
483317
483379
483474
483510
483524
483571
483674
484133
484257
484321
484416
484522
484839
484863
484871
484899
485020
485096
485111
485130
485179
485277
485543
485806
485937
485983
486067
486073
486281
486357
486374
486399
486467
486541
486665
486741
486760
486877
487023
487170
487175
487240
487300
487414
487426
487703
487941
487971
488070
488092
488287
488485
488515
488522
488563
488565
488593
488997
489024
489173
489180
489319
489354
489371
489491
490535
490609
490864
491019
491188
491225
491322
491421
491485
491607
491869
492011
492079
492326
492493
492649
492660
492688
492777
492873
492929
493086
493363
493590
493667
493700
493706
493923
493952
493990
494065
494088
494115
494300
494305
494735
494819
494861
494888
495004
495179
495266
495662
495674
495707
495748
495879
495958
496032
496106
496174
496520
496807
497210
497297
497425
497459
497518
497527
497649
498028
498048
498133
498268
498298
498429
498442
498659
498821
498907
499032
499037
499158
499555
499654
500037
500470
500682
500749
500971
501281
501647
501751
502174
502511
502810
502976
503026
503038
503053
503070
503136
503301
503638
503657
503735
503871
503986
504018
504161
504321
504495
504575
504592
504645
504662
504675
504685
504717
504737
504887
504935
504953
505018
505049
505281
505421
505426
505497
505659
505765
505782
505955
506011
506050
506060
506163
506629
506666
506699
507239
507395
507516
507698
507742
507761
507805
507856
508094
508188
508329
508409
508457
508540
508847
508964
509157
509257
509359
509417
509460
509656
509893
510054
510110
510678
510683
511167
511193
511296
511298
511495
511586
512019
512081
512397
512477
512537
512552
512686
513520
513539
513618
513658
513732
513763
513853
514043
514185
514381
514414
514614
514674
515034
515346
515357
515403
515600
515887
515893
515909
516054
516080
516146
516156
516232
516252
516377
516627
516647
516722
516857
517051
517073
517204
517221
517386
517459
517577
517614
517723
517869
517995
518367
518412
518438
518630
518658
518710
518855
518914
518969
519137
519197
519258
519442
519464
519527
519727
519817
519844
519919
520039
520329
520432
520602
520897
521192
521252
521367
521566
521630
521691
521826
522254
522392
522554
522570
522621
522810
522821
522932
522951
523038
523051
523073
523125
523415
523431
523466
523494
523527
523609
524133
524296
524448
524457
524646
524669
524701
524752
524802
525027
525102
525103
525312
525350
525394
525666
525695
525920
525944
525976
526143
526337
526368
526465
526767
526938
526971
527058
527379
527408
527451
527455
527509
527537
527549
527585
527773
527789
528040
528052
528118
528417
528420
528560
528691
528796
528912
529188
529446
529788
529834
529922
530216
530262
530358
530374
530555
530587
530740
530908
531105
531248
531283
531531
531534
532198
532450
532759
532781
532943
532994
533133
533153
533251
533399
533409
533414
533658
533784
533797
534120
534191
534236
534372
534389
534391
534445
534525
534582
535004
535195
535361
535676
535824
535957
536102
536159
536196
536216
536228
536296
536301
536332
536429
536557
536713
536770
536802
536866
536904
536958
537023
537130
537176
537197
537251
537277
537321
537332
537357
537438
537552
537685
538033
538195
538322
538442
538503
538648
538832
538885
538960
539249
539322
539394
539508
539636
539671
539678
540222
540333
540807
540915
540982
541119
541140
541159
541214
541373
541520
541733
541753
541786
541911
542015
542326
542636
542723
542734
542827
542876
542964
542997
543073
543079
543133
543173
543177
543286
543341
543649
543885
543960
544018
544065
544123
544202
544251
544260
544376
544849
544961
545324
545370
545487
545616
545685
545725
545951
545993
546231
546540
546557
546852
546969
547229
547245
547255
547283
547358
547452
547496
548124
548221
548323
548393
548655
548928
549070
549181
549206
549243
549260
549397
549662
549772
549783
549899
549936
550002
550082
550096
550108
550124
550158
550235
550250
550270
550283
550329
550400
550651
550721
550743
550775
550821
550902
550910
550932
550956
550976
551027
551045
551058
551102
551129
551164
551238
551252
551276
551384
551428
551432
551501
551510
551644
551676
551678
551698
551741
551757
551761
551986
552060
552106
552320
552349
552505
552543
552561
552738
552894
552955
552976
553136
553137
553183
553259
553318
553356
553504
553520
553639
553660
553667
553676
553767
553816
553878
553902
553916
554001
554009
554123
554136
554142
554365
554552
554567
554687
554763
554779
554869
554965
555032
555082
555090
555143
555206
555274
555320
555351
555366
555456
555550
555615
555623
555771
555923
555925
556069
556135
556149
556151
556194
556201
556218
556226
556300
556304
556522
556532
556672
556681
556803
556812
556816
556861
556988
557125
557145
557204
557261
557355
557371
557487
557571
557732
557734
557743
557799
557825
557939
557945
557987
558125
558133
558145
558204
558217
558272
558327
558329
558414
558421
558486
558657
558667
558836
558980
559005
559073
559092
559118
559185
559191
559218
559278
559289
559329
559366
559394
559522
559591
559663
559728
560038
560137
560189
560245
560263
560269
560310
560382
560442
560515
560695
560743
560838
560868
560872
560911
560917
560984
561014
561025
561029
561051
561157
561341
561347
561398
561436
561517
561552
561558
561567
561572
561602
561678
561691
561719
561750
561792
561972
562163
562175
562204
562239
562249
562337
562366
562455
562488
562503
562520
562526
562533
562573
562647
562691
562737
562755
562771
562866
562985
563090
563170
563207
563211
563224
563245
563274
563337
563432
563494
563512
563525
563541
563544
563609
563611
563623
563631
563657
563684
563709
563716
563772
563816
563841
563850
564106
564130
564137
564145
564226
564260
564385
564409
564475
564501
564531
564532
564637
564879
564890
564966
564971
564977
565035
565143
565165
565187
565213
565224
565277
565556
565603
565628
565685
565710
565805
565810
565964
565965
566031
566064
566205
566249
566339
566421
566451
566599
566636
566639
566657
566684
566695
566701
566812
566865
566968
567018
567024
567079
567089
567122
567139
567233
567249
567254
567325
567333
567342
567380
567503
567566
567628
567676
567764
567806
567946
567974
568094
568205
568224
568350
568442
568478
568479
568486
568507
568510
568641
568712
568741
568754
568842
568986
569017
569035
569048
569067
569116
569159
569260
569277
569461
569568
569595
569729
569743
569773
569913
570150
570200
570219
570260
570266
570334
570443
570453
570655
570667
570871
571031
571100
571110
571244
571262
571282
571461
571581
571760
571788
571880
571948
571987
572030
572229
572254
572330
572580
572588
572659
572720
572802
572969
573017
573079
573142
573278
573300
573367
573387
573415
573452
573525
573555
573649
573682
573727
573955
574013
574070
574107
574133
574418
574437
574467
574481
574570
574644
574676
574682
574727
574742
574749
574845
574849
574888
574981
575018
575174
575180
575231
575303
575411
575524
575533
575547
575583
575631
575683
575692
575716
575766
575777
575806
575832
575849
575972
576019
576049
576111
576119
576166
576271
576282
576352
576373
576427
576490
576641
576661
576687
576733
576944
576982
577008
577050
577165
577203
577276
577288
577439
577450
577544
577548
577651
577654
577736
577800
577829
577860
577959
578001
578125
578180
578194
578359
578372
578391
578438
578485
578675
578754
578789
578834
579101
579180
579328
579349
579364
579403
579484
579531
579567
579575
579616
579620
579621
579776
579815
579989
580022
580030
580082
580124
580141
580153
580167
580218
580267
580296
580314
580318
580330
580373
580436
580457
580488
580556
580571
580634
580743
580845
580872
580907
580913
580945
581047
581100
581101
581221
581298
581410
581447
581493
581557
581719
581721
581730
581733
581792
581845
582033
582046
582056
582074
582211
582277
582420
582457
582474
582561
582616
582645
582813
582929
582943
582952
582969
582991
583075
583166
583225
583265
583322
583342
583376
583393
583419
583458
583501
583576
583602
583830
583885
583891
583914
583999
584106
584172
584176
584251
584418
584475
584486
584494
584576
584647
584722
584727
584756
584879
584953
584961
584967
585014
585024
585028
585057
585096
585101
585122
585158
585265
585374
585390
585426
585510
585558
585610
585728
585748
585764
585786
585875
585909
585951
585988
586007
586035
586046
586059
586079
586118
586140
586155
586190
586223
586311
586326
586352
586443
586471
586485
586571
586587
586619
586768
586836
586924
586988
587012
587085
587089
587103
587116
587248
587289
587432
587472
587528
587580
587666
587706
587821
587825
587996
587999
588047
588143
588158
588183
588220
588268
588349
588360
588384
588430
588444
588456
588476
588492
588526
588559
588580
588631
588716
588740
588777
588892
589032
589229
589334
589457
589506
589560
589596
589618
589620
589666
589727
590057
590095
590146
590224
590358
590495
590533
590574
590717
590733
590839
590986
591015
591024
591043
591054
591057
591087
591096
591197
591238
591263
591309
591358
591376
591424
591515
591523
591575
591608
591612
591649
591816
591875
591888
591945
592072
592085
592125
592171
592183
592203
592248
592255
592372
592450
592545
592561
592579
592630
592694
592744
592767
592859
592952
592954
593052
593059
593108
593262
593291
593383
593423
593483
593588
593762
593789
593804
593821
593858
593936
593947
593992
594182
594218
594274
594328
594413
594475
594526
594545
594556
594654
594832
594849
594860
594893
594926
594936
595007
595053
595088
595129
595170
595280
595342
595430
595432
595654
595662
595772
595908
595965
596008
596115
596125
596180
596202
596344
596376
596424
596490
596618
596639
596652
596739
596773
596801
596832
596866
596923
597012
597041
597171
597248
597277
597311
597362
597417
597457
597503
597553
597576
597656
597715
597777
597786
597795
597855
598044
598046
598081
598105
598133
598158
598169
598214
598222
598259
598286
598352
598424
598614
598650
598809
598842
598897
598968
599057
599064
599109
599124
599171
599280
599290
599317
599384
599416
599612
599615
599645
599748
599785
599862
600026
600067
600094
600141
600171
600224
600242
600255
600337
600446
600510
600578
600673
600716
600813
600876
600916
600980
601057
601091
601101
601192
601311
601320
601333
601493
601498
601564
601597
601703
601802
601808
601827
601840
602186
602405
602417
602431
602611
602631
602637
602746
602836
602990
603124
603152
603160
603203
603261
603319
603355
603414
603423
603457
603491
603538
603558
603676
603730
603942
603953
603988
604123
604288
604459
604484
604581
604796
604831
604888
604900
604913
604994
605001
605044
605050
605171
605194
605249
605299
605352
605454
605481
605562
605599
605663
605681
605804
605882
606032
606201
606237
606273
606385
606487
606528
606534
606561
606611
606626
606646
606757
606772
606834
606863
606931
606969
607044
607062
607095
607159
607161
607168
607224
607448
607478
607493
607898
607948
607970
607986
607990
608240
608334
608438
608449
608582
608673
608691
608732
608744
608926
608956
608960
608966
608970
609000
609008
609065
609134
609144
609148
609237
609330
609378
609389
609465
609540
609676
609713
609862
609866
609872
609877
610025
610190
610231
610237
610245
610350
610431
610439
610440
610816
610865
610889
610910
610976
611069
611175
611186
611192
611225
611412
611520
611595
611606
611628
611684
611775
611792
611905
611916
611955
611993
612023
612042
612059
612064
612095
612218
612287
612294
612337
612423
612450
612486
612525
612611
612650
612667
612670
612686
612704
612725
612815
612832
612863
612888
612921
612924
612973
612979
613028
613121
613249
613394
613422
613436
613492
613522
613524
613546
613613
613620
613688
613701
613782
613804
613860
613955
613971
614041
614086
614152
614311
614330
614332
614566
614581
614600
614606
614654
614660
614765
614816
614901
614941
615048
615117
615156
615283
615362
615379
615454
615461
615506
615609
615621
615853
615916
615918
615961
615993
616030
616068
616113
616169
616178
616288
616334
616478
616511
616636
616655
616673
616778
616888
616924
617044
617112
617150
617192
617268
617279
617494
617528
617600
617652
617735
617834
617841
617877
617909
617992
617998
618112
618193
618196
618231
618238
618252
618269
618285
618300
618403
618431
618539
618575
618639
618681
618701
618755
618769
618958
618971
618975
619002
619037
619213
619230
619237
619250
619275
619325
619438
619544
619556
619568
619582
619669
619682
619765
619773
619846
619868
619961
620058
620061
620224
620264
620351
620587
620606
620617
620780
620811
620919
620960
620963
621047
621059
621103
621111
621178
621185
621268
621315
621327
621487
621550
621637
621670
621742
621854
621919
622072
622168
622184
622292
622366
622438
622478
622604
622614
622636
622719
622816
622855
622940
622948
622969
623061
623072
623082
623109
623243
623254
623367
623378
623409
623505
623512
623716
623769
623860
623899
623987
624137
624221
624240
624270
624330
624391
624523
624561
624597
624835
624840
624870
624896
624900
625045
625259
625273
625275
625398
625407
625444
625450
625488
625516
625624
625665
625741
625770
625827
625954
626068
626083
626129
626133
626227
626266
626415
626494
626578
626688
626704
626717
626742
626782
626841
626952
627060
627075
627170
627223
627254
627273
627313
627410
627441
627477
627715
627733
627760
627769
627865
627880
628107
628229
628251
628326
628395
628403
628408
628453
628499
628502
628545
628551
628568
628623
628697
628754
628767
628775
628847
629021
629030
629075
629102
629183
629224
629344
629456
629470
629590
629613
629680
629747
629769
629794
629961
630049
630107
630122
630192
630235
630284
630303
630331
630348
630416
630420
630430
630572
630622
630660
630674
630822
630889
630942
630963
631015
631072
631278
631341
631411
631422
631583
631715
631845
631906
631939
631971
632128
632145
632218
632272
632355
632398
632452
632586
632588
632603
632620
632632
632687
632746
632791
632818
632850
632888
632957
632967
633062
633108
633162
633256
633258
633304
633337
633507
633668
633841
633881
634041
634149
634168
634211
634245
634280
634332
634355
634428
634452
634510
634757
634763
634854
634903
635034
635103
635136
635157
635435
635467
635522
635559
635568
635571
635624
635648
635677
635697
635747
635752
635869
635881
635998
636042
636052
636098
636257
636358
636385
636425
636540
636689
636937
637076
637134
637172
637254
637288
637292
637335
637393
637468
637473
637531
637620
637637
637681
637775
637782
637811
637820
637942
638181
638253
638272
638405
638472
638478
638561
638565
638590
638630
638676
638763
638785
638889
639002
639079
639128
639144
639171
639189
639284
639381
639403
639574
639602
639660
639772
639821
639850
639922
639962
639991
639999
640112
640354
640395
640522
640671
640782
640818
640945
640982
641050
641056
641087
641220
641234
641257
641371
641380
641459
641500
641505
641561
641567
641584
641671
641693
641766
641827
641978
642016
642049
642083
642099
642127
642137
642142
642157
642204
642358
642360
642410
642496
642543
642562
642622
642908
642916
642920
642959
643090
643122
643131
643150
643167
643341
643358
643365
643513
643541
643548
643551
643565
643590
643710
643726
643823
643852
643966
644000
644077
644098
644142
644185
644195
644216
644222
644307
644315
644394
644542
644628
644646
644671
644683
644766
644794
644897
645285
645352
645392
645524
645528
645721
645729
645731
645751
645803
645812
645871
645949
645978
645999
646143
646317
646373
646511
646525
646553
646630
646658
646666
646669
646673
646678
646680
646829
646832
646998
647045
647207
647257
647497
647512
647520
647574
647642
647663
647719
647739
647802
647861
647939
648050
648063
648104
648148
648193
648205
648235
648284
648369
648410
648413
648459
648488
648542
648593
648604
648684
648694
648765
649042
649078
649089
649141
649162
649205
649258
649340
649548
649681
649777
649811
649935
650033
650080
650116
650138
650250
650306
650729
650731
650794
650815
650820
650889
650916
651028
651102
651120
651171
651176
651334
651360
651398
651466
651510
651548
651609
651718
651801
651837
651893
651957
651999
652045
652051
652207
652229
652251
652379
652407
652439
652460
652466
652484
652494
652537
652631
652650
652716
653130
653250
653318
653385
653568
653594
653676
653689
653717
653737
653769
653784
653804
654092
654112
654193
654205
654302
654303
654343
654350
654364
654396
654419
654453
654571
654659
654663
654934
654965
654990
655052
655175
655272
655330
655336
655523
655691
655701
655745
655816
655865
655890
655928
655934
655937
655982
656013
656017
656041
656061
656072
656171
656178
656333
656420
656519
656586
656837
656843
656921
656959
656997
657020
657024
657055
657315
657356
657357
657589
657692
657712
657786
657865
657940
657957
658098
658123
658177
658210
658279
658289
658291
658360
658370
658392
658403
658481
658650
658698
658700
658762
658766
658819
659122
659172
659179
659227
659545
659553
659580
659597
659679
659714
659745
659888
659929
659942
659954
660204
660325
660344
660351
660374
660513
660588
660777
660806
660886
660947
661077
661152
661340
661343
661361
661372
661374
661424
661494
661506
661538
661562
661594
661601
661608
661658
661701
661723
661836
661864
661898
662018
662089
662215
662223
662252
662255
662286
662301
662326
662383
662426
662480
662508
662530
662584
662740
662767
662796
662798
662859
662883
662908
662955
662966
663039
663062
663119
663187
663271
663354
663519
663624
663656
663733
663848
663905
663914
663925
663995
664001
664141
664256
664322
664372
664402
664426
664445
664556
664564
664625
664769
664801
664877
664988
665063
665208
665416
665465
665471
665591
665606
665632
665674
665675
665682
665743
665806
665834
665889
665928
666030
666158
666172
666227
666248
666273
666379
666382
666547
666593
666608
666673
666705
666775
666776
666915
666965
667024
667112
667145
667229
667233
667344
667519
667588
667612
667741
667893
667925
667973
667978
668164
668193
668199
668228
668262
668339
668537
668556
668564
668570
668643
668676
668705
668708
668709
668802
668929
669060
669178
669290
669308
669350
669379
669399
669407
669637
669725
669758
669796
669836
669930
669988
670004
670023
670051
670055
670096
670099
670238
670295
670360
670379
670486
670604
670607
670693
670723
670819
670885
670903
670985
671059
671148
671165
671201
671403
671425
671451
671557
671751
671753
671807
671881
671902
671909
671946
671984
672079
672236
672297
672369
672501
672509
672532
672539
672676
672789
672800
672837
672882
672943
672964
672982
673236
673278
673297
673407
673497
673519
673605
673651
673900
673917
673992
674018
674130
674155
674196
674334
674416
674418
674487
674617
674703
674748
674784
674903
675023
675223
675246
675508
675596
675722
675802
675876
675980
676058
676112
676128
676245
676300
676394
676455
676460
676668
676716
676722
676835
676852
676860
676901
676918
676998
677010
677030
677120
677127
677275
677323
677446
677447
677483
677535
677808
677912
677971
678151
678384
678502
678575
678765
678951
679024
679091
679273
679322
679355
679501
679525
679778
679823
679881
679924
680045
680145
680422
680460
680806
680817
680876
681124
681139
681301
681609
681788
681951
682015
682178
682200
682408
682440
682457
682502
682634
682662
682743
682809
682883
683049
683127
683277
683314
683415
683477
683554
683779
683819
683891
683946
684318
684531
684611
684938
685000
685091
685176
685236
685264
685361
685414
685426
685568
685797
686144
686149
686206
686222
686229
686292
686324
686504
686579
686611
686656
686697
686735
686794
686839
687008
687048
687126
687132
687148
687201
687275
687374
687381
687443
687578
687617
687657
687672
687756
687780
687994
688266
688307
688586
688646
688710
689065
689080
689096
689161
689211
689494
689511
689521
689592
689805
690135
690283
690291
690436
690626
690953
691242
691305
691334
691427
691437
691616
691730
691773
691827
691923
692044
692049
692056
692104
692150
692167
692170
692266
692637
692769
692821
692920
693065
693447
693462
693580
693889
694057
694204
694252
694292
694357
694574
694736
694870
694946
694993
695051
695232
695373
695434
695585
695590
695614
695945
695999
696093
696191
696292
696304
696525
697098
697212
697242
697402
697487
697491
697873
697984
698038
698088
698368
698404
698446
698485
698488
698502
698783
698831
698944
699062
699082
699151
699189
699199
699329
699382
699483
699590
699739
699771
699778
699789
699931
699933
699973
700056
700114
700275
700343
700619
700668
700704
700716
700804
700853
700896
700961
701114
701230
701247
701265
701319
701455
701610
701777
701789
701885
701909
701977
702125
702248
702286
702358
702400
702456
702671
702726
702780
702915
702968
703058
703230
703363
703433
703445
703458
703509
703621
703760
704006
704125
704167
704226
704268
704460
704525
704574
704583
704657
704698
704732
704774
704822
704852
704894
704977
704999
705069
705207
705488
705557
705692
705871
705959
706095
706297
706512
706604
706688
706783
706900
706932
707418
707571
707574
707853
707927
708064
708125
708139
708159
708222
708244
708930
708932
709048
709399
709458
709534
709563
709663
709666
709817
709853
710155
710235
710252
710390
710429
710525
710664
710696
710877
711117
711174
711180
711226
711265
711288
711309
711562
712004
712030
712062
712069
712177
712338
712381
712561
712637
712715
712854
713166
713199
713259
713453
713573
713607
713732
713912
714059
714270
714475
714583
714827
714944
714953
715214
715279
715313
715446
715493
715669
715749
715755
716065
716192
716239
716338
716370
716421
716539
716553
716715
716776
717062
717079
717130
717156
717167
717185
717255
717340
717431
717510
717604
717657
717869
718034
718145
718431
718545
718803
719050
719095
719129
719194
719286
719296
719485
719501
719514
719599
719625
719708
719745
719760
719959
720019
720099
720137
720380
720499
720531
720643
720655
720673
720822
720853
721286
721362
721423
721508
721591
722072
722421
722431
722447
722519
722544
723244
723386
723420
723557
723655
723785
724153
724330
724646
724703
724726
724755
724865
725184
725269
725283
725491
725618
725931
726076
726097
726118
726119
726309
726377
726459
726521
726676
726701
726707
726760
727136
727185
727472
727558
727610
727757
728207
728228
728511
728604
728709
728793
728828
729122
729259
729575
729627
730632
730655
730695
730798
731184
731203
731447
731587
731722
731746
731818
732078
732122
732182
732219
732239
732320
732474
732476
732582
732609
732688
732716
732791
732857
732872
732938
733008
733160
733226
733555
733584
734179
734262
734342
734470
734573
734702
734721
734781
734813
734822
734879
734984
735004
735063
735616
735649
736000
736004
736140
736191
736235
736368
736371
736417
736453
736466
736497
736656
736846
736890
737103
737642
737776
737898
738332
738616
738711
738722
738886
739380
739465
739678
739699
739720
739800
739848
739857
740046
740108
740173
740254
740308
740442
740498
740535
740584
740722
740782
740970
741104
741307
741832
741870
742118
742152
742257
742411
742665
742698
742851
743100
743155
743190
743263
743287
743395
743640
743668
743816
743909
743913
743942
744066
744179
744340
744356
744376
744467
744618
744669
744679
744689
744775
744927
745178
745273
745481
745519
745542
745594
745602
745630
745789
745827
745869
745983
746046
746281
746490
746563
746618
746788
746817
746845
747094
747245
747301
747335
747431
747920
747935
747964
748012
748136
748521
748534
748723
748737
748759
749235
749319
749333
749398
749465
749625
749905
749928
750087
750197
750219
750385
750592
750746
750882
751066
751180
751195
751458
751666
751778
751784
751991
752066
752136
752185
752294
752394
752656
752788
752911
753195
753259
753295
753596
753782
753827
753868
754047
754086
754334
755030
755070
755243
755353
755565
755680
755705
755714
755829
755947
756106
756146
756340
756448
756589
756652
756656
756802
756877
756906
756943
757007
757075
757084
757423
757428
757519
757555
757661
757755
757765
757776
757941
757957
757976
758161
758418
758472
758812
758896
758931
759078
759146
759507
759593
759950
759956
760090
760095
760155
760297
760553
760740
760772
760842
760878
760913
761055
761115
761271
761655
761678
761735
761767
761793
761828
761875
761899
762004
762051
762338
762384
762411
762455
762631
762937
762995
763066
763067
763222
763287
763299
763380
763390
763652
763727
763733
764079
764149
764159
764400
764774
764961
765019
765054
765322
765487
765560
765701
766034
766052
766176
766195
766337
766361
766385
766776
766923
766964
767045
767142
767327
767460
767597
767613
767827
767925
767936
768156
768218
768254
768326
768338
768428
768725
768872
769037
769124
769227
769398
769597
769619
769715
769888
769923
769940
769960
770085
770247
770482
770536
770559
771054
771133
771295
771313
771416
771770
771962
771976
772118
772407
772804
772841
772970
773144
773265
773293
773310
773422
773724
773822
774056
774090
774349
774391
774413
774421
774608
775088
775094
775104
775186
775305
775410
775428
775686
775870
776368
776730
776774
777099
777115
777832
777963
778028
778250
778424
778476
779227
779281
779347
779478
779515
779740
779951
780046
780073
780144
780310
780434
780451
780521
780649
781059
781467
781572
781733
781736
781744
781863
782092
782330
782386
782507
782603
782651
782654
782725
783026
783099
783194
783208
783214
783223
783349
783481
783547
783757
783956
784125
784428
784516
784662
784763
784876
785129
785375
785382
785744
785929
785969
786261
786406
787027
787072
787086
787131
787220
787382
787912
787997
788017
788124
788175
788187
788275
788369
788568
789174
789315
789423
789547
789563
789657
789895
789923
789958
790122
790147
790297
790537
790564
790572
790632
790694
790789
790814
790933
791184
791250
791251
791323
791559
791589
791634
791746
791960
791967
791988
792023
792285
792405
792733
792797
792927
792993
793096
793105
793213
793263
793456
793514
793651
793696
793708
793724
793831
793943
793963
794773
794803
794849
794972
794984
795036
795148
795153
795283
795433
795534
795631
795652
795767
795770
795842
796047
796316
796335
796363
796498
796677
797439
797645
798123
798160
798227
798915
799118
799126
799167
799175
799191
799603
799671
799732
799754
799871
800094
800136
800153
800334
800457
800824
801290
801563
801909
801929
802088
802340
802425
802430
802475
802840
802903
802961
803065
803695
803837
804152
804208
804428
804549
804648
805015
805135
805454
805571
805682
805706
805850
805927
805949
806012
806016
806091
806136
806338
806606
806685
806725
806849
806876
807151
807195
807368
807665
807678
807979
808773
808901
809011
809348
809601
809983
810067
810094
810153
810184
810317
810348
810399
810822
811028
811143
811622
811757
811784
811842
812047
812232
812263
812314
812339
812389
812492
812528
812672
812815
813041
813189
813306
813311
813338
813368
813647
813838
814032
814054
814058
814157
814180
814323
814343
814386
814460
814518
814614
814645
814702
814828
814888
814900
814957
815190
815209
815249
815314
815385
815408
815424
815437
815495
815507
815588
815859
815989
816122
816149
816307
816599
816663
816963
817024
817084
817145
817657
817964
818317
818361
818447
818484
818626
819219
819225
819521
819632
819716
819753
819782
819867
820253
820561
820771
820822
821408
821615
821751
822007
822067
822128
822154
822231
822296
822308
822650
822802
822848
822857
822903
822987
823003
823375
823384
823836
823896
824607
825287
825609
825820
825826
825924
826130
826152
826223
826372
826527
826631
826743
826774
826891
826921
827064
827195
827235
827289
827414
827441
827694
827740
827915
827997
828389
828585
828796
829017
829180
829263
829520
829626
829691
829827
829911
829996
830044
830090
830305
830445
830552
830703
830711
831005
831060
831078
831200
831279
831304
831542
831915
831967
832315
832331
832380
832398
832613
832765
832905
833081
833148
833245
833401
833427
833512
834026
834392
834423
834460
834538
834784
834837
834869
835115
835484
835601
835618
835680
835927
836170
836176
836269
836365
836406
836651
836706
836751
836982
837292
837833
837834
837860
838028
838195
838423
838578
838632
838767
838817
838824
838861
839081
839185
839788
839821
840055
840063
840306
840335
840387
840496
840664
840849
840903
841015
841035
841222
841712
841809
841919
842042
842089
842190
842252
842859
843012
843127
843222
843232
843496
843552
843993
844065
844139
844652
844657
844994
845304
845662
845953
846057
846275
846569
846600
846671
846920
846934
847122
847530
847793
847830
847851
847862
847880
847883
848287
848358
848396
848611
848666
849066
849240
849421
849478
850115
850268
850413
850638
850859
850941
851074
851298
851311
851318
851689
851999
852126
852527
852549
852572
852940
853090
853295
853310
853559
853661
853820
853918
853933
853995
854157
854722
854847
854892
855072
855607
855868
855911
855936
856586
856646
856887
857074
857275
857440
857712
858037
858175
858269
858372
858747
859069
859088
859189
859209
859966
859971
860296
860379
860616
860645
860843
861023
861099
861315
861407
862001
862032
862139
862236
862348
862521
862858
862976
863259
863295
863326
863472
863796
863807
863949
864096
864386
864496
864647
865069
865087
865118
865139
865249
865369
865739
865842
866072
866283
866353
866411
866728
866870
867165
867265
867827
867900
868375
868377
868525
868546
868654
868863
868912
869178
869460
869469
869480
869535
869637
869735
870598
871171
871174
871315
871478
871594
871659
871820
872122
872194
872576
872586
872632
872795
872862
872953
873303
873342
873435
873701
873835
873914
874487
874917
874924
875195
875342
875589
876009
876114
876186
876225
876354
876431
876517
876596
876704
876916
877034
877058
877288
877798
877869
877991
878109
878187
878194
878250
878541
878631
878729
878886
879473
879490
879518
879529
879627
879780
879800
879861
879950
880113
880171
880192
880607
880909
881186
881495
881705
881783
881801
881945
882145
882414
882451
882489
882908
883089
883176
883367
883459
883469
883558
883587
883757
883801
883822
884015
884020
884215
884247
884297
884309
884443
884523
884903
885167
885366
885399
885464
885483
885504
885660
885798
885825
885944
885948
886386
886484
886545
886849
887107
887217
887242
887264
887429
887431
887797
888028
888240
888469
888628
888735
888738
888766
888897
888917
888924
888935
889020
889149
889193
889439
889711
889805
889961
890113
890221
890363
890398
890521
890747
890768
890921
890934
891045
891057
891191
891197
891268
891477
891543
891570
891696
891798
891817
891959
892063
892384
892461
892539
892570
892712
892899
893316
893342
893541
893741
894189
894216
894260
894271
894614
894825
894871
894987
895011
895261
895386
895401
895488
895489
895668
895713
895726
895795
895854
895912
896148
896644
896692
896755
896801
896840
896858
896870
897198
897410
897608
897631
898301
898322
898345
898556
898694
898801
898823
898866
898961
899015
899017
899051
899890
900030
900095
900132
900178
900205
900277
900306
900355
900536
900734
900763
901272
901695
901858
902131
902264
902309
902437
902525
902642
902807
903425
903531
903633
903643
903703
903775
903794
903831
904226
904247
904422
904486
904556
904921
905124
905364
905424
905693
905740
905931
906071
906176
906282
906398
906530
906546
906631
906666
906679
906689
906904
906932
906994
907207
907373
907499
907530
907848
907869
907913
908435
908524
908592
908606
908639
908913
909164
909249
909625
909866
910078
910235
910314
910401
910548
910831
910837
910933
911105
911331
912001
912502
912806
913012
913055
913082
913181
913755
913779
913877
913964
914070
914111
914118
914263
914832
914894
914962
914968
915066
915194
915303
915333
915435
915498
915526
915528
915590
915613
915771
915859
916067
916299
916443
916696
916714
916767
917058
917127
917390
917744
917769
917898
917950
918048
918150
918182
919172
919213
919243
919249
919620
919704
919725
919780
919877
919958
920093
920126
920198
920551
920604
920705
920769
921062
921104
921145
921478
922281
922283
922429
922524
922734
922965
923021
923589
923880
923911
924165
924174
924277
924303
924444
924608
924858
924871
924910
925014
925147
925181
925233
925355
925670
925994
926037
926076
926398
926401
926458
926713
926854
926990
927396
927528
927654
927742
927787
927833
927846
928194
928224
928262
928713
929275
929411
929434
929471
929483
929493
929989
930200
930432
930468
930751
930766
930803
931018
931103
931141
931174
931341
931523
931634
931869
932212
932290
932363
932419
932734
932742
932854
932904
932940
932965
933001
933198
933280
933435
933461
933591
933610
933671
933821
933898
934015
934203
934373
934532
934817
934909
934946
934989
935058
935251
935294
935634
935699
935761
936038
936287
936358
936454
936580
936648
936681
936824
936883
936925
936952
937325
938028
938059
938066
938332
938504
938642
938647
938764
938800
938903
939066
939132
939145
939342
939439
939582
939630
939743
939883
939979
940095
940228
940524
940550
940709
940818
940938
941100
941403
941450
941729
941843
941867
942029
942122
942170
942217
942386
942477
942508
942943
943166
943276
943337
943421
943558
943566
943677
944167
944378
944553
944723
944933
945152
945185
945265
945340
945600
945626
945688
945830
945896
945990
946113
946194
946299
946347
946354
946591
946615
946628
947298
947405
947422
947613
947968
948099
948201
948343
948479
948539
948980
948995
949054
949069
949261
949274
949438
950005
950045
950121
950360
950514
950583
950738
950774
950782
950976
951015
951730
951797
951897
952019
952249
952294
952368
952553
952624
952734
952745
952773
952851
952924
953340
953358
953444
953719
953739
953788
954057
954085
954272
954345
954409
954594
954656
954740
954953
955102
955147
955263
955335
955396
955491
955603
955675
955876
955978
956403
956509
957219
957463
957587
957832
958045
958119
958158
958216
958424
958912
959117
959121
959224
959243
959516
959707
959804
959924
960224
960832
960975
961409
961594
961631
962209
962322
962534
963257
963296
963329
963491
963722
964087
964496
964748
964839
964950
965230
965423
965729
965872
965882
966379
966433
966532
966609
966933
967024
967083
967293
967318
967349
967371
967387
967545
967719
967744
968106
968191
968245
968419
968563
968617
968657
968818
968864
968905
968940
968993
969170
969397
969735
969871
969935
970709
970749
970772
970862
971001
971597
971652
971745
971791
972011
972047
972201
972212
972536
972620
972634
972788
972886
972912
973017
973028
973210
973254
973748
973751
974174
974224
974262
974292
974836
975101
975107
975226
975386
975513
975532
975600
975675
976106
976161
976294
976413
976423
976501
976667
976681
976690
976733
976864
977033
977311
977405
977486
977625
978031
978311
978542
978889
978982
979360
979376
979491
979517
979582
979613
979947
980155
980338
980433
980467
980629
980704
980744
980794
980851
981110
981318
981544
981572
981586
981702
981766
981839
981973
981998
982056
982087
982147
982278
982302
982306
982427
982651
982702
982993
983046
983600
984123
984609
985070
985236
985309
985354
985464
985523
985881
986183
986343
986471
986492
986512
986600
986646
986877
987055
987194
987246
987604
987651
987789
987890
988250
988649
988661
988732
988850
988884
988919
988947
988999
989002
989011
989096
989372
989631
989727
989983
990066
990370
990523
990810
990901
991001
991049
991105
991373
991437
991634
991665
991707
991759
991843
991923
992079
992170
992295
992302
992720
992904
993133
993308
993360
993414
993453
993528
993890
994008
994106
994230
994669
994713
994812
995041
995178
995187
995258
995517
995567
995714
995810
996129
996703
996934
997078
997114
997267
997513
997556
997573
997645
997798
998048
998091
998183
999055
999082
999427
999480
1000112
1000120
1000156
1000260
1000269
1000385
1000541
1000782
1000827
1000936
1001013
1001056
1001185
1001313
1001447
1001470
1001518
1001631
1001678
1001685
1001703
1001784
1001789
1002557
1002824
1003084
1003140
1003623
1003984
1004209
1004214
1004410
1004536
1004553
1004576
1004792
1004803
1004918
1005219
1005314
1005348
1005763
1006376
1006406
1007093
1007106
1007220
1007433
1007449
1007533
1007605
1007780
1007890
1008233
1008550
1008683
1008859
1008926
1008950
1009021
1009565
1009809
1010114
1010233
1010325
1010365
1010382
1011167
1011200
1011445
1011697
1011755
1011903
1011960
1012181
1012221
1012350
1012444
1012540
1013128
1013217
1013307
1013361
1013488
1013569
1013717
1014363
1014937
1015257
1015499
1015511
1015584
1015612
1015660
1015755
1015928
1016455
1016615
1016919
1016930
1017013
1017026
1017230
1017486
1017489
1017764
1017776
1017819
1017861
1017986
1018362
1018585
1018594
1018620
1018838
1018860
1018880
1019069
1019197
1019205
1019239
1019611
1019679
1020035
1020927
1021122
1021164
1021204
1021210
1021663
1021768
1022245
1022253
1022258
1022298
1022315
1022380
1022678
1022851
1022972
1023294
1023558
1023881
1023890
1023940
1024310
1024577
1024628
1024743
1024843
1025262
1025448
1025468
1025579
1025748
1025821
1026064
1026089
1026116
1026370
1026374
1026614
1026999
1027045
1027142
1027146
1027327
1027386
1027822
1027851
1027907
1028039
1028413
1029181
1029208
1029257
1029264
1029295
1029527
1030232
1030430
1030658
1030735
1030755
1030843
1030888
1030954
1031231
1031260
1031548
1031604
1031710
1032127
1032276
1032284
1032318
1032549
1032983
1033042
1033591
1033669
1033956
1034207
1034257
1034306
1034603
1034707
1034813
1034880
1035102
1035196
1035288
1035404
1035418
1035474
1035617
1035676
1035755
1035907
1035977
1036038
1036254
1036558
1036576
1036659
1036971
1037290
1037359
1037510
1037654
1037849
1038045
1038122
1038161
1038357
1038369
1038511
1038702
1038742
1038840
1038863
1038934
1038959
1039115
1039131
1039249
1039287
1039318
1039573
1039634
1039709
1039743
1039832
1040131
1040399
1040619
1040702
1041005
1041029
1041077
1041374
1041546
1041776
1041907
1041928
1042157
1042671
1042841
1043010
1043376
1043541
1043632
1043672
1043703
1043707
1043759
1044017
1044122
1044187
1044225
1044646
1045543
1045756
1045864
1046686
1046792
1046906
1047008
1047051
1047125
1047562
1047594
1047596
1047739
1048032
1048153
1048173
1048176
1048349
1048482
1048505
1048563
1048596
1048636
1048663
1049022
1049061
1049356
1049478
1049669
1049736
1049750
1049843
1050060
1050065
1050205
1050516
1050676
1050710
1050736
1051286
1051367
1051424
1051453
1051510
1051549
1051595
1051712
1051907
1051991
1052233
1052564
1052764
1053216
1053226
1053304
1053335
1053411
1053438
1053503
1053721
1053877
1054076
1054307
1054549
1054647
1054708
1054822
1054855
1054909
1054921
1055145
1055183
1055377
1055549
1055616
1055735
1055829
1055865
1055888
1055921
1056205
1056249
1056406
1056833
1057014
1057065
1057114
1057383
1057941
1058129
1058364
1058687
1058761
1058828
1059009
1059155
1059176
1059285
1059324
1059401
1059567
1059790
1060057
1060079
1060149
1060226
1060265
1060321
1060398
1060746
1060966
1061523
1061714
1061954
1062185
1062236
1062589
1062673
1063090
1063148
1063197
1063251
1063331
1063736
1063938
1064220
1064282
1064305
1064420
1064617
1064705
1064720
1064730
1064769
1065235
1065360
1065550
1065800
1065940
1065945
1066484
1066488
1066602
1066618
1066636
1066680
1066762
1066833
1066936
1066970
1067030
1067181
1067320
1067409
1067529
1067581
1068187
1068250
1068474
1068611
1068745
1068923
1069115
1069509
1069647
1070277
1070598
1070660
1070704
1070785
1070876
1071042
1071141
1071438
1071583
1071692
1071858
1072166
1072206
1072313
1072515
1072540
1072562
1072576
1072611
1072617
1072691
1072783
1072817
1072901
1073040
1073076
1073346
1073374
1073396
1073600
1073681
1073773
1073835
1074039
1074070
1074120
1074231
1074272
1074390
1074605
1074680
1074804
1074847
1074876
1074985
1075180
1075296
1075443
1076400
1076499
1076516
1076542
1076675
1076695
1076820
1077657
1078080
1078099
1078316
1078322
1078341
1078426
1078438
1078658
1078951
1079070
1079091
1079372
1079596
1079668
1079676
1079710
1079765
1079812
1079953
1080107
1080176
1080288
1080529
1080764
1080884
1080912
1081258
1081304
1081390
1081451
1081492
1081495
1081854
1082105
1082156
1082385
1082523
1082599
1082630
1083271
1083366
1083527
1083573
1083741
1083947
1083987
1084212
1084288
1084329
1084828
1084832
1084904
1085013
1085281
1085340
1086082
1086482
1086614
1086713
1087103
1087311
1087445
1087537
1087676
1087728
1088054
1088155
1088212
1088434
1088531
1089119
1089628
1089661
1089948
1089955
1089982
1090212
1090246
1090544
1090663
1090680
1091185
1091191
1091327
1091422
1091636
1091685
1091701
1091763
1091945
1092035
1092121
1092205
1092263
1092574
1092684
1093035
1093104
1093142
1093159
1093230
1093400
1093557
1094055
1094095
1094100
1094399
1094615
1094858
1095272
1095519
1095694
1095758
1096260
1096433
1096511
1096612
1096697
1096949
1097185
1097212
1097431
1097586
1097630
1098240
1098304
1098395
1098407
1098557
1098742
1098810
1099059
1099193
1099202
1099292
1099398
1099400
1099434
1099502
1100244
1100251
1100344
1100728
1100830
1101016
1101378
1101675
1101912
1102256
1102335
1102363
1102378
1102886
1103039
1103349
1103372
1103427
1103694
1103768
1104304
1104886
1105008
1105097
1105118
1105301
1105407
1105442
1105700
1105885
1105916
1105973
1106357
1106406
1106477
1106545
1107001
1108033
1108113
1108170
1108532
1108696
1108801
1109261
1109305
1109367
1109436
1110020
1110126
1110210
1110353
1110426
1110526
1110927
1110931
1111002
1111051
1111067
1111209
1111404
1111560
1111569
1111712
1111734
1111863
1112105
1112565
1113240
1113317
1113340
1113788
1113934
1114177
1114533
1114687
1115026
1115042
1115081
1115089
1115160
1115265
1115365
1115448
1115449
1115532
1115569
1115604
1115729
1116564
1116585
1117069
1117097
1117202
1117339
1117605
1117642
1117676
1117841
1117946
1118027
1118041
1118399
1118583
1118593
1118606
1118746
1119144
1119248
1119621
1119673
1119701
1119720
1119763
1119940
1120121
1120366
1120473
1120514
1120868
1120885
1120980
1121078
1121464
1121484
1121990
1122146
1122502
1122517
1122604
1122741
1122997
1123239
1123598
1123811
1123881
1124144
1124735
1124736
1125000
1125053
1125067
1125090
1125183
1125188
1125240
1125253
1125320
1125635
1125837
1125904
1126325
1126391
1126458
1127008
1127852
1127920
1127967
1128034
1128050
1128181
1128332
1128395
1128555
1128597
1128676
1128714
1128773
1128879
1128995
1129104
1129117
1129174
1129307
1129593
1129685
1129715
1129844
1129923
1129947
1130087
1130157
1130296
1130349
1130440
1130515
1130554
1130834
1130988
1131134
1131163
1131300
1131301
1131779
1131857
1131964
1132174
1132187
1132976
1133037
1133301
1133473
1133558
1133632
1133794
1133995
1134156
1134176
1134390
1134452
1134560
1134618
1134662
1134695
1134910
1135017
1135074
1135122
1135174
1135405
1135585
1135641
1136223
1136379
1136427
1136677
1136752
1136829
1136972
1136994
1137113
1137193
1137212
1137373
1137452
1137455
1137556
1137633
1137654
1137657
1137676
1138235
1138368
1138381
1138551
1138611
1138931
1138975
1139194
1139228
1139322
1139592
1139655
1139746
1139750
1139865
1139896
1139949
1139996
1140292
1140439
1140556
1140861
1140927
1141039
1141150
1141269
1141497
1141509
1141620
1141632
1141656
1141707
1142358
1142463
1142765
1142804
1143145
1143652
1143692
1144254
1144286
1144504
1144622
1144743
1144784
1145203
1145239
1145374
1145530
1145766
1145769
1145993
1146089
1146100
1146448
1146508
1146547
1146630
1146735
1146845
1147033
1147044
1147138
1147238
1147265
1147393
1147439
1147758
1147825
1147898
1147919
1147986
1148103
1148284
1148591
1148650
1148706
1148725
1148730
1149256
1149560
1149864
1149878
1150107
1150325
1150601
1151215
1151354
1151598
1151606
1151845
1151857
1151906
1152000
1152301
1152331
1152460
1152602
1152645
1152663
1152727
1152780
1152841
1152934
1152953
1153054
1153130
1153148
1153302
1153431
1153492
1153683
1153689
1153868
1153931
1153954
1153985
1154416
1154473
1154545
1154633
1154999
1155210
1155297
1155386
1155647
1155753
1156050
1156072
1156144
1156435
1156749
1156807
1157174
1157342
1157431
1157480
1157570
1158062
1158089
1158571
1158674
1158827
1159016
1159130
1159299
1159398
1159426
1159604
1159754
1159760
1159782
1159935
1160014
1160020
1160035
1160099
1160341
1160392
1160623
1161174
1161429
1161563
1161649
1161708
1161915
1162032
1162589
1162773
1162835
1162919
1163028
1163172
1163187
1163223
1163403
1163835
1163917
1163986
1164166
1164450
1164757
1164900
1164927
1165156
1165298
1165689
1165696
1165857
1165882
1166019
1166029
1166140
1166224
1166246
1166456
1166521
1166556
1166712
1166836
1166843
1167076
1167111
1167152
1167186
1167418
1167936
1168149
1168240
1168505
1168537
1168845
1168962
1168966
1169411
1169530
1169664
1169846
1170045
1170180
1170200
1170240
1170339
1170421
1170511
1170516
1170738
1170840
1170955
1171108
1171170
1171283
1171469
1171681
1171774
1172033
1172324
1172454
1172669
1172694
1172948
1173014
1173391
1173406
1173437
1173523
1173597
1174282
1174506
1174643
1174655
1175048
1175245
1175302
1175305
1175330
1175336
1175456
1175567
1175779
1176265
1176642
1176760
1176830
1177010
1177017
1177115
1177420
1177678
1177769
1177870
1178030
1178076
1178165
1178236
1178249
1178318
1178427
1178547
1178609
1178694
1178780
1178905
1179035
1179156
1179361
1179433
1179815
1179850
1179954
1180122
1180160
1180191
1180272
1180618
1180686
1180918
1180935
1180947
1181137
1181214
1181264
1181289
1181307
1181508
1181517
1181604
1181782
1181928
1181946
1181993
1182073
1182479
1182774
1182776
1182807
1182977
1183024
1183086
1183273
1183409
1183510
1183539
1184000
1184748
1185107
1185152
1185190
1185489
1185540
1185690
1185766
1185944
1186005
1186035
1186107
1186165
1186185
1186254
1186387
1186397
1186570
1186604
1186622
1186680
1186706
1186782
1186910
1187128
1187149
1187575
1187636
1187654
1187681
1187805
1187978
1187996
1188032
1188123
1188238
1189118
1189175
1189316
1189691
1189740
1189844
1189887
1189942
1189958
1190466
1190545
1190667
1190763
1190797
1190971
1191068
1191152
1191180
1191287
1191413
1191430
1191530
1191669
1191752
1191811
1192064
1192090
1192333
1192361
1192411
1192592
1192746
1192774
1192816
1192867
1193374
1193543
1193654
1193834
1193876
1194119
1194296
1194573
1194626
1194632
1194685
1194887
1194948
1195242
1195682
1195903
1195947
1196030
1196167
1196709
1196789
1196942
1196948
1197089
1197142
1197148
1197185
1197225
1198078
1198098
1198220
1198230
1198268
1198370
1198407
1198495
1198499
1198763
1198872
1198957
1199155
1199159
1199186
1199249
1199282
1199431
1199507
1199514
1199639
1199710
1199807
1199851
1199907
1200182
1200581
1200736
1200773
1200805
1201081
1201137
1201410
1201478
1201698
1201920
1201982
1202034
1202201
1202211
1202243
1202253
1202381
1202604
1202605
1202689
1202743
1202823
1202962
1202981
1203347
1203360
1203592
1203778
1203824
1204011
1204080
1204280
1204435
1204560
1204764
1204927
1205224
1205572
1205804
1205894
1205995
1206222
1206402
1206643
1206704
1207118
1207150
1207257
1207549
1207840
1207905
1208033
1208239
1208353
1208492
1208501
1208576
1208713
1208847
1209022
1209029
1209106
1209272
1209383
1209468
1209544
1209600
1209630
1209714
1210267
1210598
1210619
1211105
1211222
1211450
1211466
1211488
1211512
1211736
1211845
1212135
1212145
1212156
1212185
1212298
1212395
1212459
1212668
1212767
1213119
1213140
1213225
1213425
1213481
1213690
1213901
1213941
1214154
1214253
1214625
1214717
1214809
1214814
1214836
1214885
1214917
1214929
1215131
1215336
1215865
1215948
1215970
1216207
1216369
1216390
1216599
1217060
1217237
1217271
1217348
1217806
1217814
1218005
1218044
1218092
1218129
1218140
1218201
1218312
1218357
1218713
1218747
1218846
1218903
1219203
1219579
1219628
1219736
1219795
1219872
1219916
1220207
1220236
1220261
1220268
1220272
1220526
1220752
1220761
1220796
1220922
1221001
1221134
1221228
1221258
1221316
1221507
1221656
1221803
1221845
1221883
1221966
1222155
1222427
1222451
1222452
1222613
1222718
1222797
1222833
1222867
1223008
1223057
1223107
1223258
1223528
1223581
1223610
1223786
1224002
1224055
1224128
1224179
1224182
1224349
1224390
1224956
1225011
1225250
1225383
1225445
1225491
1225542
1225664
1225676
1225686
1225829
1226022
1226093
1226159
1226164
1226416
1226553
1226560
1226686
1226734
1226872
1226933
1227108
1227162
1227303
1227367
1227462
1227476
1227512
1227591
1227873
1227907
1227978
1228043
1228068
1228134
1228505
1228971
1229639
1229704
1229715
1229769
1229916
1230001
1230286
1230537
1230547
1230932
1230953
1231257
1231663
1231729
1232025
1232167
1232223
1232858
1233046
1233205
1233214
1233362
1233504
1233577
1233758
1234016
1234074
1234276
1234332
1234812
1234873
1234901
1235084
1235377
1235386
1235427
1235816
1235843
1235863
1235873
1236160
1236176
1236231
1236361
1236513
1236685
1236750
1236825
1236833
1236922
1237053
1237191
1237249
1237285
1237785
1238268
1238330
1238447
1238488
1238548
1238806
1238874
1238979
1239070
1239213
1239312
1239328
1239340
1239486
1239508
1239630
1239703
1239966
1240035
1240326
1240404
1240448
1240639
1240866
1240984
1241067
1241164
1241482
1241534
1241602
1241754
1241890
1241911
1241929
1242218
1242315
1242382
1242409
1242472
1242781
1243064
1243066
1243099
1243187
1243240
1243325
1243442
1243575
1243710
1243738
1243747
1243776
1243777
1243883
1244020
1244035
1244336
1244349
1244373
1244401
1244453
1244500
1244547
1244595
1244719
1244783
1244930
1244971
1245107
1245427
1245667
1245693
1245755
1245815
1245927
1245960
1246045
1246051
1246131
1246440
1246936
1247115
1247301
1247398
1247422
1247432
1247437
1247608
1247633
1247877
1247914
1247918
1248011
1248042
1248294
1248329
1248400
1248622
1248759
1248938
1249002
1249364
1249492
1249748
1249770
1250005
1250015
1250059
1250127
1250256
1250285
1250385
1250759
1250832
1251098
1251223
1251412
1251672
1251823
1251866
1252083
1252085
1252430
1252673
1252681
1252799
1252821
1252849
1253035
1253232
1253439
1253762
1254265
1254371
1254405
1254514
1254552
1254578
1254581
1254626
1254659
1254670
1254848
1254860
1255022
1255126
1255266
1255376
1255436
1255653
1255778
1255815
1255874
1255951
1256019
1256416
1256427
1256644
1256759
1256967
1257577
1257623
1257635
1257648
1257666
1257980
1258071
1258186
1258218
1258461
1258583
1258693
1258728
1258928
1259122
1259294
1259394
1259650
1259905
1259920
1260028
1260263
1260426
1260734
1260762
1260786
1260854
1260870
1260950
1260979
1261048
1261060
1261074
1261127
1261189
1261429
1261517
1261665
1262071
1262242
1262257
1262339
1262430
1262683
1262722
1263058
1263114
1263365
1263505
1263633
1263760
1263843
1263858
1263910
1263998
1264132
1264154
1264373
1264452
1264473
1264628
1264727
1264960
1265249
1265358
1265801
1266020
1266452
1266538
1266648
1266687
1267028
1267110
1267200
1267306
1267490
1267833
1268533
1268731
1268756
1269055
1269424
1269430
1269630
1269701
1270173
1270611
1270645
1270699
1270766
1270789
1270817
1270825
1270895
1271000
1271039
1271232
1271377
1271392
1271595
1271831
1271886
1272115
1272132
1272227
1272274
1272438
1272474
1272570
1272612
1272654
1272677
1272687
1272755
1272790
1273013
1273040
1273144
1273159
1273161
1273379
1273413
1273562
1273568
1273588
1273781
1273844
1274005
1274018
1274150
1274191
1274229
1274264
1274270
1274294
1274325
1274390
1274420
1274430
1274621
1274707
1274751
1274865
1274878
1274901
1274916
1274968
1274992
1275303
1275341
1275379
1275632
1275813
1275915
1276232
1276265
1276269
1276331
1276428
1276461
1276513
1276536
1276551
1276658
1276682
1276823
1277006
1277231
1277242
1277431
1277517
1277756
1277816
1277995
1278081
1278275
1278328
1278409
1278558
1278627
1279190
1279193
1279239
1279321
1279388
1279439
1280074
1280161
1280188
1280225
1280284
1280469
1280532
1280587
1280731
1280765
1281259
1281285
1281314
1281318
1281406
1281744
1281788
1281846
1281867
1281906
1282168
1282439
1282689
1282716
1282768
1282815
1282980
1283192
1283330
1283505
1283531
1283687
1283703
1283878
1283943
1284488
1284896
1284998
1285009
1285032
1285096
1285126
1285253
1285281
1285374
1285398
1285574
1285882
1286015
1286065
1286072
1286213
1286725
1286768
1286863
1287353
1287363
1287511
1287990
1288155
1288165
1288311
1288343
1288612
1288753
1289062
1289160
1289321
1289366
1289380
1289431
1289444
1289449
1289451
1289556
1289651
1289725
1289738
1289805
1289875
1290265
1290370
1290465
1290492
1290535
1290857
1290934
1291006
1291025
1291216
1291237
1291280
1291389
1291508
1291816
1291976
1292110
1292139
1292198
1292358
1292460
1292844
1293103
1293203
1293305
1293435
1293557
1293772
1294015
1294054
1294348
1294452
1294586
1294682
1294717
1294831
1294959
1295134
1295238
1295299
1295321
1295333
1295359
1295742
1295826
1295938
1296024
1296247
1296422
1296492
1296544
1296588
1296827
1296924
1297054
1297109
1297547
1297567
1297626
1297650
1297983
1298138
1298590
1298627
1298710
1298783
1298881
1299652
1299730
1299745
1299751
1299808
1299953
1299984
1300070
1300163
1300227
1300233
1300703
1300968
1301004
1301037
1301168
1301219
1301383
1301612
1301958
1301990
1302213
1302310
1302588
1302631
1302745
1302777
1302840
1302898
1302911
1303277
1303284
1303629
1303776
1303885
1304076
1304089
1304185
1304492
1304731
1304811
1304957
1304998
1305627
1305987
1306109
1306188
1306390
1306443
1306512
1306922
1307270
1307279
1307416
1307554
1307570
1307862
1308216
1308615
1308648
1308718
1309043
1309071
1309170
1309282
1309439
1309464
1309595
1309726
1309874
1310275
1310394
1310419
1310472
1310706
1310721
1310803
1310819
1311041
1311130
1311134
1311144
1311177
1311212
1311414
1311495
1311514
1311528
1311598
1311874
1311907
1311913
1312050
1312054
1312079
1312121
1312374
1312440
1312478
1312489
1312498
1312912
1312956
1313057
1313119
1313253
1313255
1313388
1313420
1313623
1313649
1313779
1314007
1314084
1314155
1314400
1314528
1314815
1314854
1314898
1315121
1315363
1315417
1315622
1315648
1315717
1315832
1316136
1316267
1316421
1316480
1316537
1317050
1317122
1317246
1317612
1317643
1317771
1317960
1317975
1318081
1318307
1318598
1318687
1318784
1318987
1318995
1319480
1319529
1319716
1319834
1319872
1319931
1320086
1320092
1320579
1320639
1320666
1320758
1320792
1320905
1321304
1321330
1321477
1321508
1321643
1321877
1322093
1322129
1322162
1322219
1322293
1322570
1322629
1322710
1322802
1322918
1323310
1323331
1323403
1323460
1323553
1323871
1324111
1324293
1324317
1324453
1324478
1324603
1324608
1324740
1324809
1324824
1324827
1324860
1325033
1325104
1325170
1325425
1325673
1325854
1325866
1325874
1325968
1325969
1326072
1326329
1326350
1326504
1326618
1326831
1327160
1327305
1327513
1327530
1327531
1327686
1328153
1328505
1328529
1328531
1328556
1328999
1329278
1329350
1329367
1329380
1329425
1329427
1329529
1329587
1329644
1329780
1330203
1330546
1330648
1330777
1330807
1330883
1330906
1331307
1331439
1331638
1331743
1331935
1331940
1331950
1331994
1332078
1332421
1332471
1332492
1332542
1332576
1332656
1332750
1332832
1332995
1333002
1333436
1333452
1333582
1333626
1334387
1334612
1334743
1334781
1334880
1334916
1335058
1335102
1335282
1335428
1335536
1335692
1335817
1335845
1335866
1335887
1335930
1336071
1336242
1336397
1336562
1336626
1337095
1337511
1337586
1337666
1337827
1337859
1337909
1338023
1338067
1338162
1338275
1338285
1338319
1338426
1338605
1338872
1338874
1338944
1339013
1339170
1339231
1339322
1339344
1339571
1339738
1339798
1339910
1339927
1340018
1340343
1340767
1340915
1340956
1340975
1341295
1341376
1341433
1341514
1341835
1341868
1341922
1342180
1342311
1342443
1342624
1342649
1342856
1342997
1343086
1343295
1343459
1343670
1343692
1343780
1344090
1344398
1344559
1344577
1344595
1344632
1344783
1344828
1344913
1344991
1345003
1345045
1345116
1345143
1345187
1345754
1345788
1346054
1346222
1346802
1346807
1346887
1346922
1347053
1347058
1347855
1348035
1348161
1348194
1348296
1348334
1348438
1348485
1348575
1348579
1348668
1349005
1349327
1349643
1349674
1349842
1349951
1350011
1350185
1350397
1350431
1350599
1350604
1350747
1350829
1350865
1350900
1350977
1351010
1351504
1351553
1351600
1351836
1352034
1352689
1352736
1353123
1353356
1353460
1354005
1354258
1354293
1354337
1354496
1355150
1355154
1355312
1355471
1355968
1356298
1356561
1356890
1357052
1357140
1357807
1357971
1358175
1358208
1358229
1358247
1358948
1359286
1359478
1359516
1359710
1359947
1359960
1360085
1360098
1360355
1360442
1360729
1360797
1361095
1361367
1361541
1361548
1361716
1361917
1362106
1362387
1362510
1362584
1362643
1362797
1362847
1362907
1363121
1363288
1363522
1363782
1363847
1364118
1364381
1364462
1364493
1365001
1365090
1365125
1365330
1365368
1365474
1365610
1366315
1366521
1366547
1367112
1367149
1367233
1367768
1367813
1368300
1368400
1368448
1368547
1368641
1369046
1369564
1369583
1369716
1369955
1370070
1370089
1370181
1370247
1370291
1370459
1370592
1371061
1371075
1371266
1371362
1371480
1371495
1371500
1371627
1371634
1371889
1371896
1372182
1372239
1372448
1372819
1373100
1373310
1373532
1373604
1373640
1373800
1373909
1374139
1374442
1374706
1374812
1375030
1375543
1375722
1375875
1376235
1376292
1376320
1376420
1376546
1376977
1377088
1377548
1377559
1377605
1377804
1377858
1378142
1378605
1378642
1378908
1379153
1379177
1379579
1379671
1379718
1379894
1380386
1380428
1380517
1380675
1380790
1381293
1381457
1381488
1381524
1381543
1381762
1381910
1381967
1382071
1382076
1382146
1382198
1383283
1383357
1383524
1383821
1384006
1384044
1384442
1384497
1384535
1384718
1384846
1384967
1385113
1385164
1385221
1385361
1385499
1385613
1385701
1385806
1385900
1385923
1386121
1386270
1386339
1386769
1386961
1387079
1387123
1387183
1387208
1387476
1387861
1388263
1388594
1388637
1388638
1388671
1388822
1388915
1389011
1389055
1389452
1389641
1389954
1390202
1390292
1390502
1390695
1390979
1391038
1391156
1391502
1391653
1391729
1391902
1392000
1392356
1392459
1392578
1392588
1392604
1392670
1392880
1393019
1393473
1393616
1393689
1393706
1393971
1394210
1394248
1394549
1394571
1395370
1395482
1395661
1396015
1396074
1396485
1396877
1396995
1397101
1397117
1397142
1397214
1397248
1397326
1397357
1397485
1397494
1397702
1397790
1397815
1397973
1398221
1398421
1398457
1398548
1398820
1398900
1398944
1399236
1399332
1399462
1399622
1399638
1399677
1400067
1400197
1400366
1400433
1400781
1400992
1401141
1401339
1401381
1401677
1401731
1402124
1402249
1402331
1402598
1402897
1402930
1403011
1403244
1403351
1403516
1403561
1403587
1403725
1403913
1403920
1403970
1403988
1404171
1404372
1404386
1405033
1405189
1405255
1405294
1405697
1405875
1405962
1406019
1406279
1406420
1406518
1406592
1406679
1406964
1407021
1407376
1407596
1407679
1407962
1408085
1408251
1408404
1408642
1408736
1408967
1409198
1409254
1409256
1409342
1409747
1410125
1410134
1410322
1410603
1410645
1410676
1411047
1411223
1411471
1411551
1411584
1411997
1412132
1412333
1412346
1412383
1413140
1413252
1413415
1413433
1413524
1413529
1413832
1413948
1413958
1413975
1413989
1414042
1414047
1414100
1414136
1414152
1414299
1414791
1414858
1415150
1415307
1415313
1415322
1415394
1415547
1415594
1415750
1416182
1416481
1416800
1416847
1416878
1417053
1417367
1417430
1417588
1417605
1417737
1417964
1418013
1418233
1418243
1418536
1419002
1419722
1419808
1419951
1420225
1420334
1420404
1420509
1420570
1420742
1420823
1420943
1421005
1421211
1421226
1422023
1422161
1422182
1422243
1422679
1422907
1423012
1423033
1423158
1423339
1423471
1423500
1423620
1423762
1423794
1423815
1423876
1423999
1424472
1424474
1424631
1424696
1424698
1424830
1424987
1425556
1425603
1426058
1426167
1426232
1426290
1426307
1426461
1426489
1426650
1426909
1426912
1427116
1427223
1427355
1427431
1427670
1427834
1427902
1428084
1428717
1429293
1429362
1429438
1429677
1429922
1429951
1430009
1430161
1430191
1430560
1430766
1431343
1431534
1431607
1431729
1432033
1432063
1432092
1432098
1432295
1432323
1432445
1433082
1433159
1433204
1433218
1433535
1433577
1433679
1433813
1434243
1434694
1434705
1435495
1436088
1436104
1436751
1436766
1436790
1436804
1436890
1436959
1437049
1437199
1437466
1437487
1437503
1437642
1437848
1437871
1438275
1438457
1438515
1438571
1438854
1439492
1439663
1439772
1439851
1440007
1440629
1440634
1440677
1440735
1440795
1440817
1440942
1441105
1441194
1441448
1441754
1441802
1441989
1442102
1442449
1442524
1442619
1442679
1442729
1442755
1443046
1443211
1443252
1443475
1443606
1443930
1444118
1444212
1444213
1444290
1444483
1444775
1444780
1444941
1445036
1445102
1445191
1445203
1445440
1445561
1445750
1445794
1445957
1446608
1446627
1446737
1446858
1446908
1446978
1447133
1447180
1447196
1447257
1447273
1447416
1447530
1447558
1447639
1447673
1447890
1448471
1448546
1448678
1448741
1449680
1450127
1450170
1450278
1450285
1450477
1450657
1450669
1450675
1450679
1450831
1450980
1451124
1451212
1451232
1451271
1451346
1451485
1451654
1451676
1451727
1451737
1451882
1452020
1452293
1452320
1452420
1452481
1452524
1452714
1452724
1452727
1452814
1452822
1452901
1452903
1453006
1453066
1453099
1453300
1453310
1453469
1453575
1453709
1453838
1454031
1454085
1454101
1454124
1454182
1454199
1454218
1454232
1454296
1454645
1454668
1454769
1454859
1454892
1454991
1455024
1455308
1455382
1455458
1455498
1455534
1455617
1455652
1455670
1455895
1455907
1455968
1456015
1456067
1456138
1456159
1456163
1456245
1456366
1456495
1456573
1456591
1456690
1456744
1457045
1457160
1457204
1457234
1457302
1457333
1457398
1457416
1457480
1457558
1457665
1457686
1457751
1457761
1457827
1457862
1458289
1458459
1458518
1458522
1458592
1458694
1458793
1458945
1458978
1459048
1459166
1459669
1459676
1459695
1459785
1459801
1459811
1459836
1459873
1459899
1459910
1459919
1459974
1460062
1460086
1460158
1460183
1460201
1460208
1460272
1460292
1460413
1460507
1460551
1460601
1460639
1460729
1460765
1460881
1460955
1460965
1461053
1461118
1461198
1461209
1461215
1461273
1461916
1461957
1462010
1462013
1462116
1462182
1462272
1462278
1462319
1462359
1462368
1462492
1462536
1462590
1462624
1462659
1462686
1462689
1462822
1462878
1462890
1462960
1463024
1463092
1463437
1463478
1463505
1463551
1463562
1463575
1463623
1463738
1463758
1463883
1463987
1464034
1464471
1464473
1464484
1464493
1464639
1464685
1464720
1464820
1464903
1464932
1464938
1465002
1465081
1465227
1465273
1465302
1465597
1465623
1465654
1465802
1466029
1466137
1466158
1466365
1466372
1466429
1466538
1466627
1466689
1466837
1466910
1466915
1467022
1467084
1467138
1467203
1467224
1467421
1467459
1467597
1467617
1467671
1467812
1467815
1467880
1468012
1468089
1468184
1468305
1468315
1468324
1468341
1468493
1468582
1468636
1468642
1468686
1468805
1468900
1469122
1469209
1469243
1469385
1469433
1469435
1469479
1469512
1469568
1469572
1469615
1469800
1469857
1470001
1470062
1470210
1470238
1470285
1470328
1470420
1470492
1470515
1470533
1470573
1470631
1470634
1470851
1470863
1471082
1471086
1471343
1471362
1471720
1471935
1472075
1472157
1472182
1472277
1472280
1472414
1472466
1472500
1472556
1472587
1472591
1472749
1472785
1472906
1472960
1472976
1472978
1473026
1473116
1473286
1473289
1473357
1473373
1473421
1473500
1473523
1473576
1473590
1473847
1473867
1473877
1473911
1473981
1474002
1474119
1474133
1474169
1474218
1474228
1474306
1474317
1474474
1474633
1474849
1474868
1474874
1474930
1474974
1475079
1475124
1475176
1475201
1475226
1475272
1475418
1475468
1475570
1475763
1475979
1476048
1476163
1476224
1476262
1476308
1476426
1476573
1476681
1476812
1476830
1476843
1476901
1476914
1477011
1477023
1477031
1477103
1477126
1477336
1477344
1477363
1477480
1477536
1477540
1477711
1477754
1477757
1478129
1478211
1478228
1478303
1478334
1478349
1478559
1478728
1478734
1479082
1479207
1479220
1479235
1479271
1479335
1479472
1479556
1479810
1479857
1480049
1480153
1480336
1480379
1480402
1480412
1480475
1480502
1480539
1480639
1480675
1480690
1480751
1480926
1480961
1480987
1481023
1481053
1481056
1481067
1481093
1481179
1481201
1481292
1481390
1481475
1481510
1481562
1481608
1481678
1481701
1481775
1481843
1481918
1482033
1482101
1482253
1482296
1482437
1482541
1482584
1482587
1482678
1482695
1482850
1483256
1483418
1483447
1483459
1483506
1483565
1483612
1483746
1483767
1483797
1483924
1483929
1484014
1484050
1484102
1484106
1484188
1484198
1484249
1484268
1484280
1484382
1484536
1484844
1484980
1485106
1485167
1485183
1485220
1485247
1485280
1485304
1485358
1485774
1486130
1486186
1486192
1486248
1486427
1486622
1486745
1486762
1486770
1486795
1486819
1486920
1486926
1486958
1487008
1487041
1487076
1487198
1487225
1487266
1487414
1487553
1487602
1487641
1487759
1487761
1487808
1488012
1488057
1488097
1488425
1488448
1488473
1488524
1488584
1488665
1488690
1488735
1488740
1488990
1489253
1489278
1489368
1489383
1489411
1489581
1489719
1489858
1490033
1490070
1490114
1490161
1490164
1490222
1490266
1490372
1490380
1490473
1490484
1490599
1490618
1490705
1490746
1490764
1490845
1490881
1490882
1490951
1490998
1491060
1491125
1491320
1491573
1491957
1492029
1492065
1492137
1492272
1492285
1492319
1492332
1492419
1492446
1492571
1492576
1492833
1492928
1492988
1493025
1493087
1493136
1493248
1493421
1493445
1493469
1493559
1493650
1493813
1493896
1493976
1493994
1494011
1494092
1494174
1494190
1494235
1494499
1494518
1494561
1494568
1494694
1494772
1494900
1495003
1495061
1495201
1495236
1495250
1495255
1495318
1495358
1495372
1495444
1495631
1495946
1496180
1496238
1496271
1496348
1496572
1496703
1496843
1496859
1496898
1496968
1497031
1497085
1497134
1497162
1497189
1497196
1497223
1497317
1497395
1497443
1497534
1497636
1497750
1497758
1497777
1497946
1498143
1498325
1498443
1498483
1498505
1498533
1498583
1498785
1498815
1498873
1498950
1499177
1499318
1499414
1499557
1499651
1499679
1499717
1499722
1499764
1500024
1500077
1500105
1500108
1500171
1500217
1500261
1500263
1500365
1500428
1500640
1500734
1500749
1500757
1500774
1500836
1501301
1501421
1501493
1501501
1501525
1501564
1501623
1501644
1501712
1501717
1501844
1501926
1501933
1502002
1502012
1502114
1502119
1502128
1502262
1502321
1502350
1502425
1502467
1502496
1502516
1502704
1502708
1502782
1502834
1503026
1503134
1503257
1503325
1503330
1503409
1503458
1503812
1503913
1503929
1503983
1504027
1504039
1504040
1504078
1504092
1504157
1504192
1504202
1504307
1504350
1504429
1504477
1504553
1504774
1504797
1504800
1504843
1504878
1504882
1504912
1504958
1504961
1505632
1506103
1506243
1506436
1506452
1506513
1506523
1506539
1506556
1506570
1506623
1506657
1506674
1506791
1507034
1507167
1507184
1507406
1507420
1507656
1507885
1507938
1507961
1508042
1508284
1508349
1508494
1508576
1508668
1508763
1508780
1508852
1508854
1508855
1508881
1508917
1508927
1508932
1508980
1509191
1509235
1509302
1509393
1509554
1509583
1509612
1509613
1509836
1509862
1510006
1510054
1510317
1510361
1510446
1510470
1510525
1510576
1510641
1510649
1510746
1510796
1510899
1510917
1510936
1510946
1511176
1511239
1511244
1511300
1511323
1511334
1511373
1511408
1511510
1511541
1511574
1511624
1511720
1511802
1511843
1511853
1511931
1512179
1512222
1512238
1512254
1512266
1512321
1512377
1512470
1512486
1512567
1512599
1512662
1512691
1512707
1512816
1512831
1512892
1512905
1513070
1513106
1513117
1513141
1513349
1513404
1513509
1513571
1513632
1513651
1513659
1513750
1513821
1513850
1513921
1514019
1514089
1514106
1514291
1514451
1514641
1514732
1514795
1514878
1515056
1515084
1515098
1515132
1515242
1515314
1515326
1515333
1515393
1515443
1515493
1515576
1515715
1515731
1515976
1516008
1516108
1516216
1516260
1516306
1516342
1516351
1516519
1516602
1516757
1516910
1517142
1517200
1517220
1517288
1517357
1517381
1517392
1517397
1517401
1517409
1517431
1517489
1517588
1517665
1517734
1517756
1517847
1518035
1518113
1518119
1518358
1518375
1518398
1518460
1518537
1518612
1518619
1518668
1518884
1518908
1518957
1519054
1519082
1519150
1519216
1519277
1519305
1519323
1519341
1519374
1519390
1519402
1519408
1519542
1519567
1519848
1520270
1520309
1520335
1520513
1520586
1520605
1520761
1520890
1521036
1521049
1521052
1521134
1521214
1521229
1521241
1521254
1521354
1521361
1521544
1521563
1521589
1521654
1521831
1521856
1521922
1521953
1521998
1522053
1522056
1522190
1522200
1522223
1522249
1522471
1522577
1522597
1522614
1522755
1522766
1522776
1522781
1523068
1523102
1523113
1523191
1523195
1523283
1523324
1523378
1523439
1523550
1523620
1523676
1523909
1524198
1524363
1524370
1524463
1524486
1524675
1524749
1524782
1525133
1525224
1525242
1525249
1525270
1525453
1525524
1525590
1525597
1525615
1525619
1525704
1525746
1525796
1525820
1525838
1525840
1525848
1525963
1525984
1526024
1526310
1526404
1526410
1526435
1526452
1526459
1526557
1526605
1526629
1526842
1526879
1526888
1527079
1527096
1527123
1527151
1527257
1527352
1527419
1527477
1527594
1527651
1527666
1527737
1527796
1527941
1527958
1527979
1528046
1528055
1528126
1528171
1528231
1528294
1528385
1528392
1528427
1528481
1528533
1528537
1528540
1528566
1528662
1528777
1528831
1528835
1528969
1529068
1529177
1529291
1529382
1529392
1529414
1529419
1529431
1529521
1529550
1529709
1529755
1529810
1529909
1529953
1530024
1530094
1530101
1530134
1530163
1530212
1530246
1530269
1530446
1530448
1530460
1530546
1531011
1531045
1531068
1531208
1531323
1531341
1531380
1531419
1531506
1531655
1531701
1531814
1531895
1531930
1532064
1532113
1532154
1532330
1532337
1532428
1532547
1532610
1532714
1532885
1533105
1533224
1533236
1533259
1533268
1533289
1533385
1533451
1533536
1533567
1533584
1533636
1533668
1533782
1533847
1533919
1534056
1534090
1534111
1534194
1534256
1534303
1534348
1534581
1534621
1534645
1534708
1534993
1535003
1535279
1535284
1535373
1535396
1535404
1535426
1535488
1535569
1535650
1535696
1535817
1535837
1535858
1535908
1535911
1535921
1536041
1536050
1536087
1536089
1536103
1536140
1536259
1536535
1536604
1536648
1536696
1536735
1536761
1536776
1536807
1536852
1536960
1536992
1537068
1537094
1537112
1537143
1537198
1537205
1537297
1537306
1537661
1537775
1537793
1537907
1538191
1538204
1538458
1538547
1538568
1538686
1538813
1538931
1538955
1539183
1539214
1539254
1539270
1539288
1539295
1539308
1539318
1539368
1539378
1539515
1539575
1539581
1539682
1539738
1539771
1539791
1539820
1540024
1540045
1540051
1540256
1540358
1540574
1540610
1540635
1540698
1540734
1540751
1540804
1540820
1540894
1541229
1541321
1541356
1541912
1542011
1542018
1542065
1542237
1542396
1542429
1542513
1542561
1542700
1542703
1542801
1542856
1542863
1542882
1542897
1542901
1543177
1543183
1543228
1543278
1543310
1543404
1543420
1543734
1543845
1543998
1544016
1544073
1544272
1544500
1544567
1544590
1544595
1544611
1544670
1544798
1544859
1544895
1544901
1544907
1544949
1545065
1545190
1545201
1545253
1545267
1545418
1545497
1545499
1545517
1545522
1545568
1545593
1545610
1545629
1545694
1545774
1545813
1545857
1545903
1545998
1546088
1546106
1546186
1546214
1546247
1546278
1546286
1546296
1546326
1546344
1546408
1546416
1546469
1546497
1546511
1546747
1546840
1546866
1547039
1547124
1547185
1547206
1547400
1547506
1547529
1547604
1547838
1547905
1547911
1547928
1547956
1548104
1548178
1548249
1548283
1548341
1548632
1548679
1548714
1548732
1548887
1548932
1549114
1549144
1549150
1549327
1549441
1549445
1549486
1549511
1549522
1549572
1549576
1549621
1549779
1549829
1549861
1549863
1550132
1550165
1550216
1550236
1550309
1550421
1550429
1550434
1550465
1550622
1550654
1550695
1550742
1550896
1550924
1550960
1551088
1551103
1551204
1551289
1551317
1551363
1551396
1551415
1551473
1551593
1551597
1551626
1551659
1551662
1551671
1551934
1551978
1552166
1552175
1552327
1552536
1552551
1552698
1552700
1552705
1552873
1553003
1553053
1553092
1553095
1553156
1553271
1553276
1553348
1553429
1553542
1553639
1553807
1553846
1553875
1553884
1553945
1553953
1554043
1554322
1554354
1554437
1554450
1554493
1554605
1554650
1554662
1554700
1554759
1554788
1554805
1554850
1554931
1554968
1555001
1555074
1555084
1555142
1555316
1555335
1555495
1555537
1555595
1555684
1555868
1555906
1555915
1555925
1556116
1556168
1556297
1556573
1556574
1556617
1556624
1556683
1556768
1556787
1556792
1556831
1556865
1556870
1556891
1557003
1557045
1557081
1557091
1557096
1557275
1557283
1557295
1557476
1557549
1557592
1557608
1557634
1557688
1557721
1557769
1557851
1557986
1558170
1558308
1558327
1558355
1558366
1558503
1558517
1558533
1558628
1558651
1558652
1558658
1558662
1558687
1558712
1558765
1558787
1558794
1558813
1558827
1558911
1559058
1559073
1559122
1559164
1559192
1559214
1559245
1559255
1559282
1559321
1559347
1559359
1559505
1559521
1559678
1559699
1559825
1559900
1559944
1560072
1560086
1560149
1560207
1560367
1560385
1560427
1560515
1560567
1560607
1560664
1560785
1560813
1560964
1561006
1561027
1561045
1561062
1561154
1561225
1561308
1561443
1561453
1561573
1561601
1561687
1561688
1561730
1561740
1561754
1561856
1562134
1562171
1562189
1562222
1562303
1562384
1562404
1562407
1562454
1562456
1562566
1562571
1562576
1562639
1562818
1562870
1562967
1562990
1563194
1563251
1563300
1563381
1563468
1563472
1563657
1563707
1563741
1563757
1563766
1563798
1563808
1564117
1564121
1564124
1564161
1564184
1564186
1564233
1564302
1564397
1564461
1564473
1564517
1564547
1564724
1564812
1564831
1564966
1564980
1565259
1565291
1565414
1565434
1565436
1565442
1565468
1565530
1565561
1565679
1565688
1565714
1565747
1565805
1565810
1565865
1565889
1565903
1565923
1566035
1566148
1566195
1566212
1566220
1566264
1566312
1566348
1566478
1566696
1566722
1566763
1566783
1566791
1566862
1566902
1567095
1567257
1567266
1567348
1567366
1567559
1567607
1567742
1567760
1567943
1567989
1568040
1568133
1568197
1568237
1568259
1568310
1568318
1568358
1568389
1568414
1568451
1568485
1568545
1568568
1568642
1568688
1568873
1568960
1568961
1569005
1569066
1569102
1569105
1569176
1569205
1569210
1569223
1569325
1569343
1569354
1569381
1569386
1569463
1569513
1569526
1569709
1569745
1569779
1569853
1569909
1569930
1569940
1569946
1570066
1570103
1570148
1570267
1570331
1570401
1570435
1570569
1570611
1570667
1570670
1570711
1570727
1570753
1570825
1570841
1570864
1571060
1571072
1571120
1571228
1571240
1571243
1571386
1571424
1571571
1571592
1571661
1571702
1571853
1571895
1571981
1572114
1572253
1572272
1572296
1572350
1572539
1572613
1572647
1572696
1572699
1572744
1572795
1572889
1572898
1573009
1573063
1573110
1573117
1573192
1573202
1573293
1573297
1573345
1573379
1573398
1573572
1573626
1573633
1573671
1573770
1573793
1573801
1573926
1573936
1574072
1574078
1574163
1574306
1574485
1574488
1574498
1574513
1574552
1574567
1574612
1574625
1574783
1574806
1574925
1574964
1575013
1575027
1575037
1575055
1575092
1575096
1575275
1575286
1575293
1575435
1575461
1575643
1575655
1575743
1575800
1575825
1575863
1575872
1575920
1575952
1575955
1576073
1576081
1576091
1576186
1576195
1576317
1576353
1576365
1576395
1576454
1576559
1576580
1576611
1576676
1576693
1576714
1576769
1576896
1577004
1577035
1577082
1577119
1577306
1577359
1577392
1577640
1577666
1577703
1578027
1578038
1578057
1578160
1578244
1578397
1578463
1578476
1578498
1578532
1578551
1578563
1578613
1578891
1578938
1578948
1578950
1579169
1579227
1579342
1579581
1579594
1579669
1579694
1579726
1579732
1579832
1580004
1580141
1580160
1580167
1580207
1580241
1580262
1580327
1580421
1580436
1580438
1580647
1580666
1580687
1580809
1580986
1581109
1581195
1581243
1581292
1581440
1581449
1581471
1581540
1581749
1581757
1581814
1581815
1581820
1581983
1582024
1582089
1582170
1582409
1582437
1582444
1582587
1582669
1582709
1582910
1582925
1582954
1583065
1583271
1583318
1583390
1583476
1583573
1583655
1583724
1583758
1583841
1583902
1583956
1583982
1584050
1584093
1584141
1584221
1584361
1584487
1584509
1584541
1584706
1584932
1584940
1585053
1585100
1585143
1585175
1585245
1585267
1585315
1585331
1585710
1585732
1585743
1585815
1586050
1586225
1586230
1586398
1586457
1586554
1586881
1586889
1586939
1586999
1587293
1587486
1587525
1587528
1587558
1587726
1587746
1587748
1587864
1587914
1588113
1588150
1588181
1588226
1588361
1588518
1588549
1588551
1589106
1589130
1589336
1589398
1589570
1589903
1589916
1590100
1590260
1590271
1590342
1590428
1590449
1590463
1590469
1590478
1590571
1590644
1590648
1590949
1590965
1590984
1591224
1591237
1591264
1591296
1591331
1591342
1591442
1591481
1591501
1591538
1591627
1591887
1591914
1592028
1592185
1592370
1592672
1592707
1592763
1592796
1592812
1592888
1593002
1593110
1593156
1593240
1593270
1593321
1593328
1593348
1593423
1593428
1593984
1594209
1594253
1594297
1594347
1594413
1594504
1594543
1594743
1594974
1595237
1595288
1595322
1595557
1595966
1596488
1596508
1596631
1596791
1597014
1597113
1597146
1597376
1597432
1597576
1597910
1598238
1598368
1598614
1598995
1599071
1599159
1599205
1599270
1599289
1599708
1600041
1600086
1600109
1600571
1600603
1600668
1600749
1600858
1600983
1601092
1601549
1601567
1601858
1601871
1601995
1602062
1602064
1602106
1602390
1602404
1602485
1602553
1602834
1602927
1603044
1603094
1603149
1603459
1603688
1603963
1604363
1604386
1604438
1604533
1604968
1605088
1605131
1605153
1605196
1605206
1605364
1605478
1605725
1605740
1605764
1606077
1606250
1606330
1606365
1606373
1606648
1606721
1606764
1607311
1607365
1607404
1607504
1607562
1607824
1608014
1608176
1608197
1608401
1608434
1608495
1608550
1608598
1608708
1608812
1608841
1608855
1608989
1609122
1609221
1609934
1610160
1610346
1610688
1610754
1610885
1610900
1611029
1611101
1611312
1611370
1611522
1611539
1611609
1611632
1612055
1612449
1612491
1612522
1612710
1612732
1612817
1612993
1613206
1613231
1613334
1613545
1613562
1613575
1613735
1613851
1614028
1614319
1614322
1614526
1614560
1614615
1614690
1614720
1614956
1614980
1615179
1615187
1615264
1615376
1615401
1615508
1615677
1615699
1615774
1616030
1616118
1616261
1616337
1616567
1616749
1616904
1617108
1617228
1617550
1617630
1617965
1618001
1618138
1618173
1618501
1618554
1618850
1618907
1618914
1618954
1619002
1619036
1619073
1619106
1619291
1619311
1619381
1619513
1619711
1619888
1619992
1620093
1620261
1620283
1620527
1620528
1620676
1620721
1620744
1620974
1621069
1621814
1621931
1622083
1622262
1622276
1622334
1622431
1622480
1622590
1622630
1623007
1623205
1623344
1623372
1623507
1623705
1623849
1623853
1623959
1624082
1624129
1624446
1624515
1624548
1624609
1624624
1624658
1624854
1624991
1625107
1625149
1625186
1625494
1625602
1625626
1625788
1625861
1626375
1626451
1626698
1626780
1626811
1626866
1626935
1627002
1627047
1627355
1627440
1627561
1627667
1627699
1627782
1627974
1628069
1628249
1628263
1628304
1628359
1628439
1628443
1628859
1628893
1628914
1628937
1628998
1629034
1629170
1629234
1629274
1629544
1629950
1630379
1630545
1630729
1630977
1631045
1631270
1631354
1631518
1631609
1631655
1631766
1631857
1631915
1631981
1632322
1632550
1632609
1632701
1632775
1632800
1632832
1632859
1632875
1633021
1633059
1633169
1633367
1633382
1633500
1633524
1633582
1633644
1633698
1633843
1633846
1633855
1633863
1633970
1634205
1634244
1634469
1634545
1634772
1634911
1634918
1634925
1634979
1635030
1635428
1635628
1635639
1635811
1635845
1635857
1636118
1636322
1636479
1636568
1636698
1636765
1636909
1636951
1636994
1637106
1637161
1637219
1637528
1637668
1637931
1638005
1638105
1638613
1638852
1638920
1639123
1639188
1639231
1639351
1639852
1639915
1640358
1640369
1640533
1640596
1640683
1640832
1641118
1641163
1641237
1641289
1641415
1641617
1641737
1641758
1641904
1642246
1642476
1642527
1642723
1642816
1643018
1643200
1643301
1643545
1643588
1643592
1643702
1644019
1644245
1644461
1644729
1644966
1645147
1645220
1645370
1645617
1645797
1645926
1645939
1645978
1646105
1646563
1646592
1646651
1646653
1646800
1646921
1646928
1646971
1647049
1647133
1647340
1647399
1647596
1647712
1647754
1648013
1648111
1648118
1648512
1648586
1648768
1648777
1648923
1648964
1649061
1649107
1649518
1649564
1649649
1649849
1649913
1649970
1650110
1650328
1650352
1650519
1650627
1650659
1650740
1650995
1651060
1651066
1651131
1651218
1651609
1651695
1651765
1651809
1651847
1651937
1652185
1652333
1652418
1652460
1652510
1652529
1652575
1652831
1652971
1653053
1653202
1653381
1653389
1653683
1653740
1653814
1654164
1654303
1654461
1654468
1654813
1654850
1654907
1654972
1655015
1655275
1655509
1655594
1655898
1655933
1656141
1656214
1656547
1656627
1657075
1657120
1657298
1657408
1657413
1657418
1657473
1657726
1657802
1657895
1658018
1658122
1658132
1658299
1658370
1658520
1658545
1658574
1658628
1658746
1658802
1658813
1659019
1659068
1659129
1659339
1659375
1659435
1659610
1659767
1660514
1660569
1660589
1660652
1660700
1660848
1660881
1660899
1661103
1661663
1661831
1661865
1661871
1662094
1662137
1662151
1662192
1662281
1662298
1662361
1662370
1662502
1662621
1662629
1662715
1662972
1663009
1663384
1663405
1663624
1663654
1663805
1663817
1663820
1663984
1664467
1664548
1664614
1665021
1665105
1665180
1665382
1665561
1665647
1665834
1666124
1666128
1666194
1666248
1666349
1666419
1666474
1666509
1666517
1666574
1666965
1667075
1667082
1667186
1667237
1667339
1667498
1667615
1667687
1668008
1668053
1668105
1668225
1668272
1668306
1668566
1668631
1668651
1668665
1668687
1668699
1668940
1668979
1669076
1669108
1669198
1669215
1669254
1669271
1669352
1669526
1669653
1669691
1669882
1669978
1670089
1670167
1670181
1670346
1670399
1670596
1670631
1670836
1670916
1670951
1671033
1671200
1671581
1671612
1671745
1671852
1671914
1671972
1672026
1672033
1672275
1672378
1672380
1672585
1672721
1672896
1673323
1673347
1673381
1673407
1674038
1674079
1674121
1674249
1674325
1674496
1674578
1674680
1674747
1674821
1674927
1675049
1675196
1675478
1675931
1676237
1676248
1676330
1676416
1676443
1676509
1676576
1676585
1676730
1676768
1677237
1677303
1677755
1677893
1678011
1678183
1678257
1678385
1678393
1679052
1679058
1679265
1679310
1679383
1679413
1679421
1679510
1679528
1679590
1679993
1680078
1680174
1680437
1680474
1680511
1680568
1680831
1681169
1681218
1681628
1681686
1681693
1681728
1681738
1681802
1681907
1681963
1682056
1682057
1682134
1682221
1682266
1682276
1682339
1682384
1682473
1682544
1682550
1682648
1682860
1682898
1683337
1683388
1683549
1683855
1683958
1684370
1684706
1684752
1684875
1684946
1685092
1685216
1685262
1685680
1686189
1686504
1686622
1686671
1686843
1687017
1687066
1687104
1687369
1687630
1687875
1688146
1688220
1688256
1688552
1688564
1688949
1689071
1689349
1689690
1689775
1689897
1690051
1690304
1690309
1690351
1690386
1690571
1690663
1690767
1690817
1690930
1690974
1691027
1691044
1691199
1691240
1691336
1691397
1691485
1691551
1691563
1691709
1691731
1691807
1691827
1691929
1692151
1692237
1692336
1692360
1692399
1692607
1692703
1692731
1693001
1693104
1693298
1693548
1693713
1693733
1693818
1693891
1693965
1694003
1694484
1694640
1694646
1694666
1694804
1694891
1695084
1695292
1695712
1695806
1695901
1696123
1696195
1696462
1696476
1696603
1696659
1696663
1696712
1696832
1696904
1697101
1697177
1697181
1697332
1697444
1697471
1697594
1697624
1697636
1697640
1697708
1697722
1697760
1697784
1697838
1697880
1698214
1698420
1698437
1698454
1698795
1699024
1699126
1699133
1699451
1699618
1699638
1699936
1700059
1700111
1700348
1700372
1700585
1700648
1700912
1700948
1701018
1701029
1701075
1701089
1701115
1701121
1701142
1701204
1701443
1701790
1701831
1701903
1701953
1702145
1702195
1702219
1702269
1702672
1702856
1702972
1703183
1703196
1703198
1703429
1703720
1703769
1703810
1703905
1703933
1703978
1704028
1704093
1704103
1704133
1704204
1704354
1704614
1704732
1704815
1704846
1704939
1705028
1705131
1705219
1705387
1705489
1705555
1705678
1705709
1705738
1705814
1705916
1706219
1706316
1706488
1706524
1706550
1706604
1706658
1706773
1706778
1706838
1706982
1707056
1707236
1707338
1707453
1707537
1707711
1707877
1708026
1708272
1708282
1708367
1708566
1708584
1708630
1708671
1708708
1708759
1708919
1709403
1709467
1709582
1709617
1709634
1709797
1709846
1709880
1709941
1710566
1710667
1710686
1710712
1711094
1711264
1711375
1711478
1711537
1712008
1712083
1712102
1712106
1712154
1712157
1712182
1712305
1712408
1712539
1712567
1712643
1712794
1712855
1712940
1713044
1713050
1713482
1713595
1713705
1713748
1713890
1713976
1713978
1714183
1714202
1714259
1714385
1714605
1714739
1714741
1714872
1714972
1715191
1715293
1715383
1715400
1715836
1716012
1716098
1716227
1716366
1716486
1716527
1716533
1716570
1716604
1716755
1716813
1716944
1717316
1717355
1717366
1717428
1717582
1717774
1717817
1717846
1717870
1717898
1717972
1718480
1718976
1718990
1719047
1719278
1719308
1719402
1719491
1719738
1719960
1719995
1720371
1720526
1720754
1720845
1720892
1720927
1721035
1721083
1721209
1721246
1721305
1721478
1721484
1721524
1721594
1721636
1721649
1721697
1721936
1722008
1722093
1722155
1722521
1722765
1722793
1722797
1722899
1722960
1723400
1723470
1723634
1723668
1723901
1723922
1724096
1724101
1724419
1724462
1724637
1724731
1724759
1724808
1724870
1725012
1725055
1725082
1725153
1725336
1725355
1725401
1725641
1725740
1725820
1726001
1726038
1726156
1726310
1726327
1726388
1726421
1726606
1726625
1726645
1726663
1726738
1726827
1726907
1727014
1727033
1727066
1727231
1727320
1727333
1727807
1727855
1727860
1728054
1728136
1728187
1728203
1728292
1728305
1728341
1728612
1728661
1728878
1729018
1729140
1729182
1729296
1729526
1729533
1729781
1729809
1730065
1730095
1730098
1730269
1730602
1730810
1731057
1731118
1731254
1731315
1731419
1731661
1731730
1731895
1732173
1732209
1732253
1732316
1732321
1732330
1732380
1732541
1732745
1732868
1733111
1733217
1733238
1733404
1733598
1733693
1733821
1733833
1733907
1733934
1733954
1733965
1734002
1734275
1734554
1734611
1734640
1734800
1734806
1735082
1735438
1735700
1735761
1736027
1736051
1736238
1736377
1736415
1736458
1736515
1736685
1736687
1736840
1736869
1736953
1737167
1737311
1737395
1737447
1737851
1737874
1737904
1737930
1737978
1738165
1738181
1738219
1738478
1738484
1738498
1738555
1738597
1738696
1738829
1738834
1738934
1739038
1739088
1739094
1739348
1739655
1739676
1739727
1739940
1739958
1740120
1740200
1740284
1740396
1740435
1740547
1740969
1741195
1741310
1741417
1741534
1741637
1741654
1741681
1741767
1741977
1742114
1742127
1742219
1742270
1742521
1742535
1742572
1742591
1742609
1742907
1742937
1742947
1743054
1743126
1743237
1743329
1743782
1743899
1744071
1744080
1744121
1744161
1744566
1744567
1744594
1744604
1744670
1744759
1744770
1744798
1744893
1744932
1744989
1745227
1745379
1745585
1745708
1745760
1745873
1745938
1745957
1746103
1746274
1746279
1746358
1746466
1746491
1746513
1746737
1746833
1746876
1747051
1747112
1747209
1747305
1747359
1747364
1747381
1747452
1747716
1747756
1747840
1748012
1748073
1748180
1748492
1748764
1748820
1748869
1749050
1749111
1749225
1749316
1749368
1749581
1749615
1749644
1749751
1749781
1749789
1749799
1749917
1750018
1750036
1750081
1750151
1750336
1750569
1750602
1750646
1750699
1750839
1750991
1751042
1751255
1751524
1751666
1752067
1752142
1752183
1752354
1752448
1752646
1752663
1752951
1753206
1753425
1753431
1753519
1753533
1753670
1753733
1754024
1754061
1754695
1754814
1754932
1754957
1755104
1755239
1755276
1755412
1755458
1755610
1755801
1755884
1756126
1756459
1756761
1756886
1756891
1756971
1757199
1757521
1757644
1757678
1757695
1757984
1758212
1758267
1758523
1758539
1758642
1758887
1758889
1759124
1759165
1759230
1759269
1759305
1759334
1759356
1759414
1759624
1759665
1759684
1760188
1760397
1760653
1760904
1760907
1761020
1761022
1761182
1761236
1761454
1761661
1761824
1761981
1762027
1762063
1762170
1762405
1762440
1762540
1762652
1762818
1762932
1762936
1763017
1763094
1763158
1763225
1763352
1763491
1763801
1763872
1764009
1764069
1764236
1764297
1764368
1764384
1764389
1764618
1764631
1764676
1765120
1765128
1765916
1766086
1766120
1766257
1766479
1766556
1766896
1767012
1767065
1767375
1767405
1767495
1767659
1768006
1768030
1768080
1768106
1768310
1768334
1768414
1768493
1768501
1768514
1768529
1768695
1768790
1768933
1769078
1769127
1769137
1769226
1769335
1769412
1769427
1769534
1769537
1769643
1769707
1769743
1769778
1769818
1769927
1769937
1770011
1770287
1770665
1770758
1770778
1770821
1770872
1771054
1771282
1771284
1771364
1771455
1771540
1771588
1771609
1771656
1771701
1771789
1771811
1771880
1771903
1771986
1771995
1772030
1772033
1772160
1772183
1772259
1772285
1772299
1772307
1772577
1772769
1772879
1772887
1772938
1772994
1773014
1773130
1773184
1773233
1773271
1773403
1773478
1773534
1773592
1773646
1773749
1773757
1773815
1773822
1773829
1773841
1773853
1773899
1773975
1774059
1774157
1774180
1774199
1774221
1774256
1774267
1774555
1774708
1774748
1774792
1774805
1774838
1774931
1774957
1774982
1775054
1775069
1775124
1775148
1775203
1775213
1775246
1775296
1775316
1775517
1775552
1775581
1775655
1775658
1775666
1775697
1775700
1775767
1775777
1775779
1775878
1775948
1775952
1776137
1776172
1776193
1776204
1776403
1776422
1776451
1776465
1776500
1776513
1776678
1776756
1776786
1776799
1776887
1776899
1776958
1776991
1777021
1777076
1777230
1777351
1777361
1777513
1777515
1777564
1777579
1777653
1777667
1777694
1777933
1778005
1778272
1778303
1778308
1778452
1778542
1778588
1778613
1778678
1778696
1778708
1778714
1778753
1778780
1778990
1779045
1779104
1779122
1779203
1779236
1779374
1779414
1779513
1779622
1779690
1779691
1779712
1779811
1779894
1780057
1780082
1780192
1780208
1780215
1780268
1780366
1780401
1780427
1780459
1780497
1780503
1780509
1780643
1780752
1780903
1781047
1781062
1781114
1781116
1781182
1781188
1781235
1781237
1781350
1781355
1781454
1781472
1781475
1781512
1781647
1781656
1781723
1781754
1781780
1781837
1781878
1781891
1781914
1781935
1782006
1782043
1782075
1782147
1782295
1782358
1782449
1782460
1782563
1782606
1782618
1782652
1782786
1782810
1782892
1782896
1782898
1782902
1782924
1782976
1783211
1783227
1783453
1783504
1783528
1783563
1783657
1783676
1783706
1783712
1783736
1783775
1783783
1783859
1783916
1783984
1784058
1784177
1784267
1784344
1784415
1784511
1784583
1784665
1784817
1784935
1785009
1785031
1785047
1785062
1785085
1785238
1785242
1785357
1785508
1785528
1785705
1785770
1785790
1785886
1785978
1785998
1786079
1786083
1786250
1786285
1786290
1786293
1786309
1786329
1786391
1786508
1786536
1786561
1786652
1786685
1786727
1786754
1786766
1786823
1786895
1786905
1787065
1787079
1787169
1787237
1787282
1787461
1787478
1787529
1787532
1787575
1787581
1787633
1787672
1787794
1787860
1787886
1787888
1787897
1787907
1787924
1787947
1787966
1787985
1788040
1788102
1788194
1788216
1788221
1788230
1788265
1788321
1788416
1788467
1788530
1788572
1788602
1788639
1788648
1788658
1788674
1788793
1788801
1788817
1788844
1788881
1789036
1789104
1789110
1789126
1789147
1789226
1789270
1789311
1789436
1789518
1789569
1789946
1790071
1790111
1790124
1790127
1790223
1790229
1790250
1790255
1790263
1790356
1790363
1790369
1790402
1790441
1790505
1790677
1790716
1790720
1790726
1790780
1790845
1790874
1790897
1790942
1791010
1791130
1791173
1791226
1791353
1791387
1791452
1791555
1791612
1791620
1791638
1791774
1791820
1791868
1791914
1791940
1792150
1792166
1792208
1792217
1792237
1792277
1792303
1792446
1792526
1792536
1792587
1792635
1792752
1792773
1792823
1792829
1792839
1792855
1792959
1792995
1793015
1793026
1793034
1793189
1793234
1793253
1793256
1793294
1793301
1793332
1793376
1793446
1793457
1793499
1793578
1793608
1793677
1793705
1793855
1793939
1794015
1794029
1794053
1794092
1794102
1794109
1794131
1794216
1794285
1794327
1794346
1794371
1794498
1794535
1794633
1794814
1794823
1794856
1794875
1794882
1794895
1794926
1794973
1794986
1794998
1795021
1795050
1795096
1795149
1795340
1795397
1795549
1795572
1795701
1795782
1795904
1795923
1795933
1795954
1795955
1795989
1796005
1796030
1796040
1796075
1796135
1796183
1796260
1796437
1796478
1796513
1796539
1796651
1796824
1796854
1796860
1796868
1796931
1796976
1797007
1797034
1797144
1797214
1797220
1797257
1797285
1797301
1797326
1797342
1797378
1797385
1797435
1797439
1797508
1797550
1797682
1797809
1797868
1797882
1797884
1797905
1797913
1797944
1798044
1798057
1798065
1798163
1798229
1798286
1798311
1798499
1798510
1798564
1798806
1798856
1798862
1798891
1798944
1799199
1799246
1799259
1799380
1799420
1799431
1799451
1799460
1799505
1799591
1799634
1799718
1799732
1799802
1799843
1799873
1799892
1799902
1799996
1800025
1800107
1800148
1800163
1800214
1800253
1800297
1800337
1800509
1800602
1800653
1800730
1800739
1800890
1800923
1800926
1800931
1800972
1801029
1801050
1801180
1801184
1801190
1801281
1801313
1801338
1801396
1801462
1801483
1801540
1801542
1801586
1801640
1801687
1801724
1801741
1801873
1801949
1801982
1802137
1802210
1802243
1802251
1802317
1802464
1802470
1802508
1802522
1802579
1802727
1802763
1802771
1802801
1802847
1802853
1802884
1802952
1802989
1802992
1803119
1803199
1803289
1803313
1803341
1803359
1803379
1803396
1803405
1803473
1803538
1803557
1803569
1803572
1803590
1803678
1803705
1803961
1804093
1804110
1804256
1804299
1804343
1804358
1804563
1804584
1804636
1804701
1804741
1804802
1804879
1804957
1804966
1804999
1805004
1805022
1805062
1805082
1805088
1805093
1805131
1805147
1805191
1805203
1805264
1805320
1805321
1805336
1805586
1805643
1805669
1805721
1805729
1805758
1805794
1805920
1806065
1806165
1806192
1806200
1806344
1806346
1806364
1806403
1806572
1806599
1806630
1806652
1806705
1806721
1806735
1806743
1806901
1806953
1807012
1807255
1807277
1807340
1807386
1807398
1807480
1807536
1807556
1807567
1807721
1807851
1807922
1808045
1808145
1808250
1808262
1808265
1808351
1808369
1808390
1808443
1808444
1808563
1808574
1808621
1808662
1808746
1808767
1808818
1808845
1808933
1809085
1809174
1809176
1809264
1809429
1809458
1809544
1809635
1809688
1809747
1809755
1809770
1809772
1809818
1809907
1809944
1809959
1809963
1810040
1810059
1810213
1810385
1810437
1810442
1810511
1810523
1810602
1810728
1810758
1810801
1810823
1810873
1810877
1810887
1810983
1811002
1811077
1811203
1811213
1811229
1811244
1811296
1811299
1811325
1811427
1811451
1811463
1811468
1811480
1811490
1811520
1811583
1811628
1811638
1811895
1811989
1812081
1812142
1812157
1812167
1812259
1812280
1812341
1812446
1812663
1812679
1812681
1812721
1812758
1812773
1812881
1812997
1813042
1813090
1813107
1813115
1813404
1813488
1813590
1813725
1813858
1813903
1813911
1813918
1814105
1814146
1814180
1814213
1814223
1814351
1814421
1814451
1814521
1814528
1814582
1814608
1814611
1814665
1814681
1814700
1814720
1814770
1814787
1814799
1814809
1814858
1814874
1814914
1814957
1814964
1814975
1814993
1815192
1815197
1815242
1815353
1815426
1815524
1815592
1815672
1815721
1815727
1815781
1815797
1815812
1815813
1815867
1815944
1815969
1815972
1816136
1816207
1816227
1816230
1816274
1816344
1816358
1816384
1816407
1816473
1816533
1816549
1816589
1816609
1816622
1816651
1816729
1816757
1816762
1816910
1816996
1817016
1817089
1817142
1817193
1817307
1817368
1817452
1817477
1817548
1817760
1817848
1817869
1817871
1817943
1817999
1818115
1818149
1818227
1818256
1818339
1818344
1818347
1818362
1818395
1818479
1818498
1818515
1818636
1818705
1818709
1818736
1818762
1818922
1818975
1819052
1819062
1819068
1819117
1819148
1819343
1819407
1819430
1819457
1819463
1819472
1819530
1819539
1819555
1819599
1819656
1819729
1819733
1819756
1819781
1819814
1819958
1819964
1819970
1819991
1820053
1820089
1820151
1820162
1820228
1820273
1820491
1820592
1820675
1820748
1820890
1820916
1820996
1821018
1821030
1821060
1821080
1821086
1821092
1821114
1821116
1821125
1821140
1821160
1821186
1821192
1821203
1821267
1821300
1821474
1821555
1821560
1821671
1821704
1821722
1821756
1821760
1821772
1821860
1821923
1821925
1821952
1822173
1822182
1822213
1822354
1822358
1822369
1822385
1822480
1822526
1822550
1822630
1822660
1822770
1822796
1822821
1822899
1822930
1822956
1822982
1823001
1823041
1823085
1823100
1823122
1823229
1823260
1823391
1823479
1823483
1823523
1823565
1823605
1823617
1823627
1823634
1823657
1823675
1823714
1823811
1823919
1823976
1823997
1824128
1824238
1824261
1824291
1824387
1824457
1824478
1824594
1824596
1824619
1824773
1824802
1824839
1824845
1824860
1824870
1824982
1825032
1825037
1825052
1825087
1825093
1825134
1825185
1825227
1825243
1825271
1825290
1825386
1825424
1825465
1825490
1825512
1825513
1825631
1825749
1825881
1825894
1825999
1826098
1826120
1826135
1826156
1826169
1826176
1826283
1826375
1826422
1826424
1826499
1826592
1826617
1826693
1826730
1826733
1826754
1826766
1826797
1826826
1826899
1826907
1827005
1827148
1827200
1827352
1827371
1827400
1827604
1827747
1827991
1827997
1828017
1828054
1828089
1828114
1828119
1828122
1828157
1828257
1828386
1828428
1828466
1828475
1828484
1828509
1828546
1828568
1828586
1828590
1828591
1828626
1828641
1828779
1828880
1828971
1829082
1829127
1829146
1829148
1829161
1829219
1829303
1829401
1829458
1829466
1829472
1829616
1829663
1829733
1829789
1829951
1830110
1830249
1830542
1830755
1830791
1830802
1831014
1831048
1831087
1831127
1831148
1831163
1831304
1831338
1831354
1831366
1831385
1831401
1831433
1831484
1831498
1831529
1831582
1831655
1831696
1831802
1831844
1831881
1832005
1832111
1832128
1832142
1832218
1832246
1832267
1832293
1832302
1832333
1832365
1832387
1832460
1832529
1832533
1832563
1832626
1832711
1832733
1832767
1832777
1832872
1832911
1832975
1833023
1833179
1833231
1833284
1833435
1833515
1833517
1833614
1833647
1833758
1833770
1833821
1833842
1833900
1834073
1834091
1834121
1834124
1834146
1834182
1834199
1834254
1834340
1834355
1834377
1834509
1834651
1834673
1834687
1834719
1834720
1834728
1834729
1834778
1834885
1834914
1834920
1834930
1834991
1835006
1835204
1835224
1835232
1835304
1835493
1835549
1835639
1835718
1835732
1835778
1835807
1835865
1835875
1835904
1835936
1836026
1836165
1836175
1836233
1836261
1836284
1836330
1836440
1836459
1836486
1836493
1836600
1836635
1836773
1836833
1836890
1836956
1837081
1837245
1837317
1837383
1837416
1837502
1837511
1837526
1837552
1837656
1837661
1837722
1837738
1837806
1837822
1837896
1837943
1837997
1838066
1838070
1838124
1838136
1838289
1838319
1838322
1838362
1838561
1838586
1838592
1838602
1838763
1838836
1838877
1838934
1839069
1839079
1839109
1839231
1839243
1839246
1839286
1839287
1839288
1839303
1839307
1839324
1839326
1839343
1839426
1839435
1839507
1839518
1839529
1839592
1839620
1839646
1839697
1839761
1839827
1839885
1839916
1839969
1839994
1840100
1840273
1840349
1840352
1840380
1840506
1840510
1840568
1840614
1840633
1840715
1840841
1840850
1840925
1841040
1841088
1841166
1841211
1841330
1841377
1841425
1841457
1841467
1841494
1841547
1841574
1841578
1841588
1841712
1841725
1841774
1841782
1841879
1841954
1841993
1842011
1842017
1842058
1842080
1842174
1842184
1842221
1842310
1842329
1842350
1842372
1842428
1842449
1842585
1842607
1842747
1842751
1842861
1842896
1842966
1842968
1842993
1843059
1843250
1843326
1843349
1843360
1843371
1843401
1843451
1843506
1843512
1843612
1843787
1843827
1843919
1844012
1844084
1844092
1844212
1844268
1844280
1844293
1844312
1844502
1844507
1844548
1844628
1844690
1844697
1844711
1844736
1844883
1844894
1844900
1844913
1844924
1844971
1845069
1845226
1845257
1845264
1845366
1845389
1845433
1845459
1845493
1845494
1845510
1845684
1845709
1845728
1845812
1845832
1845871
1845934
1845941
1845961
1845998
1846031
1846053
1846073
1846082
1846104
1846106
1846139
1846157
1846176
1846232
1846258
1846344
1846412
1846432
1846509
1846631
1846642
1846673
1846715
1846781
1846813
1846839
1846842
1846859
1846900
1846928
1847067
1847077
1847156
1847167
1847257
1847293
1847308
1847318
1847346
1847348
1847438
1847495
1847539
1847595
1847632
1847740
1847755
1847783
1847846
1847950
1848016
1848022
1848214
1848317
1848425
1848461
1848492
1848519
1848564
1848584
1848614
1848620
1848656
1848668
1848792
1848843
1849011
1849059
1849132
1849488
1849620
1849637
1849643
1849662
1849728
1849902
1849943
1849995
1850041
1850051
1850192
1850239
1850272
1850278
1850286
1850317
1850336
1850352
1850378
1850456
1850459
1850483
1850513
1850572
1850613
1850662
1850691
1850696
1850716
1850723
1850758
1850771
1850798
1850993
1851071
1851184
1851191
1851248
1851297
1851313
1851317
1851382
1851394
1851496
1851530
1851613
1851746
1851812
1851876
1851982
1852091
1852142
1852182
1852204
1852281
1852461
1852475
1852481
1852503
1852538
1852583
1852702
1852713
1852719
1852729
1852801
1852904
1852956
1853012
1853025
1853031
1853195
1853205
1853227
1853299
1853331
1853371
1853404
1853435
1853474
1853559
1853626
1853678
1853680
1853706
1853726
1853735
1853763
1853882
1853890
1853903
1853958
1853979
1854039
1854110
1854116
1854210
1854269
1854301
1854353
1854361
1854396
1854413
1854553
1854560
1854570
1854629
1854713
1854773
1854834
1854842
1854848
1854922
1854937
1854970
1855148
1855206
1855269
1855272
1855332
1855388
1855496
1855592
1855606
1855671
1855683
1855686
1855703
1855712
1855763
1855807
1855865
1855957
1855991
1856013
1856093
1856100
1856113
1856237
1856270
1856356
1856360
1856453
1856477
1856513
1856716
1856802
1856867
1856884
1856910
1857031
1857049
1857079
1857195
1857302
1857409
1857413
1857424
1857480
1857527
1857540
1857566
1857587
1857696
1857717
1857802
1857820
1858014
1858055
1858148
1858183
1858341
1858362
1858406
1858516
1858591
1858635
1858768
1858781
1858798
1858823
1858826
1858949
1859023
1859128
1859193
1859212
1859222
1859259
1859287
1859322
1859425
1859463
1859471
1859477
1859593
1859669
1859775
1859777
1859887
1859945
1859969
1859982
1860004
1860084
1860123
1860208
1860245
1860259
1860418
1860439
1860615
1860709
1860836
1860893
1860921
1860992
1861017
1861018
1861020
1861053
1861071
1861077
1861082
1861092
1861116
1861128
1861141
1861153
1861387
1861506
1861528
1861546
1861610
1861662
1861671
1861735
1861754
1861776
1861787
1861834
1861848
1861947
1862022
1862038
1862143
1862274
1862314
1862436
1862471
1862512
1862558
1862608
1862629
1862726
1862819
1862849
1862867
1862899
1862951
1862955
1863035
1863098
1863117
1863130
1863181
1863230
1863261
1863356
1863400
1863415
1863460
1863478
1863491
1863521
1863524
1863606
1863621
1863627
1863661
1863695
1863725
1863851
1863862
1863933
1863956
1864008
1864037
1864045
1864058
1864107
1864147
1864184
1864324
1864355
1864356
1864371
1864467
1864490
1864497
1864529
1864542
1864566
1864575
1864626
1864636
1864646
1864655
1864666
1864750
1864802
1864809
1864811
1864834
1864875
1864886
1864946
1864976
1865057
1865133
1865144
1865167
1865171
1865176
1865182
1865198
1865250
1865453
1865459
1865478
1865485
1865617
1865651
1865677
1865679
1865698
1865769
1865784
1865793
1865797
1865825
1865936
1865944
1866004
1866058
1866084
1866091
1866131
1866137
1866148
1866159
1866317
1866335
1866465
1866484
1866568
1866592
1866628
1866638
1866673
1866686
1866687
1866750
1866800
1866946
1867042
1867062
1867098
1867102
1867106
1867166
1867223
1867280
1867303
1867338
1867411
1867425
1867511
1867676
1867695
1867741
1867770
1867791
1867905
1867921
1867952
1867983
1868043
1868122
1868132
1868173
1868217
1868237
1868264
1868280
1868281
1868311
1868321
1868381
1868440
1868499
1868516
1868533
1868542
1868554
1868586
1868638
1868766
1868795
1868824
1868847
1868895
1868933
1868963
1868999
1869044
1869055
1869092
1869148
1869203
1869207
1869228
1869271
1869297
1869353
1869374
1869381
1869423
1869536
1869588
1869613
1869665
1869703
1869769
1869774
1869777
1869787
1869871
1869910
1870014
1870051
1870224
1870252
1870347
1870486
1870553
1870556
1870572
1870620
1870641
1870642
1870645
1870673
1870696
1870706
1870723
1870833
1870857
1870869
1870898
1870905
1871005
1871081
1871097
1871167
1871232
1871336
1871356
1871402
1871425
1871507
1871512
1871599
1871655
1871698
1871793
1871860
1871919
1871967
1872030
1872035
1872076
1872110
1872122
1872217
1872234
1872308
1872330
1872419
1872434
1872566
1872589
1872630
1872641
1872698
1872706
1872725
1872768
1872914
1872976
1873001
1873018
1873065
1873073
1873145
1873188
1873192
1873198
1873231
1873310
1873318
1873352
1873366
1873381
1873473
1873483
1873558
1873621
1873642
1873692
1873746
1873760
1873792
1873937
1873949
1873954
1874135
1874187
1874193
1874279
1874354
1874361
1874444
1874452
1874483
1874491
1874619
1874704
1874714
1874745
1874766
1874771
1874842
1874875
1874929
1874976
1875000
1875007
1875027
1875049
1875056
1875213
1875237
1875275
1875300
1875347
1875393
1875399
1875417
1875452
1875461
1875469
1875474
1875518
1875552
1875637
1875755
1875763
1875798
1875890
1875939
1875985
1876107
1876116
1876317
1876506
1876553
1876618
1876913
1876961
1876969
1877049
1877114
1877158
1877239
1877274
1877352
1877719
1877827
1877906
1877982
1878031
1878051
1878124
1878219
1878264
1878293
1878336
1878433
1878470
1878491
1878543
1878556
1878561
1878574
1878714
1878749
1878757
1878767
1878775
1878883
1878990
1878995
1879013
1879028
1879053
1879080
1879203
1879233
1879240
1879255
1879275
1879325
1879419
1879561
1879584
1879639
1879670
1879751
1879764
1879834
1879898
1879996
1880002
1880027
1880074
1880094
1880152
1880176
1880282
1880288
1880322
1880359
1880570
1880608
1880622
1880678
1880829
1880867
1880913
1880925
1881066
1881073
1881117
1881150
1881229
1881244
1881284
1881337
1881389
1881534
1881590
1881613
1881730
1881765
1881783
1881795
1881831
1881835
1881881
1881950
1881975
1882022
1882050
1882070
1882076
1882091
1882194
1882248
1882263
1882322
1882578
1882744
1882823
1882837
1882852
1883010
1883118
1883159
1883207
1883393
1883545
1883585
1883589
1883691
1883823
1883847
1883875
1883879
1884001
1884026
1884052
1884129
1884189
1884233
1884250
1884300
1884399
1884403
1884412
1884544
1884593
1884636
1884667
1884706
1884723
1884755
1884773
1884810
1884924
1884966
1884974
1884982
1884993
1885018
1885146
1885180
1885249
1885289
1885308
1885324
1885424
1885484
1885506
1885551
1885563
1885568
1885585
1885595
1885660
1885712
1885744
1885748
1885768
1885799
1885852
1885947
1885991
1885993
1885996
1886045
1886085
1886147
1886165
1886214
1886265
1886434
1886513
1886586
1886595
1886608
1886611
1886644
1886650
1886657
1886750
1886837
1886871
1886961
1886988
1887017
1887034
1887063
1887235
1887248
1887358
1887470
1887524
1887528
1887583
1887655
1887679
1887684
1887694
1887717
1887727
1887777
1887782
1887925
1887949
1888093
1888143
1888145
1888199
1888202
1888253
1888344
1888351
1888475
1888479
1888643
1888669
1888683
1888711
1888739
1888743
1888769
1888790
1888850
1888865
1888906
1888926
1889001
1889081
1889180
1889270
1889300
1889354
1889450
1889503
1889520
1889531
1889704
1889727
1889793
1889820
1889827
1889904
1889916
1889943
1889956
1889962
1889986
1889997
1890078
1890079
1890087
1890129
1890141
1890189
1890232
1890248
1890271
1890435
1890457
1890511
1890514
1890573
1890581
1890591
1890631
1890639
1890644
1890677
1890775
1890864
1891132
1891136
1891152
1891153
1891181
1891192
1891239
1891271
1891284
1891294
1891311
1891323
1891345
1891368
1891461
1891485
1891491
1891521
1891579
1891628
1891738
1891783
1891785
1891791
1891869
1892107
1892117
1892167
1892231
1892250
1892273
1892319
1892385
1892445
1892449
1892471
1892498
1892570
1892637
1892663
1892672
1892700
1892803
1892816
1892845
1892867
1892875
1892894
1892947
1892961
1892988
1893031
1893035
1893072
1893098
1893160
1893166
1893168
1893177
1893233
1893263
1893282
1893300
1893346
1893367
1893431
1893498
1893548
1893579
1893585
1893595
1893768
1893847
1893894
1893936
1893942
1893982
1894048
1894089
1894100
1894125
1894295
1894318
1894328
1894362
1894437
1894472
1894524
1894574
1894604
1894623
1894642
1894666
1894667
1894710
1894716
1894722
1894766
1894819
1894822
1894839
1894895
1895013
1895034
1895060
1895093
1895151
1895170
1895178
1895239
1895242
1895275
1895280
1895286
1895351
1895358
1895442
1895455
1895549
1895575
1895658
1895793
1895999
1896036
1896101
1896216
1896423
1896445
1896458
1896481
1896495
1896565
1896567
1896617
1896648
1896657
1896715
1896746
1896824
1896827
1896856
1896899
1897002
1897011
1897032
1897060
1897097
1897162
1897205
1897232
1897235
1897245
1897284
1897334
1897380
1897434
1897468
1897485
1897491
1897597
1897622
1897651
1897757
1897783
1897823
1897847
1897855
1897891
1897943
1898050
1898178
1898192
1898245
1898255
1898260
1898309
1898413
1898447
1898517
1898581
1898586
1898600
1898645
1898676
1898734
1898741
1898764
1898845
1898846
1898861
1898890
1899063
1899108
1899162
1899389
1899423
1899583
1899598
1899601
1899681
1899752
1899845
1899850
1899883
1899983
1900013
1900022
1900031
1900114
1900212
1900232
1900238
1900426
1900507
1900522
1900598
1900733
1900746
1900773
1900801
1900922
1900936
1900945
1900984
1901042
1901050
1901075
1901193
1901240
1901337
1901380
1901451
1901494
1901510
1901539
1901631
1901758
1901785
1901885
1901897
1901926
1902249
1902250
1902410
1902482
1902483
1902575
1902686
1902715
1902739
1902788
1902874
1902895
1902982
1902986
1903001
1903013
1903028
1903033
1903075
1903083
1903085
1903160
1903182
1903191
1903196
1903271
1903285
1903296
1903321
1903334
1903372
1903400
1903419
1903603
1903631
1903695
1903727
1903733
1903738
1903771
1903811
1903871
1903916
1903970
1903986
1904058
1904069
1904137
1904157
1904205
1904207
1904249
1904252
1904327
1904328
1904333
1904343
1904456
1904503
1904521
1904581
1904696
1904756
1904829
1904838
1904936
1904956
1904997
1905013
1905028
1905039
1905043
1905048
1905053
1905064
1905103
1905172
1905191
1905331
1905411
1905484
1905498
1905529
1905536
1905563
1905727
1905748
1905799
1905873
1905927
1906011
1906020
1906023
1906025
1906122
1906175
1906184
1906201
1906300
1906312
1906321
1906358
1906376
1906429
1906550
1906782
1906807
1906812
1906842
1906868
1906910
1906939
1907002
1907039
1907078
1907100
1907128
1907139
1907185
1907313
1907317
1907441
1907481
1907487
1907516
1907623
1907644
1907668
1907695
1907739
1907771
1907777
1907838
1907843
1907865
1907971
1907989
1908027
1908058
1908092
1908131
1908136
1908189
1908243
1908253
1908264
1908455
1908482
1908500
1908624
1908638
1908655
1908732
1908775
1908808
1908844
1908869
1908886
1908903
1908909
1908924
1908929
1908955
1909042
1909047
1909101
1909106
1909125
1909146
1909175
1909206
1909246
1909276
1909340
1909400
1909416
1909616
1909635
1909650
1909703
1909709
1909710
1909721
1909807
1909825
1909836
1909870
1909883
1909935
1909972
1909995
1910110
1910171
1910227
1910297
1910313
1910371
1910443
1910526
1910676
1910679
1910724
1910746
1910763
1910904
1911003
1911045
1911132
1911141
1911151
1911221
1911234
1911260
1911283
1911292
1911310
1911435
1911445
1911471
1911560
1911635
1911644
1911682
1911705
1911751
1911767
1912000
1912005
1912012
1912105
1912158
1912187
1912214
1912241
1912275
1912327
1912335
1912364
1912553
1912666
1912748
1912966
1913051
1913218
1913262
1913282
1913325
1913538
1913562
1913613
1913643
1913759
1913785
1913819
1913903
1913994
1914234
1914266
1914374
1914624
1914695
1914849
1914937
1915002
1915097
1915117
1915255
1915279
1915350
1915404
1915448
1915538
1915783
1915838
1915842
1915952
1915979
1916105
1916235
1916240
1916263
1916289
1916370
1916393
1916470
1916619
1916840
1916875
1917101
1917388
1917444
1917522
1917544
1917568
1917689
1917723
1917831
1917866
1917959
1917966
1918014
1918028
1918047
1918053
1918054
1918125
1918238
1918304
1918354
1918384
1918475
1918545
1918595
1918644
1918657
1918698
1918748
1918907
1918914
1919210
1919399
1919406
1919454
1919480
1919547
1919672
1919714
1919846
1919935
1920002
1920027
1920185
1920188
1920191
1920231
1920247
1920266
1920372
1920451
1920507
1920573
1920840
1920937
1920991
1921026
1921076
1921160
1921169
1921274
1921436
1921443
1921783
1921855
1921973
1922195
1922423
1922491
1922510
1922513
1922533
1922607
1922635
1922694
1922710
1922865
1922968
1923099
1923209
1923244
1923254
1923259
1923337
1923349
1923852
1923917
1923946
1924222
1924350
1924353
1924637
1924743
1924782
1924796
1924927
1924948
1925042
1925096
1925147
1925269
1925529
1925557
1925674
1925689
1925691
1925729
1925779
1925782
1925924
1925962
1925963
1926126
1926234
1926243
1926333
1926385
1926488
1926663
1926790
1926854
1927013
1927021
1927148
1927347
1927466
1927663
1927706
1927718
1927784
1927858
1927908
1927985
1928080
1928271
1928715
1928735
1928899
1928998
1929035
1929062
1929137
1929158
1929322
1929559
1929653
1929705
1929736
1929788
1929851
1929932
1929984
1930026
1930130
1930137
1930170
1930187
1930257
1930328
1930439
1930537
1930621
1930840
1931028
1931078
1931083
1931146
1931270
1931304
1931427
1931435
1931582
1931586
1931599
1931628
1931655
1931662
1932071
1932125
1932287
1932299
1932301
1932307
1932311
1932359
1932369
1932680
1932846
1932872
1932937
1933092
1933240
1933257
1933310
1933423
1933508
1933607
1933627
1933749
1933814
1933863
1933903
1933994
1934199
1934294
1934397
1934422
1934590
1934625
1934699
1934793
1934876
1934901
1934911
1935022
1935103
1935129
1935147
1935175
1935411
1935414
1935461
1935506
1935791
1935809
1935834
1935844
1935857
1935879
1935927
1935983
1936112
1936221
1936308
1936556
1936662
1936689
1936693
1936732
1936903
1936922
1937043
1937176
1937270
1937274
1937363
1937567
1937586
1937592
1937685
1937782
1937856
1938090
1938091
1938152
1938157
1938204
1938389
1938397
1938473
1938618
1938697
1938717
1938781
1938824
1938905
1938980
1939020
1939510
1939521
1939671
1939783
1939854
1940007
1940055
1940331
1940548
1940647
1940871
1941187
1941358
1941385
1941507
1941519
1941530
1941587
1941764
1941773
1941836
1942327
1942448
1942717
1942864
1943216
1943384
1943631
1943669
1944051
1944249
1944416
1944546
1944563
1944722
1944834
1944984
1944996
1945011
1945114
1945148
1945210
1945233
1945246
1945335
1945445
1945556
1945942
1945969
1946115
1946216
1946223
1946416
1946438
1946550
1946580
1946710
1946718
1946844
1947129
1947155
1947271
1947408
1947611
1947638
1947661
1947853
1947862
1948034
1948043
1948105
1948116
1948271
1948281
1948574
1948594
1948760
1948768
1949135
1949145
1949181
1949321
1949338
1949362
1949429
1949807
1950111
1950208
1950378
1950595
1950650
1950679
1950880
1950905
1951070
1951084
1951107
1951128
1951250
1951267
1951275
1951510
1951538
1951888
1951979
1952083
1952096
1952286
1952392
1952427
1952476
1952594
1952644
1952689
1952807
1953202
1953207
1953273
1953441
1953539
1953603
1953785
1953883
1953915
1953998
1954013
1954065
1954072
1954134
1954464
1954583
1954676
1954762
1954817
1954989
1955248
1955414
1955531
1955652
1955669
1955747
1955750
1955770
1955784
1955883
1955894
1955899
1956100
1956159
1956224
1956417
1956494
1956881
1956956
1956990
1957264
1957353
1957357
1957366
1957438
1957506
1957623
1958240
1958310
1958317
1958556
1958589
1958763
1958920
1958998
1959071
1959300
1959394
1959408
1959534
1959591
1959676
1959896
1959921
1959991
1960237
1960284
1960347
1960618
1960764
1960869
1960884
1960972
1961127
1961173
1961345
1961452
1961621
1961721
1961749
1962286
1962288
1962365
1962628
1962727
1962818
1962827
1962946
1963881
1964079
1964112
1964296
1964492
1964539
1964997
1965007
1965176
1965378
1965528
1965619
1965749
1965805
1965873
1965917
1966333
1966357
1966498
1966557
1966619
1966696
1966761
1966882
1967001
1967089
1967144
1967169
1967190
1967275
1967304
1967379
1967608
1967765
1967820
1967847
1967900
1967947
1968002
1968293
1968308
1968552
1968644
1968757
1968789
1968949
1969066
1969255
1969428
1969441
1969461
1969821
1969917
1970333
1970638
1970682
1970776
1970998
1971020
1971216
1971543
1971672
1971717
1971764
1971818
1972108
1972151
1972530
1972661
1972671
1972879
1972940
1973005
1973034
1973174
1973228
1973526
1973685
1973723
1973908
1973923
1974018
1974145
1974226
1974296
1974312
1974323
1974341
1974391
1974446
1974505
1974529
1974720
1974869
1974903
1975389
1975518
1975655
1975721
1975891
1976191
1976242
1977340
1977405
1977561
1977578
1977665
1977790
1977930
1977939
1977995
1978278
1978322
1978415
1978471
1978561
1978679
1978734
1979208
1979427
1979706
1979874
1980018
1980102
1980124
1980173
1980188
1980308
1980745
1980773
1980833
1980851
1981145
1981305
1981498
1981604
1981630
1981766
1981834
1981904
1982115
1982292
1982367
1982540
1982602
1982737
1983503
1983523
1983541
1983603
1983647
1983651
1983658
1984028
1984287
1984323
1984330
1984336
1984351
1984364
1984463
1984553
1984611
1984873
1984924
1985093
1985209
1985241
1985329
1985379
1985460
1985490
1985508
1986034
1986132
1986305
1986389
1986508
1986541
1986591
1986705
1986941
1986987
1987154
1987390
1987496
1987934
1988042
1988073
1988131
1988253
1988352
1988419
1988505
1989331
1989437
1989502
1989716
1989874
1989974
1990092
1990195
1990220
1990274
1990323
1990340
1990518
1990598
1990767
1990779
1990801
1990814
1990898
1991200
1991725
1991733
1991817
1991899
1991969
1992122
1992279
1992333
1992440
1992602
1992762
1992868
1992906
1993040
1993080
1993313
1993966
1994099
1994249
1994259
1994288
1994323
1994332
1994438
1994483
1994509
1994612
1994661
1994721
1994742
1994765
1995167
1995208
1995496
1995636
1995640
1995667
1995950
1995962
1996019
1996042
1996059
1996070
1996276
1996282
1996309
1996318
1996488
1996557
1996613
1996654
1996957
1996964
1996983
1997011
1997207
1997362
1997524
1998018
1998232
1998348
1998703
1998878
1998954
1998997
1999157
1999163
1999282
1999290
1999302
1999323
1999346
1999358
1999406
1999530
1999615
1999689
1999773
1999915
1999986
2000001
2000184
2000204
2000416
2000476
2000595
2000662
2000846
2000919
2001035
2001092
2001145
2001172
2001211
2001298
2001498
2001539
2001673
2001740
2001821
2001865
2001881
2001981
2002269
2002351
2002509
2002688
2002849
2002853
2002906
2003002
2003051
2003204
2003362
2003380
2003436
2003476
2003728
2003822
2003909
2003941
2004055
2004142
2004268
2004724
2004811
2004859
2004895
2005022
2005133
2005236
2005428
2005478
2005593
2005726
2005761
2005864
2005872
2005939
2005974
2006151
2006548
2006611
2006857
2006866
2006897
2006999
2007013
2007111
2007129
2007419
2007493
2007537
2007941
2008078
2008240
2008271
2008348
2008426
2008487
2008543
2008716
2008735
2008804
2008957
2009029
2009044
2009117
2009328
2009386
2009766
2009798
2009844
2009928
2009955
2010033
2010241
2010364
2010460
2010616
2010704
2010718
2010809
2010843
2010866
2010938
2010955
2011069
2011103
2011140
2011385
2011460
2011488
2011501
2011618
2011694
2011780
2011782
2011829
2011892
2012046
2012064
2012150
2012263
2012366
2012504
2012556
2012713
2012768
2013017
2013046
2013050
2013243
2013440
2013511
2013627
2013688
2013740
2013749
2013836
2013921
2014064
2014142
2014153
2014175
2014453
2014835
2015054
2015160
2015215
2015259
2015287
2015397
2015626
2015817
2015835
2016001
2016041
2016084
2016121
2016213
2016366
2016606
2016620
2016670
2016880
2017261
2017400
2017768
2017816
2018177
2018233
2018240
2018255
2018434
2018579
2018642
2019056
2019140
2019508
2019572
2019612
2019686
2019702
2019858
2020164
2020439
2020492
2020589
2021338
2021408
2021458
2021595
2022147
2022630
2022644
2022728
2022971
2023040
2023429
2023472
2023641
2023717
2023816
2023875
2023968
2024320
2024410
2024439
2024555
2024643
2024645
2024863
2024888
2024896
2025058
2025240
2025246
2025262
2025267
2025296
2025308
2025621
2025963
2026139
2026200
2026271
2026297
2026314
2026424
2026925
2026945
2026950
2027012
2027243
2027429
2027763
2027886
2027908
2028030
2028087
2028348
2028453
2028481
2028934
2029306
2029328
2029559
2029686
2029728
2029812
2029930
2030100
2030159
2030356
2030406
2030533
2030601
2030637
2030639
2030693
2031042
2031217
2031297
2031378
2031563
2031590
2031725
2031732
2031762
2032063
2032133
2032311
2032314
2032370
2032389
2032428
2032465
2032482
2032488
2032663
2032765
2032982
2033126
2033205
2033283
2033295
2033377
2033582
2033662
2033697
2033884
2034036
2034118
2034147
2034443
2034629
2034673
2034728
2034856
2034873
2034958
2035189
2035553
2035624
2035947
2035985
2036082
2036147
2036295
2036303
2036402
2036504
2036598
2036616
2036678
2036729
2036811
2036853
2037098
2037161
2037426
2037471
2037652
2037916
2038097
2038218
2038263
2038621
2038626
2038805
2038812
2038815
2039004
2039059
2039182
2039291
2039301
2039338
2039378
2039381
2039555
2039649
2039877
2039885
2040182
2040217
2040314
2040512
2040743
2040818
2040859
2040895
2040916
2040947
2040957
2040984
2041125
2041274
2041455
2041473
2041517
2041522
2041603
2041634
2041641
2041836
2041897
2041923
2041990
2042062
2042070
2042557
2042586
2042587
2042909
2042957
2043493
2043660
2043814
2043933
2043994
2044063
2044255
2044269
2044303
2044358
2044385
2044764
2044990
2045337
2045407
2045725
2045784
2046004
2046148
2046303
2046346
2046415
2046715
2046767
2046873
2046888
2046907
2046978
2047044
2047340
2047436
2047473
2047731
2047888
2048085
2048122
2048268
2048287
2048292
2048294
2048333
2048531
2048571
2048780
2048951
2048971
2049270
2049402
2049427
2049500
2049522
2049584
2049618
2049647
2049804
2049912
2049946
2050009
2050069
2050247
2050387
2050391
2050466
2050605
2050650
2050764
2050830
2050943
2051016
2051260
2051268
2051371
2051503
2051562
2051670
2051736
2051953
2051978
2051989
2052042
2052103
2052182
2052508
2052855
2053297
2053321
2053339
2053536
2053718
2053817
2053906
2053909
2053966
2053999
2054361
2054409
2054471
2054572
2054675
2054706
2054725
2054847
2054970
2055109
2055496
2055571
2055935
2056032
2056103
2056133
2056136
2056434
2056649
2056699
2056820
2056876
2057130
2057240
2057503
2057577
2057601
2057656
2057815
2057891
2057896
2057939
2058069
2058166
2058184
2058207
2058298
2058443
2058521
2058571
2058582
2058841
2058879
2059075
2059099
2059393
2059658
2059676
2059767
2059825
2059866
2059940
2059988
2060040
2060331
2060359
2060567
2060757
2061002
2061180
2061287
2061502
2061620
2061819
2061876
2061949
2062204
2062478
2062512
2062624
2062629
2063053
2063131
2063333
2063494
2063530
2063607
2063803
2063840
2064035
2064072
2064122
2064154
2064352
2064521
2064547
2064788
2064891
2065034
2065180
2065359
2065464
2065506
2065648
2065668
2065807
2065828
2065971
2066008
2066484
2066502
2066797
2066987
2067010
2067045
2067121
2067146
2067219
2067229
2067279
2067336
2067548
2067561
2067630
2067657
2067975
2068022
2068122
2068127
2068414
2068739
2069146
2069194
2069215
2069487
2069527
2069533
2069598
2069605
2069616
2069777
2069832
2070201
2070220
2070329
2070359
2070473
2070543
2070565
2070624
2070869
2070874
2071102
2071306
2071343
2071397
2071534
2071641
2071694
2071725
2071951
2072142
2072222
2072567
2072862
2073168
2073204
2073270
2073302
2073358
2073470
2073555
2073620
2073837
2074137
2074235
2074547
2074550
2074619
2074655
2074817
2074977
2075026
2075192
2075296
2075364
2075416
2075475
2075500
2075647
2075654
2075714
2075781
2075836
2076052
2076212
2076221
2076438
2076479
2076573
2076592
2076595
2076624
2076684
2076734
2076933
2076993
2077280
2077448
2077454
2077487
2077533
2077711
2077712
2077776
2078072
2078134
2078211
2078252
2078337
2078674
2078741
2078753
2078769
2078993
2079043
2079202
2079689
2079717
2079760
2079795
2079805
2080318
2080362
2080568
2080762
2080825
2081032
2081091
2081192
2081308
2081451
2081459
2081617
2081701
2081719
2081735
2081760
2081837
2081877
2081910
2081924
2082133
2082453
2082461
2082547
2082652
2083072
2083195
2083388
2083462
2083466
2083528
2083533
2083548
2083590
2083914
2084042
2084280
2084283
2084355
2084557
2084662
2084820
2085016
2085019
2085339
2085359
2085429
2085471
2085603
2085758
2086241
2086300
2086341
2086409
2086502
2086633
2086673
2086871
2086948
2087208
2087243
2087249
2087279
2087439
2087611
2087641
2087763
2087861
2087913
2087993
2088033
2088104
2088587
2088613
2088656
2088885
2088898
2088910
2088939
2088948
2089028
2089192
2089260
2089312
2089327
2089433
2089473
2089649
2089812
2089820
2090133
2090165
2090258
2090330
2090372
2090719
2090744
2090983
2091172
2091257
2091357
2091365
2091467
2091469
2091612
2091749
2091773
2091949
2092095
2092182
2092216
2092381
2092395
2092410
2092426
2092494
2092826
2092919
2092977
2093022
2093253
2093263
2093310
2093374
2093389
2093432
2093669
2093746
2094253
2094313
2094415
2094505
2094608
2094701
2094704
2094708
2094747
2094854
2094894
2095026
2095033
2095168
2095200
2095263
2095297
2095354
2095657
2095784
2095826
2095866
2096200
2096205
2096230
2096243
2096267
2096322
2096548
2096584
2096608
2096689
2096920
2097056
2097123
2097400
2097452
2097489
2097519
2097550
2097592
2097654
2097657
2097726
2097900
2097910
2098034
2098121
2098212
2098348
2098439
2098503
2098758
2098844
2098931
2098936
2099013
2099155
2099252
2099299
2099511
2099539
2099790
2099793
2099905
2099915
2100020
2100103
2100111
2100166
2100207
2100222
2100254
2100500
2100639
2100657
2100825
2100840
2101452
2101523
2101725
2102045
2102102
2102160
2102250
2102429
2102483
2102520
2102726
2102732
2102762
2102892
2102951
2103027
2103098
2103321
2103385
2103466
2103513
2103529
2103545
2103837
2103972
2104034
2104038
2104061
2104108
2104162
2104544
2104746
2104880
2104908
2104935
2105233
2105570
2105700
2105723
2105964
2105981
2106327
2106406
2106542
2106612
2106729
2106742
2106849
2107205
2107354
2107441
2107457
2107528
2107553
2107674
2107727
2107792
2108008
2108285
2108566
2108813
2108839
2109105
2109142
2109175
2109189
2109270
2109283
2109337
2109340
2109362
2109512
2109772
2109865
2109959
2110010
2110090
2110190
2110216
2110249
2110252
2110612
2110641
2111064
2111129
2111369
2111417
2111441
2111551
2111554
2111636
2112213
2112285
2112286
2112729
2112835
2113038
2113044
2113250
2113261
2113317
2113919
2114123
2114173
2114446
2114481
2114496
2114572
2114639
2114938
2115097
2115141
2115160
2115329
2115373
2115672
2115866
2116385
2116658
2116895
2117093
2117235
2117249
2117509
2117852
2117879
2118245
2118459
2118749
2118752
2118755
2118900
2118920
2118943
2118982
2119202
2119233
2119391
2119409
2119415
2119516
2119788
2119925
2120017
2120107
2120250
2120312
2120374
2120534
2120553
2120616
2120644
2120783
2120902
2121005
2121024
2121055
2121245
2121387
2121396
2121492
2121539
2121599
2121858
2121938
2121984
2122022
2122125
2122161
2122178
2122231
2122257
2122263
2122288
2122343
2122358
2122424
2122437
2122442
2122467
2122502
2122624
2122780
2122887
2122999
2123396
2123534
2123541
2124091
2124094
2124105
2124125
2124170
2124183
2124232
2124277
2124502
2124518
2124733
2124818
2125033
2125064
2125203
2125383
2125530
2125566
2125753
2125806
2125825
2125931
2125969
2126397
2126449
2126580
2126658
2126705
2126900
2126944
2127036
2127113
2127148
2127194
2127276
2127430
2127883
2127994
2128224
2128271
2128306
2128465
2128487
2128682
2128693
2128699
2128790
2128925
2129027
2129400
2129671
2129700
2129897
2130237
2130253
2131131
2131366
2131382
2131485
2132378
2132480
2132487
2132507
2132662
2132746
2132791
2133377
2133401
2133770
2133944
2133973
2134136
2134153
2134280
2134605
2134617
2135089
2135214
2135251
2135442
2135525
2135650
2135731
2135983
2135991
2136047
2136482
2136561
2136626
2136747
2136784
2137201
2137216
2137396
2137400
2137486
2137506
2137751
2138154
2138327
2138461
2138473
2138491
2138776
2138971
2139001
2139072
2139083
2139143
2139187
2139199
2139418
2139496
2139553
2139592
2139617
2139653
2139824
2139896
2140182
2140239
2140390
2140431
2140501
2140543
2140742
2140906
2140991
2141022
2141230
2141388
2141641
2141743
2141763
2141973
2142423
2142580
2142788
2142891
2142979
2143010
2143229
2143232
2143409
2143502
2143517
2143737
2143998
2144071
2144614
2144797
2144964
2145314
2145469
2145516
2145541
2145585
2145679
2145786
2145982
2146165
2146172
2146233
2146360
2146492
2146652
2146672
2146843
2147002
2147232
2147254
2147288
2147336
2147362
2147499
2147772
2147977
2148024
2148223
2148379
2148467
2148570
2148685
2148775
2148996
2149203
2149208
2149327
2149468
2149505
2149512
2149917
2149954
2149957
2150052
2150324
2150568
2150583
2150639
2150738
2150928
2151411
2151637
2151782
2152037
2152043
2152048
2152098
2152233
2152426
2152554
2152592
2152681
2152809
2152949
2153117
2153161
2153332
2153333
2153395
2153662
2153800
2153950
2153955
2153966
2154251
2154608
2154656
2154852
2154905
2155007
2155170
2155200
2155292
2155483
2155835
2155887
2155976
2156062
2156461
2156523
2156530
2156773
2156808
2156939
2156954
2157121
2157129
2157183
2157996
2157998
2158104
2158115
2158190
2158537
2158671
2158798
2158818
2159026
2159145
2159442
2159478
2159634
2159645
2159808
2159841
2159899
2159979
2160088
2160097
2160193
2160396
2160519
2160609
2160778
2160926
2161220
2161241
2161427
2161450
2161460
2161464
2161489
2161517
2161617
2161746
2161831
2162094
2162155
2162158
2162234
2162785
2162981
2163038
2163049
2163630
2163648
2163712
2163774
2163873
2163897
2164171
2164211
2164251
2164308
2164434
2164539
2164587
2164666
2164701
2164797
2164975
2165064
2165104
2165284
2165423
2165523
2165565
2165716
2165771
2166063
2166081
2166170
2166219
2166371
2166417
2166948
2166989
2167042
2167218
2167472
2167551
2167622
2167804
2167917
2167947
2168020
2168053
2168141
2168179
2168206
2168307
2168366
2168529
2168547
2168598
2168979
2169170
2169292
2169581
2169599
2169818
2170062
2170142
2170175
2170381
2170384
2170517
2170524
2170589
2170679
2170830
2170872
2170983
2171309
2171431
2171552
2171726
2171885
2171889
2171911
2172026
2172240
2172458
2172557
2172620
2173106
2173257
2173421
2173450
2173453
2173469
2173510
2173517
2173582
2173667
2173993
2173995
2174017
2174073
2174079
2174122
2174232
2174256
2174333
2174386
2174829
2174866
2174882
2175171
2175195
2175936
2176104
2176340
2176467
2176587
2176603
2177025
2177082
2177147
2177296
2177358
2177367
2177426
2177477
2177639
2177708
2178004
2178084
2178087
2178160
2178281
2178388
2178735
2178789
2179005
2179036
2179335
2179441
2179552
2179751
2179765
2179821
2179867
2179965
2180043
2180255
2180303
2180496
2180613
2180749
2180791
2180915
2180947
2181593
2181616
2181844
2181963
2182053
2182087
2182118
2182122
2182412
2182509
2182770
2182931
2183025
2183088
2183102
2183301
2183564
2183768
2183776
2184186
2184315
2184358
2184494
2185126
2185248
2185320
2185472
2185585
2185606
2185648
2185869
2185932
2186008
2186038
2186164
2186364
2186446
2186479
2186496
2186559
2186568
2186588
2186837
2186840
2186989
2187142
2187301
2187461
2187493
2187732
2187866
2187907
2187957
2187989
2188298
2188362
2188662
2188945
2189212
2189618
2189643
2189992
2189996
2190266
2190399
2190426
2190704
2190749
2190823
2190847
2190923
2191125
2191232
2191399
2191482
2191501
2191682
2191690
2191761
2191852
2191910
2191951
2191975
2192000
2192046
2192603
2192619
2192844
2192866
2192956
2193025
2193114
2193124
2193572
2193665
2193962
2194068
2194091
2194149
2194151
2194408
2194435
2194522
2194674
2194723
2194816
2194848
2195069
2195259
2195299
2195350
2195391
2195684
2195687
2195986
2196165
2196172
2196455
2196661
2197036
2197195
2197500
2197515
2197570
2197576
2197859
2198017
2198134
2198165
2198239
2198351
2198410
2198986
2199019
2199285
2199494
2199508
2199694
2199789
2199890
2200017
2200033
2200068
2200216
2200261
2200354
2200414
2200489
2200516
2200583
2200606
2200841
2200925
2201012
2201120
2201176
2201223
2201262
2201382
2201406
2201519
2201526
2201563
2201711
2201805
2202323
2202575
2202741
2202757
2202787
2202916
2202932
2202977
2203092
2203417
2203437
2203489
2203714
2203718
2203726
2203878
2203985
2204036
2204231
2204248
2204981
2205039
2205089
2205168
2205207
2205273
2205324
2205344
2205412
2205442
2205531
2205640
2205787
2205889
2205899
2205943
2206008
2206166
2206230
2206239
2206506
2206516
2206568
2206590
2206988
2207074
2207123
2207191
2207344
2207617
2207675
2207910
2207968
2208132
2208176
2208183
2208304
2208330
2208371
2208428
2208754
2208859
2208958
2208969
2208977
2208979
2209086
2209091
2209178
2209337
2209522
2209608
2209623
2209627
2209677
2209724
2209799
2210002
2210420
2210434
2210542
2210559
2210975
2210994
2211111
2211143
2211186
2211200
2211304
2211396
2211579
2211796
2211836
2211875
2211956
2212038
2212143
2212162
2212177
2212197
2212273
2212277
2212348
2212505
2212724
2212911
2213025
2213087
2213184
2213211
2213414
2213424
2213521
2213556
2213626
2213700
2213714
2213736
2213812
2213858
2213906
2214079
2214182
2214585
2214615
2214652
2214821
2214995
2215094
2215338
2215387
2215470
2215568
2215808
2215830
2215866
2215985
2216436
2216518
2216608
2216714
2216723
2216765
2217055
2217258
2217426
2217595
2217880
2217900
2217937
2217983
2218014
2218087
2218088
2218156
2218180
2218467
2218504
2218550
2218552
2218603
2218801
2218998
2219017
2219073
2219207
2219306
2219493
2219572
2219606
2219685
2219733
2219930
2220256
2220450
2220574
2221019
2221024
2221250
2221655
2221801
2221828
2221945
2221987
2222208
2222281
2222334
2222805
2222814
2222855
2223262
2223365
2223381
2223424
2223650
2223671
2223823
2223914
2223923
2224207
2224248
2224377
2224392
2224740
2225189
2225540
2225781
2225915
2225919
2226215
2226347
2226376
2226394
2226702
2226876
2227074
2227145
2227537
2227662
2227764
2227803
2227825
2227863
2227957
2228209
2228282
2228509
2228520
2228582
2228585
2228748
2228844
2229116
2229364
2229439
2229606
2229730
2229843
2229860
2230223
2230537
2230731
2230732
2230804
2230830
2231250
2231311
2231340
2231356
2231497
2231643
2231658
2231737
2231870
2231916
2232013
2232019
2232039
2232125
2232568
2232791
2232835
2233077
2233113
2233217
2233411
2233439
2233491
2233626
2233710
2233841
2233848
2233863
2234183
2234766
2234797
2234889
2234916
2235129
2235243
2235280
2235330
2235380
2235613
2235731
2235817
2235964
2236177
2236262
2236435
2236477
2236546
2236583
2236945
2237067
2237075
2237087
2237400
2237608
2237915
2238002
2238210
2238639
2238682
2238698
2238743
2238905
2238924
2238998
2239163
2239235
2239346
2239567
2239670
2239959
2240001
2240083
2240122
2240306
2240682
2240892
2240911
2240925
2240997
2241103
2241438
2241569
2241675
2241717
2241938
2242092
2242628
2242682
2242690
2242710
2243119
2243209
2243415
2243655
2244026
2244127
2244572
2244796
2244931
2245120
2245273
2245341
2245560
2245747
2245851
2245863
2246028
2246091
2246246
2246262
2246497
2246535
2247113
2247242
2247357
2247416
2247702
2247883
2247947
2248000
2248355
2248395
2248410
2248647
2248731
2248834
2248990
2249007
2249037
2249236
2249253
2249384
2249831
2249983
2250148
2250308
2250489
2250643
2250690
2250815
2250892
2251021
2251146
2251499
2251614
2251909
2252130
2252184
2252352
2252381
2252438
2252461
2253121
2253128
2253402
2253406
2253483
2253505
2253610
2253719
2254199
2254341
2254458
2254551
2254567
2254863
2254884
2255146
2255181
2255212
2255271
2255446
2255850
2256072
2256075
2256410
2256555
2256637
2257033
2257348
2257424
2257487
2257539
2257637
2257730
2257828
2257938
2258008
2258369
2258404
2258480
2258684
2258690
2258777
2258791
2258805
2258831
2258948
2259114
2259315
2259478
2259482
2259546
2259552
2259599
2259735
2259949
2260261
2260329
2260385
2260658
2260949
2260964
2260991
2261034
2261063
2261085
2261407
2261560
2261580
2261636
2261847
2262006
2262070
2262325
2262345
2262543
2262606
2262698
2263323
2263412
2263604
2263741
2263770
2263840
2263976
2263997
2264014
2264415
2264446
2264604
2264669
2264948
2264965
2265002
2265230
2265438
2265469
2265632
2265700
2266165
2266175
2266208
2266386
2266741
2266872
2267294
2267584
2267795
2267828
2268245
2268246
2268302
2268441
2268464
2268625
2268638
2268642
2268672
2268758
2268771
2268867
2268936
2268939
2268997
2269007
2269197
2269218
2269290
2269491
2269656
2269954
2269997
2270069
2270296
2270314
2270628
2270718
2270719
2270773
2271021
2271337
2271384
2271753
2271805
2271839
2271911
2272363
2272540
2272605
2272863
2273034
2273304
2273522
2273691
2273842
2274712
2274721
2274892
2275026
2275070
2275167
2275276
2275627
2275697
2275713
2275753
2275898
2275947
2275968
2276099
2276278
2276457
2276485
2276527
2276621
2276626
2276705
2276719
2277003
2277014
2277225
2277664
2277822
2277938
2278240
2278936
2279057
2279441
2279539
2279606
2279692
2280078
2280202
2280218
2280292
2280363
2280395
2280545
2281227
2281285
2281349
2281811
2281927
2282118
2282132
2282183
2282187
2282343
2282412
2282610
2282904
2282956
2282999
2283016
2283051
2283090
2283165
2283198
2283226
2283252
2283258
2283439
2283469
2283509
2283794
2284396
2284616
2284686
2284743
2284886
2285070
2285235
2285237
2285354
2285423
2285425
2285468
2286006
2286165
2286336
2286360
2286408
2286411
2286447
2286520
2286604
2286858
2286860
2286870
2286873
2286887
2287378
2287595
2287689
2287946
2288007
2288066
2288098
2288181
2288232
2288315
2288447
2288491
2288598
2288666
2288934
2288982
2289023
2289105
2289275
2289279
2289439
2289646
2289697
2289701
2289815
2289882
2289934
2289984
2290144
2290189
2290658
2290711
2290825
2290911
2291014
2291061
2291125
2291140
2291393
2291597
2291632
2291638
2291731
2291788
2291796
2291861
2291917
2292039
2292134
2292147
2292148
2292191
2292207
2292318
2292335
2292340
2292350
2292370
2292377
2292382
2292471
2292508
2292664
2292729
2292892
2292916
2292942
2292992
2293024
2293080
2293166
2293209
2293288
2293292
2293303
2293311
2293369
2293397
2293419
2293505
2293529
2293551
2293566
2293580
2293612
2293779
2293946
2293999
2294019
2294026
2294151
2294179
2294191
2294254
2294292
2294318
2294482
2294558
2294601
2294606
2294639
2294701
2294717
2294762
2294805
2294820
2295102
2295121
2295161
2295245
2295334
2295360
2295378
2295425
2295491
2295510
2295526
2295539
2295541
2295594
2295618
2295709
2295830
2295854
2295973
2296122
2296262
2296281
2296287
2296346
2296360
2296394
2296418
2296492
2296617
2296728
2296916
2296969
2297077
2297092
2297131
2297145
2297191
2297229
2297305
2297382
2297447
2297503
2297560
2297638
2297651
2297716
2297731
2297741
2297832
2297924
2297942
2297958
2297982
2298033
2298090
2298101
2298200
2298231
2298267
2298372
2298476
2298612
2298619
2298739
2298760
2298824
2298851
2298869
2298995
2299009
2299047
2299144
2299211
2299271
2299302
2299369
2299458
2299511
2299565
2299703
2299768
2299774
2299795
2299842
2300013
2300020
2300032
2300111
2300213
2300218
2300342
2300414
2300437
2300441
2300477
2300487
2300498
2300502
2300599
2300659
2300776
2300791
2300808
2300930
2300984
2301055
2301056
2301065
2301143
2301182
2301214
2301271
2301335
2301395
2301434
2301446
2301464
2301509
2301542
2301546
2301552
2301607
2301666
2301683
2301715
2301759
2301774
2301785
2301844
2301851
2301886
2302034
2302050
2302220
2302252
2302317
2302439
2302527
2302604
2302826
2302964
2302968
2302982
2303089
2303129
2303207
2303288
2303384
2303394
2303409
2303450
2303533
2303548
2303636
2303793
2303886
2303982
2304093
2304154
2304223
2304284
2304366
2304371
2304411
2304619
2304634
2304705
2304740
2304769
2304795
2304796
2304930
2304946
2305065
2305117
2305166
2305221
2305257
2305278
2305577
2305623
2305662
2305664
2305686
2305741
2305810
2305832
2305919
2306039
2306266
2306272
2306312
2306380
2306456
2306500
2306552
2306651
2306730
2306745
2306792
2306868
2306965
2307047
2307208
2307238
2307281
2307480
2307493
2307598
2307647
2307664
2307681
2307708
2307795
2307818
2307840
2307868
2307904
2307948
2308060
2308223
2308323
2308338
2308354
2308357
2308410
2308487
2308589
2308638
2308660
2308743
2308918
2309058
2309103
2309153
2309213
2309449
2309463
2309478
2309520
2309624
2309639
2309756
2309768
2309794
2309830
2309846
2309998
2310220
2310227
2310275
2310325
2310352
2310453
2310458
2310473
2310604
2310740
2310747
2310861
2311027
2311046
2311064
2311074
2311271
2311300
2311385
2311455
2311552
2311558
2311626
2311691
2311718
2311755
2311841
2312011
2312055
2312126
2312144
2312410
2312415
2312489
2312568
2312601
2312772
2312915
2312924
2312937
2312975
2313252
2313307
2313393
2313469
2313621
2313749
2313901
2313934
2314056
2314101
2314108
2314126
2314158
2314257
2314282
2314398
2314487
2314574
2314605
2314647
2314650
2314776
2314783
2314821
2314878
2314885
2314986
2314997
2315037
2315070
2315135
2315162
2315260
2315447
2315561
2315575
2315695
2315761
2315794
2315817
2315880
2315953
2315963
2316101
2316274
2316289
2316391
2316438
2316552
2316611
2316630
2316633
2316669
2316893
2316971
2317045
2317066
2317082
2317142
2317283
2317326
2317537
2317627
2317673
2317875
2318110
2318194
2318197
2318315
2318319
2318347
2318399
2318495
2318844
2318870
2318921
2319037
2319098
2319137
2319187
2319209
2319220
2319241
2319294
2319571
2319693
2319802
2319897
2319952
2320067
2320090
2320150
2320250
2320276
2320507
2320695
2320774
2320793
2320853
2320897
2321248
2321266
2321344
2321401
2321464
2321535
2321566
2321616
2321739
2321787
2321795
2321891
2321917
2321986
2322073
2322118
2322171
2322189
2322225
2322238
2322363
2322428
2322438
2322462
2322534
2322536
2322626
2322629
2322648
2322722
2322746
2322823
2322884
2322898
2322974
2322997
2323025
2323089
2323237
2323300
2323414
2323430
2323651
2323665
2323671
2323886
2324053
2324193
2324257
2324278
2324296
2324369
2324412
2324436
2324615
2324650
2324690
2324694
2324700
2324702
2324943
2325119
2325169
2325296
2325358
2325393
2325449
2325474
2325751
2325781
2325839
2325938
2326016
2326031
2326044
2326368
2326385
2326457
2326603
2326613
2326713
2326877
2326927
2326934
2326946
2327066
2327265
2327295
2327406
2327417
2327421
2327441
2327486
2327500
2327503
2327626
2327627
2327673
2327684
2327729
2327828
2327838
2327859
2327895
2327912
2327930
2327934
2327971
2328087
2328117
2328142
2328216
2328323
2328336
2328366
2328467
2328574
2328605
2328691
2328702
2328837
2328992
2328994
2329013
2329026
2329098
2329159
2329170
2329177
2329208
2329441
2329458
2329473
2329479
2329496
2329569
2329579
2329653
2329666
2329770
2329779
2329808
2329859
2329915
2329918
2329957
2329987
2330152
2330227
2330280
2330302
2330371
2330388
2330392
2330402
2330609
2330643
2330728
2330778
2330809
2330852
2330933
2330950
2330994
2331049
2331053
2331152
2331194
2331267
2331331
2331412
2331423
2331450
2331480
2331486
2331567
2331589
2331599
2331730
2331742
2331760
2331800
2331808
2331864
2331901
2331950
2331955
2332021
2332076
2332268
2332297
2332307
2332359
2332463
2332517
2332543
2332641
2332719
2332785
2332852
2332861
2332864
2332913
2333028
2333044
2333160
2333281
2333365
2333387
2333428
2333484
2333491
2333499
2333514
2333730
2333743
2333820
2333849
2333890
2333979
2334083
2334141
2334303
2334339
2334397
2334448
2334470
2334536
2334538
2334572
2334792
2334950
2335055
2335157
2335181
2335203
2335416
2335555
2335655
2335685
2335969
2336017
2336064
2336188
2336209
2336232
2336332
2336410
2336439
2336447
2336500
2336555
2336583
2336636
2336677
2336738
2336864
2336895
2337054
2337378
2337603
2337619
2337657
2337700
2337799
2337924
2337942
2338103
2338227
2338255
2338309
2338457
2338478
2338726
2338730
2338804
2338878
2339206
2339313
2339450
2339550
2339565
2339567
2339659
2339747
2339753
2339794
2339808
2339937
2340097
2340123
2340176
2340274
2340297
2340328
2340339
2340373
2340428
2340438
2340479
2340602
2340720
2340781
2340961
2340979
2341009
2341133
2341297
2341494
2341521
2341590
2341591
2341829
2341904
2341989
2342103
2342119
2342193
2342260
2342281
2342323
2342372
2342532
2342572
2342703
2342835
2342867
2342898
2342961
2342963
2342976
2343180
2343269
2343293
2343384
2343398
2343461
2343734
2343753
2343873
2343931
2344010
2344116
2344126
2344508
2344591
2344600
2344650
2344693
2344709
2344749
2344874
2344931
2344959
2345244
2345480
2345505
2345556
2345606
2345635
2345710
2345780
2345828
2345903
2345943
2346008
2346113
2346155
2346462
2346523
2346581
2346591
2346824
2346845
2346884
2346996
2347122
2347145
2347157
2347242
2347306
2347326
2347388
2347425
2347459
2347709
2347718
2347763
2347925
2348187
2348193
2348197
2348292
2348424
2348501
2348722
2348746
2348950
2348983
2348995
2349011
2349023
2349184
2349275
2349331
2349371
2349378
2349437
2349441
2349765
2349807
2350053
2350210
2350266
2350431
2350907
2351013
2351108
2351116
2351164
2351255
2351310
2351346
2351444
2351464
2351659
2351770
2351844
2351848
2351873
2351950
2352068
2352130
2352238
2352320
2352386
2352538
2352560
2352637
2352705
2352718
2352788
2352971
2353065
2353073
2353331
2353581
2353608
2353630
2353798
2353877
2353882
2353899
2353952
2353978
2354065
2354154
2354161
2354241
2354302
2354362
2354481
2354546
2354622
2354680
2354787
2355042
2355164
2355247
2355341
2355452
2355489
2355493
2355529
2355746
2355797
2356057
2356133
2356177
2356180
2356279
2356344
2356359
2356487
2356506
2356551
2356632
2356829
2356865
2356902
2357084
2357124
2357381
2357420
2357434
2357582
2357618
2357627
2357694
2357753
2357790
2357829
2357869
2357870
2358082
2358131
2358184
2358201
2358284
2358353
2358367
2358428
2358499
2358533
2358655
2358706
2358729
2358813
2359028
2359261
2359289
2359341
2359356
2359384
2359443
2359502
2360474
2360480
2360547
2360576
2360587
2360589
2360685
2360717
2360938
2360957
2361086
2361279
2361336
2361394
2361453
2361475
2361504
2361537
2361546
2361560
2361578
2361823
2361856
2361940
2362015
2362049
2362087
2362164
2362176
2362224
2362514
2362689
2362763
2362791
2362841
2362870
2363003
2363148
2363247
2363418
2363435
2363473
2363482
2363552
2363605
2363621
2363784
2363819
2363827
2363832
2363949
2363996
2364103
2364131
2364133
2364242
2364369
2364421
2364436
2364449
2364521
2364562
2364569
2364582
2364664
2364699
2365027
2365046
2365098
2365104
2365289
2365337
2365352
2365358
2365552
2365556
2365868
2366071
2366101
2366220
2366267
2366315
2366352
2366585
2366719
2366735
2366930
2366937
2367131
2367157
2367175
2367267
2367354
2367374
2367580
2367609
2367709
2367767
2367831
2367918
2368117
2368223
2368230
2368275
2368311
2368402
2368405
2368442
2368479
2368501
2368549
2368653
2368656
2368711
2368970
2368992
2369120
2369717
2369807
2369822
2370035
2370166
2370203
2370232
2370345
2370636
2370664
2370790
2370805
2371073
2371533
2371588
2371754
2371833
2371990
2372257
2372274
2372408
2372511
2372729
2372759
2372825
2372842
2373180
2373181
2373222
2373574
2373626
2373816
2373830
2374178
2374447
2374728
2374912
2374941
2375004
2375203
2375255
2375276
2375418
2375692
2375904
2375921
2375954
2376021
2376103
2376131
2376339
2376593
2376827
2376847
2376926
2376972
2377322
2377324
2377393
2377485
2377592
2377631
2377655
2377712
2377771
2377930
2377984
2377991
2378030
2378051
2378124
2378134
2378294
2378338
2378495
2378733
2378790
2378839
2379019
2379216
2379525
2379712
2379720
2379808
2379923
2379950
2379971
2380150
2380155
2380646
2380815
2381093
2381201
2381206
2381238
2381243
2381250
2381261
2381355
2381382
2381580
2381582
2381774
2381785
2381794
2381830
2381831
2381949
2382040
2382126
2382533
2382566
2382698
2382728
2382940
2383117
2383248
2383518
2383540
2383629
2383658
2383682
2383835
2383883
2383912
2384093
2384265
2384517
2384522
2384530
2384655
2384739
2384837
2384879
2384938
2385182
2385213
2385427
2385516
2385563
2385627
2385670
2385708
2385807
2385887
2385900
2385957
2385996
2386006
2386071
2386176
2386430
2386501
2386556
2386577
2386855
2387150
2387168
2387245
2387247
2387329
2387398
2387404
2387490
2387752
2387780
2387832
2387883
2387905
2388118
2388295
2388425
2388602
2388645
2388847
2388994
2389219
2389249
2389289
2389457
2389502
2389643
2390253
2390417
2390575
2390820
2391225
2391383
2391523
2391798
2391941
2392064
2392260
2392367
2392405
2392472
2392607
2392741
2392884
2393080
2393187
2393282
2393612
2393837
2393866
2393977
2394144
2394395
2394502
2394792
2394816
2394904
2395164
2395205
2395292
2395337
2395353
2395359
2395399
2395540
2395733
2396475
2397049
2397059
2397226
2397385
2397444
2397699
2397756
2397786
2397851
2398220
2398331
2398471
2399049
2399059
2399147
2399183
2399245
2399279
2399397
2399625
2399666
2400134
2400189
2400295
2400378
2400386
2400626
2400657
2400660
2400798
2400868
2400999
2401153
2401170
2401259
2401314
2401327
2401557
2401694
2401917
2402091
2402226
2402281
2402414
2402526
2402590
2402664
2402724
2402761
2402790
2402857
2402952
2403005
2403057
2403315
2403376
2403638
2403771
2404044
2404055
2404143
2404695
2404705
2404857
2404870
2405085
2405162
2405360
2405415
2405512
2405520
2405592
2405860
2405953
2405976
2406073
2406285
2406396
2406507
2406544
2406886
2407149
2407213
2407268
2407270
2407484
2407522
2407771
2407786
2408114
2408359
2408364
2408582
2408613
2408842
2408964
2409001
2409189
2409242
2409306
2409430
2409448
2409655
2409726
2409856
2409966
2410024
2410040
2410395
2410533
2410559
2410561
2410649
2410746
2411045
2411122
2411196
2411217
2411307
2411374
2411397
2411507
2411519
2411650
2411701
2412289
2412502
2412574
2412595
2412679
2412686
2412761
2413107
2413111
2413565
2413831
2413841
2413886
2413996
2414031
2414400
2414699
2414703
2415027
2415284
2415353
2415460
2415469
2415612
2415647
2415761
2415861
2415916
2415917
2416051
2416236
2416237
2416403
2416440
2416555
2417219
2417274
2417279
2417582
2417631
2417688
2417904
2417933
2417981
2418001
2418012
2418048
2418111
2418182
2418211
2418452
2418532
2418559
2418635
2418715
2418838
2419067
2419120
2419131
2419200
2419342
2419753
2419802
2420098
2420364
2420384
2420562
2420625
2420707
2421020
2421122
2421171
2421276
2421329
2421352
2421383
2421414
2421517
2421623
2421635
2421740
2421762
2421850
2422067
2422244
2422324
2422543
2422558
2422751
2422771
2422787
2423185
2423223
2423762
2423862
2423944
2423998
2424206
2424304
2424330
2424498
2424614
2424732
2424805
2424876
2424985
2425451
2425794
2425838
2425912
2426036
2426042
2426076
2426126
2426317
2426398
2426652
2426678
2426694
2426876
2426955
2427014
2427098
2427226
2427420
2427446
2427556
2427704
2428077
2428114
2428176
2428189
2428232
2428234
2428414
2428589
2428624
2428703
2428892
2428987
2429203
2429240
2429274
2429355
2429517
2429570
2429775
2429792
2429810
2429991
2430130
2430230
2430414
2430569
2430741
2430784
2430874
2430899
2430916
2430977
2431005
2431078
2431094
2431128
2431369
2431473
2431598
2431855
2431942
2432008
2432091
2432151
2432315
2432332
2432464
2432665
2433025
2433335
2433627
2433735
2433757
2433761
2433767
2433858
2434226
2434504
2434518
2434559
2434584
2434799
2434975
2435016
2435235
2435486
2435763
2435866
2436004
2436476
2436655
2437047
2437203
2437470
2437474
2437490
2437649
2437810
2437843
2437851
2437986
2438055
2438070
2438130
2438136
2438168
2438393
2438505
2438769
2438868
2438956
2439041
2439237
2439292
2439374
2439437
2439594
2439841
2439943
2440282
2440670
2440704
2440765
2440808
2440839
2440932
2441098
2441385
2441656
2441685
2441740
2441980
2442037
2442181
2442219
2442299
2442390
2442452
2442625
2442727
2442767
2442885
2443139
2443304
2443547
2443594
2443636
2443859
2444003
2444114
2444440
2444448
2445194
2445244
2445479
2445493
2445541
2445642
2445832
2445894
2445921
2445927
2445963
2446036
2446227
2446230
2446355
2446451
2446574
2446578
2447017
2447026
2447078
2447261
2447446
2447553
2447564
2447761
2447788
2447916
2447927
2448064
2448067
2448076
2448113
2448119
2448149
2448269
2448280
2448842
2449085
2449152
2449352
2449454
2449585
2449653
2449989
2450135
2450220
2450289
2450502
2450542
2450734
2450893
2451056
2451113
2451150
2451470
2451519
2451585
2451675
2451701
2452021
2452055
2452248
2452343
2452430
2452546
2452647
2452856
2452894
2453207
2453369
2453501
2453601
2453772
2453814
2453886
2453902
2454131
2454270
2454327
2454470
2454530
2454535
2454776
2454803
2454812
2454942
2454997
2455006
2455095
2455318
2455329
2455416
2455453
2455492
2455651
2455734
2455893
2456025
2456053
2456209
2456437
2456480
2456573
2456837
2456950
2457046
2457067
2457387
2457410
2457554
2457645
2457669
2457680
2457761
2457999
2458339
2458611
2458744
2458802
2458837
2458858
2458961
2459260
2459408
2459577
2460046
2460090
2460114
2460250
2460295
2460305
2460331
2460367
2460453
2460470
2460601
2460609
2460759
2460774
2460792
2460942
2460995
2461008
2461026
2461064
2461084
2461266
2461301
2461330
2461538
2461546
2461560
2461567
2461575
2461598
2461880
2461948
2462074
2462103
2462833
2462952
2463005
2463025
2463152
2463252
2463389
2463550
2463552
2463689
2463694
2463771
2464263
2464288
2464676
2464703
2464841
2465062
2465188
2465216
2465436
2465482
2465495
2465512
2465539
2465588
2465732
2465962
2466067
2466203
2466235
2466321
2466362
2466511
2466527
2466600
2466631
2466738
2466779
2466836
2466868
2466924
2466953
2467051
2467063
2467206
2467226
2467265
2467458
2467696
2467790
2468098
2468272
2468480
2468531
2468615
2468741
2468849
2468920
2469183
2469466
2469548
2469578
2469624
2469859
2470007
2470010
2470182
2470244
2470342
2470477
2470703
2470757
2470789
2470850
2470911
2470959
2471317
2471360
2471521
2471670
2471695
2471837
2472112
2472154
2472529
2472737
2473079
2473136
2473234
2473323
2473406
2473633
2473901
2474067
2474072
2474074
2474186
2474193
2474235
2474310
2474369
2474442
2474814
2474869
2474909
2475057
2475134
2475367
2475504
2475598
2475697
2475719
2476094
2476356
2476465
2476509
2476626
2476751
2476843
2476866
2477044
2477291
2477335
2477366
2477550
2477565
2477962
2478089
2478197
2478333
2478356
2478963
2478969
2478984
2479187
2479296
2479552
2479724
2479931
2480016
2480479
2480525
2480705
2480772
2481022
2481069
2481083
2481422
2481960
2482007
2482107
2482147
2482152
2482224
2482263
2482390
2482776
2482804
2482825
2482916
2483018
2483025
2483240
2483253
2483405
2483724
2483787
2483856
2484023
2484600
2484685
2484721
2485311
2485364
2485466
2485713
2485834
2485961
2486027
2486053
2486369
2486452
2486556
2486810
2486902
2486981
2487037
2487061
2487306
2487364
2487508
2487519
2487564
2487616
2487772
2488046
2488054
2488708
2488859
2488899
2488994
2489062
2489252
2489286
2489391
2489439
2489517
2489524
2489747
2489805
2489836
2489866
2489902
2490098
2490391
2490566
2490702
2490921
2490962
2491004
2491032
2491072
2491108
2491415
2491507
2491597
2491702
2491928
2492031
2492078
2492461
2492631
2492823
2493125
2493191
2493323
2493457
2493546
2493623
2493733
2493843
2494026
2494537
2494621
2494885
2494919
2495144
2495165
2495330
2495345
2495740
2495860
2495880
2496025
2496038
2496052
2496073
2496181
2496260
2496423
2496679
2496842
2497021
2497132
2497208
2497244
2497367
2497370
2497453
2497571
2497590
2497610
2497642
2497877
2498253
2498306
2498323
2498329
2498380
2498461
2498945
2499439
2499631
2499696
2499725
2500087
2500311
2500478
2500553
2500663
2500671
2500685
2500702
2500819
2500841
2500850
2500916
2500941
2501241
2501283
2501439
2501463
2501501
2501583
2501808
2501813
2501842
2502398
2502445
2502527
2502542
2502568
2502657
2502934
2502981
2503128
2503378
2503435
2503439
2503487
2503560
2503654
2503886
2503988
2504062
2504158
2504187
2504301
2504317
2504404
2504476
2504490
2504585
2504608
2504748
2504795
2504805
2505228
2505257
2505277
2505298
2505613
2505794
2505815
2505969
2506015
2506017
2506196
2506255
2506279
2506565
2506610
2506618
2506819
2506905
2507231
2507277
2507402
2507688
2507734
2507841
2508009
2508135
2508294
2508395
2508441
2508589
2509043
2509124
2509285
2509450
2509695
2509755
2509807
2510012
2510073
2510717
2510790
2510954
2511007
2511103
2511167
2511244
2511271
2511425
2511558
2511636
2511844
2512050
2512343
2512538
2512627
2512843
2512877
2512912
2513908
2513917
2514047
2514072
2514086
2514094
2514197
2514312
2514656
2514703
2514792
2514918
2514952
2515045
2515178
2515223
2515273
2515322
2515377
2515407
2515526
2515540
2515583
2515593
2515929
2515970
2515984
2516071
2516082
2516254
2516311
2516343
2516594
2516662
2516716
2516889
2517092
2517181
2517265
2517371
2517511
2517526
2517768
2517941
2518213
2518419
2518593
2518613
2519035
2519088
2519119
2519173
2519281
2519374
2519439
2519463
2519485
2519569
2519948
2520242
2520306
2520540
2520643
2520694
2521135
2521524
2521874
2521914
2521939
2521965
2522180
2522206
2522276
2522346
2522365
2522414
2522552
2522575
2522619
2522665
2522760
2522925
2522974
2522978
2523258
2523362
2523471
2524007
2524077
2524133
2524451
2524491
2524627
2524782
2524957
2525004
2525020
2525057
2525244
2525269
2525283
2525469
2525681
2525761
2525832
2525915
2525984
2526094
2526104
2526282
2526430
2526785
2527148
2527497
2527634
2527642
2527849
2527853
2528296
2528348
2528487
2528580
2529016
2529154
2529289
2529450
2529582
2529932
2529974
2530013
2530127
2530160
2530220
2530569
2530602
2530851
2530907
2531251
2531609
2531983
2532130
2532244
2532336
2532633
2532639
2532674
2532803
2532818
2532871
2532973
2533356
2533418
2533787
2533922
2534047
2534209
2534366
2534510
2534511
2534542
2534596
2534659
2534688
2534765
2534938
2535021
2535308
2535479
2535495
2535580
2535582
2535903
2535945
2536041
2536125
2536257
2536294
2536365
2536380
2536445
2536455
2536520
2536883
2536978
2537046
2537114
2537317
2537482
2537589
2537716
2537984
2538000
2538013
2538040
2538082
2538123
2538265
2538281
2538449
2538466
2538666
2538871
2538917
2538964
2539030
2539034
2539046
2539054
2539169
2539425
2539808
2539871
2539937
2540283
2540467
2540536
2540620
2540638
2540731
2540788
2541254
2541346
2541661
2541981
2542256
2542327
2542435
2542796
2542935
2542978
2542987
2543102
2543271
2543539
2543698
2543705
2543919
2544036
2544350
2544359
2544618
2544704
2544750
2544947
2545163
2545365
2545406
2545564
2545627
2545742
2546307
2546346
2546371
2546554
2546601
2546652
2546762
2546785
2546865
2547075
2547106
2547207
2547482
2547598
2548241
2548560
2548856
2549209
2549397
2549460
2549572
2549771
2549865
2549953
2549979
2550308
2550593
2550769
2550943
2551086
2551176
2551585
2551683
2552047
2552125
2552128
2552202
2552389
2552431
2552481
2552567
2552570
2552601
2552680
2552913
2553027
2553167
2553201
2553261
2553309
2553362
2553495
2553621
2553893
2553906
2553929
2554056
2554071
2554126
2554131
2554154
2554319
2554394
2554418
2554437
2554504
2554608
2554619
2554970
2555035
2555483
2555643
2555814
2555925
2555947
2556261
2556283
2556479
2556527
2556559
2556920
2556999
2557020
2557137
2557162
2557303
2557335
2557533
2557665
2557695
2557733
2557932
2557965
2558199
2558397
2558420
2558529
2558621
2558643
2558861
2558929
2559064
2559703
2559810
2560018
2560139
2560156
2560284
2560291
2560348
2560420
2560693
2560765
2560793
2560956
2561123
2561246
2561278
2561335
2561409
2561541
2561547
2561704
2561747
2561826
2561851
2561956
2561986
2562116
2562320
2562352
2562366
2562416
2562647
2563187
2563331
2563399
2563414
2563610
2563970
2564027
2564220
2564290
2564349
2564513
2564573
2564671
2564759
2564812
2564895
2565076
2565133
2565277
2565733
2565774
2565935
2565989
2566026
2566203
2566223
2566262
2566368
2566514
2566708
2566744
2566782
2566841
2567149
2567243
2567519
2567584
2567634
2567684
2567723
2568033
2568064
2568155
2568190
2568451
2568581
2568798
2569012
2569168
2569262
2569266
2569305
2569313
2569779
2569797
2569827
2570003
2570095
2570131
2570135
2570262
2570360
2570449
2570599
2570796
2570816
2571108
2571269
2571280
2571713
2571846
2572040
2572151
2572217
2572262
2572282
2572408
2572495
2572520
2572560
2572640
2572897
2572905
2573048
2573181
2573335
2573488
2573549
2573818
2573838
2573861
2574207
2574316
2574409
2574411
2574742
2574920
2575173
2575284
2575376
2575417
2575507
2575592
2576276
2576295
2576492
2576572
2576593
2576913
2577005
2577108
2577144
2577241
2577564
2577604
2577899
2577984
2578233
2578523
2578907
2579155
2579182
2579214
2579222
2579314
2579379
2579581
2579656
2579660
2579666
2579710
2579984
2580000
2580092
2580139
2580179
2580418
2580671
2580920
2581172
2581439
2581627
2581916
2581998
2582081
2582117
2582164
2582256
2582330
2582443
2582679
2582683
2582713
2582781
2583016
2583090
2583295
2583300
2583360
2583502
2583595
2583605
2583631
2583691
2583720
2583818
2583829
2583880
2583902
2583941
2584344
2584369
2584554
2584700
2584962
2585018
2585166
2585598
2585716
2585958
2586130
2586175
2586257
2586435
2586441
2586483
2586828
2587082
2587475
2587511
2587608
2587646
2587650
2587716
2587747
2587862
2588058
2588536
2588604
2588712
2588961
2588984
2589030
2589156
2589343
2589582
2589690
2589733
2589739
2589812
2589845
2589847
2589873
2589937
2589940
2590097
2590205
2590241
2590260
2590416
2590439
2590637
2590660
2590741
2590782
2590823
2590833
2591139
2591393
2591449
2591577
2591942
2591960
2592462
2592482
2592646
2592698
2592704
2592789
2592800
2592881
2593074
2593089
2593162
2593187
2593284
2593363
2593697
2593712
2593780
2593979
2594054
2594167
2594314
2594402
2594486
2594499
2594741
2594884
2595136
2595472
2595495
2595514
2595888
2596126
2596202
2596277
2596482
2596567
2596582
2596725
2596794
2596916
2596927
2597071
2597172
2597433
2597515
2597574
2598004
2598047
2598318
2598326
2598446
2598500
2598558
2598582
2598749
2598795
2599045
2599096
2599104
2599181
2599249
2599687
2599731
2599806
2599885
2600031
2600227
2600324
2600351
2600444
2600524
2600551
2600595
2600726
2601440
2601608
2601771
2601801
2602017
2602199
2602307
2602322
2602343
2602403
2602448
2602650
2602705
2602855
2602886
2602921
2603105
2603146
2603184
2603204
2603206
2603223
2603242
2603554
2603756
2603983
2604100
2604133
2604152
2604197
2604569
2604703
2604751
2604916
2605045
2605292
2605454
2605457
2605528
2605628
2605652
2605721
2605797
2606015
2606265
2606364
2606409
2606837
2606906
2607262
2607310
2607389
2607487
2607835
2607902
2608303
2608323
2608327
2608339
2608408
2608461
2608486
2608592
2608622
2608638
2608652
2608720
2608785
2608874
2609463
2609609
2609686
2609735
2609910
2609924
2609951
2610145
2610226
2610543
2610618
2610659
2610665
2610938
2610963
2611073
2611283
2611542
2611702
2612002
2612070
2612177
2612430
2612433
2612561
2612637
2612937
2612951
2613159
2613232
2613518
2613528
2613572
2613705
2613939
2614425
2614554
2614571
2614761
2615018
2615401
2615942
2616051
2616263
2616504
2616528
2616688
2616712
2616717
2617286
2617427
2617611
2617639
2617898
2617916
2617978
2618261
2618411
2618427
2618437
2618505
2618639
2618775
2618782
2618965
2619219
2619550
2619590
2619741
2619837
2619909
2619910
2620029
2620033
2620358
2620558
2620561
2620862
2620911
2621027
2621035
2621086
2621324
2621361
2621435
2621597
2621641
2621846
2622082
2622185
2622557
2622844
2623000
2623035
2623120
2623181
2623198
2623207
2623215
2623278
2623313
2623603
2623652
2623827
2623902
2624031
2624459
2624529
2624681
2624877
2625101
2625124
2625553
2625570
2625845
2625852
2625878
2626088
2626361
2626398
2626421
2626439
2626625
2626650
2626660
2626698
2626821
2627228
2627320
2627876
2627901
2628101
2628144
2628153
2628410
2628542
2628673
2628749
2628788
2628823
2628937
2629065
2629370
2629424
2629511
2629535
2629806
2629906
2629963
2630083
2630092
2630426
2630451
2630499
2630591
2630719
2630728
2630737
2630743
2630750
2631042
2631148
2631192
2631292
2631310
2631320
2631443
2631449
2631484
2631530
2631732
2631755
2631838
2631845
2632018
2632025
2632090
2632249
2632280
2632823
2633028
2633146
2633331
2633548
2633589
2633795
2633810
2633957
2634057
2634310
2634405
2634472
2634683
2634912
2634975
2635354
2635364
2635458
2635519
2635675
2635695
2635733
2635810
2635846
2635890
2636336
2636450
2636595
2636661
2636728
2636745
2636834
2636861
2637435
2637528
2637593
2637610
2637870
2637904
2638005
2638157
2638205
2638224
2638287
2638401
2638410
2638572
2638675
2638750
2638829
2639354
2639456
2639478
2639652
2640152
2640248
2640376
2640622
2640648
2640701
2640730
2640862
2640932
2640999
2641018
2641089
2641308
2641320
2641358
2641376
2641538
2641661
2641747
2641937
2641968
2642402
2642514
2642560
2642745
2643206
2643290
2643453
2643684
2643907
2644177
2644388
2644405
2644427
2644710
2644754
2644878
2645041
2645218
2645249
2645387
2645465
2645472
2645650
2645902
2646059
2646079
2646176
2646316
2646486
2646882
2646906
2647096
2647402
2647411
2647436
2647704
2647910
2647940
2648035
2648047
2648138
2648214
2648425
2648511
2648624
2648722
2648829
2649062
2649241
2649388
2649494
2649529
2649871
2649890
2649995
2650144
2650147
2650249
2650288
2650313
2650421
2650635
2650815
2651008
2651058
2651223
2651268
2651647
2651769
2651854
2651974
2652091
2652105
2652163
2652451
2652713
2652797
2652857
2652861
2653002
2653040
2653062
2653065
2653250
2653564
2653713
2653822
2653872
2653993
2654037
2654118
2654270
2654280
2654411
2654869
2655052
2655231
2655285
2655427
2655437
2655441
2655624
2655745
2655845
2656148
2656251
2656517
2656821
2656887
2657166
2657247
2657268
2657354
2657400
2657461
2657551
2657555
2657681
2657784
2658387
2658453
2658765
2658772
2658808
2658845
2658926
2659002
2659141
2659550
2659777
2659784
2659959
2660051
2660124
2660228
2660378
2660382
2660411
2660646
2660697
2660844
2660928
2660971
2661350
2661423
2661433
2661602
2661612
2661755
2661812
2661823
2661841
2662036
2662043
2662061
2662099
2662233
2662341
2662524
2662809
2662879
2662924
2662981
2662994
2663170
2663291
2663394
2663409
2663484
2663518
2664016
2664127
2664320
2664452
2664628
2664675
2664968
2665010
2665239
2665246
2665247
2665274
2665670
2665676
2665842
2665918
2665966
2666103
2666300
2666323
2666577
2666747
2666771
2666932
2667168
2667295
2667512
2667530
2667624
2667669
2667818
2667880
2667961
2668091
2668102
2668451
2668462
2668512
2668623
2668779
2668856
2668902
2668971
2669065
2669212
2669213
2669487
2669643
2669648
2670059
2670099
2670131
2670525
2670547
2670569
2670630
2670692
2671004
2671075
2671472
2671480
2671697
2671784
2671849
2672291
2672359
2672522
2672559
2673089
2673095
2673218
2673252
2673350
2673378
2673484
2673513
2674127
2674387
2674401
2674405
2674484
2674700
2675008
2675082
2675162
2675236
2675383
2675408
2675463
2675737
2675869
2675898
2676459
2676921
2677174
2677197
2677324
2677378
2677606
2677943
2677961
2678000
2678340
2678479
2678724
2678812
2678846
2678948
2679209
2679342
2679413
2679753
2679979
2680190
2680206
2680657
2680689
2680751
2680754
2680769
2680840
2680876
2681020
2681163
2681573
2681596
2681868
2682023
2682121
2682180
2682391
2682439
2682442
2682514
2682703
2682848
2682911
2682961
2683362
2683420
2683623
2683748
2683775
2683808
2684110
2684149
2684220
2684260
2684463
2684628
2684660
2684770
2684844
2684922
2685043
2685058
2685237
2685461
2685529
2685561
2685567
2685789
2685807
2685810
2685875
2685926
2686005
2686072
2686094
2686180
2686327
2686460
2686466
2686664
2686713
2686872
2686928
2686968
2687002
2687012
2687060
2687173
2687199
2687346
2687406
2687596
2687724
2687815
2688386
2688638
2688668
2688787
2689045
2689532
2689586
2689603
2689640
2689849
2689916
2689994
2690260
2690273
2690710
2691023
2691391
2691429
2691463
2691554
2691698
2691801
2692269
2692351
2692357
2692712
2692793
2692821
2692946
2693202
2693242
2693285
2693402
2693458
2693496
2693548
2693874
2694220
2694466
2694653
2694827
2694980
2695295
2695522
2695710
2695805
2695889
2695978
2696153
2696170
2696225
2696359
2696380
2696752
2696842
2696965
2697058
2697105
2697216
2697321
2697490
2697680
2697769
2697906
2698513
2698830
2699028
2699245
2699466
2699638
2699815
2700024
2700187
2700352
2700384
2700465
2700530
2700590
2700600
2700723
2700926
2700998
2701099
2701196
2701388
2701417
2701474
2701730
2701773
2701775
2701814
2701838
2702424
2702479
2702580
2702852
2702859
2703089
2703119
2703237
2703311
2703833
2703840
2703884
2703944
2704465
2704757
2704867
2705002
2705306
2705434
2705463
2705513
2705523
2705553
2705611
2705789
2705819
2705873
2705945
2706117
2706141
2706175
2706185
2706189
2706257
2706769
2706868
2706871
2706970
2706975
2707083
2707100
2707170
2707362
2707368
2707553
2707697
2707797
2708112
2708148
2708282
2708395
2708950
2709080
2709096
2709155
2709292
2709319
2709398
2709730
2709781
2709829
2709875
2710212
2710318
2710363
2710564
2710644
2710649
2711095
2711141
2711185
2711521
2711614
2712011
2712082
2712300
2712364
2712517
2712541
2712667
2712942
2713083
2713400
2713507
2713710
2713849
2713961
2714084
2714220
2714279
2714370
2714376
2714431
2714793
2714814
2714834
2714855
2715144
2715220
2715418
2715475
2715641
2715663
2715681
2715685
2715791
2715866
2715873
2715926
2716074
2716110
2716483
2716582
2716589
2717023
2717138
2717280
2717332
2717431
2717512
2717613
2717646
2717663
2717774
2717810
2717970
2718178
2718459
2718715
2718776
2718816
2718838
2718976
2719136
2719247
2719306
2719544
2719721
2719814
2719816
2719974
2720110
2720186
2720234
2720304
2720793
2720833
2720944
2720946
2721028
2721182
2721381
2721457
2721468
2721644
2721702
2721824
2721875
2722327
2722445
2722504
2722555
2722572
2722620
2722903
2722943
2722951
2723222
2723290
2723412
2723451
2723508
2723596
2723599
2723641
2723673
2723827
2723862
2723869
2723941
2723989
2724012
2724208
2724315
2724518
2724608
2724888
2724946
2725252
2725474
2726148
2726279
2726472
2726504
2726639
2726897
2726949
2726963
2727077
2727101
2727173
2727208
2727339
2727395
2727475
2727516
2727685
2728394
2728653
2728846
2728945
2728994
2729144
2729378
2729580
2729852
2729930
2730069
2730134
2730147
2730161
2730176
2730224
2730321
2730360
2730496
2730675
2731284
2731351
2731465
2731608
2731811
2731896
2732254
2732438
2732468
2732493
2732849
2732942
2732976
2733160
2733340
2733357
2733398
2733445
2733672
2733743
2733769
2733959
2734236
2734293
2734516
2734690
2734793
2735018
2735102
2735225
2735230
2735652
2735724
2735763
2735795
2735855
2736263
2736379
2736423
2736725
2736864
2736920
2736939
2737189
2737208
2737269
2737401
2737507
2737690
2737831
2737926
2738135
2738169
2738529
2738646
2738648
2738763
2738842
2738873
2739077
2739129
2739346
2739527
2739693
2739795
2740074
2740108
2740199
2740290
2740491
2740657
2740676
2740775
2740797
2740883
2741137
2741196
2741199
2741256
2741344
2741364
2741698
2741910
2742209
2742240
2742362
2742552
2742795
2742814
2742849
2743087
2743109
2743133
2743527
2743684
2744134
2744176
2744383
2744886
2745159
2745272
2745336
2745531
2745573
2745704
2745815
2745841
2745992
2746164
2746265
2746355
2746599
2746905
2746936
2747091
2747115
2747499
2747545
2747856
2747868
2747924
2748010
2748034
2748075
2748335
2748379
2748497
2748549
2748552
2748725
2748899
2748967
2749074
2749117
2749579
2749613
2749667
2749897
2750205
2750417
2750580
2750585
2750684
2750752
2750831
2750966
2751014
2751104
2751144
2751157
2751202
2751262
2751280
2751324
2751577
2751707
2751763
2751809
2751834
2751868
2752052
2752474
2752584
2752712
2752788
2753047
2753183
2753259
2753790
2754009
2755169
2755265
2755338
2755561
2755590
2755640
2755887
2755894
2756077
2756095
2756106
2756160
2756281
2756290
2756360
2756390
2756553
2756615
2756694
2757092
2757104
2757133
2757195
2757213
2757324
2757398
2757469
2757553
2757651
2757667
2757799
2757828
2757903
2758150
2758239
2758277
2758302
2758306
2758316
2758330
2758471
2758483
2758593
2758596
2758772
2758809
2758954
2759322
2759470
2759516
2759525
2759583
2759721
2759755
2759781
2759914
2759977
2759990
2760017
2760059
2760514
2760796
2760863
2760865
2761066
2761109
2761434
2761770
2761835
2762033
2762123
2762344
2762378
2762383
2762599
2762661
2762692
2763055
2763160
2763219
2763221
2763262
2763549
2763626
2763642
2763687
2763712
2763806
2763869
2763961
2764062
2764164
2764214
2764285
2764297
2764417
2764509
2764742
2764848
2764892
2765119
2765159
2765188
2765594
2765597
2765613
2765705
2765743
2765784
2765811
2766028
2766051
2766128
2766154
2766242
2766309
2766332
2766354
2766448
2766545
2766820
2767393
2767474
2767559
2767572
2767655
2767726
2767849
2768001
2768221
2768327
2768348
2768439
2768480
2768533
2768796
2768975
2769095
2769602
2769711
2769872
2769879
2769920
2770000
2770395
2770475
2770542
2770827
2770880
2770984
2771169
2771292
2771406
2771583
2771690
2771805
2771852
2771940
2772030
2772365
2772386
2772402
2772784
2773104
2773176
2773245
2773261
2773297
2773668
2773908
2774394
2774433
2774493
2774712
2774795
2774902
2774913
2774996
2775013
2775241
2775418
2775594
2775758
2775922
2776005
2776062
2776233
2776253
2776528
2776739
2776780
2776843
2777035
2777232
2777361
2777647
2777861
2777906
2778172
2778293
2778437
2778637
2778817
2778829
2778882
2779024
2779433
2779549
2779691
2779850
2779919
2780156
2780211
2780294
2780376
2780561
2780594
2780711
2780758
2780827
2780845
2780895
2780945
2781582
2781673
2781680
2781725
2781738
2781763
2781804
2781883
2781945
2781967
2782074
2782366
2782377
2782412
2782488
2782531
2782634
2782831
2782878
2782948
2783064
2783087
2783176
2783183
2783271
2783334
2783344
2783375
2783476
2783549
2783565
2783620
2783812
2783997
2784208
2784374
2784427
2784600
2784626
2785147
2785489
2785563
2785692
2785885
2786082
2786123
2786498
2786758
2786913
2786935
2787138
2787192
2787466
2787705
2787713
2787733
2787757
2787878
2788088
2788112
2788322
2788569
2788610
2788718
2788893
2788988
2789077
2789167
2789195
2789264
2789547
2789628
2789801
2790138
2790143
2790208
2790249
2790319
2790399
2790442
2790756
2790842
2791088
2791131
2791331
2791374
2791747
2791832
2791918
2792147
2792228
2792485
2792686
2792724
2792995
2793186
2793187
2793458
2793535
2793569
2793985
2794089
2794505
2794846
2795041
2795104
2795128
2795177
2795239
2795276
2795379
2795421
2795428
2795592
2795616
2795767
2795818
2795873
2796024
2796068
2796196
2796224
2796248
2796296
2796359
2796363
2796521
2796660
2796672
2796844
2797402
2797471
2797917
2797932
2797965
2798276
2798581
2798629
2799049
2799143
2799601
2799828
2799848
2799855
2799988
2800177
2800504
2800839
2800895
2800941
2801140
2801195
2801313
2801340
2801421
2801595
2801629
2801903
2801906
2801910
2802543
2802826
2802858
2802889
2803221
2803329
2803362
2803394
2803835
2803849
2803869
2804022
2804102
2804187
2804226
2804317
2804328
2804341
2804555
2804674
2804801
2804806
2805113
2805337
2805354
2805536
2805844
2805927
2806073
2806261
2806306
2806337
2806837
2807023
2807027
2807189
2807363
2807432
2807560
2807661
2807673
2807759
2807873
2807905
2808066
2808183
2808297
2808303
2808343
2808355
2808407
2808411
2808601
2809106
2809196
2809827
2810106
2810364
2810478
2810544
2810604
2810715
2810791
2810947
2811086
2811307
2811394
2811494
2811931
2811964
2812064
2812203
2812216
2812229
2812296
2812329
2812535
2812579
2812837
2812932
2813100
2813238
2813275
2813335
2813342
2813449
2813486
2813520
2813529
2813559
2813578
2813768
2813787
2814002
2814005
2814061
2814190
2814227
2814326
2814449
2814507
2814599
2814737
2814739
2814778
2814811
2814967
2815085
2815339
2815356
2815455
2815515
2815594
2815805
2815851
2816014
2816089
2816159
2816341
2816422
2816570
2816688
2816779
2816960
2817056
2817083
2817299
2817393
2817946
2817991
2818028
2818085
2818119
2818243
2818319
2818751
2818862
2818870
2819175
2819207
2819274
2819335
2819412
2819415
2819583
2819632
2819684
2819789
2819927
2820041
2820275
2820800
2820993
2820998
2821317
2821338
2821341
2821787
2822048
2822072
2822468
2822522
2822527
2822807
2823059
2823169
2823185
2823214
2823299
2823349
2823368
2823537
2823636
2823660
2823704
2823808
2824057
2824108
2824149
2824199
2824241
2824321
2824359
2824680
2824688
2824702
2824963
2825000
2825138
2825244
2825289
2825721
2825894
2826054
2826299
2826313
2826644
2826739
2826952
2827087
2827115
2827195
2827215
2827479
2827555
2827664
2827782
2827815
2828049
2828124
2828345
2828350
2828645
2829231
2829253
2829505
2829730
2829983
2830323
2830338
2830512
2830905
2830951
2830990
2831063
2831083
2831175
2831282
2831333
2831354
2831395
2831500
2832070
2832090
2832365
2832676
2832878
2833040
2833127
2833195
2833215
2833457
2833511
2833549
2833968
2834006
2834140
2834212
2834292
2834301
2834438
2834598
2834631
2834860
2834909
2834957
2835040
2835047
2835401
2835619
2835638
2835876
2835907
2836111
2836166
2836392
2837045
2837142
2837448
2837530
2837900
2837915
2837986
2838183
2838252
2838275
2838368
2838490
2838573
2838804
2838828
2838875
2838971
2839071
2839272
2839464
2839720
2839857
2839873
2840080
2840157
2840227
2840296
2840363
2840400
2840409
2840512
2840747
2840842
2840923
2840940
2841017
2841373
2841473
2841551
2841786
2841931
2841947
2841951
2842013
2842233
2842282
2842470
2842503
2842968
2843275
2843464
2843560
2843573
2843631
2843896
2843932
2844028
2844085
2844150
2844328
2844360
2844709
2844750
2844815
2844837
2844863
2844967
2845058
2845227
2845545
2845572
2845600
2845679
2845799
2845800
2845880
2845896
2846138
2846151
2846316
2846403
2846457
2846757
2846777
2846824
2847025
2847029
2847140
2847355
2847567
2847673
2847898
2847967
2848220
2848304
2848349
2848616
2848768
2848829
2849232
2849603
2849765
2849900
2850221
2850280
2850762
2850866
2850893
2850944
2851211
2851367
2851412
2851442
2851492
2851522
2851656
2851879
2852157
2852667
2852690
2853029
2853123
2853396
2853447
2853948
2854200
2854350
2854447
2854470
2854483
2854747
2854846
2854870
2855051
2855214
2855461
2855476
2855506
2855551
2855592
2855659
2855699
2855789
2855910
2856143
2856212
2856321
2856373
2856377
2856411
2856441
2856449
2856560
2856637
2856793
2856878
2856910
2856989
2857350
2857412
2857724
2857887
2858021
2858058
2858179
2858192
2858323
2858401
2858520
2858548
2858559
2858604
2858657
2858799
2858922
2858939
2858990
2859049
2859056
2859077
2859309
2859334
2859341
2859595
2859666
2859898
2859912
2859946
2860095
2860508
2860512
2860620
2860671
2860705
2860898
2861029
2861234
2861417
2861449
2861536
2861682
2861712
2861772
2861796
2861997
2862073
2862188
2862256
2862311
2862480
2862487
2862606
2862645
2862664
2862762
2862811
2862882
2863008
2863054
2863118
2863343
2863364
2863373
2863406
2863569
2863577
2863586
2863598
2864074
2864381
2864588
2864903
2865055
2865121
2865291
2865375
2865419
2865610
2865675
2865786
2865795
2865802
2866053
2866265
2866480
2866512
2866527
2866670
2866726
2866764
2866792
2866835
2866837
2867058
2867151
2867241
2867427
2867433
2867440
2867541
2867630
2867691
2868222
2868418
2868713
2868847
2868891
2869071
2869084
2869397
2869516
2869549
2869840
2869857
2869953
2870144
2870181
2870251
2870451
2870463
2870509
2870728
2870750
2871023
2871262
2871441
2871648
2871687
2871717
2871784
2871915
2872210
2872507
2872628
2872753
2872865
2873208
2873223
2873582
2873634
2873843
2873853
2873981
2874274
2874516
2874679
2874770
2874823
2874931
2875084
2875360
2875377
2875419
2875531
2875559
2875578
2875608
2875819
2875904
2876004
2876333
2876433
2876532
2876547
2876578
2876588
2877219
2877270
2877638
2877711
2877891
2877945
2878013
2878082
2878540
2878547
2878648
2878756
2878769
2878834
2878876
2879041
2879290
2879756
2879774
2879857
2879982
2880007
2880279
2880451
2880741
2880770
2880842
2880849
2880974
2881021
2881123
2881439
2881467
2881692
2881830
2882193
2882333
2882374
2882546
2882654
2882662
2882904
2882943
2882954
2883122
2883186
2883216
2883361
2883620
2883696
2883839
2883940
2884115
2884165
2884268
2884278
2884325
2884385
2884766
2885109
2885425
2885645
2885683
2885711
2886256
2886540
2886558
2886888
2887235
2887247
2887403
2887479
2887517
2887731
2887866
2888034
2888139
2888188
2888191
2888274
2888484
2888899
2888904
2888961
2889014
2889240
2889312
2889594
2889695
2889715
2889807
2889975
2890124
2890143
2890149
2890185
2890256
2890378
2890388
2890397
2890403
2890549
2890641
2890922
2891185
2891368
2891502
2891757
2891866
2891974
2891997
2892340
2892701
2892778
2892836
2892956
2893019
2893091
2893200
2893506
2893641
2894176
2894316
2894452
2894523
2894739
2894964
2895101
2895264
2895446
2895604
2895672
2895752
2895893
2896157
2896319
2896324
2896928
2897229
2897387
2897463
2897486
2897515
2897548
2897563
2897586
2897619
2897641
2897776
2897987
2898093
2898136
2898177
2898224
2898422
2898512
2898754
2898770
2898880
2898953
2899282
2899838
2900048
2900082
2900192
2900720
2900770
2901036
2901073
2901181
2901205
2901385
2901419
2901513
2901535
2901558
2901836
2901959
2902012
2902073
2902165
2902233
2902352
2902500
2902685
2902727
2902799
2902994
2902998
2903064
2903362
2903424
2903536
2903561
2903611
2903794
2903969
2904054
2904170
2904247
2904345
2904356
2904485
2904801
2904977
2905235
2905410
2905483
2905539
2905549
2905684
2905791
2905801
2905844
2905876
2905880
2905884
2905922
2906014
2906046
2906129
2906248
2906295
2906736
2907025
2907332
2907378
2907442
2907473
2907552
2907564
2907691
2907897
2908123
2908367
2908445
2908606
2908844
2908892
2909067
2909171
2909339
2909353
2909404
2909448
2909508
2909517
2909565
2909668
2909732
2909757
2909763
2909980
2910163
2910182
2910233
2910368
2910545
2910613
2910757
2910863
2910954
2911100
2911210
2911464
2911643
2912105
2912194
2912237
2912282
2912902
2912915
2913144
2913392
2913610
2913624
2913659
2913668
2913728
2913904
2913921
2913937
2914620
2914751
2914819
2914826
2914844
2915210
2915243
2915646
2915789
2916026
2916057
2916476
2916723
2917040
2917053
2917112
2917236
2917306
2917330
2917377
2917556
2917709
2917724
2917863
2917978
2918095
2918201
2918230
2918580
2918689
2918714
2918784
2918959
2919140
2919487
2919490
2919493
2919545
2919657
2919721
2919747
2920027
2920124
2920401
2920555
2920558
2920583
2920587
2920690
2920702
2920880
2921036
2921232
2921959
2922054
2922398
2922591
2922935
2922960
2923028
2923237
2923354
2923388
2923425
2923445
2923464
2923727
2923735
2923744
2923768
2923844
2923918
2923996
2924065
2924145
2924446
2924556
2924590
2924790
2924852
2924875
2924885
2924942
2925046
2925295
2925350
2925356
2925398
2925654
2925718
2925794
2925825
2925900
2925902
2926245
2926268
2926528
2926569
2926626
2926635
2926681
2926958
2927054
2927209
2927212
2927224
2927340
2927675
2928019
2928100
2928337
2928371
2928572
2928817
2928951
2928962
2929259
2929427
2929492
2929505
2929678
2929805
2929845
2930182
2930258
2930261
2930289
2930323
2930440
2930518
2930589
2930682
2930851
2930885
2930969
2931206
2931367
2931482
2931743
2931750
2931985
2932117
2932339
2932385
2932549
2932637
2932776
2933046
2933048
2933223
2933333
2933345
2933583
2933622
2933628
2933779
2933811
2933838
2933945
2934048
2934234
2934266
2934362
2934586
2934631
2934658
2934687
2934722
2934827
2935082
2935336
2936026
2936248
2936260
2936457
2936771
2936784
2937687
2937833
2938251
2938297
2938450
2938467
2938554
2938589
2938640
2938682
2938794
2939053
2939090
2939168
2939276
2939451
2939469
2939601
2939898
2939963
2940326
2940447
2940450
2940720
2940763
2940772
2941064
2941336
2941421
2941460
2941554
2941626
2941806
2941916
2941953
2942155
2942263
2942412
2942469
2942507
2942768
2942969
2942997
2943259
2943443
2943462
2943542
2943547
2943607
2943616
2943892
2944003
2944203
2944520
2944682
2944795
2944984
2945026
2945121
2945139
2945161
2945225
2945476
2945521
2945594
2945618
2945865
2945955
2946081
2946221
2946713
2947024
2947131
2947203
2947336
2947398
2947448
2947553
2947764
2947889
2948073
2948125
2948250
2948550
2948826
2948832
2948858
2948932
2949354
2949394
2949610
2949639
2949998
2950032
2950155
2950231
2950290
2950369
2950638
2950792
2950816
2951134
2951212
2951348
2951425
2951502
2951660
2951686
2951732
2951790
2951963
2952044
2952144
2952605
2952641
2952804
2953034
2953094
2953231
2953570
2953685
2953825
2953827
2953840
2954043
2954315
2954643
2954698
2954753
2954787
2954985
2955088
2955126
2955280
2955348
2956461
2956484
2956559
2956706
2956737
2956872
2956995
2957002
2957113
2957254
2957330
2957418
2957608
2957620
2957677
2958722
2958752
2958768
2958834
2958955
2958966
2959046
2959155
2959200
2959496
2959518
2959674
2959708
2959731
2960047
2960216
2960356
2960743
2960800
2960842
2960982
2961294
2961326
2961636
