78
125
207
228
309
328
346
391
657
704
804
938
1152
1166
1183
1211
1365
1375
1533
1580
1843
2060
2095
2110
2119
2176
2308
2447
2482
2510
2547
2598
2734
2743
2873
2949
3022
3042
3072
3104
3114
3123
3198
3245
3388
3416
3471
3588
3651
3672
3828
4006
4008
4032
4037
4162
4176
4207
4249
4285
4630
4638
4712
4753
4837
4860
4961
5161
5174
5231
5258
5268
5328
5389
5405
5516
5537
5660
5782
5914
5961
5995
6009
6334
6382
6647
6655
6661
6712
6746
6798
6875
6986
7009
7072
7097
7126
7208
7349
7414
7425
7436
7474
7498
7843
7987
8070
8276
8283
8314
8430
8434
8537
8570
8652
8672
8721
9040
9127
9158
9211
9251
9674
9693
10152
10168
10225
10239
10297
10351
10365
10380
10751
10862
10894
10911
10930
10963
10981
10996
11026
11074
11133
11222
11347
11415
11961
12034
12110
12161
12166
12292
12298
12476
12486
12516
12535
12538
12578
12624
12736
12788
12847
12961
13004
13088
13142
13440
13554
13611
13957
13968
14067
14097
14109
14135
14153
14167
14345
14450
14483
14564
14615
14669
14723
14769
14821
14841
14985
15068
15217
15234
15369
15389
15438
15459
15540
15644
15745
15878
16167
16334
16344
16550
16597
16649
16742
16750
16796
16826
16844
17069
17097
17116
17211
17320
17519
17570
17596
17776
17794
17820
17886
17923
17961
18028
18062
18224
18326
18362
18464
18657
18726
18880
18950
19208
19249
19290
19311
19364
19373
19384
19456
19569
19591
19722
19823
19902
20079
20164
20329
20366
20386
20401
20423
20518
20679
20773
20978
21094
21161
21337
21429
21507
21537
22064
22219
22232
22318
22485
22524
22568
22695
22813
23040
23306
23344
23379
23438
23512
23725
23970
24134
24318
24428
24578
24685
24876
24949
24963
25005
25090
25141
25291
25465
25771
26050
26344
26469
26526
26663
26684
26686
26713
26746
26824
27007
27032
27085
27096
27109
27235
27624
27715
27741
27797
27881
27939
28048
28216
28393
28555
28668
28678
28761
28793
28881
28975
29032
29041
29067
29133
29266
29305
29356
29388
29466
29507
29596
29604
29648
29729
29752
29806
29816
29851
29900
30127
30198
30325
30483
30531
30625
30673
30796
30854
31135
31166
31220
31283
31300
31339
31430
31685
31771
31791
31878
31929
32029
32124
32214
32380
32461
32519
32782
32881
33111
33404
33427
33468
33518
33584
33599
33618
33634
33715
33779
33872
33907
33952
34155
34244
34312
34364
34400
34460
34480
34504
34616
34793
34818
34861
34893
34926
34997
35078
35103
35136
35178
35183
35217
35228
35332
35339
35420
35448
35505
35520
35553
35591
35756
35769
35852
35963
36080
36098
36151
36261
36326
36357
36393
36489
36506
36642
36690
36735
36792
36817
36886
36968
37045
37072
37149
37178
37428
37472
37559
37595
37604
37677
37841
37872
37890
37966
38043
38137
38282
38315
38465
38505
38534
38550
38564
38582
38599
38724
38743
38790
38797
38820
38825
38862
38983
39159
39189
39715
39730
39936
39949
40032
40047
40165
40308
40350
40401
40431
40477
40503
40579
40602
40615
40649
40663
40721
40751
40767
40919
41062
41239
41292
41677
41731
41743
41762
41794
42090
42116
42189
42315
42451
42528
42637
42844
42974
43050
43371
43409
43618
43749
43946
43998
44043
44109
44115
44129
44167
44215
44247
44363
44372
44381
44406
44456
44538
44651
44691
44715
44725
44873
44977
45029
45065
45083
45296
45399
45499
45528
45551
45667
45699
45812
45821
45920
46060
46098
46129
46175
46359
46510
46525
46541
46659
46706
46854
46979
47084
47091
47279
47331
47367
47420
47484
47513
47652
47679
47817
47974
48093
48133
48154
48268
48306
48320
48378
48431
48466
48597
48751
48861
49159
49202
49308
49508
49657
49836
50047
50156
50188
50456
50580
50614
50686
50700
50862
50987
51044
51268
51556
51627
51703
51716
51777
51876
52010
52030
52113
52137
52325
52356
52380
52396
52485
52602
52612
52703
52715
52888
52909
52941
53013
53194
53201
53434
53495
53578
53690
53747
53919
53930
54005
54026
54157
54205
54245
54294
54322
54462
54566
54708
54755
54835
54874
54934
54955
54988
55005
55320
55348
55363
55376
55412
55642
55845
55893
55942
55988
56251
56294
56383
56510
56517
56542
56572
56587
56622
56689
56798
56864
56890
56908
56916
57046
57233
57274
57400
57612
57748
57777
57787
57916
58028
58246
58261
58268
58278
58297
58424
58428
58520
58595
58695
59072
59338
59361
59381
59433
59468
59784
59820
59827
60073
60083
60113
60192
60275
60587
60594
60620
60763
60814
60882
60958
61077
61230
61261
61375
61530
61632
61708
61812
61905
61959
61979
62010
62135
62178
62236
62287
62330
62383
62415
62476
62613
62689
63070
63176
63278
63458
63511
63688
63722
63726
63795
63810
63834
63851
63856
63948
64058
64350
64516
64640
64693
64714
64794
64888
64925
65183
65268
65283
65383
65544
65597
65649
65788
65860
66229
66288
66305
66411
66579
66628
66692
66705
66754
66803
66808
66845
66855
66867
67008
67046
67155
67298
67672
67729
67880
67967
67991
68069
68101
68116
68139
68231
68252
68422
68463
68488
68509
68698
68879
68939
68982
69206
69463
69469
69511
69542
69638
69693
69732
69743
69790
69797
70043
70056
70079
70259
70342
70874
71322
71342
71353
71566
71700
71946
72017
72117
72139
72245
72385
72477
72509
72573
72615
72794
72803
72870
72970
73020
73081
73106
73150
73161
73389
73415
73432
73435
73456
73476
73557
73596
73681
73744
73753
74001
74200
74202
74411
74422
74434
74691
74736
74756
74903
75069
75535
75569
75762
75782
75947
76245
76301
76341
76432
76722
76878
76997
77094
77141
77150
77162
77302
77336
77348
77353
77435
77626
77642
77714
77784
77982
77989
77994
78083
78121
78130
78376
78801
79144
79152
79182
79203
79230
79411
79454
79472
79496
79588
79615
79645
79725
79865
79872
79978
80018
80058
80175
80707
80973
81136
81203
81245
81327
81536
81614
81753
81883
81956
81985
82255
82441
82596
82700
82732
82780
82837
82921
82939
83043
83184
83237
83248
83299
83382
83455
83527
83783
83846
83877
83920
84075
84090
84159
84261
84291
84303
84319
84828
84844
84863
84974
84999
85361
85428
85498
85604
85640
85710
85843
85906
86109
86237
86475
86728
86789
86819
86917
86994
87069
87114
87127
87374
87393
87590
87620
87630
87886
87981
88066
88143
88153
88313
88344
88428
88502
88689
88736
88817
88820
88847
88868
88883
88920
88939
88974
89009
89029
89100
89141
89231
89241
89393
89501
89549
89607
89631
89661
89691
89733
89806
89884
90156
90271
90397
90449
90465
90700
90812
90866
90880
90936
91042
91125
91128
91219
91529
91570
91661
91797
91828
91866
91938
92163
92191
92310
92470
92487
92495
92587
92988
93138
93141
93315
93567
93828
93999
94042
94194
94207
94463
94564
94646
94688
94746
94754
94789
94822
94905
94938
95073
95086
95126
95143
95182
95211
95222
95324
95517
95676
95755
95988
96081
96084
96103
96134
96189
96381
96420
96432
96454
96478
96584
96596
96675
96688
96730
96998
97190
97354
97368
97396
97553
97608
97635
97652
97787
98009
98045
98221
98243
98400
98723
98787
98813
98895
98981
99240
99321
99376
99482
99497
99551
99584
99619
99774
99787
99889
100212
100241
100256
100494
100562
100684
100734
100770
100792
100849
100861
100959
101059
101139
101161
101212
101241
101341
101354
101458
101531
101551
101561
101649
101740
101758
101893
102106
102150
102210
102228
102367
102409
102475
102521
102587
102673
102754
102776
102795
103032
103068
103134
103260
103389
103405
103756
103829
103882
103927
103979
103986
104058
104227
104295
104327
104348
104434
104514
104564
104609
104668
104814
104869
104918
104949
105204
105307
105399
105433
105463
105575
105613
105657
105684
105744
105767
105900
105940
106012
106091
106256
106300
106515
106584
106668
106678
106823
106856
106898
107104
107217
107607
107625
107647
107769
107933
108023
108232
108372
108541
108550
108564
108871
108948
108973
108986
109019
109075
109092
109141
109255
109314
109578
109717
109843
109855
109994
110071
110373
110630
110681
110814
110868
110902
110916
111061
111293
111309
111327
111377
111404
111416
111442
111511
111635
111702
111744
111802
111843
111918
111996
112009
112372
112622
112640
112692
112748
112784
112837
113060
113133
113321
113486
113516
113559
113636
113646
113655
113734
113792
113821
114497
114503
114564
114584
114664
114776
114919
115241
115307
115317
115412
115472
115507
115528
115543
115613
115712
115786
115870
115987
116095
116166
116279
116318
116390
116426
116457
116537
116691
116823
116877
117026
117054
117069
117129
117203
117330
117415
117481
117530
117665
117748
117852
118031
118209
118214
118346
118413
118491
118519
118824
119005
119070
119161
119196
119247
119280
119413
119469
119835
119891
119897
119976
120093
120118
120193
120362
120437
120445
120509
120581
120813
120824
120954
121137
121169
121244
121259
121285
121441
121579
121726
121770
121894
121949
121963
122125
122379
122403
122453
122461
122490
122518
122792
123373
123379
123593
123707
123989
124028
124143
124207
124534
124572
124629
124649
124737
125008
125103
125311
125351
125400
125593
125604
125649
125666
125704
125733
125777
125789
125818
125851
125915
125926
126028
126057
126107
126128
126208
126252
126320
126342
126475
126543
126682
127111
127143
127316
127352
127393
127411
127463
127500
127564
127577
127606
127755
127831
127934
127958
128013
128057
128071
128167
128210
128270
128281
128296
128399
128573
128672
128830
128947
129008
129090
129178
129304
129354
129365
129441
129644
129698
129753
129838
129926
129949
130011
130172
130217
130230
130247
130282
130375
130426
130458
130470
130629
130646
130673
130719
130781
130829
130865
130875
130884
130915
130928
130938
130985
131001
131055
131097
131104
131149
131198
131403
131443
131461
131635
131680
131911
131947
132087
132158
132198
132320
132439
132460
132478
132517
132574
132604
132666
132670
132760
132819
132843
132941
132991
133090
133146
133219
133305
133374
133483
133562
133759
133796
133874
133946
133977
133990
134027
134321
134411
134685
134712
134744
134798
134822
134896
134955
134995
135025
135235
135248
135339
135350
135367
135387
135491
135531
135630
135660
135745
135755
135780
135800
135861
135881
136065
136085
136299
136426
136569
136577
136690
136742
136759
136787
136865
136962
137002
137116
137195
137222
137314
137562
137663
137668
137728
137894
138073
138112
138178
138302
138325
138343
138546
138552
138630
138699
138755
138776
138787
138804
138818
138870
138974
139079
139328
139383
139443
139493
139824
139884
139900
140099
140169
140424
140474
140486
140800
140884
141196
141248
141384
141414
141458
141477
141514
141547
141856
141947
142114
142187
142235
142264
142366
142491
142641
142658
142721
142757
142854
142913
142967
142984
143013
143028
143185
143275
143314
143422
143472
143658
143723
143740
143822
143882
143894
143902
143964
143983
144042
144062
144103
144291
144396
144418
144663
144686
144797
144856
145030
145094
145487
145565
145718
145737
146039
146081
146259
146313
146347
146355
146500
146562
146573
146616
146651
146745
146755
146954
147105
147106
147254
147399
147688
147812
147880
148022
148030
148053
148099
148221
148244
148251
148309
148340
148345
148572
148666
148675
148737
148751
148778
148964
149019
149114
149122
149155
149371
149401
149447
149719
150020
150125
150150
150236
150250
150302
150397
150587
150638
150747
150822
150873
150891
151216
151300
151436
151454
151473
151646
151725
151774
151852
151900
151922
152109
152113
152137
152147
152198
152638
152654
152704
152744
152845
152951
152990
153089
153116
153121
153147
153336
153352
153384
153410
153581
153589
153609
153624
153985
154044
154264
154331
154418
154471
154528
154531
154583
154805
154812
154830
155015
155109
155188
155215
155264
155286
155309
155521
155544
155562
155722
155746
155868
155923
156018
156107
156140
156160
156185
156357
156375
156493
156506
156712
156792
156814
156857
156942
157052
157068
157246
157778
158106
158289
158300
158347
158508
158657
158678
158730
158779
159148
159260
159419
159476
159536
159677
159788
159876
159900
160064
160275
160336
160356
160429
160445
160529
160566
160655
160662
160902
160926
160955
161014
161185
161354
161387
161450
161484
161704
161736
161897
162095
162194
162269
162294
162349
162396
162481
162530
162547
162583
162614
162693
162713
162768
162810
162855
162961
163013
163052
163144
163312
163369
163503
163613
163684
164004
164013
164053
164288
164391
164547
164610
164675
164744
164953
165012
165061
165074
165151
165178
165195
165474
165539
165616
165651
165694
165733
165758
165831
165860
165871
165976
166040
166068
166198
166266
166370
166392
166486
166539
166554
166683
166787
166816
166866
166990
167011
167032
167056
167136
167248
167440
167583
167650
167665
167696
167867
167982
168215
168610
168755
168865
169066
169247
169296
169333
169473
169563
169663
169689
169708
169818
169833
170155
170202
170217
170239
170249
170266
170287
170345
170506
170527
170588
170654
170737
170850
170914
170922
171074
171227
171322
171351
171512
171630
171702
171731
171754
171817
171838
171916
172006
172025
172188
172390
172404
172460
172725
172842
173017
173242
173338
173549
173625
173697
173724
173767
174052
174074
174111
174130
174292
174327
174380
174394
174494
174855
174875
175059
175196
175206
175551
175602
175852
175881
175980
176023
176336
176458
176470
176825
176854
176915
176936
176989
177032
177124
177664
177704
177838
177844
177853
177861
177877
177951
178113
178358
178469
178489
178552
178605
178631
178695
178818
178887
178892
178917
178955
179017
179230
179339
179446
179469
179603
179637
179689
179703
179884
179996
180043
180059
180117
180168
180229
180354
180546
180673
180779
180796
180873
180905
180926
181078
181125
181245
181300
181536
181569
181656
181683
181716
181762
181945
181985
182122
182163
182213
182230
182348
182393
182525
182668
183176
183185
183273
183366
183370
183721
184819
184829
185035
185161
185217
185263
185363
185425
185438
185532
185572
185753
185812
185859
186006
186183
186192
186228
186274
186386
186398
186704
186744
186786
186865
186938
186994
187163
187260
187289
187369
187460
187662
187716
187744
187760
187846
187946
187975
188030
188061
188095
188149
188170
188199
188214
188236
188271
188305
188324
188353
188366
188486
188772
188791
188898
189002
189042
189068
189114
189265
189283
189361
189388
189487
189587
189669
189695
189756
189784
189824
189867
189996
190199
190228
190231
190253
190510
190526
190686
190951
191172
191187
191222
191299
191507
191521
191668
191796
191807
191850
191945
191989
191997
192007
192473
192594
192759
192854
192914
192934
192966
192989
193017
193377
193402
193438
193555
193661
193785
193816
193907
193937
193962
194108
194132
194323
194350
194435
194702
194848
194911
195219
195369
195420
195429
195527
195567
195619
195672
195705
195707
195744
195798
195808
195943
195986
196003
196016
196053
196094
196123
196191
196218
196227
196425
196512
196530
196865
196920
197009
197102
197146
197327
197364
197377
197530
197626
197637
197720
197818
198154
198161
198230
198255
198362
198383
198534
198948
199061
199207
199269
199395
199684
199862
199903
200004
200059
200107
200138
200150
200163
200227
200305
200416
200506
200653
200761
200789
200904
201155
201284
201585
201885
202086
202169
202194
202415
202546
202567
202603
202691
202745
202803
202811
202945
202971
203039
203118
203179
203309
203361
203594
203733
203802
203934
203948
203970
204114
204265
204389
204392
204523
204528
204610
204625
204628
204657
204719
204762
204922
204955
204992
205100
205135
205159
205277
205320
205339
205385
205505
205602
205679
206002
206025
206066
206125
206146
206309
206552
206611
206648
206711
207037
207051
207274
207402
207408
207469
207489
207532
207591
207769
207823
208140
208306
208393
208526
208602
208675
208734
208770
208809
208994
209044
209182
209254
209358
209527
209824
209838
210019
210117
210186
210243
210274
210300
210319
210457
210520
210597
210621
210894
210952
211013
211278
211383
211480
211519
211647
211694
211881
211958
212014
212108
212135
212295
212403
212470
212566
212626
212644
212655
212714
212748
212760
212780
212828
212852
213038
213044
213177
213192
213358
213376
213459
213481
213686
213944
214056
214197
214211
214295
214521
214623
214661
214762
214871
214926
214947
215089
215418
215432
215495
215699
215773
215964
215990
216026
216264
216392
216517
216874
217172
217240
217342
217410
217487
217524
217599
217631
217718
218043
218109
218132
218140
218167
218348
218449
218493
218640
218720
218746
218763
218878
218932
219192
219306
219340
219372
219391
219565
219700
219806
219853
219983
220137
220245
220398
220409
220642
220652
220663
221100
221173
221191
221287
221314
221820
221948
221985
222149
222194
222292
222629
223064
223095
223113
223184
223187
223219
223306
223313
223472
223655
223730
223878
224037
224261
224398
224414
224480
224511
224526
224731
224832
224919
225436
225452
225647
225672
225812
225819
225832
225899
225933
226009
226171
226228
226245
226357
226434
226454
226737
226920
226964
227125
227627
227738
227890
227909
228175
228291
228329
228407
228487
228642
228692
228851
228881
228910
228934
229276
229310
229317
229330
229423
229471
229505
229756
229768
229953
229985
230051
230096
230109
230176
230309
230318
230345
230372
230922
231070
231078
231269
231318
231357
231398
231444
231484
231522
231596
231666
232085
232099
232231
232396
232420
232559
232667
232793
232861
232970
232992
233018
233141
233214
233235
233267
233300
233345
233387
233708
233954
234018
234318
234538
234707
234716
234898
234949
234972
235138
235425
235476
235543
235742
235801
235848
235861
235907
236127
236155
236322
236506
236513
236595
236603
236885
237000
237082
237315
237453
237457
237731
238103
238121
238147
238238
238291
238338
238384
238457
238586
238673
238826
238971
239538
239555
239635
239721
239735
239770
239782
239818
239823
240129
240181
240475
240576
240613
240655
240708
240999
241106
241113
241378
241435
241537
241572
241601
241611
241673
241743
241748
241804
241888
241980
242138
242245
242353
242379
242389
242447
242460
242514
242563
243131
243294
243304
243411
243421
243461
243496
243509
243618
243624
243668
243796
244061
244086
244092
244159
244404
244434
244452
244520
244635
244638
244780
244846
244876
245007
245187
245244
245275
245534
245673
245914
246189
246248
246286
246311
246355
246425
246631
246680
246841
246934
246962
247049
247323
247443
247463
247600
247622
247755
247759
247809
247847
247857
247908
247950
248150
248187
248238
248330
248504
248553
248576
248612
248619
248683
248718
248766
248980
248997
249020
249044
249143
249167
249286
249289
249361
249628
249709
249870
250007
250236
250263
250286
250422
250475
250513
250549
250599
250699
250758
250847
250903
250920
250953
251032
251261
251397
251477
251566
251714
251768
252001
252109
252284
252732
252846
253026
253145
253338
253447
253553
253698
253822
253857
254041
254131
254331
254425
254495
254560
254587
254605
254672
254730
254928
255021
255330
255589
256104
256277
256291
256299
256311
256416
256446
256496
256571
256713
256836
257001
257024
257065
257088
257104
257114
257145
257189
257212
257250
257501
257634
257641
257680
257827
257894
257953
257980
258004
258053
258100
258226
258263
258308
258341
258458
258467
258488
258523
258545
258622
258667
258784
258831
258868
259063
259168
259269
259302
259378
259413
259420
259481
259483
259587
259612
259636
259698
259715
259728
259802
259816
259941
259978
260018
260045
260090
260137
260145
260231
260387
260473
260726
260828
260857
260955
260978
260981
261007
261041
261217
261416
261486
261496
261584
261742
261861
261965
262072
262267
262295
262359
262589
263075
263302
263309
263739
263918
264103
264213
264408
264517
264587
264615
264752
264811
264925
264932
264966
265175
265449
265484
265568
265660
265894
265905
265938
265996
266025
266109
266192
266233
266269
266307
266726
267041
267178
267378
267474
267610
267635
267663
267784
267943
267958
268011
268076
268243
268289
268448
268461
268763
268893
268975
269014
269181
269468
269533
269639
269786
269795
269855
269918
269938
270159
270355
270387
270448
270481
270710
270764
270984
271145
271246
271271
271293
271353
271378
271418
271507
271516
271524
271627
271679
271709
271750
271777
271849
271922
271964
272030
272076
272570
272659
272688
272801
273138
273264
273449
273581
273600
273641
273792
274135
274225
274280
274681
274689
275110
275116
275245
275466
275665
275677
275815
275866
275881
276004
276050
276150
276445
276563
276762
276778
276785
276857
276951
277101
277267
277297
277352
277457
277496
277524
277863
277946
277990
278125
278404
278503
278577
278738
278846
278947
279093
279120
279201
279229
279287
279313
279356
279550
279627
279699
279739
279760
279770
279846
279908
280121
280181
280212
280418
280787
280865
280965
281073
281246
281428
281598
281654
281834
281923
282024
282082
282701
282761
282772
282785
282972
283176
283438
283541
283669
283711
283787
283821
283988
284308
284393
284844
284873
284888
285111
285117
285238
285343
285417
286056
286080
286190
286292
286351
286395
286482
286504
286681
286689
286845
286879
287015
287038
287136
287403
287452
287496
287518
287645
287798
287829
287845
287865
287885
287916
287945
287993
288071
288106
288241
288368
288383
288411
288430
288463
288472
288532
288553
288602
288611
288719
288814
288858
289046
289151
289299
289395
289504
289716
289748
289760
289809
289914
290002
290157
290205
290339
290387
290437
290614
290869
290939
290987
291153
291181
291228
291260
291276
291315
291330
291444
291478
291636
291645
292236
292292
292300
292381
292449
292708
293239
293284
293335
293441
293457
294034
294063
294129
294180
294283
294324
294364
294427
294594
294606
294843
294882
295040
295062
295152
295173
295266
295343
295392
295432
295817
295851
295918
295945
295986
296114
296216
296229
296502
296690
296715
296813
296925
296950
297013
297072
297102
297394
297482
297579
297818
297859
297982
298059
298143
298163
298391
298496
298580
298644
298652
298748
298819
298862
298930
299005
299115
299456
299902
300102
300163
300239
300316
300379
300394
300415
300971
301113
301335
301354
301488
301520
301603
301651
301752
301847
301923
301994
302048
302064
302157
302232
302559
302589
302713
302739
302855
303037
303203
303447
303529
303560
303596
303685
303724
303851
303989
304067
304084
304182
304212
304440
304565
304649
304699
304858
304864
305243
305264
305306
305331
305366
305390
305522
305640
305658
305795
305930
305951
306294
306629
306638
306801
306833
307041
307053
307254
307276
307383
307440
307750
307855
307963
308008
308051
308068
308398
308415
308550
308569
308594
308865
308973
309126
309247
309372
309471
309576
309610
309728
309897
310118
310266
310353
310410
310551
310591
310679
310737
310795
310914
311108
311154
311242
311286
311474
311538
311571
311583
311796
311816
311846
311852
312143
312174
312225
312237
312460
312532
312742
312790
312850
312932
312953
312973
313045
313056
313213
313316
313478
313586
313693
313938
313986
314072
314120
314287
314482
314584
314655
314832
314887
314930
315020
315187
315315
315357
315620
315912
315938
316036
316142
316226
316404
316622
316772
316975
317034
317114
317175
317273
317472
317608
317923
317999
318055
318214
318317
318550
318625
318723
318862
319049
319324
319458
319465
319472
319509
319530
319633
319669
319696
320293
320449
320605
320715
320739
320894
320907
321066
321103
321207
321336
321353
321416
321499
321565
321609
321654
321798
321814
321880
321888
321943
322337
322554
322590
322655
322685
322781
322862
323002
323165
323211
323319
323442
323483
323508
323643
323770
323930
324056
324106
324117
324232
324264
324505
324728
324761
324924
325080
325231
325376
325401
325623
325801
325869
325953
326221
326325
326412
326429
326499
326675
326729
326944
326966
326986
327051
327099
327112
327311
327356
327560
327639
327744
327797
328045
328050
328133
328141
328248
328414
328451
328623
328677
328862
328924
329165
329181
329196
329254
329332
329350
329603
329623
329679
329702
329902
329957
330334
330659
330758
331029
331124
331289
331453
331576
331661
331793
332023
332072
332138
332255
332285
332585
332644
332714
332765
332946
332975
333002
333014
333102
333230
333254
333309
333631
333695
334201
334234
334276
334415
334543
334652
334764
334918
334931
334996
335041
335119
335147
335490
335536
335705
335861
336301
336312
336618
336757
336783
336829
336855
337299
337640
337701
337879
337901
337942
337979
338135
338142
338314
338351
338403
338588
338920
339009
339171
339187
339223
339241
339272
339428
339466
339563
339668
339737
339827
340098
340163
340208
340394
340679
340715
340817
340873
341017
341432
341763
341779
342056
342076
342413
342433
342457
342521
342572
342649
342669
342781
342787
342931
343021
343070
343155
343265
343421
343493
343547
343811
343995
344515
344726
344748
344781
344961
345058
345163
345203
345212
345281
345309
345384
345400
345440
345497
345550
345674
345940
345986
346143
346608
346622
346666
346732
346769
346889
346933
346995
347157
347188
347271
347421
347755
347928
347998
348173
348238
348262
348308
348376
348383
348408
348491
348552
348607
348675
348710
348973
349063
349364
349384
349438
349858
349866
350093
350130
350204
350313
350423
350487
350518
350880
350926
350997
351000
351170
351481
351622
351787
351805
351857
351880
351902
351904
351971
351980
352043
352064
352096
352137
352175
352256
352278
352331
352626
352644
352745
352955
353135
353249
353473
353538
353657
353783
353985
354158
354169
354200
354392
354914
354968
355158
355242
355429
355493
355548
355568
355704
355718
355933
355957
356106
356163
356214
356467
356515
356618
356652
356765
356801
356866
356966
356971
357208
357420
357628
357642
357668
357692
357993
358184
358249
358343
358402
358630
358715
358727
359150
359334
359459
359546
359617
359806
360121
360305
360659
360845
360862
360981
361022
361072
361191
361199
361270
361363
361382
361606
361730
361992
362021
362094
362375
362770
362792
362939
363112
363233
363313
363418
363472
363524
363574
363720
363730
363784
364077
364264
364293
364341
364488
364555
364701
364758
364839
365081
365086
365183
365372
365428
365557
365942
366149
366219
366438
366457
366591
366653
366677
366714
366807
366862
367328
367369
367387
367637
367724
367770
367782
367928
368030
368084
368244
368323
368327
368432
368489
368682
368914
368935
369024
369114
369163
369185
369279
369374
369544
369669
369781
369888
369902
370013
370088
370101
370301
370384
370608
370737
370778
370813
370829
370872
370918
370977
371038
371085
371169
371376
371752
371768
371824
371919
372035
372061
372092
372298
372447
372477
372534
372824
372866
372904
372934
372962
372970
372982
372995
373167
373217
373357
373438
373490
373583
373752
373816
373876
374005
374199
374469
374541
374654
374830
375027
375128
375383
375480
375601
375662
375674
375720
375792
375895
375923
376023
376047
376085
376115
376132
376286
376308
376368
376414
376556
377177
377435
377684
377846
378042
378171
378271
378283
378360
378396
378550
378624
378664
378682
378839
378859
379017
379184
379232
379409
379480
379526
379566
379745
379808
379865
380061
380338
380795
381041
381282
381396
381673
381749
382249
382352
382381
382399
382435
382475
382521
382827
383300
383365
383590
383730
383741
383812
383839
383889
383971
384065
384076
384111
384319
384436
384538
384577
384604
384632
384693
384729
384835
384911
385096
385108
385217
385511
385515
385562
385593
385649
385695
385844
385907
386402
386442
386535
386576
386603
386729
386763
386878
387036
387084
387112
387258
387288
387319
387333
387633
387700
388010
388364
388395
388516
388786
388806
388873
389058
389135
389175
389240
389311
389476
389499
389532
389672
389822
389847
389936
390004
390007
390033
390064
390172
390274
390281
390321
390567
390697
390744
390788
390806
390818
391003
391057
391146
391155
391231
391247
391306
391527
391573
391591
391747
391906
392289
392342
392454
392676
392683
392760
392779
392901
392909
393025
393128
393319
393359
393506
393549
393605
393801
393871
393900
393963
394224
394255
394340
394450
394598
394626
394636
394662
394747
394981
395100
395121
395207
395357
395408
395721
395835
396002
396169
396635
396830
396933
396958
397077
397170
397315
397709
397731
397924
397985
398152
398176
398208
398228
398238
398304
398329
398334
398440
398497
398511
398552
398887
398897
399052
399177
399226
399277
399405
399430
399628
399724
399767
399874
399902
399971
400060
400199
400296
400429
400459
400503
400628
400710
400764
400859
400990
401187
401245
401313
401428
401444
401541
401911
402198
402310
402551
402630
403325
403433
403504
403580
403607
403655
403792
403922
403995
404070
404129
404220
404408
404536
404552
404765
405134
405198
405300
405314
405374
405810
405846
405963
406052
406066
406080
406173
406359
406659
406667
406877
406894
407099
407165
407778
408099
408283
408613
408889
408997
409050
409062
409499
409547
409805
409849
410053
410176
410185
410426
410527
410711
410726
410790
410812
410878
410926
411034
411096
411132
411195
411244
411450
411516
411635
411704
411750
411790
412232
412262
412630
412866
412920
412987
413128
413177
413341
413574
413886
414150
414175
414374
414695
414752
414867
414980
414994
415133
415321
415577
415721
415745
415850
416075
416208
416272
416301
416360
416397
416565
416628
416676
416767
416785
416865
416878
416896
416970
417324
417923
418124
418175
418384
419154
419269
419285
419337
419414
419705
419763
419851
420187
420269
420320
420545
420596
420703
420888
420902
420907
421191
421260
421305
421332
421729
421748
421762
421771
421928
421989
422123
422472
422856
423158
423556
423560
423741
423803
423829
423845
423871
423979
424144
424420
424594
424733
424754
424868
424912
425099
425202
425285
425347
425391
425403
425440
425486
425668
425783
425831
425974
426079
426093
426156
426387
426681
426805
426860
426904
426997
427026
427159
427330
427517
427650
427769
427830
427964
428064
428091
428153
428399
428493
428502
428655
428664
428779
428788
428810
429322
429567
429602
429765
429807
429899
429909
430042
430110
430554
430588
430685
430737
430778
430807
430850
431022
431208
431457
431539
431669
431881
431932
432359
432536
433002
433032
433049
433401
433477
433571
433574
433631
433682
433727
434067
434160
434327
434537
434726
434777
435243
435397
435498
435638
435661
435773
435947
435999
436015
436033
436244
436305
436439
436693
436700
436722
436729
436895
436918
437199
437222
437265
437520
437586
437668
437692
437868
437918
437928
438086
438117
438171
438235
438390
438410
438457
438474
438580
438622
438661
438777
438843
439090
439199
439342
439411
439494
439509
439515
439612
439660
439883
439948
439961
440023
440026
440081
440108
440164
440274
440497
440592
440795
441285
441312
441343
441389
441422
441452
441510
441612
441659
441719
442056
442064
442070
442127
442156
442177
442205
442373
442402
442546
442610
442655
442949
443312
443331
443433
443503
443514
443598
443697
443862
444163
444187
444373
444554
444673
444835
444892
445272
445311
445419
445506
445535
446295
446690
446848
447084
447138
447187
447221
447238
447356
447471
447512
448095
448646
448656
448750
449001
449094
449160
449211
449254
449302
449316
449326
449660
449828
449856
449875
449977
450057
450093
450150
450213
450346
450375
450385
450485
451153
451165
451168
451261
451290
451313
451431
451661
451697
451806
451947
452073
452252
452279
452303
452333
452628
452724
452757
452843
452924
452993
453032
453039
453076
453104
453291
453349
453978
454030
454157
454430
454488
454571
454806
454935
455038
455136
455234
455566
455648
456413
456560
456816
456979
457274
457285
457469
458023
458050
458063
458172
458402
458511
458595
458639
458711
458891
458992
459031
459142
459395
459510
459581
459705
459823
459892
459901
460037
460099
460201
460674
460692
460701
460985
461202
461229
461285
461329
461366
461388
461408
461713
461783
461824
461872
461925
461949
461968
462022
462135
462191
462323
462447
462473
462516
462615
462720
462825
463072
463287
463300
463392
463556
463634
463811
463822
463870
464059
464124
464299
464476
464608
465007
465040
465156
465292
465408
465793
465806
465881
465953
465975
466016
466026
466078
466085
466228
466565
466650
466718
466769
466855
466941
466995
467002
467048
467213
467304
467320
467438
467625
467647
467686
467891
468299
468345
468364
468386
468418
468501
468569
468611
468630
468812
468851
468992
469092
469110
469174
469279
469296
469379
469522
469590
469668
469747
469837
470000
470138
470188
470239
470499
470526
470611
470767
470852
471081
471161
471291
471420
471563
471610
471877
472111
472309
472483
472585
472964
473004
473016
473091
473239
473293
473405
473650
473842
474151
474191
474223
474225
474493
474579
474586
474620
474656
474719
474899
475172
475199
475203
475283
475518
475744
475815
475932
476146
476288
476318
476377
476791
476997
477105
477138
477149
477309
477747
477901
477978
478056
478242
478593
478638
478772
478794
478807
478897
478915
478954
479148
479227
479297
479341
479355
479361
479394
479495
479544
479955
480239
480273
480616
480641
480738
480746
480885
480958
480970
481122
481131
481475
481526
481565
481662
481768
481818
481951
482109
482218
482229
482301
482372
482522
482644
482699
482915
483038
483140
483404
483462
483594
483613
483652
483708
483804
483848
484061
484119
484216
484289
484440
484610
484637
484916
485018
485080
485162
485282
485337
485360
485478
485622
485663
485806
485991
486110
486252
486341
486480
486580
486771
486878
486968
487014
487038
487308
487345
487440
487462
487513
487640
487646
487886
487972
488113
488341
488657
488763
488807
488938
488993
489217
489518
489830
490092
490511
490678
491035
491061
491116
491202
491315
491393
491404
491421
491510
491676
491703
491806
491900
491925
491949
492047
492248
492402
492866
492993
493023
493052
493269
493424
493485
493633
494019
494071
494270
494307
494353
494572
494711
494748
494755
494800
494901
494976
495129
495174
495348
495366
495386
495470
495563
495903
495953
496064
496129
496194
496215
496500
496740
496772
497085
497217
497367
497421
497504
497630
497781
497967
497973
498006
498168
498233
498253
498523
498619
498660
498752
498826
498864
498896
498922
498938
498942
498956
498983
499063
499148
499278
499303
499333
499399
499770
499819
499876
499973
500014
500032
500076
500097
500202
500509
500655
500697
500771
500847
500965
501389
501637
501651
502418
502732
502868
502974
503156
503170
503346
503406
503446
503536
503550
503557
503578
503787
503891
503911
504032
504165
504182
504274
504336
504394
504557
504659
504840
504883
504959
505190
505494
505560
505660
505681
505786
505817
505823
505864
505884
505924
505964
505980
506056
506256
506491
506609
506752
506772
507112
507155
507277
507376
507382
507584
507770
507893
508064
508234
508400
508531
508554
508685
508888
508916
509608
509672
510107
510494
510528
510627
510663
510749
510851
511465
511551
511559
511770
511874
511900
511977
512123
512248
512258
512334
512481
512538
512734
512794
512855
512909
513253
513272
513382
513437
513722
513771
513792
513849
514201
514235
514280
514347
514365
514410
514505
514761
515008
515273
515408
515467
515489
515615
515636
515712
516073
516179
516400
516440
516471
516518
516719
516771
516779
516804
516922
516934
516946
516951
516981
516994
517190
517300
517529
517546
517699
517707
517827
518667
518745
518760
518768
518784
519017
519104
519297
519362
519497
519773
519853
519951
520283
520347
520391
520457
520533
520677
520782
521107
521135
521155
521186
521365
521571
521595
521647
521718
521775
521861
521929
522119
522173
522408
522520
522546
522632
522761
522862
523004
523121
523126
523207
523223
523421
523549
523729
523752
523876
524218
524326
524422
524453
524485
524513
524612
524719
524963
524974
525130
525160
525170
525456
525464
525531
525556
525582
525605
525718
525822
526060
526275
526299
526311
526410
526419
526692
526754
526937
526993
526999
527145
527362
527404
527428
527481
527519
527638
527668
527675
527752
527911
527927
527959
528046
528566
528572
528601
528715
528777
528784
528800
528933
528952
529089
529315
529530
529889
529962
530084
530645
531313
531411
531515
531529
531661
531672
531702
531938
532035
532072
532264
532279
532425
532451
532791
532864
533244
533351
533395
533418
533458
533543
533554
533569
533631
533752
533848
533855
533955
533995
534077
534204
534356
534398
534438
534547
534656
534963
535384
535587
535626
536095
536274
536296
536336
536488
536604
536664
536950
537188
537267
537403
537750
537805
538215
538295
538603
538610
538674
538703
538778
538855
538910
538955
539049
539408
539438
539763
539999
540105
540160
540257
540356
540409
540665
540811
540997
541036
541144
541161
541184
541658
541794
541931
541992
542093
542131
542221
542559
542747
542851
543010
543194
543378
543564
543616
543788
544130
544182
544247
544252
544320
544482
544548
544635
544640
544751
544916
544985
545164
545185
545274
545566
545712
546140
546186
546233
546240
546247
546307
546337
546891
546986
547013
547564
547709
547984
548125
548608
548893
548987
549125
549497
549579
549596
549629
549754
549831
549916
549945
549979
550015
550238
550429
550448
550582
550625
550799
550902
551230
551442
551480
551533
551644
551672
551999
552033
552172
552234
552240
552595
552660
552743
552765
552788
552974
553015
553052
553202
553323
553361
553437
553601
553980
553989
554072
554094
554097
554122
554265
554301
554339
554603
554896
555077
555214
555242
555345
555616
555764
555790
555835
555903
555923
556089
556171
556213
556218
556344
556495
556537
556628
556649
556819
556979
557016
557275
557332
557351
557402
557420
557944
558054
558153
558408
558557
558655
558723
558756
558891
558975
559067
559171
559412
559622
559705
559729
559750
559827
559854
559982
560078
560211
560225
560266
560374
560435
560514
560528
560705
560855
560916
560918
560975
561036
561055
561180
561187
561404
561547
561551
561987
562203
562588
562808
562893
563052
563073
563158
563729
564343
564386
564415
564602
564615
564735
564779
564813
564982
565094
565250
565330
565373
565423
565501
565605
565729
565778
565838
565947
565961
565991
566144
566183
566231
566302
566356
566405
566474
566585
567178
567614
567720
567737
567832
567942
568095
568276
568617
568708
568758
569052
569131
569442
569641
569678
569750
569858
570170
570361
570481
570583
570613
570701
570784
570879
570909
570979
571104
571109
571526
571550
571572
572399
572460
572742
572765
572944
573222
573482
573708
573983
574021
574437
574523
574559
574705
574808
574872
574980
575035
575204
575221
575273
575407
575524
575557
575625
575718
575724
575777
575821
575844
575900
575937
576113
576169
576328
576370
576403
576445
576472
576483
576524
576526
576729
576780
576864
577043
577051
577460
577800
577826
577901
577935
578124
578138
578175
578291
578334
578354
578492
578642
578809
578816
578869
578941
578987
579015
579118
579175
579304
579331
579382
579403
579633
579639
579885
579929
579979
580015
580063
580494
581033
581150
581211
581216
581548
581600
581612
581623
581711
581727
581764
582013
582079
582160
582222
582474
582558
582818
582900
582923
583026
583064
583092
583100
583112
583126
583269
583469
583490
583614
583645
583706
583865
583930
584136
584366
584386
584443
584455
584672
584828
584899
585001
585056
585533
585665
585740
585753
585842
585908
585926
585967
586040
586121
586153
586373
586487
586677
586707
586938
587025
587416
587544
587915
587972
587988
588003
588246
588277
588361
588456
588786
588840
588903
589013
589042
589091
589118
589324
589464
589667
589931
589995
590033
591101
591115
591145
591259
591328
591343
591436
591475
591529
591583
591757
591810
591817
591905
592018
592056
592092
592222
592509
592716
592804
593008
593061
593213
593284
593293
593425
593500
593598
593913
594412
594429
594580
594673
594879
594931
595020
595186
595466
595601
595761
595782
595930
596080
596448
596546
596611
596698
596731
597209
597283
597377
597437
597485
597556
597563
597761
597776
597969
598200
598306
598328
598354
598525
598553
598921
599036
599408
599599
600087
600147
600200
600285
600831
600940
601134
601446
601513
601577
601725
601966
601986
602016
602068
602242
602288
602452
602632
602692
602997
603035
603490
603816
604049
604114
604178
604218
604280
604561
604745
604840
604951
605021
605054
605116
606293
606340
606479
607115
607383
607600
608046
608097
608126
608157
608343
608421
608499
608559
608594
608991
609519
609587
609624
609740
609774
610273
610403
610554
610660
610962
611017
611073
611115
611149
611184
611254
611313
611363
611391
611444
611497
611602
611628
611880
612025
612052
612279
612368
612755
612778
612805
613155
613427
613473
613495
613861
613884
613921
614249
614361
614379
614768
614974
615025
615063
615102
615126
615154
615228
615318
615323
615480
615642
615676
615707
615793
615837
616071
616131
616145
616181
616625
616735
616838
616888
617095
617557
617624
617640
617655
617880
617967
618354
618536
618843
619040
619326
619398
619470
619628
619789
619939
619999
620067
620090
620103
620242
620358
620422
620499
620571
620903
621169
621179
621326
621431
621537
621655
621814
622433
622471
622556
622589
622613
622783
623044
623055
623316
623340
623382
623418
623520
623613
623730
623807
624106
624417
624793
624826
624852
624854
625077
625119
625161
625312
625500
625695
625816
626295
626303
626337
626418
626566
626627
626781
626937
627335
627379
627427
627691
627800
627850
627868
628008
628062
628164
628395
628584
628646
628745
628886
629065
629092
629401
629440
629456
629549
630244
630502
630685
630823
630918
631223
631394
631497
631601
631665
632009
632034
632269
632379
632388
632497
632641
632935
633883
633901
634002
634103
634387
634453
634758
634782
635038
635079
635149
635307
635451
635758
635982
636063
636101
636363
636572
636589
636674
636824
636864
636895
637170
637206
637317
637417
637419
637437
637781
637924
638046
638243
638335
638398
638560
638592
638642
638799
638838
638958
639055
639161
639665
639858
640066
640115
640148
640238
640256
640345
640363
640410
640516
640696
640727
640771
640837
641001
641174
641217
641392
641539
641570
641716
641748
641814
641886
641981
642080
642086
642157
642298
642344
642360
642500
642602
642707
642739
642953
643044
643264
643355
643456
643546
643725
643876
643905
643963
643991
644023
644434
644481
644510
644516
644864
644886
644966
645161
645365
645657
646247
646315
646393
646570
646753
647120
647540
647615
647673
647904
648003
648153
648218
648252
648275
648290
648304
648333
648595
648602
648789
648878
648926
648941
649198
649240
649255
649304
649359
649392
649553
649563
649577
649654
649682
649971
650000
650064
650461
650592
650608
650627
650635
650795
651055
651070
651194
651345
651522
651551
651604
651645
651734
651808
651834
651963
652046
652128
652336
652366
652429
652665
652678
652772
652785
652862
653090
653496
653508
653569
653593
653988
654002
654011
654190
654366
654968
655162
655324
655410
655612
655737
655944
655950
655961
656022
656056
656172
656265
656465
656587
656629
656723
656843
656890
656986
657078
657105
657223
657449
657583
657660
657676
657731
657851
657953
658155
658218
658223
658354
658525
659156
659497
659571
659688
659770
659862
659929
660061
660160
660379
660480
660553
660596
660611
660704
660737
660848
660960
660994
661022
661169
661200
661385
661449
661544
661597
661790
662008
662196
662459
662549
662575
662688
662988
663055
663207
663410
663573
663782
663814
663913
663945
664080
664178
664396
664605
664657
664711
664756
664808
665085
665512
665739
666161
666195
666333
666728
666771
667000
667074
667131
667318
667405
667714
667835
667937
667964
668362
668588
668772
668786
668924
669044
669181
669693
669773
670317
670390
670545
670602
670686
670727
670869
670989
671028
671063
671127
671222
672260
672594
672658
672764
672908
673151
673196
673279
673587
673693
673932
673976
674953
675231
675258
675355
675430
675446
675530
675564
675603
675645
675752
675801
675929
675939
676204
676266
676348
676837
676946
677007
677086
677207
677286
677385
677791
678012
678054
678084
678378
678821
678844
678946
679124
679535
679716
679992
680100
680142
680407
680651
680995
681030
681154
681505
681783
681931
681987
682227
682294
682303
682484
682494
682614
682779
682817
682832
682868
683004
683159
683170
683223
683320
683378
683643
683808
684001
684400
684430
684457
684565
684580
684668
684702
684791
684851
684861
684898
684963
684984
685103
685220
685289
685357
685403
685422
685647
685817
685976
686307
686326
686400
686465
686519
687032
687187
687369
687418
687577
687648
687767
687835
687853
688173
688347
688393
688569
688670
688792
689102
689378
689471
689763
690012
690198
690438
690541
690777
690855
690901
691202
691235
691249
691547
691585
691672
691684
691876
692055
692257
692359
692410
692430
692563
692607
692670
692681
692836
692881
693030
693065
693218
693528
693672
693687
693856
693870
694071
694290
694387
694402
694614
694815
695003
695144
695275
695379
695925
695969
696172
696183
696342
696384
696429
696513
696632
696643
696652
696856
696933
697035
697100
697260
697314
697545
697697
697829
698038
698076
698465
698514
698538
698888
699145
699260
699919
699944
699954
700009
700236
700294
700329
700411
700681
700756
700821
700851
701027
701066
701172
701429
701480
701589
701756
702067
702089
703162
703230
703378
703563
703679
703812
703821
704068
704312
704352
704777
704979
705048
705133
705299
705425
705616
705703
705991
706003
706020
706135
706417
706429
706675
706732
706759
706881
707120
707170
707188
707278
707312
707413
707612
707749
708064
708091
708103
708140
708185
708270
708301
708485
708544
708573
708688
708739
708911
708959
709039
709136
709170
709182
709204
709270
709677
709865
709884
710060
710244
710354
710569
710593
710945
711203
711293
711705
711942
712040
712114
712125
712486
712518
712555
712620
712824
712899
712926
713369
713480
713746
713825
713924
714197
714260
714342
714396
714587
714824
714954
714981
715440
715840
716148
716182
716190
716358
716521
716600
716660
716695
716792
717345
717348
717465
717481
717557
718106
718194
718238
718388
718598
718722
718813
719026
719209
719455
719491
719497
719598
719833
719857
719944
720044
720251
720286
720324
720769
721186
721247
721643
721672
722526
722794
722807
722844
723062
723137
723166
723223
723322
723368
723766
724202
724388
724555
724628
724644
724886
725222
725240
725249
725506
725672
726336
726453
726588
726774
727036
727177
727203
727238
727300
727470
727928
727948
728008
728044
728220
728483
728527
729002
729152
729203
729217
729457
729606
729622
729881
730050
730181
730199
730392
730414
730570
730599
730627
731085
731297
731565
731597
731638
731717
731752
731935
731985
732036
732196
732227
732673
732755
732841
732895
733281
733562
733597
733692
733708
733945
734063
734104
734225
734513
734651
734687
734733
734811
735134
735330
735384
735514
735587
735596
735768
735909
736460
736568
736650
736854
736905
736976
737225
737346
737517
737603
737945
738216
738273
738286
738353
738462
738486
738519
738694
739740
740239
740341
740476
740868
740934
740942
741163
741173
741246
741277
741414
741488
741791
741910
741932
741944
742297
742407
742474
742509
742692
742701
743068
743134
743687
743769
743823
744019
744093
744119
744226
744422
744441
744616
744692
744796
744847
744865
744877
745324
745515
745717
745739
745771
745862
745995
746344
746464
746522
746663
746757
746892
746900
746922
746951
746966
747240
747254
747439
747596
748158
748327
748337
748418
748500
748670
748863
748879
749016
749481
749667
749683
749740
749799
749868
749873
750542
750914
751189
751270
751279
751326
751332
751344
751366
751660
751896
752027
752089
752131
752154
752360
752419
752460
752817
753004
753045
753232
753271
753275
753352
753402
753455
753484
753629
753652
754160
754487
754565
754643
754656
754779
754828
754857
755086
755270
755323
755510
755573
755666
755723
755825
756045
756054
756173
756184
756264
756344
756629
756632
756651
756878
756991
757165
757258
757290
757346
757457
757520
757556
757592
757775
758053
758087
758175
758278
758337
758562
758578
758591
758898
758918
759020
759191
759256
759283
759350
759392
759467
759490
759815
759922
760068
760195
760566
761089
761137
761166
761198
761207
761251
761304
761324
761348
761384
761448
761546
761798
761835
761876
762267
762284
762365
762425
762576
762736
762771
762900
763011
763045
763397
763598
764268
764288
764631
764709
764815
764826
764855
764945
765031
765088
765305
765368
765412
765492
765506
765736
765994
766105
766203
766315
766346
766373
766520
766862
766874
766963
766990
767021
767197
767686
767716
767732
767840
767853
768376
768692
769071
769202
769221
769438
769499
769513
769564
769585
769686
769716
769876
769911
769977
770067
770378
770383
770427
770527
770611
770667
770914
770990
771096
771203
771336
771420
771582
771818
771839
771853
772436
772596
772701
772834
772917
773062
773109
773251
773318
773354
773608
773620
773764
773931
773945
774058
774206
774218
774276
774327
774347
774506
774537
774564
774801
775002
775278
775524
775724
775869
776007
776119
776204
776228
776729
776761
776837
776909
777325
777500
777582
777604
777667
777711
777815
777956
778099
778202
778310
778511
778620
779048
779110
779312
779764
779798
780350
781064
781896
782140
782606
782742
782796
782817
782839
782867
782914
783161
783347
783384
783840
783912
783957
783992
784207
784231
784437
784589
784755
784843
784889
784950
785257
785291
785395
785562
785639
785645
785688
785737
785799
785862
785915
786016
786050
786091
786520
786688
786743
786869
786903
786934
787071
787114
787199
787397
787436
787624
787808
787914
787969
788104
788425
788921
789037
789095
789332
789712
789899
790066
790342
790367
790836
790909
791616
791873
792302
792324
792343
792357
792462
792659
792702
792733
792836
793002
793011
793323
793466
793481
793543
793750
793836
794022
794351
794428
794525
794915
794921
795178
795222
795230
795305
795478
795728
795846
796367
796514
796629
796984
796998
797211
797392
797634
797914
797962
798073
798235
798408
798746
798796
799028
799274
799535
799552
799594
799801
800023
800043
800163
800210
800299
800351
800899
800944
801029
801550
801921
801940
802324
802332
802350
802556
802595
802788
803117
803275
803357
803499
803709
803738
803905
804310
804372
804771
804929
805044
805088
805399
805432
805439
805469
805568
805597
805742
805774
805923
806132
806254
806283
806293
806297
806389
806618
806717
806726
806789
807091
807097
807154
807351
807481
807763
807785
807805
808123
808362
808406
808582
808616
808699
809221
809581
809744
809752
809776
809810
809914
810042
810159
810412
810593
810683
811127
811235
811241
811298
811304
811486
811543
811685
811781
811951
811988
812007
812199
812248
812595
812667
813160
813556
813825
813836
814176
814229
814267
814680
814828
815288
815370
815703
816045
816482
816816
816833
816845
817145
817430
817732
817779
817839
817908
817924
818267
818297
818365
818475
818527
818788
819098
819308
819431
819497
819530
819586
819638
819687
819866
819987
820000
820040
820190
820911
821380
821454
821546
821698
821854
821886
821903
821983
822034
822101
822242
822267
822323
822462
822488
822563
822930
822954
822992
823027
823055
823106
823213
823288
823634
823664
823723
823897
824100
824305
824344
824807
825099
825148
825258
825427
825483
825643
825685
825721
825940
825972
826067
826146
826189
826239
826261
826607
826802
826889
826962
827033
827117
827168
827173
827188
827366
827485
827641
827689
827811
828421
828981
829023
829062
829197
829343
829481
829571
829585
829824
830257
830441
830513
830678
830854
830905
831027
831088
831245
831610
831855
831893
832098
832207
832449
832647
832703
832815
833012
833178
833455
833729
833744
834006
834415
834419
834658
834673
835193
835537
835691
835981
836053
836074
836527
836625
836740
836781
836818
836910
837120
837319
837414
837549
837582
837636
837707
837847
837884
838017
838108
838178
838345
838664
838669
838771
838928
839043
839231
839386
839520
839670
839749
840012
840102
840234
840251
840351
840704
840720
840944
840991
841064
841109
841114
841158
841265
841352
841378
841472
841882
841920
842157
842345
842397
842488
842493
842582
842662
842683
842860
842932
843497
843711
843844
844125
844190
844225
844238
844419
844516
844575
844601
844617
844647
844750
844834
844944
844976
845138
845166
845339
845348
845414
845637
845712
845859
846306
846439
846596
846719
846917
846924
847010
847051
847087
847156
847186
847542
847604
847648
847760
848142
848213
848277
848369
848629
848997
849077
849295
849561
849594
849660
849834
849950
850071
850131
850156
850188
850225
850250
850462
850741
850883
851012
851144
851173
851340
852047
852259
852449
853051
853343
853458
853513
853582
853610
853685
853918
853981
854021
854095
854842
854932
855255
855703
856241
856320
856534
856576
856886
856991
857180
857294
857319
857797
857843
857938
858177
858216
858256
858729
858750
858808
858823
859563
859744
859777
859816
860340
860357
860866
860959
861280
861667
861762
861835
862059
862073
862300
862445
862538
862599
862772
862936
863231
863290
863297
863309
863412
863587
863730
863738
863922
863983
864037
864172
864273
864419
864667
864671
864758
864947
864950
865126
865222
865740
866026
866106
866250
866259
866294
866348
866381
866402
866452
866979
867323
867548
867622
868095
868261
868456
868470
868596
868881
869012
869390
869497
869627
869722
870400
870606
870635
870727
870853
870971
871190
871578
871607
871647
871740
871990
872074
872307
872460
872599
872615
872822
872872
872990
873024
873225
873340
873406
873441
873515
873606
873625
873879
874063
874104
874402
874547
874675
874748
874964
875043
875052
875080
875162
875495
875943
876035
876201
876281
876328
876511
876524
876667
876845
876859
876875
876947
877045
877145
877467
877919
877947
878033
878118
878142
878402
878496
878869
879066
879107
879151
879187
879268
879291
879320
879434
879456
879560
879615
879723
879805
879961
880047
880158
880198
880499
880594
880687
880877
880984
881066
881216
881272
881468
881502
882035
882467
882528
882922
883100
883207
883515
883604
883730
883767
883780
883893
883944
884051
884088
884389
884417
884457
884627
884661
884885
884914
884937
884970
885273
885329
885423
885472
885559
885628
885824
885879
885992
885997
886481
886620
886637
886668
886759
886930
887196
887425
887493
887870
887989
888065
888153
888160
888340
888544
888558
888633
888684
888705
888784
888891
888911
888966
889053
889509
889656
889659
889775
889875
889989
890245
890719
890726
890800
891434
891499
891529
891672
891818
892043
892158
892366
892396
892856
893118
893193
893399
893448
893594
893655
893671
893869
894107
894120
894305
894677
894785
894929
895288
895465
895693
895711
895770
895871
895892
896035
896195
896297
896316
896409
896539
896604
896718
897061
897236
897253
897387
897499
897542
898318
898635
898667
898850
898853
899432
899510
899636
899645
899778
899953
900007
900218
900340
900835
900912
901129
901200
901462
901572
901666
901867
902052
902242
902292
902390
902425
902462
902829
902918
902988
903162
903412
903449
903667
903998
904423
904441
904680
904768
904846
904952
904985
904997
905107
905254
905308
905745
905982
906235
906258
906332
906428
906450
907219
907332
907354
907428
907742
907816
907860
907889
907915
908078
908877
909367
909565
909731
909823
909892
910440
910606
910872
910935
911037
911208
911339
911540
911594
911845
911958
911961
912062
912074
912113
912283
912647
912656
913271
913306
913351
913517
913557
913605
913697
913855
914111
914134
914249
914474
914543
914826
914991
915048
915413
915441
915581
915843
915900
915936
916036
916296
916352
916634
916644
916662
916819
916890
916930
917194
917222
917245
917253
917395
917439
917448
917573
917611
917767
917811
918127
918235
918360
919187
919354
919417
919435
919625
919780
919946
920020
920308
920360
920504
920691
920696
920833
920891
921101
921312
921557
921781
921789
921880
921922
922520
922534
922640
922668
922992
923036
923595
923618
923653
923780
924039
924349
924439
924518
924595
924690
925002
925062
925125
925320
925386
925454
925757
926047
926184
926275
926347
926383
926732
926902
926928
926980
927265
927481
927699
927765
927842
927912
928269
928329
928442
928469
928824
928871
929272
929360
929406
929736
929867
930145
930311
930398
930408
930851
930931
930963
931009
931031
931172
931210
931223
931410
931644
931746
931783
931829
932030
932218
932242
932613
932740
933098
933129
933180
933235
933322
933353
933530
933715
933817
933849
934008
934310
934345
934390
934567
934805
934834
935029
935064
935148
935217
935266
936027
936046
936090
936358
936800
936947
937055
937531
937901
938152
938186
938206
938425
938691
938766
939054
939186
939307
939483
939608
939653
939728
939850
939995
940095
940102
940258
940545
940569
941083
941260
941312
941345
941460
941478
941523
941864
942123
942214
942537
942597
942627
942725
942895
942946
942950
943093
943394
943932
944311
944410
944540
944654
944761
944777
944799
945039
945345
945428
945465
945732
945854
946192
946211
946631
946652
946750
946871
947049
947324
947388
947756
947905
948387
948431
948519
948755
948799
948805
949194
949297
949477
949551
949646
949884
949947
950750
950814
950934
950982
951055
951628
951636
951665
951981
952205
952292
952742
952986
953052
953095
953138
953178
954228
954274
954364
954431
954615
954688
954708
954841
954875
954943
955055
955059
955183
955515
955660
955894
955952
956158
956248
956306
956541
956689
956756
956808
957106
957391
957690
957783
957886
957945
958259
958403
958798
958816
958842
959055
959431
959439
959665
959674
959949
959964
960147
960259
960290
960296
960398
960769
960858
961013
961039
961238
961301
961379
961425
961453
961850
961860
961917
961927
961980
962033
962099
962326
962371
962463
962476
962543
962672
962798
963031
963038
963313
963392
963505
963513
963650
963670
963728
963882
964220
964355
964530
964620
964844
964852
965095
965168
965394
965799
965818
965928
965968
966234
966398
966483
966609
966618
966700
966717
966812
966833
966856
966942
967080
967139
967473
967622
967698
967773
968080
968127
968152
968163
968388
968461
968489
968496
968603
968737
968811
969558
969800
969869
969948
970139
970159
970262
970356
970559
970610
970683
970787
970920
970946
971181
971228
971384
971428
971504
971713
971968
972037
972093
972255
972359
972777
972866
973662
973735
973814
973892
973975
974153
974209
974390
974667
974894
975297
975397
975462
975608
975727
975834
975890
976492
977075
977102
977361
977449
977529
977585
977595
977777
977840
978248
978375
978426
978598
978708
978720
978827
978918
979004
979108
979169
979243
979412
979426
979533
979851
979867
979949
980965
980996
981223
982106
982121
982172
982354
982367
982403
982423
982458
982481
982665
982852
982978
983112
983228
983316
983548
983566
983956
984050
984131
984291
984304
984355
984376
984410
984951
985058
985272
985335
985382
985540
985755
985791
985992
986050
986199
986323
986460
986722
986850
986958
986967
987546
987579
987692
987870
988009
988109
988210
988367
988557
988610
988899
989061
989612
989778
989807
989975
990041
990137
990211
990217
990268
990497
990557
990616
990993
991124
991168
991243
991254
991453
991620
991702
991729
991840
992053
992069
992338
992417
992463
992769
992925
992986
993054
993087
993133
993304
993438
993478
993736
994236
995030
995045
995453
995728
995773
996095
996731
996897
996935
997022
997684
997728
997786
997814
997872
998068
998148
998242
998310
998435
998440
998479
998505
998537
998677
999017
999127
999242
1000003
1000054
1000276
1000472
1001086
1001132
1001145
1001225
1001247
1001339
1001391
1001402
1001663
1001709
1001973
1002016
1002043
1002235
1002431
1002496
1002837
1002917
1003293
1003349
1003360
1003412
1003730
1003912
1004026
1004114
1004148
1004171
1004818
1004848
1005326
1005890
1006376
1006698
1006868
1007197
1007439
1007579
1007712
1007893
1008052
1008123
1008144
1008177
1008218
1008442
1008552
1008887
1008942
1008984
1008990
1009085
1009166
1009295
1009312
1009479
1009481
1009838
1009986
1010286
1010475
1010823
1011071
1011128
1011389
1011395
1011415
1011848
1012199
1012762
1012848
1012934
1012985
1013016
1013135
1014118
1014197
1014335
1014569
1015609
1015634
1015751
1016073
1016225
1016353
1016691
1016720
1016988
1017774
1018040
1018071
1018230
1018277
1018506
1018982
1019135
1019431
1019670
1019896
1020021
1020151
1020466
1020902
1020947
1021081
1021334
1021562
1021887
1022603
1022762
1023055
1023204
1023733
1024180
1024518
1024767
1025313
1025812
1025865
1026002
1026141
1026670
1027181
1027644
1027651
1027697
1027744
1028056
1028251
1028320
1028472
1028507
1028943
1028955
1028972
1029003
1029026
1029501
1029851
1029888
1029982
1030308
1030393
1030433
1030626
1030665
1030809
1030834
1030916
1031012
1031315
1031347
1031463
1031551
1031663
1031691
1031846
1031903
1031927
1032796
1033097
1033143
1033253
1033416
1033458
1033552
1033655
1034028
1034038
1034257
1035151
1035173
1035294
1035520
1035750
1036152
1036207
1036219
1036348
1036821
1037054
1037069
1037097
1037258
1037494
1037768
1037809
1037979
1038075
1038217
1038358
1038362
1038390
1038823
1039030
1039054
1039114
1039181
1039214
1039463
1039503
1039984
1040066
1040104
1040217
1040336
1040349
1040488
1040793
1040945
1040994
1041009
1041077
1041167
1041470
1041496
1041554
1041563
1041621
1041840
1042150
1042280
1042324
1042491
1042610
1042696
1042716
1042934
1043463
1043542
1043599
1043760
1044087
1044145
1044695
1044776
1044831
1045096
1045194
1045248
1045354
1045868
1046124
1046346
1046361
1046571
1046608
1046723
1046805
1047032
1047254
1047309
1047486
1047645
1047724
1047733
1047782
1047857
1047937
1048023
1048315
1048373
1048396
1048416
1048598
1048713
1048983
1049199
1049369
1049600
1049632
1050097
1050697
1051000
1051040
1051295
1051428
1051842
1052128
1052264
1052420
1052500
1052646
1052964
1053002
1053036
1053416
1053448
1053541
1053776
1053842
1054107
1054587
1054779
1054935
1055051
1055309
1055353
1055447
1055889
1056019
1056224
1056404
1057101
1057123
1057454
1057703
1057796
1058248
1058529
1058636
1058735
1058862
1059280
1059363
1059404
1059682
1059797
1060379
1060439
1060680
1060767
1060784
1061356
1061365
1061452
1061473
1061513
1061536
1061582
1061645
1061700
1061804
1061812
1061913
1061974
1062316
1062596
1063129
1063168
1063733
1063904
1064071
1064086
1064378
1064515
1064577
1064599
1064890
1064910
1065065
1065194
1065214
1065259
1065440
1065691
1065761
1065776
1066202
1066374
1066414
1067140
1067165
1067758
1068025
1068122
1068238
1068264
1068853
1068881
1068936
1069104
1069447
1069617
1069655
1070058
1070162
1070193
1070348
1070650
1070778
1070804
1070905
1071176
1071214
1071226
1071397
1071601
1071713
1071801
1071824
1071963
1072021
1072175
1072249
1072328
1072483
1072528
1072650
1072718
1072871
1072892
1073103
1073170
1073197
1073348
1073439
1073457
1073519
1073642
1073664
1073761
1074006
1074035
1074312
1074533
1074560
1074817
1074860
1074968
1074992
1075093
1075103
1075195
1075226
1075265
1075350
1075512
1075522
1075553
1075772
1076268
1076291
1076421
1076667
1077156
1077730
1078372
1078609
1078733
1078749
1078998
1079172
1079440
1079515
1079617
1080423
1080503
1080572
1080801
1081155
1081269
1081406
1081468
1081573
1081600
1081624
1082094
1082118
1082144
1082223
1082698
1082892
1083142
1083150
1083186
1083395
1083434
1083464
1084461
1084543
1084622
1084649
1084795
1084923
1085071
1085374
1085431
1085775
1086161
1086278
1086693
1086723
1086864
1086898
1087266
1087479
1087522
1087653
1087850
1088059
1088170
1088374
1088392
1088455
1088590
1088601
1088759
1088898
1088930
1088947
1089047
1089074
1089098
1089230
1089498
1089614
1089846
1089952
1090270
1090350
1090572
1090831
1090986
1090997
1091009
1091151
1091163
1091301
1091407
1091455
1091724
1092125
1092489
1092601
1092701
1094026
1094246
1094454
1094892
1095085
1095537
1095774
1096379
1096393
1096563
1096821
1096831
1097031
1097074
1097085
1097565
1098835
1099151
1099165
1099395
1099657
1099676
1099696
1099882
1099904
1100078
1100100
1100406
1100514
1100637
1100727
1100777
1100830
1100845
1101127
1101181
1101622
1101731
1101775
1101803
1102004
1102326
1102528
1102659
1102705
1102728
1102738
1103487
1103532
1103694
1103749
1103802
1104062
1104067
1104202
1104492
1104571
1104673
1104763
1104767
1105258
1105573
1105751
1106148
1106192
1106601
1106607
1106737
1106919
1107550
1108090
1108272
1108373
1108500
1108869
1108935
1109027
1109277
1109369
1109601
1109745
1109980
1110256
1110864
1110950
1111583
1111804
1111904
1112336
1112601
1112883
1112916
1113088
1113701
1113852
1113876
1114175
1114360
1114699
1114955
1115050
1115387
1115563
1115719
1115743
1115774
1115784
1115828
1116355
1116550
1116624
1116646
1116703
1116851
1116921
1117128
1117387
1117746
1117896
1117929
1118151
1118241
1118325
1118486
1118555
1118661
1118666
1119626
1119772
1119897
1120022
1120379
1120408
1120491
1120720
1121098
1121241
1121285
1121557
1121585
1121611
1121657
1121709
1121741
1121867
1121910
1122003
1122110
1122309
1122398
1122464
1122499
1122668
1122693
1122763
1122927
1123179
1123400
1123536
1124109
1124230
1124796
1124860
1124895
1125059
1125118
1125424
1125597
1125761
1125865
1125937
1126096
1126242
1126273
1126695
1126759
1127283
1127620
1127846
1127973
1127993
1128143
1128273
1128390
1128424
1128485
1128953
1128998
1129052
1129324
1129388
1129436
1129483
1129580
1129779
1129917
1130241
1130315
1130337
1130583
1130712
1131133
1131345
1131776
1131867
1131954
1132168
1132245
1132418
1132653
1132667
1132751
1132894
1132996
1133093
1133141
1133352
1133450
1133533
1133794
1133827
1133921
1134151
1134214
1134220
1134317
1134329
1134351
1134515
1134637
1134765
1135300
1135308
1135380
1135393
1135926
1136484
1136491
1136641
1136844
1136890
1137016
1137123
1137377
1137415
1137465
1137640
1137693
1137803
1137949
1137978
1138035
1138172
1138268
1138767
1139062
1139106
1139215
1139389
1139470
1139829
1139934
1139955
1140031
1140060
1140226
1140514
1140556
1140592
1140709
1140854
1140900
1141368
1141473
1141681
1141696
1141990
1142055
1142089
1142307
1142450
1142998
1143016
1143126
1143278
1143805
1143969
1144145
1144428
1144952
1144985
1145099
1145192
1145756
1145797
1146093
1146198
1146580
1146676
1146689
1147477
1147959
1148165
1148303
1148312
1148404
1149046
1149085
1149152
1149265
1149381
1149450
1149567
1149711
1149957
1150156
1150415
1150934
1151038
1151239
1151449
1151492
1151688
1151750
1151982
1152021
1152169
1152706
1153070
1153142
1153203
1153376
1153454
1153636
1153744
1153825
1154069
1154306
1154446
1154465
1154468
1154510
1154532
1154568
1154980
1155382
1155734
1155774
1155863
1155896
1155978
1156068
1156136
1156209
1156397
1156404
1156585
1156722
1156934
1157018
1157168
1157230
1157339
1157491
1157575
1158096
1158152
1158300
1158453
1158489
1158742
1158811
1159017
1159068
1159403
1159727
1160536
1160669
1160984
1161305
1161347
1161585
1161657
1161779
1162096
1162123
1162256
1162317
1162339
1162635
1162910
1162953
1164014
1164018
1164039
1164196
1164209
1164313
1164317
1164398
1164417
1164645
1164805
1164837
1165155
1165162
1165452
1165612
1165869
1166064
1166109
1166281
1166330
1166549
1166858
1166891
1167101
1167128
1167188
1167211
1167305
1167417
1167606
1167617
1168385
1169121
1169207
1169412
1169576
1169613
1169925
1170053
1170070
1170371
1170425
1170495
1170592
1170604
1171087
1171118
1171133
1171355
1172099
1172281
1172286
1172365
1172443
1172461
1172822
1172844
1174226
1174329
1174535
1174702
1174781
1174809
1175131
1175254
1175592
1175625
1175754
1177066
1177097
1177177
1177208
1177237
1177273
1177307
1177669
1177852
1177881
1178009
1178374
1178580
1178605
1178659
1178674
1178931
1179113
1179150
1179351
1179440
1179545
1179870
1180020
1180129
1180214
1180245
1180373
1180591
1180685
1180932
1181153
1181168
1181697
1181730
1181780
1181889
1181950
1182115
1182675
1182777
1182872
1183154
1183225
1183558
1183656
1184018
1184106
1184312
1184419
1184717
1184870
1184911
1184950
1185346
1185704
1185793
1185814
1187161
1187604
1187615
1187716
1188147
1188348
1188444
1188822
1188876
1189054
1189145
1189209
1189227
1189428
1189481
1189603
1190981
1191424
1191447
1191667
1191994
1192269
1192299
1192327
1192378
1192698
1192770
1193093
1193614
1193668
1193790
1193977
1193994
1194115
1194164
1194291
1194504
1194712
1194993
1195596
1195671
1195705
1195875
1195926
1196015
1196098
1196122
1196260
1196324
1196363
1196436
1196625
1196633
1196860
1196894
1196908
1197122
1197166
1197497
1197565
1197628
1197874
1197955
1198002
1198047
1198150
1198311
1198373
1198406
1198478
1198497
1198516
1198785
1198964
1199062
1199068
1199159
1199250
1199316
1199417
1199608
1199703
1199737
1199748
1199916
1199962
1200346
1200422
1200476
1200501
1200520
1200580
1200597
1200665
1200744
1200834
1200967
1201047
1201072
1201083
1201130
1201223
1201533
1201544
1201810
1202039
1202112
1202260
1202269
1202323
1202331
1202410
1202465
1202508
1202538
1202753
1202773
1202981
1203005
1203017
1203040
1203170
1203345
1203462
1203509
1203570
1203672
1203693
1203784
1203818
1203834
1203869
1204021
1204038
1204063
1204145
1204232
1204253
1204317
1204365
1204528
1204570
1204647
1204673
1204715
1204782
1204824
1204904
1205007
1205143
1205393
1205473
1205526
1205619
1205625
1205630
1205712
1205744
1205776
1205792
1205949
1205986
1206008
1206045
1206057
1206195
1206248
1206284
1206571
1206687
1206778
1206846
1206888
1207006
1207046
1207095
1207221
1207246
1207319
1207346
1207350
1207431
1207467
1207511
1207541
1207604
1207734
1207806
1207815
1207947
1208009
1208230
1208466
1208522
1208624
1208644
1208689
1208699
1208722
1208782
1208825
1208944
1209446
1209556
1209630
1209832
1209852
1209933
1209945
1209950
1210114
1210162
1210284
1210403
1210439
1210616
1210762
1210913
1210939
1210952
1211130
1211301
1211343
1211373
1211506
1211539
1211622
1211644
1211679
1211702
1211785
1211877
1211937
1212104
1212185
1212194
1212373
1212536
1212613
1212751
1212944
1212990
1213005
1213014
1213109
1213125
1213217
1213338
1213366
1213390
1213401
1213725
1213746
1213770
1213775
1213798
1213819
1213850
1213857
1213975
1214097
1214164
1214169
1214260
1214268
1214286
1214392
1214617
1214690
1214725
1214767
1214793
1214829
1214895
1215078
1215157
1215164
1215222
1215297
1215305
1215694
1215776
1215809
1215841
1216037
1216051
1216414
1216479
1216573
1216670
1216778
1217021
1217112
1217202
1217313
1217366
1217563
1217597
1217673
1217862
1217896
1217954
1218125
1218159
1218312
1218322
1218373
1218581
1218642
1218792
1218815
1218903
1218983
1219392
1219594
1219627
1219694
1219745
1219805
1220001
1220071
1220183
1220444
1220525
1220646
1220802
1220863
1220877
1221190
1221460
1221468
1221542
1221604
1221701
1221732
1221892
1221908
1221985
1222011
1222078
1222116
1222273
1222284
1222312
1222341
1222506
1222573
1222632
1222719
1222861
1222875
1223101
1223117
1223198
1223434
1223485
1223629
1223723
1223794
1223825
1223890
1224057
1224087
1224243
1224299
1224400
1224449
1224519
1224703
1224808
1224827
1225073
1225075
1225571
1225633
1225956
1226185
1226207
1226328
1226381
1226514
1226856
1226862
1227049
1227157
1227252
1227304
1227328
1227426
1227478
1227617
1227876
1227945
1228013
1228024
1228055
1228110
1228154
1228210
1228230
1228386
1228616
1228655
1228688
1228721
1228766
1228921
1228933
1228948
1229026
1229135
1229154
1229184
1229230
1229364
1229590
1229602
1229723
1229795
1229850
1229862
1229882
1230191
1230333
1230393
1230427
1230499
1230633
1230849
1230867
1231028
1231094
1231363
1231428
1231530
1231658
1231745
1231768
1231812
1231910
1232270
1232301
1232380
1232499
1232516
1232591
1232695
1232784
1232789
1232895
1232980
1233229
1233264
1233314
1233886
1233936
1234145
1234247
1234432
1234451
1234536
1234596
1234691
1235050
1235189
1235204
1235245
1235278
1235324
1235509
1235534
1235547
1235583
1235638
1235738
1235805
1235827
1235858
1235868
1235913
1236085
1236108
1236149
1236157
1236199
1236320
1236324
1236350
1236364
1236487
1236541
1236659
1236707
1236773
1236873
1237155
1237169
1237380
1237433
1237637
1237689
1237914
1237922
1237948
1237971
1237988
1238241
1238252
1238351
1238394
1238450
1238624
1238666
1238833
1238979
1239000
1239030
1239066
1239123
1239153
1239210
1239225
1239268
1239283
1239296
1239358
1239379
1239484
1239513
1239604
1239672
1239719
1239763
1239851
1239887
1239939
1239955
1239978
1240085
1240102
1240114
1240158
1240200
1240241
1240318
1240338
1240368
1240406
1240627
1240632
1240661
1240868
1240882
1241004
1241111
1241128
1241191
1241229
1241289
1241343
1241451
1241759
1241928
1241943
1241981
1242055
1242124
1242195
1242250
1242413
1242467
1242503
1242517
1242590
1242612
1242694
1242721
1242802
1242976
1243011
1243103
1243140
1243172
1243183
1243360
1243401
1243441
1243612
1243622
1243683
1243706
1243745
1243765
1243781
1243883
1243918
1244038
1244133
1244237
1244255
1244301
1244596
1244679
1244693
1244752
1244827
1244859
1245001
1245171
1245195
1245246
1245327
1245379
1245546
1245606
1245629
1245800
1245895
1245916
1245944
1246123
1246345
1246348
1246393
1246483
1246503
1246530
1246549
1246569
1246617
1246706
1246776
1246826
1246941
1246995
1247137
1247233
1247247
1247731
1247755
1247832
1247939
1248077
1248111
1248117
1248159
1248171
1248352
1248401
1248500
1248625
1248911
1249090
1249158
1249396
1249422
1249580
1249764
1250124
1250162
1250191
1250533
1250616
1250868
1250912
1250916
1250984
1251002
1251073
1251311
1251370
1251488
1251792
1251924
1251956
1252013
1252070
1252178
1252305
1252372
1252466
1252486
1252508
1252557
1252644
1252745
1252824
1252837
1252855
1252869
1252904
1252918
1253122
1253134
1253172
1253189
1253225
1253534
1253591
1253619
1253652
1253676
1253722
1253774
1253787
1253895
1253904
1253940
1253973
1253989
1254040
1254066
1254137
1254247
1254373
1254386
1254466
1254535
1254574
1254748
1254839
1254856
1255004
1255033
1255048
1255137
1255219
1255261
1255419
1255473
1255524
1255582
1255702
1255920
1255929
1255962
1256100
1256152
1256246
1256376
1256441
1256569
1256786
1256949
1256996
1257112
1257128
1257190
1257231
1257349
1257374
1257431
1257555
1257570
1257675
1257792
1258033
1258222
1258319
1258394
1258414
1258443
1258507
1258567
1258686
1258760
1258892
1258905
1259137
1259215
1259338
1259436
1259490
1259532
1259590
1259626
1259649
1259739
1259790
1259932
1259949
1260035
1260091
1260119
1260403
1260420
1260494
1260520
1260653
1260673
1260713
1261154
1261170
1261290
1261358
1261441
1261495
1261504
1261952
1262135
1262198
1262240
1262425
1262601
1262723
1262811
1262824
1262908
1262940
1263076
1263121
1263407
1263513
1263579
1263590
1263778
1263896
1264016
1264046
1264074
1264099
1264103
1264184
1264204
1264260
1264320
1264364
1264393
1264488
1264538
1264549
1264582
1264642
1264673
1264762
1264854
1264911
1264926
1264961
1265012
1265131
1265152
1265237
1265279
1265380
1265560
1265562
1265591
1265633
1265961
1266161
1266218
1266292
1266367
1266400
1266408
1266487
1266547
1266565
1266585
1266596
1266888
1266934
1267030
1267111
1267301
1267506
1267523
1267590
1267742
1267830
1267911
1267946
1268376
1268389
1268619
1268841
1269098
1269125
1269139
1269192
1269379
1269409
1269452
1269584
1269623
1269641
1269674
1269784
1269833
1269986
1270177
1270245
1270257
1270392
1270472
1270627
1270669
1270759
1270806
1270849
1271049
1271074
1271084
1271115
1271165
1271241
1271285
1271322
1271475
1271570
1271600
1271610
1271719
1271728
1271740
1271857
1271981
1272306
1272421
1272442
1272514
1272522
1272627
1272715
1272718
1272781
1272840
1273035
1273046
1273074
1273173
1273266
1273391
1273441
1273523
1273589
1273691
1273732
1273742
1273957
1273977
1274061
1274092
1274096
1274237
1274421
1274438
1274516
1274533
1274567
1274629
1274725
1274744
1274764
1275108
1275132
1275348
1275448
1275468
1275569
1275590
1275668
1275700
1276078
1276098
1276186
1276356
1276434
1276448
1276478
1276598
1276789
1276871
1276971
1277047
1277095
1277137
1277586
1278033
1278092
1278256
1278284
1278448
1278471
1278525
1278539
1278630
1278671
1278790
1278909
1279093
1279133
1279210
1279218
1279222
1279283
1279289
1279385
1279657
1279734
1279977
1280196
1280478
1280488
1280534
1280551
1280686
1280960
1280996
1281028
1281280
1281393
1281495
1281634
1281804
1281813
1281833
1281849
1281874
1281905
1281925
1281939
1281963
1281970
1282050
1282148
1282152
1282163
1282173
1282363
1282549
1282583
1282621
1282734
1282929
1283030
1283063
1283094
1283100
1283188
1283427
1283525
1283550
1283588
1283602
1283611
1283879
1283949
1283995
1284133
1284175
1284294
1284453
1284628
1284655
1284881
1284901
1285005
1285073
1285308
1285369
1285622
1285659
1285912
1286009
1286135
1286328
1286613
1286756
1287083
1287228
1287323
1287445
1287522
1287535
1287545
1287685
1287774
1287967
1288003
1288055
1288156
1288242
1288256
1288272
1288310
1288398
1288470
1288598
1288653
1288715
1288763
1288928
1289100
1289139
1289255
1289268
1289379
1289436
1289532
1289535
1289668
1289688
1289711
1289836
1289966
1289971
1290077
1290099
1290184
1290221
1290420
1290447
1290527
1290770
1290810
1290823
1290854
1290915
1290964
1291128
1291219
1291228
1291422
1291488
1291502
1291578
1291599
1291673
1291718
1291985
1292003
1292069
1292143
1292202
1292245
1292268
1292351
1292403
1292477
1292491
1292596
1292610
1292693
1292834
1292854
1292963
1293022
1293099
1293145
1293157
1293268
1293278
1293393
1293483
1293658
1293734
1293748
1293952
1293986
1294059
1294152
1294307
1294343
1294401
1294483
1294490
1294624
1294651
1294670
1294906
1294933
1295041
1295191
1295252
1295438
1295603
1295680
1295723
1295958
1295978
1295990
1296005
1296029
1296236
1296337
1296481
1296666
1296753
1297133
1297217
1297327
1297342
1297488
1297549
1297579
1297649
1297812
1297972
1298587
1299048
1299086
1299528
1299920
1299937
1299980
1300112
1300261
1300344
1300412
1300438
1300568
1300666
1300713
1300844
1301387
1301532
1301976
1302444
1302670
1302801
1303546
1303554
1303581
1303607
1303791
1303873
1303875
1303959
1304354
1304574
1304931
1305196
1305221
1305235
1305262
1305516
1305876
1305980
1306076
1306149
1306230
1306382
1306595
1306612
1306713
1307056
1307084
1307383
1307416
1307490
1307520
1307663
1307789
1308112
1308726
1308773
1309021
1309146
1309824
1309868
1310407
1310464
1310523
1310551
1311615
1311726
1312041
1312215
1312561
1312869
1313015
1313064
1313242
1313273
1313341
1313403
1313732
1313754
1313840
1314627
1314638
1315202
1315212
1315290
1315331
1316010
1316192
1316315
1316404
1316485
1316545
1316600
1317281
1317769
1317940
1318784
1318816
1318872
1319051
1319520
1319552
1319601
1319630
1319665
1319719
1319845
1320334
1320405
1320832
1321538
1321670
1321677
1322111
1322439
1322546
1322634
1322785
1322899
1323007
1323319
1324015
1324333
1324793
1325008
1325272
1325390
1325421
1325490
1326337
1326479
1326569
1326614
1326953
1327125
1327204
1327499
1327818
1327877
1327967
1327985
1328104
1328714
1328738
1329100
1329126
1329351
1329481
1329497
1329507
1329542
1329558
1330755
1330771
1330810
1330831
1330956
1331093
1331260
1331316
1331447
1331546
1331646
1331826
1331877
1331960
1332069
1332082
1332190
1332420
1332460
1332628
1332704
1332761
1332793
1332839
1332997
1333181
1333203
1333262
1333336
1333483
1333596
1333890
1334016
1334194
1334403
1334541
1334693
1334930
1335014
1335181
1335246
1335435
1335570
1335577
1335970
1336016
1336087
1336156
1336218
1336872
1336941
1337056
1337076
1337136
1337396
1337519
1337799
1337920
1338038
1338452
1338556
1339200
1339545
1339881
1340107
1340122
1340522
1340591
1340612
1340651
1340761
1340798
1340854
1340913
1340921
1341012
1341238
1341276
1341296
1341305
1341621
1341967
1342282
1342617
1343004
1343043
1343118
1343130
1343392
1343395
1343476
1343510
1343588
1343627
1343663
1343786
1343812
1343929
1344218
1344543
1344596
1344758
1344788
1344812
1344833
1344950
1345077
1345299
1345650
1345908
1345957
1346315
1346668
1346728
1346732
1347060
1347212
1347494
1347661
1347917
1347954
1348083
1348359
1348551
1348750
1348905
1349072
1349141
1349182
1349454
1349520
1349566
1349587
1349850
1350005
1350075
1350524
1350769
1350955
1351105
1351229
1351292
1351319
1351418
1351453
1351597
1352037
1352167
1352291
1352330
1352511
1353202
1353257
1353475
1353519
1354447
1354479
1354506
1354633
1354926
1355066
1355217
1355436
1355472
1355531
1355594
1355818
1355929
1356272
1356288
1356518
1356736
1356752
1356805
1356890
1357009
1357222
1357234
1357507
1357709
1358019
1358297
1358337
1358465
1358666
1358693
1358851
1359405
1359587
1359833
1359935
1360161
1360438
1360453
1360553
1360654
1360942
1361293
1361489
1361846
1361991
1361999
1362175
1362215
1362665
1363051
1363091
1363206
1363445
1363587
1363642
1363999
1364181
1364475
1364512
1364667
1365018
1365130
1365167
1365218
1365248
1365352
1365504
1365516
1365585
1365854
1365974
1366124
1366403
1366931
1367111
1367373
1367529
1367664
1367683
1368015
1368220
1368612
1368726
1369181
1369623
1369717
1369768
1369891
1370761
1371288
1371302
1371338
1371411
1371680
1371929
1372093
1372216
1372503
1372726
1372877
1372903
1373055
1373111
1373271
1374077
1374200
1374282
1374341
1374435
1374753
1374985
1375558
1375629
1375810
1376207
1376330
1376393
1376454
1376537
1376550
1376916
1377536
1377550
1378056
1378115
1378284
1378412
1378632
1378646
1378728
1378954
1379029
1379116
1379568
1379653
1380262
1380281
1380666
1381002
1381121
1381292
1381620
1381909
1382078
1382134
1382227
1382367
1382700
1383238
1384291
1384750
1384835
1385399
1385470
1385828
1385887
1385985
1386183
1386307
1386355
1386372
1386597
1386606
1386806
1386842
1387100
1387602
1387672
1387856
1387952
1388074
1388080
1388123
1388277
1388297
1388518
1389059
1389113
1389555
1389587
1389749
1389990
1390042
1390070
1390181
1390290
1390313
1390508
1390597
1390637
1390714
1391000
1391026
1391384
1391515
1391758
1391812
1392172
1392660
1392818
1392834
1392890
1392926
1393506
1393909
1394015
1394132
1394240
1394388
1394404
1394465
1394490
1394591
1394798
1394930
1395442
1396008
1396015
1396608
1396702
1396772
1397126
1397261
1397296
1397375
1397726
1397803
1398040
1398286
1398416
1398642
1399107
1399276
1399308
1399662
1399795
1399906
1399936
1400105
1400178
1400321
1400455
1400604
1400839
1400946
1401165
1401499
1401586
1401761
1401788
1401821
1401869
1401903
1402048
1402063
1402236
1402613
1403318
1403329
1403874
1404346
1404362
1404426
1404485
1404616
1404645
1404739
1404975
1405032
1405452
1405811
1405868
1406150
1406226
1406346
1406504
1406534
1406769
1407315
1407350
1407389
1407438
1407828
1407898
1407903
1407952
1408190
1408350
1408523
1408589
1408713
1408759
1408788
1408940
1409053
1409400
1409434
1409736
1410024
1410256
1410583
1410655
1410685
1410764
1410856
1411055
1411237
1411280
1411350
1411517
1411673
1411710
1411841
1411858
1411929
1412087
1412140
1412178
1412572
1413681
1413870
1413925
1414209
1414331
1414421
1414598
1414615
1414686
1415023
1415711
1415966
1415988
1416412
1417025
1417188
1417456
1417497
1417837
1418116
1418211
1418474
1418698
1418995
1419718
1419836
1419931
1420702
1421092
1421152
1421331
1421387
1421475
1421512
1421567
1421592
1421761
1421890
1421995
1422002
1422731
1422901
1422978
1422995
1423087
1423462
1423613
1424291
1424370
1424381
1424407
1424604
1424917
1424931
1425046
1425220
1425740
1425973
1426143
1426288
1426583
1426697
1426781
1426832
1426836
1426911
1427280
1427384
1427954
1427967
1428143
1428187
1428601
1429453
1430331
1430420
1430685
1430732
1430772
1430789
1431084
1431197
1431531
1431683
1431745
1431844
1431892
1431989
1432080
1432443
1432591
1433019
1433133
1433328
1434386
1434703
1435069
1435661
1435770
1435782
1435854
1435878
1435929
1436361
1436528
1436583
1436659
1436844
1437328
1437367
1437744
1437883
1438024
1438233
1438262
1438327
1438385
1438576
1438914
1439381
1439495
1439811
1439896
1439927
1440413
1440867
1440981
1441037
1441088
1441336
1441374
1441652
1441744
1441768
1441780
1441790
1442063
1442439
1442739
1442820
1442975
1443002
1443341
1443488
1443664
1443895
1444011
1444775
1444782
1444857
1444924
1444972
1445064
1445073
1445336
1446092
1446596
1446626
1446887
1446890
1446952
1447144
1447178
1447398
1447423
1447474
1447578
1447695
1447799
1448110
1448242
1448383
1448750
1448891
1449135
1449272
1449405
1449493
1449699
1449844
1449903
1449955
1450256
1450987
1451243
1451334
1451780
1451970
1451981
1452099
1452307
1452627
1452676
1452837
1453136
1453250
1453298
1453516
1453690
1453764
1454046
1454199
1454249
1454260
1454646
1454826
1454988
1455329
1455360
1455849
1456362
1456608
1456856
1456900
1456920
1457322
1458257
1458443
1458489
1459260
1459374
1459407
1459874
1460271
1460318
1460570
1460817
1460931
1461079
1461353
1461815
1461868
1462101
1462536
1462701
1462817
1463039
1463224
1463308
1463620
1463868
1463894
1464112
1464140
1464351
1464537
1464590
1465526
1465696
1465814
1466016
1466163
1466181
1466293
1466346
1466369
1466415
1466853
1467038
1467315
1467436
1467647
1467972
1468005
1468706
1468725
1468980
1469040
1469246
1469571
1469730
1470025
1470244
1470368
1470446
1470527
1470609
1471144
1471363
1471428
1471446
1471474
1471777
1472407
1472449
1472539
1472674
1472697
1473000
1473312
1473379
1473734
1473833
1473910
1474067
1474220
1474326
1474465
1474501
1475154
1475407
1475611
1475924
1475956
1476513
1476792
1476847
1477071
1477244
1477251
1477431
1477463
1477480
1477543
1477681
1477844
1478021
1478754
1478786
1478846
1478973
1479759
1479964
1480275
1480563
1480634
1480920
1481357
1481774
1481930
1481989
1482374
1482390
1482395
1482564
1482875
1483266
1483351
1483499
1483579
1483613
1483711
1484047
1484656
1484940
1485016
1485154
1485194
1485214
1485263
1485275
1485757
1485934
1486089
1486248
1486413
1486552
1486647
1486702
1486939
1486946
1487027
1487040
1487192
1487698
1487821
1487951
1488022
1488035
1488145
1488372
1488421
1488542
1488624
1488840
1488986
1489072
1489118
1489717
1489761
1490241
1490573
1490688
1490761
1490890
1490919
1490927
1490940
1491088
1491520
1491705
1491822
1491849
1492317
1492670
1493793
1494103
1494213
1494320
1494418
1494505
1494516
1494535
1494554
1494636
1494708
1495037
1495185
1495675
1495799
1496051
1496292
1496510
1496768
1496780
1496823
1496927
1496993
1497098
1497415
1497523
1497653
1497713
1497829
1497893
1497997
1498024
1498160
1498324
1498438
1498527
1498636
1498829
1498870
1498989
1499262
1499335
1499558
1499598
1499823
1499978
1500644
1500676
1500966
1501018
1501173
1501312
1502103
1502282
1502801
1502867
1503648
1504023
1504163
1504314
1504342
1504644
1504805
1505232
1505277
1505451
1505474
1505607
1505641
1505764
1505828
1506589
1506672
1507000
1507038
1507058
1507128
1507212
1507231
1507237
1507260
1507515
1507673
1507863
1508033
1508935
1509066
1509589
1509879
1510294
1510943
1511437
1511798
1512350
1512438
1512549
1512716
1512765
1512925
1512942
1513012
1513093
1513181
1513216
1513416
1513738
1513791
1513812
1513946
1514206
1514281
1514879
1515015
1515554
1515704
1515740
1516249
1516691
1516830
1516864
1516976
1517098
1517226
1517709
1517742
1517842
1517852
1518073
1518229
1518330
1519464
1519552
1519596
1519711
1519876
1520800
1521074
1521136
1521356
1521512
1521714
1521791
1521920
1521967
1522112
1522129
1522558
1522682
1522859
1523028
1523127
1523286
1523373
1523436
1523657
1523821
1523928
1524082
1524092
1524135
1524334
1524474
1525028
1525112
1525202
1525636
1526373
1526475
1526726
1526942
1527364
1527508
1527737
1527830
1528284
1528332
1529177
1529330
1529866
1530116
1530154
1530333
1530403
1530658
1530692
1530709
1531161
1531365
1531678
1531754
1532075
1532086
1532149
1532332
1532607
1533094
1533154
1533267
1533274
1533566
1534087
1534276
1534345
1534359
1534495
1534528
1534922
1535019
1535492
1536095
1536232
1536830
1537778
1537971
1538078
1538217
1538708
1538902
1539137
1539330
1539646
1540049
1540200
1540641
1541220
1541634
1541731
1542206
1542482
1542536
1542704
1542884
1543040
1543373
1543422
1543585
1543665
1543689
1543716
1543720
1543812
1543840
1543914
1544123
1544351
1544545
1544562
1544995
1545488
1545622
1545824
1545878
1546259
1546372
1546403
1546501
1546724
1546778
1546908
1546992
1547103
1547417
1547547
1547719
1548093
1548164
1548173
1548246
1548371
1548394
1549300
1549477
1549708
1549782
1550216
1550354
1550409
1550448
1550555
1550841
1550942
1550959
1551266
1551359
1551459
1551564
1551912
1551955
1552060
1552075
1552341
1552506
1552625
1552691
1552767
1552796
1552898
1553139
1553438
1553443
1553497
1554238
1554444
1554832
1555302
1555350
1555403
1555975
1556135
1556344
1556563
1557013
1557031
1557166
1557261
1557266
1557398
1557427
1557677
1557730
1557774
1557934
1558236
1558301
1558394
1558477
1558495
1558687
1558930
1558967
1559094
1559218
1559251
1559291
1559302
1559438
1559584
1559701
1559734
1561030
1561147
1561493
1561597
1561919
1562031
1562538
1562705
1562736
1562770
1562830
1562888
1563070
1563380
1563561
1563743
1564197
1564315
1564428
1564580
1564791
1564914
1565243
1565385
1565538
1565615
1565661
1565851
1565983
1566136
1566681
1566921
1567279
1568214
1568281
1568288
1568324
1568432
1568512
1568533
1568838
1568914
1568992
1569237
1569374
1569817
1569947
1570081
1570170
1570219
1570729
1570770
1570867
1571112
1571188
1571435
1571488
1571715
1571724
1572104
1572178
1572363
1572526
1572649
1572708
1572969
1573087
1573097
1573236
1573351
1573449
1573773
1573976
1574138
1574144
1574645
1574671
1574809
1574929
1574956
1575135
1575234
1575349
1575374
1575794
1575849
1575941
1576063
1576085
1576207
1576226
1576248
1576557
1576577
1576667
1576916
1576973
1577084
1577148
1577179
1577187
1577293
1577639
1577684
1578277
1578409
1578582
1578633
1578662
1578760
1578837
1579228
1579274
1579766
1579843
1579868
1579980
1580023
1580377
1580606
1580629
1580712
1580851
1580942
1581043
1581265
1581301
1581531
1582318
1582339
1582450
1582825
1583062
1583128
1583336
1583692
1583725
1584109
1584206
1584411
1584822
1585266
1585317
1585354
1585601
1585915
1585999
1586085
1586262
1586282
1586725
1587278
1587373
1587539
1587594
1587743
1587880
1587953
1587966
1588003
1588188
1588459
1588590
1588791
1589102
1589201
1589257
1589480
1589962
1590026
1590157
1590471
1590701
1591954
1592360
1592412
1592459
1592763
1592845
1592861
1592876
1593105
1593992
1594140
1594230
1594385
1594592
1594624
1594763
1594893
1595080
1595119
1595216
1595497
1595755
1595810
1595894
1595949
1596177
1596729
1596808
1596874
1597046
1597052
1597521
1598129
1598174
1598263
1598334
1598692
1599279
1599309
1599401
1599478
1599524
1599667
1599755
1599924
1599950
1600024
1600093
1600120
1600485
1600526
1600581
1600728
1600769
1600917
1600945
1601087
1601144
1601317
1601520
1602241
1602336
1602545
1602588
1602771
1603236
1603325
1603561
1604337
1604709
1605450
1605711
1605723
1605846
1606082
1606119
1606133
1606353
1606553
1606805
1606866
1606903
1607328
1607556
1607883
1608130
1608380
1608689
1608905
1608960
1609031
1609305
1609380
1609659
1609972
1610453
1610601
1610646
1610664
1610707
1610726
1610905
1610964
1610966
1611090
1611104
1611274
1611319
1611388
1612122
1612172
1612582
1612936
1613044
1613197
1613762
1613814
1614144
1614273
1614697
1615695
1615834
1615925
1616289
1616694
1616782
1617065
1617113
1617229
1617256
1617453
1617625
1617739
1617902
1618119
1618655
1618896
1618954
1619050
1619070
1619357
1619438
1619454
1619502
1619655
1619737
1619908
1620336
1620366
1620614
1620729
1620880
1620922
1621102
1621525
1621646
1621807
1622274
1622618
1622635
1622820
1622909
1623106
1623172
1623392
1623762
1623909
1623943
1624313
1624372
1624565
1624643
1624787
1624932
1625030
1625292
1625419
1625522
1625577
1625991
1626112
1626135
1626490
1627106
1627201
1627464
1627685
1627702
1628290
1628349
1628437
1628567
1628841
1628960
1629040
1629456
1629905
1630069
1630130
1630152
1630400
1630716
1630850
1631196
1631320
1631326
1631874
1631974
1632021
1632106
1632247
1632264
1632527
1632770
1633026
1633092
1633120
1633529
1633798
1633930
1634041
1634047
1634234
1634520
1634671
1635049
1635075
1635405
1635640
1635699
1635752
1635861
1635991
1636277
1636455
1636603
1636858
1637091
1637610
1637641
1637750
1637904
1638098
1638153
1638170
1638219
1638385
1638513
1639067
1639129
1639435
1639444
1639633
1639752
1639815
1639839
1639861
1640310
1640415
1640603
1640656
1640723
1640885
1640943
1641078
1641680
1641916
1642221
1642363
1642385
1642704
1643038
1643235
1643330
1643394
1643428
1643514
1643941
1643979
1644011
1644216
1644432
1644650
1644699
1644738
1644858
1645056
1645098
1645248
1645276
1645314
1645345
1646011
1646249
1646289
1646306
1646318
1646345
1646674
1646733
1646779
1646937
1646943
1647203
1647433
1647661
1647730
1647834
1647890
1648016
1648150
1648174
1648418
1648504
1648565
1648723
1648965
1649763
1650197
1650387
1650727
1650988
1651022
1651152
1651253
1651348
1651382
1651469
1651525
1651751
1651818
1651931
1652020
1652232
1652463
1652490
1652576
1652846
1653043
1653206
1653312
1653346
1653461
1653948
1654508
1654629
1654898
1655283
1655421
1655721
1655799
1656168
1656277
1656641
1656897
1656975
1657169
1657210
1657287
1657540
1657613
1658157
1658328
1658490
1658692
1658887
1658897
1659039
1659245
1659381
1659561
1659875
1660279
1660558
1661177
1661248
1661467
1661692
1661728
1662202
1662515
1662885
1662946
1662964
1663019
1663086
1663179
1663345
1663380
1663425
1663504
1663645
1663990
1664466
1664509
1664670
1664682
1664825
1665121
1665525
1665556
1665690
1665965
1666091
1666509
1666641
1666685
1667070
1667170
1667277
1667307
1667398
1667594
1667610
1667811
1667965
1668058
1668083
1668315
1668516
1668820
1668864
1668951
1669129
1669176
1669245
1669437
1669459
1670067
1670160
1670211
1670387
1670411
1670801
1670883
1671058
1671253
1671529
1671690
1671745
1672051
1672263
1672377
1672403
1672423
1672685
1672739
1672877
1672927
1673102
1673147
1673178
1673537
1673624
1673695
1674003
1674314
1674480
1674605
1674642
1674688
1674750
1674812
1674816
1674919
1674949
1674964
1675012
1675134
1675635
1675771
1676186
1676353
1676604
1677623
1677766
1677880
1678111
1678120
1678219
1678912
1678934
1679110
1679187
1679306
1679663
1679834
1679917
1680064
1680164
1680655
1680727
1680775
1680804
1680882
1681606
1681652
1681727
1681999
1682071
1682148
1682266
1682624
1682716
1682790
1683116
1683160
1683455
1683537
1683568
1683608
1683856
1683917
1683970
1684046
1684179
1684191
1684454
1684562
1684657
1684844
1685128
1685563
1685849
1686012
1686192
1686488
1686556
1686611
1686668
1686711
1686758
1686787
1686810
1686842
1686913
1687105
1687128
1687373
1687401
1687479
1687669
1687732
1687789
1688097
1688518
1688531
1688874
1689018
1689433
1689987
1690028
1690250
1690440
1690768
1690877
1691028
1691486
1691792
1692019
1692154
1692174
1692216
1692278
1692391
1692708
1693284
1693432
1693616
1693702
1693799
1694014
1694079
1694177
1694325
1694406
1694785
1694995
1695057
1695422
1695428
1696001
1696047
1696106
1696185
1696676
1697095
1697354
1697385
1697681
1697828
1697892
1698295
1698492
1698510
1698747
1699163
1699308
1699342
1699938
1700288
1700453
1700466
1700517
1700532
1700623
1700687
1700807
1700846
1701114
1701120
1701411
1701480
1701566
1702012
1702029
1702085
1702114
1702232
1702360
1702467
1702510
1703000
1703005
1703098
1703407
1703471
1703854
1703887
1704000
1704040
1704085
1704327
1704356
1704428
1704563
1704590
1704729
1704760
1704769
1704887
1704903
1705104
1705276
1705486
1705783
1706018
1706110
1706127
1706209
1706275
1706280
1706312
1706413
1706469
1706528
1706578
1706621
1706748
1706945
1707059
1707246
1707381
1707564
1707592
1708324
1708352
1708695
1708844
1709101
1709182
1709205
1709805
1710147
1710240
1710315
1710357
1710795
1710857
1710974
1711105
1711152
1711285
1711344
1711388
1711498
1711711
1711749
1711844
1711938
1711967
1712179
1712270
1712363
1712387
1712401
1712507
1712918
1713174
1713351
1713433
1713533
1713724
1713887
1713907
1713924
1713970
1714268
1714390
1714444
1714553
1714724
1714747
1714805
1714843
1714997
1715670
1715748
1716020
1716138
1716199
1716214
1716234
1716330
1716377
1716504
1716843
1716891
1716961
1717036
1717334
1717926
1717960
1718194
1718710
1719005
1719060
1719393
1719419
1719468
1719515
1719759
1719805
1720024
1720116
1720137
1720215
1720255
1720290
1720597
1720611
1720787
1720869
1721082
1721178
1721292
1721395
1721620
1721888
1722214
1722289
1722485
1722497
1722731
1722796
1722851
1723358
1723426
1723541
1723599
1723702
1724654
1724682
1725128
1725360
1725417
1725525
1725622
1725681
1725708
1725761
1725810
1725858
1726041
1726282
1726300
1726344
1726431
1726514
1726543
1726576
1726621
1726742
1727395
1727461
1727714
1727864
1728258
1728282
1728322
1728364
1728482
1728543
1728602
1728668
1729065
1729096
1729158
1729286
1729305
1729473
1729602
1729685
1729702
1729765
1729896
1729913
1730576
1730685
1731128
1731169
1731229
1731421
1731463
1731528
1731582
1731944
1731967
1732012
1732192
1732405
1732629
1732682
1732952
1733515
1733539
1733648
1733707
1733820
1733932
1733955
1734193
1734206
1734388
1734627
1734636
1734709
1734739
1734804
1734962
1735213
1735311
1735359
1735458
1735466
1735539
1735551
1735838
1736171
1736187
1736194
1736203
1736279
1736299
1736342
1736559
1736616
1736663
1737070
1737161
1737167
1737186
1737315
1737494
1737609
1737703
1737971
1738109
1738228
1738321
1739854
1740706
1740771
1741065
1741249
1741649
1741922
1741973
1742226
1742419
1742447
1742679
1742859
1742991
1743438
1743693
1743707
1743785
1743880
1744239
1744320
1744474
1744489
1744502
1744609
1744679
1744856
1745401
1745682
1745824
1745849
1746177
1746353
1746473
1746494
1746574
1746710
1746965
1747185
1747663
1747719
1748143
1748297
1748599
1748932
1749188
1749253
1749370
1749406
1749560
1749773
1749844
1749922
1750186
1750236
1750278
1750321
1750333
1750341
1750612
1750731
1750777
1751019
1751298
1751854
1751901
1751915
1752213
1752270
1752358
1752474
1753131
1753163
1753464
1754222
1754465
1754728
1754732
1755030
1755250
1755393
1755427
1755486
1755489
1755585
1755617
1755633
1755649
1755727
1755779
1755832
1756276
1756405
1756778
1756782
1757201
1757924
1758133
1758183
1758365
1758712
1758866
1759143
1759201
1759443
1759671
1759833
1760123
1760191
1760823
1760843
1760890
1760991
1761114
1761160
1761189
1761764
1761834
1762147
1762242
1763204
1763591
1763943
1764411
1764619
1764734
1764766
1765554
1765587
1765652
1765706
1765771
1765908
1766128
1766175
1766211
1766545
1766607
1766923
1767011
1767835
1767856
1767959
1768385
1768813
1768891
1769233
1769520
1770122
1770393
1770454
1770464
1770532
1771068
1771115
1771374
1771434
1771454
1771488
1771574
1771750
1772183
1772197
1772289
1772596
1772696
1772820
1773302
1773915
1774315
1774485
1775076
1775154
1775314
1775543
1775623
1775742
1776143
1776488
1776497
1776566
1777008
1777043
1777101
1777172
1777447
1777620
1777639
1777656
1778166
1778367
1778484
1778813
1779094
1779134
1779303
1779512
1779609
1779781
1779958
1780297
1780779
1780873
1781058
1781104
1781412
1781436
1781617
1781896
1781932
1781972
1782260
1782366
1782426
1782731
1783093
1783423
1783698
1783745
1783761
1784077
1784191
1784443
1784961
1785404
1785586
1785639
1786180
1786247
1786458
1786524
1786587
1786899
1787061
1787502
1787532
1787560
1787612
1787626
1787667
1788007
1788209
1788324
1788412
1788514
1788646
1788656
1789027
1789118
1789316
1789506
1789667
1790032
1790219
1790302
1790505
1791160
1791392
1791399
1791432
1791636
1791698
1792010
1792076
1792139
1792218
1792336
1792765
1792838
1792971
1793379
1793514
1793777
1794406
1794422
1794483
1794512
1794674
1795002
1795385
1795495
1795858
1796585
1796645
1796976
1797009
1797025
1797071
1797198
1797650
1797876
1797881
1797910
1798314
1798427
1798665
1798704
1799071
1799167
1799248
1799366
1799414
1799842
1799861
1800225
1800329
1800380
1800433
1800970
1801008
1801113
1801503
1801561
1801789
1802366
1802539
1802576
1802918
1803113
1803263
1803381
1803431
1803798
1804784
1805079
1805107
1805329
1805481
1806041
1806515
1806636
1806746
1806762
1806833
1806941
1806956
1807349
1807970
1808069
1808401
1808453
1808585
1808915
1809469
1809768
1809798
1809838
1809929
1810477
1810836
1810877
1811291
1811304
1811562
1811613
1811896
1812295
1812351
1812471
1812480
1812508
1812686
1813157
1813479
1813503
1813610
1813798
1813826
1813956
1814050
1814096
1814458
1814471
1814554
1814619
1814866
1815235
1815352
1815407
1815451
1815551
1815755
1815967
1816420
1817037
1817193
1817390
1817542
1817730
1818026
1818194
1818298
1818497
1818588
1818640
1818650
1818873
1818888
1819541
1819692
1819886
1819920
1820074
1820222
1820318
1820610
1820784
1820792
1821012
1821068
1821152
1821221
1821438
1821746
1821935
1822026
1822047
1822211
1822215
1822365
1822489
1822785
1822791
1823250
1823442
1823485
1823594
1823619
1823906
1823957
1824310
1824457
1824686
1824975
1825161
1825243
1825389
1825802
1825822
1825892
1826120
1826307
1827273
1827394
1827511
1827630
1827968
1828019
1828127
1828364
1828756
1828846
1828871
1829114
1829197
1829299
1830131
1830555
1830588
1830686
1831141
1831269
1831342
1831777
1831997
1832135
1832308
1832362
1832484
1832713
1832788
1833009
1833316
1833637
1833642
1833696
1833811
1833955
1834238
1834838
1834957
1835062
1835266
1835607
1835615
1835667
1835677
1836711
1836759
1837168
1837186
1837670
1837802
1837849
1838441
1838637
1838689
1838977
1839111
1839198
1839229
1839470
1839517
1839640
1839924
1840049
1840147
1840721
1840786
1841071
1841092
1841259
1841279
1841297
1841305
1841554
1841810
1841954
1842081
1842154
1842201
1842335
1842389
1842878
1842909
1843055
1843073
1843316
1843492
1843554
1843978
1844048
1844105
1844358
1844420
1844444
1844464
1844584
1844691
1844935
1844985
1845682
1845977
1846067
1846453
1846617
1846796
1847258
1847732
1847828
1847837
1848210
1848234
1848274
1848897
1848906
1849064
1849247
1849365
1849513
1849535
1850072
1850085
1850100
1850430
1850469
1850693
1850983
1851164
1851423
1851817
1851986
1852186
1852338
1852354
1852452
1852574
1852650
1852999
1853250
1853327
1853429
1853859
1854124
1854271
1854685
1854860
1854907
1855252
1855294
1855481
1855782
1856094
1856243
1856286
1856349
1856577
1856735
1856908
1857024
1857460
1857715
1857735
1857765
1857906
1858206
1858295
1858373
1858601
1858638
1858699
1858753
1858945
1858968
1859068
1859134
1859625
1859790
1859986
1860037
1860502
1860691
1860955
1861562
1861685
1861775
1862094
1862175
1862304
1862392
1862448
1862869
1863077
1863114
1863301
1863387
1863448
1863591
1863650
1863757
1863998
1864174
1864533
1864698
1864718
1864781
1864824
1864960
1865476
1865723
1865880
1865890
1866407
1866544
1866663
1867222
1867250
1867275
1867372
1867565
1868030
1868116
1868545
1868904
1869154
1869468
1869630
1869909
1870057
1870278
1870316
1871004
1871155
1871307
1871317
1871347
1871594
1872113
1872455
1872548
1872580
1872605
1872610
1872816
1873150
1873802
1873844
1873957
1874217
1874256
1874377
1874596
1874652
1874752
1874800
1874857
1874910
1875233
1875327
1875455
1875511
1875665
1875763
1875908
1876061
1876570
1876758
1877241
1877343
1878631
1878961
1879029
1879102
1879155
1879334
1879391
1879655
1879713
1879722
1879839
1879976
1880023
1880121
1880348
1880426
1880453
1880558
1880597
1880664
1880982
1881303
1881339
1881469
1881909
1882583
1882962
1883071
1883438
1883656
1883691
1884604
1884627
1884677
1884708
1884904
1885133
1885252
1885281
1885310
1885320
1885549
1885837
1885932
1886048
1886109
1886259
1886374
1886946
1887229
1887525
1888072
1888372
1888527
1888554
1888637
1889340
1889534
1889541
1889605
1889844
1889931
1890058
1890283
1890463
1890471
1890916
1891236
1891485
1891979
1892350
1892435
1892655
1892845
1893008
1893210
1893309
1893941
1894171
1894298
1894367
1894371
1894374
1894490
1894861
1894897
1894955
1895132
1895340
1895449
1895753
1895847
1895982
1896071
1896253
1896898
1897738
1897954
1898116
1898160
1898592
1898634
1898907
1899114
1899210
1899674
1899697
1899984
1900007
1900296
1900333
1900573
1900912
1900934
1901042
1901276
1901373
1901413
1901647
1901692
1901761
1901897
1901993
1902331
1902431
1902468
1902775
1903078
1903331
1903501
1903558
1903664
1904109
1904145
1904583
1904657
1904723
1904817
1904865
1904899
1904951
1905192
1905816
1906254
1906414
1906491
1906578
1906973
1907310
1907339
1907778
1907827
1908277
1908389
1908464
1908577
1908899
1909034
1909059
1909108
1909629
1910122
1910655
1910855
1911358
1911681
1911734
1911770
1911843
1912356
1912678
1913308
1913449
1913469
1913504
1913617
1913746
1913799
1914303
1914358
1914455
1914462
1915157
1915292
1915395
1915499
1916355
1916381
1916459
1916623
1916714
1916972
1917139
1917230
1917840
1917909
1918172
1918237
1918295
1919103
1919172
1919179
1920087
1920554
1920589
1920613
1920645
1921061
1921145
1921174
1921375
1921511
1921938
1922377
1922584
1922920
1922924
1922959
1923160
1923184
1923313
1923447
1923761
1923764
1923814
1924075
1924169
1924299
1924387
1925242
1925591
1925839
1925862
1926027
1926048
1926148
1926336
1926494
1926790
1926892
1926931
1926980
1927198
1927264
1927377
1927540
1927672
1927832
1927847
1928494
1928837
1928947
1929027
1929437
1929543
1929773
1929805
1930020
1930188
1930504
1930668
1930699
1930822
1931102
1931235
1931263
1931294
1931319
1931842
1931921
1932153
1932204
1932595
1932826
1932940
1933016
1933506
1933552
1933861
1934146
1934304
1934368
1934457
1934809
1936332
1936551
1936835
1937319
1937430
1937603
1938033
1938097
1938429
1938706
1938784
1938856
1939426
1939569
1939916
1940203
1940375
1940931
1941014
1941734
1941853
1942271
1942504
1942769
1942830
1943028
1943110
1943348
1943375
1943437
1943691
1943876
1943914
1943978
1943986
1944227
1944611
1944691
1944750
1944812
1944947
1944987
1945025
1945075
1945141
1945211
1945581
1945643
1945907
1946042
1946136
1946312
1946355
1946649
1946704
1946954
1947030
1947935
1948101
1948122
1948236
1948319
1948410
1948431
1948622
1948705
1948807
1948993
1949017
1949038
1949121
1949259
1949584
1949635
1950019
1950049
1950277
1950632
1951187
1951262
1951537
1951594
1951682
1951767
1951869
1951955
1952337
1952395
1952869
1952901
1953099
1953108
1953210
1953220
1953468
1953545
1953656
1953817
1953851
1954059
1954345
1954649
1954767
1954794
1954830
1954872
1954960
1955380
1955386
1955469
1955690
1956027
1956047
1956235
1956413
1957346
1957461
1958148
1958367
1958610
1958710
1958797
1959163
1959288
1959316
1960024
1960113
1960132
1960242
1960459
1960678
1960775
1960979
1961080
1961206
1961285
1961730
1962316
1962415
1962728
1963237
1963358
1963482
1963607
1963730
1964224
1964675
1965104
1965458
1965745
1965816
1966007
1966198
1966832
1967387
1967879
1968554
1968573
1968944
1968978
1969027
1969267
1969817
1969936
1970300
1970401
1970415
1970809
1971017
1971327
1971384
1971706
1972029
1972084
1972470
1972777
1972987
1974225
1975090
1975192
1975473
1975728
1975770
1975794
1976068
1976073
1976313
1976483
1976649
1977167
1977437
1977514
1977620
1978155
1978601
1978681
1979301
1979420
1979546
1979718
1979746
1979964
1980186
1980327
1980548
1980769
1980781
1980882
1981428
1982018
1982083
1982142
1982350
1982411
1983104
1983146
1983211
1983345
1983714
1983731
1983919
1984049
1984196
1984402
1984708
1985219
1985316
1985344
1985560
1985887
1986377
1986477
1986505
1986611
1986683
1986859
1986966
1987388
1987576
1988435
1988532
1988622
1988736
1988751
1988865
1988988
1989250
1989272
1989522
1989707
1990015
1990205
1990375
1990848
1990926
1990946
1991316
1991345
1991389
1991485
1991658
1991665
1991755
1991941
1992153
1992515
1992579
1992800
1992837
1992851
1993074
1993089
1993127
1993183
1993459
1993884
1994018
1994225
1994613
1994624
1994839
1994907
1994918
1994980
1995031
1995293
1995353
1995936
1996377
1996546
1996730
1996771
1997192
1998152
1998431
1998586
1998596
1998610
1999108
1999122
1999342
1999410
1999774
1999823
1999968
2000254
2000398
2000604
2001148
2001235
2001267
2001333
2001479
2001542
2001591
2001818
2001934
2002085
2002622
2003038
2003364
2003587
2003671
2003867
2003983
2004250
2004328
2004413
2004543
2004682
2005117
2005210
2005901
2005942
2005981
2006231
2006513
2006699
2006802
2006822
2007451
2007467
2007749
2008246
2008299
2008344
2008440
2008750
2008982
2009620
2010176
2010321
2011014
2011080
2011095
2011309
2011440
2011488
2011644
2011896
2012087
2012236
2012784
2013074
2013145
2013375
2013390
2013494
2013778
2014085
2014087
2014170
2014191
2015451
2015681
2016336
2016391
2016404
2016414
2016499
2016542
2016828
2016923
2017073
2017684
2017970
2018378
2018522
2018714
2019142
2019412
2019755
2020078
2020108
2021181
2021546
2022043
2022756
2022943
2022972
2023062
2023097
2023430
2023732
2023851
2024043
2024239
2024810
2025030
2025363
2025953
2026445
2026579
2027173
2027300
2028024
2028270
2028876
2029492
2029558
2029659
2029715
2030067
2030409
2030447
2030675
2031002
2031125
2031165
2031416
2031624
2031712
2031923
2032411
2032560
2032585
2032751
2032813
2033085
2033117
2033785
2033902
2034295
2034396
2034452
2034511
2035488
2035532
2035719
2035802
2036132
2036286
2036784
2037544
2037654
2037823
2038378
2038380
2038435
2038496
2038971
2038990
2039338
2039732
2040085
2040200
2040583
2040805
2040990
2041005
2041242
2041302
2041496
2041961
2042429
2043129
2043715
2043964
2044017
2044074
2044683
2044773
2044860
2044907
2045112
2045866
2046981
2047216
2047634
2047802
2047957
2048050
2048175
2048425
2048798
2048822
2048925
2050055
2050092
2050200
2050640
2050689
2050708
2050813
2050886
2051073
2051624
2051666
2052376
2052591
2052658
2052736
2052863
2052903
2052958
2053117
2053339
2053350
2053422
2053720
2053772
2054214
2054369
2054827
2055196
2055207
2055381
2055985
2055998
2056665
2056987
2057211
2057262
2057324
2057341
2058103
2058178
2058231
2058580
2058780
2058973
2059080
2059286
2059344
2059400
2059508
2059661
2060674
2060709
2060785
2060894
2060995
2061311
2061390
2061748
2062051
2062147
2062196
2062758
2062997
2063089
2063388
2064353
2064556
2064756
2064935
2064978
2065017
2065275
2065398
2065629
2066160
2066292
2066391
2066515
2066540
2066558
2066978
2067081
2067148
2067235
2067446
2067664
2067785
2067924
2068032
2068638
2068781
2069001
2069076
2069208
2069343
2069709
2070570
2070663
2070786
2070851
2071022
2071556
2071756
2072251
2073094
2073111
2073374
2073383
2074691
2075080
2075190
2075410
2075468
2075900
2076511
2076891
2076999
2077272
2077629
2077772
2077818
2078046
2078349
2078415
2078549
2078628
2079723
2079742
2079823
2079842
2079956
2080109
2080181
2080473
2080595
2080968
2081075
2081297
2081305
2081776
2082245
2082864
2083211
2083224
2083457
2083483
2083656
2083792
2084133
2084652
2084706
2085231
2085966
2086162
2086406
2086573
2086748
2086870
2087127
2087261
2087470
2087737
2087811
2088204
2088298
2088724
2088774
2089041
2089096
2089248
2089264
2089419
2089546
2089608
2089734
2089785
2089800
2090407
2090441
2090484
2091041
2091272
2091300
2091321
2091402
2091793
2092076
2092130
2092320
2092345
2093099
2093126
2093261
2093386
2093611
2094399
2094635
2094750
2095040
2095433
2095745
2096113
2096424
2096909
2096937
2096995
2097125
2097200
2097253
2097277
2097320
2097405
2097479
2097669
2097902
2098290
2098373
2098587
2098637
2098959
2099018
2099754
2099779
2099969
2100576
2100696
2100816
2101237
2101659
2101789
2102233
2102497
2102697
2102752
2102880
2103032
2103390
2103559
2104044
2104129
2104252
2104436
2104463
2104757
2106169
2106351
2106563
2106569
2107059
2107340
2107823
2108275
2108318
2108420
2108494
2108793
2109004
2110072
2110196
2110252
2110489
2110505
2111133
2111372
2111563
2111697
2112137
2112189
2112265
2112379
2112487
2113136
2113433
2114779
2115020
2115161
2115251
2115379
2115556
2115812
2116520
2116882
2117488
2117882
2118441
2118867
2118992
2119297
2119594
2119619
2119643
2119656
2119736
2120507
2120699
2120835
2121122
2121226
2121544
2121853
2122523
2122637
2122819
2123843
2123880
2124283
2124454
2124524
2124770
2124984
2125989
2126113
2126196
2126459
2126712
2126753
2127449
2127671
2127996
2128002
2128056
2128768
2128836
2129089
2129196
2129232
2129907
2130200
2130654
2131653
2132773
2132898
2133175
2133443
2133589
2133692
2134800
2135100
2135389
2135449
2135659
2136535
2136761
2136986
2137086
2137294
2137403
2137581
2138069
2138161
2138225
2138466
2138648
2138853
2138889
2139419
2140051
2140386
2140415
2140610
2141146
2141200
2141342
2141355
2141390
2141478
2141789
2141936
2141969
2142380
2142516
2142803
2143119
2143682
2143859
2143959
2144568
2145101
2145302
2145462
2145597
2145737
2146599
2146763
2146798
2146978
2147172
2147194
2147337
2148719
2149106
2149351
2149733
2150192
2150251
2150372
2150587
2150690
2150950
2150981
2151100
2151497
2151631
2151904
2151958
2152279
2152547
2152571
2152791
2153229
2153293
2153603
2153885
2153995
2154584
2154600
2154607
2154837
2155143
2155320
2155506
2155688
2155905
2156087
2156150
2156215
2156852
2156990
2157036
2157384
2157506
2157620
2157682
2157710
2157901
2158016
2158181
2158264
2158776
2158785
2159072
2159091
2159294
2159539
2159642
2159707
2159858
2160690
2160748
2161074
2161209
2161491
2161726
2161737
2162167
2162434
2163082
2164250
2164319
2164610
2164993
2165334
2165442
2165499
2165724
2165837
2166511
2166537
2166618
2167970
2168395
2168518
2169757
2170119
2170442
2170511
2170674
2170901
2170953
2171017
2171164
2171795
2172647
2172712
2173195
2173751
2173851
2174177
2174337
2174370
2174630
2174938
2175220
2175755
2175795
2176030
2176716
2176897
2177192
2177329
2177808
2177898
2177937
2178191
2178330
2178750
2178799
2179547
2179681
2179719
2179733
2179920
2180116
2180158
2180483
2181000
2181517
2181711
2181951
2182144
2182156
2182544
2182584
2182886
2183087
2183194
2183349
2183517
2183576
2184120
2184430
2184479
2184504
2184631
2184652
2184992
2185851
2185881
2185897
2186090
2186129
2186672
2186707
2187261
2187588
2187975
2188116
2188518
2188527
2188571
2189238
2189371
2189815
2190637
2191155
2191349
2191586
2192788
2193239
2193308
2193760
2193785
2193871
2193884
2194978
2195254
2195278
2195473
2196114
2196226
2196263
2196411
2196844
2197276
2197395
2197567
2197728
2197826
2197881
2198249
2198607
2198798
2198855
2199081
2199217
2199426
2199545
2200039
2200334
2200413
2200576
2201011
2201420
2201944
2202045
2202737
2203117
2203269
2203295
2203306
2203491
2203580
2203920
2203983
2204039
2204159
2204438
2204696
2204956
2204996
2205038
2205549
2205960
2206593
2206613
2206786
2206894
2207353
2208290
2208399
2208554
2208785
2208912
2209467
2209615
2209662
2209669
2210153
2210642
2210721
2211347
2211430
2211449
2211476
2211853
2212995
2213158
2213449
2213559
2214135
2214182
2214209
2214385
2214399
2214823
2214861
2215107
2215287
2215922
2216432
2216447
2216949
2217422
2218025
2218127
2218942
2219578
2220188
2220229
2221137
2221374
2221608
2221659
2222205
2222234
2222309
2222571
2223008
2223075
2223925
2224001
2224181
2224393
2224495
2224535
2224576
2224894
2225052
2225812
2226271
2226466
2226623
2226848
2226867
2226974
2227055
2227487
2227627
2227798
2227912
2228351
2228568
2228671
2229314
2229388
2229488
2229498
2229612
2229634
2229707
2229872
2230686
2231277
2231338
2231379
2231596
2231612
2231667
2231693
2232002
2232137
2232281
2232312
2232449
2232483
2232591
2232806
2233069
2233175
2233191
2233255
2233287
2233464
2233513
2233553
2233761
2233861
2235357
2235389
2235433
2235459
2235545
2235781
2235786
2235790
2235832
2235921
2235981
2236019
2236164
2236200
2236521
2236680
2236816
2236995
2237312
2237789
2237822
2237838
2238079
2238883
2239204
2239222
2239256
2239318
2239366
2239417
2239446
2239798
2240390
2240403
2240875
2241077
2241404
2241508
2241597
2242058
2242210
2242331
2242405
2242512
2242726
2242777
2242814
2242955
2243037
2243138
2243282
2243338
2243514
2243582
2243587
2243712
2244062
2244413
2244603
2244777
2244996
2245029
2245313
2245576
2245649
2245796
2245804
2246071
2246484
2246589
2246702
2246782
2246982
2247066
2247313
2247483
2247523
2247544
2247594
2247736
2247871
2247986
2248074
2248532
2248856
2249812
2249932
2249994
2250028
2250456
2250470
2250747
2250893
2251038
2251061
2251180
2251668
2251886
2252760
2252861
2253429
2253446
2253679
2253873
2254163
2254313
2254458
2254635
2254673
2254742
2254819
2255011
2255016
2255207
2255212
2255312
2255484
2255622
2255699
2255952
2255999
2256037
2256794
2257174
2257452
2258085
2258143
2258206
2258286
2258393
2259228
2259277
2259617
2260057
2260111
2260752
2260848
2261123
2261343
2261499
2261626
2261694
2261721
2261880
2262244
2262526
2262541
2262838
2262893
2263074
2263141
2263222
2263229
2263264
2263507
2263689
2263844
2263951
2264010
2264237
2264429
2264498
2264521
2264559
2264651
2264704
2264965
2265188
2265271
2265345
2265393
2265401
2265498
2265879
2266114
2266313
2266350
2266392
2266608
2266733
2266846
2267001
2267385
2267880
2268069
2268206
2268724
2268944
2269005
2269019
2269178
2269193
2269352
2269618
2269673
2269752
2269904
2270271
2270419
2270689
2270712
2270914
2271080
2271165
2271346
2271434
2271679
2272109
2272127
2272324
2272421
2272591
2272618
2272802
2272844
2273040
2273172
2273380
2274134
2274183
2274389
2275174
2275193
2275205
2275222
2275393
2275437
2275638
2275665
2275728
2275925
2276280
2276368
2276383
2276698
2276804
2276976
2277393
2277426
2277549
2278009
2278395
2278640
2278682
2279202
2279220
2279336
2279537
2279704
2280028
2280034
2280037
2280350
2280381
2280530
2280955
2280983
2281188
2281531
2281715
2281793
2281814
2281908
2281918
2282110
2282123
2282550
2283018
2283064
2283143
2283256
2283309
2283530
2283624
2283809
2284280
2284284
2284589
2284684
2285045
2285408
2285442
2285657
2285670
2285796
2286060
2286088
2286098
2286449
2286717
2286963
2287827
2287891
2287904
2287974
2288216
2288235
2288278
2288493
2288565
2288714
2288744
2288767
2288925
2288983
2289205
2289622
2289801
2290070
2290193
2290242
2290316
2290478
2290524
2290583
2290617
2290638
2290766
2291415
2291596
2291731
2291833
2292049
2292499
2292710
2292839
2293049
2293241
2293319
2293569
2293742
2294202
2294299
2294321
2294610
2295059
2295249
2295684
2295691
2295847
2295920
2296169
2296206
2296324
2296535
2296651
2296858
2297043
2297337
2297347
2297350
2297440
2297498
2297513
2297520
2297590
2297829
2297840
2297947
2298004
2298067
2298192
2298702
2298750
2298779
2298842
2298951
2299045
2299294
2299448
2299636
2299672
2299676
2299718
2299783
2299953
2300408
2300581
2300645
2300679
2300721
2300738
2300767
2300822
2300874
2300887
2300987
2301024
2301050
2301149
2301167
2301218
2301372
2301408
2301430
2301435
2301474
2301503
2301638
2301758
2301772
2301779
2301795
2301859
2301871
2301949
2302043
2302065
2302088
2302223
2302295
2302304
2302396
2302437
2302570
2302623
2302648
2302709
2302755
2302850
2302911
2302977
2302994
2303003
2303037
2303114
2303146
2303167
2303207
2303260
2303452
2303477
2303538
2303547
2303594
2303614
2303623
2303720
2303844
2303862
2303924
2303978
2304216
2304249
2304331
2304341
2304368
2304459
2304580
2304787
2304838
2304842
2304927
2304974
2305067
2305190
2305213
2305236
2305394
2305473
2305492
2305576
2305670
2305725
2305740
2305933
2306043
2306051
2306116
2306249
2306420
2306520
2306536
2306551
2306660
2306749
2306988
2307042
2307198
2307389
2307675
2307707
2307953
2308173
2308212
2308413
2308456
2308523
2308598
2308728
2308739
2308890
2308909
2309441
2309772
2309818
2310063
2310473
2310511
2310541
2310546
2310593
2310941
2311130
2311346
2311354
2311366
2311421
2311566
2311643
2311726
2311802
2311887
2311900
2311921
2311941
2312020
2312044
2312125
2312188
2312238
2312264
2312436
2312457
2312530
2312595
2312639
2312660
2312672
2312730
2312866
2312975
2313000
2313091
2313255
2313265
2313373
2313542
2313704
2313830
2313857
2313945
2314002
2314129
2314198
2314272
2314551
2314827
2314915
2314950
2314998
2315025
2315094
2315157
2315188
2315199
2315312
2315340
2315362
2315371
2315421
2315466
2315478
2315502
2315614
2315926
2315938
2315986
2316039
2316065
2316120
2316143
2316212
2316278
2316455
2316545
2316565
2316897
2316919
2317103
2317161
2317263
2317268
2317469
2317649
2317765
2317774
2317817
2317871
2317901
2318188
2318228
2318254
2318502
2318555
2318574
2318689
2318702
2318846
2318960
2318999
2319036
2319059
2319080
2319130
2319297
2319312
2319324
2319454
2319545
2319601
2319618
2319635
2319774
2319848
2319876
2319882
2320004
2320050
2320188
2320201
2320212
2320283
2320317
2320396
2320409
2320421
2320473
2320503
2320618
2320681
2320701
2320724
2320962
2321111
2321198
2321303
2321369
2321393
2321482
2321525
2321554
2321627
2321757
2321763
2321773
2321789
2321796
2321852
2321861
2322051
2322068
2322256
2322300
2322335
2322444
2322705
2322940
2322972
2323043
2323049
2323054
2323166
2323230
2323372
2323409
2323419
2323609
2323719
2323814
2323881
2324118
2324206
2324319
2324330
2324451
2324513
2324562
2324587
2324695
2324764
2324840
2324907
2324978
2325024
2325195
2325211
2325240
2325260
2325363
2325520
2325551
2325631
2325658
2325799
2325852
2326022
2326398
2326505
2326603
2326626
2326671
2326770
2327076
2327191
2327204
2327347
2327456
2327487
2327535
2327562
2327582
2327614
2327629
2327798
2327844
2327884
2327932
2328064
2328121
2328128
2328167
2328181
2328205
2328294
2328352
2328377
2328395
2328443
2328523
2328674
2328793
2328987
2329017
2329052
2329109
2329174
2329243
2329268
2329304
2329381
2329462
2329640
2329717
2329782
2329894
2329917
2329934
2329960
2329990
2330025
2330028
2330123
2330130
2330247
2330273
2330414
2330462
2330494
2330565
2330574
2330656
2330690
2330750
2330811
2330988
2331088
2331100
2331166
2331353
2331375
2331456
2331665
2331717
2331896
2332043
2332110
2332438
2332692
2332842
2332912
2332933
2332961
2332996
2333013
2333026
2333044
2333234
2333490
2334065
2334095
2334148
2334345
2334360
2334375
2334487
2334710
2334824
2334962
2335086
2335274
2335292
2335398
2335587
2335649
2335726
2335791
2335894
2335968
2336002
2336030
2336179
2336493
2336530
2336577
2336595
2336632
2336750
2336773
2336888
2336951
2336981
2337026
2337091
2337295
2337306
2337340
2337543
2337683
2337735
2337744
2337782
2337797
2337818
2337947
2337988
2338092
2338112
2338202
2338219
2338245
2338366
2338375
2338388
2338449
2338499
2338614
2338701
2338717
2338724
2338754
2339025
2339172
2339321
2339375
2339447
2339453
2339459
2339471
2339527
2339621
2339655
2339712
2339743
2339956
2339983
2340093
2340104
2340148
2340485
2340530
2340554
2340582
2340712
2340758
2340890
2340984
2341007
2341093
2341140
2341148
2341266
2341323
2341430
2341526
2341608
2341697
2341703
2341784
2342179
2342389
2342403
2342427
2342516
2342523
2342554
2342595
2342606
2342613
2342648
2342662
2342952
2343005
2343089
2343128
2343207
2343231
2343471
2343539
2343579
2343745
2343839
2344031
2344143
2344204
2344391
2344639
2344667
2344882
2345019
2345165
2345213
2345242
2345267
2345292
2345425
2345496
2345616
2345972
2345997
2346050
2346126
2346346
2346372
2346468
2346525
2346568
2346720
2346771
2346818
2346831
2347012
2347018
2347032
2347047
2347200
2347236
2347324
2347351
2347366
2347499
2347582
2347749
2347886
2347911
2348081
2348192
2348256
2348353
2348365
2348398
2348491
2348500
2348565
2348739
2348779
2348917
2348955
2349377
2349398
2349423
2349542
2349625
2349724
2349898
2349919
2350030
2350090
2350202
2350236
2350356
2350379
2350417
2350574
2350607
2350636
2350898
2350941
2350961
2350992
2351008
2351035
2351127
2351390
2351912
2352068
2352080
2352103
2352201
2352240
2352353
2352423
2352499
2352508
2352590
2352616
2352808
2352848
2353016
2353496
2353531
2353539
2353602
2353620
2353729
2353745
2353936
2353993
2354036
2354094
2354109
2354127
2354153
2354402
2354444
2354518
2354597
2354779
2354904
2355000
2355017
2355029
2355201
2355249
2355263
2355282
2355295
2355436
2355511
2355797
2356146
2356204
2356457
2356561
2356847
2356909
2356978
2357001
2357043
2357088
2357237
2357261
2357387
2357523
2357574
2357777
2357794
2357821
2357839
2357886
2358181
2358186
2358511
2358623
2358642
2358735
2358804
2358865
2359082
2359167
2359201
2359263
2359533
2359567
2359916
2360040
2360134
2360173
2360344
2360659
2360731
2360981
2361077
2361254
2361302
2361384
2361410
2361416
2361430
2361480
2361588
2361674
2361698
2361703
2361705
2361762
2361770
2361788
2361793
2361808
2362067
2362089
2362158
2362233
2362408
2362424
2362538
2362587
2362649
2362671
2362735
2362876
2362885
2362948
2363047
2363054
2363063
2363318
2363707
2364179
2364594
2364662
2364678
2364896
2364921
2365056
2365173
2365405
2365432
2365569
2365635
2365704
2365795
2365926
2365995
2366238
2366267
2366595
2366608
2366662
2366760
2366785
2366799
2366820
2366897
2366922
2366992
2367021
2367165
2367344
2367793
2367893
2367932
2367959
2367964
2368156
2368178
2368490
2368579
2368588
2368651
2368899
2368907
2369012
2369178
2369250
2369278
2369292
2369468
2369578
2369798
2369844
2369908
2369925
2370345
2370419
2370456
2370461
2370857
2370936
2370949
2371176
2371232
2371247
2371306
2371478
2371653
2371720
2372053
2372255
2372370
2372390
2372478
2372501
2372539
2372714
2372802
2372840
2372886
2373080
2373099
2373144
2373171
2373303
2373321
2373459
2373611
2373702
2373820
2373924
2373986
2374289
2374342
2374377
2374490
2374529
2374722
2374761
2374845
2374907
2375073
2375111
2375142
2375163
2375459
2375596
2375628
2375818
2375837
2376213
2376259
2376286
2376313
2376330
2376351
2376460
2376530
2376582
2376595
2376713
2376864
2376961
2377128
2377258
2377289
2377345
2377700
2377748
2377985
2378226
2378309
2378336
2378491
2378524
2378544
2378583
2378649
2378781
2378830
2378875
2378887
2379002
2379220
2379505
2379626
2379745
2380346
2380617
2380650
2380687
2380739
2380906
2380946
2381146
2381494
2381603
2381610
2381630
2381725
2381867
2381928
2382075
2382171
2382275
2382306
2382501
2382649
2382848
2382916
2382929
2383053
2383306
2383401
2383441
2383480
2383565
2383688
2383723
2383726
2383833
2383933
2383963
2384002
2384024
2384157
2384172
2384218
2384328
2384422
2384922
2384966
2385019
2385040
2385060
2385116
2385150
2385207
2385258
2385435
2385482
2385541
2385617
2385684
2385699
2385795
2385974
2386055
2386130
2386198
2386247
2386317
2386439
2386483
2386520
2386600
2386735
2386917
2387226
2387270
2387365
2387384
2387413
2387445
2387462
2387490
2387555
2387588
2387728
2387902
2388049
2388127
2388278
2388292
2388377
2388404
2388463
2388535
2388554
2388615
2388654
2388876
2389023
2389127
2389179
2389190
2389252
2389259
2389352
2389492
2389607
2390010
2390149
2390308
2390546
2390649
2390741
2390830
2390842
2391043
2391131
2391162
2391228
2391234
2391290
2391371
2391476
2391497
2391569
2391685
2391718
2391963
2391992
2392004
2392204
2392306
2392315
2392390
2392428
2392475
2392494
2392518
2392578
2392647
2392733
2392744
2392764
2392787
2392851
2392879
2392896
2392941
2392982
2393018
2393530
2393635
2393810
2393845
2393944
2394014
2394080
2394271
2394328
2394427
2394473
2394503
2394619
2394718
2395042
2395074
2395398
2395428
2395460
2395642
2395678
2395685
2395727
2395805
2395919
2396253
2396268
2396359
2396376
2396643
2396801
2396997
2397080
2397486
2397943
2397980
2398113
2398167
2398435
2398487
2398911
2399009
2399216
2399249
2399554
2399630
2399785
2399883
2399919
2399929
2400068
2400263
2400373
2400553
2400573
2400958
2400976
2401064
2401138
2401183
2401528
2401615
2402253
2402279
2402476
2402485
2402897
2403260
2403302
2403392
2403753
2403777
2404002
2404448
2404525
2404547
2404659
2404753
2405050
2405149
2405161
2405253
2405489
2405656
2405931
2406409
2406591
2406739
2406886
2407390
2407572
2407849
2407855
2408107
2408453
2408591
2408627
2408874
2409092
2409134
2409196
2409296
2409599
2409659
2409890
2410080
2410717
2410755
2410857
2410904
2411406
2411683
2411922
2411958
2412440
2412609
2412745
2413080
2413105
2413163
2413275
2413819
2413971
2414049
2414127
2414225
2414574
2414637
2415125
2415240
2415544
2415714
2415783
2415940
2416191
2416439
2416459
2416526
2416652
2416796
2416805
2416840
2416857
2416900
2416942
2416982
2417059
2417190
2417654
2417683
2417779
2417918
2418577
2418935
2418942
2419109
2419196
2419393
2419601
2419648
2419746
2419939
2420139
2420162
2420289
2420546
2420601
2420623
2421112
2421186
2421287
2421383
2421731
2422220
2422298
2422743
2422753
2423024
2423147
2423187
2423241
2423323
2423528
2423552
2423617
2423671
2424263
2424450
2424508
2425035
2425249
2425296
2425304
2425451
2425512
2425557
2425891
2425939
2425966
2426364
2426555
2426763
2427335
2427351
2427412
2427491
2427653
2427966
2428002
2428315
2428651
2428670
2428742
2428937
2429141
2429486
2429558
2430463
2430483
2430564
2430567
2430707
2430752
2431097
2431214
2431391
2431530
2431709
2431782
2431845
2431940
2432112
2432469
2432603
2432626
2433192
2433259
2433906
2433971
2434059
2434467
2434556
2434642
2434732
2434774
2434862
2435004
2435202
2435249
2435330
2435389
2435515
2436075
2436105
2436232
2436414
2436487
2436679
2437149
2437493
2437662
2437736
2437756
2437918
2438003
2438220
2438396
2438572
2438657
2438691
2438779
2438926
2439139
2439170
2439448
2439456
2439534
2439632
2439665
2439720
2439901
2440223
2440327
2440534
2440594
2441280
2441311
2441496
2441590
2442199
2442517
2442943
2443105
2443521
2443649
2443681
2443833
2444156
2444191
2444390
2444538
2444910
2445571
2445650
2446189
2446397
2446536
2446969
2447140
2447446
2448248
2448253
2448293
2448403
2448511
2448879
2449037
2449058
2449177
2449182
2449312
2449397
2449402
2449459
2449493
2449871
2449958
2450000
2450224
2450371
2450399
2450521
2450558
2450842
2450848
2451033
2451069
2451107
2451302
2451396
2451574
2451588
2451623
2451842
2452023
2452055
2452101
2452128
2452331
2452915
2453001
2453398
2453446
2453517
2453770
2453813
2453816
2453875
2454231
2454317
2454636
2454911
2454936
2455029
2455072
2455103
2455146
2455158
2455280
2455550
2455597
2455863
2455978
2455986
2456103
2456143
2456199
2456320
2456349
2456408
2456612
2456728
2456845
2456875
2456878
2456949
2457323
2457598
2457824
2457912
2458066
2458110
2458139
2458612
2458659
2459249
2460176
2460246
2460262
2461061
2461183
2461189
2461299
2461310
2461695
2461710
2462087
2462330
2462953
2463374
2463532
2464280
2464336
2464426
2464434
2464537
2464613
2464622
2464656
2464839
2465187
2465343
2465614
2465685
2465790
2465928
2466105
2466467
2466509
2466892
2466931
2467288
2467754
2467977
2468136
2468476
2468488
2468728
2468778
2468837
2469122
2469303
2469399
2469542
2469552
2469712
2469809
2469843
2470182
2470260
2470321
2470473
2470773
2471330
2472125
2472162
2472254
2472396
2473074
2473137
2473397
2473431
2473843
2473867
2473868
2473974
2474027
2474152
2474176
2474231
2474744
2475209
2475640
2475657
2475784
2475886
2476182
2476329
2476498
2476791
2476838
2476994
2477411
2477605
2477668
2477679
2477978
2478031
2478334
2478786
2479147
2479174
2479414
2479696
2479926
2480186
2480257
2480280
2480415
2480605
2480878
2480901
2481086
2481226
2481240
2481990
2482187
2483434
2483715
2483870
2483901
2483969
2483983
2484230
2484466
2484622
2484825
2484856
2484909
2485331
2485415
2485898
2486184
2486464
2486854
2487091
2487142
2487176
2487226
2487524
2487714
2487740
2487932
2488039
2488168
2488245
2488352
2488404
2488436
2488656
2488687
2488828
2488900
2488985
2489013
2489133
2489289
2489351
2489774
2490036
2490725
2490728
2490821
2490924
2491043
2491092
2491117
2491178
2491314
2491325
2491560
2491568
2491839
2492319
2492736
2492885
2492962
2493116
2493437
2493594
2493926
2494051
2494165
2494248
2494345
2494643
2494973
2495135
2495318
2495524
2495592
2495636
2495671
2495694
2495962
2496002
2496699
2496836
2496946
2497082
2497083
2497155
2497329
2497447
2497627
2497634
2497958
2498032
2498112
2498128
2498234
2498406
2498704
2498752
2498914
2499053
2499077
2499103
2499143
2499192
2499814
2499919
2500009
2500095
2500305
2500419
2500939
2501239
2501475
2501581
2502041
2502488
2502539
2502557
2502823
2503033
2503183
2503955
2504099
2504461
2504485
2504786
2505183
2505253
2505303
2505658
2505692
2505710
2505956
2506249
2506280
2506435
2506512
2506672
2506744
2506938
2507589
2507838
2508252
2508323
2508351
2508446
2508596
2508625
2509063
2509073
2509165
2509229
2509254
2509392
2509515
2509539
2509704
2510076
2510145
2510231
2510365
2510692
2510954
2511063
2511156
2511170
2511206
2511437
2511573
2511797
2511985
2512097
2512724
2512942
2513396
2513405
2513679
2513975
2514064
2514160
2514409
2514439
2514628
2514959
2515067
2515503
2515835
2515898
2515963
2516072
2516294
2516413
2516459
2516557
2516893
2516900
2517567
2517708
2518192
2518345
2518377
2518628
2518734
2518837
2518883
2519227
2519451
2519619
2519842
2519901
2520060
2520126
2520158
2520243
2520294
2520470
2520519
2520829
2520898
2520910
2520949
2521030
2521039
2521160
2521280
2521734
2521764
2522217
2522373
2522718
2522747
2522797
2522856
2522978
2523145
2523193
2523561
2523583
2523763
2524410
2524824
2524888
2525043
2525133
2525351
2525799
2526233
2526361
2526420
2526482
2526797
2526834
2526894
2527154
2527396
2527658
2527785
2528521
2528765
2528886
2529236
2529936
2529979
2530095
2530135
2530247
2530432
2530664
2531400
2531478
2531537
2531621
2532302
2532709
2532832
2533109
2533229
2533254
2533392
2533612
2533641
2534370
2534709
2534977
2535182
2535400
2535631
2535798
2536211
2536337
2536340
2536526
2536562
2536757
2537218
2537391
2537803
2538047
2538122
2538440
2538479
2538570
2539082
2539131
2539356
2539629
2540110
2540184
2540576
2540675
2540791
2540988
2541095
2541146
2541557
2541585
2541728
2541960
2541996
2542013
2542378
2542420
2542471
2542722
2542744
2542790
2542939
2543085
2543328
2543896
2544536
2544959
2545144
2546146
2546246
2546319
2546413
2546704
2546935
2547056
2547083
2547350
2547404
2547461
2547634
2547918
2548624
2549584
2549680
2549766
2550007
2550023
2550461
2550631
2550655
2550678
2550847
2551128
2551450
2551747
2551871
2551902
2552669
2552728
2552761
2553398
2553565
2553634
2554310
2554935
2555112
2555137
2555196
2556041
2556313
2556453
2556643
2556649
2557131
2557691
2557824
2557871
2558567
2558852
2558915
2559168
2559341
2559538
2560267
2560363
2560682
2560806
2560820
2560901
2560910
2560944
2561069
2561449
2561617
2561935
2562148
2562786
2563274
2563462
2563717
2564098
2564326
2564508
2564543
2564808
2565100
2565275
2565299
2565334
2565387
2565517
2565980
2566088
2566160
2566318
2567275
2567968
2568184
2568244
2568554
2568870
2569246
2569263
2569559
2569691
2570192
2570266
2570373
2570409
2570447
2570523
2570727
2570766
2571181
2572445
2572663
2572928
2573155
2573228
2573920
2574129
2574260
2574539
2575052
2575260
2575626
2575734
2576129
2576342
2576794
2577040
2577274
2577398
2577586
2577614
2577853
2577950
2578105
2578170
2578494
2578940
2579268
2579661
2580580
2580693
2580717
2580841
2581187
2581504
2581868
2583362
2583834
2584246
2584293
2584560
2584717
2585105
2585510
2585724
2585959
2586342
2586482
2586616
2586676
2586812
2586915
2587060
2587328
2587493
2587604
2587685
2587756
2588357
2588518
2588986
2589084
2589238
2589300
2589392
2589460
2589506
2589896
2590050
2590184
2590860
2590926
2591413
2591528
2591591
2591738
2591753
2591837
2591874
2592035
2592168
2592176
2592343
2592659
2592688
2592769
2592802
2592835
2593049
2593399
2593447
2593474
2594055
2594172
2594287
2594542
2594734
2594765
2594937
2595046
2595567
2595992
2596146
2596472
2596807
2596815
2596856
2597199
2597370
2597400
2597541
2597706
2597860
2597945
2598432
2598456
2599326
2599457
2599499
2599555
2599891
2600257
2600504
2600599
2600636
2601672
2601894
2602113
2602444
2602575
2603189
2603243
2603478
2603607
2603972
2604090
2604097
2604380
2604390
2605155
2605289
2605374
2605639
2606208
2606333
2606460
2606571
2607043
2607089
2607126
2607582
2607748
2607965
2608519
2608536
2608679
2609854
2610069
2610194
2610399
2610475
2610593
2610779
2610838
2611253
2611379
2611451
2611743
2612090
2612117
2612174
2612414
2612878
2613312
2613622
2614001
2615117
2615141
2615343
2615531
2615695
2616144
2616289
2616633
2617263
2617341
2618629
2619678
2619696
2619805
2620755
2621142
2621342
2621390
2621574
2621618
2621801
2621931
2622359
2622395
2622397
2622422
2622471
2622723
2622867
2623289
2623585
2624169
2624206
2624338
2624340
2625101
2625113
2625224
2625230
2625406
2625736
2626143
2626282
2626726
2626742
2627209
2627401
2627589
2627951
2628059
2629124
2629181
2629280
2629727
2629996
2631546
2631695
2631931
2632222
2632509
2632575
2632683
2633054
2633599
2633738
2634214
2634385
2634594
2634833
2634960
2635725
2636163
2636407
2636813
2637254
2637785
2638114
2639444
2639547
2639820
2639916
2640684
2640773
2641334
2641822
2641944
2642028
2642178
2642197
2642285
2642544
2642601
2643355
2643420
2643535
2643737
2643781
2643946
2644719
2644835
2644972
2645057
2645191
2645789
2646250
2646563
2646828
2646865
2646959
2647091
2647372
2647553
2647944
2648055
2648340
2648912
2649061
2649325
2649547
2649600
2649657
2649799
2649821
2650644
2650665
2651204
2651400
2651434
2651616
2652001
2653004
2653013
2653037
2653164
2653254
2653404
2653517
2653744
2653807
2653999
2654203
2654214
2654233
2654967
2655158
2655292
2655588
2655835
2656036
2656441
2656869
2657099
2657120
2657723
2657731
2657933
2658278
2658448
2658737
2658758
2659262
2659560
2659908
2660086
2660254
2660836
2660884
2661122
2661180
2661202
2661239
2661388
2661625
2661988
2663125
2663705
2663928
2664009
2664151
2664975
2665077
2665202
2665222
2665688
2665748
2665754
2666265
2666925
2666959
2667266
2667443
2668209
2668251
2668323
2668530
2668653
2668737
2669008
2669148
2669170
2669310
2669474
2669538
2669688
2669900
2669944
2670110
2670247
2670447
2670598
2670704
2670834
2670901
2671055
2671100
2671387
2671492
2671655
2671887
2671897
2672145
2672298
2672540
2672957
2673349
2673675
2673781
2674308
2674570
2674664
2675029
2675093
2675393
2675454
2675497
2676050
2676214
2676388
2676431
2676817
2677724
2678360
2678481
2679258
2679279
2679338
2679381
2679553
2679613
2679919
2680039
2680147
2680316
2680494
2680668
2680786
2681380
2681402
2681460
2681556
2681735
2681766
2682539
2682583
2683249
2683325
2683743
2684468
2684673
2684691
2684809
2685000
2685026
2685289
2685377
2685480
2685712
2686013
2686854
2686931
2687223
2687243
2687916
2687956
2687977
2688295
2688501
2688662
2690237
2690438
2690527
2690939
2691015
2691300
2691370
2692096
2692275
2692432
2692582
2692655
2693779
2694301
2695185
2695603
2696326
2696661
2696899
2697121
2697733
2698585
2698648
2698791
2699043
2699069
2699468
2700105
2700407
2700595
2700636
2701198
2701265
2702117
2702356
2702656
2702903
2704291
2704580
2704872
2705445
2705581
2706366
2707002
2707074
2707180
2707448
2708501
2708636
2708744
2708947
2709239
2709421
2709693
2709882
2710043
2710075
2710250
2711025
2711048
2711114
2711609
2711864
2712594
2713163
2713170
2713181
2713296
2713459
2713835
2713859
2714662
2715570
2715810
2715918
2715953
2716495
2717030
2717046
2717103
2717355
2717621
2718490
2718595
2718672
2719003
2719065
2719717
2719874
2720274
2720579
2720864
2720915
2721026
2721085
2721160
2721216
2721818
2723612
2724098
2724254
2724454
2724504
2725069
2725507
2725648
2725779
2726245
2726409
2726556
2726645
2727026
2727044
2727232
2727550
2727626
2727732
2727945
2728431
2728820
2728962
2729109
2729461
2729521
2730598
2730634
2731073
2731558
2731574
2732895
2733443
2734105
2734193
2734699
2734710
2734818
2736080
2736837
2737015
2737603
2737661
2737783
2738260
2738272
2738680
2739152
2739242
2739590
2740508
2740606
2740712
2741905
2742529
2742791
2742800
2742963
2743006
2743112
2743496
2743767
2743819
2743915
2744023
2744963
2745115
2745464
2745777
2746149
2746156
2746332
2746631
2746708
2747289
2747642
2748033
2748367
2748393
2748473
2748700
2748726
2749107
2749208
2749718
2750195
2750424
2750529
2750685
2750887
2751627
2752100
2752144
2752237
2752272
2753754
2753926
2754258
2754768
2755072
2755115
2755231
2755710
2755984
2756186
2756589
2756973
2758046
2758081
2758159
2758226
2758956
2759507
2759588
2759596
2760313
2760324
2760417
2760436
2761317
2761605
2761636
2761979
2762745
2763013
2763233
2763315
2763365
2764038
2764598
2765289
2765756
2765879
2766608
2766615
2766834
2767145
2767202
2767258
2767468
2767577
2767837
2767906
2768219
2768399
2768642
2768663
2768776
2769312
2769594
2769845
2769871
2770779
2770995
2771046
2771450
2771730
2772140
2772387
2772563
2772678
2772829
2773097
2773382
2773402
2773451
2773791
2774040
2774448
2774563
2775189
2775660
2775915
2776197
2776438
2777295
2777345
2777908
2778261
2778637
2778853
2779116
2779321
2779528
2779573
2779880
2779984
2780298
2780493
2780869
2781017
2781254
2781344
2782070
2782412
2782990
2783420
2783575
2784001
2784302
2784347
2784771
2785238
2785351
2785426
2785782
2786141
2786178
2786357
2786369
2787504
2787633
2788153
2788224
2788358
2788744
2788997
2789273
2789389
2789718
2789883
2790019
2790146
2790863
2791004
2791490
2791592
2791898
2792117
2792316
2792774
2793469
2793725
2794327
2794414
2794489
2795026
2795084
2795465
2795730
2795922
2796075
2796131
2796511
2797471
2798265
2798810
2798831
2799228
2799406
2800250
2800367
2800450
2801018
2801406
2801768
2801920
2802650
2802843
2803355
2803862
2804658
2804942
2805017
2805331
2805975
2806439
2806458
2806585
2806764
2807070
2807288
2808280
2808654
2808734
2809215
2809644
2809778
2810137
2810354
2810598
2810615
2810695
2811025
2811286
2811665
2811893
2812502
2812516
2812684
2812871
2813188
2813382
2813436
2813503
2813668
2814144
2814587
2815028
2815868
2816205
2816609
2816947
2817080
2817359
2817380
2817761
2817982
2818152
2818290
2818312
2818405
2818565
2818666
2819044
2819073
2819243
2819355
2819368
2819410
2819433
2820435
2820802
2820883
2822219
2822637
2822734
2822911
2823004
2823236
2823275
2823484
2823512
2823533
2823853
2823969
2824078
2824459
2824600
2825036
2825378
2825679
2825791
2826068
2826086
2826239
2826253
2826647
2827159
2827909
2828522
2828588
2828673
2829469
2830256
2830363
2830765
2830903
2831170
2831258
2831282
2831410
2831488
2831652
2831795
2831956
2832135
2832466
2832726
2832783
2833391
2834011
2834805
2835227
2835238
2835720
2836119
2836206
2836264
2836366
2837059
2837205
2837235
2837553
2837746
2837754
2837896
2837974
2838440
2838514
2838856
2838977
2839441
2839996
2840327
2840353
2840456
2840556
2840734
2841203
2841737
2841980
2842334
2842809
2844424
2844525
2844602
2845367
2845383
2846008
2846057
2846202
2846361
2846818
2847474
2847681
2847778
2848942
2849502
2850077
2850267
2850467
2850610
2850958
2851276
2851354
2851413
2851420
2851658
2851823
2852423
2852594
2852736
2852775
2852799
2853120
2853588
2853768
2853892
2853956
2854509
2855189
2855265
2855660
2855712
2856175
2856237
2856498
2856836
2857173
2857335
2857915
2858006
2858486
2858681
2858902
2859066
2859241
2859447
2859811
2860055
2860977
2861274
2861906
2862582
2862712
2862874
2862986
2863594
2864093
2864190
2864396
2864642
2865108
2865214
2865713
2866034
2866106
2866532
2867465
2867509
2868327
2868483
2868667
2868815
2868905
2869554
2869586
2869667
2869791
2870100
2870182
2870400
2870563
2870740
2870766
2870914
2871391
2872053
2872220
2872775
2872844
2873122
2873468
2873918
2873923
2874178
2875179
2875515
2875795
2876378
2876413
2876467
2876555
2877070
2877261
2877340
2877530
2877658
2877967
2878311
2878376
2878736
2878749
2878927
2878945
2879510
2879519
2879674
2879991
2880105
2881119
2881317
2881932
2882466
2882488
2883042
2883088
2883714
2883937
2884076
2884572
2885311
2886166
2886233
2886346
2886404
2887327
2887766
2887944
2887997
2888247
2888433
2888533
2888726
2888903
2888979
2889293
2889508
2890073
2890276
2890508
2890566
2890678
2890733
2890829
2891365
2892114
2892362
2892368
2892512
2892522
2892647
2892861
2893035
2893059
2893536
2893608
2893619
2893721
2893792
2894417
2894943
2894946
2895044
2895134
2895155
2895255
2895895
2896056
2896453
2896938
2896959
2897136
2897484
2897673
2897690
2897795
2897973
2898003
2898056
2898347
2899045
2900396
2900977
2901021
2901126
2901332
2901758
2902494
2902987
2903067
2903248
2903555
2903676
2903827
2903976
2904067
2904178
2904565
2904640
2904920
2905000
2905212
2905740
2905764
2905958
2906152
2906174
2906263
2906473
2906566
2907606
2908032
2908706
2908713
2908858
2909259
2909697
2910037
2910090
2910117
2910364
2910441
2910459
2910480
2910620
2911017
2911175
2911311
2911491
2911759
2912374
2912525
2912684
2912862
2912957
2913204
2913495
2914011
2914112
2915120
2915177
2915235
2915356
2915577
2915582
2915987
2916253
2916342
2916405
2916558
2916585
2916885
2917049
2917424
2917912
2918429
2918595
2918612
2918725
2918943
2919087
2919089
2919140
2919374
2919387
2919431
2919554
2919853
2920141
2920351
2920379
2920477
2921271
2921375
2921549
2922199
2922396
2922486
2922815
2923254
2923353
2923433
2923452
2923461
2923473
2923517
2923763
2924302
2924924
2924972
2925228
2925642
2925707
2926138
2926304
2926728
2927478
2927548
2927705
2927851
2927966
2928054
2928353
2928444
2928729
2928863
2928900
2929099
2929397
2929533
2929790
2929835
2929923
2930235
2930433
2930876
2930978
2931008
2932058
2933056
2933551
2933647
2933705
2933844
2934041
2934176
2934322
2934619
2934837
2934861
2934968
2935136
2935416
2936160
2936479
2937218
2937239
2937857
2938107
2938271
2938888
2939131
2939305
2939496
2940060
2940130
2940445
2940830
2940950
2940990
2941009
2941032
2941460
2942032
2942358
2942416
2942442
2942547
2943511
2943744
2943884
2944193
2944441
2945063
2945133
2945331
2945802
2946001
2946570
2946757
2946896
2947303
2948005
2948040
2948203
2948230
2948586
2949658
2950007
2950043
2950161
2950234
2950247
2951311
2951572
2951604
2951609
2952096
2952110
2952248
2952637
2952734
2952876
2952922
2953621
2953634
2954147
2954317
2954772
2954887
2955061
2955618
2955892
2956733
2957500
2957552
2957557
2957579
2957919
2958704
2958849
2959235
2959779
2959929
2959983
2960299
2960456
2960485
2960643
2960738
2960884
2961149
2961464
2961683
2962391
2962438
2962879
2963005
2963342
2963405
2963557
2963908
2964519
2965144
2965254
2965422
2966046
2966253
2966331
2966666
2966974
2967893
2968378
2968451
2968593
2968967
2969507
2969922
2970061
2970633
2970683
2970748
2971730
2972081
2972193
2972211
2972890
2972987
2972997
2973070
2973128
2973212
2973223
2973925
2973945
2974751
2975192
2976305
2976768
2976956
2977321
2977847
2977866
2977884
2977930
2978010
2978700
2979441
2979509
2979564
2979735
2979819
2980309
2980853
2982225
2982772
2982832
2982859
2983260
2983699
2984534
2985100
2985182
2985448
2985642
2985709
2986057
2986172
2987277
2987627
2987676
2987845
2987852
2987879
2987928
2988124
2988681
2989172
2989320
2989529
2989715
2990194
2990348
2990449
2990767
2991267
2991313
2991474
2991525
2991903
2991976
2992752
2993522
2993908
2994152
2994194
2994947
2995097
2995124
2995256
2995291
2995324
2995500
2995762
