40
74
115
164
197
240
269
296
321
340
369
405
495
518
561
609
634
706
739
800
821
889
899
909
1101
1148
1155
1168
1172
1181
1184
1234
1277
1343
1347
1375
1465
1522
1532
1560
1661
1668
1863
1868
1876
1879
1913
1982
1998
2057
2064
2078
2082
2145
2148
2152
2166
2196
2329
2370
2380
2464
2523
2586
2616
2677
2700
2921
2941
3005
3053
3068
3099
3150
3209
3303
3314
3343
3395
3427
3442
3521
3556
3563
3658
3669
3675
3705
3738
3749
3783
3794
3954
3957
3960
4003
4022
4041
4052
4083
4088
4095
4103
4116
4147
4171
4258
4316
4338
4427
4464
4550
4558
4586
4709
4725
4729
4734
4768
4774
4789
4908
4944
4963
4997
5007
5069
5072
5108
5128
5178
5229
5232
5303
5326
5385
5404
5515
5525
5539
5575
5667
5822
5886
6054
6098
6135
6143
6191
6283
6292
6402
6521
6541
6626
6644
6878
6890
6897
6990
7094
7096
7102
7104
7140
7149
7174
7225
7273
7418
7451
7539
7560
7644
7656
7676
7723
7754
7780
7824
7876
7899
7904
7938
7969
8019
8033
8070
8089
8159
8170
8209
8221
8269
8364
8451
8485
8536
8577
8607
8609
8645
8711
8721
8750
8842
8848
8918
8922
8939
8974
9015
9046
9078
9152
9155
9159
9174
9201
9255
9338
9350
9366
9380
9461
9508
9557
9570
9586
9612
9616
9666
9669
9759
9828
9830
9835
9913
9948
9951
10043
10122
10163
10183
10243
10254
10313
10359
10427
10449
10456
10520
10551
10567
10614
10802
10827
10930
10961
10967
10984
11027
11042
11047
11131
11161
11182
11228
11300
11320
11337
11385
11434
11482
11519
11534
11535
11544
11553
11581
11604
11620
11621
11674
11844
11916
11981
12044
12057
12081
12098
12113
12275
12332
12410
12451
12511
12546
12557
12599
12635
12698
12767
12984
13050
13133
13191
13287
13297
13308
13328
13337
13340
13423
13479
13526
13668
13694
13705
13733
13738
13858
13877
13996
14020
14032
14034
14047
14081
14088
14157
14172
14256
14259
14265
14315
14338
14375
14413
14444
14517
14540
14666
14692
14741
14763
14793
14808
14855
14857
14888
14932
14950
14962
14981
15055
15180
15188
15211
15241
15330
15359
15379
15391
15413
15436
15460
15600
15602
15632
15743
15852
15910
15941
16033
16042
16069
16099
16104
16132
16174
16181
16218
16260
16293
16314
16392
16437
16519
16535
16583
16649
16651
16678
16832
16990
17069
17101
17171
17172
17192
17215
17318
17320
17408
17507
17553
17712
17807
17867
17883
17921
17945
18058
18118
18127
18159
18166
18227
18259
18292
18305
18312
18402
18409
18460
18503
18774
18821
18824
18852
18935
18979
19060
19063
19085
19156
19186
19201
19217
19233
19297
19326
19360
19405
19450
19468
19529
19578
19590
19599
19647
19683
19726
19747
19765
19928
19976
20041
20062
20141
20160
20234
20266
20273
20383
20427
20446
20447
20605
20653
20676
20764
20771
20802
20861
20913
21008
21014
21028
21071
21082
21148
21198
21241
21268
21278
21343
21482
21517
21570
21921
21954
21980
22076
22097
22281
22397
22408
22420
22473
22687
22751
22774
22839
22941
23051
23078
23092
23105
23145
23166
23178
23211
23328
23334
23402
23408
23423
23435
23442
23474
23543
23641
23660
23678
23717
23766
23798
23833
23995
24031
24035
24064
24100
24148
24157
24246
24302
24356
24480
24554
24577
24600
24629
24641
24674
24771
24793
24852
24863
24876
24946
24980
24990
25023
25060
25063
25076
25169
25172
25303
25379
25403
25489
25532
25535
25577
25640
25647
25748
25751
25764
25803
25835
25843
25881
25904
26011
26031
26038
26047
26161
26349
26360
26415
26439
26505
26589
26595
26618
26658
26727
26741
26758
26761
26787
26821
26833
26842
26879
26913
26930
26950
26999
27188
27205
27293
27350
27380
27399
27506
27515
27519
27570
27581
27645
27710
27781
27792
27793
27801
27808
27815
27850
27865
27887
27893
27917
27931
27938
28082
28141
28151
28188
28207
28213
28236
28246
28518
28603
28621
28798
28891
28917
29020
29060
29088
29091
29108
29136
29148
29163
29212
29230
29244
29291
29364
29380
29471
29593
29607
29748
29760
29779
29848
29875
29893
29929
30008
30124
30128
30148
30221
30257
30320
30374
30382
30404
30407
30456
30463
30484
30498
30542
30555
30609
30623
30689
30736
30928
30976
30982
30994
31011
31033
31266
31283
31339
31381
31437
31481
31492
31571
31603
31618
31619
31869
31909
31950
31967
32012
32065
32240
32254
32328
32338
32440
32605
32622
32634
32651
32741
32761
32783
32797
32829
33061
33066
33110
33196
33209
33248
33303
33324
33326
33334
33341
33467
33531
33539
33553
33587
33637
33727
33740
33807
33856
33913
33928
33960
33972
34031
34083
34111
34122
34135
34162
34181
34227
34239
34330
34396
34404
34497
34624
34638
34702
34791
34815
34870
34885
34900
34912
34917
34935
34993
35018
35037
35045
35063
35079
35129
35189
35208
35229
35267
35340
35375
35387
35468
35499
35578
35606
35637
35655
35687
35710
35975
36016
36030
36149
36191
36215
36281
36320
36383
36388
36420
36439
36466
36557
36594
36687
36725
36807
36869
36944
36992
37011
37023
37083
37094
37171
37237
37282
37297
37300
37347
37353
37391
37419
37442
37466
37477
37580
37617
37638
37718
37741
37763
37808
37819
37827
37837
37866
37867
37885
37898
37904
37978
38025
38200
38281
38286
38294
38478
38503
38512
38556
38597
38641
38696
38766
38800
38832
38898
38962
38973
39011
39124
39197
39326
39381
39414
39428
39460
39496
39557
39570
39580
39709
39711
39803
39849
39872
39947
40014
40048
40059
40072
40099
40128
40197
40226
40311
40513
40517
40528
40656
40673
40679
40778
40785
40804
40840
41005
41033
41049
41101
41119
41139
41145
41182
41231
41245
41265
41283
41300
41318
41397
41412
41467
41517
41544
41579
41677
41744
41769
41814
41825
41870
41920
42041
42192
42195
42225
42230
42249
42281
42489
42508
42575
42632
42655
42698
42762
42838
42866
42920
43015
43197
43204
43218
43226
43239
43291
43315
43411
43462
43487
43567
43608
43633
43689
43703
43742
43746
43750
43775
43786
43808
43912
44033
44059
44069
44097
44121
44133
44204
44223
44297
44307
44326
44336
44348
44365
44372
44381
44389
44487
44610
44689
44709
44770
44819
44824
44860
44868
44910
44938
44978
45062
45135
45138
45212
45319
45345
45463
45544
45581
45641
45685
45749
45767
45779
45781
45826
45864
45930
46061
46069
46107
46122
46228
46352
46361
46371
46394
46400
46426
46544
46561
46635
46720
46799
46854
46938
46980
47071
47111
47230
47256
47263
47331
47363
47399
47461
47614
47666
47667
47683
47772
47829
47831
47877
47902
47909
47950
48031
48220
48259
48301
48304
48366
48387
48416
48442
48487
48503
48507
48545
48600
48652
48675
48697
48745
48765
48770
48790
48796
48864
48866
48881
48890
48904
48916
48928
48956
48971
49082
49100
49110
49132
49219
49266
49283
49317
49429
49471
49589
49592
49654
49747
49817
49826
49830
49836
49840
49885
50017
50021
50036
50128
50169
50313
50336
50377
50414
50428
50454
50480
50519
50544
50658
50733
50740
50755
50858
50866
50892
50981
51020
51055
51108
51221
51391
51393
51396
51445
51479
51490
51494
51561
51566
51708
51711
51744
51884
51895
51938
51974
51980
52023
52038
52066
52069
52082
52120
52129
52158
52169
52202
52212
52229
52233
52247
52273
52462
52492
52545
52560
52622
52628
52645
52676
52769
52803
52829
52879
52926
52936
53029
53042
53279
53395
53398
53415
53427
53444
53465
53487
53550
53554
53598
53634
53651
53688
53727
53733
53770
53880
53950
54192
54200
54240
54283
54333
54350
54395
54451
54575
54601
54605
54615
54632
54639
54694
54808
54862
54874
54878
54958
54989
55093
55293
55299
55319
55355
55428
55488
55600
55649
55691
55715
55780
55794
55872
55891
56014
56041
56043
56102
56168
56288
56314
56329
56394
56492
56495
56539
56569
56606
56622
56661
56777
56811
56890
56918
56934
56945
57001
57017
57136
57230
57235
57250
57327
57517
57639
57653
57671
57690
57882
57917
57930
57943
57951
57979
58040
58126
58163
58181
58248
58311
58334
58335
58375
58389
58428
58450
58488
58498
58564
58603
58635
58644
58740
58747
58764
58791
58800
58804
58861
58884
58926
58934
58947
59014
59023
59123
59129
59154
59171
59186
59196
59214
59304
59401
59466
59589
59650
59678
59706
59758
59879
59889
59985
60026
60052
60122
60127
60191
60322
60349
60385
60402
60466
60519
60567
60591
60631
60705
60730
60763
60772
60856
60893
60905
60917
60925
60938
60970
60976
60981
61002
61067
61126
61166
61361
61388
61423
61449
61605
61613
61753
61793
61822
61866
61868
61890
61935
61965
62017
62078
62327
62334
62347
62356
62364
62384
62452
62464
62651
62663
62875
62904
63094
63150
63216
63325
63346
63353
63365
63514
63529
63632
63669
63734
63742
63795
63804
63863
63953
63985
63991
64100
64104
64107
64228
64307
64336
64369
64452
64455
64494
64518
64588
64591
64611
64626
64769
64786
64792
64804
64811
64828
64881
64971
64982
65005
65050
65055
65158
65258
65354
65382
65446
65457
65479
65505
65544
65581
65594
65631
65655
65662
65697
65734
65755
65771
65777
65821
65893
65938
65974
66039
66048
66086
66161
66204
66217
66221
66227
66231
66249
66252
66452
66475
66654
66682
66785
66809
66822
66825
66842
66907
67046
67064
67066
67082
67121
67198
67408
67462
67489
67673
67738
67754
67768
67770
67851
67883
68061
68112
68115
68127
68139
68165
68183
68246
68262
68284
68343
68355
68379
68390
68445
68477
68497
68535
68621
68638
68657
68664
68672
68888
68910
68997
69020
69024
69037
69045
69060
69078
69106
69126
69273
69377
69584
69667
69822
69944
69970
69975
70045
70052
70155
70176
70246
70249
70281
70310
70363
70407
70446
70468
70559
70572
70576
70621
70622
70715
70826
70841
70948
70968
71117
71133
71269
71272
71303
71323
71393
71478
71500
71529
71537
71579
71637
71747
71753
71815
71838
71922
71951
71999
72070
72090
72128
72129
72222
72342
72371
72388
72389
72421
72439
72453
72478
72504
72510
72536
72608
72712
72717
72723
72780
72863
72958
72963
72976
73028
73076
73133
73156
73168
73176
73233
73283
73313
73328
73351
73395
73494
73542
73584
73653
73662
73768
73863
73885
73893
73981
74040
74054
74092
74310
74367
74384
74402
74403
74411
74421
74447
74463
74534
74550
74592
74601
74619
74624
74631
74634
74672
74679
74685
74753
74757
74766
74792
74811
74842
74864
74884
74945
74983
75017
75027
75082
75105
75120
75183
75210
75260
75336
75345
75354
75365
75394
75408
75418
75472
75500
75523
75565
75570
75602
75753
75768
75807
76038
76043
76104
76161
76169
76174
76214
76263
76268
76433
76436
76449
76533
76572
76581
76602
76640
76647
76660
76661
76746
76770
76789
76798
76865
76887
76893
76971
77008
77032
77134
77137
77230
77252
77325
77377
77387
77407
77485
77523
77639
77645
77693
77777
77807
77832
77875
77943
77954
77978
78019
78085
78209
78318
78347
78362
78401
78442
78467
78484
78504
78563
78592
78705
78726
78745
78783
78902
79033
79254
79316
79321
79338
79340
79348
79379
79432
79543
79565
79590
79625
79651
79660
79751
79795
79821
79830
79888
79917
79956
79995
80045
80048
80057
80130
80233
80247
80265
80277
80377
80399
80442
80629
80634
80733
80787
80821
80936
80951
80957
80991
81078
81185
81228
81238
81244
81333
81362
81413
81494
81626
81723
81745
81752
81860
81924
81929
81981
82009
82015
82025
82094
82116
82160
82186
82195
82341
82347
82363
82396
82402
82408
82435
82453
82534
82578
82664
82743
82747
82766
82869
82960
83034
83077
83084
83094
83139
83228
83278
83284
83293
83297
83311
83386
83403
83448
83486
83497
83519
83551
83576
83580
83592
83612
83630
83694
83714
83760
83789
83823
83895
83918
83970
83983
84012
84065
84094
84114
84121
84132
84141
84238
84257
84352
84371
84377
84384
84420
84446
84456
84537
84624
84684
84735
84820
84899
84927
84945
84991
85047
85135
85147
85169
85186
85199
85252
85286
85366
85456
85464
85482
85493
85520
85543
85590
85627
85648
85663
85744
85828
85860
85868
85923
85934
86060
86125
86134
86185
86197
86258
86267
86290
86308
86317
86386
86424
86437
86510
86548
86581
86623
86664
86668
86714
86723
86733
86753
86792
86843
86866
86879
86889
86936
86998
87024
87101
87118
87171
87224
87254
87260
87261
87264
87365
87378
87418
87435
87544
87591
87784
87787
87801
87812
87858
87873
87892
87914
87956
87971
88035
88062
88075
88086
88121
88133
88136
88164
88204
88215
88282
88327
88336
88363
88370
88427
88460
88475
88526
88534
88537
88539
88644
88759
88809
88844
88859
88930
88965
89007
89015
89060
89076
89102
89122
89202
89287
89297
89305
89326
89332
89346
89349
89360
89375
89449
89567
89597
89657
89675
89711
89738
89779
89787
89792
89811
89822
89860
90132
90187
90287
90305
90323
90369
90478
90498
90565
90627
90676
90706
90753
90869
91028
91062
91065
91188
91217
91273
91282
91289
91403
91474
91584
91606
91623
91663
91769
91802
91820
91891
91902
91942
91985
92004
92029
92126
92168
92194
92228
92435
92476
92508
92546
92597
92649
92655
92673
92799
92862
92927
92939
93037
93039
93043
93117
93185
93211
93270
93387
93411
93460
93471
93494
93558
93582
93648
93681
93689
93706
93721
93730
93782
93881
93902
93912
93919
93976
93997
93999
94023
94114
94152
94178
94191
94310
94401
94475
94524
94558
94600
94652
94664
94711
94724
94741
94782
94805
94810
94889
94911
94969
95085
95092
95115
95184
95219
95293
95352
95413
95550
95559
95628
95637
95657
95662
95793
95953
95998
96024
96048
96128
96178
96211
96236
96242
96296
96310
96313
96353
96369
96375
96408
96420
96437
96504
96507
96514
96618
96644
96652
96787
96888
96917
97102
97129
97135
97178
97215
97260
97299
97330
97427
97480
97493
97507
97514
97532
97533
97590
97600
97614
97639
97644
97676
97692
97707
97843
97852
97892
97949
97986
97993
97996
98089
98272
98300
98308
98330
98506
98533
98562
98668
98671
98696
98757
98814
98895
98912
98931
98945
98959
98986
98992
99005
99051
99172
99264
99278
99361
99417
99436
99481
99489
99515
99578
99765
99771
99818
99836
99847
99877
99889
99910
100021
100025
100048
100102
100114
100135
100177
100254
100272
100328
100376
100421
100437
100556
100566
100596
100631
100718
100726
100866
100872
100967
100975
101019
101068
101098
101223
101226
101258
101282
101307
101387
101487
101568
101636
101764
101838
101891
101957
101968
101997
102063
102161
102244
102278
102377
102403
102409
102419
102434
102441
102443
102452
102625
102785
102788
102863
102895
102933
102962
102975
102989
103070
103244
103272
103344
103365
103385
103400
103481
103489
103519
103679
103695
103747
103777
103819
104034
104160
104166
104204
104211
104233
104246
104310
104337
104417
104478
104550
104597
104738
104742
104759
104783
104817
104829
104899
104920
104988
105027
105065
105102
105111
105138
105147
105167
105180
105183
105189
105206
105209
105217
105252
105267
105405
105541
105569
105570
105612
105827
105852
105963
106066
106090
106094
106168
106181
106211
106340
106375
106378
106381
106387
106435
106442
106622
106700
106715
106813
106888
106912
106937
106939
106975
106988
107004
107054
107104
107109
107118
107147
107151
107160
107164
107228
107230
107309
107322
107338
107381
107403
107424
107437
107516
107531
107547
107622
107685
107694
107876
107959
107985
107991
108003
108032
108083
108085
108140
108148
108158
108171
108185
108259
108285
108323
108340
108363
108398
108403
108544
108564
108570
108616
108767
108787
108792
108806
108859
108880
108945
109011
109039
109178
109215
109268
109325
109328
109416
109422
109453
109523
109588
109598
109611
109682
109706
109785
109809
109842
109872
110004
110050
110070
110113
110116
110122
110272
110312
110317
110345
110351
110359
110362
110386
110462
110476
110492
110495
110579
110641
110648
110654
110670
110673
110748
110754
110817
110831
110837
110865
110915
110924
110979
110982
111042
111063
111068
111076
111105
111108
111143
111209
111217
111222
111270
111291
111370
111455
111571
111572
111581
111610
111631
111689
111769
111827
111876
112052
112058
112070
112133
112253
112266
112283
112390
112433
112435
112484
112576
112602
112632
112697
112747
112769
112793
112891
112910
112948
113012
113054
113102
113114
113150
113250
113253
113356
113366
113437
113509
113608
113852
113931
114000
114007
114042
114083
114128
114171
114190
114220
114472
114489
114494
114499
114592
114601
114623
114655
114680
114704
114712
114722
114724
114793
114860
114995
115146
115205
115218
115220
115251
115353
115398
115543
115563
115573
115577
115585
115588
115591
115606
115693
115704
115842
115868
115916
116008
116043
116096
116171
116255
116395
116445
116486
116521
116550
116640
116663
116672
116923
116936
116956
117013
117038
117170
117194
117197
117209
117223
117251
117263
117273
117447
117536
117541
117572
117646
117658
117753
117828
117853
117867
117892
117916
117953
117970
117977
118100
118106
118146
118229
118237
118261
118300
118313
118398
118408
118456
118461
118531
118532
118542
118592
118625
118635
118667
118710
118762
118855
118910
118927
118961
118998
119002
119007
119042
119061
119095
119119
119133
119193
119224
119231
119237
119259
119271
119281
119296
119358
119452
119455
119483
119494
119527
119529
119588
119613
119625
119646
119661
119847
119856
119901
120020
120024
120076
120190
120224
120263
120280
120467
120518
120655
120696
120724
120823
120865
120944
120956
120960
120978
120981
120998
121216
121321
121419
121428
121444
121519
121533
121557
121682
121696
121709
121753
121851
121894
122083
122090
122096
122159
122182
122224
122256
122476
122507
122554
122559
122647
122669
122752
122761
122840
122918
122942
123004
123032
123083
123098
123236
123293
123300
123406
123477
123529
123583
123622
123670
123697
123727
123728
123752
123796
123813
123820
123826
123853
123900
123930
123959
123995
124126
124286
124318
124346
124376
124386
124408
124432
124552
124599
124638
124665
124700
124715
124807
124825
124839
124945
124988
125026
125093
125221
125290
125338
125352
125395
125442
125518
125541
125582
125719
125725
125736
125759
125839
125869
125981
126078
126111
126130
126338
126389
126395
126404
126428
126450
126540
126582
126586
126624
126727
126750
126797
126808
126879
126897
126918
126942
126989
126995
127002
127029
127067
127088
127117
127129
127164
127248
127288
127313
127325
127343
127368
127421
127464
127476
127548
127549
127640
127663
127670
127691
127714
127722
127731
127733
127771
127787
127846
127858
127875
127913
127930
127949
127993
128059
128125
128139
128271
128284
128290
128306
128363
128384
128419
128446
128450
128504
128507
128560
128567
128618
128723
128751
128843
128911
128941
128966
129000
129167
129174
129220
129267
129286
129299
129341
129544
129737
129803
129810
129829
129969
129971
129996
130005
130039
130126
130210
130223
130255
130281
130352
130370
130432
130502
130530
130545
130556
130604
130636
130641
130652
130893
130938
131033
131098
131136
131145
131154
131164
131497
131531
131543
131734
131767
131857
131872
131880
131906
131937
131978
132006
132015
132096
132165
132170
132178
132189
132210
132221
132284
132356
132386
132404
132422
132463
132472
132530
132552
132636
132703
132732
132763
132815
132835
132869
132901
132944
132964
132971
133013
133032
133037
133049
133050
133092
133128
133170
133232
133264
133282
133423
133478
133539
133578
133608
133697
133702
133784
133842
133898
133984
134016
134037
134044
134048
134088
134129
134177
134223
134262
134268
134294
134307
134311
134328
134384
134387
134450
134672
134697
134718
134759
134801
134837
134840
134855
134861
134881
135058
135149
135288
135319
135349
135362
135393
135405
135432
135435
135443
135558
135568
135598
135607
135695
135749
135766
135812
135875
135907
135993
135997
136062
136169
136183
136213
136323
136334
136346
136396
136418
136454
136467
136491
136536
136628
136635
136655
136698
136805
136828
136831
136847
136863
136878
136957
136963
137001
137030
137078
137134
137233
137239
137423
137541
137556
137595
137614
137655
137672
137680
137690
137824
137849
138018
138210
138232
138257
138284
138290
138312
138395
138400
138405
138512
138576
138591
138600
138624
138636
138639
138674
138711
138714
138758
138761
138862
138882
138962
139034
139038
139041
139135
139155
139177
139187
139274
139280
139292
139326
139331
139346
139364
139414
139486
139519
139539
139592
139617
139712
139742
139781
139789
139794
139859
139909
139916
139978
140048
140071
140082
140102
140161
140256
140282
140295
140303
140353
140374
140399
140407
140463
140478
140489
140505
140541
140588
140591
140611
140707
140711
140744
140863
140918
140928
140968
140969
141000
141074
141098
141146
141303
141400
141498
141578
141671
141695
141725
141757
141807
141819
141879
141885
141989
142117
142148
142198
142238
142243
142275
142348
142350
142406
142411
142439
142543
142626
142686
142804
142885
142929
143084
143177
143271
143285
143370
143431
143480
143552
143584
143622
144053
144086
144164
144191
144210
144293
144316
144753
144838
144844
144869
144882
144894
144922
145018
145100
145255
145259
145375
145465
145478
145480
145485
145490
145493
145671
145691
145720
145847
145877
145885
145926
145941
145997
146035
146063
146113
146193
146255
146265
146330
146352
146362
146395
146410
146435
146499
146547
146628
146734
146760
146784
146802
146834
146858
146982
147016
147165
147174
147195
147246
147278
147342
147384
147421
147436
147446
147459
147478
147616
147624
147635
147644
147653
147716
147766
147774
147788
147801
147807
147864
147890
147922
147934
147961
148054
148073
148089
148113
148136
148141
148223
148232
148308
148340
148346
148394
148501
148527
148673
148715
148770
148814
148851
148853
148873
148924
148961
149111
149185
149209
149267
149335
149392
149444
149447
149476
149501
149518
149532
149550
149582
149649
149717
149783
149803
149812
149873
149896
149934
149942
149968
149992
150023
150029
150050
150064
150093
150115
150141
150353
150356
150363
150373
150394
150413
150431
150443
150460
150468
150478
150492
150495
150570
150600
150629
150643
150759
150851
150861
150935
150940
150983
151017
151242
151343
151353
151368
151434
151469
151472
151497
151527
151538
151597
151625
151647
151682
151689
151694
151704
151731
151790
151805
151826
151879
151889
151930
151947
151979
152040
152059
152086
152104
152118
152186
152194
152216
152230
152281
152427
152448
152468
152524
152572
152589
152631
152634
152715
152764
152768
152804
152874
152907
152914
152926
152997
153103
153123
153155
153201
153206
153209
153274
153300
153351
153366
153501
153521
153554
153602
153616
153628
153673
153737
153790
153810
153817
153876
153913
153918
153953
153959
153967
154042
154088
154117
154145
154165
154209
154220
154230
154255
154270
154298
154305
154386
154397
154417
154421
154424
154447
154497
154532
154572
154579
154827
154985
155011
155017
155037
155050
155057
155075
155113
155134
155240
155289
155303
155313
155504
155527
155600
155669
155686
155692
155758
155909
156025
156046
156095
156127
156155
156193
156242
156248
156369
156372
156377
156454
156468
156515
156560
156604
156620
156626
156760
156786
156804
156835
156866
156942
156956
157016
157041
157064
157067
157109
157143
157189
157227
157311
157351
157409
157447
157462
157482
157485
157506
157515
157527
157552
157566
157583
157600
157713
157726
157784
157827
157870
157884
157905
157909
157999
158032
158061
158095
158116
158195
158212
158273
158298
158373
158437
158521
158568
158570
158573
158640
158642
158648
158800
158880
159044
159139
159220
159245
159284
159304
159334
159376
159384
159427
159435
159536
159539
159563
159589
159603
159617
159648
159649
159670
159733
159827
159854
159894
159929
159934
159939
160019
160077
160151
160178
160232
160244
160317
160333
160378
160440
160459
160554
160695
160756
160795
160801
160804
160833
160884
160902
160906
161039
161124
161168
161188
161260
161297
161335
161354
161402
161437
161482
161551
161572
161588
161660
161688
161690
161695
161727
161735
161780
161830
161863
161983
162011
162058
162175
162225
162273
162406
162433
162445
162507
162525
162530
162533
162590
162618
162682
162702
162722
162726
162775
162821
162843
162898
162921
162935
162982
162987
163053
163110
163210
163228
163376
163412
163413
163441
163465
163515
163551
163582
163583
163602
163726
163781
163950
163966
163975
164045
164120
164127
164171
164242
164246
164254
164265
164307
164355
164400
164419
164432
164517
164621
164671
164747
164760
164788
164874
164877
164896
164962
164969
165120
165241
165443
165520
165536
165543
165583
165615
165638
165781
165787
165864
165877
165891
165899
165936
165944
165945
166176
166182
166201
166205
166289
166332
166381
166393
166410
166449
166581
166625
166633
166646
166648
166664
166713
166718
166781
166795
166823
166838
166849
166911
166950
167018
167032
167061
167074
167104
167117
167196
167202
167299
167333
167374
167465
167675
167735
167772
167783
167810
167819
167824
167842
167853
167861
167881
167935
168041
168080
168131
168153
168210
168380
168429
168531
168568
168758
168800
168923
168933
168964
168981
168984
168995
169002
169009
169047
169178
169244
169287
169318
169588
169623
169650
169730
169895
169936
169956
170011
170037
170347
170393
170477
170557
170565
170570
170672
170735
170746
170756
170866
170878
170924
171013
171058
171108
171158
171175
171214
171226
171270
171316
171328
171337
171360
171373
171518
171521
171586
171594
171769
171813
171860
171861
171883
171960
171969
172000
172025
172080
172169
172200
172241
172245
172378
172393
172448
172469
172487
172538
172589
172753
172863
172864
172880
172904
172926
172948
173001
173018
173077
173108
173154
173185
173204
173311
173401
173407
173434
173449
173497
173508
173529
173551
173598
173635
173653
173670
173678
173827
173873
173881
173953
173973
174036
174040
174217
174235
174253
174302
174305
174317
174337
174379
174498
174518
174522
174532
174581
174590
174624
174650
174665
174844
174855
174950
174985
174995
175001
175018
175075
175107
175146
175308
175337
175338
175347
175406
175477
175519
175658
175706
175746
175758
175785
175791
175811
175835
175862
175868
175876
175984
175996
176010
176042
176077
176120
176122
176184
176255
176290
176314
176393
176427
176518
176524
176551
176613
176632
176639
176747
176874
176899
176910
176977
176981
177007
177022
177048
177070
177103
177107
177227
177330
177336
177408
177420
177442
177474
177499
177505
177521
177564
177656
177687
177773
177810
177826
178003
178095
178124
178154
178185
178267
178272
178459
178471
178510
178688
178692
178725
178807
178830
178835
178867
178877
178890
178897
178910
178925
179008
179027
179048
179061
179201
179231
179237
179242
179271
179340
179354
179367
179400
179461
179501
179505
179556
179648
179870
179975
180005
180027
180353
180364
180381
180384
180406
180427
180448
180561
180646
180741
180887
180961
180988
181022
181060
181090
181164
181184
181384
181394
181449
181477
181496
181570
181600
181688
181748
181810
181845
181863
181875
181904
181928
181932
181980
182034
182044
182062
182311
182388
182465
182511
182531
182540
182762
182836
182872
182874
182915
183116
183204
183266
183297
183307
183309
183312
183329
183365
183414
183460
183521
183548
183579
183665
183669
183687
183729
183768
183801
183838
183893
183922
183948
184001
184096
184123
184137
184217
184239
184295
184345
184365
184369
184376
184431
184433
184438
184439
184466
184487
184508
184593
184623
184638
184661
184690
184704
184709
184791
184810
184824
184852
184884
184955
184996
185014
185054
185081
185192
185237
185308
185320
185372
185379
185460
185547
185558
185579
185623
185678
185783
185942
186012
186055
186228
186264
186319
186364
186408
186424
186445
186721
186726
186763
186863
186896
186899
186917
186927
186981
187033
187124
187144
187167
187278
187291
187337
187374
187383
187396
187419
187427
187447
187467
187496
187506
187512
187566
187586
187725
187826
187904
187915
187936
188019
188060
188089
188106
188120
188130
188159
188173
188191
188223
188250
188258
188282
188297
188308
188310
188311
188430
188448
188563
188623
188625
188641
188672
188685
188986
189054
189069
189125
189134
189158
189237
189268
189277
189282
189297
189303
189393
189428
189433
189465
189579
189724
189764
189771
189780
189821
189824
189908
189912
189926
189948
189951
189969
190010
190051
190061
190088
190161
190237
190255
190298
190312
190318
190376
190417
190466
190485
190566
190621
190622
190652
190666
190674
190718
190740
190812
190887
190900
190909
190917
190921
190960
190989
191120
191170
191216
191228
191315
191355
191405
191502
191555
191563
191647
191789
191816
191829
191864
191908
191918
191947
191990
192021
192078
192142
192264
192279
192311
192392
192399
192436
192462
192543
192590
192592
192726
192742
192868
192881
192912
192937
192940
192955
192972
192989
193009
193186
193221
193338
193380
193451
193488
193495
193505
193568
193653
193700
193714
193737
193750
193776
193785
193788
193828
193846
193852
193871
193913
194039
194105
194161
194167
194280
194314
194472
194547
194614
194691
194699
194732
194831
194946
195013
195215
195237
195286
195288
195346
195422
195523
195551
195569
195570
195574
195587
195599
195628
195660
195715
195744
195777
195815
195819
195895
195915
195980
196036
196042
196248
196289
196377
196386
196410
196435
196455
196594
196610
196619
196648
196655
196722
196726
196771
196862
196942
197099
197215
197278
197307
197333
197339
197371
197376
197431
197439
197457
197615
197672
197729
197750
197757
197785
197820
197936
197978
198023
198259
198283
198315
198393
198403
198436
198554
198615
198678
198706
198735
198741
198912
198979
198983
199061
199160
199170
199322
199358
199389
199416
199467
199496
199510
199529
199554
199564
199571
199581
199595
199629
199658
199681
199701
199721
199725
199805
199834
199884
199894
199988
199990
200066
200171
200173
200193
200208
200222
200259
200358
200419
200443
200446
200474
200552
200593
200626
200634
200649
200686
200735
200786
200815
200882
200909
200931
200969
200988
200994
201042
201048
201051
201097
201124
201150
201222
201255
201349
201357
201442
201521
201540
201553
201573
201579
201593
201633
201650
201797
201829
201838
201866
201954
202044
202049
202069
202136
202151
202168
202184
202210
202221
202242
202268
202273
202300
202305
202321
202343
202400
202406
202472
202525
202555
202561
202712
202714
202773
202811
202823
202907
203119
203138
203190
203217
203259
203279
203297
203299
203403
203450
203491
203506
203532
203562
203581
203608
203645
203795
203889
203909
203911
203920
203927
203963
203977
204036
204041
204066
204094
204224
204267
204383
204395
204402
204434
204497
204515
204549
204556
204570
204652
204718
204724
204755
204945
204950
204956
204973
204978
205037
205085
205098
205116
205134
205195
205310
205395
205433
205442
205445
205479
205507
205527
205561
205618
205678
205823
205826
205873
205901
205917
205950
205961
205974
205984
205991
206045
206054
206123
206179
206187
206246
206303
206392
206400
206430
206439
206459
206514
206527
206534
206539
206577
206688
206719
206755
206765
206829
206851
206898
206915
206960
206992
207014
207036
207111
207160
207212
207250
207328
207365
207428
207452
207487
207490
207542
207557
207680
207738
207771
207808
207826
207928
207952
208043
208051
208137
208225
208236
208307
208320
208354
208394
208401
208408
208431
208505
208604
208673
208734
208844
208905
208941
208996
209046
209091
209139
209232
209296
209378
209472
209480
209550
209672
209679
209683
209698
209705
209735
209871
209901
209924
209937
209971
210028
210051
210053
210087
210120
210150
210160
210188
210191
210195
210260
210343
210410
210431
210446
210465
210670
210693
210702
210717
210725
210740
210776
210898
210934
211089
211180
211217
211370
211406
211448
211452
211456
211491
211514
211618
211650
211695
211734
211746
211833
211928
212126
212159
212406
212466
212492
212498
212675
212679
212743
212967
213000
213073
213133
213146
213154
213162
213224
213414
213435
213443
213484
213486
213496
213550
213555
213565
213593
213621
213661
213796
213812
213815
213844
213913
214008
214051
214078
214104
214126
214145
214194
214253
214318
214325
214330
214443
214455
214501
214502
214511
214567
214697
214740
214793
214799
214844
214863
215011
215116
215136
215231
215305
215331
215383
215399
215412
215437
215463
215498
215507
215599
215635
215676
215690
215733
215748
215763
215778
215834
215837
215903
215912
215933
216000
216056
216074
216132
216143
216180
216259
216273
216298
216315
216333
216588
216602
216732
216773
216786
216790
216844
216879
216934
217061
217115
217154
217205
217274
217298
217328
217334
217542
217605
217610
217670
217737
217840
217991
218020
218025
218054
218071
218077
218160
218190
218224
218284
218362
218371
218508
218702
218737
218802
218900
218902
218924
218995
219050
219064
219137
219178
219223
219241
219242
219383
219452
219675
219769
219896
219905
219937
219944
219955
219989
220035
220102
220190
220201
220220
220248
220282
220293
220335
220366
220423
220487
220563
220691
220704
220742
220843
220863
221022
221089
221139
221255
221379
221386
221589
221593
221653
221694
221710
221751
221800
221869
221873
221942
221987
222016
222054
222060
222104
222190
222216
222230
222274
222277
222361
222458
222464
222552
222578
222657
222726
222743
222763
222795
222803
222820
222843
222850
222856
222869
222881
222977
223131
223192
223299
223326
223415
223432
223449
223455
223458
223504
223526
223542
223644
223791
223842
223877
223900
223926
223948
224011
224021
224140
224168
224227
224242
224254
224267
224279
224286
224291
224327
224435
224530
224538
224575
224617
224631
224639
224751
224802
224814
224840
224880
224928
225041
225107
225124
225137
225143
225200
225293
225322
225339
225453
225458
225526
225546
225582
225630
225646
225687
225707
225748
225777
225790
225796
225819
225850
225862
225877
225899
225921
226024
226228
226263
226293
226314
226337
226345
226392
226534
226547
226557
226668
226685
226689
226694
226713
226799
226925
226992
227050
227062
227068
227154
227160
227166
227302
227317
227407
227443
227482
227522
227626
227736
227750
227771
227801
227981
227988
228025
228032
228053
228071
228143
228229
228251
228313
228316
228335
228338
228369
228497
228563
228586
228655
228688
228812
228827
228882
228886
228897
228914
228915
229095
229102
229127
229251
229255
229419
229433
229520
229579
229615
229668
229684
229723
229817
229821
229860
229960
229982
230012
230101
230111
230189
230239
230326
230473
230525
230528
230561
230572
230577
230581
230592
230603
230608
230622
230644
230653
230683
230784
230811
230826
230833
230878
230882
230898
231016
231030
231034
231072
231104
231224
231321
231361
231399
231401
231407
231437
231470
231488
231540
231633
231682
231706
231729
231794
231823
231852
231881
231889
231944
231952
231963
232037
232059
232079
232087
232228
232260
232338
232363
232386
232471
232495
232504
232595
232605
232631
232649
232673
232709
232906
233114
233122
233149
233229
233364
233489
233499
233517
233521
233539
233599
233679
233717
233757
233772
233777
233780
233827
233904
233925
233966
233983
233991
234052
234072
234111
234131
234231
234251
234279
234336
234422
234433
234439
234478
234808
234991
235014
235182
235222
235292
235343
235344
235383
235534
235595
235646
235650
235664
235784
235826
235830
235855
235913
235950
235988
236055
236061
236108
236181
236241
236349
236391
236453
236487
236557
236563
236675
236798
236858
236970
236973
237005
237073
237100
237168
237176
237190
237258
237269
237321
237517
237522
237625
237714
237750
237784
237843
237946
238032
238039
238042
238043
238109
238174
238214
238252
238254
238362
238376
238419
238479
238593
238647
238708
238810
238942
238983
239006
239057
239068
239083
239114
239141
239250
239269
239341
239357
239386
239404
239428
239441
239456
239555
239598
239605
239622
239638
239643
239685
239732
239747
239760
239946
239978
240017
240311
240344
240377
240422
240495
240499
240504
240541
240543
240582
240723
240802
240826
240888
240999
241050
241081
241087
241174
241301
241328
241378
241394
241421
241521
241528
241547
241562
241608
241618
241712
241728
241862
241885
242036
242049
242075
242079
242103
242163
242217
242261
242368
242403
242415
242441
242554
242582
242638
242656
242767
242863
242890
242937
243023
243038
243089
243170
243398
243412
243488
243514
243626
243660
243698
243751
243784
243837
243849
243920
243939
243980
244029
244210
244264
244333
244346
244396
244441
244468
244482
244528
244664
244672
244681
244732
244785
244792
244835
244856
244898
244906
244938
244957
244964
244975
245033
245042
245056
245075
245090
245105
245112
245123
245348
245349
245351
245357
245401
245441
245626
245861
245898
245913
245923
245952
245983
246082
246185
246209
246376
246448
246505
246580
246613
246618
246742
246766
246797
246963
247015
247017
247038
247043
247067
247079
247099
247174
247240
247243
247283
247353
247355
247428
247526
247579
247586
247703
247734
247893
247906
247916
247919
247978
247994
248091
248100
248133
248237
248271
248314
248356
248418
248519
248573
248655
248671
248678
248684
248689
248722
248747
248784
248819
248901
249007
249073
249115
249130
249187
249194
249226
249271
249303
249349
249383
249395
249407
249444
249486
249551
249570
249699
249786
249797
249828
249884
249997
250153
250168
250178
250218
250234
250332
250333
250409
250418
250470
250514
250622
250758
250844
250869
250918
250971
251034
251125
251150
251165
251221
251238
251259
251408
251442
251543
251556
251596
251642
251680
251683
251886
251970
251988
251990
251994
252011
252050
252057
252123
252155
252165
252182
252244
252263
252328
252335
252400
252405
252572
252616
252632
252788
252888
253019
253064
253094
253166
253201
253319
253329
253373
253381
253391
253432
253495
253548
253628
253798
253851
253860
253868
253899
253918
253927
253962
254016
254041
254046
254125
254210
254227
254294
254327
254352
254369
254406
254411
254436
254468
254471
254517
254549
254612
254690
254700
254793
254814
254892
254927
255035
255065
255150
255220
255298
255305
255372
255409
255445
255466
255478
255501
255504
255675
255682
255685
255736
255742
255748
255810
255821
255879
255952
255958
255977
256043
256082
256136
256220
256232
256288
256310
256325
256337
256375
256419
256425
256449
256521
256693
256730
256737
256792
256841
256907
256918
256956
256979
256985
257100
257139
257266
257279
257354
257369
257460
257540
257552
257572
257601
257637
257669
257697
257747
257765
257793
257803
257813
257827
257893
257904
257921
258050
258066
258077
258118
258151
258203
258247
258265
258404
258408
258467
258472
258486
258527
258839
258855
258931
259078
259088
259155
259224
259236
259248
259263
259269
259289
259368
259411
259417
259495
259536
259538
259559
259589
259646
259725
259733
259826
259833
259879
259893
259908
260048
260058
260092
260137
260185
260256
260263
260334
260335
260346
260360
260432
260448
260461
260518
260534
260594
260599
260608
260637
260785
260799
260807
260834
260836
260909
260926
260957
260963
261047
261088
261100
261125
261143
261164
261243
261253
261298
261383
261404
261428
261436
261456
261477
261541
261547
261626
261677
261818
261828
261848
261902
261919
261984
262118
262148
262159
262210
262224
262233
262461
262543
262613
262645
262736
262757
262786
262820
262840
262846
262894
262996
263052
263203
263210
263320
263379
263393
263504
263544
263546
263607
263642
263687
263747
263785
263883
263928
263964
263997
264111
264140
264144
264156
264167
264251
264267
264294
264305
264363
264396
264404
264421
264456
264506
264578
264585
264651
264679
264741
264749
264754
264784
264905
264950
264968
264978
264988
264994
265073
265152
265228
265244
265284
265303
265327
265450
265459
265488
265522
265560
265561
265587
265676
265716
265733
265909
266000
266033
266081
266086
266088
266143
266155
266192
266217
266233
266243
266245
266329
266340
266346
266386
266392
266512
266579
266701
266712
266735
266753
266833
266867
266891
266932
266943
266961
266985
267004
267008
267092
267106
267173
267221
267223
267235
267258
267262
267273
267326
267343
267355
267365
267576
267584
267657
267687
267771
267787
267863
267913
267964
268073
268105
268162
268170
268192
268212
268299
268310
268349
268481
268491
268535
268734
268995
269133
269219
269233
269388
269403
269417
269484
269541
269546
269574
269588
269611
269668
269735
269756
269803
269814
269826
269904
269906
269938
270070
270161
270197
270316
270410
270443
270552
270600
270675
270684
270709
270735
270784
270795
270828
270846
270890
270892
270914
271098
271101
271172
271215
271301
271306
271354
271382
271421
271486
271498
271599
271617
271680
271687
271711
271732
271765
271775
271792
271831
271843
271872
271904
271922
272052
272126
272132
272142
272145
272196
272198
272244
272301
272367
272453
272467
272472
272488
272507
272550
272553
272557
272566
272598
272621
272656
272672
272744
272776
272812
272856
272884
273012
273062
273206
273228
273293
273316
273321
273372
273430
273434
273446
273518
273614
273620
273693
273718
273748
273769
273865
273938
273947
273980
274003
274093
274101
274108
274115
274254
274297
274332
274454
274493
274549
274565
274622
274647
274650
274740
274971
274993
275098
275137
275164
275202
275228
275235
275276
275344
275567
275701
275809
275819
275850
275857
275884
275901
276188
276225
276262
276313
276329
276425
276429
276440
276528
276532
276549
276675
276689
276726
276741
276755
276770
276878
276929
276949
277032
277066
277117
277221
277237
277277
277307
277433
277444
277522
277557
277565
277592
277621
277649
277658
277712
277728
277737
277874
277886
277901
277930
277960
277970
277976
278002
278045
278101
278107
278145
278165
278184
278240
278257
278265
278288
278300
278307
278365
278405
278416
278465
278509
278545
278562
278606
278707
278729
278730
278795
278801
278828
278989
279079
279098
279101
279119
279131
279133
279186
279296
279330
279446
279486
279512
279675
279681
279719
279725
279764
279846
279987
279995
280019
280032
280058
280084
280112
280157
280197
280232
280284
280289
280333
280360
280375
280460
280558
280573
280612
280620
280631
280646
280674
280703
280814
280837
280840
280891
280930
280966
280977
281085
281108
281133
281149
281190
281294
281326
281333
281343
281372
281401
281440
281453
281458
281494
281582
281614
281674
281723
281734
281753
281761
281789
281798
281868
281874
281894
281914
281919
281940
282013
282134
282172
282223
282318
282373
282421
282465
282497
282578
282616
282640
282750
282780
282794
282823
282912
282972
282987
283061
283064
283121
283123
283128
283181
283215
283242
283399
283413
283430
283456
283465
283517
283591
283604
283677
283775
283844
283999
284049
284052
284075
284080
284088
284095
284113
284203
284242
284255
284292
284357
284366
284415
284448
284455
284468
284496
284598
284721
284758
284785
284844
284874
285000
285030
285063
285073
285095
285155
285176
285208
285222
285232
285238
285297
285433
285482
285603
285677
285708
285753
285819
285872
285898
285911
285996
286008
286016
286077
286100
286118
286120
286121
286158
286241
286257
286420
286445
286465
286472
286727
286769
286816
286853
286916
286932
286949
286953
286993
287012
287050
287120
287155
287188
287229
287244
287295
287328
287387
287408
287442
287452
287492
287526
287596
287613
287733
287737
287807
287824
287839
287858
288053
288056
288146
288172
288295
288339
288354
288439
288452
288670
288778
288809
288868
288934
288944
288947
288997
289101
289167
289174
289204
289214
289223
289294
289301
289338
289362
289426
289434
289492
289506
289510
289514
289569
289571
289586
289594
289620
289800
289836
289898
289942
290027
290035
290060
290172
290180
290200
290248
290311
290317
290354
290625
290642
290769
290804
290852
290921
290960
291023
291079
291085
291161
291177
291189
291214
291239
291300
291407
291591
291598
291664
291688
291701
291725
291818
291831
291899
291908
291951
291955
291974
291982
292007
292069
292093
292157
292204
292208
292236
292248
292324
292358
292378
292391
292439
292494
292518
292533
292541
292549
292585
292673
292849
292864
292882
292940
292945
292951
292953
292982
293026
293031
293056
293080
293109
293117
293137
293162
293207
293267
293290
293317
293395
293447
293452
293518
293656
293719
293797
293826
293882
293919
293926
293954
293971
293978
293985
293990
294110
294164
294181
294224
294283
294347
294406
294490
294550
294580
294628
294674
294819
294945
294988
295050
295088
295096
295113
295119
295138
295153
295198
295283
295527
295651
295665
295688
295771
295776
295780
295885
295942
295999
296059
296084
296097
296118
296159
296260
296300
296393
296463
296518
296566
296602
296668
296724
296727
296812
296821
296823
296838
296900
296923
296929
296937
297001
297026
297040
297104
297139
297146
297182
297204
297253
297293
297301
297315
297406
297421
297424
297466
297491
297496
297558
297578
297617
297629
297669
297677
297686
297755
297787
297844
297856
297883
297892
298006
298102
298131
298175
298177
298263
298279
298291
298305
298344
298387
298475
298505
298507
298539
298544
298594
298608
298612
298658
298664
298683
298723
298779
298809
298866
299025
299033
299084
299116
299121
299141
299160
299192
299253
299287
299321
299394
299463
299481
299617
299656
299705
299730
299770
299793
299801
299845
299867
299872
299887
299955
299959
300002
300080
300097
300260
300343
300356
300405
300411
300421
300446
300499
300502
300546
300573
300601
300613
300644
300684
300729
300755
300770
300785
300832
300867
300884
300915
300969
301060
301108
301159
301213
301218
301226
301231
301245
301285
301478
301496
301541
301545
301623
301658
301668
301699
301771
301775
301809
301819
301826
301831
301852
301900
301916
301937
301978
301987
302060
302067
302091
302150
302158
302177
302188
302405
302475
302514
302518
302532
302573
302584
302647
302735
302737
302753
302800
302811
302813
302830
302940
302958
302985
302990
303031
303046
303104
303120
303277
303306
303373
303484
303635
303666
303670
303719
303723
303743
303804
303809
303846
303912
303985
304057
304191
304272
304346
304393
304414
304448
304453
304527
304570
304589
304597
304632
304639
304648
304844
304868
304896
305008
305090
305100
305145
305191
305219
305287
305296
305302
305310
305338
305357
305420
305464
305513
305523
305545
305693
305755
305796
305826
305850
305909
305931
306011
306115
306187
306230
306276
306329
306352
306372
306392
306398
306443
306484
306536
306545
306560
306606
306676
306682
306742
306761
306861
306876
306928
306956
306989
307055
307071
307152
307161
307213
307218
307240
307254
307277
307312
307395
307400
307450
307650
307698
307765
307766
307787
307820
307961
307987
308109
308144
308176
308203
308244
308262
308311
308363
308382
308404
308411
308513
308525
308597
308609
308635
308651
308706
308735
308753
308765
308795
308942
309150
309173
309188
309238
309240
309288
309301
309373
309385
309407
309443
309455
309567
309669
309701
309720
309800
309804
309813
309816
309927
309946
309982
310131
310141
310208
310235
310440
310442
310467
310501
310540
310628
310660
310708
310751
310780
310786
310804
310872
310894
310939
310964
310981
311018
311058
311074
311117
311179
311196
311224
311313
311338
311348
311360
311399
311419
311432
311456
311551
311566
311589
311630
311662
311695
311726
311740
311800
311912
311952
311981
311992
312099
312119
312227
312284
312327
312333
312404
312417
312481
312484
312535
312540
312545
312550
312582
312583
312710
312760
312785
312798
312848
312854
312864
312869
312884
312895
312901
312970
313061
313093
313181
313220
313256
313299
313410
313433
313503
313525
313534
313544
313617
313640
313658
313662
313750
313815
313836
313883
313885
313904
313989
314014
314017
314128
314136
314157
314196
314254
314262
314266
314304
314384
314417
314452
314581
314608
314616
314755
314779
314867
314876
314904
314948
315093
315114
315159
315163
315177
315194
315347
315356
315392
315429
315434
315463
315615
315654
315665
315688
315703
315729
315744
315825
315834
315855
316080
316093
316130
316143
316172
316214
316313
316331
316351
316369
316428
316437
316441
316457
316469
316473
316481
316546
316578
316646
316674
316688
316701
316705
316720
316772
316790
316840
316860
316939
317092
317143
317192
317197
317204
317208
317229
317239
317365
317424
317431
317441
317493
317530
317619
317631
317692
317718
317721
317745
317843
317905
317974
317990
318049
318062
318067
318096
318113
318213
318264
318278
318292
318309
318417
318453
318478
318482
318537
318544
318553
318562
318565
318741
318757
318766
318886
318890
318968
318979
319003
319032
319077
319080
319087
319098
319131
319159
319260
319266
319340
319420
319431
319441
319522
319539
319553
319576
319632
319639
319646
319766
319888
319955
320033
320090
320111
320125
320176
320227
320235
320261
320369
320384
320406
320452
320484
320567
320599
320623
320648
320651
320688
320690
320746
320762
320779
320818
320829
320905
320945
320980
321080
321115
321139
321195
321296
321308
321325
321444
321480
321555
321588
321622
321665
321720
321757
321780
321924
321996
322016
322047
322235
322325
322359
322384
322396
322431
322446
322470
322563
322569
322582
322591
322649
322658
322660
322678
322723
322745
322852
322894
322947
322968
323010
323042
323110
323120
323152
323234
323268
323274
323337
323358
323377
323462
323554
323565
323776
323791
323814
323859
323877
323889
323898
323908
324086
324136
324141
324166
324250
324274
324346
324376
324439
324445
324472
324506
324535
324678
324717
324753
324809
324847
324906
324975
325059
325100
325106
325120
325151
325153
325195
325215
325240
325251
325260
325286
325303
325320
325473
325486
325511
325528
325597
325609
325645
325840
325865
325892
325911
326062
326094
326113
326164
326168
326213
326219
326231
326233
326248
326252
326306
326370
326394
326427
326579
326581
326591
326604
326613
326619
326766
326769
326873
326884
326913
326952
327088
327240
327307
327316
327402
327407
327437
327454
327473
327521
327625
327642
327658
327723
327732
327778
327846
327907
327912
327981
328004
328076
328113
328127
328213
328236
328248
328259
328267
328274
328287
328347
328382
328439
328455
328493
328537
328543
328570
328586
328596
328606
328633
328674
328695
328773
328783
328789
328861
328972
328984
329065
329102
329175
329192
329226
329254
329283
329292
329354
329390
329425
329456
329463
329480
329496
329505
329509
329515
329561
329620
329629
329708
329736
329781
329825
329890
329949
330062
330090
330091
330114
330128
330242
330282
330320
330368
330418
330529
330540
330544
330554
330591
330650
330760
330783
330818
330822
330879
330916
330930
330940
330985
331007
331176
331182
331201
331214
331257
331274
331293
331304
331350
331523
331579
331604
331620
331636
331642
331800
331881
331918
331920
332003
332039
332145
332178
332230
332271
332279
332282
332285
332296
332512
332514
332575
332601
332633
332738
332765
332776
332779
332810
332856
332873
332946
332974
333103
333161
333216
333251
333309
333357
333415
333495
333598
333662
333733
333737
333754
333793
333875
333955
333961
333973
333978
334112
334128
334140
334166
334250
334293
334365
334389
334430
334458
334472
334618
334639
334702
334726
334752
334792
334820
334843
334891
334967
335083
335134
335162
335231
335274
335348
335479
335484
335502
335582
335613
335700
335715
335735
335792
335811
335873
335884
335939
335953
335957
335972
336004
336017
336025
336030
336041
336082
336102
336185
336211
336273
336429
336444
336447
336465
336516
336602
336697
336768
336795
336935
336946
336967
337308
337332
337462
337613
337710
337799
337859
337873
337880
337967
337993
338004
338013
338044
338132
338193
338264
338268
338354
338373
338414
338480
338513
338535
338540
338601
338612
338622
338776
338778
338835
339010
339026
339058
339072
339090
339106
339194
339211
339289
339317
339381
339384
339400
339568
339583
339613
339631
339868
339922
339972
340006
340034
340040
340080
340141
340152
340190
340320
340342
340348
340371
340402
340521
340540
340553
340559
340569
340574
340595
340708
340728
340748
340777
340888
340890
340943
340956
341067
341150
341189
341202
341260
341339
341362
341388
341397
341435
341450
341641
341675
341676
341693
341709
341752
341759
341770
341896
341912
341940
341957
342012
342062
342128
342312
342334
342347
342381
342456
342507
342609
342646
342813
342828
342840
342896
342915
342965
343003
343107
343208
343270
343307
343313
343327
343339
343396
343539
343589
343608
343642
343701
343715
343770
343792
343887
343911
343964
344060
344071
344079
344105
344129
344174
344218
344277
344293
344313
344319
344332
344352
344403
344405
344439
344571
344585
344590
344597
344665
344669
344687
344721
344766
344814
344821
344833
344894
345050
345083
345106
345152
345199
345215
345233
345243
345248
345337
345348
345373
345378
345413
345419
345437
345521
345568
345779
345794
345812
345898
345913
345919
345937
345950
345976
345995
346029
346139
346151
346170
346232
346239
346266
346289
346312
346317
346406
346640
346750
346779
346836
346983
347014
347084
347090
347140
347173
347211
347228
347291
347321
347447
347506
347559
347625
347846
347857
347862
347886
347974
348087
348194
348257
348327
348380
348381
348385
348388
348500
348741
348802
348817
348833
348855
348901
348906
348931
348973
348984
349000
349070
349113
349137
349227
349252
349307
349328
349378
349414
349447
349570
349658
349734
349831
349836
349875
349880
349929
350041
350080
350104
350160
350203
350218
350382
350466
350482
350536
350547
350624
350671
350677
350721
350960
350976
350978
350995
351057
351067
351074
351117
351175
351206
351258
351264
351371
351429
351454
351519
351537
351542
351585
351655
351671
351752
351829
351838
351855
351918
351959
352020
352025
352113
352118
352125
352133
352193
352244
352248
352256
352285
352307
352329
352350
352421
352449
352529
352599
352650
352696
352732
352765
352786
352816
352914
353066
353081
353096
353177
353368
353396
353489
353508
353747
353749
353804
353818
353828
353867
353890
353930
353953
353992
353999
354023
354068
354074
354089
354119
354162
354306
354310
354321
354335
354433
354441
354474
354497
354503
354641
354657
354658
354668
354788
354820
354835
354865
354932
354958
355004
355011
355064
355071
355103
355105
355180
355579
355669
355756
355815
355851
355854
355864
355868
355881
355945
355966
355975
355998
356042
356059
356076
356109
356166
356181
356301
356435
356530
356551
356585
356630
356651
356671
356754
356903
356927
356947
357022
357027
357061
357071
357118
357130
357148
357159
357200
357222
357255
357292
357303
357335
357408
357481
357490
357508
357525
357534
357583
357613
357620
357636
357725
357879
357880
357962
357975
358029
358044
358086
358251
358272
358279
358461
358477
358497
358543
358569
358572
358645
358673
358722
358776
358896
359005
359145
359152
359209
359242
359295
359397
359409
359425
359437
359452
359473
359528
359532
359543
359556
359574
359690
359720
359813
359818
359857
359981
359984
360011
360017
360039
360272
360341
360352
360360
360378
360425
360448
360470
360499
360538
360599
360617
360648
360662
360681
360686
360717
360837
360853
360871
360941
360955
360979
360990
361068
361071
361100
361111
361364
361384
361480
361543
361641
361709
361809
361857
361882
361925
361933
361941
361980
361986
362002
362030
362044
362064
362113
362118
362158
362170
362182
362186
362235
362236
362242
362295
362461
362463
362561
362570
362576
362592
362606
362644
362673
362748
362764
362780
362856
363055
363063
363095
363154
363158
363188
363201
363203
363231
363306
363424
363451
363499
363530
363566
363591
363723
363740
363764
363787
363867
363899
363918
363941
363962
363983
363987
364019
364143
364223
364245
364270
364293
364306
364340
364348
364361
364363
364482
364498
364507
364563
364628
364681
364936
364941
365025
365030
365054
365083
365122
365208
365276
365338
365382
365399
365436
365443
365469
365474
365492
365518
365544
365587
365638
365666
365784
365860
365886
365965
366137
366161
366286
366349
366385
366419
366484
366492
366505
366509
366515
366529
366550
366581
366641
366654
366665
366682
366689
366713
366771
366792
366812
366819
366826
366864
366962
367027
367153
367197
367215
367263
367295
367339
367343
367365
367377
367449
367521
367527
367638
367657
367684
367756
367773
367780
367784
367817
367821
367832
367845
367982
368039
368042
368054
368112
368133
368184
368298
368333
368356
368480
368490
368535
368550
368588
368607
368654
368675
368704
368707
368719
368761
368823
368886
368918
368932
368988
369001
369008
369018
369023
369049
369063
369106
369250
369295
369306
369407
369550
369567
369610
369673
369709
369749
369758
369916
369970
369972
370002
370063
370111
370127
370136
370201
370215
370252
370268
370298
370305
370320
370330
370359
370399
370411
370474
370490
370503
370541
370551
370607
370680
370694
370757
370807
370839
370849
370857
370890
370937
370979
371022
371027
371030
371110
371216
371250
371262
371277
371317
371370
371386
371406
371448
371491
371556
371587
371601
371611
371639
371720
371779
371792
371890
372011
372151
372249
372291
372306
372395
372451
372471
372588
372627
372661
372670
372675
372704
372719
372816
372866
372911
373004
373010
373044
373063
373094
373211
373263
373282
373314
373333
373347
373415
373500
373553
373603
373624
373670
373674
373722
373728
373768
373800
373863
373912
373963
373984
374014
374022
374045
374066
374070
374123
374188
374194
374271
374276
374317
374341
374359
374400
374401
374435
374454
374477
374527
374560
374626
374656
374694
374713
374734
374739
374789
374837
374873
374959
374996
375014
375016
375035
375037
375066
375116
375231
375255
375292
375377
375435
375458
375471
375498
375543
375609
375675
375680
375717
375764
375781
375797
375822
375873
375912
375990
375995
376042
376077
376079
376128
376138
376222
376231
376323
376347
376411
376418
376511
376519
376525
376557
376585
376597
376676
376699
376711
376767
376904
376918
376939
376971
376989
377081
377093
377101
377121
377163
377189
377243
377271
377287
377307
377321
377342
377344
377405
377414
377433
377557
377600
377619
377627
377680
377694
377739
377753
377756
377766
377802
377855
377868
377907
377921
377951
378002
378023
378124
378133
378155
378180
378260
378344
378422
378427
378444
378450
378458
378471
378474
378503
378506
378579
378619
378707
378837
378861
378886
378899
378906
378955
378958
378962
379076
379094
379104
379157
379194
379280
379295
379372
379410
379587
379598
379648
379671
379674
379815
379825
379894
379915
379987
379990
380140
380158
380225
380232
380273
380319
380340
380347
380380
380386
380409
380416
380418
380476
380521
380594
380787
380889
381018
381098
381189
381287
381323
381375
381444
381514
381548
381555
381556
381712
381931
381960
382028
382113
382165
382193
382204
382241
382290
382379
382489
382497
382524
382557
382572
382579
382629
382665
382675
382725
382745
382761
382923
382949
382980
383130
383137
383148
383304
383333
383422
383441
383452
383454
383466
383516
383533
383634
383665
383716
383735
383750
383776
383783
383907
384015
384068
384141
384172
384183
384209
384215
384218
384228
384295
384336
384372
384385
384401
384442
384492
384526
384537
384543
384668
384797
384807
384808
384818
384866
384905
384918
384936
384957
384976
385018
385069
385167
385171
385179
385251
385299
385330
385352
385465
385526
385644
385676
385708
385717
385729
385757
385785
385818
385822
385848
385925
385952
385958
385963
385972
385979
385999
386029
386057
386074
386101
386188
386192
386197
386229
386284
386308
386322
386339
386442
386454
386480
386543
386557
386633
386682
386721
386729
386755
386840
386902
386925
386965
386970
386997
387015
387088
387122
387141
387216
387253
387279
387286
387311
387466
387526
387542
387717
387723
387769
387775
387806
387910
387916
387987
388008
388082
388104
388199
388290
388341
388606
388621
388674
388734
388738
388745
388760
388789
388808
388854
388960
388967
389115
389151
389174
389176
389192
389279
389357
389415
389517
389526
389544
389610
389615
389733
389739
389781
389796
389887
389987
390094
390192
390205
390225
390236
390266
390268
390280
390293
390296
390312
390333
390348
390371
390405
390425
390449
390687
390699
390707
390713
390715
390723
390740
390801
390809
390872
391090
391166
391194
391212
391299
391315
391375
391390
391465
391515
391600
391609
391677
391739
391749
391772
391783
391875
391884
391924
391986
392329
392344
392351
392398
392424
392443
392494
392583
392594
392611
392642
392688
392848
392873
392882
392956
393055
393157
393166
393176
393181
393197
393215
393234
393252
393361
393422
393524
393528
393533
393563
393595
393649
393691
393697
393704
393715
393731
393787
393856
393872
393900
393936
394013
394322
394394
394398
394479
394703
394705
394713
394737
394755
394890
394905
394918
394945
395065
395096
395127
395134
395235
395342
395405
395457
395488
395543
395629
395757
395790
395905
395909
395948
395967
395971
395999
396016
396146
396246
396272
396295
396300
396315
396403
396441
396480
396536
396557
396576
396595
396643
396737
396776
396842
396919
396922
396926
396941
396950
397029
397119
397132
397139
397163
397209
397215
397223
397339
397490
397498
397554
397561
397566
397608
397696
397705
397825
397957
398043
398271
398333
398363
398405
398446
398453
398486
398507
398539
398544
398552
398582
398599
398727
398784
398816
398857
398863
398882
398993
399011
399040
399069
399092
399134
399159
399202
399220
399226
399246
399330
399352
399367
399488
399505
399548
399566
399595
399627
399649
399692
399695
399746
399773
399824
399847
399926
399951
399953
400041
400052
400074
400090
400136
400143
400150
400160
400183
400193
400238
400246
400483
400526
400624
400642
400650
400710
400733
400769
400807
400811
400851
400918
400927
401022
401044
401046
401064
401088
401094
401144
401150
401195
401230
401241
401311
401352
401426
401475
401552
401554
401570
401623
401633
401663
401909
401939
401984
402018
402031
402100
402167
402205
402240
402326
402380
402387
402390
402404
402420
402502
402580
402626
402663
402677
402698
402765
402895
402933
402938
402997
403028
403050
403060
403104
403137
403145
403156
403233
403270
403280
403466
403506
403513
403584
403657
403684
403728
403746
403773
403774
403825
403900
403997
404055
404094
404124
404222
404307
404322
404386
404403
404416
404424
404444
404517
404580
404610
404628
404668
404684
404735
404757
404787
404897
404908
405140
405312
405317
405323
405338
405435
405494
405519
405551
405591
405600
405610
405644
405759
405852
405915
405961
405987
406050
406065
406092
406174
406195
406292
406295
406307
406365
406427
406450
406546
406571
406596
406617
406642
406699
406706
406738
406756
406803
406833
406951
406957
406987
406993
407045
407081
407125
407142
407149
407180
407192
407196
407266
407297
407437
407447
407457
407462
407550
407571
407604
407626
407653
407662
407673
407682
407746
407757
407788
407861
407890
407959
408004
408018
408062
408076
408090
408153
408230
408279
408329
408356
408372
408378
408396
408402
408451
408598
408604
408643
408794
408857
408885
408893
408909
408996
409047
409067
409098
409128
409153
409180
409189
409241
409270
409296
409302
409386
409393
409654
409725
409745
409800
409812
409835
409837
409885
409936
410006
410030
410097
410116
410170
410199
410237
410249
410272
410277
410319
410338
410418
410433
410549
410556
410643
410667
410739
410742
410759
410878
410896
410901
410953
410974
411037
411051
411064
411108
411125
411226
411257
411392
411418
411457
411487
411522
411538
411636
411655
411724
411815
411858
411892
411897
412007
412027
412158
412237
412270
412303
412315
412386
412403
412451
412476
412495
412538
412639
412653
412695
412701
412705
412781
412783
412903
412910
413133
413136
413179
413225
413271
413300
413391
413466
413473
413493
413555
413574
413647
413665
413684
413735
413757
413803
413873
413886
413901
413946
413970
413977
413995
414002
414041
414048
414144
414193
414294
414299
414522
414572
414649
414695
414713
414742
414753
414786
414881
414888
414920
414929
414938
415008
415041
415118
415129
415139
415149
415295
415376
415384
415400
415439
415445
415518
415526
415638
415668
415743
415761
415793
415831
415890
416070
416083
416142
416198
416323
416364
416372
416388
416452
416500
416510
416513
416521
416594
416722
416819
416840
416896
417016
417125
417134
417140
417173
417208
417244
417293
417341
417357
417374
417404
417464
417599
417646
417670
417694
417699
417772
417781
417788
417825
417846
417851
417858
417969
418105
418141
418157
418160
418207
418218
418279
418287
418336
418379
418395
418517
418531
418613
418626
418641
418669
418683
418710
418718
418786
418799
418817
418845
418866
418912
419010
419025
419036
419041
419067
419089
419099
419100
419252
419253
419260
419346
419351
419380
419502
419674
419730
419755
419766
419799
419862
419877
419898
419936
419937
419957
420025
420028
420058
420079
420111
420138
420145
420228
420248
420290
420366
420434
420486
420536
420540
420589
420627
420680
420705
420745
420775
420788
420871
420873
421010
421012
421097
421125
421188
421213
421228
421251
421468
421481
421515
421540
421575
421604
421698
421725
421791
421845
421849
421858
421872
421888
422012
422064
422109
422181
422202
422248
422298
422304
422441
422509
422539
422625
422627
422629
422665
422685
422687
422698
422718
422720
422858
422870
422894
422952
423016
423025
423038
423103
423106
423118
423164
423188
423191
423211
423315
423335
423389
423403
423420
423453
423461
423478
423484
423519
423612
423645
423652
423656
423675
423804
423824
423834
423855
423884
423926
424202
424207
424211
424257
424275
424301
424345
424481
424520
424540
424547
424608
424610
424623
424634
424636
424664
424821
424836
424867
424881
424912
424936
424986
425238
425257
425265
425324
425345
425371
425444
425554
425563
425631
425705
425715
425743
425745
425788
425840
425948
426091
426102
426115
426143
426152
426160
426178
426232
426296
426395
426423
426437
426511
426587
426663
426765
426779
426911
426993
427004
427049
427055
427187
427201
427250
427303
427328
427381
427432
427480
427801
427865
427870
427922
427944
427968
427971
428003
428026
428064
428075
428087
428249
428257
428276
428319
428326
428365
428420
428470
428604
428657
428751
428758
428774
428864
428873
428895
429003
429060
429096
429136
429141
429187
429226
429236
429328
429418
429446
429462
429471
429595
429639
429644
429663
429719
429725
429783
429786
429902
429944
429948
430021
430082
430236
430286
430291
430298
430388
430516
430543
430598
430635
430897
430912
431249
431311
431314
431348
431375
431382
431541
431544
431564
431586
431617
431634
431670
431722
431745
431934
431943
431948
432007
432114
432164
432273
432292
432353
432370
432391
432403
432466
432481
432491
432529
432536
432537
432554
432561
432619
432653
432790
432794
432801
432835
432850
432892
432955
432974
432981
433028
433183
433329
433352
433455
433508
433526
433531
433545
433549
433550
433598
433605
433688
433734
433769
433798
433801
433902
433980
434023
434033
434112
434118
434155
434212
434225
434236
434284
434351
434421
434424
434479
434482
434485
434544
434546
434592
434652
434824
434895
434957
434964
434981
435059
435063
435109
435178
435287
435369
435381
435417
435461
435480
435497
435515
435706
435749
435752
435774
435783
435809
435914
435938
435990
435998
436009
436014
436020
436039
436102
436108
436113
436116
436144
436231
436239
436262
436292
436305
436353
436584
436589
436662
436709
436733
436739
436755
436938
436974
436988
437013
437063
437199
437348
437411
437500
437519
437701
437713
437789
437895
437897
437953
437978
437984
438049
438092
438150
438243
438456
438637
438656
438681
438733
438743
438745
438758
438775
438802
438809
438874
438881
438893
438995
439045
439062
439088
439104
439134
439248
439305
439399
439477
439505
439562
439567
439593
439661
439702
439797
439960
439975
440019
440043
440090
440095
440183
440218
440324
440401
440466
440480
440565
440687
440714
440716
440735
440772
440781
440795
440799
440845
440876
440943
441098
441099
441125
441182
441216
441377
441435
441438
441455
441566
441582
441642
441686
441738
441799
441821
441858
441902
441951
441970
441988
442003
442067
442077
442091
442167
442175
442210
442262
442270
442313
442380
442471
442523
442608
442645
442727
442753
442765
442817
442860
442879
442954
442987
443001
443029
443034
443116
443226
443254
443289
443305
443380
443426
443450
443532
443579
443588
443608
443614
443694
443728
443745
443780
443805
443839
443843
443970
443993
444001
444019
444024
444119
444141
444152
444155
444179
444215
444295
444344
444360
444414
444475
444512
444516
444667
444704
444799
444880
444893
444911
444945
444983
445016
445153
445161
445170
445192
445206
445219
445313
445372
445423
445459
445461
445496
445551
445637
445645
445666
445699
445709
445770
445782
445822
445940
445991
446138
446182
446191
446212
446296
446400
446452
446642
446660
446669
446704
446792
446816
446871
446929
446961
447046
447211
447232
447242
447290
447341
447372
447400
447440
447528
447626
447645
447692
447738
447755
447824
447884
447898
447912
447942
447992
448010
448041
448252
448292
448323
448361
448384
448490
448523
448621
448637
448812
448907
448942
448951
449050
449085
449134
449291
449427
449556
449615
449682
449697
449752
449767
449890
449893
449897
449956
449966
450016
450069
450084
450129
450147
450232
450236
450317
450331
450360
450384
450387
450391
450402
450413
450498
450515
450563
450596
450601
450639
450703
450801
450826
450872
450898
450956
450983
451004
451269
451288
451328
451473
451481
451505
451515
451646
451832
451922
452020
452058
452088
452111
452144
452147
452228
452252
452325
452352
452365
452391
452443
452456
452485
452516
452622
452680
452794
452830
452852
452886
452899
452911
452932
452965
453038
453188
453203
453252
453330
453375
453382
453492
453568
453606
453667
453678
453681
453716
453741
453763
453781
453789
453812
453847
453935
453946
453959
453998
454105
454125
454192
454199
454256
454297
454312
454440
454460
454470
454497
454531
454541
454575
454627
454661
454673
454720
454774
454852
454950
454955
455024
455035
455225
455256
455267
455295
455414
455461
455564
455588
455622
455634
455721
455730
455739
455844
455876
455930
455940
455954
455986
455990
455998
456064
456109
456189
456207
456220
456255
456291
456352
456375
456382
456418
456563
456568
456576
456585
456598
456607
456666
456805
456807
457199
457225
457331
457578
457603
457621
457636
457679
457683
457802
457811
457901
458032
458146
458152
458153
458241
458249
458256
458260
458345
458356
458396
458403
458414
458453
458472
458499
458541
458556
458568
458574
458610
458747
458756
458846
458958
458961
459015
459064
459087
459099
459128
459171
459290
459292
459300
459356
459366
459526
459582
459649
459664
459689
459690
459699
459771
459809
459854
459969
459974
459989
459998
460009
460036
460054
460065
460082
460139
460169
460174
460239
460529
460555
460656
460658
460736
460740
460840
460896
460900
460928
460944
460999
461042
461058
461071
461087
461104
461144
461177
461198
461268
461285
461359
461486
461515
461526
461581
461597
461635
461697
461735
461748
461765
461767
461837
461854
461857
461863
461872
461892
461947
461981
462000
462112
462176
462206
462218
462251
462268
462319
462406
462480
462505
462548
462552
462566
462650
462657
462712
462745
462828
462849
462910
462917
462920
462951
462961
463028
463030
463037
463070
463124
463168
463175
463220
463271
463280
463289
463350
463361
463388
463394
463409
463472
463510
463554
463617
463623
463651
463667
463677
463813
463823
463833
463941
463967
463985
464038
464063
464089
464101
464108
464157
464227
464246
464262
464269
464306
464365
464419
464425
464429
464486
464583
464633
464733
464777
464825
464851
464966
464979
464986
465019
465073
465089
465187
465243
465256
465347
465401
465405
465416
465495
465551
465584
465608
465644
465669
465717
465727
465747
465801
465834
465848
465900
466073
466089
466097
466106
466241
466252
466286
466479
466574
466595
466633
466772
466839
466874
466878
466926
466962
467000
467004
467020
467061
467084
467104
467157
467300
467375
467429
467534
467618
467681
467693
467700
467727
467764
467804
467988
468004
468151
468158
468177
468186
468259
468288
468316
468331
468372
468508
468524
468574
468579
468593
468611
468626
468681
468747
468811
468827
468845
468867
468973
468979
469046
469094
469122
469306
469321
469325
469348
469365
469407
469422
469425
469441
469442
469545
469573
469606
469617
469646
469669
469690
469694
469758
469837
469859
469901
469931
469954
469964
469983
470000
470035
470041
470044
470076
470082
470178
470222
470271
470281
470308
470322
470336
470339
470483
470544
470546
470583
470584
470627
470629
470637
470659
470668
470709
470777
470793
470811
470817
470873
470880
470946
471247
471252
471266
471300
471355
471424
471445
471454
471549
471554
471606
471645
471731
471736
471786
471812
471833
471875
471882
471892
471915
471988
472039
472056
472062
472185
472357
472456
472482
472530
472587
472591
472617
472626
472695
472742
472752
472795
472873
472897
472907
472926
472941
472942
473006
473172
473182
473208
473271
473345
473395
473433
473438
473536
473555
473568
473577
473739
473765
473852
473892
473914
473946
473968
473976
474030
474057
474145
474177
474191
474326
474353
474363
474388
474400
474466
474479
474486
474609
474700
474727
474749
474782
474790
474830
474926
474930
474988
475001
475057
475202
475214
475287
475309
475335
475363
475473
475478
475629
475633
475646
475659
475691
475719
475730
475823
475864
475921
475961
475977
476001
476043
476119
476136
476141
476176
476186
476241
476258
476326
476387
476398
476450
476530
476553
476628
476643
476722
476892
476908
476915
476926
477144
477239
477265
477304
477332
477374
477420
477486
477489
477598
477619
477640
477681
477684
477753
477783
477845
477887
477986
478004
478006
478092
478169
478172
478183
478206
478220
478227
478229
478232
478300
478327
478408
478454
478511
478530
478548
478592
478610
478640
478651
478654
478707
478966
478985
479058
479093
479099
479165
479280
479340
479346
479359
479372
479439
479456
479558
479565
479672
479682
479690
479694
479810
479839
479844
479868
479887
479889
479894
479916
479975
479995
480036
480084
480121
480143
480163
480174
480213
480291
480296
480300
480323
480335
480433
480504
480546
480662
480726
480768
480784
480792
480841
480856
480983
481049
481054
481081
481112
481133
481311
481323
481469
481494
481541
481557
481743
481749
481965
482004
482045
482046
482058
482091
482139
482147
482176
482179
482184
482187
482188
482193
482219
482231
482274
482312
482422
482448
482533
482539
482611
482768
482797
482800
482821
482830
482857
482994
483015
483025
483076
483109
483123
483147
483308
483473
483588
483696
483801
483846
483878
483914
483919
483939
483982
483987
484085
484092
484099
484131
484162
484192
484232
484239
484262
484313
484331
484438
484449
484467
484573
484748
484800
484828
484882
484893
485213
485294
485300
485358
485417
485420
485477
485533
485632
485679
485682
485688
485700
485723
485885
485890
485913
485927
485961
486007
486085
486161
486179
486268
486323
486346
486358
486391
486429
486481
486565
486660
486720
486729
486813
486815
486822
486935
486941
487063
487110
487352
487380
487394
487414
487424
487427
487505
487540
487585
487669
487706
487716
487851
487873
487925
487949
487955
487963
487976
487981
488012
488032
488104
488110
488127
488141
488143
488168
488187
488290
488298
488307
488314
488323
488339
488355
488358
488380
488482
488495
488510
488576
488608
488669
488777
488783
488795
488799
488820
488867
488927
488940
488952
489093
489100
489116
489126
489180
489194
489216
489236
489238
489287
489303
489315
489342
489436
489458
489526
489608
489631
489654
489728
489810
489854
489875
489907
490032
490040
490042
490059
490067
490154
490176
490185
490197
490259
490292
490400
490401
490431
490445
490510
490514
490625
490665
490672
490685
490780
490797
490931
490936
491007
491097
491142
491201
491206
491252
491258
491306
491329
491369
491375
491447
491462
491570
491587
491620
491696
491737
491756
491817
491905
491927
491949
492083
492110
492157
492204
492215
492226
492239
492252
492255
492268
492277
492285
492301
492317
492321
492327
492375
492437
492441
492553
492563
492580
492671
492691
492699
492716
492781
492830
492890
492934
493096
493223
493306
493485
493500
493577
493641
493668
493738
493741
493753
493907
493924
493941
493984
494097
494190
494271
494276
494310
494354
494387
494392
494417
494418
494424
494496
494529
494551
494577
494669
494740
494780
494783
494795
494824
494837
494851
494879
494882
494899
494947
495002
495049
495057
495123
495172
495208
495359
495498
495530
495543
495661
495666
495682
495711
495724
495727
495763
495780
495874
495881
495921
495941
495966
495990
496194
496316
496350
496369
496394
496515
496527
496643
496675
496692
496714
496721
496809
496820
496888
496894
496985
497146
497169
497190
497206
497270
497282
497299
497307
497318
497330
497438
497490
497538
497561
497586
497628
497633
497659
497661
497811
497827
498035
498097
498216
498219
498229
498242
498274
498342
498359
498391
498417
498520
498557
498619
498659
498716
498729
498733
498758
498778
498798
498806
498821
498847
499119
499145
499212
499229
499257
499276
499282
499329
499335
499363
499383
499470
499492
499524
499529
499583
499614
499696
499712
499753
499765
499767
499789
499802
499963
499973
500013
500022
500044
500071
500097
500164
500200
500213
500288
500293
500312
500327
500349
500426
500478
500486
500491
500502
500523
500555
500591
500620
500733
500783
500826
500832
500869
500902
500929
500969
500988
501006
501013
501050
501062
501152
501159
501166
501251
501277
501292
501304
501311
501321
501334
501353
501387
501437
501463
501469
501582
501739
501797
501813
501822
501871
501978
502016
502025
502064
502075
502094
502191
502226
502229
502240
502274
502296
502342
502355
502378
502380
502432
502441
502460
502489
502684
502717
502823
502875
502924
502967
502998
503015
503109
503150
503161
503237
503239
503272
503325
503445
503492
503524
503584
503603
503632
503636
503704
503746
503800
503869
504008
504158
504165
504177
504300
504312
504320
504375
504469
504487
504539
504590
504597
504628
504649
504672
504755
504758
504790
504806
504815
504855
504942
505018
505045
505107
505120
505135
505205
505272
505290
505295
505327
505330
505410
505426
505442
505488
505520
505600
505610
505631
505779
505803
505867
505877
505915
505942
506035
506086
506100
506123
506179
506211
506287
506291
506409
506421
506454
506521
506550
506563
506616
506732
506752
506780
506797
506810
506849
506869
506888
507068
507083
507095
507112
507126
507131
507151
507181
507258
507259
507289
507292
507327
507379
507406
507437
507469
507508
507530
507588
507607
507617
507622
507628
507676
507748
507799
507806
507840
507862
507889
507898
507914
507918
508006
508070
508127
508167
508175
508360
508403
508432
508437
508519
508691
508706
508731
508745
508790
508815
508849
508870
508933
508949
509038
509044
509057
509096
509143
509153
509160
509176
509212
509216
509228
509246
509253
509336
509473
509521
509535
509620
509641
509652
509707
509744
509862
509868
509890
509968
509969
509982
510025
510035
510073
510111
510137
510178
510198
510226
510236
510247
510252
510290
510301
510366
510449
510584
510647
510658
510684
510704
510747
510792
510878
510879
510928
510941
511002
511128
511141
511153
511165
511190
511221
511296
511299
511336
511391
511398
511401
511420
511452
511457
511473
511528
511537
511544
511583
511628
511670
511677
511695
511730
511782
511820
511878
511887
511974
512006
512018
512021
512061
512098
512155
512160
512215
512269
512276
512310
512457
512575
512585
512627
512709
512750
512762
512783
512805
512821
512882
512906
512917
512973
513079
513214
513313
513331
513456
513474
513494
513509
513556
513581
513663
513691
513723
513838
513882
513885
513907
514050
514096
514123
514150
514187
514204
514314
514357
514364
514381
514393
514497
514500
514546
514551
514559
514577
514589
514595
514604
514608
514679
514696
514699
514774
514810
514867
514876
514881
514892
514924
514932
515050
515210
515276
515290
515351
515441
515535
515582
515584
515672
515707
515732
515760
515781
515816
515830
515848
515871
516027
516074
516116
516120
516157
516172
516225
516280
516322
516373
516398
516411
516439
516441
516481
516492
516498
516566
516571
516603
516633
516638
516741
516771
516834
516887
516926
516944
516946
516957
517047
517057
517059
517165
517167
517199
517208
517226
517312
517328
517341
517380
517390
517414
517446
517555
517603
517630
517692
517752
517777
517784
517808
517834
517974
518086
518102
518116
518121
518211
518228
518249
518291
518314
518346
518414
518451
518497
518569
518594
518621
518667
518683
518700
518705
518742
518851
519019
519024
519049
519092
519164
519166
519209
519222
519235
519255
519324
519385
519394
519559
519614
519741
519746
519779
519781
519799
519806
519809
519848
519853
519887
519913
519916
519977
519999
520004
520047
520078
520132
520149
520155
520197
520225
520232
520233
520350
520425
520454
520604
520649
520690
520717
520855
520933
520944
520950
520970
520983
520992
521021
521040
521064
521067
521123
521142
521191
521211
521267
521280
521294
521323
521331
521374
521400
521414
521454
521477
521540
521553
521559
521574
521612
521624
521670
521703
521705
521758
521766
521807
521857
521885
521890
521942
521949
521997
522021
522150
522203
522215
522246
522262
522286
522287
522304
522397
522406
522465
522528
522540
522550
522615
522670
522713
522758
522832
522846
522862
522996
523046
523068
523079
523101
523122
523142
523221
523295
523431
523443
523480
523493
523564
523579
523601
523664
523743
523758
523765
523815
523834
523955
523960
524100
524115
524117
524127
524154
524171
524275
524281
524342
524427
524515
524536
524574
524633
524716
524727
524740
524777
524780
524782
524827
524982
525053
525058
525150
525162
525200
525305
525331
525333
525346
525402
525564
525586
525697
525737
525766
525772
525859
525893
525919
526006
526035
526115
526157
526224
526239
526289
526303
526310
526376
526429
526433
526474
526479
526502
526523
526608
526634
526654
526683
526738
526762
526867
526885
526890
526906
526914
526998
527002
527018
527048
527126
527178
527190
527225
527229
527269
527316
527320
527326
527416
527488
527610
527618
527644
527668
527695
527736
527738
527752
527813
527814
527850
527853
527910
527927
527978
527990
528029
528092
528105
528129
528131
528149
528180
528216
528269
528275
528278
528290
528334
528392
528415
528474
528522
528550
528571
528581
528589
528593
528597
528626
528664
528668
528696
528710
528718
528741
528754
528845
528867
528893
528901
528904
528990
529029
529053
529122
529171
529205
529260
529274
529287
529365
529376
529437
529461
529475
529493
529607
529616
529649
529667
529685
529703
529804
529874
530041
530096
530109
530129
530139
530158
530212
530266
530330
530343
530393
530455
530465
530512
530521
530542
530596
530619
530802
530884
530890
530923
530955
530967
530982
531024
531054
531123
531135
531204
531234
531242
531245
531326
531336
531385
531400
531406
531422
531434
531477
531518
531529
531550
531560
531571
531584
531604
531623
531628
531629
531663
531688
531706
531714
531764
531788
531828
531859
531888
532002
532111
532149
532193
532236
532239
532303
532317
532363
532373
532560
532637
532639
532667
532670
532791
532832
532904
532937
532992
533101
533118
533205
533221
533236
533242
533248
533249
533310
533379
533512
533553
533559
533644
533721
533735
533773
533854
533904
533955
533990
534057
534163
534219
534291
534327
534336
534436
534510
534566
534619
534675
534688
534707
534737
534752
534770
534781
534850
534880
534913
534926
534935
535005
535061
535065
535162
535165
535192
535273
535336
535344
535352
535363
535376
535462
535468
535497
535514
535553
535610
535670
535748
535773
535787
535894
535914
535924
535966
536162
536175
536179
536198
536220
536223
536271
536295
536324
536371
536390
536447
536463
536535
536619
536633
536644
536719
536836
536857
536873
536876
536925
536972
537006
537037
537044
537051
537125
537161
537170
537197
537202
537253
537257
537329
537426
537471
537476
537481
537483
537499
537510
537515
537519
537527
537586
537609
537705
537770
537777
537792
537827
537846
537929
537971
537995
538000
538011
538092
538107
538121
538129
538194
538217
538265
538369
538377
538543
538567
538570
538582
538617
538630
538745
538783
538799
538954
538971
539112
539115
539118
539221
539260
539365
539389
539402
539407
539515
539699
539701
539727
539814
539840
539853
539861
539866
539953
539971
539984
539998
540089
540167
540234
540249
540260
540285
540294
540350
540381
540394
540438
540463
540558
540563
540689
540694
540736
540747
540789
540875
540959
540966
540977
541107
541142
541153
541222
541252
541271
541274
541364
541375
541461
541545
541591
541598
541624
541641
541688
541700
541784
541809
541817
541830
541864
541935
541944
541965
542078
542104
542115
542126
542192
542220
542295
542301
542335
542464
542538
542833
542844
542856
542863
542936
542980
543020
543029
543056
543076
543264
543287
543311
543317
543363
543371
543463
543499
543591
543600
543612
543620
543813
543844
543858
543866
543878
543921
543992
544015
544038
544121
544168
544174
544235
544242
544266
544271
544281
544311
544318
544334
544355
544419
544428
544472
544478
544482
544490
544507
544568
544701
544731
544741
544812
544825
544860
544885
544906
544912
545036
545049
545081
545149
545230
545246
545254
545269
545451
545489
545578
545621
545705
545724
545888
545917
545923
545975
545990
546002
546126
546187
546217
546261
546273
546362
546470
546483
546528
546576
546579
546708
546778
546815
546935
547010
547030
547075
547080
547087
547119
547130
547209
547226
547284
547382
547483
547508
547510
547512
547517
547560
547580
547608
547618
547628
547656
547748
547775
547782
547823
547833
547873
547968
548049
548120
548128
548182
548228
548243
548251
548274
548370
548418
548459
548461
548496
548519
548529
548584
548609
548661
548686
548688
548717
548787
548820
548885
548921
548931
548943
548945
548966
548985
548992
548997
549087
549096
549114
549121
549170
549177
549255
549275
549294
549314
549341
549345
549362
549386
549388
549421
549544
549571
549597
549619
549729
549735
549742
549827
549841
549876
549914
549974
549992
550070
550087
550090
550118
550176
550179
550261
550280
550318
550417
550423
550428
550491
550555
550596
550633
550660
550796
550821
550822
550875
550881
550885
550891
550935
550941
550951
550959
551123
551161
551224
551234
551267
551321
551323
551360
551391
551399
551410
551451
551603
551609
551675
551692
551756
551797
551881
551895
551954
551971
551993
552007
552015
552051
552148
552157
552196
552239
552269
552367
552444
552450
552555
552611
552621
552834
552893
552894
552943
552959
552967
552971
553026
553030
553091
553354
553398
553401
553418
553449
553483
553544
553546
553569
553589
553650
553721
553768
553822
553827
553873
553881
553921
553926
553935
554128
554155
554177
554242
554283
554347
554483
554527
554608
554647
554665
554668
554707
554711
554724
554765
554782
554792
554825
555018
555045
555067
555085
555112
555181
555201
555211
555304
555381
555453
555487
555504
555532
555630
555653
555712
555729
555759
555833
555892
555920
555923
555948
555949
556031
556148
556151
556174
556249
556402
556439
556452
556464
556474
556531
556558
556645
556665
556745
556759
556779
556795
556880
556891
556911
556925
556952
556975
556978
557085
557099
557104
557112
557139
557162
557163
557193
557344
557378
557398
557409
557416
557499
557587
557616
557652
557675
557713
557745
557756
557806
557831
557840
557891
557972
557994
558055
558067
558121
558142
558152
558167
558171
558216
558265
558267
558305
558316
558341
558389
558402
558523
558592
558627
558643
558706
558724
558847
558928
558962
558968
559021
559023
559032
559052
559076
559100
559140
559170
559179
559263
559265
559288
559294
559308
559309
559324
559330
559364
559438
559463
559575
559649
559669
559851
559869
559913
559951
559987
560030
560131
560153
560156
560209
560226
560246
560308
560400
560411
560445
560480
560502
560511
560520
560653
560679
560712
560724
560747
560934
560937
560944
560986
561106
561157
561161
561257
561263
561269
561362
561438
561498
561507
561553
561578
561701
561728
561748
561780
561822
561830
561977
561979
562064
562103
562133
562140
562149
562188
562266
562325
562379
562391
562416
562432
562573
562665
562684
562706
562727
562760
562813
562825
562829
562867
562872
562889
562897
562922
562957
562962
562989
562994
563092
563144
563160
563169
563173
563206
563281
563337
563363
563376
563379
563385
563467
563491
563500
563562
563567
563591
563606
563631
563642
563647
563704
563762
563826
563841
563902
563964
563971
564006
564087
564096
564144
564153
564160
564185
564273
564318
564343
564363
564376
564379
564405
564413
564414
564494
564544
564577
564598
564601
564603
564607
564619
564632
564645
564646
564649
564687
564737
564795
564835
564923
564980
565007
565051
565100
565115
565155
565159
565189
565332
565513
565551
565599
565622
565643
565716
565877
566029
566034
566149
566153
566172
566216
566256
566259
566380
566393
566404
566412
566418
566466
566468
566634
566663
566683
566839
566842
566852
566859
567005
567050
567144
567154
567179
567226
567241
567388
567394
567417
567441
567495
567552
567622
567647
567698
567704
567707
567725
567754
567763
567780
567806
567925
567956
568003
568013
568015
568037
568053
568057
568073
568128
568171
568213
568245
568253
568302
568322
568356
568408
568539
568558
568581
568625
568633
568640
568648
568698
568709
568726
568750
568764
568772
568789
568818
568886
568891
568969
569024
569026
569043
569126
569243
569272
569305
569343
569480
569488
569556
569585
569630
569702
569840
569851
569927
569938
569994
569999
570039
570069
570082
570108
570129
570146
570206
570234
570264
570265
570298
570306
570336
570363
570482
570483
570555
570601
570616
570661
570668
570680
570728
570804
570896
570903
570908
570973
571026
571064
571078
571133
571144
571213
571264
571310
571330
571340
571368
571387
571393
571407
571420
571473
571561
571571
571703
571710
571867
571916
572020
572088
572144
572338
572342
572369
572438
572472
572515
572599
572610
572616
572757
572767
572838
572847
572856
572912
573191
573226
573234
573415
573469
573473
573497
573515
573528
573539
573618
573702
573711
573727
573731
573754
573770
573916
573945
573973
574062
574070
574076
574104
574127
574162
574197
574257
574262
574279
574301
574302
574306
574366
574496
574511
574514
574548
574613
574619
574702
574754
574764
574816
574840
574845
574865
574870
574882
574969
574979
574985
575013
575052
575359
575415
575477
575542
575558
575621
575638
575648
575656
575701
575733
575755
575816
575861
575922
575923
575948
576008
576023
576051
576056
576081
576120
576192
576238
576252
576303
576359
576398
576437
576446
576455
576577
576707
576711
576729
576754
576764
576800
576836
576924
576943
576953
576979
577000
577156
577217
577219
577233
577270
577294
577315
577412
577418
577426
577466
577527
577539
577574
577630
577772
577775
577810
577814
577817
577824
577836
578031
578076
578100
578103
578126
578175
578239
578258
578266
578280
578317
578320
578349
578464
578523
578535
578540
578542
578543
578558
578591
578618
578662
578713
578731
578771
578821
578882
578907
578939
578970
579016
579029
579074
579111
579178
579182
579191
579212
579271
579284
579312
579354
579357
579414
579430
579446
579450
579452
579464
579565
579612
579695
579762
579832
579851
579932
580052
580129
580141
580260
580305
580335
580365
580378
580385
580391
580395
580418
580440
580497
580512
580524
580530
580546
580553
580575
580577
580609
580643
580648
580678
580711
580954
581060
581097
581150
581184
581244
581373
581446
581455
581520
581530
581548
581583
581590
581609
581616
581726
581766
581834
581861
581972
581978
582055
582069
582102
582109
582218
582227
582233
582315
582338
582374
582423
582437
582468
582472
582501
582523
582535
582595
582665
582691
582707
582735
582749
582770
582848
582865
582871
582933
582941
583002
583020
583086
583138
583185
583223
583235
583236
583243
583246
583317
583339
583391
583429
583489
583505
583508
583534
583548
583582
583596
583660
583662
583715
583717
583770
583875
583910
583930
583951
584000
584080
584090
584140
584177
584196
584202
584242
584244
584331
584348
584462
584543
584558
584560
584615
584650
584702
584717
584782
584787
584806
584815
584830
584897
584899
584940
584945
584981
585012
585021
585044
585120
585156
585166
585254
585260
585269
585311
585320
585330
585524
585526
585527
585582
585729
585757
585781
585794
585870
585933
585940
585957
586031
586067
586087
586091
586179
586417
586454
586491
586566
586613
586697
586846
586849
586880
587006
587062
587093
587096
587134
587170
587205
587284
587293
587331
587336
587339
587357
587527
587545
587561
587563
587575
587663
587733
587766
587768
587792
587797
587811
587859
587893
587934
587958
587972
587979
587988
587996
588013
588060
588091
588106
588165
588186
588201
588206
588238
588290
588291
588330
588339
588442
588453
588530
588532
588548
588595
588603
588639
588648
588711
588732
588781
588790
588842
588895
588958
589039
589043
589051
589120
589151
589168
589194
589202
589212
589226
589279
589299
589361
589374
589377
589400
589426
589461
589479
589568
589581
589638
589657
589827
589843
589871
589898
589921
589929
590032
590036
590066
590100
590336
590452
590458
590487
590527
590539
590547
590589
590777
590788
590799
590915
590937
591040
591060
591078
591089
591307
591395
591412
591419
591478
591484
591586
591700
591734
591738
591759
591805
591912
591972
591998
592004
592014
592038
592098
592110
592275
592312
592316
592337
592347
592353
592366
592372
592438
592448
592501
592543
592575
592636
592708
592763
592779
592898
592961
592974
592993
593004
593027
593062
593121
593126
593139
593242
593291
593302
593441
593473
593487
593518
593532
593563
593612
593635
593684
593697
593720
593721
593728
593742
593783
593786
593798
593845
593871
593881
593886
593953
593976
594026
594079
594089
594113
594169
594198
594261
594273
594291
594326
594359
594389
594460
594515
594520
594547
594559
594606
594668
594724
594784
594817
594921
594969
594988
595024
595046
595195
595255
595334
595383
595404
595407
595424
595426
595493
595505
595508
595515
595613
595721
595733
595750
595767
595774
595852
595862
595868
595905
595929
596015
596048
596080
596087
596097
596115
596209
596265
596298
596300
596307
596423
596460
596483
596554
596557
596612
596654
596664
596777
596820
596907
596909
596974
596990
596999
597050
597109
597166
597212
597231
597274
597364
597385
597448
597456
597523
597572
597584
597733
597761
597835
597933
597964
597978
598012
598027
598075
598082
598101
598155
598203
598245
598255
598390
598404
598552
598565
598568
598573
598634
598882
598906
598998
599078
599126
599170
599223
599279
599293
599340
599438
599513
599522
599601
599611
599685
599693
599709
599721
599748
599816
599870
599904
599926
599953
599986
600035
600037
600045
600095
600097
600152
600154
600199
600227
600278
600315
600327
600347
600350
600387
600400
600414
600522
600691
600770
600881
600897
601013
601062
601064
601084
601155
601337
601380
601383
601398
601425
601446
601456
601458
601467
601475
601495
601533
601593
601618
601624
601629
601651
601653
601661
601684
601740
601761
601779
601845
601851
601974
602049
602078
602103
602111
602178
602212
602311
602352
602433
602464
602581
602676
602714
602743
602795
602824
602952
603066
603076
603117
603160
603167
603179
603228
603246
603258
603330
603376
603390
603416
603472
603535
603602
603849
603869
604028
604070
604090
604180
604185
604215
604232
604294
604309
604321
604380
604385
604406
604430
604451
604497
604613
604708
604712
604719
604740
604751
604769
604773
604808
604888
604909
604957
605037
605066
605093
605143
605191
605211
605260
605271
605293
605346
605472
605477
605495
605518
605529
605537
605556
605581
605600
605611
605628
605639
605684
605700
605705
605712
605714
605776
605789
605827
605833
605836
605846
605909
605915
605972
605979
606043
606048
606071
606182
606188
606220
606224
606299
606308
606331
606336
606376
606447
606497
606515
606542
606576
606720
606726
606779
606808
606840
606858
606922
606961
607056
607059
607125
607205
607254
607283
607301
607329
607515
607534
607549
607552
607623
607645
607690
607756
607791
607870
607920
607923
607928
607974
608011
608053
608135
608144
608167
608172
608207
608239
608240
608273
608360
608365
608400
608426
608486
608538
608548
608568
608794
608798
608904
608909
608979
609110
609177
609183
609201
609224
609314
609374
609387
609398
609427
609435
609454
609471
609532
609539
609586
609598
609677
609732
609737
609771
609777
609781
609798
609820
609841
609845
609871
609878
610081
610165
610180
610203
610222
610403
610619
610634
610649
610654
610656
610737
610768
610875
610880
610962
610985
610999
611131
611158
611176
611205
611369
611401
611408
611425
611520
611537
611591
611611
611651
611670
611740
611761
611792
611804
611842
611888
611985
612020
612052
612084
612177
612230
612293
612315
612343
612367
612374
612426
612450
612483
612520
612545
612556
612593
612612
612628
612637
612696
612752
612805
612846
612868
612890
612944
613017
613091
613093
613111
613207
613271
613283
613311
613334
613438
613440
613460
613516
613611
613644
613766
613768
613779
613787
613818
613831
613834
613836
613846
613881
613899
613942
613976
614113
614126
614168
614186
614211
614315
614350
614398
614407
614426
614452
614458
614482
614516
614554
614570
614583
614625
614637
614683
614792
614835
614855
614858
615056
615075
615084
615159
615175
615191
615247
615335
615361
615390
615401
615462
615580
615601
615614
615648
615682
615716
615735
615742
615751
615762
615800
615809
615843
615890
615903
615924
615946
616014
616050
616125
616162
616173
616194
616216
616281
616344
616419
616458
616534
616591
616628
616651
616654
616841
616885
616889
616938
616947
616960
616968
617054
617073
617077
617089
617131
617147
617153
617234
617253
617301
617322
617362
617406
617516
617546
617563
617606
617611
617679
617767
617791
617799
617859
617865
617882
617906
617948
617961
617969
618034
618148
618186
618211
618248
618286
618415
618418
618511
618566
618577
618683
618691
618752
619003
619032
619043
619091
619119
619129
619150
619221
619222
619283
619349
619432
619470
619563
619603
619733
619786
619821
619861
619925
620071
620087
620117
620121
620128
620194
620236
620350
620378
620380
620421
620427
620552
620611
620613
620637
620652
620668
620734
620743
620772
620826
620831
620858
620875
620900
620913
621021
621126
621146
621301
621305
621327
621386
621617
621645
621856
621865
621903
621918
621928
622033
622117
622134
622207
622252
622339
622389
622424
622455
622509
622552
622583
622593
622648
622680
622706
622717
622729
622749
622816
622824
622879
622932
622937
622952
622971
623011
623079
623101
623144
623167
623313
623324
623348
623412
623418
623476
623495
623580
623618
623681
623743
623758
623839
623882
623944
624036
624043
624076
624129
624147
624171
624345
624403
624445
624463
624467
624576
624589
624708
624736
624742
625085
625188
625245
625266
625331
625351
625515
625542
625565
625578
625661
625710
625771
625790
625828
625843
625871
625877
625920
625956
626039
626066
626071
626090
626097
626172
626192
626216
626231
626235
626490
626541
626551
626604
626704
626791
626876
626909
626923
626926
626998
627004
627030
627078
627099
627124
627163
627221
627271
627306
627315
627357
627364
627399
627413
627472
627501
627539
627578
627630
627637
627654
627703
627758
627759
627868
627910
627968
627986
628011
628054
628069
628087
628176
628206
628209
628243
628295
628332
628338
628347
628366
628423
628444
628535
628612
628621
628624
628685
628688
628700
628708
628717
628765
628817
628842
628899
628921
628944
628980
629001
629011
629033
629081
629091
629134
629151
629169
629190
629254
629286
629337
629478
629585
629635
629672
629682
629708
629729
629763
629835
629852
629856
629898
629914
629921
629928
629980
630025
630041
630044
630059
630113
630166
630211
630216
630233
630255
630372
630379
630449
630462
630513
630525
630550
630750
630786
630848
630877
630890
630893
630915
630933
631033
631070
631091
631113
631125
631159
631242
631259
631327
631352
631523
631649
631652
631697
631700
631745
631748
631791
631829
631834
631863
631883
631896
631945
632052
632066
632109
632314
632393
632446
632510
632526
632591
632604
632622
632630
632631
632686
632693
632697
632733
632735
632776
632835
632854
632919
632942
632952
633021
633069
633100
633130
633142
633242
633248
633270
633302
633364
633384
633427
633507
633585
633654
633703
633745
633871
633926
634103
634160
634184
634203
634333
634369
634473
634483
634511
634542
634599
634626
634643
634648
634735
634789
634800
634871
634893
634915
634964
635014
635019
635056
635112
635164
635171
635207
635219
635269
635307
635314
635355
635431
635486
635492
635541
635572
635667
635690
635796
635823
635842
635846
635859
635883
635951
636028
636031
636056
636085
636127
636255
636278
636339
636379
636477
636517
636524
636549
636605
636617
636628
636684
636699
636747
636790
636850
636872
636900
636904
636965
636971
637019
637056
637163
637213
637236
637257
637377
637387
637393
637479
637586
637607
637635
637640
637735
637804
637829
637898
637954
638064
638084
638249
638278
638289
638332
638342
638364
638433
638499
638533
638544
638572
638610
638632
638650
638669
638690
638752
638803
638828
638834
638866
638876
638938
638978
639034
639148
639156
639179
639197
639204
639255
639372
639405
639484
639628
639632
639680
639771
639869
639888
639914
640022
640028
640031
640045
640084
640091
640095
640103
640205
640232
640251
640358
640496
640529
640586
640610
640634
640658
640672
640709
640712
640808
640825
640828
640948
640989
640993
641004
641008
641073
641075
641089
641139
641203
641223
641229
641257
641294
641327
641404
641417
641421
641435
641437
641491
641520
641609
641693
641698
641727
641776
641908
641918
641988
642052
642087
642153
642180
642184
642275
642308
642348
642386
642437
642465
642491
642606
642716
642724
642730
642752
642782
642787
642812
642870
642911
642977
643139
643198
643201
643265
643322
643348
643361
643373
643504
643659
643667
643701
643755
643772
643788
643841
643896
643899
643939
644075
644093
644102
644137
644172
644220
644224
644307
644327
644347
644357
644492
644559
644568
644573
644609
644676
644784
644929
644988
645004
645010
645061
645063
645099
645202
645212
645284
645340
645347
645418
645441
645457
645464
645501
645511
645530
645547
645581
645610
645669
645718
645736
645874
645910
645961
645982
646035
646046
646115
646199
646269
646273
646378
646516
646646
646682
646726
646832
646844
647063
647082
647173
647296
647323
647333
647383
647384
647459
647490
647497
647504
647508
647523
647554
647601
647629
647654
647662
647681
647727
647736
647786
647867
647938
647940
647965
647982
648023
648062
648128
648168
648219
648262
648301
648377
648380
648388
648400
648487
648500
648735
648797
648831
648890
648941
648991
649004
649071
649079
649110
649141
649157
649164
649189
649200
649255
649267
649268
649322
649357
649470
649479
649505
649533
649568
649611
649716
649817
649821
649837
649859
649860
649888
649897
649971
649982
650036
650104
650262
650320
650323
650361
650417
650446
650466
650552
650597
650614
650643
650742
650766
650840
650851
650869
650872
650900
650958
650971
650975
651053
651058
651150
651168
651188
651231
651253
651269
651276
651330
651377
651421
651425
651468
651629
651674
651754
651762
651821
651838
651847
651872
651889
651907
651911
651941
652035
652059
652090
652192
652266
652309
652341
652409
652419
652447
652453
652471
652492
652530
652565
652609
652625
652684
652713
652756
652774
652809
652821
652927
652939
652973
652984
653134
653146
653222
653235
653278
653298
653303
653418
653479
653487
653550
653555
653569
653599
653604
653646
653700
653734
653748
653811
653818
653833
653849
653862
653908
654028
654044
654059
654075
654165
654179
654202
654230
654264
654275
654318
654366
654460
654600
654695
654708
654736
654793
654915
655022
655064
655107
655176
655205
655212
655281
655337
655399
655422
655442
655457
655556
655569
655623
655628
655640
655737
655749
655792
655913
655918
655998
656037
656058
656073
656101
656131
656163
656203
656224
656277
656288
656295
656337
656366
656378
656450
656494
656659
656684
656686
656695
656699
656775
656799
656861
656880
656960
656986
656999
657098
657108
657130
657189
657207
657212
657215
657304
657415
657435
657441
657452
657456
657470
657522
657623
657637
657711
657754
657776
657849
657859
657940
658000
658063
658083
658094
658125
658174
658183
658280
658300
658335
658353
658368
658391
658424
658432
658481
658484
658515
658639
658654
658657
658664
658668
658679
658709
658712
658733
658743
658838
658873
658878
659007
659028
659032
659048
659059
659084
659142
659290
659310
659356
659410
659552
659651
659782
659795
659814
659999
660020
660045
660048
660111
660209
660300
660309
660406
660413
660419
660423
660450
660503
660674
660690
660731
660872
660880
660917
660970
661018
661030
661081
661099
661128
661180
661198
661216
661261
661290
661336
661413
661431
661509
661540
661605
661648
661666
661696
661713
661723
661729
661785
661812
661817
661932
661949
661956
661958
661990
662044
662072
662076
662088
662113
662130
662156
662216
662259
662308
662311
662362
662450
662465
662499
662500
662513
662536
662572
662641
662646
662702
662739
662815
662840
662844
662943
662958
662990
663063
663108
663161
663170
663247
663435
663467
663488
663494
663502
663516
663529
663632
663652
663723
663729
663732
663733
663785
663787
663840
663953
664139
664161
664194
664211
664221
664385
664386
664422
664437
664444
664487
664488
664499
664521
664617
664660
664670
664680
664701
664738
664768
664776
664904
664918
664964
664993
665003
665082
665089
665150
665155
665188
665193
665204
665225
665242
665265
665355
665378
665382
665398
665436
665480
665484
665519
665558
665639
665660
665739
665782
665801
665839
665846
665912
665990
666070
666093
666123
666152
666185
666198
666279
666313
666319
666342
666356
666385
666544
666559
666781
666812
666839
666916
666945
666949
667028
667046
667177
667243
667266
667279
667469
667547
667558
667719
667751
667875
667880
667917
667996
668095
668135
668142
668168
668178
668192
668196
668237
668270
668271
668377
668384
668436
668459
668505
668527
668579
668644
668686
668739
668755
668758
668814
668828
668843
669015
669021
669029
669032
669055
669057
669070
669138
669188
669197
669219
669261
669287
669388
669402
669444
669630
669641
669652
669662
669665
669702
669736
669780
669794
669879
669969
670045
670074
670172
670229
670245
670253
670255
670300
670397
670406
670460
670479
670505
670510
670535
670560
670607
670638
670659
670725
670750
670760
670769
670813
670907
670933
670972
671051
671055
671114
671140
671149
671232
671264
671323
671334
671350
671510
671564
671594
671605
671662
671665
671689
671718
671729
671739
671809
671828
671870
671910
671918
671938
671972
672013
672035
672050
672075
672095
672133
672139
672190
672229
672264
672376
672395
672439
672453
672457
672466
672502
672528
672545
672567
672615
672640
672733
672768
672777
672787
672837
672855
672896
672958
672967
673104
673109
673124
673185
673222
673243
673263
673277
673295
673300
673309
673445
673462
673489
673496
673507
673511
673547
673580
673630
673660
673669
673759
673772
673796
673841
673895
673913
674002
674004
674012
674016
674049
674095
674101
674139
674178
674194
674270
674283
674345
674390
674446
674516
674558
674587
674634
674715
674741
674791
674822
674855
675006
675049
675054
675076
675153
675202
675242
675294
675304
675334
675348
675373
675376
675464
675495
675529
675588
675606
675654
675663
675682
675695
675713
675777
675851
675859
675883
675920
676046
676089
676127
676141
676172
676176
676286
676324
676337
676386
676437
676439
676482
676502
676586
676797
676817
676846
676868
676884
676890
676901
676986
677005
677025
677198
677239
677323
677347
677400
677423
677433
677445
677465
677481
677495
677510
677522
677532
677586
677684
677751
677763
677785
677805
677893
677909
677932
677991
677995
677999
678003
678007
678076
678106
678116
678294
678341
678349
678393
678420
678466
678468
678530
678538
678564
678568
678579
678614
678682
678791
678906
678960
678983
679011
679031
679068
679115
679153
679160
679178
679198
679222
679241
679298
679337
679483
679550
679654
679662
679680
679768
679849
679973
679994
680002
680064
680157
680164
680216
680239
680264
680279
680300
680302
680399
680426
680447
680551
680622
680628
680676
680679
680719
680755
680781
680798
680807
680850
680867
680902
680928
680934
680951
681021
681067
681091
681162
681181
681195
681220
681390
681407
681427
681468
681475
681542
681549
681551
681754
681771
681841
681858
681898
681955
681961
682031
682087
682102
682121
682204
682280
682356
682383
682400
682416
682449
682458
682474
682477
682492
682511
682531
682607
682625
682644
682646
682654
682677
682690
682707
682904
682995
683031
683046
683061
683109
683114
683144
683148
683178
683242
683272
683308
683311
683347
683376
683435
683446
683451
683463
683496
683498
683508
683518
683542
683635
683640
683724
683726
683733
683743
683814
683890
683905
683927
683935
683942
683966
684006
684054
684056
684156
684197
684246
684351
684383
684449
684466
684474
684559
684566
684657
684701
684718
684744
684793
684800
684860
684885
684907
684945
685016
685024
685029
685055
685062
685071
685077
685132
685208
685266
685291
685303
685334
685386
685545
685707
685753
685758
685762
685805
685806
685813
685854
685859
685879
685891
686046
686104
686151
686153
686170
686277
686317
686358
686373
686521
686532
686592
686615
686645
686652
686660
686682
686727
686738
686787
686824
686864
686934
686991
687132
687152
687174
687233
687252
687407
687459
687469
687483
687560
687655
687692
687715
687721
687741
687851
687862
687944
687946
687959
688033
688049
688087
688104
688114
688166
688176
688266
688269
688306
688486
688571
688685
688803
688853
688865
688913
688917
688952
688953
688974
689046
689076
689108
689129
689188
689213
689228
689260
689267
689327
689443
689459
689513
689603
689622
689641
689700
689715
689729
689777
689808
689867
689918
689924
689950
689986
690030
690039
690046
690065
690091
690121
690143
690151
690192
690203
690349
690371
690395
690398
690403
690422
690443
690461
690470
690495
690510
690551
690564
690635
690670
690680
690768
691014
691045
691086
691136
691165
691184
691190
691196
691237
691308
691404
691440
691495
691595
691627
691644
691684
691779
691801
691827
691832
691838
691859
691884
691900
691925
691927
691989
691995
692046
692114
692221
692227
692241
692253
692264
692268
692291
692377
692433
692452
692511
692531
692567
692623
692821
692957
693028
693127
693200
693232
693311
693362
693402
693410
693589
693600
693631
693745
693749
693758
693768
693893
693913
693953
694039
694050
694065
694155
694200
694240
694309
694322
694386
694423
694448
694508
694542
694544
694611
694623
694679
694739
694752
694793
694816
694823
694841
694870
694931
694932
694937
694941
694951
694953
695026
695068
695115
695219
695240
695313
695336
695384
695447
695483
695530
695532
695539
695564
695568
695573
695629
695651
695672
695756
695770
695830
695931
696054
696104
696133
696141
696170
696177
696183
696278
696293
696332
696374
696395
696479
696492
696525
696573
696596
696764
696844
696889
696915
696973
697087
697127
697139
697152
697169
697173
697198
697232
697258
697290
697311
697378
697390
697410
697453
697499
697504
697602
697666
697671
697715
697773
697808
697827
697911
697922
697958
697963
697984
698066
698078
698099
698102
698180
698215
698225
698239
698307
698340
698411
698602
698656
698665
698767
698794
698806
698817
698902
698941
698966
698986
699031
699053
699087
699290
699372
699519
699527
699530
699536
699675
699684
699687
699723
699826
699866
699879
699975
699978
700009
700086
700112
700145
700156
700171
700207
700231
700245
700280
700311
700343
700361
700399
700418
700434
700443
700457
700469
700513
700530
700630
700661
700693
700911
701032
701066
701183
701225
701261
701319
701339
701388
701425
701472
701476
701496
701509
701516
701574
701579
701636
701691
701794
701813
701905
701907
701959
702002
702153
702160
702192
702196
702197
702210
702214
702221
702249
702307
702332
702359
702391
702415
702432
702441
702519
702537
702547
702609
702641
702725
702778
702783
702798
702806
702903
702921
702943
703051
703118
703150
703166
703200
703251
703265
703271
703301
703309
703311
703342
703378
703433
703441
703455
703557
703565
703572
703588
703673
703716
703719
703748
703768
703841
703944
703957
703990
704035
704111
704113
704141
704248
704251
704321
704342
704345
704360
704416
704419
704433
704441
704461
704470
704475
704523
704666
704670
704676
704700
704726
704903
704914
704981
705024
705110
705152
705317
705322
705412
705422
705453
705464
705487
705526
705586
705615
705623
705642
705663
705782
705798
705855
705889
706035
706044
706144
706194
706206
706213
706236
706261
706378
706449
706597
706655
706670
706679
706757
706769
706867
706882
706895
706950
706960
707007
707128
707157
707185
707301
707339
707369
707390
707528
707561
707595
707604
707616
707675
707702
707772
707803
707878
707883
707993
708008
708058
708156
708159
708174
708318
708364
708403
708451
708504
708513
708645
708669
708680
708710
708744
708801
708809
708833
708907
708946
708980
709015
709028
709078
709097
709120
709183
709220
709253
709256
709378
709388
709399
709509
709556
709620
709672
709681
709707
709772
709809
709815
709852
709893
709993
710030
710064
710101
710152
710155
710271
710322
710366
710406
710424
710451
710470
710485
710488
710492
710506
710726
710741
710770
710833
710929
711034
711062
711109
711132
711212
711276
711446
711461
711470
711502
711516
711530
711566
711640
711665
711712
711720
711728
711756
711922
711973
711986
712001
712018
712064
712146
712155
712233
712263
712307
712385
712395
712416
712484
712582
712594
712675
712691
712707
712853
712870
712967
712977
713004
713011
713018
713104
713114
713128
713273
713304
713382
713386
713424
713471
713484
713497
713542
713548
713551
713566
713578
713590
713603
713606
713657
713661
713700
713743
713859
713866
713871
713909
713922
713954
714042
714050
714070
714092
714111
714166
714188
714203
714216
714253
714300
714459
714487
714524
714546
714565
714679
714753
714828
714875
714903
714915
715011
715061
715095
715123
715140
715172
715204
715275
715298
715315
715352
715426
715449
715698
715741
715866
715876
715879
715900
715975
716000
716016
716125
716135
716156
716168
716230
716278
716283
716317
716334
716354
716364
716369
716386
716411
716417
716479
716484
716496
716513
716516
716520
716525
716561
716639
716641
716679
716685
716778
716797
716901
717025
717033
717062
717193
717243
717249
717416
717515
717576
717619
717627
717634
717645
717658
717683
717696
717710
717718
717735
717741
717753
717780
717801
717817
717833
717878
717902
717913
717996
718093
718179
718191
718258
718325
718426
718431
718480
718560
718591
718612
718615
718763
718792
718803
718807
718840
718873
719107
719116
719129
719214
719218
719256
719265
719311
719318
719424
719430
719480
719525
719531
719538
719562
719566
719598
719603
719605
719630
719689
719743
719753
719818
719892
719903
719935
719947
719950
720034
720108
720354
720371
720442
720605
720646
720687
720721
720763
720826
720840
720858
720891
720966
721047
721065
721159
721160
721173
721220
721227
721286
721296
721304
721443
721447
721454
721514
721634
721689
721694
721708
721717
721809
721821
721845
721859
721879
721937
721942
722014
722036
722044
722052
722079
722084
722172
722239
722396
722469
722481
722489
722502
722522
722568
722594
722633
722638
722643
722647
722656
722686
722694
722834
722839
722848
722871
722935
722942
722956
722971
722983
723126
723154
723163
723213
723244
723291
723330
723336
723339
723378
723385
723591
723641
723677
723687
723748
723831
723909
723979
723997
724002
724045
724095
724105
724107
724111
724118
724172
724177
724203
724335
724391
724445
724535
724540
724602
724646
724692
724741
724765
724801
724814
724875
725052
725055
725091
725151
725183
725460
725477
725494
725528
725556
725646
725725
725733
725757
725766
725819
725860
725895
725933
725952
725961
726095
726109
726129
726190
726224
726250
726253
726297
726309
726358
726555
726596
726623
726628
726645
726675
726680
726692
726701
726716
726772
726782
726879
726942
726976
727166
727209
727224
727256
727274
727304
727309
727322
727336
727339
727484
727547
727568
727655
727692
727698
727724
727749
727775
727822
727838
727903
727963
728061
728127
728134
728165
728183
728188
728191
728256
728262
728294
728313
728366
728369
728393
728398
728445
728454
728458
728467
728475
728488
728502
728522
728525
728642
728672
728683
728705
728740
728742
728790
728871
728893
728954
728963
728977
729045
729143
729154
729248
729272
729298
729314
729383
729459
729488
729536
729576
729616
729657
729699
729757
729789
729859
729911
729942
729969
729973
730007
730014
730040
730046
730082
730142
730193
730229
730316
730325
730357
730372
730413
730441
730480
730498
730509
730544
730602
730606
730649
730694
730760
730846
730874
730897
731035
731074
731110
731128
731162
731169
731192
731206
731312
731326
731422
731440
731472
731490
731497
731529
731544
731605
731656
731767
731831
731909
731916
731937
731960
731978
732062
732063
732077
732093
732124
732156
732179
732195
732196
732199
732230
732261
732305
732391
732439
732461
732470
732485
732514
732567
732653
732706
732744
732796
732828
732840
732845
732850
732883
732888
732921
732945
732956
732998
733091
733108
733126
733139
733159
733169
733206
733207
733226
733269
733275
733315
733330
733381
733401
733468
733473
733485
733515
733587
733602
733628
733651
733661
733712
733720
733748
733768
733795
733860
733865
733871
733875
733905
733966
734012
734050
734105
734131
734166
734172
734185
734262
734304
734389
734428
734497
734514
734539
734565
734602
734652
734685
734702
734801
734822
734844
734969
735096
735108
735198
735235
735265
735279
735292
735309
735322
735393
735396
735406
735423
735437
735440
735442
735452
735469
735471
735492
735514
735621
735629
735647
735686
735762
735958
735966
735979
736038
736079
736083
736133
736144
736309
736320
736372
736476
736498
736542
736578
736602
736631
736720
736764
736815
736817
736823
736868
736884
736907
736934
736936
736941
737018
737126
737143
737287
737296
737312
737347
737377
737437
737568
737616
737673
737832
737847
737860
737870
737933
737939
737943
737945
737991
738020
738044
738223
738257
738281
738283
738295
738349
738400
738451
738465
738498
738531
738536
738540
738555
738557
738730
738825
738899
738947
739007
739231
739356
739404
739443
739485
739514
739536
739541
739569
739571
739640
739656
739671
739697
739698
739763
739848
739888
739899
740023
740038
740086
740101
740211
740213
740268
740373
740428
740508
740516
740530
740586
740652
740690
740753
740766
740785
740793
740857
740899
740909
740934
740943
741014
741116
741126
741132
741161
741231
741304
741355
741377
741393
741414
741617
741732
741753
741784
741873
741890
741898
742067
742129
742198
742241
742338
742361
742368
742488
742609
742652
742677
742696
742740
742756
742780
742791
742798
742817
742819
742894
743006
743162
743171
743178
743245
743293
743425
743495
743513
743577
743720
743765
743861
743886
743948
744042
744086
744150
744177
744355
744432
744505
744515
744546
744555
744566
744572
744584
744637
744647
744677
744707
744752
744811
744832
744872
744908
744927
744995
745040
745092
745134
745162
745236
745266
745285
745309
745333
745371
745397
745399
745488
745616
745748
745806
745834
745854
745915
745926
745963
746103
746232
746239
746257
746290
746292
746343
746405
746495
746620
746695
746710
746802
746846
746877
746885
746933
746944
746994
747101
747110
747117
747119
747144
747204
747208
747237
747245
747356
747444
747519
747531
747554
747595
747611
747613
747630
747663
747738
747773
747786
747793
747836
747933
747954
747960
748038
748102
748131
748174
748188
748205
748232
748298
748372
748394
748404
748409
748553
748577
748600
748661
748763
748914
748941
748966
748992
749027
749099
749104
749154
749168
749169
749199
749205
749219
749229
749294
749311
749341
749411
749464
749477
749483
749491
749598
749621
749721
749735
749741
749748
749771
749785
749832
749868
750048
750068
750087
750120
750262
750265
750273
750305
750445
750496
750579
750617
750644
750736
750744
750916
750921
750989
751080
751147
751227
751239
751373
751379
751401
751410
751411
751474
751552
751600
751629
751642
751653
751694
751765
751767
751804
751879
751934
751962
751970
751972
751979
752039
752147
752161
752284
752296
752461
752473
752556
752600
752611
752614
752643
752761
752803
752817
752828
752872
752952
753078
753082
753090
753110
753120
753182
753222
753232
753234
753289
753306
753329
753345
753352
753357
753375
753411
753450
753461
753532
753534
753616
753653
753685
753711
753718
753731
753748
753775
753804
753862
753979
754034
754039
754062
754093
754120
754158
754168
754206
754249
754292
754401
754417
754428
754436
754453
754472
754533
754535
754599
754675
754685
754922
755025
755113
755147
755181
755251
755257
755265
755299
755430
755531
755559
755620
755647
755670
755684
755812
755819
755833
755876
755887
756055
756059
756117
756121
756138
756167
756245
756312
756503
756508
756512
756536
756549
756561
756571
756615
756723
756758
756793
756818
756832
756907
757005
757070
757085
757088
757142
757220
757241
757299
757307
757312
757381
757411
757472
757494
757571
757582
757600
757602
757604
757776
757779
757835
757907
757935
758055
758072
758114
758143
758154
758160
758177
758207
758222
758265
758305
758311
758363
758378
758389
758497
758538
758550
758557
758569
758573
758667
758864
758892
758924
758959
758968
759011
759044
759069
759095
759109
759119
759172
759174
759233
759270
759344
759351
759395
759401
759412
759566
759594
759700
759732
759780
759823
759875
759880
759887
759925
759984
759989
759990
760096
760153
760223
760235
760245
760274
760420
760460
760508
760525
760582
760595
760684
760701
760731
760751
760764
760769
760823
760923
761022
761076
761087
761102
761155
761166
761211
761349
761373
761398
761415
761418
761477
761490
761493
761556
761567
761584
761613
761678
761740
761804
761845
761881
761927
761931
761990
762017
762035
762069
762110
762140
762204
762250
762265
762352
762377
762381
762390
762400
762418
762515
762612
762628
762805
762806
762966
763012
763064
763101
763147
763213
763268
763273
763284
763318
763334
763356
763390
763410
763429
763458
763547
763598
763817
763853
763911
763955
763974
764033
764050
764066
764092
764133
764217
764247
764254
764303
764329
764350
764376
764430
764449
764495
764500
764513
764595
764609
764613
764639
764655
764676
764758
764801
764817
764828
764855
764865
764905
764919
764950
764964
765042
765054
765061
765084
765245
765264
765274
765280
765336
765340
765418
765445
765449
765487
765520
765525
765580
765622
765647
765650
765706
765757
765759
765789
765804
765810
765849
765896
765906
765937
765958
765965
766040
766068
766087
766112
766137
766140
766197
766221
766230
766330
766342
766457
766467
766517
766553
766562
766575
766613
766636
766720
767016
767040
767056
767064
767120
767132
767142
767206
767214
767218
767285
767299
767333
767345
767426
767429
767434
767447
767525
767662
767668
767749
767780
767807
767835
767849
767917
767964
767998
768057
768111
768179
768235
768257
768262
768302
768338
768414
768476
768480
768496
768507
768626
768660
768675
768680
768687
768694
768704
768743
768767
768819
768855
768874
768879
768918
768944
768973
769016
769162
769310
769397
769454
769463
769531
769555
769563
769583
769723
769768
769771
769783
769801
769873
769888
769893
770015
770020
770028
770037
770066
770126
770157
770182
770224
770454
770532
770586
770592
770600
770638
770651
770743
770764
770779
770797
770812
770821
770858
770921
770955
770988
771072
771085
771131
771139
771143
771205
771287
771305
771326
771443
771476
771502
771516
771547
771563
771597
771616
771733
771789
771815
771861
771874
771976
771987
772054
772070
772122
772146
772232
772256
772278
772327
772348
772440
772492
772551
772559
772567
772610
772650
772765
772774
772779
772784
772795
772804
772832
772990
772996
773141
773151
773152
773196
773240
773258
773272
773320
773427
773428
773437
773459
773483
773545
773581
773629
773655
773740
773777
773781
774074
774127
774146
774153
774181
774236
774248
774277
774286
774299
774330
774337
774386
774453
774545
774597
774605
774700
774735
774862
774931
774952
774956
774989
775002
775007
775033
775103
775136
775161
775174
775359
775370
775388
775485
775511
775528
775559
775589
775638
775648
775682
775722
775772
775776
775806
775837
775986
776029
776090
776103
776137
776148
776416
776459
776636
776654
776714
776795
776801
776907
776941
776966
776969
777015
777041
777065
777099
777128
777140
777179
777194
777209
777218
777238
777263
777331
777364
777400
777409
777547
777550
777562
777581
777627
777659
777732
777802
777806
777826
777845
777884
777911
777929
777937
777947
778111
778132
778135
778189
778200
778211
778307
778369
778421
778444
778475
778501
778573
778580
778582
778705
778725
778769
778774
778842
778852
778859
778891
778905
778911
778935
779029
779060
779149
779177
779203
779217
779248
779264
779299
779314
779315
779324
779387
779393
779396
779443
779457
779490
779503
779538
779644
779664
779671
779727
779740
779869
779880
779966
779978
780014
780083
780126
780233
780250
780327
780357
780380
780415
780422
780460
780486
780642
780653
780719
780778
780791
780826
780833
780857
780895
780926
780930
781028
781049
781075
781163
781183
781203
781273
781317
781446
781527
781529
781549
781567
781570
781618
781760
781817
781865
781881
781994
782010
782026
782030
782034
782181
782253
782394
782408
782435
782517
782615
782634
782665
782764
782773
782785
782798
782805
782905
782930
783234
783272
783279
783366
783423
783455
783492
783521
783546
783552
783567
783573
783606
783661
783751
783770
783842
783883
783923
783931
784008
784015
784035
784056
784134
784150
784196
784237
784244
784277
784281
784293
784319
784388
784467
784519
784531
784553
784609
784645
784786
784787
784793
784853
784862
784919
785041
785120
785155
785243
785249
785325
785345
785391
785398
785436
785456
785495
785515
785535
785608
785641
785667
785716
785811
785818
785845
785873
785903
785924
785959
785972
785973
786032
786065
786081
786085
786089
786103
786105
786157
786249
786272
786315
786332
786404
786455
786472
786499
786539
786608
786624
786637
786715
786745
786824
786849
786891
786900
786905
786947
786988
787064
787066
787208
787336
787378
787395
787440
787450
787533
787597
787626
787660
787710
787772
787805
787827
787855
787936
787940
788005
788063
788068
788088
788177
788212
788266
788280
788309
788402
788441
788455
788481
788482
788494
788569
788619
788704
788743
788864
788883
788919
788959
788993
788997
789040
789077
789092
789098
789108
789229
789245
789292
789338
789364
789446
789490
789547
789559
789569
789622
789804
790077
790118
790145
790166
790178
790384
790462
790470
790475
790483
790495
790527
790657
790682
790716
790730
790732
790820
790899
790957
791038
791118
791144
791167
791195
791215
791236
791292
791297
791318
791362
791460
791473
791481
791496
791592
791605
791633
791649
791682
791686
791691
791719
791746
791898
792023
792043
792152
792168
792223
792288
792289
792299
792364
792373
792405
792419
792437
792448
792482
792497
792633
792752
792776
792782
792795
792823
792885
792898
792923
792925
792938
792965
793003
793138
793145
793158
793167
793180
793257
793260
793297
793298
793358
793362
793366
793369
793382
793388
793396
793483
793486
793492
793496
793521
793642
793648
793655
793703
793734
793966
794052
794095
794122
794224
794288
794386
794458
794478
794495
794500
794579
794618
794668
794737
794738
794775
794799
794827
794923
794959
795013
795095
795125
795129
795148
795221
795231
795274
795396
795413
795487
795520
795541
795549
795592
795598
795625
795633
795712
795746
795788
795800
795836
795843
795944
795957
796039
796077
796115
796175
796185
796198
796230
796274
796304
796319
796329
796355
796369
796374
796455
796476
796527
796532
796615
796622
796718
796727
796732
796747
796753
796769
796894
796956
796972
796994
797008
797028
797049
797055
797076
797085
797095
797184
797214
797251
797253
797305
797311
797338
797386
797454
797467
797506
797551
797593
797616
797687
797697
797701
797742
797778
797843
797922
797925
797963
798004
798034
798100
798132
798162
798218
798279
798324
798528
798535
798615
798651
798737
798754
798765
798777
798800
798810
798830
798833
798844
798887
798930
798949
798995
799017
799041
799104
799128
799245
799247
799342
799384
799440
799488
799558
799597
799606
799633
799667
799758
799796
799801
799818
799872
799884
799916
799934
800011
800044
800104
800146
800201
800295
800316
800350
800375
800523
800595
800680
800683
800717
800731
800789
800795
800832
800851
800893
800902
800915
800948
800963
800986
801004
801017
801059
801067
801087
801180
801186
801381
801495
801501
801527
801541
801561
801576
801601
801643
801657
801718
801733
801810
801846
801862
801941
801954
801978
802211
802213
802282
802369
802382
802429
802485
802493
802501
802532
802567
802586
802605
802613
802656
802804
802844
802868
802901
802987
802994
803009
803103
803160
803163
803184
803192
803203
803216
803261
803275
803322
803323
803361
803385
803402
803461
803478
803495
803511
803640
803648
803738
803755
803766
803812
803828
803902
803954
803961
803980
804015
804103
804169
804175
804196
804247
804273
804325
804352
804422
804510
804528
804553
804567
804623
804678
804838
804865
804899
804919
805012
805066
805102
805108
805179
805189
805233
805345
805375
805402
805441
805446
805545
805603
805621
805636
805904
805905
805929
805939
805958
805974
806019
806035
806072
806133
806169
806206
806267
806313
806348
806477
806495
806534
806573
806579
806582
806584
806597
806603
806619
806636
806663
806740
806775
806795
806811
806814
806911
806928
806947
806972
806977
807011
807045
807079
807234
807332
807385
807416
807484
807506
807516
807561
807597
807673
807674
807697
807704
807768
807776
807879
807894
807897
807979
807990
808053
808072
808087
808092
808139
808159
808169
808222
808237
808241
808243
808353
808404
808481
808521
808576
808580
808627
808638
808661
808663
808669
808827
808866
808886
808919
809121
809156
809161
809188
809256
809264
809281
809310
809333
809486
809661
809684
809706
809800
809801
809842
809849
809852
809873
809886
809912
809958
809995
810010
810015
810097
810103
810130
810142
810160
810171
810193
810204
810231
810233
810239
810321
810367
810390
810426
810431
810511
810551
810700
810704
810789
810790
810824
811022
811070
811131
811134
811272
811318
811346
811370
811392
811487
811493
811538
811556
811658
811691
811753
811865
811875
811891
811949
811991
812014
812029
812072
812207
812236
812241
812318
812337
812363
812423
812454
812587
812618
812655
812680
812713
812742
812847
812852
812880
812962
812965
812983
813019
813038
813082
813112
813124
813141
813181
813208
813238
813284
813292
813297
813363
813398
813408
813437
813497
813549
813595
813604
813737
813762
813850
813879
813896
813930
813952
813955
813975
813995
814024
814055
814058
814104
814107
814127
814143
814179
814183
814192
814199
814207
814243
814302
814351
814383
814388
814392
814458
814513
814529
814534
814548
814571
814602
814603
814608
814615
814637
814694
814712
814720
814737
814751
814796
814816
814855
814863
814994
815055
815104
815191
815200
815266
815274
815308
815337
815378
815402
815424
815441
815449
815475
815479
815502
815503
815629
815771
815778
815860
815869
815899
815905
815926
815949
815995
816044
816087
816129
816194
816233
816324
816351
816353
816371
816374
816401
816432
816535
816650
816653
816656
816662
816674
816688
816777
816791
816808
816867
816869
816921
816926
817013
817063
817088
817093
817161
817171
817186
817221
817224
817247
817251
817392
817400
817450
817501
817515
817517
817524
817611
817629
817632
817658
817728
817790
817808
817846
817851
817907
818048
818064
818124
818130
818215
818307
818345
818353
818396
818431
818458
818465
818504
818508
818571
818590
818594
818609
818657
818696
818786
818813
818824
818847
818989
819020
819127
819163
819248
819360
819370
819402
819494
819522
819588
819635
819717
819732
819739
819755
819809
819835
819850
819886
819906
819918
819953
819983
820025
820033
820045
820074
820116
820121
820212
820285
820334
820336
820349
820445
820507
820511
820599
820647
820658
820731
820742
820744
820838
820863
820867
820905
820921
820952
820953
820966
820971
821026
821034
821062
821135
821147
821161
821167
821183
821196
821264
821312
821388
821406
821407
821415
821554
821610
821646
821693
821702
821772
821795
821831
821907
822103
822125
822143
822145
822172
822174
822258
822305
822327
822343
822392
822433
822557
822567
822580
822707
822731
822803
822817
822829
822840
822887
822889
822917
822928
822965
822991
823038
823045
823088
823095
823146
823329
823350
823360
823370
823428
823520
823598
823609
823772
823794
823876
823880
823921
823932
823998
824093
824119
824153
824243
824274
824297
824313
824339
824364
824389
824394
824429
824434
824506
824517
824584
824594
824624
824626
824639
824647
824655
824680
824745
824795
824800
824820
824862
824873
824906
824931
824952
824978
824986
825004
825058
825066
825084
825108
825130
825145
825150
825181
825194
825199
825313
825317
825449
825462
825475
825499
825614
825669
825677
825760
825826
825853
825863
825871
825876
825878
825885
825927
825956
826031
826036
826061
826084
826193
826223
826247
826249
826284
826288
826443
826452
826454
826484
826777
826804
826831
826861
826876
826890
826893
826925
827015
827034
827071
827083
827204
827234
827276
827333
827410
827464
827514
827553
827565
827616
827649
827668
827716
827734
827799
827812
827830
828029
828057
828153
828274
828295
828334
828337
828482
828489
828544
828556
828578
828582
828649
828672
828675
828706
828774
828790
828812
828843
828849
828874
828885
828925
828940
828954
828958
828993
829004
829031
829070
829131
829202
829230
829258
829262
829288
829429
829509
829525
829566
829602
829625
829673
829690
829770
829772
829804
829812
829818
829847
829870
829904
829918
829940
829944
829953
829991
830008
830032
830057
830102
830130
830163
830245
830249
830256
830395
830405
830466
830551
830556
830558
830574
830714
830718
830725
830766
830802
830819
830830
830877
830897
830966
831121
831125
831159
831163
831249
831257
831267
831357
831369
831400
831403
831407
831414
831462
831560
831603
831628
831636
831663
831694
831770
831783
831801
831825
831835
831839
831874
831893
831911
831965
832055
832170
832185
832226
832239
832241
832250
832291
832307
832333
832372
832405
832453
832512
832532
832562
832606
832621
832652
832674
832719
832723
832769
832789
832840
832887
832956
833063
833069
833073
833125
833158
833184
833240
833319
833381
833386
833394
833422
833433
833450
833484
833514
833540
833544
833565
833591
833600
833610
833616
833617
833756
833765
833788
833814
833856
833934
834022
834048
834081
834102
834153
834328
834485
834579
834582
834673
834690
834700
834728
834734
834751
834768
834775
834787
834803
834843
834866
834907
834918
834925
834989
834994
835002
835091
835131
835196
835409
835426
835562
835623
835670
835729
835768
835783
835830
835836
835855
835867
835883
835913
835917
835924
835933
835941
836010
836023
836040
836059
836070
836086
836108
836132
836202
836204
836231
836259
836261
836269
836288
836293
836300
836303
836346
836363
836514
836535
836604
836627
836662
836709
836760
836765
836813
836852
836855
836878
836882
836916
836978
836995
837004
837037
837050
837056
837088
837203
837227
837230
837263
837273
837371
837373
837383
837446
837501
837507
837553
837571
837793
837833
837847
837877
837892
837896
837902
837964
838039
838063
838090
838175
838294
838321
838348
838363
838377
838389
838422
838493
838544
838570
838575
838582
838665
838687
838702
838758
838761
838783
838818
838831
838881
838911
838953
838968
838983
838985
839023
839102
839175
839222
839307
839343
839445
839484
839492
839506
839511
839552
839609
839628
839645
839661
839669
839694
839776
839790
839841
839861
839874
839894
839992
840010
840057
840094
840110
840180
840188
840210
840246
840346
840393
840399
840422
840448
840503
840552
840630
840717
840721
840779
840848
840879
840959
840984
841056
841088
841163
841212
841218
841231
841283
841325
841346
841361
841375
841395
841402
841404
841432
841733
841758
841788
841832
841872
841925
841937
841942
841962
842027
842033
842073
842121
842125
842187
842207
842218
842251
842259
842265
842324
842452
842494
842511
842515
842546
842597
842670
842678
842699
842737
842748
842776
842798
842861
842904
842970
842979
842986
843003
843036
843123
843134
843140
843173
843215
843265
843283
843284
843291
843298
843355
843413
843434
843516
843544
843558
843577
843607
843621
843680
843711
843733
843840
843849
843924
843930
843960
843996
844034
844065
844107
844153
844231
844355
844380
844438
844462
844472
844490
844530
844594
844605
844620
844647
844672
844690
844696
844719
844724
844733
844774
844823
844829
844854
844881
844890
844939
844965
845062
845183
845328
845463
845571
845593
845736
845740
845801
845819
845856
845895
845960
845967
846052
846067
846088
846162
846168
846189
846213
846283
846305
846334
846349
846356
846385
846401
846409
846428
846525
846538
846549
846578
846588
846623
846656
846663
846700
846707
846715
846726
846827
846932
846963
846994
846999
847020
847025
847049
847190
847331
847375
847381
847401
847407
847421
847471
847484
847501
847671
847697
847705
847734
847770
847832
847887
847935
847947
848006
848021
848034
848166
848201
848207
848241
848251
848267
848290
848304
848308
848365
848388
848448
848609
848659
848667
848700
848722
848728
848730
848857
848870
848910
848923
848928
849014
849041
849124
849146
849229
849267
849274
849340
849345
849406
849451
849453
849466
849628
849688
849736
849769
849839
849907
849965
849971
850037
850052
850106
850182
850184
850227
850232
850239
850243
850273
850405
850418
850446
850586
850636
850690
850750
850779
850810
850826
850866
850892
850895
850977
851006
851029
851031
851050
851077
851208
851248
851253
851373
851404
851424
851431
851448
851506
851516
851519
851648
851655
851671
851700
851705
851706
851765
851845
851865
851881
851902
852043
852055
852102
852129
852165
852241
852262
852267
852348
852383
852422
852508
852541
852554
852625
852704
852728
852741
852846
852875
852888
853007
853052
853081
853158
853253
853258
853324
853378
853399
853420
853438
853456
853482
853527
853554
853570
853650
853713
853741
853889
853948
853963
854040
854086
854184
854216
854222
854230
854255
854286
854382
854386
854405
854451
854609
854611
854641
854687
854715
854749
854796
854860
854916
855007
855014
855066
855089
855183
855214
855218
855269
855286
855315
855337
855348
855352
855359
855438
855469
855495
855580
855611
855649
855700
855740
855755
855804
855808
855882
855939
855942
856106
856123
856139
856172
856204
856241
856247
856274
856329
856374
856386
856394
856432
856447
856457
856468
856511
856592
856600
856656
856667
856685
856757
856810
856893
856897
856943
856987
857079
857193
857249
857263
857265
857292
857421
857519
857523
857531
857539
857575
857633
857689
857748
857812
857815
857944
858016
858091
858096
858108
858129
858202
858230
858234
858261
858267
858434
858489
858510
858587
858596
858601
858613
858622
858638
858643
858657
858662
858709
858762
858826
858837
858874
858895
858927
858950
858966
858981
858989
859008
859028
859147
859154
859207
859239
859273
859307
859374
859464
859676
859701
859712
859713
859731
859749
859751
859817
859841
859925
859938
859971
860017
860027
860055
860089
860101
860176
860184
860189
860196
860251
860265
860296
860310
860337
860399
860424
860440
860486
860490
860497
860530
860533
860540
860617
860707
860734
860778
860799
860804
860810
860856
860860
860888
860905
860914
860952
860956
861010
861021
861069
861099
861177
861241
861285
861384
861394
861404
861474
861507
861576
861587
861621
861768
861795
861797
861900
862004
862012
862017
862109
862147
862189
862226
862239
862261
862321
862349
862459
862470
862506
862520
862535
862539
862562
862577
862592
862683
862725
862742
862752
862831
862926
863009
863051
863056
863063
863065
863126
863141
863148
863161
863238
863261
863273
863341
863354
863367
863372
863420
863445
863481
863492
863506
863516
863554
863579
863609
863661
863676
863697
863727
863742
863783
863839
863864
863996
864007
864009
864018
864060
864068
864106
864115
864146
864165
864355
864369
864381
864388
864407
864421
864469
864472
864557
864586
864613
864656
864707
864821
864830
864851
864875
864883
864903
864908
864935
864961
865005
865030
865097
865161
865209
865216
865299
865368
865388
865443
865499
865589
865633
865664
865712
865765
865777
865778
865786
866006
866124
866155
866200
866218
866332
866337
866434
866440
866456
866567
866570
866625
866740
866749
866773
866778
866797
866814
866970
867073
867087
867156
867173
867202
867280
867299
867357
867408
867437
867449
867467
867485
867513
867571
867606
867642
867649
867655
867669
867803
867806
867845
867866
867905
867930
867947
867954
867964
867970
868029
868085
868101
868108
868118
868120
868126
868178
868328
868355
868447
868473
868477
868486
868594
868703
868753
868762
868773
868803
868862
868894
869105
869136
869211
869224
869228
869247
869342
869414
869472
869523
869536
869556
869580
869732
869762
869781
869832
869854
869881
870016
870043
870049
870060
870097
870114
870187
870225
870257
870260
870266
870313
870367
870418
870428
870490
870505
870528
870536
870584
870586
870597
870620
870628
870661
870851
871059
871108
871121
871175
871198
871202
871220
871255
871418
871445
871461
871558
871585
871629
871668
871672
871674
871760
871789
871819
871935
871967
872131
872154
872174
872193
872216
872218
872231
872241
872263
872313
872385
872405
872407
872459
872492
872542
872561
872593
872678
872787
872812
872826
872907
872962
873022
873093
873114
873181
873214
873268
873271
873281
873289
873337
873365
873372
873420
873460
873471
873542
873589
873599
873666
873701
873706
873729
873841
873874
873917
873956
873983
874018
874117
874121
874139
874176
874255
874278
874313
874346
874352
874368
874370
874425
874518
874528
874606
874618
874704
874705
874788
874794
874800
874810
874812
874842
875014
875019
875048
875055
875094
875105
875126
875171
875198
875200
875275
875323
875347
875357
875360
875400
875467
875489
875495
875509
875614
875698
875781
875817
875837
875941
875970
876056
876192
876221
876280
876342
876375
876471
876476
876491
876575
876585
876741
876812
876822
876824
876898
876902
876924
876978
877066
877092
877115
877183
877219
877271
877320
877360
877362
877378
877558
877648
877678
877710
877729
877734
877741
877742
877746
877778
877844
877886
877984
878077
878090
878133
878149
878224
878234
878260
878326
878352
878436
878514
878581
878590
878593
878597
878612
878631
878662
878707
878869
878946
878956
878985
879042
879049
879151
879214
879233
879286
879310
879338
879446
879484
879550
879552
879564
879570
879604
879615
879656
879665
879683
879708
879716
879729
879806
879811
879824
879830
879922
879932
879997
880023
880028
880060
880068
880122
880199
880240
880320
880420
880482
880519
880556
880653
880667
880697
880717
880872
880937
880986
880991
881078
881144
881180
881234
881299
881321
881369
881408
881506
881516
881563
881573
881604
881656
881666
881671
881690
881714
881743
881760
881938
881956
882012
882026
882044
882069
882088
882089
882103
882129
882249
882277
882280
882315
882474
882562
882610
882640
882650
882716
882749
882796
882814
882867
882989
883006
883047
883238
883246
883276
883309
883375
883422
883435
883515
883518
883608
883613
883618
883641
883685
883695
883747
883794
883860
884038
884072
884130
884168
884254
884277
884302
884305
884383
884395
884404
884431
884462
884520
884530
884635
884638
884690
884693
884727
884733
884777
884796
884803
884810
884840
884908
884932
884977
884981
885010
885036
885114
885121
885189
885224
885239
885292
885373
885379
885384
885387
885394
885416
885491
885548
885607
885619
885662
885737
885837
885852
885870
885916
885917
885928
886038
886049
886073
886095
886102
886190
886281
886285
886345
886418
886456
886477
886528
886580
886712
886770
886796
886858
886871
886885
886922
886979
886996
887011
887098
887158
887162
887221
887282
887292
887331
887427
887613
887715
887771
887778
887844
887867
887912
887914
888020
888053
888104
888123
888202
888206
888286
888289
888372
888377
888392
888480
888536
888614
888654
888830
888842
889000
889032
889066
889090
889098
889151
889202
889208
889235
889312
889317
889350
889359
889401
889418
889433
889443
889496
889520
889557
889646
889657
889683
889712
889905
890003
890008
890084
890119
890120
890132
890240
890344
890355
890429
890479
890501
890510
890699
890799
890804
890868
890903
890993
891001
891043
891067
891090
891140
891144
891200
891205
891209
891265
891320
891350
891355
891446
891493
891588
891607
891621
891690
891693
891736
891745
891768
891799
891839
891848
891853
891866
891895
891923
891991
892078
892085
892102
892130
892149
892201
892216
892243
892258
892410
892596
892628
892635
892653
892700
892715
892768
892830
892890
892915
892956
893086
893132
893203
893208
893235
893290
893296
893332
893351
893370
893449
893503
893544
893575
893581
893589
893617
893658
893682
893741
893759
893797
893857
893971
894092
894388
894394
894431
894471
894547
894565
894585
894607
894633
894636
894687
894695
894762
894799
894804
894884
894926
894990
895066
895074
895112
895117
895164
895240
895244
895262
895307
895399
895440
895519
895524
895587
895608
895617
895818
895847
895852
895897
895935
896064
896155
896179
896248
896264
896287
896311
896339
896354
896363
896431
896466
896480
896488
896525
896573
896642
896730
896803
896813
896834
896923
897004
897029
897058
897083
897147
897167
897330
897342
897371
897436
897582
897639
897645
897648
897676
897737
897740
897852
897879
897943
898029
898044
898051
898132
898133
898158
898198
898202
898234
898253
898264
898267
898301
898311
898391
898426
898596
898622
898648
898694
898762
898803
898898
898930
898977
898992
899030
899056
899077
899085
899119
899132
899194
899199
899224
899270
899320
899322
899365
899378
899435
899470
899518
899547
899577
899591
899593
899604
899637
899744
899756
899838
899884
899891
899911
899936
900014
900031
900064
900078
900083
900132
900180
900181
900200
900212
900318
900362
900463
900496
900566
900572
900601
900633
900650
900663
900674
900722
900781
900815
900877
900893
900895
900927
900955
900978
900991
901013
901020
901076
901126
901129
901141
901163
901172
901255
901262
901320
901371
901401
901419
901445
901458
901483
901485
901643
901705
901718
901853
901866
901871
901952
901973
902220
902298
902327
902384
902462
902517
902524
902547
902552
902562
902629
902663
902758
902840
903028
903071
903211
903222
903234
903275
903290
903300
903360
903435
903495
903585
903715
903728
903733
903767
903803
903966
904000
904089
904100
904308
904327
904426
904472
904555
904596
904624
904630
904651
904721
904729
904766
904804
904819
904875
905020
905055
905075
905099
905127
905145
905176
905213
905225
905263
905280
905309
905315
905350
905357
905368
905393
905409
905516
905534
905548
905583
905639
905758
905761
905847
905878
905897
905898
905913
906010
906015
906087
906116
906153
906190
906220
906320
906442
906484
906522
906538
906559
906611
906693
906740
906817
906828
906902
906905
906944
907038
907129
907132
907158
907171
907266
907276
907316
907328
907340
907365
907389
907494
907517
907562
907573
907617
907654
907738
907836
907853
907878
907906
908009
908174
908344
908349
908378
908421
908439
908531
908549
908568
908580
908608
908619
908720
908762
908853
908871
908888
908899
908936
909075
909088
909279
909327
909347
909358
909394
909501
909539
909563
909610
909657
909741
909816
909823
909890
909927
910007
910059
910072
910129
910170
910213
910225
910237
910266
910339
910510
910534
910551
910555
910619
910664
910714
910717
910763
910861
910883
910904
910924
910939
910942
910996
911005
911077
911105
911165
911181
911192
911235
911266
911341
911404
911515
911590
911628
911637
911642
911653
911772
911842
911850
911874
911911
911922
911985
912042
912066
912138
912152
912194
912229
912236
912242
912252
912256
912334
912338
912367
912375
912382
912397
912407
912436
912502
912529
912548
912549
912587
912619
912624
912754
912761
912849
912854
912912
912926
912998
913034
913053
913140
913229
913240
913297
913598
913708
913722
913839
913873
913887
914004
914050
914092
914167
914196
914204
914281
914305
914325
914343
914356
914358
914373
914384
914498
914699
914848
914897
914901
914937
915058
915133
915214
915221
915232
915329
915343
915355
915383
915397
915445
915458
915486
915523
915539
915560
915573
915632
915637
915654
915670
915679
915830
915848
915872
915877
915984
915991
916015
916033
916061
916066
916085
916104
916143
916152
916181
916230
916248
916263
916394
916396
916449
916570
916615
916634
916799
916823
916854
916889
916898
916930
916941
916983
916988
917069
917081
917125
917139
917154
917196
917241
917255
917259
917275
917346
917358
917433
917444
917551
917565
917646
917708
917709
917723
917764
917767
917793
917868
917894
917926
917968
917991
918030
918131
918138
918152
918175
918202
918261
918371
918400
918426
918436
918446
918487
918567
918715
918733
918832
918846
918964
919011
919081
919086
919145
919186
919281
919307
919332
919346
919358
919383
919483
919501
919565
919568
919654
919749
919781
919796
919834
919870
919878
919912
919933
919939
919952
920014
920023
920027
920050
920148
920158
920217
920226
920441
920497
920552
920605
920630
920652
920707
920711
920742
920840
920857
920865
920945
921000
921037
921046
921071
921101
921110
921117
921157
921177
921200
921211
921234
921457
921496
921502
921545
921618
921676
921710
921783
921834
921884
921897
921908
922009
922022
922171
922179
922187
922226
922297
922304
922311
922366
922379
922385
922409
922459
922483
922499
922586
922613
922648
922746
922773
922781
922831
922850
922894
922930
922941
923000
923056
923077
923258
923302
923305
923387
923413
923448
923514
923618
923626
923646
923659
923669
923682
923748
923769
923798
923815
923872
923878
923902
923910
923947
923987
924055
924158
924161
924183
924221
924244
924266
924346
924395
924408
924411
924433
924435
924445
924453
924462
924542
924568
924588
924613
924644
924682
924705
924799
924905
924913
924924
924985
924990
924998
925052
925109
925147
925192
925198
925239
925252
925256
925268
925326
925381
925398
925414
925426
925427
925446
925454
925492
925601
925655
925701
925722
925754
925801
925864
925877
925935
925965
925999
926042
926059
926098
926461
926516
926583
926653
926659
926665
926699
926802
926838
926860
926891
926957
926977
927001
927032
927044
927106
927137
927143
927194
927238
927296
927323
927516
927603
927666
927701
927708
927797
927803
927968
927981
928055
928070
928110
928233
928243
928269
928340
928371
928393
928439
928470
928482
928491
928671
928677
928702
928713
928718
928727
928843
928873
928911
929018
929051
929076
929205
929262
929267
929286
929312
929358
929406
929432
929452
929460
929486
929527
929543
929548
929582
929600
929607
929611
929689
929694
929705
929711
929713
929848
929872
929938
929954
930027
930097
930117
930119
930126
930197
930231
930311
930378
930406
930446
930552
930564
930658
930690
930734
930799
930934
930955
931023
931099
931112
931264
931322
931422
931426
931433
931451
931479
931509
931514
931559
931634
931725
931746
931763
931770
931786
931803
931873
931887
931990
932011
932015
932023
932029
932096
932102
932119
932136
932141
932157
932177
932180
932312
932341
932352
932378
932379
932438
932443
932464
932480
932530
932631
932652
932678
932728
932739
932798
932820
932824
932842
932861
932870
932888
932934
933006
933040
933217
933261
933283
933287
933307
933339
933379
933389
933421
933453
933488
933504
933589
933601
933617
933656
933670
933689
933734
933742
933885
933889
934051
934071
934114
934132
934139
934142
934198
934234
934235
934288
934337
934372
934407
934497
934501
934566
934570
934633
934654
934691
934702
934750
934769
934913
934954
934999
935015
935032
935130
935171
935194
935213
935306
935374
935376
935393
935421
935453
935541
935546
935650
935705
935735
935769
935966
936036
936061
936095
936100
936109
936133
936224
936419
936439
936463
936477
936499
936504
936532
936543
936590
936602
936842
936851
936862
936902
936949
936966
937076
937088
937152
937168
937229
937298
937436
937457
937461
937493
937505
937612
937667
937713
937758
937793
937801
937809
937846
937902
937926
937927
937945
937972
938000
938054
938060
938088
938093
938133
938217
938239
938264
938315
938318
938336
938435
938468
938542
938568
938908
938988
939075
939103
939112
939164
939186
939237
939320
939336
939388
939404
939407
939543
939654
939684
939767
939783
939803
939846
939872
939891
939892
939943
940208
940281
940399
940444
940498
940518
940628
940679
940739
940799
940933
941019
941059
941065
941173
941219
941223
941227
941239
941256
941295
941299
941331
941341
941379
941415
941442
941534
941538
941574
941578
941637
941645
941658
941690
941821
941825
941870
941910
941991
942043
942077
942084
942098
942104
942116
942174
942190
942211
942225
942234
942252
942293
942412
942423
942463
942504
942518
942529
942571
942592
942682
942694
942724
942770
942859
942887
942915
942926
942962
942969
943044
943070
943087
943108
943211
943214
943216
943220
943325
943395
943551
943617
943667
943706
943729
943741
943804
943972
944079
944151
944159
944205
944230
944245
944458
944477
944489
944494
944523
944556
944561
944580
944623
944631
944645
944715
944811
944835
944875
944886
944982
945029
945032
945038
945095
945111
945142
945354
945362
945417
945419
945470
945518
945534
945556
945611
945621
945625
945652
945751
945773
945780
945900
945913
945951
945963
946027
946055
946086
946110
946193
946208
946228
946275
946289
946305
946523
946537
946567
946596
946639
946649
946652
946662
946679
946691
946802
946930
947015
947024
947145
947156
947268
947299
947402
947455
947548
947582
947634
947651
947713
947722
947727
947799
948134
948149
948168
948188
948197
948217
948239
948253
948257
948271
948407
948414
948433
948501
948504
948565
948569
948635
948708
948720
948753
948828
948834
948862
948867
948920
948937
948947
948978
949051
949205
949244
949287
949499
949576
949577
949584
949648
949654
949714
949719
949782
949886
949907
949944
949947
949954
949960
949977
950175
950180
950208
950217
950283
950303
950344
950369
950474
950479
950500
950511
950526
950532
950569
950601
950646
950758
950793
950805
950825
950937
950956
951041
951127
951178
951354
951416
951485
951501
951536
951539
951682
951738
951756
951785
951829
951871
951900
951915
951996
952007
952016
952458
952472
952573
952602
952625
952688
952695
952733
952776
952789
952865
952872
953012
953056
953062
953165
953169
953172
953218
953399
953448
953556
953590
953687
953733
953754
953847
953876
953886
953974
954004
954042
954072
954144
954275
954350
954425
954606
954663
954738
954748
954770
954851
955003
955012
955060
955089
955149
955201
955272
955309
955356
955377
955402
955449
955455
955516
955530
955541
955601
955604
955622
955646
955650
955667
955731
955788
955849
955901
955961
956125
956142
956160
956183
956205
956225
956290
956300
956331
956425
956513
956568
956585
956619
956662
956717
956804
956823
956921
956982
957000
957018
957054
957074
957095
957123
957173
957212
957229
957244
957253
957287
957314
957377
957392
957458
957535
957571
957595
957612
957636
957638
957682
957694
957702
957753
957754
957764
957803
957833
957875
957899
957966
958032
958038
958040
958067
958078
958145
958190
958213
958293
958298
958304
958408
958436
958520
958565
958613
958728
958761
959076
959109
959192
959325
959379
959417
959436
959466
959647
959651
959673
959696
959710
959761
959767
959808
959928
959953
959976
960007
960044
960099
960131
960152
960160
960213
960225
960230
960237
960286
960390
960417
960428
960451
960476
960543
960633
960652
960676
960749
960753
960771
960775
960791
960810
960844
960877
960892
960912
960966
960980
961024
961206
961215
961286
961328
961351
961367
961377
961403
961407
961437
961468
961491
961591
961703
961711
961771
961775
961838
961881
961921
962056
962115
962184
962194
962221
962296
962324
962353
962374
962513
962548
962663
962699
962705
962716
962776
962786
962800
962808
962835
962974
962995
962999
963024
963054
963154
963197
963269
963306
963368
963373
963387
963470
963519
963534
963562
963594
963623
963642
963691
963698
963704
963725
963746
963787
963794
963803
963841
963904
963925
964013
964076
964091
964107
964124
964171
964244
964247
964254
964309
964335
964342
964346
964360
964379
964390
964418
964475
964524
964544
964575
964611
964656
964841
964870
964920
964994
965104
965185
965235
965289
965315
965409
965441
965526
965583
965605
965671
965706
965718
965796
965817
965899
965921
965942
965970
966029
966094
966176
966180
966186
966196
966323
966345
966432
966452
966472
966479
966486
966536
966622
966630
966722
966728
966735
966772
966795
966805
966829
966833
966843
966907
966916
966942
966953
967056
967117
967148
967276
967395
967404
967434
967578
967598
967710
967717
967748
967877
967956
968033
968130
968138
968151
968285
968387
968398
968431
968450
968502
968507
968514
968597
968625
968644
968725
968767
969004
969053
969065
969072
969116
969137
969154
969245
969259
969270
969331
969349
969356
969373
969413
969415
969420
969442
969450
969521
969552
969574
969589
969593
969627
969638
969686
969727
969735
969743
969902
969998
970022
970061
970101
970131
970143
970164
970193
970202
970241
970246
970280
970289
970359
970366
970391
970448
970456
970462
970549
970567
970682
970718
970757
970762
970843
970853
970862
970884
970907
970928
970951
970965
971052
971058
971070
971086
971092
971192
971221
971288
971292
971313
971320
971347
971360
971387
971424
971456
971465
971466
971479
971603
971631
971774
971800
971842
971902
971914
971944
972087
972089
972139
972205
972327
972338
972360
972482
972563
972616
972637
972728
972786
972822
972850
972855
972872
972881
972891
972970
972974
973041
973106
973154
973164
973176
973222
973226
973255
973259
973279
973309
973314
973332
973350
973513
973535
973681
973683
973689
973733
973815
973972
974063
974131
974174
974281
974299
974332
974370
974394
974410
974429
974465
974485
974534
974614
974631
974671
974684
974727
974813
974817
974902
974948
974958
974978
974986
975000
975007
975022
975103
975123
975179
975183
975210
975222
975229
975239
975255
975266
975275
975393
975461
975495
975500
975549
975559
975562
975573
975589
975661
975671
975685
975710
975795
975812
975827
975855
975952
976027
976083
976111
976180
976187
976205
976218
976249
976310
976321
976324
976369
976446
976473
976513
976528
976558
976577
976582
976603
976610
976710
976762
976801
976822
976830
976849
976932
976952
976979
976987
977015
977086
977168
977228
977267
977353
977385
977400
977532
977573
977601
977627
977667
977700
977710
977711
977723
977766
977795
977809
977835
977858
977933
977964
978084
978130
978131
978239
978378
978400
978411
978413
978433
978568
978651
978683
978757
978762
978793
978820
978824
978851
978890
978893
978980
978998
979070
979106
979166
979194
979263
979291
979323
979326
979341
979411
979414
979423
979438
979449
979528
979543
979644
979649
979675
979687
979692
979744
979815
979848
979872
979910
979911
979985
980050
980054
980113
980147
980203
980280
980309
980329
980332
980383
980394
980409
980454
980481
980484
980493
980499
980530
980542
980569
980632
980643
980660
980664
980696
980794
980841
980852
980896
980901
980906
981003
981072
981103
981116
981220
981245
981260
981294
981320
981324
981338
981556
981587
981613
981617
981639
981722
981736
981778
981946
982022
982037
982048
982101
982125
982169
982214
982311
982318
982373
982381
982393
982439
982473
982492
982543
982599
982634
982691
982694
982737
982762
982868
982880
982884
983052
983131
983197
983208
983218
983244
983335
983355
983385
983500
983523
983530
983553
983564
983610
983634
983684
983716
983735
983809
983858
983944
984021
984068
984075
984077
984188
984197
984211
984224
984275
984326
984341
984355
984366
984389
984412
984431
984496
984500
984523
984530
984543
984592
984609
984645
984746
984831
984839
984890
984974
985011
985016
985019
985104
985130
985135
985186
985235
985243
985259
985315
985332
985342
985362
985394
985401
985564
985568
985631
985726
985755
985907
985926
985952
986010
986064
986083
986089
986173
986390
986440
986494
986599
986612
986679
986719
986782
986844
986912
986976
987050
987064
987108
987179
987190
987191
987234
987240
987515
987612
987625
987687
987720
987763
987945
987988
988058
988088
988166
988187
988195
988274
988365
988407
988448
988482
988532
988600
988613
988624
988631
988692
988695
988765
988820
988941
988979
989010
989054
989074
989117
989149
989162
989209
989392
989396
989421
989472
989486
989511
989574
989600
989607
989622
989650
989677
989686
989717
989724
989782
989792
989818
989841
989905
989975
989980
989988
990035
990071
990107
990110
990145
990216
990304
990324
990342
990358
990383
990393
990402
990490
990547
990672
990688
990740
990755
990785
990802
990857
990875
990933
990972
990986
991002
991040
991045
991069
991149
991174
991236
991250
991395
991455
991571
991641
991686
991691
991708
991714
991941
991980
992073
992078
992091
992130
992188
992311
992368
992515
992624
992667
992679
992692
992768
992804
992846
992907
992909
992932
992982
992992
993076
993083
993104
993124
993145
993175
993204
993341
993570
993574
993600
993630
993665
993686
993699
993775
993809
993831
993867
993913
993936
993957
993997
994026
994035
994092
994106
994147
994192
994264
994291
994345
994367
994403
994449
994461
994516
994605
994612
994639
994662
994672
994674
994677
994684
994700
994714
994752
994793
994896
994907
994924
994943
994951
994989
995021
995055
995090
995263
995276
995298
995311
995332
995528
995550
995603
995617
995638
995669
995679
995696
995712
995763
995777
995824
995827
995841
995862
995875
995899
995909
995913
995946
996137
996166
996271
996310
996335
996344
996356
996377
996387
996399
996409
996480
996510
996517
996538
996561
996567
996620
996637
996660
996687
996764
996779
996790
996810
996812
996841
996858
996908
996939
996989
997019
997026
997053
997065
997072
997093
997127
997132
997178
997198
997211
997265
997279
997361
997372
997376
997407
997527
997565
997593
997709
997717
997719
997731
997740
997768
997807
997815
997825
997838
997868
997889
997911
997936
997986
997995
998007
998073
998099
998102
998129
998199
998314
998325
998524
998528
998555
998594
998631
998658
998682
998726
998794
998898
999067
999070
999079
999097
999141
999146
999215
999231
999315
999404
999517
999623
999628
999665
999722
999745
999757
999998
1000088
1000107
1000154
1000158
1000173
1000200
1000222
1000274
1000344
1000390
1000448
1000472
1000526
1000534
1000539
1000555
1000713
1000749
1000756
1000792
1000838
1000857
1000955
1000996
1001018
1001051
1001070
1001123
1001129
1001173
1001182
1001248
1001375
1001394
1001399
1001464
1001468
1001521
1001538
1001584
1001629
1001661
1001754
1001760
1001868
1001872
1001881
1001894
1001923
1001927
1001993
1002009
1002032
1002067
1002073
1002075
1002193
1002239
1002320
1002362
1002377
1002381
1002504
1002514
1002533
1002562
1002594
1002604
1002609
1002612
1002642
1002719
1002732
1002743
1002780
1002786
1002802
1002851
1002887
1002982
1003121
1003266
1003323
1003406
1003410
1003432
1003461
1003469
1003487
1003522
1003548
1003583
1003633
1003689
1003705
1003717
1003719
1003801
1003817
1003952
1003994
1004016
1004039
1004157
1004349
1004357
1004435
1004445
1004610
1004623
1004708
1004775
1004795
1004807
1004882
1004990
1005005
1005137
1005181
1005191
1005198
1005202
1005210
1005255
1005353
1005357
1005377
1005426
1005447
1005466
1005487
1005530
1005570
1005612
1005639
1005652
1005660
1005738
1005772
1005790
1005927
1006072
1006257
1006268
1006518
1006562
1006576
1006595
1006599
1006652
1006700
1006729
1006736
1006759
1006784
1006801
1006824
1006848
1006862
1006984
1007000
1007008
1007020
1007057
1007202
1007252
1007286
1007312
1007314
1007363
1007396
1007429
1007502
1007526
1007782
1007825
1007873
1007898
1007919
1007934
1007966
1008043
1008147
1008159
1008186
1008193
1008235
1008261
1008268
1008310
1008313
1008334
1008339
1008365
1008506
1008537
1008579
1008599
1008603
1008637
1008663
1008690
1008732
1008798
1008835
1008841
1008895
1008914
1008997
1009002
1009028
1009062
1009065
1009264
1009292
1009350
1009371
1009379
1009416
1009421
1009427
1009430
1009504
1009519
1009538
1009670
1009677
1009688
1009790
1009795
1009827
1009882
1010036
1010081
1010125
1010152
1010200
1010201
1010214
1010231
1010259
1010264
1010328
1010427
1010458
1010486
1010577
1010584
1010619
1010646
1010668
1010707
1010736
1010761
1010894
1011008
1011119
1011125
1011207
1011409
1011447
1011456
1011460
1011605
1011612
1011685
1011748
1011765
1011867
1011910
1011948
1011962
1011979
1012178
1012250
1012263
1012314
1012381
1012542
1012556
1012581
1012598
1012730
1012739
1012749
1012831
1012853
1012870
1012980
1013000
1013005
1013023
1013053
1013092
1013105
1013152
1013167
1013193
1013242
1013251
1013283
1013456
1013460
1013487
1013520
1013630
1013633
1013671
1013686
1013691
1013697
1013710
1013718
1013888
1013948
1013976
1014053
1014072
1014119
1014173
1014254
1014295
1014339
1014347
1014465
1014504
1014544
1014561
1014596
1014666
1014744
1014749
1014753
1014760
1014777
1014804
1014886
1014922
1014942
1014983
1015213
1015231
1015252
1015271
1015378
1015423
1015474
1015504
1015552
1015606
1015641
1015650
1015712
1015727
1015767
1015775
1015812
1015900
1015965
1016085
1016091
1016153
1016214
1016413
1016439
1016456
1016486
1016504
1016577
1016580
1016597
1016653
1016724
1016821
1016864
1016879
1016885
1016915
1016987
1017026
1017084
1017105
1017127
1017284
1017327
1017332
1017343
1017349
1017467
1017476
1017484
1017486
1017528
1017531
1017673
1017794
1017853
1017934
1018081
1018146
1018169
1018191
1018198
1018235
1018265
1018350
1018352
1018379
1018414
1018446
1018460
1018463
1018486
1018523
1018584
1018613
1018678
1018689
1018773
1018848
1018870
1018954
1019141
1019154
1019161
1019186
1019209
1019274
1019316
1019333
1019335
1019351
1019357
1019377
1019444
1019464
1019474
1019494
1019530
1019560
1019616
1019652
1019670
1019674
1019693
1019719
1019761
1019768
1019778
1019819
1019915
1019924
1020158
1020166
1020232
1020235
1020274
1020347
1020417
1020451
1020472
1020482
1020600
1020640
1020674
1020689
1020730
1020844
1020851
1020878
1020882
1020894
1020927
1020957
1020988
1021013
1021023
1021038
1021046
1021066
1021099
1021118
1021182
1021300
1021351
1021377
1021462
1021504
1021508
1021566
1021578
1021601
1021606
1021648
1021684
1021692
1021823
1021832
1021940
1022077
1022097
1022140
1022164
1022228
1022268
1022304
1022350
1022413
1022467
1022645
1022668
1022682
1022754
1022812
1022894
1022908
1022936
1022940
1022948
1023015
1023034
1023086
1023147
1023218
1023232
1023410
1023419
1023482
1023507
1023519
1023534
1023536
1023546
1023567
1023574
1023612
1023640
1023660
1023732
1023779
1023869
1023922
1023924
1023931
1023936
1023991
1024051
1024125
1024351
1024354
1024396
1024423
1024452
1024515
1024541
1024568
1024628
1024632
1024644
1024692
1024705
1024709
1024788
1024838
1024945
1024954
1024979
1025019
1025059
1025069
1025098
1025118
1025157
1025316
1025365
1025414
1025488
1025489
1025497
1025525
1025567
1025612
1025621
1025703
1025775
1025783
1025867
1025995
1026065
1026101
1026129
1026175
1026250
1026253
1026313
1026316
1026362
1026421
1026742
1026867
1026924
1026953
1026972
1027036
1027040
1027109
1027152
1027164
1027203
1027237
1027350
1027429
1027444
1027458
1027477
1027488
1027538
1027555
1027569
1027652
1027745
1027751
1027813
1027821
1027838
1027898
1027939
1027948
1027982
1027999
1028015
1028038
1028105
1028115
1028169
1028176
1028206
1028274
1028335
1028345
1028369
1028440
1028472
1028474
1028480
1028505
1028516
1028567
1028604
1028642
1028693
1028773
1028809
1028853
1028868
1028879
1028901
1028949
1028961
1028966
1029084
1029122
1029197
1029220
1029367
1029406
1029438
1029510
1029537
1029541
1029581
1029629
1029651
1029665
1029718
1029735
1029750
1029760
1029773
1029848
1029866
1029927
1029972
1029984
1030117
1030122
1030164
1030179
1030180
1030221
1030259
1030277
1030279
1030310
1030313
1030334
1030338
1030347
1030374
1030387
1030443
1030470
1030511
1030611
1030615
1030686
1030699
1030759
1030787
1030835
1030888
1030893
1030956
1031037
1031218
1031310
1031322
1031362
1031386
1031412
1031442
1031445
1031450
1031459
1031555
1031576
1031819
1031823
1031875
1031902
1031958
1031976
1032009
1032064
1032143
1032210
1032242
1032244
1032265
1032324
1032331
1032371
1032466
1032509
1032519
1032547
1032589
1032627
1032649
1032687
1032723
1032742
1032746
1032821
1032847
1032885
1032912
1032921
1033074
1033099
1033118
1033175
1033218
1033238
1033400
1033468
1033548
1033564
1033580
1033736
1033947
1033974
1033987
1034000
1034055
1034135
1034184
1034224
1034241
1034267
1034285
1034309
1034341
1034342
1034425
1034486
1034494
1034524
1034546
1034550
1034561
1034576
1034603
1034638
1034651
1034757
1034766
1034837
1034838
1034861
1034944
1035023
1035041
1035090
1035130
1035142
1035197
1035215
1035225
1035252
1035362
1035410
1035412
1035428
1035446
1035473
1035501
1035657
1035666
1035710
1035746
1035892
1035906
1035923
1035997
1036007
1036047
1036060
1036093
1036154
1036188
1036195
1036199
1036353
1036391
1036473
1036482
1036574
1036592
1036611
1036618
1036623
1036627
1036654
1036732
1036770
1036775
1036783
1036804
1036809
1036888
1036965
1036975
1037081
1037137
1037271
1037274
1037275
1037361
1037423
1037435
1037438
1037447
1037507
1037593
1037607
1037637
1037653
1037776
1037830
1037836
1037875
1037955
1038020
1038078
1038088
1038158
1038163
1038173
1038195
1038201
1038216
1038304
1038443
1038455
1038465
1038508
1038517
1038523
1038559
1038579
1038636
1038679
1038681
1038715
1038739
1038790
1038829
1038870
1038903
1038925
1038954
1039023
1039047
1039182
1039286
1039292
1039297
1039363
1039365
1039373
1039414
1039423
1039454
1039488
1039541
1039552
1039589
1039632
1039666
1039824
1039840
1039881
1039884
1039902
1039971
1039991
1040097
1040268
1040339
1040376
1040418
1040438
1040448
1040449
1040453
1040512
1040523
1040556
1040664
1040754
1040883
1040885
1040901
1040910
1040964
1040975
1041093
1041149
1041228
1041327
1041365
1041441
1041474
1041580
1041612
1041621
1041642
1041652
1041724
1041741
1041761
1041784
1041799
1041812
1041818
1041952
1041968
1041976
1041982
1041992
1042007
1042115
1042130
1042152
1042183
1042201
1042242
1042244
1042296
1042319
1042326
1042347
1042350
1042408
1042454
1042478
1042519
1042534
1042541
1042556
1042675
1042687
1042778
1042797
1042822
1042874
1042878
1042884
1042908
1042925
1042934
1042997
1043040
1043069
1043101
1043130
1043181
1043197
1043259
1043262
1043306
1043411
1043420
1043463
1043500
1043512
1043625
1043653
1043663
1043731
1043783
1043806
1043853
1043951
1043968
1043977
1043988
1044023
1044042
1044111
1044121
1044149
1044222
1044241
1044282
1044301
1044350
1044456
1044524
1044606
1044615
1044619
1044624
1044696
1044704
1044823
1044830
1044855
1044861
1044940
1044946
1044950
1045063
1045070
1045106
1045110
1045156
1045197
1045242
1045283
1045289
1045304
1045313
1045321
1045334
1045454
1045472
1045535
1045541
1045549
1045637
1045659
1045662
1045734
1045798
1045808
1045844
1045950
1045962
1046052
1046077
1046105
1046142
1046184
1046202
1046206
1046228
1046246
1046254
1046274
1046288
1046291
1046307
1046347
1046364
1046373
1046400
1046412
1046446
1046452
1046553
1046562
1046742
1046805
1046976
1047052
1047069
1047087
1047135
1047139
1047142
1047176
1047187
1047193
1047205
1047242
1047266
1047329
1047364
1047382
1047397
1047436
1047490
1047523
1047539
1047628
1047694
1047780
1047817
1047843
1047902
1047912
1047940
1047962
1048039
1048070
1048100
1048149
1048212
1048230
1048240
1048269
1048294
1048317
1048375
1048385
1048390
1048450
1048520
1048565
1048710
1048739
1048751
1048755
1048771
1048784
1048797
1048849
1048853
1048890
1048914
1048926
1048928
1048935
1048938
1048943
1048954
1049002
1049057
1049058
1049060
1049189
1049356
1049383
1049454
1049516
1049524
1049586
1049617
1049689
1049749
1049811
1049815
1049909
1049923
1050015
1050097
1050138
1050146
1050162
1050168
1050182
1050253
1050348
1050353
1050365
1050408
1050545
1050593
1050601
1050663
1050670
1050684
1050700
1050729
1050819
1050839
1050869
1050887
1050923
1050934
1051022
1051024
1051036
1051108
1051115
1051156
1051187
1051276
1051287
1051325
1051442
1051516
1051573
1051626
1051640
1051647
1051652
1051674
1051700
1051704
1051725
1051731
1051744
1051752
1051754
1051774
1051887
1051895
1052005
1052024
1052052
1052090
1052294
1052328
1052338
1052407
1052421
1052527
1052592
1052644
1052723
1052734
1052739
1052761
1052819
1052848
1052897
1053063
1053076
1053117
1053141
1053319
1053339
1053377
1053384
1053393
1053480
1053644
1053656
1053698
1053767
1053789
1053806
1053810
1053829
1053833
1053843
1053876
1053878
1053903
1053922
1053967
1053982
1054031
1054054
1054065
1054085
1054157
1054190
1054192
1054209
1054220
1054243
1054252
1054314
1054359
1054369
1054393
1054434
1054454
1054492
1054507
1054539
1054546
1054576
1054615
1054623
1054643
1054662
1054671
1054800
1054803
1054815
1054847
1054923
1054987
1055079
1055150
1055175
1055251
1055265
1055288
1055311
1055358
1055456
1055467
1055472
1055618
1055647
1055685
1055693
1055757
1055770
1055810
1055815
1055854
1055935
1056020
1056025
1056044
1056106
1056114
1056146
1056202
1056256
1056332
1056368
1056391
1056491
1056515
1056616
1056634
1056696
1056722
1056738
1056751
1056852
1056901
1056907
1057024
1057059
1057097
1057139
1057146
1057154
1057165
1057234
1057261
1057278
1057318
1057344
1057368
1057385
1057403
1057406
1057490
1057533
1057591
1057600
1057617
1057690
1057691
1057729
1057745
1057757
1057820
1057847
1057861
1057894
1058011
1058020
1058029
1058088
1058261
1058266
1058528
1058545
1058606
1058617
1058631
1058725
1058734
1058789
1058805
1058813
1058861
1058933
1058985
1059123
1059161
1059177
1059179
1059195
1059205
1059218
1059420
1059421
1059455
1059504
1059511
1059520
1059607
1059612
1059651
1059689
1059779
1059809
1059843
1059878
1059941
1059952
1059997
1060045
1060102
1060123
1060135
1060296
1060321
1060365
1060370
1060608
1060699
1060705
1060749
1060750
1060870
1060939
1060954
1060999
1061014
1061036
1061124
1061140
1061156
1061194
1061195
1061255
1061331
1061355
1061433
1061461
1061467
1061474
1061542
1061554
1061559
1061584
1061698
1061741
1061760
1061769
1061800
1061858
1061927
1061941
1061953
1061958
1061976
1062040
1062042
1062068
1062192
1062253
1062265
1062270
1062340
1062345
1062348
1062395
1062402
1062408
1062472
1062494
1062539
1062583
1062585
1062721
1062843
1062878
1062881
1062917
1062995
1063020
1063044
1063053
1063114
1063122
1063207
1063222
1063262
1063342
1063436
1063660
1063684
1063708
1063951
1063966
1064065
1064091
1064257
1064306
1064357
1064364
1064405
1064418
1064452
1064458
1064494
1064507
1064526
1064607
1064627
1064671
1064679
1064733
1064763
1064767
1064787
1064827
1064875
1064879
1064904
1064934
1064969
1065007
1065045
1065078
1065259
1065339
1065350
1065377
1065380
1065428
1065457
1065525
1065536
1065543
1065590
1065661
1065684
1065704
1065874
1065883
1065898
1065940
1065956
1065959
1066003
1066175
1066196
1066301
1066309
1066338
1066348
1066393
1066421
1066496
1066533
1066577
1066586
1066630
1066675
1066684
1066700
1066710
1066720
1066725
1066759
1066825
1066841
1066890
1066942
1066982
1067007
1067048
1067064
1067422
1067442
1067519
1067596
1067613
1067653
1067685
1067764
1067834
1067874
1067879
1067916
1067948
1068073
1068158
1068167
1068263
1068344
1068351
1068367
1068390
1068391
1068429
1068453
1068458
1068470
1068556
1068613
1068667
1068675
1068703
1068706
1068714
1068729
1068737
1068786
1068834
1068857
1068885
1068994
1069022
1069034
1069060
1069063
1069080
1069147
1069183
1069221
1069261
1069291
1069328
1069457
1069506
1069536
1069569
1069574
1069608
1069632
1069634
1069691
1069715
1069744
1069759
1069769
1069778
1069806
1069816
1069821
1069828
1069850
1069870
1070029
1070030
1070142
1070163
1070247
1070429
1070486
1070500
1070530
1070537
1070580
1070636
1070706
1070735
1070760
1070781
1070784
1070806
1070813
1070842
1070848
1070866
1070878
1070940
1070943
1070956
1071021
1071055
1071062
1071083
1071171
1071182
1071200
1071246
1071272
1071278
1071357
1071376
1071382
1071425
1071437
1071604
1071696
1071704
1071774
1071800
1071829
1071897
1071918
1071967
1072079
1072166
1072187
1072193
1072195
1072202
1072293
1072304
1072316
1072413
1072471
1072494
1072558
1072654
1072655
1072708
1072714
1072720
1072733
1072796
1072826
1072865
1072878
1072885
1072894
1072981
1072985
1073097
1073105
1073207
1073210
1073216
1073268
1073316
1073320
1073359
1073369
1073403
1073549
1073626
1073631
1073645
1073693
1073706
1073732
1073739
1073790
1073802
1073826
1073911
1073939
1073961
1073962
1073966
1074017
1074047
1074054
1074057
1074102
1074149
1074168
1074218
1074238
1074341
1074370
1074402
1074591
1074593
1074603
1074615
1074630
1074791
1074799
1074819
1074894
1074899
1074922
1074931
1075148
1075193
1075212
1075220
1075237
1075375
1075443
1075578
1075674
1075701
1075749
1075811
1075825
1075859
1075865
1075868
1075913
1075960
1076085
1076129
1076172
1076235
1076252
1076257
1076364
1076393
1076403
1076421
1076557
1076614
1076622
1076646
1076702
1076717
1076728
1076755
1076774
1076802
1076829
1076884
1076909
1076953
1076982
1076999
1077089
1077113
1077176
1077187
1077191
1077199
1077297
1077334
1077353
1077383
1077392
1077472
1077474
1077520
1077544
1077583
1077594
1077624
1077637
1077719
1077781
1077887
1077926
1077930
1077974
1078022
1078077
1078135
1078157
1078167
1078197
1078280
1078338
1078358
1078380
1078475
1078565
1078672
1078683
1078718
1078755
1078760
1078765
1078775
1078854
1078873
1078918
1078969
1079037
1079071
1079098
1079153
1079247
1079323
1079350
1079361
1079401
1079418
1079500
1079592
1079607
1079635
1079709
1079717
1079739
1079747
1079764
1079859
1079873
1079923
1079933
1079949
1079959
1079974
1080002
1080014
1080023
1080029
1080106
1080108
1080113
1080144
1080147
1080149
1080176
1080186
1080297
1080307
1080427
1080471
1080495
1080523
1080562
1080571
1080658
1080746
1080767
1080800
1080811
1080848
1080851
1080915
1080976
1081051
1081070
1081100
1081158
1081182
1081212
1081258
1081275
1081281
1081300
1081317
1081330
1081353
1081370
1081396
1081496
1081520
1081557
1081581
1081595
1081618
1081665
1081684
1081769
1081842
1081875
1081882
1081895
1081904
1081927
1081957
1081996
1082082
1082110
1082167
1082173
1082181
1082243
1082261
1082422
1082458
1082501
1082513
1082526
1082566
1082696
1082697
1082755
1082824
1082887
1083023
1083077
1083166
1083237
1083241
1083265
1083302
1083352
1083389
1083404
1083463
1083536
1083581
1083584
1083604
1083610
1083621
1083632
1083636
1083645
1083708
1083741
1083841
1083997
1084067
1084091
1084144
1084208
1084221
1084294
1084411
1084439
1084484
1084496
1084530
1084560
1084610
1084613
1084727
1084778
1084794
1084831
1084918
1084989
1085017
1085094
1085105
1085129
1085156
1085171
1085227
1085242
1085263
1085306
1085353
1085406
1085492
1085510
1085549
1085550
1085564
1085592
1085660
1085734
1085742
1085747
1085822
1085898
1085915
1086027
1086030
1086070
1086099
1086119
1086156
1086180
1086187
1086190
1086207
1086282
1086297
1086301
1086334
1086374
1086402
1086451
1086472
1086487
1086498
1086502
1086524
1086535
1086599
1086704
1086710
1086795
1086950
1086960
1086997
1087013
1087014
1087033
1087046
1087100
1087122
1087134
1087143
1087181
1087240
1087261
1087267
1087390
1087394
1087495
1087613
1087647
1087708
1087732
1087783
1087832
1087834
1087853
1087879
1087883
1087902
1087961
1088066
1088101
1088109
1088146
1088165
1088200
1088224
1088300
1088326
1088402
1088440
1088450
1088499
1088532
1088539
1088549
1088560
1088649
1088776
1088841
1088906
1089054
1089104
1089111
1089120
1089159
1089180
1089255
1089268
1089292
1089382
1089431
1089520
1089522
1089591
1089626
1089657
1089671
1089788
1089843
1089854
1089975
1090036
1090064
1090163
1090173
1090205
1090213
1090292
1090433
1090435
1090517
1090555
1090572
1090615
1090765
1090806
1090842
1090849
1090931
1091012
1091013
1091024
1091057
1091123
1091182
1091197
1091229
1091243
1091279
1091406
1091431
1091526
1091553
1091618
1091622
1091659
1091703
1091705
1091706
1091721
1091764
1091770
1091776
1091849
1091891
1091936
1092056
1092082
1092125
1092165
1092191
1092338
1092348
1092355
1092368
1092450
1092458
1092514
1092518
1092522
1092528
1092718
1092722
1092769
1092776
1092796
1092805
1092807
1092840
1092865
1092869
1092893
1092897
1093058
1093105
1093120
1093131
1093169
1093181
1093196
1093302
1093342
1093378
1093449
1093476
1093538
1093562
1093590
1093637
1093644
1093760
1093799
1093897
1093912
1093944
1094044
1094062
1094082
1094091
1094237
1094400
1094411
1094453
1094455
1094457
1094476
1094526
1094574
1094584
1094688
1094721
1094746
1094776
1094780
1094818
1094824
1095000
1095049
1095086
1095098
1095147
1095169
1095242
1095248
1095267
1095280
1095305
1095354
1095368
1095418
1095432
1095537
1095582
1095586
1095634
1095672
1095693
1095755
1095762
1095767
1095771
1095773
1095828
1095866
1095982
1096034
1096139
1096188
1096211
1096227
1096293
1096323
1096325
1096351
1096362
1096393
1096396
1096533
1096593
1096640
1096689
1096710
1096725
1096759
1096793
1096796
1096799
1096815
1096827
1096848
1096879
1096903
1096921
1097020
1097030
1097058
1097060
1097147
1097188
1097234
1097236
1097264
1097284
1097310
1097323
1097350
1097382
1097485
1097492
1097496
1097528
1097581
1097636
1097649
1097711
1097714
1097837
1097865
1097915
1097976
1098013
1098090
1098108
1098111
1098170
1098202
1098216
1098237
1098260
1098281
1098283
1098290
1098297
1098448
1098481
1098497
1098535
1098570
1098599
1098628
1098719
1098753
1098770
1098793
1098868
1098880
1098914
1098925
1098971
1098976
1098990
1099029
1099078
1099135
1099222
1099230
1099242
1099249
1099323
1099394
1099411
1099415
1099420
1099446
1099452
1099498
1099513
1099537
1099555
1099562
1099674
1099682
1099833
1099981
1100128
1100179
1100181
1100197
1100237
1100252
1100273
1100291
1100336
1100441
1100448
1100507
1100515
1100566
1100571
1100577
1100601
1100642
1100687
1100702
1100704
1100723
1100729
1100745
1100888
1100912
1101023
1101032
1101067
1101068
1101164
1101193
1101201
1101252
1101255
1101302
1101324
1101374
1101484
1101526
1101609
1101612
1101641
1101750
1101787
1101810
1101821
1101823
1101862
1101876
1101878
1101937
1101973
1101983
1101994
1102016
1102029
1102036
1102087
1102094
1102125
1102130
1102132
1102144
1102154
1102159
1102170
1102236
1102294
1102304
1102324
1102367
1102419
1102426
1102524
1102539
1102804
1102817
1102849
1102918
1102921
1102974
1102997
1103026
1103087
1103101
1103229
1103333
1103347
1103367
1103370
1103382
1103481
1103540
1103636
1103666
1103702
1103729
1103760
1103773
1103851
1103866
1103894
1103916
1103941
1103960
1104005
1104028
1104034
1104053
1104091
1104147
1104170
1104375
1104379
1104389
1104391
1104399
1104477
1104526
1104552
1104568
1104572
1104603
1104614
1104638
1104647
1104660
1104739
1104813
1104951
1104955
1104960
1104976
1105005
1105064
1105146
1105150
1105190
1105192
1105217
1105253
1105298
1105357
1105388
1105407
1105460
1105468
1105480
1105530
1105552
1105697
1105724
1105756
1105801
1105861
1105951
1105992
1106088
1106090
1106100
1106222
1106305
1106317
1106324
1106351
1106369
1106400
1106427
1106464
1106475
1106490
1106596
1106608
1106662
1106705
1106709
1106892
1106932
1106955
1106977
1107022
1107069
1107089
1107142
1107192
1107195
1107273
1107323
1107338
1107363
1107392
1107416
1107437
1107441
1107558
1107639
1107656
1107695
1107706
1107726
1107778
1107822
1107830
1107834
1107853
1107856
1107866
1107881
1107916
1107926
1107928
1107977
1108179
1108408
1108474
1108521
1108532
1108551
1108609
1108627
1108647
1108672
1108824
1108915
1108926
1108947
1108974
1108984
1109004
1109012
1109015
1109160
1109236
1109321
1109360
1109385
1109399
1109423
1109460
1109555
1109578
1109653
1109740
1109803
1109830
1109846
1109947
1109989
1110032
1110078
1110107
1110163
1110218
1110225
1110271
1110313
1110358
1110381
1110443
1110507
1110618
1110692
1110735
1110778
1110791
1110841
1110847
1110866
1110937
1110948
1110965
1111004
1111020
1111036
1111077
1111137
1111148
1111174
1111182
1111196
1111206
1111260
1111289
1111310
1111319
1111370
1111520
1111529
1111549
1111554
1111587
1111672
1111685
1111755
1111835
1111851
1111901
1111906
1111926
1111971
1111973
1111980
1112001
1112085
1112099
1112140
1112189
1112239
1112259
1112308
1112367
1112406
1112430
1112529
1112547
1112558
1112641
1112671
1112697
1112749
1112815
1112889
1112898
1112920
1112921
1112950
1112977
1113001
1113007
1113109
1113209
1113219
1113289
1113369
1113471
1113477
1113481
1113511
1113549
1113609
1113610
1113643
1113651
1113699
1113770
1113806
1113830
1113837
1113843
1113877
1113893
1113909
1113913
1113956
1114053
1114073
1114087
1114090
1114103
1114119
1114184
1114197
1114199
1114231
1114246
1114325
1114335
1114341
1114383
1114400
1114417
1114462
1114490
1114567
1114576
1114612
1114628
1114678
1114691
1114708
1114728
1114770
1114863
1114877
1114898
1114952
1114967
1114986
1114994
1115032
1115109
1115128
1115131
1115136
1115140
1115149
1115176
1115297
1115382
1115569
1115602
1115780
1115841
1115849
1115857
1115889
1116094
1116103
1116129
1116179
1116207
1116275
1116295
1116372
1116375
1116392
1116517
1116547
1116571
1116661
1116829
1116832
1116843
1116905
1116983
1117082
1117121
1117170
1117176
1117193
1117253
1117266
1117324
1117410
1117447
1117478
1117485
1117532
1117653
1117657
1117677
1117748
1117765
1117875
1117880
1117966
1118018
1118121
1118137
1118157
1118159
1118215
1118327
1118346
1118354
1118358
1118391
1118459
1118500
1118511
1118551
1118557
1118597
1118666
1118727
1118745
1118810
1118824
1118884
1118887
1118906
1118943
1119139
1119205
1119234
1119242
1119252
1119265
1119277
1119307
1119402
1119440
1119471
1119475
1119581
1119653
1119741
1119750
1119755
1119762
1119825
1119839
1119844
1119928
1120060
1120091
1120200
1120240
1120261
1120325
1120464
1120536
1120580
1120591
1120618
1120631
1120657
1120727
1120765
1120773
1120793
1120825
1120918
1120941
1120950
1120961
1120972
1121026
1121065
1121192
1121204
1121207
1121291
1121335
1121366
1121378
1121415
1121443
1121456
1121479
1121542
1121572
1121667
1121931
1121945
1121953
1121958
1121981
1122024
1122067
1122107
1122154
1122161
1122230
1122267
1122273
1122303
1122320
1122344
1122371
1122495
1122496
1122520
1122665
1122670
1122726
1122737
1122748
1122807
1122826
1122909
1122980
1123012
1123031
1123050
1123075
1123100
1123105
1123225
1123269
1123275
1123310
1123320
1123322
1123335
1123340
1123354
1123365
1123374
1123464
1123527
1123547
1123560
1123626
1123633
1123640
1123698
1123702
1123837
1123931
1123948
1123962
1123964
1124012
1124022
1124027
1124032
1124050
1124070
1124071
1124082
1124086
1124168
1124232
1124239
1124266
1124268
1124301
1124307
1124316
1124328
1124346
1124372
1124386
1124430
1124447
1124506
1124533
1124602
1124614
1124665
1124747
1124751
1124758
1124939
1124948
1124959
1124975
1125007
1125197
1125262
1125320
1125326
1125327
1125334
1125431
1125466
1125502
1125527
1125558
1125568
1125589
1125717
1125809
1125811
1125898
1125902
1125910
1125947
1126011
1126048
1126086
1126098
1126145
1126188
1126193
1126307
1126375
1126428
1126445
1126482
1126528
1126545
1126558
1126591
1126649
1126695
1126705
1126717
1126740
1126745
1126936
1126950
1126980
1127050
1127068
1127201
1127208
1127223
1127267
1127325
1127414
1127439
1127499
1127511
1127566
1127733
1127780
1127813
1127929
1127981
1127984
1128010
1128022
1128036
1128096
1128197
1128262
1128286
1128382
1128394
1128402
1128426
1128438
1128454
1128493
1128496
1128500
1128572
1128707
1128741
1128770
1128820
1128913
1128960
1129025
1129039
1129057
1129087
1129088
1129144
1129184
1129225
1129268
1129478
1129487
1129674
1129713
1129770
1129776
1129822
1129920
1129923
1129938
1129994
1129997
1130006
1130105
1130207
1130320
1130431
1130458
1130529
1130547
1130598
1130684
1130687
1130743
1130750
1130778
1130811
1130822
1130836
1130891
1130902
1131003
1131027
1131031
1131064
1131067
1131133
1131230
1131245
1131249
1131269
1131273
1131311
1131355
1131483
1131487
1131512
1131527
1131580
1131607
1131612
1131657
1131672
1131714
1131746
1131792
1131796
1131816
1131897
1131966
1131984
1132024
1132055
1132088
1132149
1132161
1132179
1132203
1132272
1132278
1132367
1132434
1132531
1132631
1132663
1132674
1132715
1132744
1132753
1132766
1132769
1132866
1132892
1132998
1133028
1133036
1133061
1133087
1133090
1133105
1133201
1133204
1133251
1133257
1133356
1133443
1133486
1133501
1133502
1133512
1133619
1133686
1133689
1133704
1133722
1133728
1133923
1134086
1134149
1134162
1134192
1134237
1134280
1134339
1134352
1134380
1134396
1134483
1134485
1134500
1134541
1134565
1134645
1134770
1134780
1134792
1134810
1134851
1134986
1135065
1135106
1135116
1135161
1135321
1135369
1135388
1135402
1135429
1135514
1135519
1135568
1135623
1135637
1135646
1135758
1135760
1135825
1135849
1135882
1136106
1136131
1136133
1136160
1136179
1136359
1136465
1136473
1136513
1136542
1136600
1136622
1136648
1136663
1136682
1136712
1136801
1136804
1136806
1136834
1136851
1136899
1136945
1136976
1136984
1137054
1137076
1137136
1137151
1137186
1137195
1137280
1137309
1137318
1137323
1137363
1137383
1137385
1137416
1137454
1137564
1137575
1137591
1137716
1137749
1137775
1137815
1137837
1137876
1137893
1137930
1137985
1137994
1138003
1138083
1138246
1138257
1138276
1138320
1138334
1138441
1138473
1138495
1138516
1138525
1138571
1138690
1138746
1138752
1138805
1138866
1138898
1138990
1139014
1139053
1139105
1139141
1139175
1139200
1139231
1139255
1139272
1139318
1139363
1139376
1139403
1139415
1139436
1139453
1139552
1139593
1139596
1139662
1139688
1139777
1139781
1139798
1139874
1139892
1139898
1139932
1139944
1140060
1140140
1140159
1140236
1140264
1140281
1140308
1140330
1140356
1140371
1140460
1140478
1140508
1140519
1140523
1140529
1140543
1140574
1140602
1140694
1140720
1140746
1140750
1140792
1140882
1140892
1140913
1140921
1141050
1141112
1141142
1141166
1141186
1141201
1141332
1141358
1141450
1141474
1141488
1141547
1141550
1141566
1141579
1141592
1141597
1141615
1141621
1141654
1141682
1141708
1141810
1141816
1141855
1141971
1142017
1142104
1142142
1142231
1142243
1142303
1142314
1142348
1142358
1142374
1142418
1142506
1142769
1142801
1142810
1142876
1142907
1142936
1142949
1142962
1142976
1143003
1143023
1143032
1143063
1143069
1143201
1143211
1143219
1143246
1143278
1143283
1143366
1143389
1143417
1143421
1143449
1143456
1143523
1143530
1143541
1143580
1143693
1143735
1143781
1143794
1143821
1143827
1143880
1143911
1143916
1143967
1144028
1144154
1144172
1144200
1144210
1144291
1144300
1144315
1144347
1144357
1144375
1144379
1144421
1144453
1144530
1144554
1144566
1144622
1144686
1144691
1144718
1144817
1144831
1144872
1144886
1144946
1145048
1145151
1145191
1145249
1145266
1145316
1145354
1145508
1145516
1145530
1145548
1145562
1145675
1145687
1145748
1145760
1145779
1145896
1145906
1145922
1145927
1145970
1146057
1146095
1146127
1146218
1146229
1146251
1146266
1146338
1146342
1146368
1146434
1146445
1146466
1146512
1146523
1146536
1146580
1146642
1146645
1146719
1146740
1146834
1146871
1146913
1146936
1147165
1147212
1147270
1147282
1147302
1147357
1147512
1147540
1147546
1147556
1147705
1147898
1147934
1147965
1148050
1148095
1148110
1148195
1148226
1148243
1148256
1148271
1148311
1148320
1148342
1148418
1148424
1148440
1148454
1148465
1148476
1148500
1148520
1148550
1148593
1148619
1148748
1148759
1148843
1148969
1149040
1149046
1149100
1149124
1149141
1149171
1149184
1149192
1149223
1149334
1149340
1149429
1149456
1149592
1149663
1149700
1149768
1149794
1149855
1149887
1149955
1149974
1149987
1150039
1150045
1150073
1150114
1150121
1150137
1150169
1150207
1150210
1150232
1150308
1150452
1150479
1150485
1150504
1150530
1150570
1150589
1150613
1150637
1150651
1150763
1150809
1150832
1150833
1150844
1150879
1150917
1150921
1150956
1151089
1151122
1151156
1151184
1151201
1151315
1151378
1151422
1151446
1151450
1151480
1151506
1151534
1151553
1151616
1151639
1151811
1151851
1151906
1151928
1152046
1152049
1152086
1152189
1152323
1152357
1152367
1152488
1152508
1152562
1152602
1152646
1152733
1152758
1152824
1152827
1152861
1152869
1152977
1153058
1153066
1153092
1153114
1153128
1153161
1153203
1153205
1153208
1153218
1153236
1153269
1153316
1153318
1153366
1153371
1153450
1153477
1153678
1153762
1153790
1153803
1153878
1153910
1153960
1154011
1154027
1154043
1154068
1154122
1154141
1154148
1154160
1154167
1154190
1154291
1154341
1154415
1154437
1154441
1154447
1154483
1154494
1154551
1154570
1154572
1154591
1154598
1154612
1154664
1154712
1154717
1154844
1154915
1154999
1155001
1155053
1155093
1155136
1155238
1155247
1155277
1155325
1155350
1155385
1155399
1155441
1155465
1155494
1155505
1155525
1155682
1155684
1155686
1155722
1155826
1155917
1155939
1155946
1155980
1156135
1156145
1156171
1156235
1156292
1156399
1156521
1156551
1156593
1156650
1156685
1156723
1156808
1156895
1156903
1157014
1157121
1157162
1157237
1157248
1157252
1157341
1157368
1157570
1157598
1157621
1157690
1157699
1157787
1157858
1157882
1157919
1157929
1157944
1157945
1157955
1157989
1158007
1158060
1158093
1158138
1158157
1158201
1158220
1158232
1158242
1158292
1158387
1158462
1158470
1158494
1158497
1158553
1158558
1158567
1158584
1158711
1158743
1158805
1158861
1158954
1159069
1159088
1159099
1159171
1159259
1159385
1159405
1159437
1159560
1159629
1159719
1159815
1159835
1159861
1159957
1160039
1160042
1160167
1160213
1160226
1160243
1160367
1160382
1160390
1160404
1160435
1160547
1160573
1160578
1160603
1160627
1160645
1160654
1160673
1160681
1160691
1160851
1160855
1160919
1160935
1161022
1161029
1161054
1161131
1161147
1161195
1161208
1161293
1161401
1161490
1161511
1161596
1161601
1161671
1161794
1161802
1162009
1162015
1162024
1162110
1162241
1162277
1162322
1162334
1162436
1162456
1162535
1162539
1162555
1162605
1162639
1162729
1162736
1162752
1162769
1162804
1162945
1162956
1162966
1162998
1163011
1163042
1163156
1163166
1163188
1163208
1163214
1163255
1163362
1163376
1163456
1163488
1163490
1163529
1163541
1163563
1163656
1163695
1163714
1163722
1163789
1163842
1163850
1163866
1163882
1163889
1164089
1164133
1164159
1164175
1164237
1164285
1164416
1164482
1164545
1164577
1164580
1164583
1164613
1164651
1164763
1164776
1164836
1164842
1164901
1165019
1165030
1165051
1165137
1165167
1165200
1165278
1165598
1165625
1165644
1165681
1165765
1165776
1165795
1165817
1165855
1165896
1165898
1165934
1166003
1166043
1166077
1166281
1166480
1166551
1166556
1166574
1166618
1166631
1166652
1166654
1166662
1166703
1166773
1166883
1166907
1166942
1167009
1167037
1167065
1167102
1167167
1167203
1167255
1167300
1167443
1167496
1167537
1167593
1167668
1167726
1167787
1167825
1167887
1167896
1167938
1168036
1168129
1168134
1168186
1168215
1168325
1168331
1168337
1168341
1168445
1168465
1168485
1168488
1168514
1168548
1168578
1168602
1168612
1168754
1168827
1168850
1168854
1168877
1168889
1168914
1168935
1168972
1169061
1169111
1169116
1169121
1169187
1169351
1169366
1169497
1169520
1169544
1169667
1169677
1169686
1169739
1169848
1169958
1169979
1170009
1170069
1170088
1170111
1170116
1170194
1170580
1170626
1170679
1170746
1170849
1170870
1170893
1170902
1170903
1170913
1170946
1170981
1171007
1171167
1171173
1171223
1171242
1171322
1171389
1171403
1171416
1171498
1171573
1171589
1171710
1171718
1171767
1171778
1171794
1171811
1171814
1171931
1171951
1172027
1172151
1172167
1172173
1172181
1172191
1172224
1172236
1172264
1172275
1172295
1172367
1172370
1172373
1172413
1172424
1172490
1172515
1172528
1172537
1172583
1172713
1172752
1172790
1172792
1172795
1172802
1172807
1172837
1172855
1172871
1172912
1172940
1173025
1173099
1173105
1173175
1173268
1173319
1173359
1173397
1173462
1173507
1173523
1173526
1173545
1173592
1173605
1173641
1173704
1173770
1173929
1174084
1174123
1174197
1174287
1174383
1174396
1174435
1174566
1174578
1174623
1174624
1174655
1174711
1174734
1174883
1174894
1174910
1174935
1174944
1174961
1174974
1175090
1175143
1175170
1175187
1175236
1175333
1175414
1175455
1175474
1175501
1175616
1175636
1175788
1175834
1175838
1175856
1175861
1175931
1175964
1176141
1176169
1176179
1176205
1176243
1176251
1176330
1176340
1176413
1176424
1176456
1176463
1176472
1176488
1176519
1176553
1176568
1176579
1176583
1176600
1176644
1176674
1176729
1176771
1176804
1176826
1176879
1177020
1177064
1177082
1177101
1177121
1177130
1177157
1177164
1177248
1177253
1177309
1177325
1177384
1177446
1177473
1177513
1177570
1177581
1177621
1177629
1177652
1177659
1177713
1177775
1177785
1177790
1177812
1177838
1177844
1177896
1177901
1177905
1177931
1177973
1177976
1178002
1178028
1178034
1178041
1178076
1178139
1178170
1178183
1178260
1178360
1178450
1178535
1178567
1178651
1178663
1178703
1178814
1178830
1178834
1178871
1178877
1178895
1178899
1178908
1178927
1178929
1178954
1178999
1179044
1179075
1179217
1179258
1179316
1179376
1179388
1179401
1179415
1179444
1179490
1179533
1179540
1179562
1179608
1179617
1179661
1179680
1179706
1179735
1179828
1179872
1179936
1179960
1179983
1180102
1180143
1180157
1180265
1180314
1180323
1180339
1180395
1180457
1180459
1180507
1180520
1180546
1180562
1180566
1180568
1180618
1180699
1180719
1180755
1180802
1180820
1180860
1180879
1181018
1181057
1181066
1181119
1181132
1181141
1181328
1181384
1181469
1181499
1181531
1181567
1181675
1181681
1181725
1181732
1181743
1181810
1181836
1181863
1181976
1181987
1181993
1182061
1182162
1182199
1182376
1182391
1182394
1182403
1182488
1182544
1182641
1182662
1182803
1182824
1182875
1182912
1182930
1182935
1182950
1182996
1183021
1183064
1183074
1183167
1183211
1183224
1183236
1183360
1183387
1183520
1183525
1183536
1183550
1183636
1183639
1183645
1183777
1183830
1183858
1183862
1183912
1183915
1183961
1184003
1184082
1184123
1184213
1184216
1184221
1184276
1184295
1184317
1184342
1184383
1184437
1184451
1184464
1184477
1184540
1184566
1184578
1184624
1184707
1184781
1184809
1184870
1184938
1184985
1185081
1185093
1185102
1185106
1185113
1185127
1185136
1185143
1185152
1185178
1185286
1185292
1185320
1185350
1185450
1185479
1185484
1185562
1185621
1185640
1185677
1185733
1185774
1185779
1185793
1185809
1185836
1185879
1185902
1185957
1185998
1186014
1186054
1186106
1186128
1186210
1186219
1186232
1186288
1186319
1186334
1186356
1186483
1186488
1186537
1186611
1186626
1186681
1186682
1186733
1186751
1186754
1186771
1186790
1186805
1186909
1186910
1186919
1186948
1186977
1187013
1187019
1187044
1187082
1187092
1187165
1187264
1187268
1187382
1187420
1187430
1187479
1187526
1187588
1187601
1187621
1187681
1187691
1187698
1187731
1187746
1187751
1187778
1187782
1187815
1187852
1187878
1187879
1187907
1187950
1188025
1188044
1188094
1188128
1188203
1188238
1188242
1188273
1188358
1188432
1188484
1188515
1188615
1188670
1188738
1188747
1188798
1188811
1188870
1188888
1188948
1188971
1189008
1189035
1189220
1189240
1189291
1189299
1189361
1189544
1189568
1189602
1189611
1189640
1189728
1189736
1189773
1189824
1189849
1189856
1189895
1189901
1189948
1189954
1189957
1190058
1190145
1190181
1190204
1190253
1190265
1190269
1190280
1190287
1190409
1190499
1190506
1190573
1190607
1190789
1190813
1190827
1190855
1190863
1190890
1190959
1190960
1190978
1191010
1191050
1191088
1191158
1191194
1191211
1191282
1191312
1191339
1191343
1191349
1191451
1191510
1191582
1191616
1191635
1191657
1191688
1191734
1191774
1191807
1191866
1191960
1191983
1192007
1192025
1192086
1192090
1192098
1192112
1192216
1192284
1192286
1192304
1192310
1192348
1192351
1192493
1192537
1192543
1192571
1192599
1192635
1192656
1192682
1192751
1192768
1192920
1192933
1192957
1193010
1193012
1193041
1193093
1193102
1193172
1193229
1193248
1193257
1193322
1193361
1193409
1193447
1193454
1193488
1193510
1193573
1193580
1193592
1193613
1193628
1193641
1193669
1193682
1193731
1193754
1193777
1193787
1193862
1193878
1193922
1193944
1193947
1193960
1193987
1194021
1194085
1194089
1194091
1194171
1194279
1194314
1194343
1194423
1194452
1194457
1194475
1194558
1194561
1194577
1194609
1194624
1194627
1194657
1194683
1194885
1194908
1195031
1195051
1195098
1195117
1195135
1195166
1195261
1195274
1195306
1195454
1195554
1195593
1195628
1195653
1195749
1195764
1195858
1195883
1195992
1196002
1196050
1196121
1196180
1196195
1196213
1196216
1196226
1196238
1196256
1196269
1196272
1196291
1196301
1196302
1196325
1196368
1196377
1196405
1196465
1196528
1196595
1196865
1196967
1197142
1197214
1197233
1197285
1197295
1197401
1197405
1197426
1197448
1197459
1197523
1197551
1197621
1197623
1197659
1197666
1197697
1197843
1197854
1197864
1197877
1197892
1197955
1197965
1197988
1198015
1198135
1198197
1198204
1198236
1198261
1198400
1198432
1198514
1198542
1198591
1198772
1198788
1198801
1198844
1198935
1198996
1199092
1199123
1199137
1199184
1199242
1199443
1199465
1199608
1199638
1199654
1199683
1199791
1199817
1199825
1199863
1199904
1199917
1199934
1200138
1200178
1200184
1200238
1200445
1200496
1200538
1200598
1200600
1200614
1200625
1200630
1200660
1200715
1200721
1200722
1200733
1200761
1200765
1200863
1200912
1200991
1201018
1201031
1201055
1201167
1201199
1201320
1201349
1201408
1201437
1201446
1201519
1201683
1201702
1201741
1201758
1201819
1201821
1201877
1201890
1201946
1201951
1202016
1202084
1202091
1202231
1202362
1202436
1202442
1202445
1202453
1202551
1202561
1202648
1202671
1202749
1202831
1202911
1202922
1202932
1202941
1202949
1203035
1203052
1203098
1203286
1203305
1203329
1203334
1203360
1203405
1203516
1203592
1203705
1203706
1203707
1203753
1203782
1203890
1203907
1203911
1203980
1204059
1204082
1204085
1204254
1204303
1204343
1204421
1204522
1204655
1204731
1204737
1204753
1204762
1204773
1204807
1204847
1204895
1204981
1204998
1205007
1205029
1205040
1205050
1205140
1205151
1205179
1205201
1205254
1205266
1205285
1205364
1205376
1205380
1205413
1205447
1205502
1205573
1205609
1205629
1205670
1205761
1205771
1205792
1205819
1205823
1205865
1205937
1206024
1206031
1206154
1206169
1206203
1206273
1206289
1206446
1206577
1206588
1206598
1206644
1206687
1206726
1206774
1206796
1206910
1206925
1206936
1206954
1207012
1207082
1207119
1207233
1207280
1207398
1207457
1207468
1207499
1207535
1207612
1207697
1207774
1207902
1207927
1207933
1208019
1208067
1208084
1208113
1208142
1208177
1208207
1208237
1208253
1208281
1208292
1208321
1208446
1208471
1208490
1208503
1208534
1208593
1208601
1208627
1208647
1208704
1208740
1208749
1208754
1208763
1208781
1208805
1208814
1208974
1208984
1209135
1209139
1209162
1209177
1209184
1209205
1209207
1209315
1209373
1209432
1209463
1209573
1209681
1209725
1209732
1209746
1209751
1209897
1209970
1209991
1210012
1210090
1210117
1210331
1210417
1210437
1210464
1210490
1210570
1210591
1210645
1210652
1210757
1210761
1210799
1210924
1210928
1210939
1211043
1211051
1211061
1211079
1211109
1211124
1211143
1211149
1211175
1211179
1211209
1211219
1211306
1211316
1211367
1211377
1211524
1211567
1211687
1211688
1211737
1211856
1211875
1211881
1211890
1211914
1212054
1212062
1212107
1212118
1212221
1212247
1212253
1212395
1212486
1212525
1212530
1212559
1212566
1212606
1212609
1212653
1212664
1212683
1212696
1212740
1212857
1212874
1212947
1212968
1213066
1213087
1213170
1213181
1213190
1213224
1213256
1213264
1213415
1213429
1213450
1213505
1213545
1213555
1213592
1213601
1213678
1213695
1213705
1213773
1213895
1213919
1213927
1213953
1213958
1214027
1214105
1214280
1214363
1214377
1214461
1214499
1214530
1214535
1214574
1214584
1214674
1214785
1214849
1214877
1214900
1214904
1214941
1214953
1215041
1215063
1215125
1215171
1215432
1215460
1215524
1215528
1215618
1215636
1215736
1215775
1215784
1215858
1215937
1215951
1215989
1216052
1216095
1216187
1216340
1216451
1216484
1216558
1216610
1216654
1216669
1216713
1216726
1216731
1216734
1216790
1216820
1216904
1216906
1216992
1217007
1217071
1217119
1217213
1217261
1217323
1217366
1217381
1217406
1217418
1217438
1217443
1217450
1217476
1217572
1217869
1218015
1218080
1218085
1218093
1218111
1218209
1218212
1218275
1218294
1218336
1218354
1218370
1218409
1218453
1218478
1218535
1218551
1218565
1218628
1218661
1218696
1218731
1218796
1218817
1218833
1218843
1218881
1218931
1218958
1218969
1218983
1219148
1219184
1219292
1219359
1219379
1219401
1219430
1219433
1219438
1219450
1219493
1219579
1219642
1219700
1219704
1219831
1219890
1219956
1219962
1219993
1220019
1220030
1220058
1220093
1220102
1220139
1220195
1220200
1220208
1220272
1220287
1220366
1220417
1220427
1220480
1220529
1220562
1220584
1220667
1220677
1220704
1220874
1220880
1220980
1221000
1221018
1221229
1221265
1221328
1221370
1221499
1221512
1221570
1221692
1221719
1221741
1221747
1221753
1221800
1221839
1221852
1221887
1221914
1221990
1222035
1222055
1222158
1222195
1222272
1222278
1222364
1222479
1222537
1222556
1222629
1222705
1222770
1222815
1222840
1222844
1222935
1222938
1222974
1223103
1223135
1223146
1223149
1223181
1223215
1223228
1223291
1223309
1223325
1223372
1223796
1223809
1223827
1223842
1223910
1223923
1223972
1224145
1224182
1224219
1224235
1224375
1224435
1224468
1224475
1224500
1224502
1224645
1224649
1224711
1224776
1224895
1224925
1224930
1225008
1225096
1225120
1225131
1225213
1225289
1225332
1225344
1225450
1225460
1225511
1225589
1225621
1225646
1225678
1225705
1225753
1225897
1225933
1225980
1226013
1226062
1226099
1226138
1226147
1226192
1226262
1226312
1226361
1226376
1226403
1226435
1226518
1226567
1226623
1226694
1226727
1226741
1226809
1226942
1226951
1226983
1227022
1227165
1227360
1227389
1227418
1227420
1227463
1227542
1227559
1227594
1227601
1227610
1227628
1227683
1227713
1227787
1227848
1227859
1227881
1227930
1227968
1228076
1228079
1228146
1228240
1228352
1228359
1228406
1228440
1228497
1228548
1228682
1228744
1228755
1228815
1228827
1228847
1228879
1228885
1228906
1228927
1228945
1229142
1229155
1229362
1229414
1229460
1229503
1229599
1229649
1229699
1229726
1229794
1229797
1229815
1229843
1229865
1229959
1230067
1230143
1230172
1230194
1230200
1230212
1230248
1230255
1230286
1230338
1230350
1230434
1230499
1230551
1230553
1230562
1230579
1230608
1230630
1230834
1230835
1230846
1230866
1230939
1230952
1230981
1231061
1231109
1231138
1231190
1231243
1231487
1231507
1231588
1231694
1231715
1231751
1231787
1231907
1231958
1232029
1232041
1232054
1232178
1232205
1232261
1232263
1232310
1232312
1232456
1232468
1232567
1232591
1232628
1232649
1232654
1232684
1232700
1232702
1232877
1232884
1233008
1233035
1233076
1233081
1233176
1233222
1233260
1233291
1233344
1233346
1233349
1233359
1233368
1233370
1233419
1233584
1233606
1233664
1233672
1233694
1233739
1233793
1233826
1233872
1233879
1233905
1233966
1233985
1234013
1234076
1234198
1234261
1234297
1234338
1234348
1234376
1234391
1234505
1234529
1234578
1234621
1234662
1234669
1234704
1234730
1234735
1234799
1234846
1234853
1234854
1234888
1234971
1234985
1235007
1235064
1235085
1235088
1235097
1235114
1235122
1235196
1235216
1235227
1235409
1235428
1235479
1235556
1235568
1235675
1235690
1235765
1235849
1235883
1235889
1235941
1235977
1236049
1236174
1236188
1236221
1236254
1236288
1236327
1236471
1236516
1236538
1236550
1236572
1236598
1236652
1236669
1236737
1236765
1236821
1236846
1236925
1236996
1237011
1237026
1237346
1237427
1237486
1237570
1237630
1237635
1237636
1237650
1237736
1237744
1237782
1237827
1237829
1237845
1237857
1237940
1237950
1238037
1238284
1238372
1238376
1238388
1238398
1238482
1238489
1238562
1238589
1238591
1238605
1238639
1238665
1238677
1238692
1238857
1238940
1238953
1239050
1239061
1239080
1239102
1239199
1239261
1239324
1239331
1239422
1239508
1239509
1239520
1239629
1239653
1239657
1239666
1239745
1239905
1239975
1239982
1240000
1240036
1240119
1240136
1240155
1240188
1240195
1240199
1240319
1240340
1240413
1240543
1240619
1240663
1240691
1240806
1240826
1240907
1240973
1240985
1241025
1241027
1241048
1241114
1241129
1241180
1241199
1241259
1241330
1241352
1241369
1241381
1241415
1241635
1241652
1241659
1241661
1241704
1241707
1241738
1241750
1241769
1241849
1241928
1241957
1241960
1241978
1242033
1242152
1242189
1242337
1242378
1242397
1242424
1242447
1242461
1242478
1242537
1242600
1242613
1242638
1242768
1242775
1242854
1242870
1242885
1242970
1243053
1243077
1243101
1243111
1243187
1243190
1243197
1243217
1243273
1243285
1243316
1243328
1243332
1243350
1243374
1243395
1243463
1243469
1243498
1243507
1243583
1243675
1243702
1243786
1243879
1243938
1244016
1244105
1244130
1244212
1244221
1244273
1244298
1244331
1244358
1244370
1244496
1244512
1244568
1244641
1244649
1244704
1244790
1244826
1244843
1245018
1245084
1245087
1245096
1245110
1245122
1245223
1245236
1245243
1245247
1245288
1245306
1245403
1245424
1245449
1245487
1245558
1245666
1245712
1245722
1245784
1245794
1245809
1245845
1245896
1245906
1245961
1245988
1245990
1246012
1246024
1246096
1246107
1246193
1246205
1246259
1246301
1246305
1246330
1246386
1246447
1246585
1246601
1246614
1246622
1246656
1246672
1246707
1246908
1246948
1247008
1247097
1247114
1247182
1247201
1247210
1247293
1247323
1247356
1247411
1247497
1247594
1247605
1247650
1247741
1247837
1247846
1248056
1248101
1248124
1248292
1248347
1248351
1248382
1248438
1248560
1248571
1248628
1248656
1248686
1248699
1248739
1248755
1248820
1248933
1249008
1249064
1249082
1249191
1249210
1249307
1249310
1249341
1249468
1249501
1249554
1249612
1249701
1249782
1249876
1249881
1249910
1249958
1249992
1250024
1250050
1250059
1250063
1250139
1250149
1250259
1250290
1250358
1250364
1250376
1250479
1250526
1250555
1250590
1250637
1250686
1250693
1250728
1250762
1250764
1250813
1250827
1250846
1250860
1250904
1250912
1251048
1251088
1251177
1251183
1251456
1251518
1251542
1251567
1251593
1251711
1251719
1251729
1251819
1251893
1251919
1251975
1251983
1252195
1252213
1252235
1252238
1252268
1252286
1252303
1252323
1252422
1252526
1252537
1252576
1252650
1252658
1252683
1252688
1252692
1252701
1252750
1252783
1252785
1252820
1252877
1252902
1253117
1253161
1253299
1253301
1253312
1253439
1253512
1253544
1253570
1253590
1253597
1253692
1253697
1253748
1253761
1253788
1253815
1253840
1253897
1253912
1253960
1254047
1254098
1254118
1254152
1254194
1254227
1254251
1254360
1254452
1254488
1254537
1254618
1254648
1254659
1254722
1254779
1254806
1254904
1254950
1254962
1255001
1255017
1255020
1255265
1255312
1255330
1255400
1255445
1255530
1255554
1255592
1255597
1255633
1255723
1255868
1255904
1255923
1255951
1255982
1255985
1255996
1256104
1256116
1256153
1256156
1256175
1256193
1256299
1256306
1256331
1256345
1256386
1256390
1256399
1256407
1256410
1256428
1256497
1256652
1256717
1256788
1256801
1256812
1256874
1256939
1256951
1257056
1257096
1257131
1257139
1257241
1257268
1257275
1257321
1257343
1257370
1257377
1257401
1257421
1257424
1257431
1257479
1257489
1257512
1257622
1257697
1257818
1257852
1257856
1257875
1257899
1257919
1257972
1257998
1258141
1258157
1258178
1258217
1258225
1258234
1258235
1258258
1258270
1258337
1258352
1258367
1258373
1258390
1258444
1258453
1258483
1258486
1258518
1258525
1258553
1258647
1258667
1258680
1258682
1258756
1258783
1258799
1258811
1258951
1258976
1258995
1259040
1259092
1259114
1259151
1259219
1259268
1259280
1259329
1259415
1259515
1259615
1259921
1259953
1259971
1259991
1260017
1260023
1260045
1260167
1260187
1260274
1260309
1260393
1260412
1260468
1260501
1260511
1260537
1260544
1260591
1260662
1260680
1260687
1260692
1260823
1260847
1261065
1261204
1261283
1261343
1261403
1261409
1261450
1261458
1261468
1261537
1261614
1261642
1261677
1261740
1261746
1261762
1261777
1261804
1261861
1261877
1261927
1261951
1261958
1261992
1262022
1262088
1262099
1262237
1262271
1262305
1262316
1262321
1262354
1262411
1262514
1262536
1262554
1262616
1262621
1262628
1262637
1262643
1262672
1262679
1262682
1262695
1262715
1262729
1262811
1262859
1262962
1262987
1263007
1263011
1263081
1263098
1263125
1263143
1263170
1263182
1263309
1263327
1263348
1263400
1263407
1263415
1263422
1263430
1263439
1263460
1263461
1263542
1263568
1263572
1263574
1263595
1263637
1263702
1263711
1263717
1263735
1263745
1263767
1263862
1263894
1263940
1263950
1263986
1264033
1264088
1264154
1264183
1264221
1264393
1264396
1264430
1264470
1264502
1264560
1264630
1264694
1264696
1264744
1264749
1264757
1264783
1264788
1264794
1264831
1264836
1264861
1264863
1264871
1264877
1264913
1264979
1265006
1265018
1265020
1265029
1265097
1265390
1265404
1265428
1265444
1265502
1265546
1265552
1265579
1265639
1265755
1265764
1265804
1265819
1265843
1265851
1265896
1265917
1265999
1266001
1266029
1266250
1266257
1266294
1266298
1266312
1266324
1266333
1266363
1266384
1266436
1266456
1266461
1266469
1266505
1266518
1266635
1266680
1266712
1266733
1266754
1266791
1266794
1266803
1266817
1266837
1266845
1266858
1266863
1266945
1266949
1266952
1266958
1267022
1267088
1267122
1267131
1267168
1267189
1267193
1267196
1267200
1267253
1267302
1267313
1267356
1267383
1267432
1267476
1267478
1267513
1267542
1267559
1267565
1267616
1267659
1267663
1267719
1267733
1267828
1267850
1267874
1267904
1267947
1267969
1268022
1268044
1268110
1268152
1268168
1268185
1268190
1268230
1268350
1268365
1268390
1268408
1268432
1268463
1268476
1268505
1268517
1268520
1268574
1268665
1268700
1268725
1268755
1268794
1268820
1268890
1268907
1268913
1268938
1268955
1269005
1269010
1269038
1269064
1269076
1269118
1269154
1269169
1269178
1269181
1269204
1269231
1269238
1269258
1269270
1269277
1269362
1269385
1269402
1269406
1269459
1269508
1269684
1269706
1269717
1269751
1269758
1269775
1269797
1269852
1269962
1269973
1269981
1269987
1269988
1269998
1270012
1270039
1270044
1270120
1270164
1270332
1270350
1270413
1270454
1270457
1270466
1270548
1270605
1270618
1270656
1270665
1270734
1270735
1270751
1270757
1270797
1270871
1270914
1270937
1270963
1270978
1270991
1270998
1271069
1271090
1271210
1271265
1271328
1271390
1271424
1271454
1271499
1271508
1271511
1271513
1271535
1271584
1271603
1271658
1271735
1271763
1271803
1271835
1271839
1271866
1271881
1271935
1271962
1271983
1272065
1272078
1272105
1272119
1272176
1272177
1272250
1272261
1272274
1272290
1272321
1272332
1272347
1272354
1272405
1272453
1272464
1272476
1272544
1272572
1272587
1272643
1272679
1272711
1272849
1273047
1273081
1273122
1273132
1273159
1273198
1273201
1273232
1273261
1273304
1273342
1273362
1273426
1273448
1273457
1273506
1273511
1273531
1273561
1273567
1273679
1273697
1273719
1273818
1273858
1273916
1273968
1274077
1274096
1274138
1274161
1274178
1274214
1274275
1274402
1274509
1274532
1274645
1274655
1274701
1274714
1274740
1274868
1274893
1274960
1274988
1275012
1275014
1275109
1275123
1275143
1275168
1275192
1275266
1275289
1275329
1275342
1275356
1275381
1275418
1275437
1275484
1275491
1275506
1275522
1275532
1275561
1275606
1275708
1275775
1275783
1275888
1275927
1275960
1275967
1276002
1276028
1276029
1276068
1276129
1276193
1276204
1276221
1276244
1276494
1276513
1276521
1276615
1276680
1276699
1276775
1276882
1277100
1277122
1277191
1277243
1277244
1277281
1277373
1277397
1277445
1277591
1277604
1277647
1277674
1277700
1277760
1277779
1277784
1277800
1277805
1277877
1277885
1277893
1277915
1277930
1277952
1277958
1277986
1278002
1278050
1278063
1278100
1278120
1278174
1278259
1278346
1278374
1278388
1278469
1278489
1278564
1278573
1278720
1278731
1278770
1278799
1278841
1278851
1278868
1278889
1278924
1278986
1278997
1279033
1279053
1279124
1279166
1279206
1279265
1279271
1279274
1279298
1279310
1279423
1279437
1279467
1279506
1279527
1279566
1279577
1279601
1279607
1279733
1279783
1279786
1279802
1279821
1279848
1279895
1279915
1279942
1279992
1280007
1280082
1280104
1280135
1280142
1280150
1280169
1280184
1280278
1280394
1280451
1280618
1280670
1280677
1280695
1280781
1280790
1280889
1280947
1281053
1281056
1281061
1281079
1281113
1281140
1281214
1281227
1281266
1281283
1281323
1281346
1281419
1281436
1281474
1281489
1281494
1281608
1281639
1281680
1281738
1281830
1281933
1281938
1281972
1281993
1282036
1282084
1282093
1282191
1282277
1282293
1282314
1282318
1282334
1282358
1282392
1282417
1282444
1282483
1282490
1282699
1282724
1282750
1282776
1282900
1282949
1282970
1283095
1283152
1283191
1283201
1283218
1283229
1283233
1283287
1283308
1283328
1283374
1283376
1283427
1283494
1283539
1283704
1283706
1283765
1283795
1283826
1283852
1283883
1283888
1283951
1283984
1284060
1284190
1284220
1284245
1284271
1284367
1284438
1284482
1284490
1284581
1284616
1284626
1284668
1284689
1284721
1284984
1285132
1285272
1285278
1285300
1285309
1285312
1285392
1285460
1285612
1285628
1285714
1285788
1285857
1285870
1285969
1286015
1286024
1286094
1286111
1286155
1286178
1286193
1286195
1286230
1286258
1286295
1286316
1286321
1286339
1286355
1286373
1286386
1286409
1286437
1286456
1286471
1286498
1286506
1286526
1286631
1286658
1286708
1286716
1286742
1286788
1286828
1286838
1286887
1286888
1286892
1286944
1286950
1286965
1286980
1287003
1287035
1287067
1287070
1287205
1287208
1287214
1287231
1287380
1287505
1287532
1287538
1287541
1287665
1287781
1287783
1287836
1287892
1287896
1287935
1287956
1287978
1288027
1288059
1288074
1288086
1288105
1288223
1288238
1288246
1288281
1288344
1288348
1288418
1288454
1288472
1288507
1288524
1288549
1288630
1288944
1288981
1289044
1289071
1289077
1289080
1289090
1289187
1289192
1289239
1289253
1289259
1289282
1289308
1289336
1289393
1289408
1289415
1289419
1289435
1289445
1289482
1289523
1289616
1289664
1289680
1289713
1289722
1289730
1289739
1289771
1289776
1289778
1289781
1289788
1289790
1289814
1289944
1289961
1290062
1290075
1290079
1290124
1290158
1290180
1290195
1290212
1290222
1290276
1290302
1290366
1290453
1290495
1290521
1290620
1290665
1290815
1290874
1290962
1290992
1290994
1291002
1291027
1291038
1291167
1291180
1291242
1291269
1291291
1291313
1291327
1291391
1291425
1291469
1291518
1291583
1291587
1291753
1291916
1291980
1291993
1292094
1292218
1292301
1292380
1292381
1292397
1292460
1292479
1292544
1292601
1292610
1292643
1292688
1292698
1292737
1292839
1292861
1293002
1293114
1293122
1293173
1293180
1293257
1293313
1293367
1293410
1293454
1293517
1293550
1293579
1293625
1293643
1293855
1293935
1293949
1294050
1294131
1294173
1294182
1294238
1294309
1294410
1294458
1294477
1294504
1294506
1294554
1294626
1294633
1294653
1294746
1294895
1294930
1294939
1294969
1295048
1295103
1295165
1295174
1295207
1295210
1295268
1295273
1295342
1295396
1295486
1295491
1295509
1295606
1295629
1295658
1295662
1295681
1295743
1295872
1295884
1295953
1295990
1296039
1296060
1296080
1296114
1296128
1296135
1296178
1296259
1296266
1296442
1296447
1296561
1296621
1296639
1296697
1296795
1296797
1296818
1296823
1296857
1296914
1296921
1297035
1297118
1297183
1297279
1297352
1297358
1297428
1297440
1297447
1297476
1297519
1297617
1297637
1297687
1297718
1297786
1297831
1297855
1297881
1297897
1297952
1297961
1297977
1298018
1298045
1298071
1298084
1298109
1298116
1298131
1298143
1298212
1298230
1298244
1298375
1298434
1298440
1298455
1298459
1298548
1298595
1298625
1298767
1298780
1298790
1298827
1298883
1298918
1298930
1298955
1298978
1298996
1299012
1299099
1299107
1299121
1299293
1299332
1299343
1299372
1299382
1299384
1299404
1299465
1299474
1299478
1299483
1299508
1299516
1299527
1299554
1299564
1299628
1299646
1299656
1299666
1299672
1299682
1299713
1299761
1299768
1299769
1299785
1299894
1299913
1299928
1299970
1299998
1300146
1300215
1300329
1300349
1300388
1300413
1300460
1300496
1300507
1300513
1300520
1300523
1300636
1300684
1300841
1300890
1300958
1301031
1301083
1301100
1301121
1301133
1301189
1301190
1301220
1301225
1301246
1301265
1301267
1301316
1301365
1301372
1301380
1301434
1301513
1301557
1301636
1301648
1301671
1301707
1301740
1301826
1301879
1301983
1302024
1302042
1302122
1302136
1302202
1302230
1302314
1302413
1302440
1302475
1302493
1302501
1302531
1302565
1302596
1302623
1302650
1302661
1302668
1302690
1302746
1302754
1302758
1302766
1302907
1302914
1302918
1302957
1303185
1303202
1303215
1303222
1303333
1303347
1303388
1303424
1303427
1303456
1303500
1303510
1303544
1303601
1303785
1304026
1304032
1304054
1304080
1304103
1304123
1304134
1304151
1304173
1304204
1304209
1304236
1304319
1304396
1304502
1304522
1304592
1304596
1304619
1304647
1304656
1304657
1304660
1304698
1304706
1304720
1304758
1304762
1304837
1304847
1304901
1304943
1305094
1305101
1305103
1305195
1305201
1305211
1305230
1305262
1305270
1305337
1305342
1305358
1305424
1305459
1305492
1305500
1305531
1305652
1305683
1305707
1305717
1305853
1305884
1305926
1305994
1306002
1306004
1306018
1306038
1306053
1306062
1306091
1306101
1306117
1306141
1306167
1306180
1306199
1306269
1306318
1306330
1306355
1306381
1306440
1306459
1306519
1306591
1306628
1306670
1306717
1306755
1306848
1306869
1306909
1306959
1306967
1307015
1307085
1307100
1307133
1307196
1307205
1307310
1307367
1307403
1307471
1307506
1307528
1307801
1307807
1307816
1307901
1308018
1308056
1308122
1308160
1308172
1308173
1308211
1308261
1308268
1308398
1308470
1308499
1308521
1308536
1308543
1308576
1308616
1308631
1308642
1308680
1308712
1308747
1308785
1308793
1308897
1308976
1309000
1309032
1309073
1309119
1309141
1309175
1309284
1309312
1309358
1309533
1309541
1309668
1309678
1309692
1309698
1309730
1309743
1309747
1309751
1309789
1309823
1309831
1309856
1309894
1309938
1310048
1310064
1310116
1310124
1310138
1310197
1310241
1310311
1310361
1310389
1310398
1310469
1310474
1310535
1310576
1310581
1310591
1310633
1310655
1310669
1310717
1310723
1310760
1310827
1310866
1310886
1310938
1311078
1311096
1311114
1311153
1311217
1311280
1311302
1311346
1311357
1311396
1311516
1311523
1311529
1311742
1311764
1311803
1311830
1311847
1311861
1311870
1311905
1311908
1312063
1312103
1312132
1312149
1312217
1312221
1312229
1312336
1312366
1312395
1312425
1312502
1312510
1312527
1312591
1312634
1312664
1312755
1312797
1312802
1312845
1312884
1312888
1312910
1312947
1312959
1313015
1313073
1313113
1313189
1313284
1313287
1313294
1313316
1313335
1313342
1313368
1313537
1313618
1313684
1313697
1313704
1313726
1313748
1313842
1313856
1313902
1313945
1313986
1314059
1314069
1314142
1314146
1314228
1314253
1314307
1314384
1314517
1314548
1314643
1314680
1314761
1314776
1314822
1314871
1315001
1315014
1315021
1315059
1315091
1315094
1315111
1315156
1315198
1315257
1315299
1315467
1315489
1315493
1315563
1315637
1315688
1315783
1315841
1315845
1315863
1315879
1316116
1316122
1316190
1316218
1316253
1316275
1316303
1316427
1316451
1316454
1316463
1316477
1316494
1316509
1316586
1316598
1316613
1316627
1316631
1316638
1316658
1316681
1316717
1316761
1316763
1316769
1316836
1316859
1316878
1316900
1317067
1317090
1317270
1317419
1317445
1317450
1317485
1317524
1317564
1317625
1317661
1317692
1317767
1317817
1317921
1317943
1317992
1318016
1318211
1318264
1318331
1318392
1318457
1318468
1318473
1318476
1318530
1318572
1318574
1318605
1318705
1318801
1318817
1318825
1318923
1318968
1319036
1319046
1319094
1319096
1319252
1319448
1319452
1319470
1319563
1319602
1319699
1319799
1319806
1319809
1319846
1319853
1319875
1319888
1319922
1319974
1319985
1320034
1320042
1320091
1320119
1320146
1320304
1320322
1320338
1320374
1320459
1320565
1320599
1320620
1320642
1320650
1320681
1320704
1320745
1320783
1320789
1320802
1320825
1320898
1320903
1320914
1320974
1321050
1321088
1321126
1321187
1321218
1321277
1321296
1321312
1321362
1321364
1321406
1321457
1321462
1321466
1321470
1321477
1321493
1321550
1321592
1321642
1321665
1321670
1321708
1321720
1321792
1321830
1321914
1321928
1321940
1321949
1322062
1322072
1322104
1322107
1322119
1322269
1322294
1322326
1322339
1322348
1322372
1322389
1322480
1322516
1322527
1322562
1322624
1322633
1322738
1322771
1322782
1322836
1322843
1322847
1322878
1322915
1322936
1323011
1323092
1323107
1323110
1323120
1323123
1323137
1323180
1323259
1323272
1323386
1323403
1323500
1323547
1323783
1323815
1323877
1323897
1323910
1323953
1323999
1324000
1324092
1324111
1324282
1324304
1324362
1324402
1324429
1324455
1324528
1324539
1324551
1324553
1324691
1324750
1324784
1324842
1324881
1324892
1324911
1324960
1324973
1324994
1325085
1325102
1325224
1325363
1325366
1325369
1325392
1325481
1325517
1325563
1325616
1325660
1325695
1325705
1325713
1325745
1325977
1326003
1326102
1326135
1326149
1326242
1326269
1326272
1326296
1326394
1326498
1326510
1326583
1326612
1326632
1326682
1326712
1326724
1326733
1326755
1326777
1326790
1326888
1326900
1326991
1327035
1327212
1327245
1327255
1327358
1327375
1327424
1327454
1327551
1327558
1327568
1327595
1327704
1327705
1327724
1327729
1327878
1327891
1327903
1327944
1327981
1328058
1328126
1328171
1328267
1328343
1328398
1328413
1328419
1328484
1328604
1328630
1328773
1328861
1328915
1328920
1328991
1329009
1329127
1329177
1329224
1329275
1329298
1329329
1329366
1329371
1329473
1329477
1329492
1329565
1329615
1329695
1329705
1329711
1329732
1329768
1329794
1329806
1329814
1329875
1329910
1329946
1330057
1330104
1330167
1330170
1330195
1330227
1330238
1330245
1330257
1330263
1330267
1330327
1330386
1330396
1330405
1330411
1330453
1330472
1330498
1330536
1330553
1330563
1330566
1330606
1330654
1330698
1330725
1330736
1330792
1330815
1330822
1330937
1330952
1330978
1330992
1331008
1331195
1331197
1331209
1331243
1331263
1331267
1331331
1331374
1331429
1331455
1331504
1331547
1331562
1331662
1331814
1331830
1331858
1331879
1331884
1331899
1331926
1332035
1332150
1332182
1332217
1332237
1332252
1332292
1332351
1332355
1332400
1332435
1332562
1332591
1332642
1332674
1332705
1332707
1332725
1332733
1332775
1332810
1332830
1332880
1332911
1332928
1333038
1333043
1333097
1333140
1333143
1333180
1333184
1333217
1333243
1333248
1333262
1333281
1333297
1333298
1333353
1333424
1333492
1333526
1333536
1333608
1333615
1333633
1333677
1333697
1333747
1333918
1333923
1333967
1334012
1334015
1334044
1334064
1334130
1334155
1334168
1334200
1334381
1334397
1334441
1334502
1334713
1334775
1334824
1334860
1334880
1334931
1334948
1334991
1334993
1334998
1335031
1335032
1335125
1335160
1335170
1335186
1335203
1335211
1335250
1335279
1335305
1335340
1335353
1335372
1335387
1335409
1335415
1335430
1335486
1335515
1335592
1335627
1335645
1335747
1335818
1335899
1335918
1335933
1335948
1336050
1336131
1336161
1336163
1336202
1336301
1336309
1336552
1336572
1336578
1336599
1336615
1336704
1336708
1336711
1336719
1336732
1336745
1336754
1336838
1336895
1336905
1336954
1337028
1337115
1337130
1337316
1337372
1337374
1337409
1337474
1337487
1337535
1337542
1337653
1337674
1337785
1337787
1337830
1337884
1337893
1337897
1337963
1337991
1338012
1338054
1338088
1338119
1338132
1338151
1338168
1338189
1338194
1338224
1338254
1338272
1338326
1338350
1338363
1338372
1338387
1338438
1338449
1338536
1338601
1338606
1338609
1338726
1338730
1338743
1338748
1338760
1338817
1338901
1338955
1338983
1339038
1339040
1339104
1339119
1339134
1339289
1339298
1339455
1339469
1339528
1339586
1339622
1339625
1339694
1339739
1339774
1339789
1339801
1339835
1339846
1339900
1339963
1339977
1340039
1340087
1340091
1340142
1340171
1340227
1340268
1340276
1340281
1340333
1340346
1340416
1340421
1340442
1340456
1340489
1340513
1340514
1340574
1340600
1340674
1340729
1340783
1340814
1340853
1340902
1340967
1341082
1341186
1341275
1341283
1341359
1341390
1341400
1341402
1341411
1341541
1341579
1341595
1341599
1341767
1341821
1341833
1341846
1341875
1341891
1341929
1341966
1342002
1342091
1342109
1342124
1342127
1342148
1342190
1342237
1342264
1342280
1342301
1342326
1342333
1342337
1342350
1342512
1342525
1342546
1342548
1342552
1342605
1342664
1342690
1342722
1342747
1342754
1342843
1342869
1342886
1342889
1342938
1343008
1343090
1343179
1343208
1343262
1343312
1343317
1343343
1343383
1343420
1343448
1343551
1343595
1343708
1343797
1343818
1343866
1343955
1343969
1343985
1344009
1344018
1344033
1344059
1344074
1344110
1344137
1344159
1344211
1344226
1344230
1344255
1344282
1344291
1344298
1344382
1344464
1344466
1344515
1344562
1344575
1344612
1344659
1344665
1344702
1344707
1344711
1344715
1344929
1344976
1344979
1344997
1345025
1345044
1345050
1345105
1345252
1345344
1345348
1345377
1345459
1345487
1345527
1345530
1345575
1345612
1345632
1345639
1345740
1345768
1345794
1345878
1345892
1345914
1345917
1345959
1345982
1345989
1345999
1346007
1346018
1346071
1346127
1346139
1346175
1346202
1346207
1346226
1346246
1346264
1346272
1346273
1346281
1346294
1346332
1346491
1346517
1346613
1346615
1346629
1346631
1346692
1346707
1346777
1346796
1346820
1346884
1346950
1346954
1346970
1347015
1347032
1347137
1347154
1347224
1347243
1347247
1347286
1347301
1347334
1347465
1347639
1347716
1347877
1347903
1347918
1347938
1348085
1348088
1348149
1348180
1348254
1348284
1348290
1348381
1348483
1348560
1348608
1348636
1348692
1348758
1348791
1348800
1348826
1349040
1349074
1349126
1349200
1349331
1349335
1349345
1349356
1349385
1349401
1349405
1349422
1349493
1349496
1349546
1349694
1349769
1349860
1349891
1349895
1349912
1349967
1349996
1350031
1350070
1350118
1350281
1350345
1350505
1350555
1350568
1350580
1350833
1350887
1350905
1350929
1350934
1350949
1350953
1350963
1351091
1351111
1351136
1351164
1351209
1351220
1351253
1351266
1351269
1351290
1351392
1351404
1351424
1351450
1351454
1351601
1351792
1351822
1351903
1351974
1352060
1352101
1352129
1352141
1352183
1352239
1352265
1352390
1352448
1352489
1352508
1352522
1352538
1352541
1352559
1352604
1352623
1352661
1352664
1352689
1352732
1352876
1352960
1352992
1353024
1353029
1353032
1353033
1353127
1353145
1353151
1353285
1353441
1353448
1353469
1353479
1353700
1353732
1353760
1353785
1353870
1354012
1354036
1354182
1354214
1354217
1354218
1354229
1354252
1354292
1354318
1354409
1354455
1354473
1354519
1354554
1354622
1354626
1354678
1354705
1354728
1354746
1354752
1354754
1354771
1354848
1354870
1354906
1354919
1354965
1355012
1355022
1355024
1355035
1355084
1355143
1355146
1355153
1355200
1355218
1355285
1355292
1355367
1355411
1355431
1355451
1355481
1355528
1355568
1355576
1355589
1355638
1355655
1355661
1355670
1355707
1355721
1355750
1355791
1355881
1355896
1355903
1356093
1356105
1356121
1356130
1356136
1356149
1356165
1356221
1356254
1356338
1356384
1356412
1356438
1356567
1356578
1356695
1356813
1356817
1356837
1356871
1356872
1356880
1356988
1357066
1357107
1357112
1357154
1357163
1357169
1357173
1357312
1357413
1357465
1357494
1357536
1357570
1357582
1357620
1357660
1357721
1357741
1357770
1357800
1357905
1357983
1358071
1358102
1358123
1358159
1358196
1358257
1358263
1358272
1358319
1358386
1358406
1358477
1358556
1358562
1358571
1358619
1358623
1358627
1358672
1358701
1358706
1358751
1358816
1358931
1358936
1358939
1358942
1358962
1358996
1359018
1359056
1359069
1359091
1359120
1359133
1359158
1359185
1359190
1359241
1359255
1359270
1359329
1359335
1359364
1359426
1359451
1359461
1359627
1359666
1359720
1359737
1359761
1359779
1359825
1359828
1359889
1359903
1359940
1359957
1360054
1360103
1360109
1360113
1360116
1360219
1360239
1360249
1360280
1360315
1360322
1360350
1360373
1360413
1360439
1360449
1360573
1360693
1360708
1360714
1360719
1360806
1360827
1360868
1360919
1360934
1360943
1361091
1361098
1361164
1361198
1361226
1361292
1361296
1361472
1361482
1361522
1361527
1361598
1361611
1361614
1361649
1361748
1361775
1361787
1361818
1361826
1361832
1361885
1361915
1362119
1362193
1362195
1362263
1362282
1362286
1362306
1362309
1362313
1362318
1362336
1362396
1362447
1362479
1362499
1362567
1362618
1362698
1362744
1362745
1362752
1362792
1362803
1362812
1362814
1362828
1362863
1362930
1362934
1362975
1363054
1363061
1363135
1363190
1363228
1363254
1363335
1363362
1363384
1363478
1363548
1363574
1363587
1363613
1363725
1363815
1363872
1363879
1363893
1363946
1363984
1364270
1364322
1364326
1364409
1364486
1364498
1364576
1364600
1364612
1364615
1364624
1364715
1364720
1364733
1364778
1364867
1364870
1364874
1364881
1364985
1364995
1365036
1365050
1365154
1365181
1365258
1365290
1365301
1365340
1365387
1365394
1365418
1365450
1365503
1365524
1365536
1365623
1365639
1365652
1365842
1365865
1365882
1365901
1365955
1366009
1366023
1366030
1366094
1366099
1366134
1366172
1366231
1366242
1366294
1366299
1366433
1366437
1366471
1366490
1366523
1366530
1366607
1366627
1366635
1366652
1366684
1366714
1366759
1366813
1366897
1366898
1366924
1366931
1366992
1367033
1367098
1367111
1367124
1367238
1367252
1367271
1367286
1367332
1367360
1367365
1367412
1367427
1367449
1367468
1367480
1367522
1367559
1367586
1367797
1367809
1367918
1367958
1367963
1367971
1367980
1368019
1368070
1368075
1368084
1368097
1368212
1368217
1368311
1368366
1368373
1368405
1368409
1368429
1368461
1368471
1368478
1368596
1368617
1368651
1368659
1368712
1368721
1368739
1368797
1368800
1368814
1368839
1368846
1368851
1368860
1368919
1369070
1369091
1369110
1369142
1369169
1369189
1369273
1369362
1369409
1369418
1369423
1369431
1369438
1369484
1369487
1369547
1369583
1369584
1369692
1369707
1369718
1369751
1369828
1369903
1369959
1370011
1370016
1370022
1370096
1370235
1370283
1370297
1370318
1370359
1370375
1370421
1370486
1370519
1370542
1370548
1370629
1370658
1370706
1370708
1370740
1370756
1370778
1370790
1370862
1370885
1370950
1370953
1371002
1371006
1371012
1371033
1371080
1371289
1371302
1371326
1371347
1371363
1371386
1371414
1371432
1371449
1371526
1371640
1371708
1371738
1371742
1371770
1371781
1371805
1371815
1371821
1371887
1371942
1371944
1371987
1372095
1372104
1372171
1372188
1372202
1372252
1372307
1372336
1372469
1372614
1372660
1372737
1372816
1372849
1372860
1372946
1372984
1373048
1373056
1373082
1373098
1373101
1373166
1373281
1373318
1373348
1373357
1373424
1373452
1373474
1373526
1373581
1373586
1373592
1373684
1373812
1373841
1373880
1373918
1373946
1373964
1373991
1373993
1374255
1374296
1374303
1374304
1374415
1374536
1374548
1374564
1374566
1374604
1374655
1374664
1374697
1374732
1374742
1374745
1374767
1374786
1374820
1374837
1374903
1374943
1374962
1374975
1374989
1375015
1375032
1375036
1375071
1375126
1375128
1375224
1375232
1375309
1375329
1375443
1375449
1375459
1375467
1375546
1375668
1375675
1375681
1375686
1375693
1375724
1375729
1375733
1375751
1375767
1375807
1375840
1375893
1375912
1375947
1375966
1376000
1376007
1376065
1376073
1376097
1376109
1376139
1376177
1376206
1376211
1376294
1376297
1376363
1376408
1376421
1376487
1376553
1376590
1376659
1376660
1376700
1376719
1376793
1376815
1376891
1376925
1377021
1377065
1377095
1377153
1377160
1377262
1377303
1377318
1377353
1377363
1377374
1377404
1377420
1377533
1377560
1377601
1377751
1377774
1377786
1377823
1377851
1377906
1377926
1377931
1377986
1377997
1378005
1378051
1378114
1378193
1378260
1378293
1378402
1378553
1378558
1378589
1378647
1378700
1378762
1378768
1378911
1379013
1379135
1379239
1379250
1379347
1379416
1379435
1379471
1379570
1379602
1379614
1379686
1379706
1379733
1379787
1379800
1379838
1379874
1379912
1379933
1379997
1380119
1380145
1380204
1380386
1380446
1380479
1380503
1380524
1380626
1380644
1380654
1380669
1380683
1380745
1380764
1380794
1380848
1380942
1380953
1381018
1381092
1381278
1381343
1381384
1381470
1381481
1381568
1381610
1381679
1381693
1381896
1381900
1381913
1381955
1381989
1381998
1382047
1382050
1382051
1382110
1382116
1382119
1382161
1382171
1382225
1382278
1382307
1382326
1382337
1382366
1382368
1382389
1382391
1382427
1382498
1382525
1382589
1382608
1382625
1382627
1382662
1382678
1382699
1382719
1382850
1382930
1383041
1383088
1383096
1383132
1383135
1383174
1383201
1383228
1383283
1383325
1383342
1383347
1383428
1383433
1383498
1383538
1383549
1383572
1383603
1383736
1383818
1383881
1383900
1383919
1383936
1383951
1383970
1383978
1383983
1384034
1384065
1384093
1384115
1384124
1384162
1384186
1384189
1384209
1384254
1384339
1384351
1384382
1384423
1384426
1384448
1384512
1384557
1384578
1384594
1384617
1384659
1384666
1384673
1384699
1384749
1384778
1384782
1384788
1384845
1384861
1384955
1385066
1385079
1385102
1385179
1385184
1385216
1385220
1385257
1385266
1385335
1385370
1385391
1385409
1385440
1385497
1385678
1385701
1385729
1385737
1385751
1385760
1385777
1385782
1385796
1385881
1385882
1385916
1385918
1385940
1385988
1386013
1386032
1386036
1386039
1386082
1386104
1386140
1386147
1386163
1386171
1386207
1386220
1386249
1386256
1386314
1386397
1386450
1386465
1386486
1386612
1386648
1386681
1386703
1386752
1386781
1386855
1386871
1386952
1387019
1387032
1387202
1387222
1387267
1387283
1387285
1387308
1387350
1387429
1387499
1387559
1387564
1387698
1387701
1387726
1387826
1387859
1387932
1387946
1388085
1388189
1388219
1388224
1388234
1388303
1388322
1388391
1388436
1388605
1388635
1388654
1388659
1388661
1388670
1388674
1388806
1389069
1389104
1389116
1389181
1389183
1389193
1389228
1389249
1389274
1389291
1389349
1389366
1389424
1389428
1389433
1389482
1389590
1389595
1389617
1389618
1389628
1389654
1389727
1389776
1389798
1389822
1389898
1389909
1389921
1390023
1390285
1390334
1390358
1390365
1390387
1390435
1390448
1390483
1390549
1390555
1390734
1390794
1390810
1390839
1390857
1390876
1390913
1390923
1390932
1390977
1391019
1391053
1391089
1391107
1391175
1391178
1391214
1391349
1391428
1391493
1391538
1391595
1391641
1391661
1391717
1391789
1391846
1392020
1392028
1392131
1392188
1392208
1392243
1392245
1392289
1392295
1392362
1392406
1392478
1392485
1392544
1392582
1392603
1392643
1392673
1392714
1392751
1392781
1392833
1392840
1392855
1392874
1392921
1392967
1393018
1393026
1393260
1393271
1393305
1393347
1393364
1393397
1393438
1393443
1393476
1393504
1393527
1393578
1393588
1393597
1393647
1393724
1393904
1394058
1394069
1394134
1394177
1394274
1394316
1394392
1394413
1394417
1394469
1394486
1394558
1394582
1394610
1394640
1394655
1394661
1394668
1394732
1394771
1394818
1394834
1394846
1394936
1395044
1395093
1395100
1395126
1395162
1395172
1395193
1395274
1395348
1395362
1395399
1395411
1395490
1395520
1395592
1395615
1395617
1395649
1395694
1395729
1395767
1395780
1395800
1395815
1395847
1395874
1395938
1395979
1395990
1396010
1396055
1396404
1396504
1396521
1396600
1396679
1396705
1396767
1396781
1396836
1396857
1396908
1396931
1396955
1396971
1396991
1397012
1397019
1397119
1397129
1397231
1397253
1397276
1397315
1397318
1397329
1397480
1397483
1397660
1397668
1397691
1397702
1397714
1397751
1397770
1397801
1397806
1397830
1397876
1397898
1397915
1397921
1397982
1398002
1398059
1398227
1398307
1398338
1398348
1398398
1398415
1398421
1398452
1398493
1398517
1398542
1398878
1398900
1398924
1398953
1398975
1398997
1399033
1399039
1399049
1399108
1399155
1399201
1399202
1399299
1399409
1399414
1399423
1399426
1399438
1399633
1399692
1399708
1399736
1399914
1399921
1399965
1400007
1400030
1400048
1400067
1400078
1400176
1400214
1400220
1400242
1400247
1400258
1400270
1400273
1400310
1400443
1400452
1400467
1400492
1400564
1400631
1400656
1400666
1400700
1400719
1400744
1400872
1400919
1400930
1400942
1400963
1400974
1401017
1401026
1401034
1401090
1401105
1401158
1401201
1401204
1401257
1401262
1401264
1401370
1401389
1401448
1401452
1401456
1401484
1401602
1401621
1401648
1401655
1401734
1401785
1401807
1401816
1401843
1401880
1401895
1401963
1401968
1402036
1402076
1402099
1402194
1402201
1402255
1402272
1402323
1402333
1402425
1402442
1402482
1402509
1402535
1402598
1402621
1402660
1402718
1402734
1402823
1402836
1402900
1402982
1402993
1403061
1403073
1403080
1403092
1403109
1403136
1403174
1403181
1403300
1403303
1403318
1403324
1403335
1403519
1403525
1403543
1403549
1403557
1403638
1403659
1403754
1403833
1403969
1403993
1404101
1404156
1404176
1404208
1404223
1404305
1404315
1404354
1404370
1404375
1404439
1404454
1404513
1404578
1404605
1404681
1404724
1404727
1404735
1404741
1404799
1404808
1404899
1404903
1404905
1404929
1404981
1404986
1404987
1405040
1405054
1405057
1405143
1405217
1405246
1405347
1405372
1405516
1405524
1405559
1405580
1405621
1405623
1405655
1405658
1405681
1405709
1405721
1405741
1405768
1405816
1405886
1405960
1406070
1406113
1406126
1406142
1406149
1406193
1406196
1406359
1406369
1406381
1406383
1406399
1406408
1406433
1406457
1406502
1406516
1406541
1406546
1406550
1406654
1406663
1406679
1406711
1406731
1406789
1406799
1406833
1406868
1406879
1406942
1406948
1406954
1407017
1407105
1407144
1407145
1407160
1407197
1407229
1407237
1407256
1407269
1407366
1407369
1407428
1407476
1407536
1407551
1407600
1407615
1407618
1407628
1407656
1407745
1407779
1407820
1407835
1407857
1407932
1407949
1407962
1407983
1407998
1408059
1408105
1408194
1408209
1408243
1408292
1408412
1408438
1408454
1408482
1408502
1408598
1408665
1408676
1408722
1408759
1408813
1408840
1408844
1408850
1408939
1408955
1409014
1409015
1409034
1409066
1409077
1409085
1409127
1409128
1409176
1409190
1409215
1409257
1409258
1409308
1409369
1409576
1409653
1409751
1409776
1409913
1409968
1410069
1410094
1410113
1410122
1410181
1410229
1410244
1410258
1410268
1410333
1410380
1410424
1410456
1410604
1410615
1410700
1410720
1410820
1410829
1410846
1410876
1410940
1410991
1411004
1411074
1411107
1411162
1411182
1411315
1411390
1411394
1411409
1411421
1411448
1411464
1411527
1411582
1411691
1411732
1411863
1411936
1411970
1412034
1412038
1412141
1412157
1412188
1412191
1412216
1412274
1412295
1412335
1412347
1412378
1412463
1412526
1412541
1412564
1412574
1412613
1412630
1412684
1412750
1412775
1412789
1412803
1412813
1412845
1412874
1412934
1412980
1412990
1413061
1413106
1413144
1413155
1413172
1413230
1413241
1413309
1413351
1413388
1413405
1413555
1413577
1413598
1413599
1413619
1413694
1413772
1413808
1413815
1413816
1413852
1413900
1414005
1414081
1414107
1414131
1414177
1414188
1414223
1414251
1414331
1414337
1414341
1414348
1414450
1414490
1414491
1414500
1414520
1414527
1414549
1414573
1414650
1414767
1414781
1414796
1414820
1414858
1414874
1414900
1414947
1414990
1414994
1415025
1415030
1415105
1415151
1415224
1415278
1415284
1415337
1415371
1415374
1415534
1415581
1415590
1415676
1415695
1415812
1415839
1415855
1415884
1415965
1415988
1416000
1416019
1416023
1416100
1416107
1416126
1416145
1416152
1416247
1416320
1416345
1416363
1416378
1416400
1416592
1416636
1416677
1416710
1416714
1416762
1416774
1416796
1416818
1416830
1416833
1416855
1416928
1416956
1416968
1416972
1417029
1417076
1417124
1417134
1417162
1417166
1417272
1417285
1417303
1417345
1417352
1417405
1417418
1417429
1417490
1417572
1417593
1417642
1417649
1417657
1417661
1417702
1417753
1417765
1417773
1417777
1417800
1417802
1417813
1417840
1417870
1417874
1417880
1417889
1417924
1417945
1417950
1418008
1418089
1418410
1418511
1418532
1418539
1418546
1418554
1418570
1418650
1418684
1418708
1418751
1418761
1418780
1418785
1418848
1418935
1418947
1418968
1418984
1419014
1419044
1419073
1419083
1419126
1419201
1419246
1419257
1419279
1419288
1419324
1419328
1419353
1419356
1419435
1419467
1419477
1419524
1419538
1419668
1419713
1419730
1419745
1419769
1419777
1419949
1419954
1420034
1420044
1420112
1420163
1420307
1420310
1420496
1420537
1420551
1420582
1420683
1420691
1420725
1420757
1420770
1420807
1420862
1420971
1420988
1421008
1421076
1421078
1421184
1421211
1421250
1421283
1421384
1421395
1421548
1421573
1421623
1421680
1421753
1421968
1421990
1422019
1422035
1422175
1422183
1422298
1422369
1422397
1422399
1422411
1422467
1422475
1422505
1422678
1422701
1422706
1422708
1422726
1422728
1422929
1422942
1423000
1423012
1423039
1423077
1423111
1423166
1423199
1423206
1423221
1423235
1423479
1423483
1423545
1423561
1423626
1423651
1423666
1423677
1423683
1423690
1423781
1423832
1423873
1423882
1423898
1423982
1424113
1424147
1424179
1424232
1424324
1424380
1424385
1424426
1424433
1424467
1424541
1424554
1424583
1424645
1424757
1424820
1424844
1424866
1424908
1424961
1424975
1424977
1425036
1425084
1425104
1425111
1425119
1425264
1425313
1425320
1425501
1425533
1425558
1425560
1425566
1425586
1425589
1425597
1425654
1425679
1425700
1425726
1425746
1425756
1425785
1425975
1426130
1426132
1426164
1426199
1426269
1426285
1426320
1426326
1426341
1426379
1426388
1426422
1426434
1426505
1426566
1426615
1426630
1426658
1426726
1426789
1426807
1426832
1426946
1426969
1426987
1427038
1427039
1427066
1427145
1427153
1427196
1427224
1427292
1427295
1427355
1427411
1427418
1427503
1427564
1427611
1427623
1427668
1427676
1427723
1427739
1427746
1427801
1427825
1427837
1427849
1427876
1427878
1427979
1428128
1428136
1428179
1428182
1428204
1428237
1428247
1428312
1428321
1428333
1428335
1428367
1428423
1428469
1428507
1428510
1428516
1428535
1428624
1428627
1428644
1428652
1428685
1428698
1428722
1428724
1428887
1428915
1428918
1428920
1428945
1428961
1428982
1429008
1429134
1429162
1429173
1429206
1429238
1429266
1429327
1429350
1429372
1429398
1429434
1429454
1429507
1429538
1429543
1429616
1429802
1429828
1429946
1429965
1429974
1430027
1430057
1430108
1430147
1430248
1430256
1430274
1430395
1430401
1430445
1430494
1430519
1430575
1430659
1430698
1430705
1430712
1430757
1430777
1430831
1430881
1430915
1430917
1431209
1431230
1431251
1431288
1431362
1431386
1431493
1431578
1431582
1431616
1431664
1431679
1431712
1431785
1431858
1431929
1431964
1432012
1432032
1432046
1432079
1432104
1432198
1432334
1432343
1432443
1432466
1432574
1432602
1432625
1432643
1432647
1432680
1432753
1432815
1432826
1432867
1432899
1432904
1432947
1432970
1433001
1433011
1433039
1433058
1433064
1433127
1433193
1433223
1433251
1433266
1433325
1433346
1433366
1433405
1433413
1433422
1433486
1433503
1433526
1433564
1433571
1433594
1433638
1433653
1433662
1433672
1433710
1433728
1433743
1433897
1433927
1433936
1433966
1434022
1434034
1434048
1434106
1434233
1434278
1434289
1434300
1434311
1434320
1434322
1434393
1434529
1434543
1434571
1434599
1434642
1434659
1434674
1434717
1434736
1434749
1434750
1434821
1434835
1434875
1434961
1434977
1435007
1435051
1435160
1435204
1435248
1435256
1435273
1435277
1435306
1435363
1435379
1435407
1435414
1435513
1435551
1435577
1435603
1435758
1435765
1435814
1435881
1435897
1435899
1435979
1436002
1436080
1436114
1436133
1436182
1436243
1436266
1436287
1436395
1436414
1436420
1436496
1436593
1436603
1436799
1436821
1436848
1436856
1436880
1436916
1437043
1437057
1437131
1437171
1437193
1437296
1437321
1437325
1437349
1437357
1437411
1437448
1437497
1437519
1437547
1437551
1437617
1437620
1437632
1437639
1437674
1437770
1437801
1437814
1437817
1437825
1437905
1437914
1438042
1438065
1438106
1438112
1438180
1438226
1438308
1438330
1438376
1438457
1438494
1438499
1438534
1438545
1438601
1438610
1438650
1438663
1438666
1438689
1438702
1438772
1438781
1438794
1438935
1438981
1439005
1439021
1439030
1439086
1439095
1439100
1439158
1439176
1439203
1439312
1439425
1439482
1439543
1439560
1439646
1439697
1439702
1439712
1439892
1439894
1439897
1439905
1440024
1440070
1440079
1440128
1440168
1440180
1440195
1440229
1440231
1440303
1440419
1440432
1440518
1440564
1440583
1440600
1440631
1440738
1440761
1440788
1440792
1440875
1440894
1440911
1440941
1441028
1441055
1441060
1441079
1441094
1441100
1441108
1441117
1441200
1441206
1441234
1441275
1441371
1441375
1441383
1441469
1441520
1441601
1441677
1441818
1441820
1441864
1441975
1441987
1441992
1442064
1442122
1442195
1442211
1442291
1442344
1442448
1442469
1442533
1442564
1442586
1442592
1442607
1442653
1442672
1442744
1442889
1442904
1442936
1443041
1443083
1443133
1443188
1443191
1443234
1443316
1443344
1443359
1443384
1443392
1443418
1443421
1443477
1443491
1443513
1443554
1443556
1443587
1443592
1443681
1443688
1443709
1443720
1443768
1443793
1443839
1443844
1443846
1443859
1443888
1443902
1443921
1443971
1443999
1444071
1444133
1444188
1444241
1444257
1444259
1444299
1444361
1444363
1444397
1444562
1444646
1444655
1444716
1444833
1444851
1444888
1445029
1445050
1445126
1445167
1445194
1445243
1445244
1445301
1445310
1445356
1445375
1445431
1445433
1445448
1445462
1445475
1445493
1445501
1445510
1445561
1445583
1445597
1445688
1445713
1445724
1445761
1445789
1445902
1445943
1445962
1445993
1445996
1446049
1446066
1446148
1446152
1446197
1446220
1446232
1446297
1446322
1446416
1446419
1446463
1446585
1446592
1446664
1446684
1446708
1446711
1446724
1446738
1446827
1446841
1446872
1446907
1446972
1447002
1447053
1447106
1447112
1447125
1447168
1447186
1447210
1447217
1447246
1447276
1447289
1447301
1447311
1447327
1447351
1447356
1447374
1447484
1447499
1447521
1447528
1447550
1447564
1447606
1447613
1447658
1447752
1447795
1447917
1447932
1447955
1447959
1447979
1448010
1448071
1448089
1448130
1448197
1448223
1448279
1448298
1448322
1448340
1448349
1448354
1448438
1448444
1448516
1448526
1448602
1448639
1448690
1448714
1448887
1449131
1449134
1449197
1449210
1449241
1449261
1449289
1449334
1449451
1449496
1449552
1449582
1449586
1449596
1449603
1449617
1449722
1449785
1450068
1450090
1450163
1450196
1450199
1450256
1450294
1450344
1450382
1450442
1450497
1450608
1450615
1450786
1450822
1450904
1450948
1450952
1450955
1450965
1450989
1451011
1451065
1451088
1451138
1451148
1451239
1451243
1451301
1451309
1451333
1451365
1451393
1451405
1451416
1451429
1451437
1451620
1451640
1451672
1451736
1451749
1451790
1451809
1451883
1451919
1451931
1451957
1451972
1452008
1452069
1452213
1452235
1452245
1452267
1452368
1452411
1452431
1452485
1452492
1452545
1452552
1452597
1452682
1452714
1452761
1452778
1452799
1452923
1452951
1452999
1453007
1453044
1453106
1453123
1453168
1453264
1453347
1453420
1453448
1453495
1453575
1453586
1453647
1453711
1453728
1453795
1453817
1453860
1453898
1453980
1453990
1454042
1454074
1454229
1454234
1454279
1454304
1454316
1454402
1454517
1454577
1454593
1454620
1454738
1454749
1454815
1454862
1455007
1455043
1455062
1455084
1455090
1455180
1455230
1455340
1455420
1455431
1455435
1455452
1455512
1455520
1455572
1455593
1455608
1455609
1455642
1455652
1455682
1455716
1455727
1455739
1455741
1455767
1455813
1455831
1455858
1455875
1455994
1456039
1456128
1456143
1456147
1456172
1456195
1456214
1456231
1456245
1456266
1456291
1456294
1456384
1456421
1456459
1456526
1456550
1456608
1456707
1456733
1456750
1456756
1456925
1456928
1457030
1457041
1457055
1457068
1457081
1457159
1457271
1457279
1457304
1457351
1457364
1457368
1457386
1457390
1457448
1457460
1457491
1457495
1457551
1457603
1457613
1457666
1457697
1457701
1457714
1457730
1457760
1457787
1457831
1457872
1457918
1457978
1457988
1458013
1458115
1458116
1458142
1458147
1458157
1458176
1458235
1458245
1458258
1458321
1458371
1458373
1458375
1458409
1458420
1458426
1458441
1458443
1458531
1458536
1458538
1458631
1458680
1458722
1458730
1458814
1458819
1458868
1458917
1458993
1459043
1459136
1459300
1459423
1459489
1459529
1459594
1459658
1459717
1459738
1459844
1459905
1459923
1459924
1459940
1459962
1460021
1460077
1460087
1460155
1460221
1460268
1460317
1460323
1460335
1460406
1460494
1460517
1460534
1460543
1460555
1460577
1460595
1460615
1460635
1460659
1460744
1460777
1460898
1460903
1460930
1460939
1460978
1460995
1460998
1461046
1461058
1461096
1461262
1461302
1461350
1461360
1461377
1461423
1461448
1461494
1461537
1461558
1461561
1461573
1461581
1461586
1461666
1461700
1461726
1461801
1461883
1462029
1462043
1462105
1462121
1462141
1462209
1462227
1462231
1462257
1462345
1462352
1462361
1462374
1462396
1462412
1462422
1462559
1462562
1462611
1462628
1462656
1462668
1462680
1462757
1462773
1462786
1462817
1462928
1462938
1462969
1462976
1462993
1463029
1463098
1463160
1463167
1463172
1463191
1463197
1463227
1463244
1463269
1463363
1463502
1463565
1463578
1463694
1463711
1463741
1463785
1463862
1463869
1463947
1463951
1463963
1463981
1464128
1464226
1464302
1464324
1464361
1464453
1464458
1464463
1464475
1464544
1464553
1464558
1464659
1464679
1464721
1464741
1464770
1464780
1464864
1464994
1465029
1465067
1465212
1465304
1465448
1465451
1465493
1465532
1465581
1465604
1465614
1465626
1465660
1465683
1465701
1465724
1465738
1465748
1465754
1465799
1465810
1465828
1465838
1465920
1466010
1466049
1466106
1466135
1466182
1466202
1466204
1466220
1466299
1466304
1466402
1466465
1466532
1466547
1466597
1466598
1466624
1466648
1466678
1466739
1466771
1466786
1466808
1466825
1466887
1466921
1466989
1467054
1467162
1467196
1467262
1467269
1467305
1467335
1467358
1467414
1467420
1467446
1467468
1467507
1467545
1467568
1467624
1467628
1467805
1467859
1467896
1467955
1468013
1468019
1468035
1468109
1468230
1468248
1468263
1468303
1468317
1468350
1468360
1468396
1468445
1468480
1468503
1468517
1468531
1468543
1468558
1468571
1468582
1468611
1468632
1468670
1468695
1468768
1468937
1468949
1469000
1469046
1469055
1469072
1469087
1469161
1469251
1469266
1469277
1469280
1469293
1469315
1469355
1469391
1469448
1469459
1469542
1469599
1469600
1469616
1469681
1469704
1469706
1469710
1469826
1469850
1469895
1470064
1470084
1470141
1470212
1470257
1470265
1470271
1470279
1470323
1470344
1470412
1470477
1470510
1470534
1470555
1470669
1470696
1470726
1470740
1470749
1470774
1470798
1470836
1470844
1470882
1470906
1470909
1470976
1470988
1471012
1471038
1471221
1471248
1471399
1471402
1471459
1471496
1471574
1471628
1471656
1471877
1471882
1472025
1472115
1472144
1472209
1472239
1472407
1472431
1472434
1472464
1472501
1472536
1472599
1472610
1472625
1472645
1472680
1472784
1472819
1472838
1472855
1472862
1472942
1472979
1473035
1473065
1473071
1473101
1473114
1473137
1473165
1473264
1473384
1473511
1473539
1473547
1473597
1473632
1473649
1473659
1473818
1473834
1473839
1473924
1473930
1473943
1474014
1474126
1474250
1474267
1474306
1474449
1474459
1474541
1474572
1474580
1474625
1474663
1474693
1474745
1474876
1474952
1474956
1475006
1475019
1475032
1475189
1475207
1475275
1475297
1475307
1475333
1475354
1475394
1475447
1475461
1475462
1475470
1475481
1475567
1475594
1475614
1475645
1475671
1475677
1475686
1475719
1475727
1475790
1475848
1475941
1475943
1475952
1475968
1476032
1476066
1476069
1476070
1476136
1476154
1476163
1476188
1476197
1476212
1476238
1476286
1476333
1476430
1476464
1476502
1476513
1476630
1476757
1476836
1476855
1476889
1476906
1476927
1476984
1477011
1477021
1477025
1477141
1477283
1477343
1477371
1477421
1477485
1477527
1477642
1477668
1477716
1477777
1477880
1477992
1478015
1478048
1478056
1478062
1478082
1478097
1478122
1478153
1478157
1478172
1478213
1478257
1478298
1478440
1478442
1478465
1478501
1478616
1478623
1478653
1478666
1478732
1478828
1478837
1478871
1478911
1478945
1478978
1478998
1479010
1479018
1479020
1479056
1479062
1479076
1479185
1479200
1479257
1479263
1479311
1479371
1479561
1479640
1479681
1479730
1479735
1479826
1479831
1479833
1479927
1479989
1480018
1480023
1480062
1480079
1480101
1480179
1480216
1480218
1480271
1480286
1480329
1480362
1480464
1480491
1480567
1480627
1480643
1480659
1480685
1480725
1480746
1480776
1480803
1480897
1480959
1480995
1481015
1481056
1481066
1481164
1481256
1481269
1481273
1481290
1481411
1481427
1481446
1481526
1481536
1481540
1481568
1481573
1481639
1481656
1481663
1481748
1481761
1481778
1481856
1481864
1481895
1481910
1481999
1482002
1482006
1482010
1482175
1482182
1482223
1482242
1482246
1482286
1482334
1482354
1482379
1482411
1482422
1482523
1482555
1482590
1482678
1482698
1482739
1482873
1482913
1483091
1483124
1483133
1483144
1483159
1483167
1483328
1483386
1483507
1483567
1483622
1483670
1483705
1483802
1483806
1483812
1483821
1483835
1483880
1484097
1484153
1484167
1484172
1484210
1484237
1484371
1484372
1484379
1484388
1484398
1484417
1484425
1484427
1484510
1484607
1484660
1484666
1484717
1484737
1484756
1484835
1484867
1484887
1484915
1484948
1484986
1485011
1485092
1485105
1485137
1485264
1485281
1485309
1485316
1485350
1485376
1485528
1485533
1485596
1485606
1485614
1485638
1485659
1485842
1485861
1485935
1485946
1485948
1485960
1486061
1486144
1486154
1486199
1486210
1486213
1486228
1486250
1486300
1486354
1486395
1486415
1486435
1486455
1486477
1486487
1486561
1486581
1486589
1486633
1486693
1486740
1486761
1486780
1486802
1486947
1487018
1487047
1487130
1487164
1487212
1487239
1487242
1487250
1487317
1487341
1487366
1487383
1487424
1487440
1487510
1487536
1487563
1487594
1487613
1487619
1487633
1487644
1487646
1487695
1487773
1487788
1487812
1487842
1487906
1487913
1487923
1487944
1487952
1488023
1488074
1488082
1488144
1488147
1488163
1488186
1488219
1488244
1488306
1488308
1488376
1488387
1488416
1488428
1488471
1488480
1488513
1488836
1488879
1488924
1488970
1488981
1489004
1489015
1489029
1489119
1489124
1489129
1489131
1489186
1489221
1489252
1489322
1489379
1489424
1489478
1489518
1489583
1489595
1489603
1489663
1489677
1489741
1489791
1489807
1489909
1489938
1490077
1490090
1490095
1490314
1490439
1490486
1490499
1490536
1490588
1490615
1490645
1490662
1490726
1490780
1490798
1490840
1490849
1490929
1490930
1490938
1490965
1490969
1491024
1491034
1491039
1491048
1491123
1491137
1491160
1491169
1491209
1491267
1491273
1491302
1491310
1491343
1491382
1491464
1491467
1491626
1491633
1491634
1491647
1491688
1491696
1491715
1491732
1491817
1491841
1491853
1491862
1491876
1491896
1491918
1491983
1492039
1492061
1492074
1492089
1492180
1492187
1492190
1492199
1492203
1492205
1492215
1492272
1492293
1492321
1492337
1492347
1492384
1492399
1492468
1492481
1492485
1492510
1492516
1492524
1492563
1492565
1492575
1492585
1492634
1492685
1492736
1492739
1492751
1492762
1492779
1492806
1492810
1492877
1492883
1492904
1492914
1492917
1492936
1492940
1492963
1493034
1493148
1493178
1493223
1493245
1493253
1493278
1493282
1493293
1493323
1493335
1493345
1493403
1493463
1493496
1493571
1493626
1493679
1493743
1493779
1493892
1493905
1493934
1493945
1493956
1493974
1494006
1494015
1494022
1494043
1494058
1494063
1494139
1494151
1494164
1494194
1494217
1494251
1494259
1494297
1494382
1494385
1494429
1494454
1494527
1494540
1494611
1494613
1494621
1494622
1494697
1494786
1494842
1494877
1494905
1494941
1494947
1494971
1494996
1495014
1495079
1495082
1495088
1495103
1495202
1495218
1495232
1495256
1495343
1495349
1495355
1495369
1495403
1495433
1495472
1495474
1495531
1495564
1495628
1495647
1495705
1495754
1495820
1495838
1495906
1495949
1495979
1496000
1496005
1496071
1496114
1496159
1496177
1496197
1496243
1496253
1496338
1496370
1496394
1496406
1496414
1496431
1496470
1496504
1496506
1496531
1496559
1496573
1496637
1496671
1496687
1496712
1496746
1496772
1496773
1496831
1496912
1496939
1496971
1496996
1497044
1497079
1497130
1497172
1497179
1497203
1497214
1497221
1497373
1497687
1497996
1498004
1498028
1498053
1498058
1498080
1498135
1498147
1498148
1498176
1498191
1498203
1498226
1498268
1498315
1498327
1498414
1498462
1498474
1498500
1498535
1498564
1498600
1498638
1498708
1498764
1498887
1498935
1498940
1498981
1499122
1499175
1499186
1499206
1499245
1499340
1499357
1499434
1499498
1499553
1499575
1499593
1499612
1499630
1499648
1499703
1499708
1499769
1499782
1499818
1499868
1499911
1499967
1500000
1500029
1500036
1500073
1500136
1500147
1500196
1500230
1500272
1500287
1500290
1500295
1500369
1500373
1500457
1500544
1500580
1500624
1500689
1500818
1500839
1500860
1500895
1500898
1500992
1501025
1501069
1501077
1501095
1501108
1501143
1501175
1501224
1501243
1501260
1501282
1501305
1501310
1501371
1501391
1501400
1501401
1501417
1501502
1501568
1501571
1501694
1501701
1501720
1501777
1501825
1501918
1501952
1501980
1502153
1502187
1502202
1502209
1502211
1502272
1502375
1502387
1502400
1502435
1502446
1502454
1502473
1502475
1502492
1502497
1502522
1502617
1502685
1502693
1502813
1502910
1502941
1502953
1502971
1503087
1503131
1503139
1503163
1503172
1503216
1503240
1503276
1503304
1503349
1503379
1503424
1503495
1503558
1503576
1503595
1503645
1503683
1503693
1503724
1503730
1503766
1503785
1503822
1503854
1503866
1503879
1503904
1503975
1504012
1504050
1504069
1504076
1504078
1504154
1504185
1504208
1504221
1504258
1504326
1504372
1504407
1504439
1504467
1504476
1504527
1504539
1504569
1504618
1504711
1504726
1504731
1504736
1504790
1504814
1504816
1504861
1504886
1504887
1504896
1504915
1504921
1504933
1504947
1504963
1504972
1505132
1505152
1505254
1505339
1505467
1505480
1505493
1505502
1505508
1505516
1505545
1505625
1505668
1505742
1505757
1505863
1505894
1505904
1505946
1506045
1506056
1506058
1506082
1506371
1506383
1506403
1506472
1506520
1506556
1506586
1506594
1506605
1506609
1506632
1506648
1506656
1506704
1506753
1506779
1506847
1506869
1506873
1506884
1506889
1506894
1506904
1506989
1507003
1507086
1507123
1507134
1507182
1507210
1507217
1507261
1507368
1507388
1507395
1507484
1507565
1507595
1507647
1507680
1507689
1507701
1507728
1507754
1507881
1507951
1508023
1508025
1508157
1508241
1508256
1508293
1508314
1508361
1508374
1508395
1508413
1508476
1508491
1508513
1508562
1508586
1508636
1508644
1508762
1508770
1508782
1508794
1508825
1508850
1508872
1508962
1508975
1509016
1509024
1509037
1509078
1509113
1509194
1509378
1509405
1509410
1509475
1509508
1509520
1509557
1509573
1509628
1509633
1509700
1509734
1509739
1509741
1509806
1509857
1509890
1509895
1509925
1509937
1509948
1509993
1510003
1510021
1510028
1510043
1510086
1510096
1510112
1510156
1510256
1510283
1510290
1510298
1510326
1510356
1510454
1510507
1510631
1510651
1510674
1510706
1510728
1510747
1510813
1510862
1510953
1511021
1511085
1511119
1511152
1511240
1511262
1511368
1511430
1511473
1511534
1511566
1511599
1511649
1511682
1511688
1511689
1511701
1511811
1511843
1511938
1512006
1512015
1512021
1512044
1512078
1512083
1512221
1512224
1512231
1512248
1512281
1512399
1512408
1512481
1512493
1512506
1512542
1512602
1512669
1512680
1512683
1512685
1512690
1512758
1512788
1513004
1513075
1513096
1513171
1513203
1513247
1513279
1513285
1513290
1513321
1513326
1513332
1513421
1513475
1513662
1513683
1513691
1513787
1513846
1513855
1513937
1513953
1514062
1514102
1514110
1514111
1514158
1514166
1514176
1514233
1514267
1514299
1514320
1514345
1514357
1514376
1514386
1514427
1514479
1514491
1514529
1514531
1514558
1514587
1514643
1514659
1514695
1514711
1514778
1514814
1514832
1514875
1514898
1514909
1514911
1514940
1514942
1514964
1514976
1514988
1515026
1515056
1515134
1515178
1515202
1515230
1515321
1515349
1515380
1515401
1515441
1515485
1515500
1515521
1515541
1515603
1515605
1515663
1515712
1515719
1515794
1515848
1515859
1515875
1515922
1515999
1516051
1516082
1516132
1516148
1516156
1516304
1516330
1516335
1516414
1516609
1516617
1516627
1516634
1516661
1516710
1516773
1516927
1517009
1517017
1517243
1517280
1517332
1517387
1517400
1517454
1517479
1517550
1517601
1517604
1517621
1517668
1517795
1517859
1517877
1517926
1517950
1518224
1518231
1518258
1518297
1518405
1518432
1518499
1518604
1518616
1518619
1518621
1518656
1518708
1518904
1519001
1519048
1519147
1519252
1519292
1519306
1519425
1519473
1519480
1519555
1519661
1519721
1519729
1519738
1519745
1519767
1519817
1519832
1519841
1519873
1519884
1519953
1519968
1519996
1520006
1520064
1520075
1520084
1520123
1520139
1520146
1520154
1520213
1520249
1520358
1520509
1520562
1520638
1520718
1520726
1520747
1520825
1520880
1520905
1520921
1520940
1520967
1520980
1521032
1521059
1521093
1521103
1521107
1521155
1521176
1521261
1521302
1521369
1521389
1521412
1521431
1521467
1521664
1521705
1521799
1521877
1521903
1521931
1522022
1522037
1522045
1522090
1522103
1522173
1522187
1522256
1522274
1522344
1522371
1522395
1522476
1522497
1522508
1522546
1522603
1522645
1522694
1522712
1522724
1522736
1522808
1522862
1522885
1522908
1522916
1522941
1523038
1523082
1523133
1523162
1523172
1523244
1523254
1523266
1523273
1523309
1523477
1523540
1523548
1523569
1523573
1523659
1523677
1523761
1523786
1523846
1523859
1523897
1523983
1523988
1524028
1524152
1524327
1524376
1524449
1524457
1524467
1524530
1524532
1524542
1524558
1524585
1524597
1524643
1524671
1524675
1524713
1524738
1524771
1524777
1524781
1524784
1524833
1524855
1524907
1524916
1524970
1525001
1525017
1525030
1525036
1525043
1525053
1525057
1525073
1525090
1525136
1525229
1525267
1525285
1525333
1525364
1525370
1525395
1525400
1525404
1525465
1525507
1525515
1525519
1525738
1525786
1526031
1526062
1526192
1526223
1526227
1526229
1526267
1526333
1526344
1526376
1526380
1526391
1526405
1526439
1526505
1526562
1526595
1526650
1526670
1526690
1526813
1526842
1526983
1527043
1527087
1527117
1527123
1527131
1527136
1527154
1527318
1527397
1527456
1527473
1527484
1527488
1527491
1527624
1527667
1527670
1527685
1527709
1527755
1527763
1527838
1527891
1527923
1527950
1527962
1527974
1528005
1528032
1528078
1528114
1528126
1528190
1528218
1528248
1528259
1528364
1528519
1528618
1528626
1528651
1528671
1528705
1528796
1528836
1528897
1528903
1528924
1528940
1528962
1529024
1529158
1529174
1529226
1529262
1529268
1529274
1529313
1529338
1529365
1529458
1529474
1529493
1529507
1529546
1529574
1529638
1529648
1529661
1529709
1529733
1529753
1529758
1529804
1529844
1529852
1529856
1529882
1529902
1529924
1530037
1530138
1530170
1530181
1530223
1530235
1530314
1530331
1530339
1530348
1530382
1530410
1530534
1530572
1530648
1530666
1530689
1530704
1530708
1530769
1530775
1530812
1530816
1530866
1530910
1530916
1530952
1530960
1531014
1531063
1531103
1531125
1531184
1531215
1531219
1531268
1531287
1531360
1531392
1531423
1531488
1531538
1531550
1531564
1531606
1531643
1531656
1531762
1531875
1531888
1531891
1532019
1532097
1532123
1532162
1532183
1532319
1532350
1532413
1532442
1532536
1532540
1532554
1532631
1532709
1532784
1532890
1532917
1532928
1532957
1532964
1533020
1533111
1533125
1533137
1533170
1533188
1533205
1533223
1533228
1533271
1533339
1533400
1533466
1533531
1533533
1533541
1533622
1533641
1533645
1533714
1533732
1533742
1533829
1533944
1533961
1534007
1534010
1534035
1534056
1534077
1534138
1534185
1534191
1534325
1534328
1534374
1534387
1534432
1534443
1534457
1534478
1534519
1534626
1534677
1534689
1534708
1534723
1534776
1534814
1534847
1534899
1534954
1534994
1535007
1535037
1535102
1535127
1535137
1535233
1535238
1535324
1535336
1535341
1535365
1535522
1535541
1535575
1535589
1535631
1535676
1535737
1535751
1535787
1535798
1535838
1535846
1535944
1535949
1535967
1536054
1536063
1536075
1536222
1536272
1536333
1536355
1536365
1536395
1536406
1536524
1536533
1536567
1536590
1536600
1536633
1536644
1536727
1536761
1536772
1536780
1536856
1536949
1536992
1537011
1537061
1537073
1537097
1537208
1537303
1537332
1537344
1537393
1537413
1537458
1537459
1537538
1537558
1537613
1537679
1537799
1537860
1537898
1537913
1537945
1537959
1537982
1538055
1538115
1538119
1538211
1538220
1538227
1538264
1538295
1538336
1538341
1538355
1538372
1538482
1538508
1538525
1538609
1538669
1538718
1538723
1538740
1538756
1538825
1538846
1538861
1538879
1538893
1538944
1539014
1539093
1539134
1539201
1539288
1539304
1539338
1539537
1539579
1539609
1539653
1539709
1539747
1539828
1539850
1539949
1539961
1540054
1540084
1540156
1540173
1540216
1540241
1540250
1540258
1540349
1540363
1540395
1540397
1540521
1540551
1540555
1540565
1540576
1540583
1540665
1540683
1540699
1540730
1540747
1540782
1540786
1540796
1540797
1540822
1540878
1540949
1540958
1541172
1541203
1541253
1541287
1541304
1541355
1541394
1541412
1541431
1541454
1541459
1541479
1541491
1541594
1541601
1541606
1541674
1541680
1541712
1541720
1541743
1541755
1541817
1541873
1541881
1541887
1541913
1541979
1541987
1542024
1542047
1542100
1542121
1542134
1542151
1542227
1542293
1542388
1542403
1542413
1542476
1542517
1542533
1542553
1542567
1542648
1542652
1542661
1542720
1542790
1542801
1542813
1542863
1542884
1542996
1543028
1543058
1543061
1543073
1543093
1543120
1543131
1543134
1543153
1543206
1543216
1543245
1543256
1543326
1543349
1543384
1543389
1543442
1543491
1543566
1543570
1543613
1543652
1543702
1543716
1543758
1543812
1543828
1543833
1543854
1543875
1543898
1543915
1543924
1543980
1544111
1544116
1544123
1544146
1544210
1544254
1544317
1544359
1544376
1544384
1544502
1544514
1544518
1544533
1544676
1544687
1544711
1544716
1544733
1544746
1544755
1544776
1544783
1544799
1544886
1544903
1544917
1545102
1545200
1545234
1545265
1545288
1545325
1545328
1545507
1545526
1545590
1545617
1545705
1545792
1545841
1545984
1546040
1546059
1546077
1546115
1546268
1546310
1546326
1546393
1546473
1546508
1546529
1546589
1546632
1546635
1546701
1546727
1546735
1546783
1546800
1546842
1546982
1547023
1547184
1547200
1547215
1547225
1547249
1547306
1547342
1547398
1547418
1547463
1547546
1547568
1547618
1547658
1547677
1547683
1547688
1547706
1547715
1547718
1547729
1547743
1547766
1547812
1547819
1547884
1547887
1547954
1548003
1548013
1548061
1548103
1548128
1548178
1548211
1548314
1548337
1548354
1548413
1548422
1548429
1548505
1548573
1548579
1548614
1548641
1548664
1548675
1548679
1548691
1548699
1548739
1548790
1548934
1548938
1549032
1549135
1549195
1549252
1549302
1549555
1549608
1549796
1549877
1549885
1549977
1549979
1549986
1550028
1550064
1550066
1550070
1550097
1550116
1550139
1550163
1550224
1550235
1550245
1550312
1550331
1550350
1550365
1550383
1550395
1550447
1550522
1550583
1550591
1550659
1550667
1550695
1550705
1550715
1550766
1550848
1550879
1550943
1551029
1551123
1551334
1551345
1551385
1551460
1551505
1551518
1551542
1551545
1551586
1551609
1551615
1551633
1551684
1551716
1551822
1551842
1551876
1551928
1551978
1552089
1552114
1552131
1552141
1552208
1552236
1552263
1552312
1552404
1552415
1552503
1552525
1552546
1552644
1552716
1552730
1552746
1552749
1552824
1552825
1552838
1552877
1552882
1552915
1553023
1553074
1553148
1553157
1553424
1553428
1553436
1553451
1553633
1553650
1553815
1553863
1553938
1553964
1554019
1554092
1554107
1554119
1554129
1554169
1554196
1554205
1554306
1554321
1554363
1554449
1554474
1554496
1554566
1554595
1554605
1554618
1554629
1554635
1554710
1554722
1554727
1554810
1554824
1554828
1554898
1554917
1554937
1554990
1554997
1555033
1555051
1555089
1555097
1555106
1555151
1555287
1555294
1555310
1555375
1555379
1555485
1555585
1555623
1555656
1555669
1555755
1555891
1555895
1555963
1556015
1556019
1556059
1556103
1556106
1556228
1556266
1556269
1556286
1556338
1556364
1556374
1556382
1556389
1556433
1556512
1556537
1556576
1556579
1556629
1556676
1556705
1556759
1556836
1556890
1556895
1556903
1556923
1556956
1556981
1556990
1557051
1557081
1557083
1557090
1557183
1557268
1557444
1557447
1557489
1557517
1557574
1557590
1557613
1557632
1557658
1557665
1557690
1557752
1557755
1557795
1557808
1557835
1557847
1557939
1557956
1557979
1557980
1557987
1558010
1558037
1558084
1558101
1558140
1558252
1558287
1558307
1558342
1558356
1558480
1558503
1558527
1558551
1558594
1558609
1558611
1558712
1558797
1558820
1558844
1558866
1558914
1558920
1558946
1559059
1559123
1559199
1559205
1559220
1559224
1559228
1559309
1559410
1559507
1559527
1559562
1559658
1559712
1559722
1559831
1559850
1559873
1559923
1559945
1559959
1560039
1560096
1560144
1560146
1560165
1560303
1560378
1560446
1560450
1560482
1560494
1560528
1560559
1560563
1560592
1560618
1560643
1560663
1560831
1560904
1560912
1560925
1560943
1560955
1560988
1561027
1561046
1561059
1561112
1561151
1561183
1561212
1561336
1561338
1561398
1561415
1561560
1561615
1561623
1561657
1561699
1561717
1561791
1561818
1561825
1561891
1561938
1561990
1562064
1562136
1562161
1562292
1562294
1562316
1562393
1562395
1562642
1562674
1562682
1562686
1562727
1562756
1562867
1562900
1562909
1562918
1563018
1563110
1563161
1563163
1563253
1563287
1563323
1563325
1563328
1563377
1563385
1563402
1563456
1563467
1563480
1563485
1563490
1563530
1563581
1563663
1563714
1563765
1563804
1563844
1563879
1563905
1563937
1563940
1564029
1564068
1564084
1564093
1564133
1564141
1564166
1564288
1564339
1564420
1564442
1564483
1564501
1564509
1564516
1564525
1564597
1564651
1564764
1564812
1564831
1564877
1564955
1565020
1565039
1565125
1565174
1565192
1565208
1565236
1565324
1565407
1565441
1565454
1565463
1565505
1565588
1565593
1565616
1565628
1565726
1565731
1565758
1565766
1565771
1565779
1565876
1565925
1565926
1565947
1565964
1566028
1566107
1566192
1566296
1566316
1566321
1566334
1566415
1566454
1566458
1566488
1566508
1566645
1566651
1566677
1566695
1566704
1566752
1566847
1566896
1566972
1567007
1567015
1567068
1567135
1567141
1567173
1567184
1567191
1567214
1567230
1567350
1567427
1567452
1567496
1567537
1567603
1567623
1567631
1567640
1567682
1567749
1567813
1567839
1567843
1567864
1567880
1567938
1567953
1567966
1568015
1568044
1568051
1568055
1568071
1568086
1568116
1568179
1568192
1568195
1568197
1568201
1568265
1568285
1568328
1568336
1568392
1568480
1568558
1568613
1568626
1568629
1568636
1568652
1568668
1568698
1568770
1568790
1568800
1568825
1568864
1568868
1568883
1568918
1568922
1569002
1569053
1569090
1569123
1569171
1569176
1569192
1569213
1569230
1569235
1569292
1569342
1569366
1569376
1569409
1569473
1569532
1569544
1569553
1569619
1569639
1569671
1569722
1569741
1569776
1569872
1569883
1569909
1570000
1570174
1570202
1570260
1570363
1570428
1570541
1570559
1570602
1570630
1570651
1570762
1570801
1570835
1570839
1570881
1570915
1570925
1570960
1570982
1570999
1571062
1571073
1571088
1571098
1571154
1571186
1571228
1571315
1571319
1571338
1571347
1571370
1571383
1571397
1571464
1571476
1571537
1571583
1571601
1571628
1571699
1571780
1571830
1571844
1571848
1571854
1571940
1571951
1571959
1571966
1571967
1572001
1572045
1572054
1572066
1572076
1572111
1572114
1572145
1572239
1572276
1572343
1572349
1572356
1572407
1572450
1572477
1572492
1572516
1572525
1572554
1572696
1572805
1572860
1572935
1572969
1572981
1573004
1573017
1573133
1573141
1573161
1573165
1573168
1573201
1573300
1573393
1573455
1573456
1573467
1573480
1573573
1573582
1573629
1573635
1573676
1573680
1573762
1573777
1573783
1573853
1573869
1573913
1574066
1574121
1574188
1574196
1574273
1574335
1574341
1574442
1574491
1574607
1574640
1574658
1574683
1574708
1574785
1574826
1574827
1574840
1574847
1574920
1574932
1574970
1574978
1575085
1575088
1575180
1575327
1575343
1575399
1575419
1575452
1575525
1575530
1575562
1575632
1575664
1575711
1575724
1575780
1575791
1575795
1575862
1575887
1575912
1575993
1576012
1576026
1576039
1576054
1576061
1576082
1576153
1576216
1576240
1576279
1576315
1576318
1576327
1576347
1576380
1576496
1576559
1576582
1576601
1576607
1576653
1576678
1576756
1576803
1576836
1576841
1576885
1576900
1576914
1576929
1576961
1576974
1577016
1577019
1577022
1577186
1577224
1577235
1577314
1577335
1577385
1577422
1577427
1577469
1577514
1577570
1577590
1577606
1577651
1577700
1577734
1577771
1577776
1577826
1577842
1577912
1577966
1577973
1577994
1578048
1578110
1578114
1578260
1578271
1578284
1578498
1578537
1578574
1578577
1578647
1578648
1578678
1578709
1578742
1578771
1578888
1578900
1578998
1579029
1579082
1579086
1579118
1579122
1579192
1579243
1579323
1579339
1579375
1579381
1579461
1579476
1579616
1579626
1579635
1579640
1579783
1579787
1579811
1579814
1579820
1579882
1579894
1579925
1579940
1579949
1580056
1580081
1580082
1580092
1580124
1580144
1580179
1580191
1580193
1580242
1580269
1580336
1580343
1580356
1580363
1580389
1580443
1580501
1580518
1580554
1580595
1580697
1580736
1580763
1580780
1580835
1580839
1580920
1580947
1580951
1580960
1580976
1581183
1581193
1581287
1581296
1581308
1581443
1581492
1581536
1581577
1581638
1581669
1581842
1581922
1581928
1581943
1582007
1582043
1582058
1582069
1582137
1582172
1582195
1582365
1582561
1582595
1582614
1582677
1582735
1582874
1582899
1582940
1582976
1582998
1583040
1583084
1583121
1583183
1583195
1583205
1583221
1583264
1583282
1583290
1583380
1583472
1583503
1583516
1583604
1583636
1583662
1583708
1583714
1583726
1583738
1583816
1583871
1583960
1583992
1584002
1584037
1584193
1584221
1584244
1584302
1584345
1584402
1584461
1584481
1584526
1584537
1584561
1584640
1584670
1584712
1584723
1584789
1584819
1584838
1584884
1584903
1584909
1584936
1584990
1585041
1585065
1585129
1585171
1585191
1585241
1585252
1585269
1585303
1585313
1585396
1585498
1585560
1585629
1585829
1585862
1585886
1585979
1586020
1586028
1586141
1586215
1586218
1586246
1586252
1586271
1586362
1586387
1586491
1586517
1586530
1586567
1586647
1586713
1586740
1586828
1586834
1586838
1586868
1586871
1586908
1586919
1586923
1587013
1587025
1587055
1587072
1587076
1587084
1587120
1587125
1587186
1587268
1587337
1587340
1587350
1587384
1587392
1587416
1587439
1587524
1587529
1587534
1587555
1587727
1587747
1587805
1587855
1587904
1587922
1587967
1587973
1587998
1588012
1588024
1588142
1588159
1588233
1588295
1588300
1588354
1588371
1588448
1588496
1588517
1588646
1588687
1588688
1588752
1588767
1588778
1588788
1588854
1588895
1588901
1588929
1588968
1588974
1588999
1589045
1589049
1589079
1589086
1589120
1589155
1589168
1589265
1589293
1589337
1589342
1589472
1589491
1589615
1589737
1589773
1589784
1589792
1589799
1589849
1589979
1590036
1590047
1590105
1590135
1590142
1590174
1590185
1590205
1590294
1590303
1590485
1590570
1590576
1590592
1590609
1590615
1590746
1590756
1590772
1590802
1590822
1590827
1590874
1590880
1590886
1590921
1590958
1590989
1591019
1591140
1591263
1591356
1591424
1591458
1591463
1591470
1591475
1591537
1591569
1591611
1591662
1591666
1591678
1591848
1591866
1591951
1592047
1592176
1592218
1592259
1592264
1592345
1592360
1592369
1592444
1592458
1592475
1592495
1592591
1592645
1592695
1592759
1592763
1592776
1592853
1592865
1592873
1592898
1592956
1593024
1593115
1593220
1593275
1593327
1593342
1593359
1593397
1593447
1593471
1593480
1593534
1593567
1593570
1593581
1593596
1593676
1593690
1593775
1593844
1593869
1593874
1593897
1593944
1593955
1593982
1594057
1594086
1594115
1594118
1594173
1594181
1594229
1594235
1594247
1594275
1594324
1594329
1594411
1594544
1594552
1594627
1594685
1594697
1594754
1594824
1594829
1594844
1595093
1595148
1595205
1595215
1595267
1595274
1595285
1595309
1595384
1595443
1595454
1595472
1595557
1595565
1595604
1595619
1595693
1595701
1595763
1595765
1595770
1595863
1595926
1596012
1596019
1596033
1596044
1596067
1596084
1596108
1596133
1596155
1596189
1596208
1596221
1596257
1596304
1596376
1596453
1596498
1596506
1596513
1596527
1596559
1596566
1596671
1596691
1596721
1596727
1596784
1596789
1596823
1596827
1596842
1596856
1596910
1596924
1596970
1597005
1597054
1597062
1597120
1597128
1597200
1597248
1597250
1597259
1597337
1597348
1597359
1597493
1597573
1597627
1597685
1597780
1597788
1597799
1597832
1597846
1597850
1597897
1597910
1597925
1597988
1598010
1598067
1598072
1598140
1598162
1598181
1598186
1598188
1598211
1598219
1598246
1598281
1598298
1598445
1598466
1598485
1598496
1598544
1598573
1598627
1598642
1598676
1598686
1598700
1598745
1598844
1598857
1598895
1598920
1598983
1599081
1599266
1599443
1599460
1599479
1599578
1599583
1599708
1599722
1599727
1599732
1599752
1599765
1599785
1599820
1599833
1599836
1599863
1599982
1599998
1600018
1600026
1600090
1600117
1600124
1600128
1600140
1600158
1600163
1600198
1600204
1600211
1600229
1600245
1600275
1600297
1600338
1600510
1600588
1600630
1600684
1600716
1600733
1600780
1600807
1600845
1600892
1600901
1600917
1600926
1600930
1600942
1600975
1601008
1601014
1601020
1601064
1601075
1601082
1601130
1601145
1601177
1601238
1601249
1601284
1601297
1601308
1601310
1601330
1601408
1601419
1601499
1601664
1601670
1601709
1601727
1601745
1601783
1601790
1601880
1601896
1601915
1601980
1602012
1602037
1602043
1602084
1602106
1602158
1602174
1602175
1602198
1602242
1602256
1602266
1602314
1602384
1602495
1602497
1602505
1602526
1602595
1602687
1602744
1602748
1602750
1602773
1602811
1602851
1602865
1602891
1602928
1602952
1602981
1602989
1603086
1603126
1603167
1603216
1603296
1603323
1603367
1603376
1603382
1603391
1603401
1603447
1603458
1603519
1603528
1603539
1603544
1603612
1603660
1603731
1603795
1603808
1603874
1603880
1603914
1603979
1603992
1604005
1604043
1604048
1604066
1604104
1604110
1604184
1604213
1604231
1604238
1604292
1604332
1604349
1604353
1604400
1604405
1604505
1604516
1604617
1604634
1604636
1604658
1604713
1604721
1604758
1604780
1604871
1604952
1604956
1605083
1605160
1605189
1605196
1605198
1605199
1605211
1605213
1605232
1605273
1605277
1605373
1605380
1605437
1605682
1605719
1605774
1605813
1605861
1605875
1605885
1605943
1605974
1605991
1606032
1606081
1606107
1606125
1606132
1606138
1606142
1606158
1606238
1606263
1606285
1606291
1606326
1606330
1606355
1606358
1606437
1606443
1606448
1606489
1606538
1606577
1606683
1606704
1606733
1606755
1606821
1606843
1606861
1606866
1606892
1606894
1606916
1607037
1607042
1607139
1607155
1607200
1607208
1607298
1607321
1607336
1607357
1607391
1607416
1607437
1607452
1607457
1607519
1607578
1607581
1607607
1607611
1607615
1607675
1607696
1607711
1607731
1607762
1607778
1607838
1607847
1607864
1607901
1607911
1607917
1607929
1608063
1608130
1608149
1608182
1608224
1608243
1608249
1608285
1608287
1608315
1608344
1608368
1608409
1608448
1608479
1608516
1608538
1608544
1608546
1608589
1608594
1608624
1608641
1608686
1608869
1608884
1608930
1608938
1608944
1609028
1609091
1609121
1609227
1609255
1609299
1609330
1609357
1609379
1609381
1609475
1609491
1609666
1609718
1609768
1609825
1609858
1609867
1609878
1609883
1609884
1609915
1610013
1610016
1610053
1610069
1610093
1610115
1610139
1610180
1610188
1610196
1610203
1610207
1610211
1610222
1610389
1610436
1610459
1610474
1610475
1610485
1610500
1610564
1610628
1610662
1610684
1610686
1610690
1610730
1610802
1610806
1610834
1610852
1610894
1610917
1610961
1611015
1611074
1611128
1611160
1611171
1611216
1611229
1611404
1611412
1611500
1611512
1611536
1611552
1611570
1611601
1611631
1611666
1611681
1611705
1611719
1611743
1611754
1611770
1611784
1611791
1611796
1611844
1611867
1611892
1611967
1612070
1612073
1612106
1612134
1612146
1612197
1612201
1612235
1612266
1612289
1612301
1612343
1612366
1612400
1612442
1612487
1612586
1612590
1612597
1612644
1612674
1612702
1612832
1612859
1612884
1612921
1612946
1612972
1612979
1612982
1613090
1613133
1613193
1613265
1613290
1613324
1613337
1613371
1613484
1613488
1613548
1613617
1613628
1613695
1613753
1613821
1613878
1613932
1613944
1613992
1614051
1614062
1614109
1614199
1614202
1614239
1614251
1614324
1614363
1614364
1614393
1614440
1614500
1614658
1614719
1614741
1614761
1614816
1614866
1614883
1614952
1614981
1614991
1615009
1615031
1615075
1615103
1615145
1615207
1615255
1615380
1615404
1615487
1615534
1615597
1615717
1615738
1615752
1615866
1615877
1615886
1615891
1615922
1615925
1615959
1616023
1616063
1616193
1616240
1616248
1616268
1616296
1616368
1616420
1616425
1616483
1616501
1616516
1616582
1616595
1616601
1616705
1616769
1616822
1616885
1617010
1617057
1617145
1617182
1617229
1617335
1617336
1617436
1617513
1617518
1617562
1617583
1617585
1617635
1617643
1617654
1617656
1617666
1617688
1617689
1617692
1617765
1617777
1617779
1617817
1617835
1617844
1617869
1617939
1617979
1617991
1618001
1618019
1618039
1618052
1618118
1618123
1618202
1618218
1618222
1618234
1618289
1618291
1618311
1618316
1618529
1618550
1618569
1618606
1618670
1618690
1618715
1618781
1618876
1618918
1618991
1619004
1619028
1619063
1619156
1619300
1619444
1619468
1619484
1619558
1619600
1619650
1619710
1619755
1619763
1620041
1620092
1620155
1620162
1620185
1620316
1620354
1620438
1620439
1620458
1620617
1620666
1620670
1620699
1620701
1620715
1620721
1620802
1620837
1620870
1620991
1621054
1621083
1621123
1621146
1621179
1621181
1621204
1621249
1621252
1621260
1621413
1621421
1621502
1621524
1621595
1621619
1621653
1621690
1621743
1621829
1621860
1621904
1621987
1622003
1622083
1622146
1622195
1622207
1622210
1622222
1622238
1622245
1622326
1622440
1622446
1622461
1622466
1622476
1622534
1622612
1622622
1622651
1622686
1622714
1622763
1622781
1622812
1622829
1622897
1622961
1622973
1623021
1623045
1623050
1623066
1623108
1623134
1623251
1623266
1623269
1623364
1623388
1623393
1623485
1623518
1623522
1623578
1623595
1623647
1623703
1623729
1623741
1623785
1623804
1623866
1623900
1623929
1623939
1624000
1624008
1624060
1624182
1624257
1624268
1624280
1624300
1624330
1624363
1624378
1624401
1624455
1624502
1624504
1624514
1624554
1624585
1624599
1624661
1624696
1624703
1624746
1624760
1624811
1624825
1624986
1625033
1625102
1625113
1625124
1625150
1625160
1625170
1625188
1625194
1625240
1625316
1625333
1625343
1625376
1625388
1625393
1625405
1625431
1625447
1625536
1625606
1625614
1625656
1625701
1625792
1625832
1625837
1625842
1625854
1625857
1625929
1625976
1626013
1626032
1626072
1626087
1626089
1626276
1626317
1626344
1626382
1626638
1626653
1626694
1626747
1626772
1626830
1626892
1626909
1626968
1626969
1627042
1627069
1627086
1627129
1627137
1627192
1627282
1627312
1627425
1627482
1627508
1627516
1627541
1627594
1627662
1627721
1627772
1627815
1627820
1627885
1627901
1628024
1628031
1628077
1628080
1628141
1628192
1628223
1628276
1628369
1628397
1628405
1628426
1628468
1628481
1628530
1628562
1628603
1628619
1628701
1628721
1628742
1628746
1628813
1628824
1628847
1628883
1628911
1628922
1628940
1628996
1629024
1629059
1629111
1629116
1629131
1629219
1629304
1629399
1629408
1629511
1629513
1629529
1629544
1629564
1629585
1629618
1629627
1629663
1629667
1629685
1629688
1629753
1629787
1629794
1629804
1629837
1629958
1629963
1630017
1630125
1630147
1630162
1630191
1630214
1630237
1630251
1630257
1630313
1630341
1630344
1630459
1630509
1630557
1630561
1630613
1630651
1630703
1630738
1630771
1630887
1630941
1630967
1631022
1631032
1631115
1631201
1631216
1631262
1631276
1631294
1631297
1631308
1631330
1631347
1631356
1631364
1631408
1631465
1631534
1631703
1631725
1631833
1631885
1631957
1631977
1631984
1632074
1632078
1632100
1632129
1632161
1632236
1632326
1632446
1632481
1632535
1632540
1632627
1632638
1632647
1632682
1632683
1632705
1632727
1632772
1632820
1632839
1632854
1632909
1632915
1632940
1632966
1632987
1633018
1633057
1633104
1633120
1633140
1633154
1633162
1633271
1633334
1633393
1633444
1633452
1633463
1633466
1633529
1633603
1633641
1633692
1633722
1633751
1633783
1633814
1633829
1633840
1633946
1634111
1634128
1634150
1634211
1634212
1634226
1634265
1634293
1634382
1634392
1634422
1634429
1634481
1634502
1634514
1634561
1634574
1634600
1634650
1634679
1634743
1634746
1634763
1634778
1634823
1634895
1634954
1634967
1634978
1635009
1635104
1635111
1635116
1635163
1635205
1635255
1635340
1635377
1635447
1635609
1635636
1635730
1635733
1635804
1635813
1635858
1635935
1635966
1636005
1636085
1636131
1636132
1636138
1636143
1636197
1636214
1636247
1636297
1636302
1636354
1636378
1636492
1636551
1636584
1636607
1636610
1636637
1636744
1636772
1637009
1637059
1637137
1637147
1637160
1637169
1637179
1637244
1637376
1637377
1637408
1637443
1637449
1637528
1637597
1637614
1637628
1637645
1637652
1637664
1637716
1637773
1637927
1637997
1638041
1638057
1638060
1638090
1638109
1638150
1638231
1638260
1638285
1638304
1638310
1638373
1638374
1638408
1638418
1638424
1638451
1638494
1638502
1638507
1638559
1638599
1638606
1638611
1638676
1638709
1638752
1638781
1638806
1638827
1638892
1638921
1638986
1639032
1639133
1639171
1639178
1639296
1639370
1639372
1639378
1639391
1639462
1639482
1639576
1639601
1639620
1639622
1639650
1639663
1639675
1639765
1639855
1639866
1639891
1639893
1639979
1640044
1640079
1640083
1640121
1640157
1640191
1640196
1640251
1640269
1640324
1640351
1640366
1640391
1640392
1640438
1640553
1640561
1640565
1640606
1640711
1640715
1640730
1640754
1640887
1640890
1640905
1640916
1641016
1641046
1641067
1641119
1641258
1641268
1641320
1641342
1641354
1641427
1641663
1641863
1641913
1642058
1642119
1642204
1642267
1642292
1642324
1642342
1642372
1642414
1642438
1642465
1642520
1642584
1642635
1642705
1642731
1642780
1642809
1642927
1642965
1642992
1643038
1643056
1643089
1643113
1643115
1643184
1643208
1643227
1643262
1643267
1643274
1643375
1643412
1643416
1643442
1643445
1643480
1643483
1643513
1643517
1643524
1643548
1643574
1643603
1643637
1643710
1643713
1643714
1643779
1643837
1643843
1643856
1643897
1643983
1643992
1644040
1644113
1644124
1644132
1644179
1644187
1644194
1644289
1644435
1644482
1644512
1644516
1644532
1644536
1644543
1644572
1644612
1644614
1644622
1644706
1644718
1644722
1644729
1644745
1644775
1644900
1644908
1645011
1645022
1645075
1645145
1645166
1645214
1645237
1645271
1645282
1645284
1645305
1645308
1645352
1645462
1645475
1645507
1645586
1645701
1645728
1645778
1645782
1645850
1645897
1645910
1645996
1646006
1646021
1646045
1646076
1646096
1646100
1646182
1646292
1646319
1646353
1646362
1646402
1646463
1646468
1646478
1646493
1646502
1646508
1646517
1646523
1646561
1646592
1646668
1646678
1646682
1646722
1646748
1646755
1646785
1646796
1646819
1646851
1646859
1646906
1646915
1646967
1646987
1646992
1647006
1647020
1647030
1647040
1647097
1647115
1647130
1647146
1647150
1647163
1647217
1647231
1647235
1647252
1647431
1647490
1647562
1647682
1647712
1647773
1647780
1647855
1647967
1648016
1648179
1648271
1648291
1648302
1648315
1648328
1648334
1648365
1648392
1648488
1648518
1648546
1648566
1648623
1648692
1648730
1648741
1648746
1648772
1648798
1648804
1648832
1648857
1648867
1648877
1648977
1649024
1649058
1649070
1649137
1649143
1649148
1649329
1649356
1649426
1649451
1649477
1649503
1649619
1649663
1649687
1649734
1649783
1649816
1649828
1649857
1649860
1649912
1649973
1649999
1650079
1650097
1650154
1650213
1650231
1650241
1650348
1650375
1650420
1650529
1650545
1650568
1650581
1650582
1650597
1650657
1650719
1650754
1650785
1650864
1650873
1650958
1651035
1651036
1651176
1651180
1651195
1651286
1651289
1651360
1651462
1651525
1651540
1651587
1651614
1651627
1651631
1651641
1651705
1651729
1651746
1651769
1651798
1651841
1651926
1651957
1651961
1651967
1651983
1651988
1652015
1652044
1652083
1652089
1652115
1652122
1652135
1652155
1652169
1652192
1652248
1652253
1652299
1652310
1652326
1652344
1652439
1652444
1652480
1652519
1652556
1652581
1652619
1652748
1652770
1652805
1652817
1652835
1652877
1652910
1652965
1653018
1653161
1653180
1653195
1653200
1653386
1653430
1653541
1653641
1653700
1653742
1653770
1653782
1653920
1654035
1654074
1654127
1654180
1654237
1654292
1654308
1654367
1654376
1654411
1654431
1654447
1654451
1654457
1654571
1654595
1654638
1654804
1654820
1654847
1654858
1654949
1654975
1654998
1655034
1655043
1655051
1655065
1655082
1655109
1655126
1655209
1655245
1655333
1655347
1655356
1655367
1655383
1655491
1655522
1655591
1655610
1655688
1655740
1655775
1655780
1655788
1655841
1655882
1656021
1656080
1656186
1656200
1656251
1656299
1656360
1656370
1656404
1656412
1656419
1656484
1656526
1656536
1656549
1656605
1656610
1656614
1656642
1656654
1656667
1656696
1656722
1656741
1656899
1656926
1656982
1657021
1657048
1657049
1657057
1657145
1657186
1657218
1657251
1657292
1657327
1657332
1657341
1657352
1657453
1657466
1657490
1657505
1657564
1657572
1657583
1657625
1657737
1657812
1657879
1657891
1657947
1657959
1657967
1658016
1658068
1658088
1658115
1658176
1658177
1658211
1658281
1658296
1658323
1658331
1658358
1658364
1658375
1658447
1658530
1658647
1658653
1658688
1658714
1658741
1658794
1658855
1658860
1658919
1659002
1659039
1659092
1659093
1659104
1659257
1659277
1659298
1659337
1659359
1659378
1659384
1659409
1659514
1659535
1659585
1659593
1659597
1659620
1659658
1659687
1659731
1659894
1659921
1660005
1660023
1660048
1660063
1660130
1660186
1660215
1660237
1660371
1660386
1660389
1660396
1660448
1660499
1660502
1660757
1660794
1660894
1660913
1660958
1660992
1661018
1661060
1661066
1661119
1661133
1661176
1661181
1661187
1661219
1661239
1661378
1661388
1661410
1661442
1661582
1661587
1661590
1661624
1661678
1661824
1661888
1662103
1662189
1662252
1662341
1662391
1662414
1662432
1662435
1662453
1662460
1662476
1662576
1662630
1662701
1662723
1662736
1662773
1662798
1662824
1662864
1662910
1662941
1662961
1663092
1663098
1663146
1663200
1663263
1663291
1663295
1663339
1663375
1663418
1663452
1663454
1663501
1663514
1663517
1663544
1663550
1663596
1663598
1663601
1663624
1663638
1663642
1663682
1663761
1663878
1664032
1664043
1664071
1664098
1664102
1664105
1664136
1664143
1664153
1664164
1664203
1664212
1664220
1664267
1664288
1664307
1664309
1664384
1664385
1664465
1664481
1664502
1664529
1664538
1664582
1664598
1664602
1664622
1664688
1664790
1665036
1665098
1665194
1665204
1665229
1665243
1665278
1665300
1665377
1665401
1665445
1665454
1665475
1665516
1665642
1665654
1665667
1665682
1665748
1665781
1665803
1665808
1665810
1665836
1665919
1665926
1665931
1665945
1665988
1665994
1666025
1666036
1666053
1666056
1666085
1666125
1666195
1666290
1666300
1666330
1666341
1666377
1666405
1666566
1666781
1666796
1666831
1666896
1666943
1666993
1666996
1667001
1667025
1667102
1667113
1667130
1667178
1667188
1667191
1667213
1667218
1667227
1667318
1667405
1667409
1667413
1667417
1667451
1667545
1667590
1667678
1667683
1667764
1667771
1667833
1667839
1667852
1667881
1667889
1667929
1667960
1667998
1668023
1668124
1668127
1668166
1668213
1668274
1668313
1668319
1668323
1668394
1668406
1668471
1668521
1668559
1668643
1668648
1668680
1668697
1668770
1668844
1668864
1668934
1668970
1669042
1669045
1669050
1669129
1669319
1669421
1669431
1669454
1669520
1669527
1669558
1669575
1669580
1669666
1669668
1669683
1669781
1669788
1669800
1669826
1669841
1669845
1669876
1669895
1669912
1669917
1670024
1670153
1670180
1670199
1670201
1670214
1670228
1670231
1670244
1670261
1670287
1670319
1670340
1670403
1670456
1670469
1670545
1670556
1670572
1670578
1670583
1670586
1670739
1670760
1670853
1670880
1670888
1670981
1671040
1671074
1671083
1671124
1671149
1671209
1671279
1671297
1671314
1671319
1671365
1671383
1671456
1671472
1671515
1671566
1671580
1671610
1671618
1671643
1671648
1671649
1671672
1671680
1671763
1671766
1671918
1672096
1672139
1672234
1672254
1672270
1672316
1672323
1672362
1672364
1672401
1672416
1672441
1672510
1672526
1672558
1672566
1672590
1672622
1672644
1672679
1672741
1672927
1672939
1672942
1672988
1673002
1673016
1673018
1673034
1673086
1673178
1673231
1673306
1673316
1673328
1673376
1673469
1673520
1673524
1673711
1673735
1673823
1673839
1673867
1673887
1674010
1674011
1674084
1674089
1674156
1674163
1674234
1674238
1674267
1674271
1674292
1674301
1674340
1674364
1674392
1674411
1674439
1674526
1674532
1674596
1674640
1674891
1674986
1675073
1675170
1675176
1675261
1675282
1675429
1675444
1675486
1675487
1675519
1675536
1675598
1675675
1675681
1675706
1675719
1675766
1675777
1675864
1675924
1675933
1675950
1675975
1675991
1676001
1676119
1676136
1676145
1676185
1676241
1676289
1676352
1676375
1676397
1676482
1676570
1676624
1676635
1676721
1676734
1676737
1676756
1676833
1676840
1676999
1677029
1677065
1677080
1677151
1677159
1677283
1677293
1677364
1677410
1677481
1677483
1677492
1677530
1677579
1677611
1677620
1677682
1677742
1677836
1677841
1677871
1677922
1677925
1677938
1677949
1677967
1677975
1678027
1678062
1678081
1678102
1678221
1678283
1678285
1678320
1678367
1678462
1678522
1678581
1678660
1678673
1678728
1678805
1678816
1678820
1678865
1678917
1678955
1679023
1679151
1679195
1679227
1679246
1679247
1679259
1679274
1679277
1679283
1679285
1679405
1679448
1679450
1679555
1679595
1679733
1680008
1680031
1680072
1680105
1680128
1680131
1680151
1680170
1680187
1680215
1680232
1680233
1680241
1680246
1680272
1680281
1680295
1680321
1680488
1680522
1680526
1680739
1680847
1680986
1681083
1681131
1681205
1681278
1681366
1681446
1681461
1681510
1681563
1681576
1681585
1681651
1681711
1681731
1681740
1681776
1681867
1681930
1681957
1681982
1681992
1682036
1682038
1682049
1682074
1682190
1682195
1682272
1682366
1682652
1682655
1682703
1682772
1682784
1682814
1682825
1682923
1682959
1683002
1683008
1683035
1683065
1683192
1683243
1683314
1683336
1683349
1683363
1683378
1683418
1683531
1683580
1683610
1683876
1683886
1683905
1683926
1683976
1683992
1684010
1684013
1684021
1684025
1684066
1684184
1684228
1684239
1684260
1684285
1684299
1684320
1684351
1684389
1684399
1684423
1684436
1684449
1684520
1684534
1684579
1684582
1684598
1684621
1684663
1684789
1684806
1684820
1684864
1685004
1685010
1685081
1685096
1685205
1685216
1685218
1685260
1685274
1685298
1685334
1685587
1685597
1685602
1685625
1685665
1685705
1685799
1685971
1686019
1686073
1686098
1686109
1686252
1686283
1686310
1686319
1686331
1686365
1686394
1686440
1686523
1686551
1686608
1686646
1686681
1686885
1686919
1686985
1687002
1687012
1687037
1687063
1687221
1687234
1687283
1687296
1687399
1687567
1687580
1687595
1687616
1687621
1687648
1687676
1687690
1687710
1687817
1687831
1687844
1687848
1687856
1687875
1687882
1687901
1687935
1687972
1688021
1688069
1688094
1688169
1688180
1688229
1688284
1688298
1688314
1688389
1688408
1688454
1688507
1688663
1688681
1688748
1688781
1688808
1688813
1688854
1688858
1688863
1688864
1688893
1688944
1688981
1689036
1689068
1689111
1689223
1689278
1689279
1689325
1689341
1689434
1689445
1689514
1689595
1689604
1689613
1689643
1689660
1689700
1689718
1689722
1689750
1689782
1689833
1689929
1689971
1689999
1690109
1690122
1690158
1690233
1690269
1690391
1690393
1690410
1690490
1690513
1690580
1690679
1690818
1690821
1690892
1690921
1690954
1691004
1691040
1691053
1691177
1691183
1691380
1691417
1691437
1691464
1691477
1691530
1691557
1691560
1691565
1691585
1691604
1691621
1691694
1691762
1691786
1691858
1691890
1691899
1691903
1691935
1691971
1691976
1691991
1692003
1692129
1692131
1692136
1692149
1692184
1692239
1692307
1692317
1692354
1692438
1692440
1692450
1692496
1692506
1692528
1692539
1692591
1692660
1692672
1692745
1692748
1692767
1692803
1692898
1692934
1692972
1693033
1693065
1693071
1693141
1693151
1693215
1693220
1693328
1693334
1693376
1693480
1693600
1693602
1693665
1693674
1693709
1693725
1693732
1693787
1693800
1693811
1693842
1693845
1693855
1693886
1693902
1693937
1693967
1693998
1694011
1694021
1694164
1694176
1694240
1694259
1694301
1694307
1694314
1694317
1694356
1694444
1694506
1694525
1694571
1694607
1694650
1694694
1694704
1694732
1694829
1694890
1694906
1694944
1694948
1694959
1694999
1695033
1695043
1695069
1695070
1695144
1695214
1695234
1695295
1695340
1695352
1695375
1695386
1695418
1695474
1695499
1695548
1695666
1695745
1695777
1695858
1695866
1695898
1695965
1695996
1696132
1696214
1696254
1696337
1696350
1696465
1696541
1696568
1696572
1696595
1696619
1696736
1696764
1696776
1696792
1696857
1696859
1696882
1696888
1696925
1696962
1697016
1697029
1697039
1697112
1697176
1697178
1697193
1697204
1697255
1697295
1697299
1697327
1697329
1697339
1697354
1697378
1697449
1697451
1697472
1697477
1697486
1697502
1697517
1697537
1697547
1697579
1697592
1697639
1697652
1697728
1697825
1697878
1697880
1697895
1698049
1698063
1698087
1698151
1698207
1698327
1698380
1698422
1698439
1698447
1698484
1698512
1698535
1698670
1698683
1698687
1698710
1698772
1698789
1698797
1698804
1698883
1698903
1698925
1698942
1699007
1699026
1699084
1699137
1699175
1699300
1699310
1699326
1699370
1699391
1699399
1699481
1699509
1699582
1699614
1699633
1699666
1699670
1699676
1699898
1699917
1699936
1700015
1700021
1700162
1700193
1700218
1700253
1700271
1700444
1700484
1700510
1700531
1700547
1700558
1700592
1700613
1700626
1700657
1700819
1700894
1700915
1700920
1700922
1700995
1701000
1701024
1701027
1701162
1701215
1701233
1701236
1701241
1701264
1701293
1701312
1701407
1701437
1701463
1701500
1701518
1701592
1701604
1701632
1701675
1701684
1701694
1701800
1701813
1701825
1701856
1701897
1701989
1702040
1702174
1702186
1702238
1702244
1702248
1702301
1702352
1702445
1702477
1702492
1702498
1702511
1702515
1702528
1702552
1702600
1702623
1702705
1702737
1702845
1703092
1703096
1703186
1703203
1703256
1703270
1703318
1703346
1703377
1703426
1703430
1703526
1703568
1703632
1703639
1703653
1703678
1703708
1703780
1703817
1703856
1703873
1703941
1703978
1703997
1704038
1704049
1704061
1704078
1704087
1704114
1704119
1704129
1704175
1704207
1704256
1704320
1704352
1704393
1704468
1704479
1704597
1704608
1704612
1704646
1704667
1704671
1704713
1704719
1704764
1704785
1704836
1704884
1705007
1705012
1705069
1705097
1705115
1705119
1705216
1705231
1705252
1705346
1705347
1705398
1705583
1705643
1705745
1705903
1705976
1706043
1706067
1706113
1706132
1706143
1706201
1706295
1706349
1706353
1706378
1706510
1706533
1706643
1706680
1706690
1706716
1706793
1706816
1706837
1706839
1706848
1706876
1706905
1706952
1706970
1707033
1707080
1707100
1707103
1707115
1707151
1707229
1707271
1707310
1707337
1707383
1707391
1707499
1707513
1707603
1707672
1707733
1707828
1707922
1707924
1707938
1707987
1708102
1708199
1708273
1708308
1708311
1708329
1708434
1708527
1708556
1708582
1708613
1708614
1708700
1708932
1708935
1708943
1709008
1709047
1709076
1709108
1709113
1709196
1709222
1709261
1709295
1709305
1709313
1709331
1709373
1709380
1709398
1709399
1709415
1709416
1709593
1709603
1709638
1709718
1709756
1709785
1709829
1709887
1709901
1709916
1709967
1709988
1710009
1710051
1710099
1710148
1710151
1710181
1710261
1710318
1710401
1710408
1710486
1710490
1710513
1710516
1710543
1710663
1710709
1710717
1710757
1710776
1710784
1710807
1710823
1710830
1710909
1710927
1710930
1710997
1711040
1711061
1711073
1711130
1711208
1711214
1711249
1711261
1711352
1711393
1711433
1711449
1711513
1711620
1711681
1711751
1711773
1711820
1711839
1711914
1711965
1711990
1712037
1712075
1712113
1712120
1712182
1712239
1712276
1712412
1712458
1712465
1712486
1712503
1712523
1712599
1712645
1712686
1712715
1712717
1712741
1712775
1712779
1712802
1712856
1712909
1712924
1712942
1712965
1713004
1713015
1713036
1713085
1713145
1713162
1713191
1713239
1713244
1713248
1713271
1713274
1713287
1713331
1713359
1713406
1713428
1713436
1713447
1713473
1713492
1713498
1713558
1713650
1713700
1713731
1713741
1713758
1713777
1713823
1713842
1713940
1713958
1713973
1713983
1713997
1714016
1714045
1714060
1714095
1714113
1714146
1714172
1714180
1714184
1714268
1714313
1714340
1714386
1714407
1714416
1714433
1714444
1714452
1714478
1714512
1714539
1714553
1714580
1714651
1714671
1714726
1714734
1714758
1714765
1714968
1714981
1714989
1715093
1715106
1715145
1715171
1715178
1715193
1715334
1715391
1715403
1715439
1715444
1715474
1715551
1715571
1715596
1715666
1715669
1715767
1715865
1715935
1715952
1716028
1716051
1716053
1716077
1716137
1716188
1716189
1716260
1716315
1716317
1716323
1716370
1716402
1716484
1716551
1716617
1716666
1716716
1716795
1716826
1716864
1716903
1716963
1717011
1717021
1717032
1717084
1717120
1717176
1717209
1717211
1717223
1717267
1717285
1717292
1717308
1717320
1717346
1717404
1717415
1717436
1717447
1717556
1717568
1717572
1717584
1717644
1717701
1717714
1717725
1717738
1717746
1717876
1717882
1717887
1717895
1717960
1717981
1717983
1717987
1717995
1718043
1718104
1718147
1718206
1718359
1718384
1718405
1718417
1718429
1718440
1718487
1718603
1718618
1718626
1718631
1718653
1718664
1718681
1718757
1718772
1718832
1718838
1718870
1718914
1718937
1718962
1719004
1719040
1719071
1719116
1719132
1719134
1719145
1719466
1719487
1719509
1719590
1719644
1719690
1719691
1719711
1719715
1719754
1719851
1719894
1719901
1719921
1719941
1719964
1719977
1719981
1719984
1719988
1720023
1720086
1720111
1720117
1720174
1720277
1720301
1720309
1720344
1720353
1720487
1720490
1720514
1720571
1720604
1720611
1720618
1720693
1720704
1720805
1720828
1720837
1720875
1720880
1720917
1720937
1720965
1721032
1721173
1721256
1721571
1721582
1721642
1721683
1721691
1721710
1721724
1721748
1721796
1721837
1721864
1721901
1721933
1722010
1722037
1722044
1722071
1722113
1722246
1722259
1722332
1722356
1722374
1722405
1722512
1722548
1722594
1722604
1722625
1722707
1722764
1722766
1722775
1722823
1722901
1722963
1723041
1723044
1723074
1723093
1723107
1723184
1723204
1723325
1723334
1723355
1723380
1723395
1723408
1723460
1723522
1723604
1723616
1723682
1723739
1723763
1723797
1723934
1724003
1724006
1724022
1724196
1724205
1724238
1724303
1724315
1724375
1724383
1724406
1724430
1724554
1724574
1724625
1724652
1724879
1725007
1725060
1725072
1725225
1725237
1725246
1725274
1725326
1725541
1725549
1725580
1725598
1725647
1725651
1725691
1725696
1725755
1725840
1725856
1725864
1726015
1726048
1726065
1726146
1726151
1726201
1726208
1726238
1726329
1726340
1726363
1726420
1726480
1726528
1726808
1726822
1726918
1726944
1727104
1727114
1727144
1727182
1727183
1727232
1727235
1727289
1727325
1727328
1727366
1727404
1727443
1727481
1727494
1727578
1727590
1727607
1727665
1727671
1727692
1727718
1727726
1727734
1727754
1727757
1727807
1727818
1727825
1727917
1727924
1727937
1728017
1728025
1728075
1728140
1728159
1728190
1728218
1728234
1728249
1728279
1728325
1728331
1728354
1728383
1728385
1728413
1728436
1728500
1728537
1728568
1728571
1728627
1728645
1728670
1728744
1728873
1728899
1728905
1728909
1728918
1728929
1728941
1728987
1729041
1729079
1729100
1729136
1729138
1729166
1729172
1729239
1729269
1729368
1729400
1729409
1729423
1729443
1729493
1729538
1729568
1729612
1729635
1729647
1729702
1729707
1729752
1729769
1729843
1729890
1729892
1729916
1729940
1729945
1729983
1729998
1730040
1730099
1730104
1730119
1730124
1730153
1730185
1730204
1730239
1730277
1730307
1730330
1730340
1730356
1730369
1730392
1730466
1730629
1730670
1730722
1730730
1730744
1730754
1730785
1730791
1730796
1730924
1730954
1730964
1730975
1731000
1731066
1731085
1731223
1731291
1731369
1731379
1731398
1731411
1731540
1731545
1731587
1731610
1731656
1731658
1731724
1731745
1731754
1731781
1731862
1731890
1731918
1731920
1731922
1732102
1732104
1732158
1732191
1732273
1732323
1732452
1732466
1732499
1732508
1732542
1732554
1732607
1732626
1732644
1732664
1732723
1732731
1732757
1732788
1732891
1733047
1733085
1733111
1733150
1733177
1733183
1733221
1733246
1733286
1733393
1733402
1733424
1733433
1733530
1733558
1733563
1733578
1733658
1733685
1733718
1733750
1733793
1733820
1734004
1734019
1734030
1734043
1734061
1734077
1734081
1734172
1734213
1734255
1734360
1734393
1734477
1734511
1734544
1734587
1734595
1734596
1734608
1734613
1734618
1734623
1734627
1734667
1734681
1734714
1734718
1734731
1734758
1734835
1734846
1734866
1734981
1735000
1735075
1735105
1735189
1735200
1735273
1735322
1735361
1735371
1735420
1735426
1735460
1735493
1735537
1735794
1735798
1735807
1735810
1735822
1735867
1735898
1735941
1736075
1736083
1736123
1736133
1736182
1736202
1736227
1736247
1736263
1736311
1736365
1736384
1736393
1736454
1736485
1736486
1736532
1736606
1736749
1736880
1736886
1736898
1736960
1736966
1736973
1736993
1737000
1737109
1737140
1737235
1737247
1737355
1737368
1737407
1737431
1737440
1737477
1737509
1737545
1737582
1737623
1737661
1737674
1737717
1737788
1737814
1737839
1737902
1737925
1737959
1737969
1738046
1738131
1738147
1738199
1738223
1738269
1738276
1738333
1738368
1738395
1738396
1738437
1738455
1738490
1738525
1738544
1738557
1738572
1738711
1738729
1738771
1738898
1738957
1738999
1739024
1739043
1739070
1739075
1739097
1739111
1739132
1739167
1739279
1739301
1739314
1739327
1739383
1739416
1739651
1739652
1739661
1739679
1739752
1739829
1739843
1739867
1739885
1739952
1739995
1740029
1740059
1740081
1740089
1740091
1740138
1740150
1740174
1740198
1740319
1740327
1740333
1740347
1740413
1740416
1740418
1740446
1740461
1740485
1740533
1740539
1740588
1740605
1740613
1740625
1740710
1740728
1740747
1740788
1740833
1740839
1740852
1740873
1740983
1741010
1741093
1741140
1741190
1741243
1741288
1741366
1741390
1741429
1741483
1741576
1741606
1741617
1741637
1741644
1741678
1741695
1741732
1741737
1741774
1741796
1741852
1741858
1741925
1741931
1741995
1741997
1742005
1742054
1742162
1742165
1742211
1742226
1742227
1742288
1742310
1742459
1742539
1742546
1742559
1742566
1742575
1742603
1742641
1742659
1742723
1742728
1742790
1742841
1742846
1742888
1742894
1742907
1742927
1742942
1742969
1742986
1742990
1743023
1743043
1743074
1743084
1743138
1743147
1743196
1743241
1743243
1743302
1743362
1743446
1743486
1743504
1743520
1743586
1743635
1743703
1743734
1743737
1743751
1743775
1743783
1743804
1743837
1743893
1743934
1743939
1743985
1744055
1744074
1744101
1744158
1744191
1744308
1744356
1744417
1744462
1744523
1744542
1744582
1744678
1744684
1744788
1744796
1744806
1744822
1744854
1744874
1744879
1744888
1744897
1744920
1744938
1744968
1745054
1745070
1745072
1745133
1745141
1745252
1745359
1745384
1745423
1745504
1745511
1745552
1745566
1745581
1745583
1745594
1745598
1745634
1745686
1745725
1745731
1745766
1745768
1745791
1745837
1745846
1745868
1745902
1745908
1745921
1745935
1746056
1746099
1746158
1746165
1746186
1746187
1746238
1746249
1746260
1746268
1746328
1746405
1746420
1746439
1746478
1746491
1746522
1746588
1746590
1746616
1746671
1746694
1746765
1746783
1746802
1746845
1746869
1746890
1746919
1746930
1746940
1746955
1746971
1747084
1747241
1747291
1747328
1747419
1747445
1747483
1747499
1747510
1747535
1747677
1747687
1747689
1747727
1747833
1747860
1747869
1748020
1748067
1748105
1748124
1748139
1748161
1748210
1748260
1748266
1748312
1748395
1748465
1748475
1748479
1748494
1748626
1748686
1748730
1748787
1748805
1748860
1748884
1748913
1748940
1748953
1749029
1749156
1749173
1749182
1749199
1749279
1749317
1749339
1749357
1749377
1749407
1749445
1749494
1749519
1749541
1749567
1749572
1749589
1749605
1749678
1749713
1749716
1749783
1749794
1749843
1749887
1749903
1749929
1749980
1750049
1750052
1750067
1750070
1750226
1750439
1750555
1750571
1750669
1750679
1750690
1750728
1750831
1750851
1750871
1750900
1750901
1750981
1751076
1751084
1751088
1751112
1751163
1751188
1751207
1751222
1751232
1751327
1751337
1751527
1751639
1751761
1751809
1751827
1751982
1752010
1752039
1752104
1752141
1752146
1752241
1752292
1752374
1752387
1752396
1752507
1752516
1752528
1752573
1752591
1752610
1752652
1752678
1752729
1752773
1752798
1752829
1752865
1752907
1752924
1752992
1753001
1753017
1753044
1753086
1753115
1753145
1753166
1753195
1753210
1753253
1753257
1753265
1753307
1753330
1753360
1753361
1753380
1753401
1753458
1753468
1753652
1753689
1753728
1753745
1753795
1753830
1753836
1753852
1753879
1753938
1753990
1754035
1754075
1754078
1754087
1754234
1754237
1754254
1754266
1754319
1754325
1754335
1754346
1754394
1754498
1754554
1754560
1754625
1754627
1754712
1754717
1754722
1754745
1754805
1754823
1754835
1754847
1754930
1754974
1755012
1755032
1755076
1755107
1755175
1755192
1755262
1755293
1755310
1755314
1755358
1755395
1755421
1755424
1755531
1755536
1755542
1755568
1755611
1755633
1755655
1755707
1755747
1755867
1755895
1755908
1755926
1755932
1755967
1755991
1756038
1756047
1756084
1756150
1756280
1756339
1756363
1756393
1756457
1756561
1756585
1756625
1756639
1756687
1756736
1756758
1756777
1756782
1756883
1756927
1756942
1756950
1757014
1757035
1757144
1757186
1757293
1757296
1757308
1757317
1757334
1757338
1757404
1757456
1757492
1757511
1757546
1757553
1757565
1757572
1757581
1757586
1757599
1757603
1757668
1757708
1757724
1757904
1757961
1758003
1758035
1758140
1758191
1758243
1758286
1758288
1758293
1758343
1758354
1758377
1758395
1758428
1758454
1758489
1758599
1758609
1758716
1758729
1758733
1758739
1758780
1758809
1758817
1758848
1758870
1758872
1758907
1758924
1758943
1758968
1758996
1759036
1759039
1759102
1759138
1759148
1759160
1759180
1759228
1759325
1759332
1759357
1759368
1759424
1759461
1759493
1759513
1759804
1759814
1759838
1759904
1759919
1760215
1760228
1760277
1760322
1760324
1760371
1760415
1760530
1760536
1760589
1760676
1760734
1760737
1760816
1760881
1760937
1760998
1761029
1761080
1761226
1761232
1761284
1761290
1761334
1761354
1761419
1761423
1761431
1761576
1761611
1761626
1761673
1761679
1761688
1761722
1761728
1761849
1761863
1762006
1762103
1762135
1762176
1762214
1762231
1762248
1762256
1762267
1762273
1762326
1762409
1762415
1762418
1762477
1762485
1762625
1762686
1762691
1762718
1762758
1762783
1762858
1762928
1762951
1762961
1763034
1763059
1763070
1763114
1763210
1763227
1763242
1763257
1763312
1763395
1763408
1763429
1763438
1763447
1763557
1763560
1763637
1763653
1763665
1763680
1763730
1763744
1763841
1763872
1763875
1763945
1763966
1764012
1764039
1764061
1764063
1764094
1764160
1764207
1764222
1764226
1764240
1764245
1764254
1764273
1764354
1764407
1764451
1764524
1764532
1764552
1764606
1764636
1764660
1764705
1764771
1764834
1764845
1764865
1764953
1765003
1765051
1765128
1765137
1765159
1765174
1765191
1765237
1765254
1765323
1765333
1765368
1765390
1765416
1765419
1765426
1765439
1765444
1765459
1765472
1765499
1765526
1765626
1765662
1765668
1765883
1765895
1766002
1766062
1766141
1766176
1766249
1766269
1766325
1766331
1766336
1766408
1766422
1766447
1766504
1766537
1766551
1766601
1766624
1766665
1766719
1766738
1766771
1766780
1766785
1766824
1766993
1767006
1767012
1767081
1767097
1767172
1767231
1767324
1767329
1767359
1767414
1767432
1767508
1767511
1767659
1767664
1767675
1767729
1767767
1767830
1767890
1767894
1767918
1767921
1767929
1768035
1768079
1768090
1768103
1768125
1768161
1768182
1768203
1768226
1768316
1768379
1768405
1768479
1768517
1768550
1768560
1768607
1768622
1768787
1768808
1768816
1768837
1768856
1768871
1768895
1768981
1768985
1769019
1769082
1769111
1769146
1769166
1769184
1769197
1769206
1769240
1769243
1769256
1769282
1769352
1769375
1769466
1769510
1769526
1769554
1769580
1769588
1769627
1769745
1769775
1769852
1769896
1769899
1769968
1769979
1770054
1770215
1770226
1770227
1770274
1770305
1770308
1770329
1770332
1770342
1770370
1770389
1770407
1770437
1770475
1770630
1770661
1770822
1770875
1770933
1770937
1771001
1771022
1771077
1771134
1771221
1771440
1771449
1771464
1771482
1771544
1771631
1771730
1771778
1771788
1771937
1771975
1772061
1772063
1772074
1772081
1772105
1772162
1772402
1772437
1772447
1772459
1772461
1772509
1772617
1772643
1772677
1772703
1772736
1772741
1772753
1772775
1772873
1772912
1772926
1772986
1772995
1773001
1773008
1773035
1773041
1773055
1773116
1773128
1773143
1773181
1773239
1773241
1773247
1773298
1773318
1773319
1773334
1773432
1773458
1773550
1773649
1773714
1773732
1773751
1773766
1773771
1773821
1773823
1773856
1773915
1773961
1773964
1773970
1773996
1773998
1774136
1774184
1774333
1774393
1774398
1774495
1774543
1774591
1774601
1774603
1774609
1774614
1774657
1774685
1774767
1774925
1774996
1775031
1775053
1775087
1775215
1775334
1775389
1775402
1775409
1775466
1775496
1775598
1775628
1775636
1775648
1775680
1775701
1775709
1775815
1776036
1776170
1776221
1776245
1776352
1776363
1776371
1776398
1776479
1776488
1776519
1776566
1776572
1776623
1776700
1776730
1776735
1776750
1776754
1776763
1776772
1776804
1776835
1776845
1776856
1776864
1777004
1777033
1777111
1777155
1777162
1777176
1777194
1777207
1777238
1777278
1777293
1777326
1777415
1777497
1777595
1777628
1777645
1777730
1777792
1777804
1777897
1778041
1778095
1778152
1778197
1778213
1778257
1778268
1778318
1778321
1778341
1778352
1778383
1778479
1778482
1778508
1778545
1778558
1778560
1778624
1778668
1778827
1778865
1778899
1778947
1778956
1778961
1778966
1778988
1779004
1779063
1779119
1779166
1779194
1779208
1779360
1779384
1779397
1779400
1779433
1779446
1779449
1779455
1779470
1779512
1779580
1779622
1779654
1779666
1779672
1779675
1779696
1779699
1779728
1779733
1779742
1779747
1779850
1779904
1779912
1780042
1780074
1780077
1780127
1780152
1780161
1780206
1780266
1780286
1780339
1780352
1780360
1780431
1780463
1780496
1780539
1780548
1780585
1780590
1780596
1780614
1780677
1780830
1780889
1780929
1780939
1780943
1780967
1780972
1781008
1781039
1781043
1781071
1781095
1781104
1781263
1781293
1781340
1781355
1781459
1781473
1781478
1781489
1781681
1781779
1781802
1781894
1781958
1781976
1782285
1782332
1782360
1782386
1782404
1782463
1782499
1782576
1782580
1782605
1782614
1782619
1782693
1782702
1782727
1782741
1782781
1782814
1782857
1782875
1782883
1782944
1782991
1783034
1783153
1783186
1783228
1783244
1783286
1783295
1783298
1783324
1783426
1783496
1783500
1783539
1783554
1783579
1783626
1783664
1783715
1783717
1783737
1783766
1783773
1783776
1783878
1783984
1784020
1784025
1784030
1784173
1784197
1784203
1784245
1784456
1784476
1784488
1784501
1784503
1784521
1784549
1784567
1784659
1784805
1784850
1784882
1784933
1784963
1784991
1785072
1785122
1785127
1785128
1785218
1785382
1785392
1785424
1785453
1785490
1785499
1785538
1785580
1785625
1785685
1785707
1785711
1785733
1785751
1785761
1785771
1785773
1785778
1785797
1785819
1785939
1785975
1786006
1786012
1786030
1786050
1786067
1786075
1786099
1786129
1786152
1786163
1786175
1786251
1786402
1786429
1786469
1786508
1786509
1786519
1786676
1786754
1786790
1786825
1786928
1786982
1787103
1787238
1787266
1787330
1787346
1787377
1787423
1787435
1787482
1787490
1787508
1787515
1787545
1787578
1787597
1787631
1787648
1787743
1787752
1787782
1787806
1787921
1787963
1788070
1788173
1788180
1788209
1788245
1788251
1788305
1788334
1788411
1788464
1788507
1788521
1788539
1788614
1788673
1788679
1788737
1788751
1788760
1788764
1788786
1788788
1788813
1788816
1788821
1788837
1788861
1788910
1788931
1788980
1789007
1789261
1789276
1789312
1789320
1789418
1789431
1789482
1789530
1789541
1789577
1789598
1789687
1789713
1789748
1789776
1789945
1789970
1790074
1790119
1790172
1790210
1790344
1790361
1790380
1790401
1790415
1790423
1790439
1790441
1790479
1790504
1790518
1790565
1790566
1790592
1790600
1790612
1790685
1790750
1790822
1790900
1790925
1790938
1790973
1790975
1791048
1791055
1791081
1791152
1791161
1791172
1791266
1791286
1791358
1791385
1791446
1791573
1791619
1791625
1791657
1791685
1791704
1791719
1791751
1791795
1791803
1791828
1791858
1791896
1791961
1792005
1792017
1792049
1792234
1792245
1792246
1792262
1792273
1792301
1792319
1792338
1792358
1792363
1792529
1792551
1792575
1792681
1792711
1792888
1792899
1792904
1792962
1792975
1792989
1793012
1793042
1793094
1793265
1793285
1793299
1793308
1793333
1793424
1793470
1793481
1793618
1793681
1793783
1793784
1793848
1793865
1793871
1793876
1793889
1793898
1793905
1793912
1793931
1793963
1793979
1794014
1794023
1794128
1794288
1794326
1794336
1794339
1794342
1794430
1794458
1794497
1794513
1794563
1794593
1794702
1794772
1794835
1794877
1794898
1794952
1795024
1795028
1795037
1795039
1795054
1795138
1795168
1795296
1795365
1795386
1795404
1795487
1795573
1795578
1795603
1795647
1795684
1795705
1795712
1795715
1795781
1795959
1795997
1796043
1796054
1796064
1796089
1796093
1796150
1796188
1796232
1796300
1796305
1796314
1796345
1796373
1796404
1796451
1796469
1796536
1796782
1796787
1796794
1796855
1796913
1796941
1796943
1797029
1797058
1797085
1797100
1797136
1797144
1797155
1797177
1797240
1797316
1797330
1797347
1797442
1797452
1797498
1797612
1797697
1797721
1797756
1797760
1797814
1797880
1797917
1797973
1797995
1798008
1798038
1798042
1798157
1798264
1798274
1798303
1798327
1798409
1798423
1798467
1798471
1798481
1798495
1798501
1798531
1798541
1798627
1798661
1798699
1798705
1798717
1798802
1798826
1798927
1799071
1799075
1799114
1799161
1799186
1799210
1799215
1799218
1799336
1799374
1799404
1799465
1799601
1799635
1799647
1799650
1799698
1799703
1799725
1799751
1799756
1799781
1799791
1799792
1799795
1799849
1799995
1800011
1800023
1800025
1800063
1800077
1800182
1800249
1800265
1800283
1800316
1800353
1800355
1800364
1800382
1800405
1800433
1800448
1800571
1800577
1800592
1800662
1800704
1800710
1800726
1800728
1800737
1800790
1800811
1800853
1800857
1800937
1800944
1800954
1800989
1801070
1801082
1801100
1801175
1801198
1801219
1801231
1801233
1801273
1801297
1801302
1801322
1801383
1801387
1801538
1801552
1801568
1801573
1801590
1801713
1801738
1801740
1801841
1801874
1801902
1801999
1802003
1802029
1802047
1802059
1802069
1802089
1802105
1802195
1802219
1802224
1802341
1802348
1802471
1802474
1802506
1802556
1802579
1802604
1802667
1802681
1802774
1802864
1802923
1802937
1802965
1803022
1803038
1803055
1803119
1803129
1803157
1803172
1803177
1803200
1803299
1803308
1803331
1803403
1803447
1803459
1803485
1803491
1803529
1803563
1803599
1803614
1803619
1803635
1803665
1803700
1803721
1803739
1803769
1803841
1803851
1803896
1803899
1803949
1803959
1803976
1804025
1804028
1804038
1804084
1804115
1804179
1804188
1804194
1804199
1804249
1804325
1804389
1804466
1804476
1804560
1804565
1804576
1804588
1804636
1804648
1804656
1804665
1804726
1804757
1804818
1804976
1805008
1805041
1805075
1805130
1805166
1805184
1805238
1805285
1805297
1805329
1805467
1805470
1805481
1805490
1805516
1805576
1805619
1805647
1805674
1805786
1805834
1805865
1805875
1805928
1805956
1806291
1806296
1806320
1806358
1806359
1806376
1806421
1806422
1806464
1806482
1806502
1806531
1806547
1806602
1806641
1806650
1806687
1806765
1806784
1806787
1806858
1806872
1806896
1806905
1806948
1806970
1806975
1807024
1807047
1807050
1807164
1807173
1807192
1807223
1807262
1807302
1807317
1807337
1807348
1807453
1807471
1807481
1807549
1807632
1807727
1807791
1807846
1807853
1807894
1807905
1807944
1807985
1808005
1808030
1808049
1808053
1808073
1808206
1808237
1808312
1808345
1808374
1808385
1808393
1808439
1808478
1808483
1808536
1808574
1808614
1808620
1808670
1808705
1808770
1808812
1808831
1808883
1808918
1809073
1809078
1809085
1809178
1809202
1809222
1809276
1809297
1809299
1809304
1809313
1809376
1809526
1809547
1809609
1809638
1809653
1809736
1809763
1809794
1809842
1809853
1809905
1809907
1809941
1809943
1809960
1809970
1809981
1810019
1810046
1810088
1810106
1810161
1810183
1810251
1810265
1810303
1810305
1810336
1810365
1810402
1810449
1810513
1810528
1810644
1810766
1810836
1810844
1810876
1810896
1810928
1810935
1811003
1811049
1811081
1811136
1811140
1811199
1811230
1811238
1811253
1811258
1811274
1811295
1811318
1811327
1811337
1811371
1811386
1811455
1811488
1811496
1811539
1811561
1811577
1811606
1811639
1811642
1811646
1811745
1811758
1811768
1811772
1811800
1811835
1811855
1811923
1811934
1811992
1811994
1812032
1812040
1812053
1812061
1812129
1812189
1812236
1812307
1812325
1812428
1812538
1812573
1812593
1812801
1812827
1812834
1812839
1812843
1812912
1813275
1813288
1813306
1813390
1813503
1813543
1813549
1813609
1813675
1813710
1813755
1813765
1813773
1813790
1813811
1813833
1813930
1813931
1813969
1813989
1814046
1814053
1814064
1814066
1814272
1814309
1814343
1814351
1814371
1814543
1814547
1814608
1814667
1814760
1814834
1814934
1814939
1815096
1815136
1815185
1815242
1815273
1815288
1815297
1815304
1815315
1815404
1815426
1815458
1815506
1815528
1815531
1815684
1815707
1815713
1815717
1815835
1815852
1815968
1816008
1816010
1816052
1816063
1816086
1816097
1816106
1816115
1816123
1816224
1816237
1816249
1816255
1816358
1816370
1816422
1816442
1816466
1816779
1816796
1816839
1816880
1816889
1816921
1816929
1816930
1817007
1817030
1817039
1817042
1817079
1817110
1817125
1817148
1817160
1817165
1817198
1817225
1817245
1817336
1817377
1817389
1817396
1817409
1817466
1817502
1817549
1817554
1817569
1817589
1817639
1817679
1817711
1817725
1817743
1817745
1817749
1817899
1817965
1818010
1818177
1818189
1818229
1818239
1818322
1818403
1818470
1818553
1818655
1818689
1818789
1818808
1818811
1818875
1818911
1819014
1819031
1819054
1819076
1819104
1819188
1819247
1819249
1819305
1819355
1819360
1819365
1819371
1819376
1819435
1819506
1819585
1819628
1819648
1819657
1819680
1819774
1819851
1819965
1819970
1819979
1820008
1820023
1820042
1820062
1820163
1820173
1820182
1820309
1820343
1820403
1820406
1820430
1820441
1820456
1820517
1820520
1820670
1820758
1820767
1820802
1820877
1820893
1820933
1820991
1821014
1821041
1821048
1821106
1821156
1821233
1821253
1821257
1821269
1821341
1821380
1821418
1821437
1821448
1821604
1821644
1821651
1821691
1821729
1821740
1821802
1821848
1821852
1821861
1821870
1821952
1822002
1822014
1822166
1822171
1822173
1822262
1822264
1822318
1822351
1822363
1822417
1822533
1822587
1822617
1822759
1822767
1822788
1822822
1822850
1822878
1822887
1822904
1822936
1823066
1823161
1823230
1823262
1823265
1823268
1823306
1823371
1823423
1823439
1823557
1823584
1823596
1823603
1823648
1823652
1823663
1823676
1823709
1823751
1823807
1823814
1823868
1823895
1823980
1824052
1824067
1824092
1824121
1824160
1824165
1824182
1824212
1824216
1824259
1824268
1824296
1824298
1824312
1824338
1824363
1824408
1824430
1824438
1824492
1824495
1824769
1824800
1824833
1824858
1824914
1824970
1825006
1825023
1825043
1825048
1825077
1825094
1825102
1825145
1825195
1825209
1825226
1825270
1825271
1825278
1825284
1825323
1825361
1825378
1825456
1825488
1825492
1825508
1825526
1825543
1825557
1825598
1825619
1825739
1825881
1825890
1825909
1825967
1825990
1825995
1826038
1826075
1826081
1826115
1826144
1826158
1826162
1826204
1826239
1826295
1826298
1826306
1826329
1826453
1826467
1826478
1826503
1826521
1826542
1826547
1826587
1826593
1826629
1826803
1826870
1826907
1826953
1826959
1826962
1826991
1827026
1827050
1827092
1827167
1827248
1827256
1827274
1827299
1827384
1827402
1827418
1827519
1827587
1827610
1827615
1827699
1827751
1827773
1827856
1827864
1827869
1827899
1827902
1827906
1827923
1827927
1828010
1828018
1828020
1828048
1828050
1828066
1828114
1828152
1828266
1828271
1828278
1828305
1828400
1828414
1828416
1828450
1828454
1828484
1828660
1828667
1828700
1828752
1828761
1828810
1828860
1828892
1829062
1829126
1829188
1829195
1829207
1829221
1829238
1829280
1829352
1829360
1829474
1829530
1829592
1829628
1829695
1829709
1829734
1829751
1829753
1829820
1829851
1829864
1829889
1829907
1829937
1829964
1829968
1830140
1830147
1830164
1830262
1830271
1830305
1830383
1830416
1830419
1830440
1830459
1830477
1830498
1830506
1830547
1830570
1830579
1830593
1830601
1830621
1830631
1830669
1830683
1830720
1830732
1830759
1830772
1830819
1830832
1830858
1830952
1831025
1831048
1831103
1831119
1831155
1831214
1831229
1831267
1831323
1831475
1831476
1831520
1831530
1831557
1831627
1831674
1831687
1831733
1831874
1831938
1832029
1832063
1832132
1832142
1832195
1832258
1832277
1832287
1832336
1832348
1832459
1832534
1832551
1832594
1832627
1832636
1832704
1832763
1832858
1832872
1832936
1832964
1832975
1832976
1832983
1832997
1833018
1833043
1833147
1833160
1833174
1833209
1833214
1833227
1833240
1833252
1833321
1833384
1833410
1833439
1833544
1833605
1833712
1833727
1833748
1833751
1833810
1833850
1833868
1833880
1833926
1833937
1833952
1833972
1834016
1834027
1834071
1834090
1834114
1834191
1834205
1834224
1834236
1834243
1834269
1834425
1834450
1834511
1834522
1834581
1834610
1834617
1834721
1834747
1834761
1834766
1834802
1834812
1834913
1834922
1834944
1834959
1835044
1835067
1835097
1835192
1835197
1835207
1835297
1835338
1835358
1835379
1835385
1835433
1835606
1835642
1835656
1835679
1835692
1835748
1835757
1835778
1835793
1835798
1835867
1835877
1835908
1835927
1835929
1836003
1836015
1836019
1836024
1836048
1836051
1836057
1836102
1836261
1836313
1836464
1836487
1836572
1836608
1836622
1836678
1836685
1836706
1836714
1836773
1836813
1836880
1836922
1836926
1836941
1836990
1836993
1836996
1837057
1837152
1837267
1837295
1837315
1837360
1837521
1837527
1837564
1837567
1837668
1837711
1837739
1837978
1838036
1838106
1838152
1838159
1838273
1838282
1838334
1838349
1838559
1838720
1838981
1838994
1839029
1839047
1839139
1839380
1839506
1839572
1839581
1839590
1839842
1839852
1839875
1839878
1839969
1840055
1840081
1840105
1840145
1840162
1840185
1840218
1840223
1840290
1840361
1840383
1840395
1840443
1840476
1840554
1840592
1840629
1840696
1840712
1840729
1840740
1840783
1840821
1840877
1840880
1840885
1840929
1841033
1841039
1841186
1841244
1841267
1841278
1841295
1841296
1841317
1841484
1841508
1841562
1841566
1841584
1841670
1841704
1841789
1841795
1841799
1841955
1842003
1842013
1842152
1842162
1842224
1842253
1842282
1842334
1842353
1842358
1842371
1842393
1842397
1842411
1842414
1842418
1842444
1842458
1842513
1842542
1842553
1842560
1842576
1842596
1842634
1842636
1842676
1842718
1842732
1842745
1842813
1842853
1842902
1842913
1842915
1842925
1842938
1843032
1843048
1843061
1843064
1843120
1843178
1843241
1843282
1843286
1843289
1843331
1843451
1843488
1843498
1843503
1843511
1843514
1843528
1843533
1843543
1843560
1843580
1843584
1843592
1843604
1843613
1843887
1843892
1843904
1843911
1843920
1843922
1843948
1843967
1843970
1844001
1844150
1844187
1844192
1844209
1844281
1844371
1844388
1844449
1844521
1844623
1844706
1844713
1844733
1844776
1844796
1844820
1844823
1844827
1844854
1844863
1844868
1844900
1844934
1845020
1845079
1845136
1845140
1845177
1845211
1845247
1845393
1845402
1845426
1845482
1845496
1845508
1845514
1845578
1845722
1845788
1845800
1845803
1845826
1845857
1845871
1845875
1845932
1846027
1846118
1846223
1846307
1846332
1846354
1846360
1846423
1846425
1846437
1846543
1846588
1846590
1846598
1846662
1846669
1846730
1846733
1846823
1846897
1846966
1846978
1846981
1847003
1847017
1847099
1847103
1847159
1847217
1847219
1847227
1847268
1847274
1847305
1847319
1847332
1847366
1847390
1847467
1847494
1847546
1847585
1847590
1847646
1847748
1847750
1847767
1847837
1847854
1847862
1847864
1847888
1847894
1847979
1847998
1848084
1848112
1848135
1848158
1848201
1848264
1848290
1848411
1848440
1848447
1848455
1848519
1848538
1848611
1848656
1848693
1848812
1848834
1848842
1848888
1848903
1848927
1849121
1849228
1849262
1849361
1849371
1849373
1849413
1849425
1849498
1849541
1849568
1849592
1849607
1849628
1849636
1849716
1849736
1849767
1849770
1849827
1849848
1849883
1849947
1849997
1850012
1850039
1850076
1850100
1850121
1850138
1850235
1850267
1850298
1850316
1850356
1850361
1850379
1850398
1850494
1850505
1850532
1850551
1850637
1850642
1850700
1850726
1850732
1850740
1850748
1850759
1850832
1850867
1850879
1850923
1850939
1850952
1850991
1850997
1851007
1851073
1851092
1851123
1851152
1851156
1851181
1851196
1851234
1851299
1851348
1851376
1851439
1851562
1851595
1851596
1851609
1851612
1851667
1851688
1851703
1851720
1851731
1851770
1851816
1851824
1851826
1851849
1851854
1851868
1851884
1851927
1851957
1852102
1852158
1852246
1852261
1852323
1852340
1852377
1852384
1852399
1852440
1852469
1852488
1852523
1852603
1852630
1852687
1852735
1852749
1852794
1852806
1852842
1852850
1852955
1852985
1852996
1853027
1853081
1853109
1853117
1853131
1853201
1853211
1853230
1853253
1853268
1853329
1853362
1853367
1853380
1853482
1853485
1853498
1853655
1853693
1853724
1853748
1853751
1853758
1853819
1853830
1853833
1853874
1853897
1853913
1853953
1853984
1854027
1854040
1854063
1854074
1854078
1854113
1854120
1854157
1854164
1854194
1854204
1854258
1854304
1854341
1854381
1854414
1854546
1854563
1854583
1854618
1854764
1854773
1854840
1854860
1854866
1854872
1854874
1854879
1855000
1855043
1855062
1855151
1855174
1855176
1855193
1855351
1855361
1855529
1855596
1855599
1855663
1855676
1855684
1855732
1855782
1855818
1855905
1855947
1855952
1855974
1856024
1856026
1856046
1856078
1856110
1856113
1856124
1856200
1856225
1856229
1856234
1856244
1856247
1856313
1856347
1856387
1856415
1856443
1856553
1856605
1856710
1856775
1856780
1856888
1856957
1856963
1857013
1857097
1857178
1857187
1857215
1857231
1857240
1857297
1857355
1857395
1857451
1857482
1857545
1857551
1857618
1857690
1857720
1857729
1857808
1857863
1857959
1857981
1857988
1858029
1858046
1858055
1858122
1858134
1858195
1858225
1858271
1858384
1858470
1858562
1858576
1858584
1858600
1858611
1858697
1858727
1858730
1858769
1858779
1858801
1858895
1858906
1858928
1859051
1859083
1859177
1859193
1859197
1859286
1859287
1859298
1859307
1859330
1859346
1859361
1859487
1859494
1859603
1859657
1859787
1859863
1859929
1859988
1860042
1860221
1860259
1860291
1860360
1860504
1860564
1860597
1860645
1860657
1860667
1860746
1860820
1860840
1860906
1860919
1860923
1860941
1861034
1861042
1861053
1861128
1861219
1861244
1861251
1861394
1861563
1861722
1861726
1861740
1861770
1861785
1861814
1861849
1861864
1861981
1861984
1861987
1862025
1862031
1862062
1862072
1862104
1862306
1862329
1862332
1862352
1862401
1862416
1862423
1862445
1862450
1862460
1862509
1862602
1862623
1862653
1862677
1862694
1862725
1862769
1862792
1862798
1862867
1862868
1862921
1862998
1863052
1863135
1863189
1863331
1863396
1863410
1863508
1863509
1863516
1863562
1863583
1863659
1863662
1863704
1863719
1863738
1863764
1863786
1863803
1863825
1863902
1863929
1863940
1863963
1863977
1864003
1864215
1864220
1864323
1864327
1864330
1864335
1864344
1864380
1864424
1864463
1864595
1864655
1864714
1864731
1864750
1864801
1864836
1864857
1864901
1865052
1865063
1865093
1865098
1865130
1865139
1865184
1865208
1865243
1865319
1865383
1865448
1865452
1865495
1865600
1865660
1865708
1865798
1865834
1865866
1865882
1865923
1865932
1865940
1866017
1866025
1866034
1866056
1866087
1866136
1866150
1866170
1866210
1866226
1866301
1866357
1866381
1866395
1866581
1866621
1866702
1866712
1866780
1866846
1866854
1866864
1866926
1866983
1866992
1867000
1867003
1867113
1867127
1867135
1867220
1867292
1867294
1867323
1867381
1867404
1867417
1867505
1867523
1867525
1867557
1867601
1867634
1867689
1867717
1867728
1867832
1867858
1867863
1867869
1867956
1868035
1868038
1868044
1868051
1868079
1868085
1868244
1868322
1868383
1868405
1868427
1868470
1868472
1868507
1868534
1868560
1868584
1868646
1868651
1868664
1868668
1868682
1868689
1868695
1868906
1868950
1868956
1868962
1868980
1868984
1869113
1869176
1869195
1869267
1869276
1869329
1869364
1869440
1869463
1869477
1869495
1869511
1869593
1869609
1869716
1869747
1869875
1869916
1869957
1870001
1870021
1870076
1870080
1870113
1870167
1870212
1870293
1870317
1870331
1870342
1870414
1870425
1870490
1870498
1870505
1870509
1870530
1870604
1870710
1870714
1870719
1870724
1870741
1870776
1870800
1870920
1870940
1871050
1871086
1871124
1871145
1871164
1871211
1871234
1871282
1871287
1871304
1871324
1871396
1871416
1871436
1871458
1871462
1871515
1871587
1871709
1871731
1871755
1871768
1871827
1871879
1871909
1871975
1872003
1872008
1872032
1872122
1872123
1872230
1872273
1872347
1872386
1872396
1872416
1872437
1872466
1872492
1872504
1872536
1872613
1872781
1872806
1872829
1872859
1872892
1873003
1873018
1873039
1873052
1873087
1873128
1873159
1873173
1873181
1873224
1873249
1873286
1873291
1873298
1873307
1873313
1873323
1873327
1873368
1873398
1873487
1873528
1873538
1873614
1873662
1873692
1873700
1873755
1873785
1873792
1873797
1873801
1873819
1873884
1873900
1873915
1873945
1873992
1873998
1874059
1874080
1874110
1874131
1874162
1874210
1874230
1874250
1874294
1874307
1874345
1874387
1874396
1874498
1874560
1874625
1874651
1874660
1874697
1874804
1874807
1874845
1874862
1874878
1874889
1874894
1874912
1874939
1874964
1875023
1875063
1875075
1875122
1875137
1875255
1875268
1875331
1875345
1875364
1875478
1875483
1875554
1875619
1875625
1875686
1875727
1875819
1875825
1875917
1875943
1875981
1875995
1876017
1876020
1876078
1876137
1876277
1876367
1876439
1876578
1876603
1876621
1876631
1876683
1876728
1876762
1876810
1876969
1877066
1877100
1877111
1877147
1877148
1877151
1877160
1877168
1877199
1877287
1877345
1877391
1877406
1877426
1877427
1877430
1877439
1877455
1877478
1877497
1877519
1877536
1877598
1877821
1877872
1877888
1877908
1877931
1877954
1877964
1878002
1878016
1878029
1878066
1878083
1878167
1878179
1878229
1878260
1878298
1878314
1878358
1878368
1878448
1878463
1878502
1878543
1878553
1878688
1878830
1878845
1879006
1879139
1879155
1879166
1879330
1879361
1879397
1879457
1879512
1879536
1879545
1879574
1879623
1879629
1879654
1879661
1879776
1879819
1879848
1879867
1879868
1879919
1880009
1880055
1880087
1880111
1880134
1880164
1880207
1880240
1880282
1880298
1880305
1880350
1880381
1880385
1880482
1880483
1880518
1880553
1880678
1880703
1880719
1880741
1880746
1880765
1880796
1880804
1880808
1881030
1881036
1881081
1881156
1881248
1881295
1881337
1881353
1881373
1881481
1881521
1881531
1881532
1881573
1881607
1881644
1881667
1881675
1881690
1881729
1881809
1881836
1881871
1881905
1881921
1881993
1882227
1882233
1882320
1882373
1882435
1882484
1882490
1882547
1882594
1882629
1882646
1882647
1882672
1882681
1882722
1882798
1882845
1882848
1882853
1882863
1882906
1882916
1882978
1882985
1883001
1883049
1883114
1883150
1883201
1883208
1883230
1883265
1883280
1883307
1883362
1883440
1883465
1883526
1883541
1883614
1883667
1883742
1883743
1883748
1883809
1883815
1883841
1883850
1883908
1883930
1883961
1883995
1884003
1884008
1884036
1884078
1884113
1884164
1884196
1884201
1884213
1884388
1884538
1884559
1884733
1884756
1884777
1884838
1884851
1884924
1884982
1884987
1885014
1885019
1885038
1885067
1885082
1885188
1885201
1885232
1885256
1885261
1885264
1885308
1885324
1885328
1885339
1885401
1885451
1885538
1885621
1885640
1885655
1885657
1885722
1885740
1885763
1885764
1885766
1885943
1885948
1885958
1886053
1886078
1886176
1886179
1886209
1886241
1886260
1886274
1886302
1886377
1886424
1886466
1886490
1886495
1886505
1886547
1886553
1886561
1886588
1886719
1886729
1886737
1886775
1886829
1886832
1886881
1886918
1886933
1886974
1886998
1887005
1887007
1887053
1887080
1887156
1887200
1887240
1887251
1887279
1887302
1887410
1887502
1887611
1887665
1887691
1887707
1887714
1887768
1887773
1887789
1887832
1887849
1887851
1887864
1887911
1887999
1888017
1888031
1888041
1888052
1888087
1888089
1888127
1888163
1888188
1888226
1888298
1888325
1888348
1888354
1888359
1888443
1888459
1888473
1888496
1888497
1888499
1888520
1888570
1888607
1888623
1888640
1888650
1888663
1888670
1888826
1888854
1888874
1888895
1888923
1888954
1888973
1888986
1888998
1889016
1889022
1889027
1889060
1889087
1889106
1889127
1889133
1889152
1889187
1889222
1889228
1889267
1889268
1889322
1889360
1889368
1889409
1889531
1889593
1889645
1889658
1889681
1889688
1889717
1889740
1889855
1889914
1889922
1889936
1889981
1890013
1890018
1890086
1890087
1890115
1890125
1890129
1890142
1890151
1890159
1890180
1890198
1890256
1890295
1890316
1890363
1890372
1890479
1890573
1890580
1890666
1890673
1890705
1890716
1890793
1890836
1890846
1890848
1890908
1890910
1890922
1890952
1891016
1891191
1891230
1891244
1891256
1891297
1891391
1891399
1891409
1891421
1891542
1891606
1891674
1891677
1891899
1891903
1891919
1891929
1891987
1892030
1892057
1892099
1892108
1892111
1892133
1892174
1892204
1892215
1892292
1892398
1892432
1892434
1892435
1892457
1892465
1892656
1892670
1892739
1892812
1892924
1892947
1892981
1893014
1893036
1893048
1893162
1893167
1893179
1893203
1893210
1893222
1893232
1893272
1893344
1893421
1893464
1893467
1893578
1893674
1893682
1893718
1893740
1893768
1893772
1893788
1893818
1893834
1893836
1893844
1893850
1893954
1893966
1893979
1893987
1894012
1894079
1894180
1894224
1894272
1894282
1894296
1894306
1894317
1894391
1894483
1894507
1894524
1894558
1894589
1894662
1894671
1894674
1894693
1894705
1894716
1894718
1894725
1894756
1894906
1894947
1894951
1894976
1895014
1895127
1895130
1895151
1895240
1895249
1895273
1895276
1895315
1895320
1895395
1895467
1895650
1895697
1895711
1895753
1895801
1895831
1895847
1895857
1895884
1895916
1895970
1896010
1896023
1896030
1896088
1896091
1896133
1896175
1896187
1896223
1896298
1896311
1896334
1896519
1896532
1896547
1896618
1896634
1896648
1896677
1896681
1896746
1896848
1896860
1896877
1896879
1896911
1896928
1896945
1897013
1897042
1897273
1897298
1897302
1897371
1897388
1897396
1897410
1897411
1897449
1897468
1897540
1897544
1897570
1897599
1897671
1897680
1897741
1897849
1897855
1897932
1898003
1898073
1898097
1898137
1898146
1898149
1898153
1898170
1898192
1898201
1898236
1898324
1898457
1898470
1898554
1898571
1898606
1898617
1898761
1898775
1898813
1898846
1898878
1898902
1898926
1899037
1899064
1899102
1899245
1899254
1899263
1899310
1899313
1899332
1899435
1899460
1899465
1899474
1899482
1899490
1899537
1899611
1899631
1899683
1899697
1899714
1899761
1899817
1899836
1899900
1899919
1899977
1900002
1900046
1900122
1900164
1900175
1900180
1900323
1900332
1900358
1900362
1900463
1900478
1900520
1900568
1900678
1900692
1900697
1900703
1900720
1900780
1900838
1900842
1900874
1900927
1901038
1901059
1901120
1901152
1901159
1901161
1901275
1901291
1901428
1901463
1901464
1901475
1901490
1901506
1901552
1901561
1901582
1901589
1901602
1901604
1901634
1901674
1901693
1901709
1901722
1901733
1901793
1901800
1901895
1901899
1901985
1901987
1901991
1901999
1902023
1902046
1902063
1902092
1902101
1902107
1902144
1902273
1902296
1902328
1902390
1902469
1902485
1902491
1902526
1902549
1902573
1902677
1902704
1902716
1902728
1902752
1902754
1902841
1902875
1902914
1902983
1903022
1903025
1903055
1903059
1903117
1903136
1903175
1903184
1903192
1903282
1903397
1903407
1903424
1903436
1903466
1903498
1903503
1903507
1903520
1903532
1903542
1903552
1903629
1903782
1903808
1903876
1903909
1903926
1903954
1904091
1904153
1904237
1904291
1904378
1904387
1904435
1904463
1904495
1904536
1904563
1904586
1904612
1904631
1904643
1904686
1904690
1904839
1904849
1904878
1904942
1904980
1905078
1905102
1905108
1905121
1905133
1905165
1905184
1905200
1905233
1905264
1905288
1905397
1905419
1905430
1905544
1905570
1905582
1905625
1905738
1905775
1905800
1905835
1905891
1905994
1906002
1906054
1906071
1906158
1906213
1906257
1906277
1906311
1906349
1906381
1906470
1906475
1906496
1906519
1906547
1906761
1906792
1906797
1906849
1906974
1907006
1907034
1907037
1907074
1907101
1907256
1907287
1907413
1907476
1907577
1907580
1907622
1907642
1907676
1907710
1907730
1907791
1907856
1907872
1907892
1907959
1907993
1908062
1908091
1908103
1908159
1908186
1908239
1908269
1908276
1908311
1908324
1908338
1908361
1908362
1908375
1908430
1908487
1908561
1908584
1908654
1908710
1908712
1908858
1908898
1908921
1908944
1908981
1909003
1909073
1909079
1909163
1909203
1909258
1909341
1909360
1909377
1909405
1909510
1909590
1909686
1909701
1909746
1909769
1909772
1909845
1909883
1909909
1909935
1909949
1909987
1910039
1910077
1910108
1910111
1910135
1910146
1910200
1910227
1910237
1910306
1910397
1910418
1910484
1910499
1910540
1910643
1910671
1910704
1910739
1910744
1910784
1910790
1910802
1910809
1910813
1910882
1910949
1910970
1910987
1911108
1911137
1911150
1911166
1911190
1911253
1911269
1911281
1911341
1911348
1911392
1911578
1911593
1911625
1911645
1911659
1911687
1911698
1911721
1911731
1911822
1911872
1911897
1911903
1911994
1912022
1912031
1912034
1912202
1912288
1912337
1912368
1912475
1912591
1912622
1912657
1912681
1912702
1912756
1912814
1912856
1912884
1912926
1912944
1912951
1913016
1913183
1913320
1913352
1913398
1913430
1913438
1913442
1913517
1913521
1913562
1913583
1913602
1913622
1913650
1913662
1913707
1913723
1913752
1913757
1913814
1913828
1913831
1913836
1913850
1913868
1913893
1913916
1913958
1914099
1914142
1914209
1914261
1914281
1914300
1914401
1914422
1914468
1914488
1914496
1914644
1914645
1914649
1914720
1914731
1914762
1914824
1914842
1914893
1915027
1915043
1915150
1915206
1915283
1915363
1915422
1915445
1915494
1915507
1915603
1915637
1915708
1915736
1915769
1915853
1915892
1915931
1915973
1915995
1916025
1916118
1916149
1916158
1916217
1916229
1916270
1916344
1916359
1916369
1916437
1916483
1916495
1916556
1916578
1916582
1916642
1916649
1916666
1916669
1916685
1916696
1916797
1916827
1916850
1917048
1917114
1917225
1917303
1917334
1917362
1917385
1917387
1917395
1917496
1917513
1917528
1917569
1917581
1917622
1917670
1917672
1917681
1917748
1917749
1917823
1917883
1917905
1917951
1917979
1917988
1918065
1918071
1918127
1918168
1918194
1918347
1918353
1918385
1918434
1918496
1918594
1918610
1918612
1918689
1918749
1918801
1918805
1918851
1918876
1918891
1918912
1918919
1918937
1918950
1918982
1919009
1919051
1919065
1919202
1919269
1919311
1919353
1919395
1919530
1919597
1919680
1919796
1919810
1919825
1919902
1919932
1920005
1920036
1920081
1920094
1920135
1920235
1920259
1920269
1920281
1920385
1920411
1920440
1920543
1920551
1920581
1920607
1920629
1920683
1920754
1920766
1920780
1920837
1920845
1920890
1920920
1920929
1920932
1920946
1920949
1920962
1920983
1921006
1921067
1921080
1921183
1921200
1921300
1921326
1921336
1921397
1921415
1921448
1921471
1921477
1921501
1921527
1921598
1921708
1921781
1921859
1921878
1921913
1922007
1922076
1922109
1922121
1922150
1922216
1922306
1922310
1922314
1922373
1922423
1922428
1922507
1922567
1922679
1922741
1922781
1922820
1922830
1922857
1923037
1923062
1923080
1923118
1923141
1923159
1923190
1923253
1923321
1923328
1923336
1923373
1923393
1923408
1923411
1923416
1923443
1923544
1923607
1923620
1923656
1923825
1923863
1923871
1923922
1923943
1923985
1924031
1924040
1924062
1924079
1924095
1924107
1924112
1924116
1924172
1924185
1924189
1924203
1924231
1924335
1924360
1924368
1924371
1924393
1924436
1924466
1924474
1924517
1924552
1924637
1924638
1924664
1924677
1924682
1924737
1924784
1924788
1924792
1924861
1924886
1924920
1924925
1924929
1924937
1924968
1925007
1925064
1925162
1925165
1925251
1925261
1925342
1925451
1925453
1925597
1925602
1925636
1925784
1925836
1925946
1925995
1926004
1926010
1926041
1926046
1926049
1926103
1926132
1926283
1926359
1926416
1926469
1926647
1926668
1926720
1926793
1927003
1927011
1927048
1927084
1927099
1927220
1927222
1927352
1927357
1927366
1927400
1927511
1927553
1927561
1927578
1927594
1927625
1927673
1927720
1927742
1927762
1927790
1927838
1927904
1927935
1927995
1928136
1928148
1928212
1928282
1928419
1928423
1928433
1928441
1928451
1928515
1928585
1928664
1928665
1928677
1928688
1928693
1928703
1928759
1928829
1928907
1928936
1928940
1929009
1929042
1929064
1929114
1929123
1929156
1929182
1929195
1929218
1929243
1929279
1929379
1929460
1929577
1929625
1929646
1929741
1929790
1929813
1929836
1929851
1930250
1930425
1930454
1930514
1930518
1930549
1930620
1930626
1930637
1930699
1930736
1930783
1930803
1930813
1930826
1930827
1930874
1930893
1930925
1930941
1930997
1931007
1931022
1931025
1931110
1931150
1931154
1931161
1931184
1931281
1931362
1931373
1931404
1931412
1931417
1931449
1931495
1931553
1931564
1931591
1931630
1931691
1931727
1931746
1931754
1931780
1931815
1931828
1931846
1931903
1931938
1931965
1931970
1932074
1932093
1932125
1932168
1932194
1932197
1932231
1932248
1932385
1932387
1932410
1932427
1932477
1932531
1932585
1932659
1932684
1932689
1932730
1932740
1932741
1932770
1932848
1932901
1932922
1932932
1932933
1932967
1933028
1933146
1933195
1933199
1933218
1933298
1933319
1933324
1933337
1933340
1933461
1933471
1933498
1933635
1933725
1933731
1933749
1933757
1934003
1934014
1934051
1934110
1934183
1934186
1934287
1934317
1934322
1934324
1934330
1934350
1934480
1934535
1934570
1934593
1934616
1934621
1934655
1934710
1934771
1934793
1934795
1934839
1934853
1934902
1934978
1935031
1935056
1935200
1935234
1935281
1935347
1935360
1935402
1935405
1935445
1935447
1935546
1935558
1935571
1935667
1935713
1935739
1935818
1935861
1935894
1936039
1936339
1936433
1936446
1936475
1936482
1936494
1936507
1936509
1936544
1936570
1936589
1936598
1936719
1936736
1936761
1936776
1936787
1936796
1936817
1936832
1936944
1936951
1937000
1937012
1937103
1937113
1937190
1937209
1937220
1937230
1937238
1937387
1937424
1937450
1937481
1937539
1937542
1937567
1937599
1937636
1937694
1937711
1937727
1937735
1937741
1937745
1937772
1937784
1937802
1937813
1937868
1937915
1937966
1938029
1938037
1938047
1938075
1938100
1938122
1938149
1938153
1938174
1938182
1938198
1938283
1938289
1938301
1938314
1938339
1938351
1938426
1938469
1938472
1938501
1938530
1938595
1938601
1938688
1938719
1938724
1938733
1938755
1938817
1938916
1938922
1938930
1939056
1939079
1939107
1939155
1939286
1939294
1939331
1939388
1939398
1939426
1939490
1939539
1939609
1939625
1939649
1939719
1939809
1939815
1939910
1939929
1939961
1939988
1939989
1940004
1940086
1940098
1940119
1940122
1940125
1940134
1940147
1940164
1940220
1940250
1940287
1940293
1940332
1940456
1940461
1940500
1940624
1940746
1940838
1940896
1940955
1940980
1940990
1941016
1941074
1941084
1941135
1941156
1941198
1941203
1941234
1941307
1941344
1941531
1941663
1941691
1941706
1941722
1941833
1941854
1941861
1941863
1941882
1941886
1941896
1941925
1941978
1942004
1942128
1942134
1942142
1942158
1942177
1942190
1942224
1942277
1942284
1942308
1942397
1942410
1942416
1942463
1942500
1942517
1942534
1942541
1942570
1942593
1942665
1942736
1942779
1942783
1942786
1942801
1942813
1942824
1942899
1942934
1943042
1943057
1943080
1943117
1943154
1943177
1943226
1943364
1943389
1943401
1943417
1943445
1943518
1943530
1943554
1943658
1943719
1943738
1943830
1943846
1943889
1943909
1943977
1943992
1944012
1944067
1944244
1944339
1944418
1944424
1944426
1944447
1944555
1944611
1944649
1944726
1944738
1944756
1944931
1945007
1945139
1945320
1945345
1945418
1945495
1945540
1945579
1945607
1945664
1945669
1945684
1945766
1945812
1945840
1945855
1945869
1945982
1946044
1946099
1946182
1946212
1946235
1946288
1946328
1946439
1946463
1946490
1946525
1946540
1946613
1946742
1946773
1946820
1946927
1946984
1946997
1947074
1947099
1947106
1947111
1947133
1947148
1947167
1947177
1947285
1947308
1947322
1947401
1947406
1947443
1947465
1947480
1947605
1947610
1947667
1947677
1947711
1947739
1947753
1947756
1947767
1947791
1947920
1947931
1947986
1948004
1948041
1948244
1948271
1948373
1948404
1948464
1948494
1948531
1948533
1948540
1948607
1948629
1948659
1948683
1948705
1948822
1948828
1948932
1949011
1949032
1949095
1949112
1949123
1949232
1949236
1949275
1949285
1949294
1949305
1949309
1949313
1949330
1949371
1949402
1949548
1949583
1949598
1949607
1949612
1949674
1949767
1949810
1949919
1949940
1950056
1950101
1950121
1950230
1950318
1950341
1950343
1950359
1950366
1950368
1950391
1950404
1950426
1950433
1950440
1950446
1950480
1950528
1950565
1950574
1950694
1950717
1950861
1950870
1950889
1950903
1951013
1951024
1951038
1951108
1951112
1951156
1951167
1951168
1951214
1951228
1951273
1951316
1951324
1951400
1951427
1951456
1951596
1951634
1951644
1951678
1951741
1951769
1951826
1951869
1951968
1952034
1952078
1952140
1952188
1952201
1952233
1952241
1952253
1952295
1952296
1952308
1952327
1952354
1952541
1952552
1952592
1952625
1952687
1952695
1952750
1952820
1952911
1952946
1953054
1953082
1953084
1953156
1953160
1953186
1953191
1953250
1953293
1953343
1953352
1953370
1953403
1953427
1953491
1953539
1953547
1953557
1953560
1953627
1953637
1953672
1953708
1953740
1953801
1953893
1953939
1953952
1953969
1954065
1954077
1954094
1954108
1954120
1954176
1954187
1954192
1954219
1954233
1954252
1954264
1954323
1954335
1954369
1954380
1954414
1954464
1954576
1954635
1954678
1954715
1954718
1954729
1954734
1954736
1954740
1954747
1954772
1954785
1954798
1954825
1954835
1954979
1955080
1955089
1955196
1955202
1955316
1955344
1955417
1955486
1955505
1955521
1955819
1955826
1955903
1955919
1955927
1955946
1955962
1955992
1956008
1956018
1956039
1956066
1956102
1956172
1956258
1956262
1956280
1956306
1956342
1956352
1956354
1956380
1956385
1956440
1956489
1956545
1956602
1956621
1956645
1956658
1956721
1956746
1956769
1956835
1956865
1957002
1957035
1957080
1957146
1957177
1957184
1957380
1957389
1957429
1957439
1957459
1957480
1957483
1957564
1957566
1957604
1957662
1957705
1957799
1958024
1958036
1958096
1958198
1958228
1958401
1958497
1958500
1958547
1958570
1958624
1958652
1958757
1958792
1958849
1958875
1958878
1958920
1959000
1959019
1959028
1959032
1959040
1959051
1959105
1959141
1959172
1959225
1959276
1959319
1959394
1959433
1959547
1959674
1959678
1959744
1959750
1959791
1959824
1959945
1959999
1960039
1960131
1960152
1960187
1960191
1960221
1960269
1960302
1960580
1960699
1960942
1960970
1960978
1960998
1961002
1961010
1961089
1961104
1961143
1961194
1961195
1961261
1961265
1961287
1961330
1961334
1961477
1961531
1961535
1961590
1961634
1961717
1961733
1961739
1961790
1961800
1961882
1961913
1961923
1962041
1962204
1962233
1962254
1962355
1962369
1962405
1962426
1962436
1962444
1962446
1962490
1962550
1962572
1962578
1962639
1962715
1962727
1962775
1962811
1962831
1962846
1962916
1962928
1962955
1962960
1962989
1963041
1963050
1963157
1963169
1963178
1963212
1963233
1963264
1963288
1963338
1963353
1963383
1963446
1963474
1963491
1963524
1963569
1963595
1963677
1963684
1963727
1963740
1963766
1963780
1963863
1963909
1963928
1964002
1964025
1964033
1964257
1964281
1964283
1964300
1964362
1964412
1964425
1964437
1964527
1964563
1964638
1964689
1964747
1964830
1964874
1964880
1964892
1964939
1964982
1965019
1965037
1965083
1965103
1965112
1965129
1965141
1965164
1965180
1965188
1965203
1965273
1965350
1965379
1965481
1965496
1965499
1965533
1965548
1965553
1965580
1965591
1965603
1965604
1965614
1965670
1965683
1965753
1965831
1965887
1965908
1965952
1965970
1965975
1966001
1966049
1966135
1966155
1966162
1966228
1966242
1966262
1966314
1966352
1966357
1966378
1966389
1966464
1966473
1966524
1966559
1966568
1966618
1966688
1966718
1966722
1966729
1966770
1966829
1966859
1966925
1966927
1967011
1967058
1967102
1967118
1967207
1967233
1967244
1967309
1967317
1967320
1967325
1967341
1967373
1967457
1967466
1967538
1967581
1967603
1967642
1967684
1967715
1967719
1967740
1967864
1967888
1967933
1967949
1968023
1968087
1968099
1968126
1968130
1968138
1968173
1968195
1968273
1968384
1968388
1968458
1968471
1968504
1968513
1968529
1968575
1968604
1968651
1968660
1968724
1968744
1968824
1968857
1968874
1968892
1968899
1968939
1968980
1969044
1969049
1969081
1969091
1969154
1969238
1969376
1969402
1969409
1969468
1969482
1969500
1969538
1969547
1969634
1969772
1969783
1969789
1969819
1969822
1969824
1969858
1969876
1969929
1969935
1969952
1969956
1970017
1970023
1970057
1970095
1970108
1970168
1970180
1970192
1970197
1970243
1970249
1970280
1970423
1970435
1970444
1970541
1970613
1970656
1970694
1970715
1970721
1970754
1970783
1970808
1970925
1970949
1970957
1970959
1970961
1971004
1971010
1971029
1971055
1971108
1971148
1971161
1971256
1971260
1971261
1971277
1971282
1971299
1971329
1971359
1971375
1971464
1971494
1971547
1971605
1971608
1971656
1971764
1971788
1971953
1971957
1972045
1972068
1972103
1972107
1972183
1972188
1972190
1972279
1972298
1972316
1972330
1972332
1972490
1972527
1972566
1972577
1972597
1972605
1972735
1972736
1972798
1972813
1972825
1972865
1972893
1972899
1972938
1972941
1973045
1973181
1973270
1973287
1973295
1973303
1973378
1973438
1973472
1973475
1973545
1973592
1973605
1973613
1973620
1973638
1973717
1973735
1973773
1973788
1973808
1973835
1973879
1973984
1974011
1974018
1974032
1974106
1974142
1974204
1974212
1974243
1974300
1974324
1974350
1974387
1974390
1974404
1974426
1974476
1974503
1974509
1974576
1974601
1974608
1974617
1974625
1974648
1974666
1974712
1974775
1974781
1974826
1974852
1974878
1974890
1974905
1975017
1975052
1975071
1975109
1975156
1975168
1975236
1975316
1975337
1975357
1975398
1975434
1975479
1975565
1975581
1975626
1975628
1975671
1975676
1975697
1975708
1975734
1975745
1975784
1975792
1975835
1975962
1976002
1976077
1976103
1976237
1976269
1976277
1976463
1976492
1976549
1976587
1976605
1976658
1976663
1976682
1976698
1976820
1976873
1977017
1977067
1977086
1977103
1977143
1977232
1977246
1977314
1977380
1977426
1977492
1977494
1977507
1977684
1977738
1977779
1977802
1977810
1977843
1977900
1977945
1978012
1978038
1978055
1978060
1978080
1978096
1978098
1978102
1978138
1978145
1978156
1978184
1978255
1978267
1978310
1978318
1978336
1978340
1978354
1978391
1978442
1978452
1978542
1978575
1978612
1978688
1978722
1978740
1978873
1978879
1978894
1978934
1978943
1978972
1978980
1979076
1979101
1979137
1979165
1979187
1979195
1979208
1979264
1979278
1979412
1979428
1979448
1979526
1979570
1979593
1979701
1979754
1979771
1979780
1979796
1979802
1979805
1979854
1979893
1979917
1979933
1979938
1979940
1979975
1980008
1980015
1980032
1980036
1980075
1980108
1980154
1980174
1980254
1980281
1980307
1980346
1980441
1980452
1980501
1980518
1980539
1980575
1980582
1980645
1980675
1980773
1980809
1980813
1980871
1980875
1980903
1980959
1980984
1981014
1981064
1981096
1981123
1981127
1981190
1981209
1981303
1981390
1981403
1981418
1981424
1981454
1981478
1981487
1981516
1981589
1981633
1981729
1981744
1981822
1981844
1981868
1981902
1981918
1981933
1981948
1981975
1981990
1982013
1982033
1982034
1982104
1982181
1982200
1982217
1982232
1982256
1982305
1982327
1982331
1982377
1982535
1982559
1982609
1982671
1982714
1982735
1982827
1982859
1982866
1983048
1983109
1983111
1983194
1983252
1983289
1983312
1983402
1983445
1983509
1983517
1983539
1983567
1983584
1983597
1983610
1983618
1983645
1983853
1983936
1984101
1984181
1984249
1984260
1984264
1984266
1984272
1984273
1984362
1984390
1984434
1984475
1984530
1984556
1984584
1984782
1984892
1984938
1984966
1984980
1985055
1985091
1985169
1985207
1985221
1985228
1985317
1985324
1985330
1985332
1985355
1985368
1985389
1985442
1985820
1985828
1985851
1985892
1986043
1986050
1986092
1986191
1986200
1986229
1986240
1986308
1986426
1986436
1986485
1986512
1986613
1986745
1986784
1986802
1986826
1986843
1986861
1986883
1987045
1987089
1987107
1987118
1987133
1987141
1987168
1987198
1987202
1987232
1987311
1987432
1987443
1987453
1987483
1987533
1987539
1987549
1987652
1987678
1987685
1987728
1987741
1987799
1987815
1987855
1987858
1987864
1987943
1988018
1988053
1988060
1988073
1988127
1988132
1988173
1988329
1988334
1988418
1988432
1988488
1988516
1988567
1988573
1988605
1988637
1988666
1988674
1988722
1988739
1988802
1988805
1988832
1988893
1989031
1989078
1989146
1989203
1989249
1989345
1989358
1989401
1989461
1989570
1989583
1989600
1989640
1989650
1989693
1989725
1989740
1989773
1989775
1989835
1989843
1989846
1989854
1989887
1989921
1989950
1989978
1989982
1990005
1990015
1990045
1990117
1990143
1990152
1990158
1990173
1990199
1990209
1990221
1990311
1990327
1990494
1990515
1990524
1990549
1990562
1990587
1990598
1990606
1990622
1990666
1990667
1990680
1990700
1990704
1990744
1990819
1990848
1990887
1990901
1990973
1990993
1990996
1991099
1991126
1991130
1991156
1991157
1991181
1991247
1991278
1991310
1991320
1991343
1991353
1991420
1991623
1991899
1991918
1991929
1991971
1992021
1992030
1992076
1992083
1992091
1992119
1992150
1992159
1992175
1992211
1992244
1992257
1992281
1992387
1992414
1992444
1992446
1992487
1992489
1992504
1992510
1992547
1992567
1992583
1992684
1992698
1992708
1992735
1992786
1992870
1992894
1992923
1992925
1992930
1992979
1992985
1993072
1993073
1993113
1993140
1993177
1993193
1993255
1993289
1993313
1993343
1993408
1993436
1993486
1993556
1993670
1993864
1993895
1993999
1994053
1994057
1994073
1994129
1994146
1994173
1994210
1994242
1994375
1994378
1994381
1994415
1994515
1994573
1994587
1994691
1994717
1994719
1994759
1994770
1994821
1994823
1994833
1994891
1994901
1994915
1994935
1994998
1995003
1995025
1995115
1995174
1995218
1995242
1995267
1995288
1995340
1995353
1995403
1995445
1995454
1995477
1995515
1995542
1995565
1995620
1995654
1995697
1995707
1995759
1995770
1995784
1995977
1995979
1995990
1996071
1996113
1996127
1996285
1996316
1996327
1996448
1996583
1996613
1996630
1996725
1996757
1996841
1996853
1996876
1996936
1996950
1996992
1997023
1997058
1997155
1997213
1997295
1997337
1997470
1997480
1997495
1997510
1997525
1997625
1997653
1997671
1997715
1997740
1997746
1997791
1997835
1997937
1997941
1997998
1998003
1998022
1998084
1998150
1998151
1998184
1998207
1998244
1998271
1998278
1998313
1998325
1998353
1998359
1998393
1998440
1998449
1998824
1998867
1998910
1998938
1999216
1999221
1999240
1999274
1999377
1999459
1999465
1999532
1999534
1999542
1999554
1999623
1999651
1999656
1999687
1999733
1999762
1999768
1999778
1999782
1999801
1999863
1999904
1999919
1999943
1999983
1999988
2000066
2000128
2000131
2000164
2000188
2000263
2000269
2000338
2000385
2000425
2000457
2000471
2000494
2000546
2000690
2000821
2000847
2000860
2000878
2000892
2000981
2001019
2001051
2001060
2001070
2001089
2001139
2001189
2001220
2001227
2001240
2001250
2001291
2001298
2001304
2001328
2001350
2001373
2001402
2001418
2001504
2001530
2001614
2001630
2001684
2001692
2001804
2001811
2001868
2001872
2001905
2001958
2001979
2002089
2002157
2002284
2002302
2002325
2002338
2002402
2002503
2002611
2002720
2002733
2002814
2002824
2002830
2002846
2002891
2002966
2003004
2003021
2003048
2003055
2003067
2003085
2003207
2003234
2003337
2003380
2003450
2003475
2003485
2003501
2003528
2003587
2003638
2003652
2003688
2003737
2003756
2003800
2003824
2003841
2003856
2003875
2003883
2004065
2004138
2004265
2004303
2004341
2004475
2004512
2004592
2004636
2004794
2004967
2005063
2005097
2005187
2005220
2005263
2005265
2005286
2005310
2005410
2005424
2005426
2005442
2005459
2005508
2005515
2005566
2005569
2005581
2005593
2005623
2005661
2005705
2005710
2005730
2005737
2005748
2005766
2005877
2005912
2005943
2005946
2005961
2006044
2006098
2006105
2006200
2006348
2006349
2006382
2006468
2006504
2006538
2006581
2006592
2006876
2006985
2007070
2007092
2007126
2007145
2007325
2007639
2007660
2007691
2007701
2007731
2007752
2007766
2007768
2007780
2007798
2007819
2007836
2007854
2007962
2007995
2008055
2008080
2008096
2008137
2008157
2008216
2008325
2008351
2008377
2008415
2008437
2008446
2008458
2008461
2008531
2008579
2008668
2008672
2008680
2008698
2008793
2008887
2008913
2008921
2009099
2009111
2009127
2009154
2009209
2009218
2009319
2009329
2009341
2009368
2009443
2009450
2009463
2009579
2009581
2009591
2009601
2009645
2009658
2009676
2009679
2009744
2009748
2009819
2009822
2009840
2009882
2009888
2009901
2009960
2009970
2010014
2010087
2010091
2010139
2010231
2010241
2010294
2010364
2010471
2010689
2010745
2010757
2010765
2010819
2010834
2010884
2010926
2010939
2010945
2010973
2011136
2011163
2011190
2011224
2011271
2011292
2011339
2011346
2011367
2011410
2011464
2011475
2011483
2011544
2011560
2011599
2011666
2011673
2011697
2011765
2011792
2011793
2011857
2011918
2011930
2011947
2011953
2011985
2012035
2012069
2012135
2012168
2012364
2012395
2012403
2012413
2012539
2012568
2012618
2012642
2012748
2012810
2012817
2012876
2012889
2012921
2012946
2012996
2013006
2013016
2013035
2013261
2013298
2013309
2013326
2013429
2013453
2013456
2013486
2013494
2013496
2013578
2013607
2013650
2013698
2013723
2013771
2013775
2013838
2013982
2014002
2014039
2014078
2014126
2014131
2014136
2014176
2014185
2014306
2014372
2014388
2014400
2014410
2014439
2014519
2014556
2014579
2014585
2014595
2014608
2014679
2014687
2014693
2014827
2014956
2015005
2015014
2015040
2015077
2015168
2015253
2015268
2015275
2015325
2015372
2015390
2015407
2015420
2015470
2015604
2015740
2015807
2015835
2015844
2015921
2015932
2015943
2016023
2016070
2016106
2016121
2016161
2016183
2016195
2016213
2016229
2016233
2016270
2016323
2016360
2016398
2016458
2016524
2016530
2016601
2016701
2016804
2016841
2016846
2016882
2016894
2017007
2017053
2017070
2017157
2017177
2017220
2017237
2017309
2017365
2017462
2017483
2017495
2017500
2017553
2017572
2017599
2017606
2017621
2017715
2017776
2017845
2017865
2017892
2017906
2017911
2017995
2018257
2018258
2018335
2018451
2018459
2018470
2018546
2018652
2018666
2018716
2018871
2018935
2018978
2019124
2019174
2019177
2019237
2019271
2019351
2019371
2019610
2019693
2019712
2019788
2019806
2019823
2019830
2019839
2019856
2019866
2019920
2019942
2020084
2020087
2020163
2020167
2020168
2020188
2020194
2020210
2020230
2020250
2020282
2020333
2020351
2020371
2020372
2020479
2020522
2020539
2020545
2020561
2020615
2020681
2020715
2020796
2020811
2020859
2020931
2020944
2020962
2020975
2021050
2021097
2021156
2021163
2021164
2021233
2021296
2021332
2021369
2021378
2021431
2021447
2021454
2021541
2021576
2021584
2021591
2021619
2021664
2021738
2021764
2021789
2021794
2021798
2021844
2021856
2021952
2021974
2021992
2022008
2022014
2022096
2022099
2022110
2022134
2022152
2022215
2022228
2022264
2022312
2022325
2022354
2022374
2022399
2022472
2022505
2022553
2022579
2022644
2022664
2022863
2022877
2022936
2022947
2022972
2023003
2023028
2023072
2023127
2023146
2023158
2023168
2023174
2023241
2023250
2023256
2023303
2023354
2023404
2023453
2023542
2023543
2023558
2023584
2023649
2023712
2023727
2023789
2023795
2023897
2023906
2023923
2023948
2024029
2024071
2024140
2024152
2024162
2024302
2024712
2024747
2024772
2024773
2024814
2024849
2024869
2024904
2024927
2024929
2024933
2024942
2025077
2025161
2025198
2025248
2025270
2025292
2025365
2025538
2025562
2025568
2025581
2025603
2025767
2025822
2025892
2026046
2026058
2026070
2026239
2026305
2026367
2026451
2026462
2026468
2026518
2026559
2026635
2026676
2026797
2026800
2026841
2026890
2026914
2026968
2027067
2027093
2027109
2027258
2027285
2027387
2027400
2027409
2027453
2027478
2027550
2027559
2027665
2027769
2027794
2027881
2027886
2027894
2027908
2027917
2027954
2028062
2028082
2028199
2028217
2028233
2028272
2028284
2028293
2028294
2028312
2028391
2028410
2028413
2028429
2028448
2028497
2028550
2028581
2028623
2028718
2028802
2028826
2028850
2028852
2028862
2028909
2028932
2028954
2028965
2029044
2029078
2029152
2029194
2029226
2029229
2029324
2029337
2029365
2029467
2029475
2029497
2029524
2029567
2029590
2029609
2029626
2029675
2029716
2029718
2029741
2029758
2029774
2029794
2029832
2029890
2029907
2029957
2030025
2030040
2030052
2030057
2030095
2030117
2030160
2030167
2030183
2030189
2030251
2030297
2030338
2030345
2030362
2030395
2030424
2030454
2030480
2030485
2030516
2030548
2030555
2030564
2030590
2030613
2030619
2030662
2030697
2030709
2030724
2030740
2030780
2030799
2030866
2030896
2030950
2030975
2031023
2031058
2031187
2031228
2031242
2031375
2031403
2031415
2031439
2031496
2031512
2031553
2031733
2031814
2031818
2031859
2031958
2032000
2032002
2032009
2032195
2032203
2032253
2032288
2032313
2032418
2032493
2032512
2032528
2032534
2032596
2032656
2032760
2032765
2032799
2032813
2032814
2032821
2032884
2032957
2033024
2033036
2033152
2033179
2033192
2033248
2033278
2033279
2033341
2033387
2033432
2033451
2033502
2033530
2033567
2033575
2033615
2033638
2033658
2033667
2033673
2033679
2033703
2033705
2033710
2033825
2033846
2033868
2033875
2034026
2034040
2034047
2034049
2034168
2034218
2034320
2034405
2034437
2034461
2034601
2034644
2034664
2034807
2034850
2034855
2034893
2034971
2034989
2035007
2035018
2035051
2035070
2035084
2035103
2035111
2035130
2035146
2035160
2035241
2035256
2035362
2035369
2035398
2035401
2035439
2035450
2035453
2035519
2035556
2035637
2035752
2035817
2035820
2035926
2036025
2036045
2036052
2036090
2036112
2036141
2036160
2036165
2036278
2036401
2036459
2036482
2036557
2036585
2036586
2036647
2036764
2036812
2036850
2036908
2036947
2036961
2037046
2037069
2037093
2037129
2037204
2037212
2037224
2037293
2037319
2037370
2037406
2037418
2037458
2037574
2037600
2037691
2037730
2037768
2037883
2037904
2037927
2037956
2038012
2038038
2038076
2038087
2038090
2038156
2038165
2038232
2038250
2038307
2038345
2038366
2038371
2038378
2038436
2038517
2038527
2038546
2038550
2038563
2038575
2038639
2038648
2038660
2038681
2038698
2038705
2038730
2038756
2038817
2038837
2038854
2038864
2038905
2038971
2039002
2039053
2039121
2039159
2039185
2039234
2039383
2039401
2039485
2039514
2039576
2039585
2039599
2039614
2039640
2039642
2039671
2039729
2039750
2039776
2039922
2039941
2040116
2040211
2040241
2040354
2040457
2040468
2040632
2040730
2040736
2040753
2040769
2040776
2040850
2040887
2040914
2040933
2040988
2041010
2041027
2041065
2041150
2041299
2041302
2041375
2041381
2041421
2041426
2041429
2041518
2041579
2041582
2041615
2041682
2041690
2041702
2041768
2041781
2041793
2041880
2041895
2041946
2041969
2042021
2042025
2042062
2042123
2042208
2042221
2042251
2042270
2042286
2042287
2042314
2042362
2042407
2042423
2042465
2042469
2042507
2042512
2042555
2042591
2042635
2042682
2042689
2042730
2042755
2042765
2042771
2042776
2042828
2042913
2042922
2042993
2043019
2043112
2043206
2043274
2043312
2043333
2043425
2043464
2043471
2043483
2043510
2043520
2043535
2043600
2043627
2043636
2043646
2043727
2043755
2043805
2043856
2043860
2043897
2043921
2043978
2044060
2044079
2044088
2044108
2044128
2044200
2044247
2044250
2044280
2044295
2044462
2044491
2044597
2044662
2044716
2044773
2044828
2044834
2044847
2044912
2044914
2044989
2045104
2045170
2045192
2045198
2045205
2045216
2045217
2045281
2045331
2045333
2045393
2045473
2045475
2045527
2045539
2045561
2045651
2045676
2045682
2045791
2045827
2045830
2045874
2045880
2045893
2045938
2046004
2046069
2046105
2046157
2046211
2046255
2046266
2046286
2046325
2046340
2046360
2046447
2046512
2046614
2046659
2046663
2046677
2046779
2046785
2046828
2046859
2046874
2046896
2046996
2047071
2047080
2047104
2047120
2047144
2047169
2047178
2047186
2047228
2047243
2047367
2047391
2047409
2047416
2047431
2047456
2047469
2047481
2047492
2047512
2047546
2047571
2047583
2047668
2047721
2047766
2047836
2047856
2047922
2047953
2047984
2047999
2048029
2048066
2048072
2048154
2048279
2048289
2048324
2048403
2048462
2048475
2048540
2048561
2048626
2048727
2048884
2048886
2048943
2048986
2049011
2049040
2049135
2049162
2049185
2049217
2049242
2049287
2049356
2049408
2049411
2049434
2049473
2049544
2049582
2049688
2049692
2049697
2049722
2049735
2049765
2049797
2049804
2049829
2049842
2049884
2050039
2050126
2050134
2050181
2050187
2050213
2050216
2050223
2050238
2050259
2050261
2050333
2050382
2050414
2050440
2050449
2050458
2050522
2050533
2050573
2050575
2050616
2050633
2050661
2050663
2050698
2050816
2050818
2050830
2050849
2050872
2050892
2051014
2051043
2051059
2051162
2051178
2051196
2051201
2051284
2051386
2051439
2051442
2051450
2051475
2051493
2051509
2051561
2051630
2051646
2051670
2051679
2051696
2051706
2051712
2051769
2051832
2051840
2051869
2051874
2052026
2052061
2052175
2052181
2052269
2052374
2052454
2052464
2052492
2052526
2052571
2052677
2052714
2052734
2052781
2052812
2052826
2052858
2052862
2052890
2052928
2052940
2052947
2052958
2052994
2053026
2053035
2053045
2053059
2053065
2053073
2053123
2053171
2053182
2053262
2053267
2053276
2053277
2053286
2053289
2053295
2053315
2053319
2053405
2053414
2053444
2053448
2053451
2053464
2053494
2053511
2053666
2053767
2053884
2053909
2053941
2053990
2054002
2054010
2054015
2054025
2054088
2054145
2054164
2054166
2054210
2054263
2054283
2054312
2054417
2054423
2054448
2054470
2054512
2054548
2054585
2054714
2054729
2054732
2054758
2054815
2054819
2054844
2054845
2054931
2054937
2054981
2055005
2055086
2055091
2055110
2055151
2055160
2055171
2055197
2055288
2055333
2055340
2055428
2055492
2055593
2055687
2055711
2055736
2055740
2055809
2055885
2056030
2056051
2056068
2056077
2056082
2056092
2056131
2056225
2056272
2056274
2056323
2056362
2056379
2056418
2056421
2056486
2056563
2056631
2056694
2056700
2056710
2056720
2056761
2056767
2056831
2056886
2056912
2056954
2057154
2057250
2057261
2057299
2057353
2057446
2057481
2057567
2057615
2057655
2057686
2057689
2057697
2057828
2057848
2057867
2057922
2057927
2057938
2057998
2058009
2058058
2058069
2058080
2058103
2058179
2058205
2058294
2058314
2058338
2058438
2058540
2058579
2058593
2058611
2058681
2058740
2058763
2058782
2058815
2058820
2058858
2058967
2058972
2059008
2059064
2059067
2059072
2059116
2059181
2059224
2059227
2059235
2059338
2059367
2059418
2059441
2059446
2059455
2059473
2059544
2059555
2059561
2059576
2059643
2059650
2059686
2059752
2059768
2059774
2059840
2059861
2060025
2060038
2060108
2060213
2060232
2060256
2060323
2060356
2060364
2060544
2060606
2060645
2060646
2060674
2060687
2060714
2060716
2060747
2060761
2060830
2060839
2060965
2060975
2061035
2061069
2061110
2061136
2061183
2061213
2061216
2061272
2061358
2061401
2061448
2061525
2061547
2061561
2061693
2061722
2061729
2061742
2061759
2061768
2061853
2061867
2061890
2061949
2062070
2062109
2062119
2062137
2062145
2062183
2062355
2062379
2062419
2062474
2062640
2062745
2062778
2062812
2062847
2062913
2062918
2062953
2063118
2063149
2063198
2063274
2063277
2063344
2063414
2063433
2063477
2063553
2063598
2063633
2063669
2063724
2063727
2063748
2063756
2063829
2063849
2063855
2063878
2063905
2063937
2063939
2063949
2064010
2064092
2064112
2064136
2064166
2064215
2064252
2064265
2064348
2064353
2064378
2064432
2064435
2064487
2064507
2064579
2064584
2064629
2064737
2064757
2064776
2064782
2064793
2064810
2064822
2064839
2064884
2064934
2064962
2064983
2065172
2065181
2065214
2065227
2065262
2065270
2065286
2065290
2065429
2065643
2065690
2065701
2065737
2065908
2065943
2065948
2065956
2066079
2066084
2066115
2066118
2066196
2066202
2066225
2066278
2066322
2066339
2066356
2066360
2066386
2066396
2066434
2066444
2066559
2066592
2066670
2066686
2066711
2066722
2066749
2066762
2066786
2066825
2066877
2067132
2067149
2067177
2067221
2067263
2067276
2067299
2067319
2067331
2067353
2067368
2067372
2067378
2067468
2067495
2067511
2067685
2067697
2067714
2067747
2067753
2067787
2067824
2067853
2067944
2067963
2067990
2068036
2068083
2068092
2068112
2068204
2068286
2068299
2068404
2068419
2068433
2068477
2068486
2068505
2068537
2068603
2068613
2068630
2068632
2068649
2068708
2068754
2068789
2068794
2068815
2068836
2068847
2068868
2068875
2068896
2068954
2068991
2069006
2069020
2069031
2069048
2069087
2069103
2069134
2069150
2069195
2069253
2069264
2069276
2069295
2069315
2069356
2069357
2069460
2069486
2069541
2069549
2069558
2069589
2069594
2069605
2069642
2069667
2069680
2069687
2069719
2069727
2069734
2069784
2069794
2069866
2069879
2069885
2069891
2069926
2069941
2069997
2070051
2070059
2070209
2070225
2070247
2070333
2070359
2070371
2070390
2070437
2070448
2070455
2070576
2070597
2070634
2070695
2070700
2070737
2070784
2070821
2070921
2071017
2071049
2071098
2071138
2071153
2071167
2071196
2071302
2071327
2071508
2071541
2071548
2071584
2071656
2071703
2071765
2071798
2071813
2071817
2071834
2071844
2071867
2071871
2071878
2072016
2072031
2072072
2072137
2072158
2072276
2072352
2072369
2072382
2072426
2072454
2072458
2072464
2072573
2072580
2072614
2072952
2072986
2072990
2073014
2073075
2073105
2073116
2073137
2073210
2073347
2073491
2073503
2073563
2073566
2073584
2073675
2073804
2073901
2073916
2073922
2074059
2074092
2074162
2074165
2074174
2074213
2074229
2074283
2074376
2074406
2074422
2074438
2074451
2074456
2074467
2074477
2074494
2074516
2074534
2074542
2074569
2074624
2074785
2074816
2074909
2074916
2075014
2075053
2075092
2075113
2075128
2075156
2075222
2075366
2075377
2075392
2075528
2075551
2075554
2075558
2075588
2075602
2075711
2075727
2075758
2075802
2075804
2075819
2075888
2075973
2076226
2076311
2076320
2076372
2076379
2076437
2076478
2076506
2076554
2076572
2076609
2076627
2076713
2076728
2076774
2076828
2076924
2076932
2076952
2076991
2077005
2077014
2077050
2077098
2077176
2077183
2077258
2077282
2077313
2077332
2077429
2077485
2077583
2077614
2077701
2077742
2077751
2077755
2077756
2077801
2077926
2077934
2077969
2077976
2077994
2078003
2078012
2078062
2078118
2078138
2078150
2078157
2078180
2078228
2078240
2078358
2078388
2078396
2078522
2078539
2078548
2078599
2078667
2078689
2078756
2078764
2078772
2078829
2078840
2078851
2078853
2078887
2078959
2078966
2078972
2079116
2079124
2079168
2079197
2079213
2079242
2079251
2079364
2079377
2079397
2079420
2079422
2079456
2079487
2079551
2079556
2079603
2079628
2079635
2079642
2079735
2079740
2079764
2079876
2079923
2079938
2079940
2079953
2080015
2080050
2080055
2080102
2080136
2080163
2080168
2080221
2080227
2080255
2080335
2080340
2080406
2080424
2080433
2080438
2080471
2080529
2080580
2080696
2080820
2080829
2080840
2080849
2080914
2080938
2080966
2080987
2081065
2081084
2081089
2081112
2081202
2081227
2081230
2081241
2081261
2081307
2081333
2081410
2081427
2081432
2081481
2081485
2081498
2081520
2081531
2081539
2081553
2081679
2081705
2081719
2081730
2081750
2081861
2081885
2081930
2081987
2082026
2082097
2082113
2082168
2082212
2082226
2082255
2082271
2082287
2082291
2082302
2082340
2082369
2082398
2082485
2082497
2082584
2082672
2082788
2082816
2082829
2082847
2082854
2082900
2082970
2082971
2083110
2083138
2083236
2083260
2083264
2083299
2083349
2083376
2083402
2083480
2083508
2083536
2083591
2083592
2083606
2083628
2083639
2083677
2083680
2083731
2083740
2083814
2083833
2083860
2083948
2083974
2084066
2084085
2084200
2084210
2084236
2084257
2084302
2084384
2084412
2084499
2084563
2084638
2084663
2084779
2084783
2084805
2084837
2084841
2084910
2084975
2084983
2085027
2085116
2085131
2085150
2085224
2085282
2085310
2085351
2085444
2085481
2085487
2085510
2085542
2085551
2085573
2085596
2085598
2085711
2085777
2085812
2085830
2085844
2085855
2085859
2085913
2085918
2085941
2085980
2086021
2086049
2086110
2086111
2086169
2086198
2086204
2086210
2086235
2086312
2086343
2086383
2086389
2086402
2086459
2086462
2086467
2086481
2086503
2086523
2086524
2086537
2086539
2086560
2086611
2086619
2086632
2086665
2086694
2086707
2086723
2086780
2086786
2086801
2087099
2087204
2087223
2087293
2087312
2087343
2087448
2087505
2087564
2087576
2087607
2087654
2087657
2087696
2087751
2087813
2087862
2087869
2087891
2087916
2088001
2088023
2088029
2088124
2088146
2088163
2088173
2088196
2088222
2088234
2088286
2088311
2088330
2088334
2088366
2088414
2088478
2088535
2088536
2088553
2088573
2088606
2088618
2088627
2088685
2088726
2088759
2088841
2088845
2088927
2089020
2089049
2089068
2089101
2089108
2089188
2089223
2089232
2089237
2089270
2089275
2089296
2089342
2089386
2089396
2089410
2089415
2089496
2089539
2089603
2089631
2089659
2089711
2089716
2089753
2089780
2089805
2089815
2089852
2089882
2089900
2089927
2089961
2089970
2089988
2090069
2090134
2090144
2090159
2090178
2090185
2090254
2090282
2090325
2090409
2090445
2090505
2090534
2090555
2090558
2090595
2090660
2090864
2091021
2091062
2091091
2091132
2091140
2091192
2091394
2091420
2091463
2091554
2091581
2091622
2091626
2091633
2091641
2091698
2091713
2091715
2091779
2091782
2091884
2091897
2091907
2091911
2091935
2091954
2091993
2092001
2092080
2092099
2092134
2092143
2092148
2092171
2092192
2092261
2092296
2092305
2092352
2092515
2092548
2092552
2092555
2092562
2092570
2092597
2092608
2092618
2092624
2092649
2092663
2092673
2092687
2092699
2092709
2092713
2092723
2092877
2092919
2092944
2092948
2092997
2093097
2093118
2093127
2093180
2093184
2093222
2093243
2093416
2093449
2093530
2093540
2093542
2093563
2093567
2093595
2093601
2093603
2093725
2093748
2093875
2093885
2093910
2093922
2093925
2093948
2093986
2094000
2094030
2094066
2094069
2094116
2094152
2094170
2094209
2094221
2094236
2094254
2094266
2094344
2094382
2094474
2094532
2094539
2094553
2094568
2094601
2094604
2094611
2094635
2094646
2094660
2094732
2094740
2094749
2094753
2094812
2094821
2094855
2094886
2094899
2094923
2095002
2095011
2095044
2095130
2095174
2095186
2095187
2095247
2095253
2095258
2095268
2095293
2095325
2095332
2095386
2095405
2095411
2095423
2095442
2095527
2095550
2095570
2095601
2095627
2095699
2095720
2095804
2096019
2096020
2096127
2096130
2096168
2096180
2096208
2096238
2096289
2096325
2096413
2096485
2096556
2096579
2096582
2096672
2096732
2096734
2096754
2096769
2096786
2096788
2096798
2096820
2096865
2096867
2096869
2096874
2096892
2096922
2096996
2097039
2097084
2097087
2097144
2097228
2097236
2097347
2097401
2097422
2097432
2097479
2097499
2097555
2097563
2097599
2097610
2097651
2097676
2097724
2097727
2097753
2097777
2097779
2097780
2097797
2097841
2097891
2097914
2097919
2097931
2097972
2098008
2098021
2098022
2098024
2098083
2098106
2098117
2098143
2098147
2098220
2098276
2098326
2098416
2098609
2098682
2098699
2098768
2098877
2098892
2098924
2099005
2099018
2099062
2099069
2099089
2099128
2099156
2099177
2099221
2099326
2099385
2099411
2099424
2099472
2099540
2099563
2099608
2099698
2099798
2099847
2099982
2099998
2100004
2100083
2100170
2100201
2100238
2100272
2100278
2100362
2100401
2100494
2100535
2100537
2100574
2100589
2100673
2100676
2100723
2100916
2100932
2100936
2100944
2100946
2100965
2100976
2101037
2101059
2101069
2101101
2101144
2101145
2101175
2101184
2101211
2101248
2101250
2101290
2101295
2101300
2101362
2101384
2101454
2101505
2101570
2101575
2101583
2101587
2101607
2101667
2101730
2101750
2101757
2101788
2101859
2101909
2101938
2102037
2102047
2102101
2102107
2102132
2102199
2102227
2102270
2102314
2102346
2102438
2102457
2102559
2102574
2102604
2102617
2102659
2102702
2102712
2102762
2102776
2102797
2102856
2102892
2102955
2103089
2103113
2103131
2103141
2103159
2103202
2103220
2103260
2103269
2103272
2103433
2103466
2103471
2103531
2103534
2103549
2103557
2103568
2103647
2103678
2103722
2103752
2103810
2103825
2104010
2104034
2104048
2104061
2104077
2104088
2104093
2104146
2104153
2104165
2104202
2104213
2104224
2104225
2104303
2104330
2104340
2104401
2104439
2104461
2104488
2104626
2104669
2104729
2104732
2104753
2104812
2104838
2104845
2104860
2104893
2104956
2105075
2105089
2105097
2105112
2105136
2105184
2105195
2105235
2105280
2105311
2105386
2105389
2105391
2105407
2105466
2105480
2105534
2105566
2105577
2105585
2105625
2105630
2105770
2105807
2105900
2105948
2105977
2106023
2106072
2106130
2106139
2106201
2106206
2106234
2106245
2106248
2106300
2106311
2106342
2106351
2106503
2106524
2106533
2106540
2106620
2106664
2106676
2106688
2106725
2106743
2106782
2106826
2107082
2107160
2107198
2107218
2107236
2107246
2107309
2107317
2107344
2107351
2107391
2107542
2107583
2107585
2107677
2107693
2107717
2107750
2107777
2107866
2107943
2108034
2108039
2108046
2108109
2108127
2108133
2108137
2108156
2108177
2108228
2108251
2108259
2108270
2108293
2108372
2108399
2108455
2108460
2108483
2108492
2108514
2108530
2108591
2108600
2108604
2108640
2108677
2108689
2108693
2108714
2108717
2108734
2108852
2108868
2108902
2109001
2109252
2109394
2109434
2109451
2109456
2109531
2109611
2109688
2109693
2109762
2109825
2109879
2109892
2109954
2109964
2110068
2110215
2110255
2110263
2110403
2110429
2110447
2110484
2110494
2110515
2110544
2110666
2110690
2110729
2110760
2110776
2110861
2110909
2110944
2110973
2111017
2111021
2111040
2111058
2111104
2111129
2111137
2111151
2111182
2111206
2111226
2111244
2111272
2111288
2111365
2111424
2111427
2111454
2111500
2111522
2111596
2111601
2111643
2111685
2111721
2111756
2111826
2111837
2111854
2111862
2111869
2111895
2111914
2111922
2111962
2112020
2112027
2112058
2112198
2112206
2112218
2112249
2112282
2112379
2112490
2112506
2112547
2112555
2112562
2112571
2112656
2112663
2112671
2112773
2112820
2112848
2112857
2112918
2112930
2112939
2113005
2113023
2113047
2113078
2113092
2113176
2113234
2113243
2113346
2113357
2113372
2113387
2113413
2113460
2113548
2113577
2113583
2113587
2113621
2113745
2113799
2113827
2113845
2113853
2113864
2113901
2113967
2113980
2113993
2114186
2114196
2114254
2114317
2114340
2114344
2114429
2114450
2114458
2114474
2114527
2114576
2114632
2114655
2114672
2114769
2114776
2114834
2114851
2114886
2114906
2115003
2115107
2115151
2115171
2115223
2115227
2115291
2115379
2115392
2115449
2115462
2115468
2115483
2115492
2115502
2115504
2115576
2115610
2115646
2115714
2115744
2115847
2115908
2115914
2115961
2115970
2116046
2116090
2116127
2116149
2116175
2116196
2116464
2116500
2116515
2116530
2116605
2116649
2116665
2116675
2116690
2116802
2116818
2116868
2116872
2116875
2116984
2117038
2117062
2117064
2117130
2117192
2117195
2117284
2117409
2117480
2117499
2117509
2117545
2117597
2117614
2117712
2117729
2117793
2117876
2117927
2117953
2117970
2117987
2118003
2118005
2118093
2118179
2118190
2118203
2118211
2118243
2118392
2118397
2118492
2118528
2118719
2118722
2118753
2118763
2118809
2118824
2118837
2118904
2118941
2118975
2119018
2119088
2119236
2119239
2119265
2119315
2119323
2119389
2119402
2119436
2119466
2119484
2119541
2119549
2119615
2119755
2119790
2119813
2119851
2119871
2119894
2119929
2119944
2119951
2119959
2119969
2119990
2120039
2120113
2120126
2120157
2120210
2120217
2120226
2120275
2120298
2120358
2120404
2120413
2120449
2120466
2120468
2120481
2120559
2120628
2120637
2120683
2120841
2120846
2120851
2120861
2120907
2120963
2120997
2121006
2121030
2121063
2121065
2121151
2121172
2121199
2121237
2121249
2121306
2121338
2121351
2121356
2121401
2121444
2121501
2121621
2121685
2121701
2121724
2121743
2121758
2121763
2121774
2121787
2121908
2121934
2121985
2122000
2122014
2122049
2122078
2122172
2122178
2122256
2122309
2122344
2122408
2122439
2122450
2122456
2122468
2122517
2122557
2122588
2122658
2122660
2122723
2122734
2122752
2122759
2122773
2122868
2122913
2122936
2122949
2122979
2123007
2123009
2123027
2123032
2123046
2123091
2123126
2123176
2123194
2123208
2123220
2123230
2123327
2123333
2123380
2123384
2123397
2123405
2123456
2123485
2123568
2123582
2123621
2123624
2123656
2123674
2123752
2123763
2123771
2123865
2123963
2124000
2124022
2124029
2124089
2124104
2124155
2124264
2124288
2124340
2124355
2124374
2124380
2124600
2124618
2124664
2124688
2124703
2124735
2124764
2124917
2124949
2125167
2125168
2125178
2125194
2125296
2125325
2125405
2125416
2125470
2125517
2125524
2125530
2125538
2125697
2125731
2125793
2125806
2125812
2125852
2125887
2125978
2125993
2126013
2126014
2126056
2126087
2126094
2126109
2126146
2126161
2126178
2126209
2126321
2126404
2126428
2126433
2126499
2126516
2126577
2126683
2126700
2126714
2126735
2126760
2126787
2126798
2126860
2126861
2126884
2126962
2126972
2126982
2127071
2127112
2127133
2127140
2127146
2127159
2127203
2127218
2127321
2127335
2127396
2127447
2127727
2127753
2127758
2127941
2127948
2128045
2128048
2128051
2128068
2128137
2128154
2128230
2128252
2128270
2128285
2128302
2128315
2128340
2128342
2128345
2128350
2128368
2128402
2128415
2128549
2128551
2128605
2128641
2128649
2128729
2128739
2128745
2128893
2128908
2128931
2128944
2128954
2128983
2129052
2129081
2129119
2129176
2129190
2129199
2129208
2129228
2129253
2129282
2129404
2129407
2129462
2129492
2129500
2129511
2129590
2129625
2129681
2129686
2129715
2129721
2129775
2129800
2129819
2129882
2129887
2129909
2129926
2129929
2129950
2130021
2130058
2130096
2130211
2130214
2130287
2130343
2130639
2130723
2130785
2130817
2130836
2130862
2130886
2130943
2130984
2130993
2131019
2131068
2131128
2131209
2131234
2131239
2131285
2131346
2131348
2131379
2131388
2131390
2131403
2131413
2131609
2131692
2131695
2131765
2131828
2131876
2131899
2131948
2132008
2132020
2132063
2132075
2132108
2132128
2132223
2132236
2132266
2132283
2132310
2132312
2132344
2132349
2132354
2132361
2132408
2132430
2132436
2132481
2132483
2132525
2132812
2132898
2132958
2133029
2133036
2133064
2133118
2133161
2133184
2133263
2133293
2133323
2133349
2133377
2133405
2133533
2133556
2133558
2133573
2133633
2133639
2133642
2133702
2133709
2133725
2133733
2133771
2133803
2133818
2133927
2133944
2133983
2134041
2134044
2134065
2134159
2134172
2134219
2134247
2134341
2134369
2134488
2134525
2134702
2134774
2134783
2134795
2134825
2134837
2134869
2134891
2134956
2134992
2135018
2135102
2135113
2135174
2135180
2135230
2135234
2135238
2135263
2135266
2135269
2135355
2135362
2135402
2135450
2135686
2135713
2135762
2135813
2135997
2136127
2136189
2136288
2136309
2136323
2136331
2136350
2136388
2136453
2136460
2136492
2136568
2136580
2136601
2136650
2136663
2136724
2136725
2136946
2137043
2137050
2137074
2137156
2137193
2137206
2137237
2137249
2137255
2137298
2137323
2137340
2137388
2137419
2137558
2137656
2137784
2137804
2137835
2137877
2137892
2137906
2137940
2137943
2138019
2138030
2138121
2138200
2138208
2138318
2138395
2138408
2138446
2138466
2138485
2138562
2138650
2138736
2138749
2138833
2138898
2138906
2139090
2139133
2139148
2139156
2139197
2139231
2139259
2139263
2139308
2139341
2139353
2139427
2139431
2139440
2139468
2139488
2139528
2139612
2139681
2139686
2139716
2139819
2139884
2140007
2140036
2140045
2140095
2140155
2140220
2140296
2140314
2140336
2140444
2140456
2140519
2140532
2140563
2140582
2140677
2140709
2140759
2140826
2140846
2140855
2140876
2140972
2141065
2141094
2141100
2141188
2141195
2141329
2141344
2141367
2141387
2141400
2141407
2141412
2141428
2141469
2141477
2141510
2141532
2141535
2141546
2141581
2141597
2141722
2141725
2141753
2141755
2141819
2142048
2142059
2142196
2142268
2142280
2142295
2142351
2142390
2142401
2142424
2142488
2142491
2142618
2142624
2142730
2142866
2142890
2142953
2142982
2143009
2143135
2143248
2143273
2143296
2143322
2143386
2143400
2143455
2143544
2143602
2143640
2143657
2143670
2143697
2143766
2143780
2143793
2143821
2143831
2143875
2143996
2144055
2144098
2144245
2144340
2144346
2144409
2144417
2144461
2144541
2144586
2144646
2144760
2144804
2144808
2144878
2144881
2144932
2145009
2145057
2145127
2145162
2145196
2145318
2145378
2145380
2145387
2145421
2145433
2145497
2145517
2145553
2145594
2145641
2145669
2145716
2145732
2145876
2145909
2145980
2145996
2146064
2146137
2146157
2146248
2146305
2146323
2146468
2146621
2146623
2146661
2146668
2146676
2146728
2146765
2146801
2146849
2146884
2146917
2146999
2147005
2147034
2147059
2147077
2147110
2147158
2147160
2147172
2147195
2147212
2147246
2147261
2147280
2147304
2147336
2147405
2147484
2147577
2147579
2147589
2147594
2147601
2147616
2147626
2147628
2147661
2147676
2147684
2147692
2147706
2147734
2147888
2147916
2147980
2147995
2148085
2148121
2148146
2148182
2148195
2148207
2148277
2148334
2148378
2148408
2148430
2148435
2148459
2148462
2148475
2148495
2148503
2148580
2148593
2148646
2148729
2148759
2148787
2148805
2148881
2148890
2148992
2149018
2149033
2149093
2149099
2149164
2149168
2149232
2149238
2149274
2149344
2149372
2149464
2149473
2149533
2149595
2149641
2149683
2149706
2149718
2149751
2149778
2149794
2149832
2149867
2149939
2149963
2149995
2150120
2150140
2150155
2150238
2150264
2150281
2150310
2150351
2150361
2150475
2150506
2150519
2150630
2150770
2150792
2150822
2150826
2150869
2150880
2150949
2150955
2150977
2151448
2151491
2151496
2151516
2151732
2151769
2151775
2151887
2151922
2152068
2152084
2152125
2152193
2152195
2152198
2152200
2152212
2152232
2152240
2152277
2152280
2152281
2152298
2152304
2152354
2152375
2152408
2152425
2152457
2152463
2152472
2152477
2152513
2152526
2152542
2152549
2152567
2152571
2152606
2152621
2152686
2152730
2152737
2152757
2152772
2152843
2152876
2152920
2152930
2152994
2153057
2153089
2153118
2153138
2153156
2153187
2153240
2153252
2153278
2153342
2153360
2153393
2153410
2153446
2153453
2153498
2153502
2153544
2153551
2153649
2153704
2153746
2153763
2153769
2153789
2153817
2153829
2153851
2153877
2153935
2153949
2154005
2154056
2154122
2154300
2154306
2154318
2154380
2154383
2154403
2154409
2154438
2154445
2154472
2154484
2154498
2154505
2154531
2154642
2154675
2154684
2154800
2154823
2154830
2154911
2154968
2154974
2154976
2155033
2155038
2155050
2155099
2155103
2155187
2155205
2155238
2155325
2155373
2155390
2155552
2155585
2155600
2155645
2155735
2155864
2155889
2155933
2155938
2155966
2155969
2155977
2156073
2156118
2156216
2156227
2156278
2156282
2156288
2156329
2156358
2156400
2156558
2156605
2156648
2156685
2156703
2156732
2156784
2156853
2156943
2156989
2157014
2157085
2157165
2157248
2157252
2157281
2157299
2157326
2157363
2157375
2157387
2157415
2157431
2157447
2157560
2157651
2157705
2157709
2157730
2157739
2157782
2157793
2157854
2157856
2157893
2157916
2157967
2157985
2158053
2158095
2158106
2158129
2158136
2158152
2158175
2158202
2158256
2158275
2158309
2158374
2158417
2158440
2158493
2158497
2158513
2158549
2158629
2158641
2158733
2158739
2158756
2158772
2158852
2158854
2158863
2158866
2158891
2158907
2158916
2158923
2158950
2158972
2159021
2159026
2159028
2159037
2159079
2159102
2159113
2159143
2159163
2159170
2159261
2159299
2159314
2159328
2159342
2159352
2159384
2159390
2159403
2159428
2159437
2159466
2159482
2159503
2159515
2159535
2159613
2159618
2159661
2159676
2159702
2159709
2159752
2159759
2159761
2159771
2159778
2159847
2159859
2159864
2159889
2159908
2159914
2159948
2159994
2160080
2160133
2160151
2160158
2160181
2160239
2160243
2160267
2160376
2160441
2160452
2160484
2160552
2160571
2160601
2160629
2160637
2160712
2160713
2160792
2160823
2160827
2160866
2160896
2160989
2160999
2161118
2161177
2161217
2161279
2161288
2161341
2161381
2161393
2161461
2161512
2161543
2161588
2161600
2161699
2161712
2161793
2161899
2161976
2162008
2162011
2162082
2162110
2162116
2162254
2162308
2162316
2162349
2162537
2162601
2162688
2162702
2162715
2162769
2162772
2162777
2162890
2162980
2162995
2163046
2163065
2163078
2163145
2163186
2163316
2163323
2163332
2163354
2163391
2163470
2163472
2163507
2163516
2163526
2163571
2163619
2163661
2163683
2163754
2163786
2163794
2163808
2163844
2164043
2164087
2164177
2164184
2164205
2164349
2164365
2164456
2164476
2164510
2164524
2164559
2164654
2164681
2164728
2164855
2165001
2165020
2165085
2165089
2165106
2165142
2165210
2165218
2165260
2165294
2165298
2165419
2165455
2165458
2165572
2165613
2165624
2165651
2165711
2165730
2165796
2165801
2165857
2165906
2165917
2165932
2165991
2166006
2166011
2166084
2166117
2166209
2166240
2166250
2166256
2166280
2166294
2166434
2166460
2166480
2166589
2166591
2166616
2166631
2166650
2166673
2166750
2166757
2166824
2166902
2166943
2166979
2167102
2167117
2167118
2167169
2167204
2167327
2167382
2167424
2167431
2167499
2167518
2167530
2167535
2167591
2167618
2167620
2167636
2167700
2167714
2167718
2167747
2167774
2167786
2167801
2167823
2167828
2167845
2167853
2167868
2167987
2167989
2168191
2168201
2168276
2168360
2168370
2168390
2168438
2168492
2168497
2168555
2168561
2168565
2168580
2168590
2168607
2168632
2168644
2168673
2168683
2168762
2168787
2168822
2168892
2169017
2169023
2169033
2169060
2169225
2169251
2169285
2169295
2169334
2169343
2169359
2169377
2169405
2169439
2169446
2169496
2169561
2169621
2169640
2169698
2169705
2169721
2169732
2169839
2169860
2169870
2169880
2169900
2169941
2170051
2170100
2170164
2170206
2170321
2170324
2170395
2170401
2170432
2170439
2170464
2170467
2170481
2170507
2170522
2170664
2170668
2170680
2170703
2170772
2170777
2170795
2170799
2170868
2170884
2170891
2170904
2170941
2170991
2171086
2171087
2171140
2171170
2171176
2171200
2171217
2171263
2171341
2171367
2171419
2171601
2171647
2171658
2171662
2171708
2171753
2171756
2171836
2171844
2171846
2171968
2171986
2172077
2172168
2172188
2172197
2172202
2172274
2172282
2172344
2172384
2172445
2172458
2172502
2172531
2172544
2172563
2172582
2172635
2172648
2172674
2172677
2172691
2172747
2172839
2172871
2172887
2172933
2172937
2172952
2172980
2172993
2173007
2173050
2173073
2173085
2173208
2173222
2173371
2173413
2173449
2173460
2173542
2173546
2173561
2173564
2173606
2173613
2173689
2173735
2173796
2173975
2174010
2174086
2174115
2174138
2174160
2174213
2174224
2174269
2174270
2174291
2174301
2174327
2174334
2174344
2174383
2174388
2174472
2174482
2174488
2174537
2174563
2174598
2174610
2174693
2174707
2174719
2174726
2174735
2174738
2174883
2174937
2174938
2174973
2175149
2175178
2175185
2175191
2175213
2175238
2175255
2175436
2175493
2175531
2175607
2175638
2175806
2175829
2176080
2176089
2176095
2176136
2176152
2176163
2176180
2176239
2176245
2176300
2176326
2176347
2176400
2176409
2176509
2176521
2176529
2176577
2176600
2176646
2176656
2176671
2176696
2176705
2176713
2176720
2176730
2176771
2176792
2176974
2176990
2177005
2177013
2177027
2177039
2177155
2177167
2177216
2177277
2177326
2177356
2177450
2177500
2177531
2177590
2177657
2177691
2177695
2177824
2177844
2177897
2178016
2178018
2178067
2178082
2178164
2178213
2178296
2178302
2178376
2178387
2178397
2178434
2178470
2178509
2178569
2178680
2178701
2178721
2178749
2178816
2178898
2178953
2179010
2179012
2179037
2179047
2179084
2179092
2179331
2179371
2179449
2179458
2179573
2179595
2179738
2179794
2179797
2179857
2179883
2179896
2179899
2179974
2179979
2180045
2180079
2180098
2180106
2180124
2180134
2180205
2180209
2180212
2180220
2180229
2180231
2180298
2180300
2180337
2180359
2180423
2180430
2180459
2180462
2180564
2180591
2180673
2180710
2180726
2180768
2180772
2180795
2180860
2180930
2180940
2181010
2181049
2181054
2181213
2181313
2181326
2181389
2181409
2181421
2181436
2181441
2181444
2181451
2181473
2181502
2181514
2181526
2181583
2181715
2181905
2181981
2181994
2182000
2182228
2182231
2182238
2182362
2182437
2182496
2182503
2182518
2182533
2182572
2182588
2182605
2182623
2182642
2182649
2182695
2182731
2182812
2182819
2182884
2182889
2182897
2182924
2182931
2182952
2182997
2183032
2183045
2183100
2183159
2183161
2183163
2183188
2183215
2183216
2183245
2183350
2183437
2183452
2183468
2183482
2183484
2183513
2183527
2183550
2183559
2183611
2183621
2183654
2183689
2183712
2183721
2183760
2183769
2183785
2183823
2183845
2183886
2183938
2183948
2183982
2184050
2184074
2184089
2184118
2184179
2184192
2184194
2184207
2184224
2184293
2184327
2184395
2184494
2184521
2184537
2184572
2184579
2184631
2184642
2184646
2184678
2184697
2184730
2184765
2184777
2184782
2184867
2185160
2185245
2185326
2185327
2185348
2185372
2185373
2185442
2185476
2185507
2185552
2185655
2185762
2185767
2185803
2185816
2185847
2185848
2185853
2185925
2185933
2185966
2186027
2186053
2186150
2186203
2186246
2186304
2186477
2186487
2186516
2186624
2186690
2186749
2186819
2186938
2186967
2186977
2187005
2187036
2187038
2187077
2187120
2187142
2187161
2187185
2187277
2187378
2187402
2187427
2187454
2187494
2187512
2187576
2187633
2187724
2187816
2187839
2187850
2187888
2187914
2187941
2187951
2187969
2187980
2187984
2187990
2188002
2188042
2188159
2188184
2188220
2188234
2188250
2188304
2188352
2188372
2188391
2188396
2188408
2188415
2188441
2188463
2188469
2188478
2188494
2188587
2188624
2188637
2188651
2188687
2188760
2188778
2188796
2188857
2188917
2188956
2188994
2189026
2189045
2189210
2189224
2189230
2189308
2189343
2189501
2189536
2189610
2189637
2189676
2189683
2189767
2189936
2189977
2190009
2190039
2190043
2190064
2190091
2190137
2190190
2190202
2190224
2190252
2190280
2190358
2190373
2190396
2190403
2190425
2190436
2190467
2190491
2190497
2190524
2190568
2190582
2190610
2190636
2190643
2190668
2190712
2190774
2190781
2190833
2190884
2190894
2190920
2190923
2190947
2190956
2190960
2190963
2190993
2190997
2191021
2191061
2191074
2191084
2191176
2191180
2191230
2191327
2191407
2191473
2191532
2191587
2191602
2191615
2191617
2191640
2191835
2191841
2191853
2191885
2191908
2191924
2191933
2191956
2192056
2192090
2192098
2192176
2192191
2192212
2192243
2192260
2192277
2192455
2192466
2192496
2192685
2192692
2192824
2192965
2193010
2193051
2193075
2193093
2193237
2193307
2193316
2193387
2193481
2193485
2193524
2193582
2193586
2193601
2193620
2193635
2193668
2193679
2193687
2193690
2193798
2193822
2193885
2193958
2193962
2194045
2194050
2194054
2194126
2194163
2194169
2194216
2194274
2194286
2194326
2194366
2194373
2194439
2194457
2194634
2194646
2194703
2194766
2194857
2194882
2194885
2194945
2194974
2194985
2195007
2195024
2195043
2195059
2195102
2195181
2195223
2195230
2195278
2195286
2195306
2195331
2195343
2195405
2195442
2195447
2195449
2195500
2195542
2195583
2195644
2195645
2195670
2195684
2195692
2195701
2195717
2195762
2195772
2195861
2195891
2195895
2195913
2195922
2195961
2196046
2196094
2196177
2196247
2196393
2196518
2196547
2196561
2196615
2196640
2196689
2196705
2196748
2196778
2196846
2196898
2196901
2196945
2196982
2197002
2197037
2197116
2197195
2197222
2197224
2197229
2197237
2197260
2197268
2197292
2197315
2197340
2197351
2197396
2197484
2197556
2197617
2197625
2197686
2197777
2197806
2197838
2197885
2198029
2198045
2198092
2198097
2198131
2198182
2198265
2198294
2198297
2198352
2198430
2198481
2198506
2198516
2198547
2198550
2198609
2198639
2198652
2198680
2198711
2198753
2198895
2198929
2198950
2199000
2199002
2199062
2199092
2199117
2199173
2199181
2199197
2199224
2199244
2199268
2199281
2199286
2199296
2199364
2199366
2199398
2199404
2199425
2199443
2199478
2199489
2199536
2199605
2199611
2199632
2199690
2199793
2199927
2200019
2200026
2200057
2200066
2200076
2200110
2200256
2200293
2200341
2200400
2200621
2200654
2200672
2200692
2200725
2200739
2200860
2200878
2200936
2200944
2201035
2201144
2201174
2201366
2201374
2201409
2201439
2201509
2201543
2201551
2201552
2201555
2201786
2201803
2201860
2201921
2201926
2201959
2201986
2202017
2202021
2202024
2202063
2202105
2202108
2202149
2202165
2202208
2202225
2202294
2202314
2202325
2202354
2202393
2202520
2202525
2202634
2202651
2202685
2202752
2202756
2202765
2202812
2202854
2202860
2202863
2202883
2202904
2202941
2202951
2202977
2203011
2203040
2203043
2203089
2203125
2203247
2203277
2203288
2203300
2203305
2203315
2203411
2203418
2203457
2203489
2203582
2203613
2203725
2203728
2203781
2203924
2204067
2204158
2204172
2204188
2204259
2204277
2204312
2204392
2204562
2204573
2204584
2204620
2204710
2204731
2204743
2204786
2204873
2204905
2204987
2205001
2205004
2205044
2205048
2205060
2205068
2205083
2205138
2205152
2205194
2205231
2205393
2205413
2205423
2205468
2205506
2205536
2205616
2205630
2205638
2205692
2205713
2205753
2205759
2205786
2205813
2205835
2205897
2205925
2205973
2205975
2205998
2206047
2206052
2206121
2206137
2206145
2206177
2206200
2206228
2206264
2206303
2206408
2206420
2206458
2206470
2206476
2206531
2206567
2206570
2206613
2206630
2206688
2206818
2206827
2206912
2207084
2207098
2207109
2207165
2207352
2207359
2207413
2207448
2207494
2207535
2207570
2207585
2207596
2207622
2207687
2207751
2207761
2207781
2207804
2207812
2207832
2207863
2207899
2207931
2207955
2207996
2208112
2208208
2208211
2208237
2208296
2208306
2208358
2208361
2208365
2208409
2208414
2208422
2208451
2208454
2208497
2208501
2208520
2208536
2208566
2208806
2208820
2208895
2208913
2208928
2208966
2209020
2209109
2209282
2209326
2209386
2209435
2209445
2209460
2209495
2209501
2209579
2209593
2209621
2209649
2209728
2209811
2209820
2209845
2209871
2209886
2209960
2210082
2210118
2210158
2210207
2210223
2210235
2210293
2210308
2210421
2210447
2210472
2210475
2210619
2210621
2210651
2210723
2210766
2210780
2210790
2210862
2210920
2210938
2210953
2210987
2211030
2211037
2211101
2211127
2211149
2211173
2211180
2211203
2211209
2211237
2211278
2211311
2211332
2211338
2211468
2211483
2211520
2211602
2211703
2211732
2211743
2211853
2211893
2211932
2211938
2211942
2211965
2212000
2212045
2212049
2212068
2212098
2212099
2212137
2212146
2212150
2212167
2212172
2212233
2212246
2212254
2212267
2212273
2212305
2212329
2212375
2212386
2212394
2212411
2212437
2212453
2212460
2212473
2212482
2212567
2212585
2212636
2212714
2212764
2212847
2212862
2212897
2212949
2212951
2212958
2212971
2212992
2213006
2213033
2213079
2213146
2213193
2213204
2213206
2213300
2213331
2213364
2213445
2213465
2213511
2213517
2213549
2213554
2213560
2213636
2213797
2213822
2213841
2213849
2213924
2213972
2213990
2214002
2214007
2214036
2214065
2214084
2214122
2214132
2214172
2214218
2214249
2214255
2214280
2214306
2214310
2214323
2214327
2214357
2214462
2214555
2214604
2214629
2214683
2214711
2214723
2214731
2214749
2214751
2214879
2214910
2214942
2215126
2215139
2215153
2215199
2215223
2215232
2215279
2215305
2215439
2215456
2215482
2215594
2215629
2215710
2215772
2215793
2215807
2215853
2215856
2215866
2215927
2215929
2215980
2216042
2216054
2216130
2216181
2216209
2216245
2216299
2216417
2216455
2216467
2216504
2216521
2216528
2216564
2216580
2216587
2216598
2216607
2216888
2216889
2216942
2216980
2217010
2217187
2217243
2217266
2217268
2217319
2217324
2217331
2217369
2217399
2217459
2217484
2217510
2217616
2217651
2217733
2217779
2217820
2217839
2217851
2217866
2217880
2217896
2217928
2217937
2217971
2217986
2218059
2218117
2218166
2218200
2218374
2218387
2218409
2218450
2218538
2218705
2218746
2218760
2218763
2218786
2218794
2218830
2218961
2219015
2219063
2219074
2219148
2219173
2219194
2219248
2219252
2219278
2219303
2219306
2219340
2219389
2219431
2219461
2219540
2219543
2219576
2219579
2219595
2219615
2219717
2219785
2219823
2219843
2219878
2219919
2219958
2219972
2219979
2219988
2220012
2220021
2220058
2220079
2220137
2220158
2220177
2220179
2220225
2220262
2220296
2220314
2220356
2220421
2220440
2220558
2220608
2220623
2220638
2220652
2220749
2220916
2220977
2220995
2221032
2221059
2221101
2221103
2221302
2221324
2221357
2221389
2221399
2221570
2221586
2221618
2221716
2221721
2221924
2222037
2222058
2222128
2222134
2222158
2222219
2222221
2222265
2222344
2222358
2222368
2222376
2222382
2222399
2222416
2222461
2222582
2222586
2222593
2222627
2222632
2222657
2222670
2222707
2222766
2222809
2222873
2222907
2222927
2222964
2222979
2223082
2223117
2223131
2223143
2223313
2223330
2223366
2223456
2223459
2223505
2223561
2223656
2223675
2223701
2223729
2223745
2223759
2223770
2223794
2223856
2223907
2223948
2223976
2223987
2224002
2224009
2224036
2224131
2224193
2224202
2224388
2224396
2224438
2224461
2224479
2224481
2224494
2224500
2224534
2224540
2224548
2224609
2224652
2224661
2224710
2224767
2224856
2224911
2224936
2224990
2225084
2225121
2225171
2225216
2225260
2225277
2225286
2225307
2225315
2225345
2225465
2225471
2225474
2225535
2225543
2225612
2225680
2225809
2225935
2225940
2225978
2226024
2226065
2226072
2226139
2226230
2226289
2226293
2226300
2226325
2226328
2226352
2226387
2226422
2226436
2226445
2226462
2226468
2226534
2226595
2226615
2226624
2226699
2226724
2226759
2226857
2226899
2226904
2226968
2227001
2227005
2227047
2227074
2227119
2227171
2227199
2227274
2227359
2227391
2227395
2227474
2227493
2227497
2227508
2227585
2227646
2227700
2227703
2227711
2227735
2227736
2227788
2227813
2227860
2227864
2227869
2227925
2227937
2228009
2228090
2228094
2228204
2228249
2228316
2228351
2228354
2228455
2228519
2228555
2228594
2228604
2228608
2228698
2228714
2228744
2228796
2228905
2228928
2229029
2229070
2229117
2229194
2229206
2229247
2229291
2229369
2229379
2229380
2229408
2229418
2229494
2229595
2229762
2229768
2229862
2229928
2229935
2229940
2230017
2230058
2230080
2230127
2230139
2230230
2230337
2230366
2230464
2230474
2230548
2230578
2230584
2230617
2230627
2230635
2230670
2230689
2230696
2230778
2230783
2230834
2230917
2230994
2231008
2231039
2231066
2231083
2231104
2231193
2231276
2231301
2231512
2231539
2231541
2231546
2231547
2231560
2231575
2231588
2231658
2231664
2231696
2231765
2231830
2231857
2231914
2231947
2231989
2232022
2232053
2232086
2232107
2232165
2232181
2232198
2232339
2232380
2232416
2232433
2232472
2232500
2232595
2232664
2232671
2232678
2232700
2232720
2232763
2232801
2232842
2232852
2232858
2232932
2232961
2233037
2233069
2233118
2233170
2233177
2233261
2233268
2233270
2233308
2233342
2233365
2233390
2233408
2233526
2233748
2233807
2233809
2234035
2234059
2234068
2234085
2234131
2234163
2234171
2234191
2234202
2234341
2234392
2234410
2234451
2234510
2234517
2234525
2234526
2234544
2234604
2234653
2234672
2234680
2234734
2234741
2234748
2234773
2234780
2234784
2234835
2234854
2234918
2235013
2235096
2235127
2235144
2235222
2235232
2235323
2235370
2235433
2235479
2235592
2235618
2235622
2235652
2235671
2235775
2235787
2235800
2235834
2235845
2235898
2235912
2235968
2235986
2235998
2236058
2236065
2236072
2236081
2236133
2236180
2236185
2236321
2236344
2236525
2236569
2236578
2236602
2236648
2236684
2236730
2236739
2236809
2236949
2236951
2237040
2237066
2237079
2237094
2237116
2237140
2237179
2237181
2237197
2237289
2237306
2237321
2237328
2237331
2237356
2237361
2237381
2237386
2237424
2237442
2237467
2237532
2237534
2237566
2237750
2237792
2237804
2237809
2237830
2237838
2237859
2237863
2237919
2237947
2237967
2237977
2238038
2238043
2238216
2238258
2238292
2238305
2238385
2238440
2238471
2238489
2238557
2238563
2238573
2238613
2238659
2238685
2238802
2238827
2238889
2238909
2238918
2238924
2238942
2238969
2239020
2239098
2239186
2239214
2239230
2239284
2239311
2239346
2239415
2239544
2239576
2239595
2239638
2239661
2239803
2239850
2239904
2239942
2240016
2240066
2240138
2240148
2240150
2240307
2240343
2240349
2240459
2240498
2240514
2240584
2240596
2240600
2240614
2240684
2240698
2240795
2240822
2240914
2240960
2240973
2241021
2241036
2241063
2241066
2241171
2241211
2241289
2241295
2241304
2241311
2241326
2241329
2241375
2241386
2241402
2241408
2241468
2241505
2241540
2241551
2241564
2241607
2241665
2241682
2241705
2241711
2241739
2241850
2241872
2241931
2241973
2241995
2242005
2242007
2242176
2242194
2242264
2242281
2242332
2242390
2242407
2242451
2242512
2242591
2242629
2242688
2242712
2242771
2242805
2243001
2243046
2243060
2243082
2243160
2243284
2243306
2243323
2243330
2243409
2243434
2243473
2243476
2243508
2243663
2243721
2243723
2243738
2243768
2243817
2243880
2243891
2244020
2244036
2244166
2244224
2244293
2244310
2244369
2244423
2244425
2244443
2244496
2244571
2244576
2244684
2244686
2244690
2244735
2244748
2244906
2244920
2244929
2244943
2245043
2245046
2245084
2245098
2245148
2245153
2245209
2245449
2245512
2245624
2245731
2245782
2245876
2245918
2245923
2245996
2246073
2246148
2246177
2246194
2246332
2246377
2246419
2246476
2246505
2246511
2246584
2246586
2246670
2246683
2246701
2246710
2246776
2246783
2246863
2246874
2246898
2246916
2246969
2246996
2247064
2247094
2247146
2247182
2247413
2247432
2247456
2247519
2247543
2247556
2247562
2247565
2247570
2247689
2247839
2247901
2247926
2247976
2248045
2248077
2248099
2248170
2248295
2248333
2248396
2248538
2248548
2248583
2248595
2248697
2248727
2248745
2248771
2248797
2248815
2248869
2248895
2248993
2249008
2249046
2249063
2249091
2249122
2249155
2249169
2249176
2249288
2249316
2249367
2249377
2249417
2249495
2249524
2249578
2249598
2249601
2249620
2249640
2249646
2249653
2249768
2249824
2249856
2249945
2249948
2249966
2249986
2249989
2250005
2250034
2250039
2250167
2250171
2250248
2250378
2250381
2250385
2250483
2250521
2250536
2250537
2250555
2250561
2250569
2250688
2250710
2250725
2250738
2250787
2250845
2250851
2250885
2250980
2250987
2250996
2251155
2251210
2251304
2251372
2251393
2251438
2251494
2251527
2251566
2251596
2251663
2251679
2251716
2251745
2251783
2251801
2251858
2251873
2251882
2251906
2251949
2252013
2252034
2252055
2252071
2252077
2252185
2252256
2252304
2252331
2252391
2252448
2252540
2252612
2252632
2252658
2252665
2252688
2252695
2252829
2252854
2253049
2253075
2253116
2253160
2253223
2253228
2253231
2253242
2253288
2253306
2253316
2253355
2253396
2253463
2253468
2253518
2253571
2253611
2253615
2253669
2253720
2253833
2253838
2253840
2253872
2253930
2254008
2254057
2254067
2254084
2254119
2254173
2254280
2254337
2254408
2254455
2254474
2254505
2254559
2254590
2254596
2254695
2254713
2254756
2254769
2254785
2254818
2254861
2254879
2254901
2254917
2255092
2255144
2255149
2255173
2255196
2255276
2255365
2255383
2255415
2255508
2255653
2255723
2255834
2255965
2256030
2256048
2256097
2256157
2256222
2256230
2256276
2256338
2256381
2256388
2256440
2256461
2256470
2256485
2256507
2256533
2256583
2256637
2256641
2256663
2256750
2256799
2256825
2256885
2256942
2256994
2257025
2257045
2257093
2257104
2257142
2257149
2257160
2257193
2257222
2257234
2257251
2257307
2257423
2257473
2257590
2257647
2257667
2257777
2257839
2257912
2257943
2257945
2257960
2257971
2258011
2258021
2258130
2258178
2258192
2258198
2258218
2258252
2258273
2258280
2258342
2258347
2258419
2258459
2258511
2258573
2258623
2258679
2258682
2258706
2258721
2258911
2258996
2259079
2259100
2259125
2259131
2259185
2259216
2259251
2259267
2259283
2259380
2259440
2259511
2259528
2259546
2259599
2259664
2259670
2259709
2259790
2259796
2259818
2259975
2260057
2260084
2260085
2260100
2260180
2260254
2260357
2260455
2260484
2260513
2260565
2260579
2260622
2260626
2260640
2260658
2260686
2260687
2260701
2260751
2260796
2260874
2260886
2260984
2260989
2261032
2261045
2261081
2261088
2261174
2261185
2261213
2261284
2261298
2261377
2261397
2261415
2261425
2261435
2261496
2261562
2261603
2261611
2261618
2261670
2261742
2261752
2261776
2261781
2261817
2261894
2262014
2262037
2262289
2262341
2262350
2262430
2262452
2262461
2262467
2262670
2262735
2262742
2262760
2262796
2262830
2262905
2262921
2262957
2263138
2263180
2263238
2263248
2263297
2263345
2263352
2263364
2263368
2263511
2263543
2263599
2263611
2263671
2263678
2263841
2263893
2263916
2263938
2264005
2264009
2264052
2264056
2264136
2264154
2264225
2264243
2264288
2264291
2264366
2264450
2264579
2264636
2264642
2264676
2264716
2264770
2264852
2264924
2264926
2265051
2265090
2265160
2265187
2265267
2265283
2265323
2265359
2265406
2265437
2265496
2265576
2265612
2265616
2265645
2265648
2265777
2265794
2265842
2265848
2266008
2266045
2266056
2266092
2266115
2266136
2266202
2266225
2266228
2266237
2266250
2266264
2266267
2266317
2266424
2266432
2266435
2266459
2266512
2266528
2266624
2266662
2266711
2266768
2266787
2266803
2266826
2266838
2266843
2266955
2266983
2266990
2266999
2267005
2267042
2267076
2267112
2267159
2267207
2267340
2267378
2267408
2267486
2267551
2267615
2267622
2267625
2267634
2267707
2267750
2267799
2267846
2267864
2267883
2267964
2267980
2267989
2268074
2268161
2268236
2268298
2268302
2268336
2268364
2268439
2268467
2268477
2268513
2268587
2268589
2268644
2268651
2268656
2268662
2268673
2268691
2268714
2268803
2268808
2268824
2268852
2268943
2268954
2269046
2269063
2269084
2269116
2269276
2269285
2269301
2269327
2269342
2269422
2269433
2269500
2269510
2269574
2269578
2269737
2269763
2269794
2269893
2269898
2269912
2269916
2269955
2270027
2270073
2270136
2270214
2270228
2270261
2270263
2270280
2270285
2270340
2270349
2270378
2270395
2270462
2270483
2270602
2270709
2270730
2270751
2270758
2270880
2270936
2270985
2271004
2271066
2271107
2271117
2271139
2271181
2271207
2271243
2271325
2271330
2271367
2271403
2271426
2271484
2271496
2271502
2271511
2271522
2271636
2271686
2271707
2271718
2271769
2271780
2271792
2271853
2271901
2271919
2271934
2271978
2271993
2271999
2272008
2272049
2272098
2272166
2272207
2272220
2272228
2272296
2272306
2272328
2272384
2272493
2272507
2272512
2272583
2272706
2272735
2272753
2272833
2272849
2272857
2272867
2272952
2272968
2273008
2273094
2273100
2273112
2273138
2273193
2273256
2273318
2273321
2273426
2273433
2273446
2273468
2273475
2273487
2273633
2273683
2273707
2273735
2273758
2273773
2273846
2273998
2274030
2274037
2274040
2274047
2274140
2274146
2274178
2274203
2274207
2274230
2274284
2274361
2274471
2274472
2274531
2274638
2274711
2274775
2274809
2274832
2274864
2274915
2274930
2274982
2274992
2275147
2275153
2275162
2275168
2275185
2275316
2275333
2275368
2275408
2275458
2275521
2275534
2275541
2275549
2275657
2275686
2275701
2275751
2275830
2275884
2275926
2275956
2275975
2276076
2276108
2276109
2276158
2276196
2276225
2276292
2276335
2276358
2276398
2276414
2276434
2276451
2276458
2276500
2276710
2276773
2276815
2276841
2277004
2277038
2277068
2277102
2277241
2277254
2277257
2277451
2277491
2277502
2277566
2277601
2277636
2277649
2277691
2277710
2277726
2277750
2277772
2277779
2277809
2277829
2277847
2277862
2277863
2277869
2278012
2278029
2278051
2278065
2278154
2278264
2278332
2278333
2278370
2278387
2278462
2278484
2278559
2278627
2278651
2278755
2278776
2278778
2278783
2278842
2278998
2279049
2279068
2279094
2279124
2279172
2279204
2279370
2279388
2279394
2279403
2279430
2279449
2279461
2279522
2279542
2279559
2279657
2279665
2279669
2279750
2279763
2279790
2279801
2279844
2279917
2279960
2279980
2279990
2280010
2280042
2280070
2280092
2280187
2280265
2280314
2280340
2280352
2280397
2280419
2280441
2280489
2280495
2280676
2280699
2280880
2280887
2280975
2280995
2281004
2281009
2281024
2281027
2281084
2281162
2281253
2281272
2281314
2281349
2281411
2281460
2281486
2281488
2281501
2281567
2281587
2281634
2281641
2281655
2281677
2281692
2281762
2281867
2281878
2281895
2281937
2281968
2281979
2282029
2282075
2282082
2282095
2282121
2282162
2282192
2282208
2282286
2282326
2282344
2282449
2282484
2282506
2282546
2282553
2282631
2282646
2282688
2282704
2282736
2282755
2282786
2282812
2282839
2282939
2282965
2282978
2283016
2283025
2283069
2283093
2283123
2283130
2283183
2283301
2283303
2283371
2283444
2283489
2283534
2283546
2283549
2283575
2283612
2283671
2283785
2283801
2283816
2283830
2283880
2283938
2284157
2284226
2284309
2284345
2284361
2284438
2284560
2284611
2284639
2284749
2284757
2284787
2284823
2284837
2284874
2284893
2285038
2285043
2285092
2285277
2285280
2285319
2285370
2285374
2285409
2285434
2285586
2285603
2285616
2285653
2285705
2285714
2285759
2285786
2285799
2285801
2285811
2285814
2285863
2285899
2286029
2286040
2286051
2286093
2286323
2286331
2286384
2286390
2286407
2286420
2286428
2286450
2286474
2286561
2286571
2286679
2286698
2286712
2286739
2286752
2286761
2286776
2286804
2286818
2286848
2286867
2286873
2286955
2286967
2287094
2287137
2287145
2287197
2287233
2287284
2287319
2287337
2287350
2287526
2287566
2287616
2287619
2287642
2287664
2287686
2287708
2287792
2287803
2287839
2287848
2287914
2287971
2287976
2287997
2288038
2288056
2288137
2288150
2288157
2288166
2288236
2288380
2288409
2288444
2288448
2288474
2288505
2288518
2288610
2288620
2288709
2288746
2288757
2288777
2288783
2288836
2288900
2288974
2289077
2289095
2289266
2289276
2289286
2289378
2289386
2289432
2289437
2289440
2289447
2289657
2289669
2289678
2289717
2289793
2289905
2289968
2290021
2290059
2290141
2290169
2290252
2290261
2290304
2290311
2290573
2290603
2290617
2290626
2290638
2290777
2290877
2290930
2290959
2291002
2291008
2291089
2291124
2291138
2291331
2291346
2291390
2291404
2291431
2291563
2291640
2291667
2291713
2291805
2291819
2291826
2291835
2291849
2291854
2291871
2291874
2291955
2291974
2292171
2292354
2292368
2292497
2292565
2292576
2292667
2292671
2292686
2292757
2292764
2292800
2292888
2292928
2293056
2293064
2293194
2293206
2293252
2293302
2293308
2293311
2293346
2293362
2293420
2293431
2293503
2293538
2293598
2293628
2293639
2293665
2293708
2293796
2293811
2293819
2293822
2293883
2293925
2294102
2294112
2294166
2294169
2294189
2294233
2294404
2294458
2294461
2294465
2294520
2294523
2294652
2294660
2294723
2294731
2294757
2294780
2294799
2294811
2294861
2294870
2294947
2294958
2295013
2295019
2295069
2295122
2295141
2295148
2295178
2295245
2295247
2295446
2295512
2295567
2295703
2295716
2295727
2295732
2295738
2295744
2295936
2295945
2295963
2295969
2295977
2296001
2296057
2296087
2296089
2296225
2296285
2296287
2296327
2296370
2296430
2296472
2296534
2296568
2296581
2296630
2296724
2296790
2296804
2296828
2296851
2296886
2296913
2296920
2297044
2297054
2297074
2297103
2297129
2297145
2297162
2297245
2297270
2297287
2297293
2297298
2297318
2297480
2297496
2297590
2297649
2297667
2297669
2297732
2297805
2297878
2297886
2297933
2298246
2298328
2298342
2298458
2298487
2298501
2298539
2298555
2298562
2298578
2298588
2298618
2298650
2298698
2298717
2298721
2298780
2298785
2298838
2298959
2298985
2298990
2299038
2299052
2299064
2299071
2299110
2299116
2299226
2299277
2299336
2299358
2299442
2299526
2299567
2299584
2299623
2299679
2299709
2299865
2299880
2299892
2299912
2299929
2299937
2299982
2300024
2300027
2300033
2300046
2300050
2300059
2300070
2300150
2300195
2300210
2300236
2300249
2300420
2300469
2300632
2300642
2300697
2300703
2300722
2300761
2300812
2300936
2301007
2301011
2301036
2301060
2301069
2301088
2301156
2301243
2301255
2301259
2301346
2301384
2301431
2301451
2301457
2301587
2301667
2301677
2301724
2301726
2301732
2301773
2301789
2301812
2301814
2301889
2301916
2301991
2302049
2302057
2302090
2302117
2302138
2302166
2302190
2302308
2302351
2302367
2302430
2302436
2302547
2302555
2302608
2302627
2302638
2302640
2302655
2302682
2302707
2302728
2302754
2302770
2302789
2302899
2302923
2302949
2302980
2302984
2303091
2303166
2303402
2303434
2303456
2303484
2303512
2303522
2303605
2303607
2303649
2303712
2303733
2303773
2303907
2303919
2303944
2303956
2303981
2304005
2304018
2304046
2304056
2304061
2304077
2304143
2304251
2304293
2304329
2304332
2304397
2304425
2304438
2304475
2304481
2304505
2304522
2304607
2304686
2304775
2304778
2304837
2304854
2304872
2304887
2304948
2304952
2304994
2305077
2305082
2305089
2305099
2305126
2305163
2305223
2305365
2305368
2305620
2305660
2305680
2305773
2305787
2305814
2305977
2306002
2306089
2306190
2306215
2306333
2306369
2306393
2306400
2306444
2306500
2306507
2306536
2306556
2306590
2306596
2306652
2306709
2306728
2306765
2306783
2306799
2306826
2306842
2306932
2306952
2306975
2306989
2306996
2307050
2307074
2307149
2307282
2307319
2307391
2307417
2307467
2307475
2307540
2307615
2307722
2307727
2307830
2307847
2308042
2308060
2308071
2308107
2308151
2308164
2308175
2308219
2308230
2308278
2308297
2308312
2308342
2308353
2308363
2308431
2308446
2308528
2308698
2308839
2308896
2308982
2309000
2309025
2309035
2309108
2309123
2309162
2309172
2309180
2309353
2309406
2309412
2309512
2309575
2309652
2309825
2309866
2309917
2309966
2310025
2310031
2310049
2310120
2310132
2310211
2310228
2310231
2310240
2310243
2310268
2310491
2310518
2310524
2310659
2310705
2310726
2310730
2310787
2310810
2310827
2310893
2310902
2311069
2311090
2311097
2311125
2311132
2311234
2311241
2311251
2311262
2311300
2311349
2311378
2311423
2311445
2311557
2311600
2311613
2311617
2311645
2311656
2311776
2311812
2311875
2311893
2311941
2312005
2312045
2312096
2312114
2312194
2312276
2312283
2312320
2312334
2312371
2312551
2312650
2312679
2312705
2312706
2312720
2312771
2312776
2312783
2312789
2312854
2312874
2312895
2312897
2312961
2312987
2313130
2313195
2313199
2313215
2313292
2313350
2313435
2313643
2313694
2313752
2313766
2313773
2313824
2313884
2313919
2313947
2313968
2313986
2314108
2314240
2314266
2314286
2314289
2314351
2314379
2314413
2314563
2314570
2314580
2314670
2314936
2314967
2314993
2315029
2315048
2315119
2315165
2315267
2315277
2315314
2315375
2315419
2315421
2315435
2315441
2315453
2315464
2315501
2315510
2315615
2315666
2315674
2315679
2315719
2315746
2315770
2315796
2315812
2315838
2315890
2316011
2316034
2316062
2316072
2316130
2316172
2316183
2316190
2316206
2316233
2316271
2316490
2316499
2316556
2316573
2316624
2316631
2316650
2316662
2316673
2316707
2316709
2316783
2316789
2316796
2316890
2316933
2316953
2316971
2316992
2317006
2317008
2317052
2317069
2317122
2317143
2317224
2317251
2317278
2317324
2317357
2317458
2317470
2317533
2317607
2317625
2317650
2317712
2317769
2317905
2317930
2317980
2317994
2318014
2318019
2318074
2318079
2318125
2318179
2318188
2318194
2318213
2318250
2318296
2318327
2318341
2318362
2318393
2318455
2318516
2318537
2318579
2318644
2318656
2318692
2318835
2318852
2318923
2318934
2319009
2319048
2319067
2319112
2319120
2319127
2319145
2319166
2319187
2319188
2319199
2319342
2319360
2319418
2319659
2319679
2319737
2319761
2319785
2319802
2319808
2319927
2319946
2319972
2319981
2320006
2320047
2320103
2320127
2320193
2320206
2320217
2320295
2320298
2320325
2320415
2320537
2320556
2320569
2320610
2320629
2320788
2320857
2321022
2321200
2321212
2321250
2321433
2321459
2321489
2321537
2321603
2321625
2321629
2321777
2321858
2321917
2321964
2322153
2322213
2322227
2322228
2322238
2322247
2322258
2322303
2322478
2322489
2322503
2322506
2322543
2322570
2322619
2322643
2322692
2322714
2322728
2322759
2322863
2322929
2322936
2322950
2323055
2323064
2323107
2323112
2323152
2323183
2323227
2323289
2323302
2323354
2323379
2323382
2323401
2323405
2323445
2323505
2323563
2323713
2323734
2323854
2323953
2323976
2324000
2324037
2324064
2324141
2324183
2324200
2324247
2324297
2324362
2324389
2324424
2324429
2324437
2324450
2324470
2324485
2324505
2324527
2324549
2324555
2324563
2324604
2324618
2324690
2324713
2324755
2324767
2324831
2324834
2324866
2324892
2324915
2324948
2325091
2325102
2325173
2325200
2325246
2325344
2325363
2325374
2325433
2325453
2325614
2325756
2325862
2325890
2326000
2326014
2326070
2326114
2326176
2326192
2326198
2326208
2326222
2326239
2326263
2326284
2326353
2326409
2326423
2326428
2326437
2326570
2326597
2326643
2326908
2326944
2326987
2327034
2327049
2327070
2327082
2327101
2327115
2327230
2327281
2327305
2327316
2327331
2327361
2327368
2327391
2327407
2327500
2327510
2327553
2327554
2327575
2327633
2327640
2327650
2327771
2327806
2327868
2327925
2327942
2328180
2328185
2328201
2328226
2328259
2328264
2328271
2328393
2328513
2328577
2328678
2328711
2328728
2328765
2328914
2328955
2328962
2328973
2328982
2329010
2329024
2329055
2329173
2329288
2329302
2329359
2329383
2329411
2329533
2329557
2329597
2329622
2329625
2329733
2329760
2329767
2329791
2329799
2329822
2329852
2329968
2329986
2330038
2330048
2330067
2330074
2330150
2330171
2330205
2330297
2330390
2330471
2330494
2330516
2330578
2330603
2330646
2330694
2330705
2330734
2330743
2330749
2330751
2330754
2330779
2330785
2330874
2330888
2330924
2330926
2330966
2330977
2330992
2331083
2331149
2331161
2331284
2331298
2331370
2331412
2331446
2331464
2331514
2331564
2331572
2331657
2331722
2331761
2331801
2331849
2331875
2331913
2331980
2331997
2332047
2332048
2332065
2332094
2332132
2332223
2332262
2332283
2332415
2332428
2332457
2332479
2332486
2332508
2332523
2332531
2332665
2332697
2332717
2332725
2332734
2332770
2332783
2332789
2332797
2332826
2332893
2332961
2332972
2332975
2332994
2332998
2333095
2333105
2333130
2333140
2333194
2333300
2333324
2333329
2333338
2333443
2333520
2333555
2333629
2333649
2333673
2333713
2333727
2333759
2333768
2333816
2333823
2333828
2333831
2333875
2333883
2333951
2333966
2333994
2334008
2334026
2334058
2334125
2334150
2334191
2334217
2334275
2334383
2334447
2334456
2334519
2334540
2334559
2334639
2334663
2334676
2334782
2334799
2334831
2334842
2334851
2334881
2334903
2335037
2335097
2335158
2335161
2335195
2335252
2335265
2335270
2335305
2335465
2335478
2335499
2335512
2335530
2335542
2335556
2335590
2335592
2335596
2335833
2335853
2335879
2335904
2335956
2335967
2336038
2336109
2336165
2336199
2336204
2336232
2336280
2336299
2336374
2336449
2336539
2336565
2336642
2336697
2336755
2336810
2336888
2336958
2336964
2337054
2337075
2337090
2337103
2337114
2337134
2337184
2337276
2337282
2337382
2337454
2337490
2337492
2337508
2337548
2337600
2337624
2337644
2337655
2337740
2337848
2337851
2337854
2337871
2337878
2337916
2337969
2338021
2338241
2338280
2338298
2338383
2338471
2338532
2338587
2338625
2338671
2338722
2338726
2338798
2338813
2338824
2338885
2338910
2338914
2338926
2338947
2339010
2339063
2339075
2339129
2339145
2339175
2339194
2339252
2339274
2339290
2339301
2339306
2339369
2339415
2339450
2339457
2339555
2339616
2339694
2339752
2339782
2339844
2339852
2340002
2340042
2340076
2340130
2340154
2340183
2340207
2340245
2340307
2340356
2340435
2340442
2340487
2340550
2340563
2340570
2340599
2340649
2340655
2340657
2340677
2340703
2340720
2340741
2340778
2340782
2340811
2340833
2341106
2341225
2341236
2341339
2341348
2341372
2341435
2341572
2341622
2341716
2341727
2341785
2341832
2341866
2341956
2341977
2342040
2342151
2342238
2342254
2342269
2342302
2342388
2342399
2342478
2342504
2342518
2342653
2342677
2342683
2342697
2342740
2342847
2342857
2342858
2342898
2342963
2342976
2342986
2342999
2343011
2343054
2343114
2343148
2343225
2343234
2343260
2343270
2343316
2343372
2343396
2343403
2343455
2343463
2343468
2343487
2343514
2343520
2343727
2343748
2343751
2343860
2343863
2343878
2343927
2344071
2344177
2344195
2344287
2344330
2344340
2344388
2344502
2344510
2344544
2344654
2344696
2344718
2344723
2344738
2344789
2344831
2344859
2344863
2344959
2345030
2345060
2345133
2345190
2345234
2345314
2345336
2345375
2345392
2345434
2345458
2345485
2345578
2345587
2345642
2345662
2345730
2345783
2345834
2345848
2345904
2345914
2345921
2345926
2345943
2345993
2345995
2346055
2346056
2346073
2346103
2346122
2346132
2346324
2346338
2346479
2346560
2346577
2346626
2346676
2346688
2346720
2346824
2346872
2346892
2346965
2346989
2347081
2347103
2347183
2347228
2347373
2347376
2347383
2347466
2347578
2347594
2347617
2347719
2347738
2347819
2347821
2347846
2347878
2347882
2347918
2347932
2348017
2348019
2348061
2348087
2348163
2348244
2348292
2348297
2348451
2348615
2348668
2348674
2348700
2348746
2348831
2348887
2349033
2349054
2349064
2349110
2349189
2349196
2349226
2349234
2349273
2349314
2349325
2349342
2349360
2349365
2349368
2349379
2349440
2349459
2349529
2349555
2349651
2349659
2349738
2349795
2349807
2349812
2349901
2349913
2349924
2349977
2350001
2350023
2350049
2350071
2350147
2350173
2350213
2350251
2350312
2350430
2350473
2350562
2350568
2350573
2350683
2350740
2350747
2350810
2350848
2350849
2350924
2350932
2350949
2350960
2350978
2351055
2351088
2351185
2351268
2351286
2351297
2351330
2351347
2351350
2351362
2351427
2351440
2351478
2351563
2351657
2351707
2351742
2351767
2351794
2351814
2351852
2351913
2351933
2351998
2352072
2352178
2352208
2352248
2352258
2352302
2352425
2352427
2352465
2352468
2352500
2352519
2352532
2352571
2352587
2352591
2352610
2352652
2352660
2352700
2352707
2352711
2352725
2352895
2353062
2353136
2353191
2353204
2353212
2353306
2353328
2353380
2353506
2353519
2353521
2353621
2353671
2353677
2353684
2353690
2353743
2353755
2353763
2353822
2353845
2353872
2353911
2353974
2354015
2354023
2354029
2354037
2354054
2354179
2354183
2354658
2354669
2354683
2354707
2354719
2354742
2354754
2354756
2354987
2355024
2355058
2355156
2355408
2355478
2355543
2355662
2355676
2355701
2355777
2355817
2355870
2355874
2355894
2355902
2355929
2355938
2355983
2356001
2356034
2356132
2356220
2356237
2356240
2356313
2356396
2356468
2356497
2356623
2356646
2356745
2356789
2356794
2356835
2356893
2356912
2356983
2357024
2357068
2357150
2357260
2357263
2357265
2357301
2357391
2357397
2357438
2357454
2357497
2357514
2357528
2357555
2357560
2357596
2357645
2357675
2357740
2357868
2357917
2357940
2357947
2358022
2358050
2358053
2358062
2358092
2358115
2358162
2358180
2358188
2358245
2358252
2358275
2358322
2358353
2358394
2358407
2358443
2358487
2358512
2358527
2358588
2358653
2358677
2358680
2358725
2358874
2358973
2359036
2359040
2359050
2359064
2359094
2359108
2359112
2359172
2359234
2359247
2359277
2359283
2359286
2359403
2359517
2359545
2359548
2359554
2359583
2359589
2359760
2359795
2359799
2359854
2359879
2359901
2359993
2360048
2360062
2360164
2360233
2360246
2360251
2360310
2360369
2360404
2360492
2360517
2360543
2360568
2360621
2360631
2360780
2360809
2360811
2360818
2360829
2360968
2360979
2361035
2361038
2361072
2361123
2361149
2361178
2361234
2361247
2361303
2361326
2361328
2361348
2361353
2361364
2361404
2361413
2361418
2361480
2361490
2361518
2361548
2361563
2361612
2361651
2361657
2361703
2361782
2361812
2361865
2361885
2361900
2361904
2361952
2362043
2362057
2362238
2362260
2362272
2362306
2362449
2362472
2362484
2362523
2362534
2362541
2362543
2362552
2362603
2362637
2362640
2362686
2362695
2362723
2362747
2362762
2362896
2362914
2362923
2362977
2363058
2363120
2363128
2363132
2363163
2363174
2363234
2363254
2363308
2363337
2363451
2363470
2363550
2363558
2363692
2363719
2363763
2363802
2363803
2363840
2363876
2363913
2364021
2364027
2364047
2364070
2364076
2364103
2364148
2364168
2364205
2364275
2364300
2364355
2364385
2364429
2364434
2364466
2364521
2364540
2364581
2364619
2364730
2364830
2364861
2364869
2364907
2364953
2364982
2365066
2365079
2365088
2365104
2365117
2365144
2365170
2365193
2365228
2365299
2365334
2365370
2365401
2365481
2365522
2365543
2365646
2365683
2365705
2365811
2365824
2365863
2365905
2365927
2366010
2366072
2366282
2366355
2366398
2366432
2366444
2366479
2366489
2366591
2366606
2366637
2366690
2366716
2366724
2366749
2366776
2366825
2366846
2366854
2366868
2366946
2366965
2367049
2367066
2367129
2367191
2367277
2367293
2367328
2367474
2367529
2367532
2367552
2367572
2367669
2367673
2367684
2367732
2367748
2367781
2367784
2367915
2367927
2367978
2368018
2368042
2368047
2368107
2368211
2368448
2368493
2368509
2368536
2368559
2368563
2368606
2368717
2368799
2368895
2368900
2368907
2368926
2368931
2368960
2368977
2369055
2369103
2369110
2369116
2369148
2369242
2369309
2369312
2369390
2369396
2369437
2369467
2369573
2369646
2369662
2369680
2369710
2369772
2369780
2369807
2369813
2369829
2369841
2369852
2369884
2369897
2369947
2370029
2370157
2370190
2370208
2370388
2370453
2370496
2370553
2370672
2370729
2370754
2370822
2370883
2371022
2371058
2371068
2371072
2371102
2371143
2371182
2371207
2371229
2371236
2371298
2371322
2371386
2371402
2371481
2371494
2371523
2371577
2371880
2371905
2371932
2371966
2371971
2371974
2372004
2372026
2372057
2372080
2372095
2372168
2372216
2372278
2372320
2372399
2372405
2372760
2372766
2372768
2372774
2372778
2372872
2372949
2372961
2373072
2373073
2373261
2373316
2373329
2373339
2373354
2373420
2373524
2373639
2373658
2373702
2373731
2373749
2373764
2373787
2373921
2373963
2374033
2374072
2374076
2374091
2374103
2374110
2374121
2374197
2374220
2374248
2374263
2374302
2374309
2374384
2374398
2374474
2374491
2374521
2374556
2374576
2374715
2374791
2374984
2375018
2375024
2375050
2375114
2375131
2375143
2375188
2375268
2375307
2375334
2375355
2375445
2375463
2375482
2375504
2375518
2375541
2375562
2375581
2375643
2375683
2375810
2375886
2375897
2375919
2376011
2376063
2376195
2376210
2376242
2376254
2376295
2376426
2376606
2376617
2376797
2376852
2376884
2376887
2376901
2376996
2377012
2377052
2377092
2377095
2377263
2377279
2377296
2377373
2377432
2377466
2377482
2377496
2377508
2377599
2377650
2377726
2377756
2377776
2377782
2377786
2377837
2377953
2377985
2378002
2378019
2378188
2378239
2378277
2378381
2378397
2378455
2378521
2378588
2378600
2378612
2378631
2378660
2378766
2378790
2378802
2378808
2378833
2378887
2378898
2378937
2378969
2378998
2379039
2379067
2379108
2379126
2379193
2379217
2379391
2379395
2379529
2379530
2379551
2379891
2379978
2380056
2380129
2380166
2380240
2380249
2380388
2380402
2380519
2380527
2380549
2380554
2380563
2380573
2380605
2380637
2380652
2380741
2380752
2380753
2380781
2380819
2380822
2380834
2380874
2381175
2381360
2381426
2381445
2381485
2381514
2381638
2381660
2381726
2381814
2381823
2381857
2382007
2382032
2382038
2382046
2382108
2382147
2382191
2382285
2382332
2382349
2382365
2382400
2382491
2382504
2382633
2382635
2382720
2382754
2382765
2382793
2382812
2382815
2382827
2382831
2382845
2382893
2383006
2383132
2383168
2383247
2383301
2383314
2383327
2383348
2383356
2383372
2383391
2383562
2383689
2383751
2383764
2383770
2383814
2383850
2383887
2383897
2383905
2383934
2383964
2383972
2383974
2383999
2384041
2384044
2384084
2384140
2384143
2384147
2384167
2384177
2384181
2384201
2384206
2384244
2384285
2384316
2384333
2384341
2384480
2384517
2384541
2384558
2384575
2384582
2384587
2384634
2384688
2384721
2384806
2384860
2384880
2384898
2384998
2385015
2385031
2385074
2385081
2385094
2385099
2385124
2385181
2385205
2385260
2385374
2385376
2385505
2385629
2385632
2385668
2385811
2385837
2385898
2385952
2385964
2386012
2386055
2386113
2386204
2386239
2386271
2386302
2386334
2386356
2386361
2386490
2386517
2386625
2386646
2386682
2386708
2386719
2386843
2386865
2386880
2386896
2386917
2386953
2386972
2387032
2387063
2387083
2387107
2387149
2387257
2387341
2387391
2387427
2387582
2387606
2387618
2387646
2387657
2387712
2387738
2387858
2387861
2387961
2387993
2388013
2388058
2388158
2388264
2388355
2388408
2388435
2388457
2388506
2388547
2388618
2388643
2388649
2388679
2388721
2388762
2388788
2388798
2388833
2388896
2388964
2389018
2389025
2389052
2389102
2389140
2389267
2389340
2389355
2389457
2389526
2389569
2389570
2389603
2389689
2389728
2389730
2389740
2389950
2390020
2390030
2390072
2390144
2390152
2390160
2390250
2390272
2390304
2390311
2390345
2390412
2390436
2390439
2390471
2390502
2390523
2390572
2390689
2390713
2390718
2390721
2390744
2390765
2390859
2390896
2390907
2390933
2390964
2391036
2391064
2391080
2391086
2391096
2391110
2391138
2391142
2391161
2391326
2391332
2391339
2391347
2391372
2391400
2391412
2391437
2391439
2391570
2391607
2391625
2391723
2391834
2391854
2391861
2391864
2392019
2392051
2392094
2392231
2392272
2392344
2392372
2392381
2392435
2392465
2392475
2392518
2392605
2392677
2392717
2392729
2392800
2392810
2392812
2392821
2392843
2392950
2392980
2393001
2393019
2393112
2393144
2393176
2393209
2393257
2393265
2393279
2393322
2393445
2393477
2393485
2393507
2393523
2393716
2393752
2393755
2393822
2393829
2393963
2394003
2394050
2394073
2394093
2394125
2394158
2394220
2394315
2394361
2394390
2394470
2394503
2394521
2394537
2394565
2394587
2394660
2394751
2394763
2394785
2394801
2394832
2394897
2394908
2394931
2394949
2394980
2395127
2395148
2395220
2395224
2395235
2395266
2395384
2395466
2395543
2395604
2395659
2395862
2395874
2395892
2395931
2395937
2395954
2395966
2395976
2395985
2396025
2396069
2396130
2396145
2396239
2396315
2396469
2396506
2396528
2396533
2396547
2396554
2396567
2396629
2396646
2396713
2396749
2396789
2396802
2396811
2396861
2396876
2396881
2396905
2397034
2397053
2397076
2397106
2397146
2397153
2397204
2397239
2397259
2397268
2397319
2397329
2397385
2397429
2397445
2397568
2397603
2397665
2397695
2397716
2397756
2397852
2397858
2397895
2397960
2397968
2397992
2397995
2398027
2398044
2398055
2398153
2398173
2398254
2398289
2398354
2398372
2398405
2398458
2398515
2398567
2398578
2398581
2398618
2398637
2398650
2398667
2398673
2398713
2398729
2398832
2398858
2398863
2398899
2398941
2398966
2398987
2399030
2399052
2399135
2399140
2399152
2399183
2399194
2399242
2399269
2399286
2399288
2399297
2399305
2399312
2399336
2399347
2399467
2399476
2399492
2399664
2399762
2399782
2399840
2399929
2399986
2399998
2400016
2400025
2400072
2400162
2400257
2400282
2400368
2400496
2400534
2400697
2400704
2400786
2400868
2400877
2400891
2400911
2400953
2401095
2401145
2401208
2401222
2401227
2401230
2401236
2401250
2401319
2401329
2401509
2401543
2401635
2401662
2401745
2401759
2401775
2401815
2401855
2402180
2402233
2402256
2402358
2402378
2402392
2402404
2402418
2402426
2402505
2402564
2402584
2402594
2402652
2402710
2402902
2402936
2403009
2403014
2403026
2403041
2403068
2403115
2403124
2403201
2403250
2403259
2403288
2403454
2403457
2403479
2403611
2403623
2403676
2403714
2403723
2403771
2403837
2403849
2403867
2403885
2403901
2403903
2403931
2403938
2403983
2403988
2403996
2404015
2404057
2404070
2404119
2404144
2404179
2404189
2404242
2404354
2404384
2404393
2404397
2404404
2404409
2404442
2404457
2404553
2404592
2404673
2404693
2404764
2404843
2404908
2404944
2404977
2404984
2404990
2404996
2405002
2405023
2405037
2405056
2405087
2405115
2405133
2405143
2405194
2405223
2405250
2405357
2405373
2405407
2405443
2405457
2405469
2405498
2405514
2405539
2405591
2405615
2405642
2405667
2405679
2405691
2405703
2405714
2405749
2405750
2405814
2405899
2406031
2406039
2406094
2406185
2406204
2406231
2406295
2406338
2406464
2406484
2406556
2406590
2406625
2406785
2406795
2406809
2406826
2406838
2406865
2406909
2406935
2407006
2407019
2407079
2407096
2407107
2407122
2407187
2407243
2407271
2407300
2407311
2407576
2407677
2407692
2407700
2407712
2407784
2407794
2407801
2407816
2407938
2407962
2408202
2408239
2408282
2408370
2408397
2408611
2408632
2408747
2408754
2408775
2408818
2408854
2408901
2408973
2409012
2409042
2409083
2409178
2409387
2409438
2409508
2409524
2409628
2409644
2409673
2409676
2409680
2409757
2409824
2409837
2409901
2409933
2409954
2409999
2410023
2410055
2410067
2410080
2410096
2410098
2410122
2410148
2410170
2410203
2410223
2410235
2410238
2410259
2410307
2410376
2410431
2410450
2410460
2410485
2410492
2410498
2410505
2410536
2410567
2410577
2410639
2410659
2410756
2410782
2410792
2410872
2410962
2411033
2411071
2411100
2411123
2411176
2411182
2411333
2411340
2411371
2411409
2411423
2411437
2411444
2411461
2411508
2411519
2411578
2411618
2411633
2411725
2411844
2411908
2411920
2411948
2412082
2412113
2412117
2412149
2412151
2412209
2412261
2412297
2412385
2412389
2412393
2412403
2412423
2412451
2412456
2412496
2412498
2412556
2412581
2412713
2412811
2412826
2412865
2412875
2412923
2412936
2412944
2413136
2413153
2413170
2413184
2413237
2413315
2413371
2413393
2413448
2413453
2413589
2413597
2413614
2413634
2413838
2413866
2413900
2413995
2414149
2414187
2414231
2414251
2414286
2414343
2414389
2414446
2414640
2414650
2414772
2414791
2414805
2414878
2414881
2414887
2414926
2414966
2415013
2415030
2415095
2415117
2415123
2415155
2415195
2415209
2415242
2415297
2415337
2415359
2415381
2415392
2415451
2415517
2415532
2415555
2415700
2415755
2415806
2415839
2415845
2415856
2415878
2415982
2416052
2416147
2416152
2416184
2416201
2416224
2416233
2416251
2416278
2416321
2416326
2416429
2416457
2416528
2416818
2416889
2417036
2417143
2417177
2417251
2417291
2417310
2417340
2417378
2417450
2417474
2417477
2417539
2417551
2417571
2417576
2417615
2417630
2417695
2417711
2417738
2417745
2417764
2417791
2417798
2417810
2417826
2417886
2417895
2418059
2418067
2418148
2418230
2418294
2418312
2418348
2418404
2418446
2418594
2418620
2418642
2418645
2418727
2418734
2418747
2418818
2418878
2418907
2418925
2418985
2419053
2419055
2419059
2419071
2419111
2419192
2419248
2419338
2419472
2419660
2419669
2419728
2419733
2419758
2419884
2419992
2419996
2420049
2420054
2420057
2420103
2420149
2420170
2420225
2420284
2420315
2420348
2420435
2420449
2420518
2420523
2420664
2420698
2420729
2420736
2420795
2420827
2420885
2420948
2420993
2421070
2421074
2421137
2421167
2421179
2421192
2421241
2421246
2421317
2421420
2421480
2421518
2421526
2421552
2421719
2421826
2421836
2421854
2421868
2421879
2421911
2421986
2421994
2422016
2422022
2422024
2422042
2422072
2422148
2422155
2422203
2422225
2422227
2422252
2422394
2422417
2422454
2422487
2422543
2422591
2422598
2422631
2422663
2422686
2422691
2422699
2422738
2422811
2422824
2422847
2422904
2422961
2423009
2423044
2423142
2423166
2423179
2423183
2423210
2423232
2423342
2423424
2423452
2423495
2423509
2423513
2423680
2423703
2423705
2423707
2423822
2423868
2423953
2424014
2424021
2424037
2424175
2424180
2424264
2424274
2424276
2424280
2424311
2424398
2424439
2424517
2424559
2424562
2424576
2424589
2424676
2424687
2424703
2424710
2424720
2424745
2424759
2424789
2424810
2424822
2424860
2424949
2425039
2425083
2425242
2425248
2425309
2425453
2425478
2425540
2425545
2425634
2425647
2425709
2425760
2425779
2425898
2425908
2425959
2426066
2426069
2426188
2426378
2426416
2426423
2426465
2426521
2426535
2426658
2426978
2427095
2427098
2427130
2427133
2427363
2427377
2427390
2427427
2427457
2427486
2427514
2427545
2427562
2427720
2427741
2427810
2427820
2427918
2428024
2428117
2428133
2428217
2428278
2428307
2428343
2428376
2428435
2428459
2428471
2428482
2428488
2428533
2428543
2428562
2428656
2428668
2428683
2428691
2428726
2428796
2428934
2428965
2429046
2429089
2429125
2429129
2429195
2429253
2429280
2429332
2429350
2429430
2429546
2429723
2429739
2429756
2429786
2429824
2429885
2429923
2430160
2430215
2430227
2430235
2430259
2430295
2430302
2430337
2430348
2430397
2430414
2430497
2430526
2430531
2430594
2430720
2430770
2430800
2430837
2430909
2430920
2430934
2430986
2431026
2431083
2431095
2431139
2431164
2431168
2431179
2431256
2431266
2431299
2431328
2431372
2431436
2431457
2431459
2431473
2431486
2431501
2431545
2431741
2431799
2431801
2431803
2431905
2431916
2431933
2432066
2432068
2432109
2432160
2432357
2432382
2432390
2432461
2432481
2432501
2432552
2432590
2432691
2432743
2432753
2432757
2432767
2432783
2432801
2432818
2432847
2432852
2432856
2432909
2432922
2432991
2433054
2433084
2433093
2433170
2433197
2433234
2433332
2433441
2433457
2433496
2433555
2433613
2433658
2433843
2433863
2433953
2433964
2434133
2434181
2434204
2434284
2434319
2434384
2434481
2434530
2434551
2434568
2434604
2434718
2434739
2434746
2434807
2434825
2434960
2435028
2435144
2435177
2435209
2435219
2435260
2435270
2435334
2435342
2435456
2435605
2435703
2435732
2435740
2435772
2435796
2435819
2435919
2435954
2435970
2435974
2436036
2436045
2436098
2436157
2436218
2436246
2436261
2436267
2436324
2436347
2436437
2436600
2436630
2436636
2436649
2436659
2436687
2436689
2436699
2436703
2436758
2436811
2436829
2436989
2437064
2437065
2437101
2437188
2437231
2437238
2437277
2437296
2437300
2437311
2437327
2437441
2437546
2437559
2437658
2437669
2437677
2437754
2437768
2437868
2437879
2437922
2437923
2438013
2438016
2438090
2438337
2438352
2438369
2438394
2438543
2438548
2438571
2438630
2438685
2438837
2438840
2438851
2439003
2439066
2439263
2439285
2439319
2439337
2439363
2439376
2439420
2439539
2439617
2439619
2439652
2439761
2439883
2439985
2440021
2440044
2440119
2440214
2440219
2440232
2440262
2440388
2440436
2440453
2440455
2440460
2440600
2440638
2440738
2440864
2440917
2441005
2441023
2441086
2441155
2441157
2441195
2441226
2441284
2441315
2441317
2441354
2441396
2441415
2441419
2441609
2441617
2441698
2441737
2441752
2441775
2441806
2441854
2441881
2441886
2441965
2441975
2442062
2442078
2442106
2442266
2442329
2442351
2442409
2442444
2442556
2442564
2442579
2442608
2442650
2442674
2442705
2442707
2442774
2442931
2443003
2443009
2443042
2443088
2443095
2443130
2443133
2443135
2443159
2443180
2443247
2443304
2443332
2443384
2443498
2443509
2443515
2443546
2443592
2443654
2443660
2443700
2443712
2443747
2443852
2443864
2443872
2443880
2443886
2443903
2443991
2444061
2444114
2444145
2444175
2444306
2444318
2444319
2444336
2444376
2444486
2444524
2444543
2444580
2444583
2444687
2444777
2444783
2444829
2444843
2444941
2444970
2444995
2445007
2445061
2445069
2445078
2445121
2445155
2445197
2445210
2445252
2445286
2445347
2445362
2445383
2445388
2445468
2445539
2445554
2445566
2445577
2445660
2445756
2445760
2445794
2445860
2445872
2445880
2445923
2446027
2446126
2446163
2446205
2446282
2446291
2446312
2446316
2446364
2446418
2446447
2446488
2446493
2446516
2446522
2446547
2446568
2446592
2446624
2446757
2446774
2446820
2446857
2446898
2446903
2446973
2446974
2446997
2447068
2447079
2447123
2447173
2447237
2447259
2447293
2447355
2447392
2447410
2447426
2447486
2447492
2447506
2447525
2447545
2447551
2447614
2447675
2447706
2447822
2447825
2447847
2447857
2447890
2447894
2447908
2447924
2447949
2447975
2447984
2448136
2448323
2448336
2448353
2448401
2448426
2448467
2448552
2448572
2448586
2448603
2448617
2448648
2448662
2448717
2448753
2448807
2448815
2448853
2448990
2449017
2449059
2449100
2449105
2449131
2449141
2449206
2449264
2449306
2449372
2449392
2449418
2449459
2449465
2449500
2449524
2449545
2449699
2449723
2449790
2449860
2450016
2450043
2450093
2450117
2450175
2450197
2450263
2450276
2450308
2450329
2450410
2450436
2450548
2450580
2450625
2450729
2450756
2450761
2450792
2451021
2451044
2451067
2451106
2451116
2451147
2451226
2451257
2451422
2451452
2451495
2451555
2451598
2451609
2451648
2451715
2451756
2451757
2451772
2451816
2451846
2451903
2451939
2451958
2452150
2452213
2452271
2452283
2452371
2452373
2452590
2452594
2452670
2452714
2452748
2452792
2452871
2452873
2452875
2452952
2452974
2453043
2453088
2453132
2453148
2453150
2453155
2453159
2453170
2453227
2453240
2453264
2453294
2453311
2453317
2453414
2453481
2453491
2453515
2453548
2453566
2453639
2453670
2453702
2453732
2453993
2454019
2454040
2454106
2454109
2454126
2454196
2454281
2454403
2454425
2454446
2454583
2454598
2454659
2454697
2454701
2454721
2454759
2454763
2454771
2454824
2454891
2455015
2455019
2455066
2455086
2455099
2455104
2455140
2455171
2455256
2455295
2455460
2455508
2455681
2455717
2455729
2455753
2455762
2455821
2455845
2455926
2455954
2456009
2456013
2456042
2456134
2456149
2456283
2456330
2456357
2456393
2456410
2456449
2456498
2456500
2456590
2456681
2456742
2456780
2456897
2456929
2456983
2457000
2457062
2457064
2457166
2457257
2457278
2457283
2457300
2457315
2457358
2457412
2457456
2457515
2457535
2457555
2457574
2457605
2457622
2457639
2457681
2457708
2457717
2457805
2457810
2457849
2457879
2457889
2457898
2457930
2457949
2457987
2457991
2458219
2458272
2458431
2458462
2458474
2458479
2458496
2458513
2458522
2458598
2458676
2458685
2458687
2458696
2458720
2458731
2458793
2458862
2458877
2458959
2459021
2459037
2459103
2459194
2459225
2459237
2459265
2459467
2459514
2459569
2459681
2459939
2459949
2459997
2460005
2460013
2460053
2460061
2460167
2460178
2460209
2460243
2460272
2460324
2460346
2460406
2460415
2460419
2460442
2460451
2460460
2460492
2460569
2460597
2460628
2460684
2460695
2460701
2460727
2460784
2460824
2460835
2460900
2460907
2461083
2461131
2461322
2461389
2461453
2461472
2461483
2461514
2461532
2461578
2461580
2461631
2461769
2461771
2461780
2461792
2461844
2461967
2462041
2462105
2462145
2462187
2462221
2462257
2462320
2462358
2462448
2462544
2462640
2462655
2462700
2462820
2462831
2462845
2462869
2462875
2462968
2462984
2462990
2462992
2463070
2463355
2463508
2463517
2463599
2463612
2463670
2463680
2463725
2463766
2463774
2463779
2463810
2463940
2463950
2463972
2463977
2464022
2464061
2464130
2464225
2464359
2464370
2464391
2464413
2464420
2464440
2464484
2464605
2464679
2464697
2464737
2464796
2464806
2464835
2464889
2464928
2464957
2464962
2465023
2465136
2465149
2465225
2465234
2465247
2465276
2465294
2465410
2465417
2465498
2465578
2465595
2465632
2465698
2465716
2465732
2465758
2465768
2465807
2465823
2465838
2465895
2465938
2465960
2465991
2466018
2466034
2466064
2466120
2466135
2466271
2466384
2466499
2466515
2466586
2466594
2466666
2466824
2466849
2466890
2466892
2466904
2466950
2466964
2466972
2466990
2467025
2467201
2467239
2467269
2467297
2467306
2467410
2467546
2467569
2467572
2467633
2467678
2467730
2467757
2467834
2467851
2467868
2468016
2468028
2468054
2468116
2468165
2468175
2468183
2468207
2468410
2468510
2468617
2468647
2468678
2468690
2468739
2468745
2468810
2468879
2468929
2468950
2468977
2468979
2469011
2469018
2469023
2469057
2469103
2469215
2469278
2469338
2469356
2469362
2469376
2469390
2469401
2469468
2469510
2469531
2469589
2469634
2469665
2469674
2469695
2469719
2469759
2469847
2469854
2469855
2469942
2469997
2470014
2470037
2470041
2470062
2470109
2470161
2470163
2470194
2470214
2470217
2470242
2470247
2470270
2470500
2470521
2470683
2470695
2470719
2470721
2470794
2470806
2470819
2470880
2470918
2470972
2470983
2470986
2471071
2471084
2471099
2471128
2471176
2471218
2471225
2471226
2471298
2471330
2471400
2471439
2471459
2471462
2471479
2471509
2471540
2471571
2471603
2471642
2471854
2471883
2471895
2471909
2472041
2472053
2472061
2472093
2472115
2472246
2472314
2472318
2472335
2472390
2472418
2472453
2472503
2472546
2472635
2472646
2472647
2472704
2472731
2472779
2472810
2472826
2472841
2472895
2472902
2472926
2472933
2472992
2473034
2473046
2473117
2473190
2473201
2473230
2473257
2473340
2473371
2473455
2473471
2473514
2473550
2473556
2473581
2473588
2473640
2473645
2473692
2473827
2473887
2473956
2473966
2474002
2474142
2474273
2474322
2474418
2474460
2474559
2474690
2474704
2474720
2474727
2474751
2474996
2475056
2475078
2475086
2475178
2475207
2475227
2475257
2475264
2475322
2475377
2475396
2475413
2475483
2475499
2475571
2475573
2475681
2475717
2475746
2475799
2475857
2475899
2475904
2475968
2475994
2476020
2476036
2476093
2476100
2476120
2476284
2476341
2476352
2476373
2476379
2476505
2476507
2476536
2476627
2476649
2476671
2476681
2476710
2476727
2476731
2476744
2476771
2476812
2476843
2476854
2476926
2476929
2477024
2477064
2477099
2477154
2477193
2477275
2477320
2477468
2477524
2477551
2477554
2477619
2477626
2477701
2477753
2477818
2477842
2477891
2477914
2477922
2477953
2477963
2478012
2478023
2478057
2478068
2478116
2478260
2478266
2478340
2478350
2478446
2478471
2478488
2478521
2478540
2478548
2478654
2478677
2478749
2478755
2478822
2478843
2478849
2478889
2478898
2478930
2478991
2479105
2479163
2479204
2479212
2479252
2479353
2479491
2479580
2479597
2479655
2479678
2479782
2479794
2479876
2479899
2479936
2479946
2480022
2480068
2480155
2480243
2480275
2480292
2480359
2480374
2480393
2480399
2480431
2480505
2480555
2480610
2480628
2480714
2480727
2480778
2480809
2480826
2480855
2480874
2480876
2480893
2480944
2480979
2480990
2481011
2481049
2481079
2481150
2481159
2481198
2481204
2481295
2481344
2481447
2481549
2481653
2481714
2481778
2481830
2481834
2481871
2481876
2481878
2481979
2482034
2482094
2482096
2482100
2482108
2482117
2482176
2482202
2482229
2482266
2482342
2482366
2482370
2482412
2482424
2482439
2482440
2482510
2482530
2482602
2482636
2482650
2482709
2482730
2482755
2482760
2482795
2482871
2482875
2482882
2482920
2482925
2482940
2483019
2483054
2483151
2483162
2483190
2483216
2483298
2483307
2483336
2483342
2483415
2483454
2483485
2483495
2483504
2483534
2483539
2483573
2483580
2483627
2483639
2483661
2483669
2483729
2483776
