68
99
312
369
422
473
485
511
522
535
563
571
612
648
679
690
715
746
762
842
897
944
1081
1086
1188
1394
1408
1486
1541
1546
1553
1567
1867
2079
2179
2266
2359
2449
2451
2474
2478
2494
2495
2578
2681
2853
2884
2919
2925
2973
2987
3018
3043
3065
3105
3108
3181
3260
3324
3377
3394
3541
3788
3847
3855
3974
4014
4154
4181
4258
4300
4303
4336
4407
4548
4622
4636
4646
4654
4661
4672
4805
4854
4885
4968
4996
5073
5107
5124
5151
5162
5173
5184
5197
5213
5357
5384
5466
5485
5515
5537
5617
5662
5691
5766
5770
5829
5878
5901
5913
5920
5973
6003
6029
6036
6152
6171
6210
6223
6253
6355
6359
6395
6404
6428
6568
6613
6796
6872
6943
6969
6998
7134
7138
7153
7187
7299
7318
7342
7416
7449
7453
7572
7608
7623
7629
7663
7676
7731
7859
7936
7955
7968
8093
8302
8486
8559
8564
8574
8591
8602
8607
8618
8628
8667
8720
8723
8747
8772
8787
8795
8842
8956
8961
9040
9204
9207
9230
9282
9288
9312
9500
9620
9651
9681
9702
9881
9903
9919
9930
10000
10048
10070
10074
10105
10121
10153
10301
10322
10534
10559
10600
10612
10689
10694
10818
10846
10912
10990
11051
11146
11155
11422
11463
11501
11528
11579
11591
11609
11640
11643
11648
11666
11731
11734
11838
11846
11880
11916
11948
11969
11994
12050
12142
12185
12196
12217
12292
12343
12415
12502
12535
12548
12562
12578
12615
12646
12679
12775
12795
12816
12828
12831
12852
12862
12940
13033
13146
13236
13253
13555
13565
13577
13646
13674
13742
13755
13798
13845
13858
13998
14084
14119
14173
14267
14413
14417
14422
14427
14446
14510
14618
14696
14837
14873
14959
14999
15003
15017
15027
15049
15071
15092
15104
15138
15370
15445
15463
15467
15511
15634
15636
15703
15717
15787
15831
15859
15876
15881
15937
15942
15969
16000
16017
16020
16065
16113
16197
16203
16223
16354
16421
16443
16498
16574
16610
16671
16751
16772
16778
16885
16889
16939
16964
16977
17026
17036
17087
17089
17146
17161
17180
17200
17297
17325
17338
17451
17509
17664
17740
17746
17763
17829
17833
17877
17898
18002
18089
18099
18234
18313
18355
18377
18488
18620
18845
18899
18926
18940
18974
18981
19003
19060
19093
19260
19276
19325
19386
19404
19430
19452
19518
19534
19617
19658
19663
19741
19775
19783
19829
19960
20141
20157
20214
20281
20347
20364
20417
20470
20518
20534
20627
20722
20776
20777
20983
21004
21114
21162
21235
21241
21347
21379
21394
21550
21583
21585
21603
21643
21730
21773
21783
21826
21878
22021
22110
22132
22204
22327
22469
22496
22511
22515
22616
22658
22677
22741
22882
22969
22997
23043
23110
23180
23187
23215
23245
23280
23440
23460
23539
23629
23674
23716
23780
23782
23859
23895
23950
24005
24022
24113
24196
24210
24246
24258
24263
24280
24311
24320
24372
24398
24537
24555
24559
24585
24592
24595
24603
24735
24754
24773
24778
24797
24873
24919
24966
25034
25108
25159
25173
25262
25368
25401
25424
25517
25530
25546
25550
25581
25586
25707
25712
25790
25804
25812
25834
25869
25927
25963
26038
26104
26121
26132
26184
26220
26300
26306
26410
26458
26459
26503
26609
26662
26714
26753
26762
26777
26782
26890
26939
27034
27069
27096
27146
27178
27188
27370
27404
27421
27559
27586
27659
27728
27749
27774
27837
27882
27909
27916
27951
28015
28031
28041
28062
28085
28123
28141
28225
28235
28292
28373
28509
28526
28714
28718
28778
28782
28808
28846
28911
29033
29112
29221
29274
29455
29535
29554
29562
29679
29698
29813
30013
30022
30042
30052
30274
30276
30304
30409
30417
30500
30560
30573
30657
30729
30749
30842
30859
30884
30908
30937
30979
31040
31057
31184
31200
31332
31388
31481
31514
31574
31583
31704
31857
31859
31895
32030
32047
32192
32197
32216
32250
32268
32393
32426
32485
32521
32545
32566
32576
32583
32688
32771
32789
32839
32902
33031
33045
33056
33147
33179
33266
33275
33417
33441
33467
33516
33647
33660
33673
33686
33720
33735
33798
33839
33880
33886
34051
34061
34126
34137
34146
34151
34158
34235
34238
34341
34368
34441
34526
34563
34677
34791
34925
34978
34990
35062
35116
35197
35213
35248
35549
35585
35675
35687
35716
35736
35745
35795
35853
35943
36004
36021
36077
36123
36132
36218
36462
36470
36481
36567
36580
36631
36666
36675
36752
36886
37053
37068
37200
37214
37371
37419
37459
37490
37518
37528
37563
37639
37645
37654
37698
37723
37727
37750
37759
37780
37783
37797
37802
37868
37872
37891
37952
37962
37966
37971
38032
38045
38061
38063
38081
38150
38174
38206
38214
38232
38332
38339
38410
38417
38460
38485
38491
38535
38628
38657
38726
38731
38748
38763
38773
38777
38790
38869
38884
38912
38943
39004
39099
39148
39168
39304
39312
39592
39675
39724
39751
39781
39783
39899
40006
40025
40038
40130
40176
40301
40364
40383
40459
40494
40511
40513
40539
40672
40712
40725
40886
40904
40927
40975
41109
41241
41337
41340
41344
41353
41396
41486
41492
41533
41547
41621
41636
41668
41685
41725
41789
41801
41820
42034
42188
42218
42298
42333
42343
42351
42723
42801
42813
42898
43114
43121
43151
43287
43374
43429
43434
43447
43491
43513
43522
43526
43587
43654
43658
43691
43757
43768
43774
43832
43933
43966
43975
44001
44007
44019
44045
44096
44231
44335
44394
44417
44540
44588
44607
44799
44812
44855
44923
44931
44937
44988
45038
45138
45166
45217
45251
45286
45296
45299
45379
45409
45467
45490
45502
45526
45587
45625
45677
45693
45753
45761
45809
46020
46037
46074
46139
46198
46262
46372
46426
46487
46521
46531
46574
46589
46593
46606
46640
46675
46770
46793
46795
46804
46819
46835
46838
46884
46941
46944
46993
47006
47144
47184
47188
47272
47323
47364
47370
47435
47500
47558
47790
47899
47945
47955
47975
47979
47983
48085
48152
48193
48229
48248
48266
48281
48341
48384
48496
48562
48570
48586
48597
48625
48700
48922
49055
49177
49199
49209
49287
49368
49374
49426
49444
49463
49467
49495
49506
49525
49663
49703
49723
49757
49783
49827
49904
49998
50018
50077
50086
50091
50101
50124
50135
50176
50194
50198
50217
50225
50261
50295
50329
50356
50358
50373
50421
50426
50434
50510
50515
50518
50573
50579
50630
50640
50682
50772
50797
50856
50872
50922
51005
51047
51069
51117
51220
51232
51263
51278
51285
51530
51603
51657
51664
51708
51751
51764
51806
51824
51847
51887
51903
51905
51984
52120
52155
52167
52170
52176
52240
52273
52296
52341
52374
52392
52420
52556
52558
52629
52646
52658
52698
52700
52817
52858
52974
53037
53099
53113
53125
53135
53138
53191
53226
53273
53348
53395
53410
53424
53447
53498
53509
53525
53544
53551
53558
53566
53568
53574
53600
53678
53690
53705
53782
53880
53907
53918
53981
54009
54044
54078
54118
54132
54220
54265
54346
54413
54454
54503
54599
54674
54716
54783
54816
54840
54879
54895
54946
54948
54957
54985
55180
55183
55205
55206
55217
55326
55350
55369
55411
55416
55441
55497
55521
55542
55602
55630
55693
55727
55783
55810
55898
55979
56028
56034
56058
56073
56158
56330
56361
56400
56412
56497
56508
56524
56548
56562
56564
56589
56603
56613
56629
56651
56652
56801
56809
56827
56838
56853
56868
56875
56876
56923
56939
56949
56974
57091
57104
57106
57251
57280
57313
57346
57354
57359
57502
57510
57521
57533
57560
57595
57702
57759
57834
57856
57896
58004
58036
58060
58075
58090
58101
58136
58250
58332
58406
58462
58467
58484
58502
58517
58804
58827
58833
58859
58869
58977
59000
59085
59099
59268
59278
59307
59347
59396
59428
59431
59534
59588
59590
59641
59653
59661
59679
59701
59728
59791
59914
60079
60222
60256
60265
60283
60348
60422
60464
60510
60530
60533
60563
60598
60607
60683
60725
60727
60766
60879
60900
60949
61050
61074
61087
61132
61139
61188
61240
61364
61383
61419
61428
61436
61438
61451
61488
61523
61555
61601
61637
61665
61801
61815
61855
61860
61872
61900
61907
61976
62012
62121
62165
62222
62270
62333
62363
62516
62567
62649
62695
62701
62828
62999
63053
63072
63108
63146
63179
63187
63218
63253
63289
63369
63435
63468
63490
63503
63655
63672
63741
63743
63749
63834
63975
63983
64005
64019
64023
64116
64122
64143
64174
64185
64206
64254
64305
64323
64352
64364
64380
64500
64544
64603
64606
64609
64681
64845
64905
64931
64961
64971
65060
65088
65136
65163
65171
65186
65201
65207
65220
65233
65237
65274
65287
65332
65382
65406
65428
65441
65562
65565
65592
65614
65669
65693
65705
65762
65810
65845
65849
65855
65885
65986
65987
65995
66059
66071
66102
66120
66138
66201
66260
66294
66300
66391
66459
66584
66635
66669
66681
66694
66915
66995
67156
67178
67187
67199
67212
67219
67280
67294
67327
67356
67414
67445
67515
67520
67547
67665
67869
67881
68051
68066
68116
68125
68147
68200
68215
68373
68548
68553
68569
68611
68631
68649
68687
68703
68807
68849
68869
69061
69067
69232
69307
69401
69434
69495
69633
69643
69651
69662
69722
69741
69833
69890
69908
69946
70010
70084
70123
70127
70230
70245
70292
70333
70343
70359
70439
70525
70558
70712
70735
70760
70763
70777
70849
70855
70872
70878
70901
70929
70943
71213
71233
71322
71334
71358
71387
71416
71565
71568
71576
71586
71649
71655
71701
71713
71763
71792
71814
71842
71860
71892
71902
71931
71949
71987
72097
72108
72169
72201
72231
72252
72308
72343
72352
72373
72412
72440
72475
72495
72497
72505
72561
72574
72652
72829
72842
72905
72970
72992
72996
73004
73008
73027
73034
73039
73051
73165
73192
73237
73354
73364
73443
73518
73532
73574
73666
73694
73710
73768
73781
73787
73853
73880
73886
73907
73986
74038
74088
74302
74372
74427
74448
74454
74475
74568
74595
74636
74741
74815
74831
74836
74845
75021
75110
75157
75260
75285
75352
75420
75429
75465
75498
75535
75564
75571
75629
75734
75747
75779
75809
75856
75870
75929
75941
75944
75984
75987
76072
76081
76109
76162
76177
76206
76213
76271
76488
76558
76706
76778
76838
76862
76873
76909
76945
76963
76978
76992
77029
77131
77134
77171
77209
77219
77239
77301
77373
77381
77400
77425
77476
77489
77529
77598
77678
77723
77777
77790
77796
77805
77812
77814
77822
77833
77845
77870
77918
77923
78099
78135
78191
78214
78227
78239
78319
78362
78376
78463
78552
78567
78577
78629
78675
78692
78709
78795
78820
78833
78889
78895
78901
78902
78910
78914
78931
78937
78954
79069
79095
79179
79188
79202
79249
79281
79291
79345
79380
79456
79581
79612
79705
79723
79799
79823
79868
79873
79886
79906
79927
79935
79972
80054
80120
80136
80201
80232
80248
80256
80281
80325
80385
80392
80401
80438
80472
80485
80518
80528
80575
80587
80695
80744
80769
80784
80803
80868
80896
80924
80939
80954
81060
81107
81112
81152
81169
81175
81228
81231
81244
81290
81340
81344
81349
81378
81384
81404
81467
81500
81537
81577
81600
81615
81619
81627
81706
81778
81781
81804
81857
81875
82000
82030
82085
82098
82135
82147
82182
82185
82270
82280
82292
82311
82350
82385
82429
82559
82581
82594
82620
82626
82643
82651
82710
82796
82814
82879
82941
82980
82990
83022
83041
83126
83217
83292
83397
83408
83714
83720
83737
83756
83801
83808
83831
83892
83931
83954
83965
83974
84023
84060
84083
84086
84351
84407
84413
84497
84512
84593
84680
84902
84930
84932
84959
85034
85057
85111
85137
85239
85358
85370
85405
85543
85551
85567
85577
85610
85645
85863
85899
86002
86027
86144
86159
86221
86237
86255
86278
86304
86305
86312
86346
86356
86363
86373
86400
86413
86563
86580
86659
86667
86674
86680
86719
86786
86857
86920
86942
86954
86993
87046
87081
87179
87224
87243
87367
87420
87469
87471
87488
87597
87640
87674
87682
87720
87761
87874
87905
87921
88046
88058
88109
88143
88168
88174
88263
88270
88273
88289
88296
88319
88328
88358
88367
88391
88419
88456
88461
88465
88543
88748
88750
88788
88841
88860
88874
88921
89017
89026
89118
89128
89166
89227
89299
89320
89401
89421
89531
89548
89563
89607
89626
89694
89727
89844
89999
90078
90187
90212
90228
90245
90255
90333
90363
90455
90547
90618
90689
90833
90843
91029
91069
91088
91103
91117
91121
91130
91139
91172
91192
91214
91224
91241
91274
91391
91419
91458
91467
91515
91550
91553
91557
91576
91580
91594
91605
91609
91724
91761
91850
91972
91998
92008
92044
92058
92077
92118
92146
92169
92229
92364
92444
92506
92507
92513
92520
92568
92604
92693
92743
92789
92878
92910
92983
93052
93092
93158
93263
93308
93399
93409
93424
93438
93491
93518
93798
93834
93842
93883
93954
94009
94025
94035
94045
94052
94096
94152
94216
94270
94287
94315
94420
94507
94536
94556
94668
94696
94707
94886
94954
95081
95084
95088
95094
95102
95204
95340
95348
95418
95429
95448
95456
95509
95571
95594
95676
95687
95853
95925
95938
95948
95959
96005
96036
96087
96208
96302
96305
96354
96376
96416
96430
96447
96477
96525
96568
96715
96728
96807
96829
96866
96917
96920
96931
96961
97009
97046
97097
97119
97232
97255
97262
97282
97332
97343
97388
97446
97544
97630
97830
97841
97938
97944
97967
97985
98066
98124
98240
98262
98284
98329
98359
98367
98389
98471
98707
98719
98745
98836
98952
98963
99096
99126
99133
99149
99209
99280
99330
99403
99437
99459
99527
99539
99566
99649
99708
99739
99764
99785
99889
99954
99957
99963
100010
100043
100093
100112
100137
100154
100252
100348
100469
100491
100497
100557
100652
100688
100758
100940
101029
101165
101186
101206
101240
101253
101260
101261
101268
101374
101395
101402
101470
101625
101627
101642
101664
101698
101795
101813
101829
101917
101999
102049
102053
102061
102166
102177
102227
102246
102258
102332
102344
102457
102581
102650
102652
102720
102770
102775
102778
102871
102899
102943
102950
102971
102974
103007
103020
103023
103048
103049
103129
103188
103193
103237
103242
103297
103338
103376
103450
103503
103548
103653
103914
103958
104054
104175
104195
104218
104294
104330
104362
104429
104435
104449
104480
104486
104502
104607
104656
104692
104721
104761
104769
104806
104807
104823
104842
104869
104884
104991
105069
105089
105184
105211
105212
105214
105221
105269
105294
105360
105369
105400
105406
105532
105540
105571
105617
105630
105663
105714
105745
105978
106047
106059
106071
106141
106158
106295
106322
106330
106339
106432
106532
106534
106538
106547
106587
106617
106649
106662
106743
106770
106837
106860
106869
106871
106973
107024
107091
107117
107141
107211
107436
107444
107498
107545
107591
107595
107680
107700
107748
107891
107984
108032
108043
108057
108081
108093
108100
108253
108279
108303
108315
108322
108343
108387
108479
108516
108537
108562
108592
108658
108677
108719
108722
108932
108948
108997
109002
109025
109060
109102
109117
109164
109173
109229
109234
109246
109256
109339
109369
109425
109443
109492
109593
109608
109621
109697
109708
109770
109799
109846
109883
109920
109959
109994
110047
110057
110091
110113
110153
110218
110221
110233
110249
110258
110288
110327
110329
110382
110393
110412
110422
110460
110494
110496
110563
110637
110654
110804
110810
110944
110953
110955
111007
111020
111022
111138
111177
111207
111219
111237
111310
111368
111409
111422
111520
111554
111599
111602
111622
111642
111663
111727
111756
111828
111837
111987
112010
112017
112034
112075
112108
112137
112154
112330
112378
112450
112471
112561
112578
112629
112647
112769
112823
112828
112862
112928
112984
113023
113086
113144
113194
113234
113280
113350
113419
113422
113524
113598
113678
113724
113738
113748
113771
113781
113850
113891
113964
113998
114058
114066
114131
114147
114162
114173
114241
114246
114251
114347
114352
114356
114399
114518
114550
114615
114643
114652
114657
114662
114669
114692
114719
114741
114926
114946
114951
114963
114966
115130
115163
115280
115313
115318
115368
115378
115409
115484
115524
115580
115673
115685
115822
115848
115853
115951
116063
116124
116140
116201
116209
116210
116228
116250
116264
116276
116289
116304
116324
116328
116355
116361
116411
116455
116459
116484
116552
116651
116664
116702
116737
116744
116777
116806
116817
116824
116863
116964
117000
117047
117109
117227
117284
117367
117434
117440
117446
117480
117492
117510
117515
117724
117726
117755
117808
117810
117829
117834
117840
117856
117888
117921
117927
117939
117971
118033
118065
118172
118251
118261
118281
118294
118348
118440
118454
118488
118518
118531
118715
118732
118738
118816
118834
118843
118856
118859
118870
118907
118919
118925
119015
119022
119206
119217
119235
119268
119345
119408
119550
119591
119661
119699
119748
119783
119826
119872
120009
120075
120079
120130
120155
120167
120171
120199
120282
120408
120421
120426
120502
120535
120559
120586
120597
120609
120615
120645
120730
120750
120772
120837
120896
121014
121253
121298
121364
121401
121481
121525
121589
121614
121645
121673
121701
121750
121835
121837
121875
121908
121999
122054
122056
122132
122160
122206
122214
122257
122362
122435
122454
122461
122519
122616
122636
122659
122670
122777
122816
122862
122873
122880
122908
122974
123003
123025
123027
123040
123060
123074
123207
123237
123239
123273
123357
123382
123391
123400
123488
123537
123577
123589
123760
123804
123901
123927
123935
123987
124012
124072
124107
124134
124141
124164
124277
124309
124322
124434
124510
124611
124648
124718
124783
124788
124812
124823
124904
124913
124975
124980
125094
125118
125254
125381
125402
125409
125411
125516
125529
125535
125539
125543
125640
125739
125758
125763
125775
125809
125865
125900
125936
125949
125981
126033
126084
126197
126224
126228
126333
126363
126384
126438
126446
126507
126541
126571
126639
126752
126758
126769
126794
126956
126959
126975
126985
126995
127030
127046
127072
127097
127110
127166
127198
127336
127372
127379
127393
127425
127459
127473
127481
127665
127734
127803
127856
127862
127914
127999
128024
128056
128079
128111
128119
128122
128185
128322
128405
128417
128428
128436
128587
128715
128729
128774
128809
128860
128979
129054
129078
129083
129140
129150
129184
129286
129299
129309
129332
129359
129385
129396
129403
129419
129429
129473
129477
129569
129594
129611
129622
129653
129692
129710
129714
129730
129753
129789
129808
129817
129905
129933
129938
129981
130023
130063
130068
130086
130178
130183
130188
130202
130224
130252
130270
130273
130340
130372
130395
130463
130469
130509
130527
130599
130673
130732
130738
130826
130829
130838
130851
130884
130893
130923
130930
130950
131033
131054
131096
131107
131111
131124
131147
131154
131204
131350
131364
131368
131386
131402
131414
131441
131625
131660
131851
131854
131871
131916
131948
131969
132017
132070
132087
132108
132189
132219
132301
132355
132374
132482
132559
132599
132619
132795
132888
132918
132940
133126
133226
133300
133304
133357
133369
133390
133450
133486
133513
133580
133587
133649
133710
133734
133738
133817
133952
133980
134022
134035
134069
134073
134147
134209
134220
134240
134270
134323
134376
134492
134499
134503
134525
134566
134581
134673
134679
134719
134816
134939
135019
135020
135065
135102
135122
135136
135190
135197
135209
135236
135242
135251
135300
135427
135526
135557
135574
135616
135652
135662
135669
135697
135740
135748
135896
135898
135915
135918
135952
136087
136099
136150
136167
136196
136240
136271
136286
136544
136590
136622
136635
136652
136748
136751
136760
136770
136782
136837
136843
136881
136889
137002
137009
137087
137146
137256
137309
137367
137468
137647
137650
137758
137870
137891
137972
138003
138067
138082
138104
138124
138131
138178
138195
138217
138222
138340
138369
138376
138377
138454
138584
138597
138600
138636
138691
138745
138751
138752
138807
138811
138836
138857
138895
138918
138965
138998
139021
139036
139091
139105
139109
139141
139151
139272
139284
139305
139331
139350
139392
139415
139508
139538
139657
139736
139821
139830
139858
139871
139900
139954
140002
140007
140071
140125
140198
140235
140323
140354
140355
140399
140480
140635
140647
140758
140762
140860
140967
140972
141010
141022
141080
141128
141172
141175
141247
141370
141538
141566
141580
141716
141852
141941
141959
142018
142027
142155
142202
142213
142230
142328
142330
142346
142479
142599
142660
142672
142692
142790
142804
142822
142868
142927
142946
142971
143006
143027
143180
143251
143341
143346
143366
143388
143391
143423
143528
143580
143590
143666
143720
143723
143774
143878
143926
143963
143984
144085
144098
144189
144238
144255
144337
144392
144462
144495
144523
144538
144752
144799
144909
144928
144937
144948
144969
144987
145004
145045
145078
145174
145234
145337
145375
145462
145555
145610
145664
145697
145711
145764
145915
145977
146003
146047
146106
146173
146195
146236
146263
146340
146345
146369
146563
146565
146662
146683
146707
146836
146883
146958
146978
147131
147213
147227
147382
147436
147444
147470
147477
147548
147560
147568
147577
147586
147603
147639
147700
147703
147714
147733
147778
147865
147924
148015
148024
148061
148098
148176
148236
148276
148308
148330
148343
148450
148505
148521
148555
148747
148763
148838
148842
148972
149075
149142
149264
149305
149317
149320
149353
149416
149439
149460
149493
149502
149522
149544
149615
149638
149677
149714
149740
149751
149757
149803
149818
149833
149848
149887
149898
149983
150007
150074
150140
150250
150259
150302
150317
150320
150413
150424
150546
150615
150704
150715
150785
150814
150859
150985
151018
151027
151036
151232
151284
151299
151322
151390
151427
151490
151505
151531
151578
151595
151609
151690
151751
151949
151953
151960
152105
152114
152118
152132
152134
152142
152149
152157
152242
152298
152332
152352
152354
152367
152406
152425
152566
152597
152609
152723
152765
152886
152931
152950
152959
152988
153068
153088
153131
153177
153244
153267
153273
153327
153341
153348
153359
153362
153380
153395
153586
153596
153610
153622
153652
153691
153741
153787
153806
153858
153919
153986
154006
154125
154166
154187
154224
154245
154296
154306
154324
154333
154344
154411
154441
154463
154578
154593
154646
154689
154700
154717
154751
154829
154940
154969
155063
155116
155191
155204
155229
155230
155330
155375
155382
155421
155444
155459
155477
155509
155532
155621
155661
155685
155817
155868
155952
155963
156028
156035
156048
156086
156158
156183
156311
156330
156434
156582
156614
156714
156729
156737
156797
156936
156979
156982
157020
157039
157076
157140
157144
157147
157154
157206
157310
157319
157407
157475
157618
157623
157646
157677
157696
157800
157852
157926
157981
158030
158147
158184
158219
158229
158233
158294
158325
158350
158372
158404
158456
158490
158550
158555
158593
158600
158655
158705
158712
158850
158857
158886
159047
159072
159087
159113
159227
159277
159285
159388
159474
159554
159572
159595
159604
159613
159626
159692
159696
159749
159796
159839
159854
160005
160059
160155
160237
160256
160261
160278
160357
160481
160496
160536
160695
160714
160722
160725
160749
160783
160810
160832
160903
160915
160933
161025
161044
161046
161093
161134
161144
161188
161199
161237
161240
161367
161382
161398
161427
161467
161477
161599
161602
161623
161669
161784
161808
161848
161870
161958
161994
162067
162092
162123
162225
162230
162417
162457
162491
162525
162583
162592
162617
162732
162740
162757
162781
162795
162962
163039
163117
163255
163270
163295
163373
163379
163386
163446
163507
163526
163620
163637
163652
163694
163725
163807
163833
163884
163887
163923
163939
163953
163961
164005
164029
164093
164107
164129
164200
164277
164290
164337
164352
164382
164485
164516
164539
164590
164609
164685
164771
164780
164828
164863
164864
164897
164908
164938
164943
164959
164997
165014
165024
165101
165134
165148
165161
165207
165274
165279
165395
165455
165476
165491
165526
165531
165637
165678
165691
165780
165789
165826
165830
165855
165861
165865
165877
165895
165907
165934
166176
166212
166238
166397
166444
166467
166482
166540
166608
166656
166661
166677
166747
166838
166927
166934
167035
167040
167130
167139
167176
167182
167237
167246
167274
167318
167350
167368
167438
167448
167557
167589
167614
167637
167671
167723
167757
167797
167805
167820
167845
167878
167898
167910
167911
167927
168051
168132
168165
168252
168316
168382
168384
168407
168503
168564
168647
168669
168725
168759
168885
168891
168927
168933
169049
169083
169146
169213
169253
169257
169296
169332
169354
169377
169403
169644
169833
169868
169908
169936
169941
169999
170020
170128
170137
170185
170204
170223
170236
170556
170572
170707
170754
170839
170849
170900
170928
170966
171030
171105
171125
171184
171188
171199
171305
171312
171368
171421
171431
171447
171523
171525
171566
171604
171687
171701
171785
171791
171804
171824
171889
171945
171947
171954
171967
171979
172006
172015
172044
172136
172177
172198
172321
172367
172386
172390
172408
172501
172510
172603
172604
172627
172634
172686
172691
172820
172865
172884
172957
172973
173135
173196
173259
173262
173278
173288
173309
173352
173413
173418
173490
173532
173539
173590
173611
173670
173701
173705
173830
173846
173903
173918
173957
174003
174042
174050
174059
174070
174091
174114
174182
174212
174221
174313
174322
174332
174347
174398
174409
174562
174596
174646
174658
174734
174737
174831
174851
174867
174878
174910
174960
174971
175006
175022
175030
175095
175190
175217
175237
175247
175253
175322
175340
175355
175384
175412
175482
175511
175535
175540
175549
175567
175680
175716
175726
175755
175769
175886
175910
175953
175980
176002
176027
176032
176169
176223
176262
176285
176403
176454
176475
176564
176576
176685
176750
176772
176822
176837
176893
176901
176921
176938
176961
177026
177029
177076
177156
177291
177336
177429
177637
177707
177708
177755
177765
177785
177791
177831
177916
177928
177949
177969
178177
178249
178467
178474
178560
178570
178631
178754
178784
178791
178807
179143
179163
179217
179229
179265
179378
179466
179500
179602
179643
179646
179671
179708
179754
179895
179899
179963
180010
180172
180185
180242
180276
180326
180362
180393
180443
180488
180514
180573
180648
180669
180714
180725
180754
180806
180813
180867
180874
180876
180955
181003
181033
181054
181072
181149
181207
181226
181242
181249
181275
181341
181361
181396
181401
181411
181444
181506
181609
181687
181774
181780
181972
182020
182024
182157
182189
182208
182227
182269
182364
182440
182498
182521
182551
182595
182606
182650
182682
182685
182725
182732
182774
182781
182790
182833
182962
182995
183038
183086
183146
183213
183240
183259
183264
183269
183313
183323
183388
183422
183488
183494
183508
183550
183565
183619
183628
183635
183681
183684
183756
183809
183821
183908
183967
183987
184150
184210
184225
184241
184259
184303
184358
184407
184500
184580
184594
184644
184697
184752
184814
184836
184860
184903
184909
184919
184956
185047
185054
185093
185134
185183
185191
185258
185300
185388
185465
185477
185613
185717
185753
185955
185959
185985
186025
186042
186104
186109
186113
186178
186235
186272
186330
186334
186377
186399
186423
186437
186444
186467
186514
186522
186550
186680
186696
186703
186763
186858
186862
186917
186939
186986
186992
187013
187024
187080
187173
187240
187252
187308
187314
187316
187373
187385
187414
187444
187509
187536
187574
187578
187607
187636
187653
187703
187867
187957
187982
187989
188076
188124
188137
188254
188255
188275
188346
188353
188360
188370
188387
188442
188452
188508
188552
188594
188611
188631
188638
188706
188709
188738
188774
188885
188887
188897
188911
188919
188938
189003
189035
189042
189048
189069
189246
189262
189293
189349
189354
189422
189520
189539
189587
189633
189649
189663
189718
189768
189872
189962
190020
190069
190083
190092
190184
190207
190223
190371
190397
190463
190485
190624
190740
190767
190776
190861
191057
191062
191179
191203
191223
191289
191322
191401
191411
191443
191452
191489
191562
191641
191650
191671
191721
191822
191952
191957
191981
192005
192099
192151
192214
192233
192280
192360
192375
192397
192494
192516
192520
192548
192584
192610
192774
192896
192906
192978
192981
193042
193059
193067
193098
193115
193134
193207
193264
193296
193427
193441
193509
193514
193545
193589
193636
193694
193729
193763
193781
193822
193830
193900
193930
193947
194046
194114
194130
194332
194442
194458
194490
194504
194582
194656
194711
194732
194739
194892
194939
194970
195074
195127
195185
195238
195242
195376
195380
195405
195562
195584
195633
195822
195835
195852
195875
195938
195942
195955
195977
196016
196028
196089
196116
196132
196188
196214
196264
196313
196322
196323
196340
196432
196674
196728
196745
196893
196955
197037
197058
197063
197074
197077
197114
197121
197135
197162
197244
197293
197302
197356
197419
197448
197574
197703
197740
197744
197794
197809
197908
197912
197931
197935
197955
198016
198020
198123
198242
198263
198354
198469
198549
198632
198683
198699
198708
198719
198727
198795
198800
198805
198835
198857
199012
199055
199079
199103
199320
199386
199465
199492
199507
199510
199528
199549
199675
199694
199704
199849
199859
199865
199874
199894
199940
199947
199977
199984
200011
200150
200178
200256
200501
200556
200633
200727
200755
200872
200901
200928
200952
200983
200999
201023
201095
201127
201240
201324
201332
201392
201409
201430
201478
201491
201509
201610
201632
201704
201708
201714
201720
201735
201790
201797
201840
201847
201857
201972
201983
202012
202018
202039
202051
202094
202159
202198
202231
202254
202257
202322
202335
202339
202385
202393
202445
202521
202543
202554
202625
202630
202652
202743
202774
202780
202793
202796
202944
202950
202978
203016
203025
203077
203079
203102
203108
203117
203178
203201
203208
203236
203245
203262
203266
203364
203376
203395
203475
203483
203545
203555
203568
203570
203604
203613
203649
203685
203688
203709
203787
203788
203795
203831
203839
203845
203898
203920
203977
203991
203998
204114
204120
204171
204191
204236
204253
204268
204282
204294
204341
204380
204466
204478
204494
204511
204539
204603
204605
204635
204716
204723
204762
204801
204812
204828
204896
204933
204950
204991
205012
205077
205122
205142
205151
205194
205199
205204
205239
205272
205284
205333
205341
205350
205358
205403
205470
205505
205601
205628
205642
205712
205829
205873
205996
206064
206073
206105
206122
206138
206171
206179
206204
206213
206278
206290
206295
206336
206363
206388
206454
206496
206596
206609
206621
206624
206634
206716
206726
206745
206748
206752
206795
206843
206887
206935
206952
206990
207018
207125
207361
207404
207540
207579
207600
207692
207699
207714
207718
207785
207855
207885
207910
208034
208095
208268
208357
208381
208413
208468
208510
208543
208577
208621
208679
208684
208695
208727
208794
208802
208809
208850
208891
208896
208938
208940
208958
209057
209116
209184
209209
209336
209537
209611
209621
209637
209642
209746
209825
209834
209916
209939
209971
209981
210004
210027
210041
210069
210076
210085
210091
210129
210189
210281
210330
210352
210371
210491
210504
210531
210560
210589
210619
210635
210668
210701
210724
210751
210780
210839
210842
210851
210874
211071
211083
211107
211126
211172
211293
211295
211423
211430
211453
211460
211658
211666
211688
211699
211713
211719
211765
211797
211809
211886
211888
211913
211935
211943
212153
212179
212205
212224
212312
212318
212332
212374
212395
212400
212412
212424
212432
212523
212538
212548
212567
212595
212714
212742
212831
212856
212881
212885
212897
212916
212930
212978
213060
213133
213136
213243
213261
213285
213296
213336
213539
213554
213595
213643
213654
213790
213831
213878
213977
214016
214051
214070
214075
214108
214123
214128
214157
214305
214366
214368
214378
214404
214414
214459
214478
214529
214532
214541
214557
214582
214698
214843
214882
214891
214901
214959
214961
214967
215061
215126
215191
215280
215290
215323
215371
215386
215421
215519
215598
215636
215677
215701
215770
215789
215796
215870
215910
215936
216046
216123
216205
216242
216249
216279
216341
216418
216422
216423
216430
216454
216474
216540
216793
216803
216810
217009
217028
217148
217160
217181
217183
217227
217278
217301
217306
217358
217390
217391
217489
217526
217553
217560
217610
217617
217669
217676
217684
217742
217765
217800
217918
217948
218006
218022
218062
218076
218121
218177
218267
218323
218394
218409
218461
218479
218518
218520
218525
218596
218607
218702
218737
218783
218820
218858
218921
218928
218957
219051
219059
219112
219130
219259
219283
219303
219306
219365
219470
219557
219587
219630
219660
219671
219714
219762
219764
219800
219832
219841
219850
219870
219899
219906
219941
219944
220040
220041
220117
220170
220239
220279
220306
220331
220337
220340
220384
220479
220483
220495
220505
220538
220544
220555
220565
220654
220789
220887
220924
220948
220976
220979
221069
221117
221121
221166
221170
221254
221300
221396
221469
221497
221566
221655
221734
221825
221860
221886
221917
222014
222025
222060
222079
222094
222132
222167
222194
222235
222306
222393
222404
222427
222436
222547
222623
222848
222873
222963
222972
223049
223112
223116
223130
223164
223273
223335
223341
223366
223373
223433
223521
223554
223570
223632
223648
223672
223743
223921
224029
224055
224099
224129
224179
224248
224281
224296
224323
224337
224394
224431
224538
224648
224669
224674
224743
224794
224801
224810
224837
224848
224934
224963
225003
225099
225183
225425
225749
225789
225814
225914
225919
225954
226018
226074
226145
226154
226155
226301
226368
226385
226405
226418
226486
226541
226568
226601
226636
226678
226700
226831
226944
226981
227015
227043
227061
227107
227138
227142
227144
227194
227201
227445
227451
227490
227532
227610
227650
227687
227730
227760
227850
227857
227878
227929
227941
227966
227980
228049
228107
228139
228189
228239
228308
228313
228396
228398
228496
228529
228554
228584
228593
228648
228749
228784
228786
228820
228892
228948
228955
229015
229090
229185
229233
229390
229395
229396
229448
229500
229516
229555
229757
229766
229781
229784
229847
229963
230060
230073
230189
230197
230234
230293
230397
230403
230441
230490
230498
230502
230534
230538
230559
230604
230612
230623
230626
230670
230694
230709
230764
230767
230769
230773
230817
230973
231011
231051
231054
231090
231148
231164
231203
231204
231220
231233
231277
231348
231358
231379
231421
231436
231477
231577
231645
231656
231670
231690
231702
231778
231829
231925
231927
231955
231970
231992
231999
232021
232044
232089
232172
232201
232226
232313
232341
232419
232440
232461
232506
232611
232731
232773
232811
232819
232825
232850
232916
232948
232976
233007
233009
233057
233085
233096
233145
233158
233190
233196
233236
233250
233271
233307
233412
233483
233581
233585
233625
233738
233751
233788
233853
233859
233904
233955
233990
234002
234052
234163
234194
234206
234241
234256
234318
234360
234412
234668
234883
234951
234973
234991
235064
235075
235078
235091
235148
235336
235378
235414
235427
235604
235977
236001
236006
236040
236112
236123
236131
236141
236152
236158
236228
236249
236305
236350
236420
236433
236463
236575
236584
236639
236769
236854
236865
236892
236897
236975
237034
237107
237116
237125
237166
237175
237195
237210
237260
237270
237429
237446
237569
237572
237582
237591
237620
237629
237700
237704
237722
237789
237804
237829
237840
237859
237871
237891
237902
237930
237952
237985
238007
238042
238046
238081
238100
238130
238179
238188
238245
238272
238317
238362
238436
238506
238620
238723
238773
238800
238838
238862
238900
238957
239051
239059
239182
239214
239285
239290
239410
239544
239655
239691
239693
239704
239792
239840
239872
240139
240146
240159
240168
240242
240309
240325
240327
240360
240380
240442
240510
240545
240589
240627
240640
240718
240795
240852
240883
240948
241122
241287
241293
241295
241455
241523
241626
241709
241718
241785
241795
241880
241936
242119
242130
242187
242217
242251
242281
242313
242324
242445
242473
242495
242556
242577
242580
242613
242623
242634
242731
242946
242999
243001
243038
243072
243096
243122
243147
243211
243314
243340
243453
243480
243565
243581
243610
243630
243637
243653
243721
243740
243748
243755
243773
243800
243806
243897
244155
244182
244205
244236
244323
244334
244380
244393
244489
244500
244534
244631
244773
244799
244804
244864
244879
244907
244924
244983
245015
245022
245030
245031
245066
245098
245191
245300
245304
245310
245422
245434
245459
245475
245566
245822
245968
245978
246095
246172
246199
246229
246241
246253
246282
246360
246503
246630
246671
246775
246803
246862
246917
246964
246983
247075
247104
247273
247327
247343
247367
247374
247388
247389
247476
247582
247591
247657
247714
247723
247763
247907
247927
247951
247958
248041
248080
248266
248335
248350
248351
248428
248590
248639
248708
248846
248896
248938
248955
249035
249037
249097
249189
249192
249404
249679
249742
249773
249802
249835
249846
249874
249893
249927
249978
250037
250094
250104
250137
250162
250175
250201
250258
250274
250284
250397
250399
250473
250490
250570
250591
250605
250672
250707
250791
250854
250870
251049
251065
251141
251170
251266
251462
251471
251506
251512
251549
251567
251604
251623
251646
251666
251682
251739
251767
251845
251883
251916
251919
251936
251945
252025
252107
252115
252134
252142
252171
252208
252243
252333
252410
252519
252535
252651
252657
252707
252733
252740
252752
252764
252782
252822
252830
252858
252871
252918
252960
253029
253039
253048
253117
253163
253201
253231
253254
253362
253471
253580
253644
253661
253713
253722
253725
253735
253748
253783
253832
253847
253852
253944
253967
253970
254018
254022
254040
254061
254063
254234
254239
254267
254275
254288
254292
254389
254406
254451
254469
254481
254495
254547
254554
254556
254560
254615
254643
254649
254676
254702
254840
254870
254982
255042
255053
255068
255159
255168
255176
255237
255240
255258
255270
255307
255318
255514
255521
255558
255637
255642
255647
255693
255739
255746
255751
255765
255806
255849
256018
256033
256062
256097
256125
256138
256150
256168
256299
256305
256335
256343
256385
256402
256423
256434
256480
256490
256585
256608
256656
256673
256676
256702
256806
256822
256875
256942
257180
257239
257300
257333
257342
257418
257457
257510
257605
257639
257756
257777
257813
257836
257891
257947
257990
258040
258046
258069
258134
258154
258204
258215
258278
258305
258333
258372
258393
258465
258468
258499
258548
258554
258563
258573
258622
258642
258720
258757
258835
258859
258896
258974
259009
259037
259061
259087
259176
259240
259327
259367
259385
259520
259549
259647
259652
259675
259867
259940
259996
260038
260054
260065
260093
260218
260297
260302
260333
260377
260382
260389
260489
260505
260563
260569
260592
260598
260660
260720
260764
260787
260835
260862
261016
261084
261149
261212
261224
261352
261544
261595
261686
261697
261743
261750
261805
261820
261832
261988
262129
262232
262266
262277
262345
262457
262469
262478
262502
262517
262582
262597
262674
262730
262776
262831
262916
262929
262965
262974
262991
262994
263106
263189
263203
263223
263234
263241
263254
263287
263413
263495
263507
263539
263560
263573
263663
263692
263728
263791
263801
263821
263837
263931
263954
263970
263990
263997
264041
264056
264080
264087
264132
264152
264172
264182
264221
264238
264288
264345
264360
264373
264390
264401
264416
264436
264543
264555
264584
264619
264683
264807
264814
264837
264905
264920
264925
264940
264948
264968
264993
265011
265118
265215
265280
265289
265311
265337
265346
265352
265360
265431
265437
265476
265483
265618
265669
265704
265727
265776
265833
265837
265859
265865
265873
265874
265900
265903
265927
265945
265982
266028
266064
266193
266211
266243
266271
266395
266451
266560
266646
266740
266777
266811
266858
266877
266999
267060
267086
267192
267229
267245
267273
267355
267383
267393
267417
267451
267623
267685
267686
267741
267788
267816
267834
267952
268059
268097
268193
268266
268287
268351
268443
268466
268478
268486
268500
268622
268739
268746
268829
268846
268909
268935
268962
268973
268996
269046
269052
269109
269130
269136
269143
269155
269210
269238
269247
269254
269297
269315
269359
269556
269595
269635
269640
269652
269677
269686
269748
269779
269801
269834
269932
269946
269992
270037
270047
270076
270155
270168
270362
270374
270393
270407
270469
270484
270566
270588
270596
270604
270709
270796
270802
270809
270820
270906
271033
271053
271060
271213
271217
271267
271289
271351
271424
271532
271547
271584
271677
271841
271871
271882
271944
271958
272085
272101
272163
272167
272229
272295
272308
272311
272331
272392
272427
272442
272451
272461
272478
272491
272551
272698
272805
272859
272870
272940
272950
272973
273067
273168
273203
273237
273315
273324
273374
273397
273414
273503
273596
273629
273639
273652
273655
273662
273685
273733
273800
273906
273923
274068
274072
274103
274115
274238
274311
274317
274322
274333
274357
274387
274408
274411
274469
274490
274498
274500
274516
274601
274628
274653
274715
274812
274854
274859
274870
274880
274883
275168
275169
275193
275225
275300
275319
275323
275359
275705
275781
275802
275844
275854
275917
275956
276018
276025
276062
276074
276109
276118
276207
276215
276235
276250
276300
276340
276348
276374
276460
276483
276519
276536
276537
276555
276563
276594
276626
276629
276676
276690
276694
276701
276736
276851
276915
276971
276985
276992
277093
277138
277173
277183
277231
277240
277244
277258
277293
277318
277356
277461
277536
277581
277606
277656
277675
277679
277727
277805
277870
277887
277907
277924
277998
278025
278069
278096
278103
278165
278185
278211
278237
278257
278309
278333
278350
278376
278405
278561
278595
278653
278684
278748
278763
278779
279055
279090
279174
279224
279269
279274
279320
279368
279508
279510
279551
279580
279629
279660
279686
279745
279764
279819
279890
279928
280043
280051
280089
280147
280185
280194
280269
280288
280297
280405
280425
280583
280640
280677
280708
280810
280885
280892
280925
281053
281065
281070
281151
281176
281257
281378
281403
281409
281462
281470
281489
281512
281583
281688
281781
281789
281872
281895
281904
281953
281991
282096
282108
282123
282142
282170
282261
282337
282383
282449
282492
282507
282520
282577
282595
282614
282637
282658
282662
282712
282754
282764
282784
282797
282805
282840
282912
282934
282950
282968
282996
283089
283127
283188
283248
283404
283435
283484
283509
283600
283630
283642
283681
283700
283823
283831
283868
283878
283919
284001
284081
284106
284135
284189
284220
284225
284243
284262
284289
284345
284359
284363
284380
284400
284425
284444
284502
284546
284550
284657
284725
284758
284933
284978
285028
285045
285071
285080
285128
285275
285293
285349
285384
285494
285540
285544
285572
285628
285763
285805
285866
285892
285939
285988
286065
286118
286135
286146
286195
286233
286273
286286
286291
286305
286315
286381
286400
286434
286478
286608
286621
286632
286644
286815
286825
286856
286875
286887
286914
286983
286990
287030
287109
287142
287154
287191
287230
287263
287296
287299
287305
287428
287445
287454
287545
287550
287615
287652
287659
287662
287669
287769
287781
287811
287813
287840
287858
287882
287939
287978
287993
288021
288036
288043
288092
288128
288171
288180
288266
288276
288303
288328
288339
288342
288354
288521
288551
288588
288762
288869
288910
288926
288937
288960
288975
288988
289049
289120
289246
289257
289296
289368
289376
289425
289459
289485
289498
289561
289583
289599
289687
289728
289744
289809
289815
289864
289909
289993
290051
290112
290252
290281
290308
290332
290353
290367
290444
290584
290672
290775
290832
290860
290898
290954
290993
291015
291025
291063
291094
291193
291207
291241
291310
291363
291365
291389
291436
291463
291507
291544
291579
291636
291652
291658
291667
291741
291758
291786
291882
291917
291956
292030
292046
292082
292091
292212
292246
292284
292292
292307
292455
292648
292808
292876
292916
292951
293089
293099
293174
293231
293243
293247
293329
293341
293490
293503
293512
293517
293621
293680
293723
293751
293780
293781
293787
293906
293917
293925
294115
294137
294138
294145
294176
294257
294303
294384
294420
294428
294449
294505
294565
294574
294653
294706
294709
294858
294968
294993
295083
295186
295212
295216
295382
295527
295534
295581
295607
295612
295613
295656
295680
295714
295773
295791
295825
295891
295917
295928
295961
296002
296006
296068
296092
296113
296129
296150
296213
296226
296318
296350
296358
296366
296498
296514
296610
296758
296768
296812
296824
296893
296894
296942
296946
296964
297018
297052
297104
297144
297151
297232
297281
297315
297334
297335
297347
297351
297393
297435
297518
297604
297607
297613
297642
297663
297690
297740
297755
297827
297940
297955
297968
297995
297996
298025
298167
298173
298329
298347
298377
298580
298711
298727
298757
298802
298828
298899
298946
299023
299126
299186
299223
299259
299352
299360
299411
299562
299565
299572
299602
299660
299698
299733
299798
299887
299904
299917
299939
299987
299991
300007
300140
300322
300381
300383
300403
300413
300447
300483
300510
300611
300642
300660
300667
300671
300734
300815
300905
300967
300983
301020
301037
301064
301128
301134
301168
301181
301244
301300
301377
301457
301460
301505
301531
301596
301610
301661
301674
301688
301760
301905
301937
301938
301995
302087
302192
302204
302245
302280
302321
302333
302346
302350
302380
302388
302391
302408
302431
302452
302483
302563
302588
302594
302618
302625
302634
302652
302723
302767
302787
302800
302844
302947
302981
302998
303124
303135
303179
303232
303251
303304
303315
303424
303454
303466
303477
303484
303500
303601
303779
303790
303799
303832
303842
303850
303859
303864
303875
303905
303935
303975
304054
304076
304091
304106
304154
304164
304452
304455
304519
304580
304596
304619
304693
304852
304864
304883
304910
305018
305039
305166
305233
305252
305266
305280
305419
305468
305625
305627
305640
305658
305668
305673
305711
305776
305819
305831
305856
305874
305918
305980
306023
306024
306074
306113
306122
306148
306155
306182
306225
306253
306273
306354
306363
306391
306497
306534
306607
306616
306645
306668
306683
306695
306749
306757
306797
306807
306888
306895
306979
307049
307072
307173
307183
307216
307237
307251
307278
307287
307408
307492
307540
307600
307696
307699
307762
307776
307783
307842
307867
307880
307932
307997
308029
308067
308075
308088
308130
308139
308193
308218
308269
308274
308280
308350
308372
308375
308399
308456
308487
308551
308577
308613
308635
308640
308738
308923
308931
309035
309068
309079
309165
309216
309222
309242
309489
309493
309515
309518
309553
309590
309621
309630
309668
309776
309819
309863
309953
309995
310022
310116
310126
310143
310150
310163
310206
310256
310280
310291
310298
310323
310357
310366
310612
310641
310670
310701
310793
310845
310858
310897
310993
311120
311149
311201
311390
311417
311455
311495
311518
311522
311560
311603
311658
311665
311667
311709
311713
311750
311786
311803
311853
311868
311987
312008
312018
312176
312207
312261
312322
312331
312346
312373
312380
312408
312484
312555
312560
312561
312626
312725
312790
312883
312889
312911
312926
312950
312965
313016
313067
313163
313173
313293
313320
313403
313510
313617
313673
313701
313732
313760
313782
313805
313827
313840
313852
313881
313922
313947
314036
314048
314097
314132
314149
314172
314217
314258
314290
314309
314419
314475
314537
314560
314607
314610
314634
314751
314769
314847
314908
314945
314965
315014
315024
315042
315087
315167
315281
315298
315311
315353
315372
315479
315539
315542
315550
315624
315690
315727
315737
315798
315897
315908
315912
315953
315999
316074
316106
316118
316155
316241
316266
316339
316517
316547
316565
316650
316752
316827
316832
316839
316853
316961
316988
317066
317086
317194
317298
317306
317310
317345
317369
317476
317495
317586
317601
317688
317765
317868
317918
317972
317973
317980
317986
318026
318028
318084
318104
318130
318214
318242
318264
318322
318389
318411
318493
318499
318519
318534
318679
318722
318771
318790
318836
318842
318885
318895
318933
318953
318982
319010
319013
319067
319118
319126
319160
319189
319307
319366
319408
319412
319428
319446
319454
319466
319469
319522
319525
319659
319678
319699
319725
319739
319890
320014
320027
320043
320114
320134
320238
320274
320326
320426
320495
320623
320695
320697
320704
320724
320776
320863
320867
320953
320976
321026
321095
321107
321120
321153
321492
321502
321524
321589
321635
321684
321727
321741
321768
321804
321949
321990
322012
322169
322192
322209
322232
322250
322364
322396
322500
322603
322606
322682
322708
322757
322774
322786
322862
322878
322882
322982
323027
323098
323125
323139
323184
323275
323316
323345
323466
323522
323581
323624
323666
323876
323908
323979
323999
324018
324095
324155
324160
324182
324226
324267
324273
324352
324373
324450
324479
324503
324510
324518
324569
324581
324593
324602
324649
324677
324831
324909
324935
324955
324968
324983
325016
325080
325084
325163
325257
325262
325342
325360
325409
325435
325440
325454
325484
325493
325501
325530
325574
325588
325614
325754
325824
325965
325987
326047
326128
326138
326148
326181
326223
326252
326344
326357
326431
326440
326449
326469
326488
326518
326565
326588
326601
326610
326662
326689
326778
326780
326803
326828
326850
326875
326892
326953
327009
327065
327137
327162
327212
327379
327384
327389
327399
327505
327511
327517
327534
327549
327554
327580
327608
327720
327724
327726
327806
327877
327892
327901
327909
327915
327920
327941
328007
328043
328163
328235
328273
328324
328329
328394
328436
328452
328556
328595
328608
328649
328657
328672
328683
328766
328810
328832
328838
328849
328865
328889
328913
328993
329093
329104
329160
329196
329209
329225
329232
329356
329373
329430
329442
329459
329481
329535
329548
329706
329853
329869
329889
329909
329954
330035
330066
330148
330357
330393
330428
330485
330542
330635
330691
330702
330740
330780
330873
330952
330990
331014
331123
331156
331166
331196
331205
331207
331220
331243
331249
331255
331295
331315
331346
331455
331479
331667
331710
331798
331815
331821
331850
331987
332009
332032
332110
332118
332202
332211
332228
332287
332301
332347
332363
332404
332413
332475
332527
332535
332536
332562
332647
332658
332690
332692
332745
332809
332922
332954
333070
333080
333104
333126
333292
333315
333330
333338
333391
333436
333520
333534
333539
333543
333669
333694
333730
333745
333747
333828
333889
333899
333971
333983
334017
334028
334030
334099
334156
334179
334192
334228
334231
334253
334292
334310
334493
334500
334508
334515
334589
334656
334711
334732
334741
334757
334788
334914
335082
335096
335142
335148
335173
335181
335193
335217
335252
335407
335413
335508
335536
335616
335688
335791
335798
335844
335873
335948
335952
336000
336017
336030
336080
336110
336119
336127
336162
336191
336203
336208
336301
336339
336460
336522
336541
336548
336594
336666
336692
336714
336815
336819
336916
336967
337030
337034
337044
337077
337165
337327
337369
337381
337467
337498
337597
337619
337637
337644
337656
337695
337758
337778
337850
337901
337911
337955
337976
338012
338053
338119
338200
338219
338345
338376
338384
338435
338655
338661
338708
338739
338788
338790
338806
338827
338849
338859
338962
339008
339035
339109
339137
339185
339322
339371
339375
339388
339395
339443
339451
339459
339539
339562
339580
339818
339824
339851
339968
339970
339984
339996
340126
340147
340171
340185
340237
340294
340459
340465
340575
340585
340591
340593
340604
340622
340692
340701
340704
340744
340769
340791
340930
340933
341112
341123
341144
341152
341175
341242
341270
341373
341441
341448
341462
341510
341535
341584
341689
341699
341731
341736
341760
341784
341791
341792
341816
341817
341830
341855
342018
342029
342070
342077
342094
342117
342125
342133
342264
342278
342293
342359
342371
342392
342408
342412
342427
342430
342534
342617
342632
342660
342672
342678
342687
342713
342748
342755
342823
342888
342928
342952
343065
343089
343130
343155
343167
343185
343216
343278
343390
343436
343447
343581
343605
343685
343766
343829
343835
343867
343968
343977
344046
344053
344056
344076
344111
344144
344146
344209
344226
344317
344357
344552
344588
344594
344778
344897
344918
345161
345195
345249
345281
345298
345393
345424
345454
345482
345500
345514
345536
345553
345599
345737
345838
345872
345909
345948
345999
346004
346015
346042
346047
346133
346230
346239
346294
346354
346386
346399
346521
346568
346571
346574
346590
346604
346731
346740
346760
346762
346798
346868
346895
347027
347061
347080
347112
347136
347213
347227
347251
347261
347286
347318
347353
347391
347407
347443
347454
347476
347518
347519
347558
347711
347729
347740
347747
347853
347859
347874
347901
347947
347949
347959
347987
348135
348141
348155
348210
348220
348230
348240
348255
348318
348325
348369
348391
348402
348412
348465
348467
348472
348527
348543
348565
348585
348640
348694
348727
348752
348817
348842
348851
349075
349082
349149
349206
349303
349377
349450
349502
349514
349615
349662
349853
349860
349878
349957
349961
349980
349990
350000
350016
350026
350093
350131
350133
350145
350284
350308
350553
350573
350583
350592
350598
350741
350755
350760
350773
350839
350846
350856
350940
351003
351024
351060
351067
351091
351105
351138
351265
351437
351451
351475
351497
351525
351530
351561
351567
351572
351590
351607
351620
351622
351635
351674
351697
351723
351727
351763
351778
351876
351887
352048
352049
352121
352216
352260
352291
352339
352460
352468
352494
352568
352589
352617
352660
352679
352708
352720
352780
352819
352861
353115
353117
353199
353242
353346
353370
353385
353571
353589
353636
353896
354133
354170
354211
354422
354472
354476
354484
354574
354622
354628
354687
354703
354755
354782
354835
354858
354889
355041
355148
355154
355163
355234
355265
355271
355301
355319
355500
355507
355528
355558
355632
355653
355674
355750
355780
355787
355801
355817
355851
355856
355868
355905
355995
356004
356049
356126
356142
356171
356247
356267
356273
356289
356301
356320
356359
356362
356389
356416
356425
356456
356465
356526
356542
356549
356644
356682
356699
356754
356776
356892
357167
357276
357313
357320
357334
357358
357402
357419
357426
357481
357508
357567
357633
357728
357809
357848
357899
358037
358051
358081
358113
358136
358248
358254
358262
358283
358296
358321
358350
358366
358447
358506
358556
358559
358575
358578
358614
358635
358638
358659
358663
358727
358741
358774
358794
358832
358862
358892
358896
358907
358934
358943
358988
358998
359011
359014
359180
359202
359233
359253
359259
359276
359472
359580
359666
359710
359736
359807
359856
360123
360239
360241
360254
360294
360309
360330
360353
360357
360376
360515
360651
360718
360841
360888
360925
360933
360984
360994
361078
361119
361131
361133
361169
361199
361205
361211
361229
361271
361294
361340
361398
361527
361578
361587
361599
361797
361830
361832
361894
361898
361948
361964
361975
361994
362023
362056
362069
362131
362178
362350
362384
362416
362470
362555
362594
362608
362634
362660
362674
362731
362756
362766
362779
362819
362844
362889
362982
363063
363074
363217
363250
363297
363330
363459
363470
363498
363499
363512
363618
363711
363749
363799
363830
363886
363906
363910
363953
363970
363974
363984
364009
364029
364031
364042
364063
364067
364145
364147
364161
364214
364242
364249
364252
364264
364308
364367
364376
364434
364602
364687
364729
364812
364826
364860
364903
365038
365057
365100
365212
365306
365338
365340
365397
365430
365432
365513
365526
365535
365573
365586
365640
365737
365742
365763
365795
365803
365811
365834
365945
365967
366011
366018
366032
366045
366115
366121
366143
366183
366193
366225
366232
366288
366302
366323
366338
366348
366358
366404
366475
366483
366509
366576
366581
366589
366600
366601
366606
366619
366648
366676
366762
366840
366848
366909
367009
367067
367112
367171
367180
367206
367239
367275
367321
367473
367489
367534
367573
367584
367640
367650
367727
367742
367755
367810
367832
367851
367858
367859
367881
367905
367939
367951
368003
368090
368097
368139
368145
368278
368295
368310
368326
368403
368502
368532
368556
368672
368705
368787
368791
368803
368817
368832
368900
368905
368930
368941
368955
368958
368963
368977
369050
369072
369088
369103
369214
369221
369487
369504
369528
369535
369653
369754
369766
369797
369806
369831
369852
369920
369941
369987
370003
370040
370103
370129
370134
370140
370203
370219
370260
370268
370348
370390
370396
370413
370468
370541
370609
370618
370738
370762
370801
370822
370843
370896
370953
370960
371035
371066
371097
371101
371107
371129
371148
371204
371357
371381
371515
371527
371584
371590
371600
371609
371640
371673
371685
371728
371820
371864
371890
371925
371958
372030
372054
372084
372099
372106
372164
372270
372280
372292
372347
372436
372539
372548
372592
372738
372740
372775
372803
372808
372882
372889
372943
373009
373141
373342
373345
373379
373413
373424
373437
373445
373474
373577
373588
373595
373627
373735
373739
373771
373837
373944
373986
374010
374069
374101
374153
374190
374200
374254
374278
374296
374329
374348
374365
374398
374403
374406
374414
374491
374534
374576
374611
374647
374650
374663
374947
375107
375143
375170
375175
375255
375286
375299
375325
375330
375409
375487
375573
375599
375650
375695
375750
375803
375810
375869
375996
375998
376116
376149
376229
376281
376323
376363
376379
376437
376472
376499
376521
376569
376674
376715
376752
376791
376805
376902
376910
376980
377032
377038
377092
377143
377219
377266
377315
377320
377331
377369
377396
377430
377450
377520
377579
377602
377616
377626
377660
377785
377800
377849
377886
377997
378014
378032
378046
378135
378151
378168
378348
378476
378485
378507
378526
378578
378587
378646
378720
378728
378777
378820
378896
379064
379133
379220
379238
379294
379535
379658
379666
379689
379700
379703
379755
379766
379862
379873
379919
380027
380084
380128
380135
380162
380255
380274
380332
380369
380376
380395
380404
380408
380464
380525
380530
380578
380583
380664
380784
380792
380814
380819
380844
380913
380948
380953
380976
380981
380991
380999
381045
381073
381083
381098
381170
381211
381246
381272
381297
381311
381362
381438
381470
381485
381496
381520
381584
381679
381712
381758
381765
381898
381903
381912
381974
381981
381987
381997
382062
382074
382098
382117
382176
382182
382203
382219
382295
382315
382334
382421
382451
382524
382585
382593
382633
382718
382742
382844
382868
382961
383013
383039
383071
383096
383121
383135
383293
383299
383311
383327
383435
383448
383551
383589
383681
383713
383751
383949
383994
383999
384029
384058
384076
384138
384151
384152
384156
384211
384227
384361
384367
384381
384389
384437
384471
384509
384531
384551
384574
384593
384621
384628
384649
384695
384739
384800
384863
384869
384914
384938
384982
385025
385129
385228
385264
385384
385399
385429
385458
385471
385544
385604
385648
385763
385836
385907
386070
386138
386171
386217
386250
386268
386274
386300
386397
386449
386487
386517
386635
386698
386719
386818
386843
386849
386932
386933
386961
386997
387015
387036
387048
387309
387346
387442
387456
387748
387857
387941
388031
388061
388073
388076
388087
388094
388132
388176
388180
388263
388356
388370
388388
388464
388469
388502
388545
388619
388632
388665
388671
388691
388699
388730
388749
388756
388762
388810
388813
388923
388983
389037
389044
389058
389087
389108
389111
389114
389203
389225
389260
389265
389548
389556
389611
389683
389799
389860
389921
389931
389955
390015
390034
390045
390066
390077
390084
390165
390194
390195
390273
390282
390335
390363
390430
390476
390480
390512
390520
390597
390642
390680
390750
390819
390835
390920
390929
390972
390997
391098
391228
391246
391260
391289
391302
391313
391350
391395
391401
391452
391482
391502
391553
391641
391731
391762
391770
391786
391840
391868
391946
391948
392057
392072
392109
392118
392130
392163
392254
392263
392271
392359
392362
392387
392390
392435
392456
392462
392471
392509
392550
392579
392755
392761
392859
392936
392950
392960
393105
393123
393151
393166
393236
393284
393403
393409
393417
393425
393467
393902
394011
394145
394196
394360
394396
394414
394426
394429
394474
394493
394504
394565
394595
394693
394763
394766
394877
394977
395000
395073
395112
395294
395301
395416
395426
395493
395556
395569
395574
395726
395772
395810
395822
395926
396036
396047
396063
396188
396246
396280
396311
396375
396403
396416
396426
396463
396486
396507
396511
396521
396534
396572
396602
396613
396647
396667
396731
396751
396769
396856
396872
396928
396954
397006
397030
397097
397119
397427
397479
397504
397591
397601
397621
397662
397726
397787
397797
397824
398000
398020
398125
398152
398196
398226
398239
398293
398318
398347
398374
398414
398477
398482
398493
398500
398595
398602
398702
398799
398837
398866
398869
398875
399086
399110
399120
399175
399205
399222
399275
399295
399342
399347
399354
399356
399365
399527
399584
399603
399622
399648
399669
399702
399773
399872
399920
399955
400061
400066
400087
400107
400119
400170
400184
400187
400382
400399
400461
400657
400738
400760
400825
400878
400955
401004
401030
401057
401101
401121
401125
401172
401262
401281
401388
401404
401439
401511
401547
401549
401561
401580
401584
401596
401613
401647
401703
401732
401806
401813
401819
401825
401864
401897
401968
401988
402044
402059
402068
402086
402099
402148
402176
402202
402323
402339
402383
402484
402493
402496
402562
402591
402596
402661
402680
402690
402778
402806
402989
403000
403090
403194
403212
403221
403257
403301
403307
403371
403578
403609
403645
403704
403706
403763
403952
403965
404010
404063
404109
404113
404154
404255
404275
404277
404410
404421
404429
404445
404500
404560
404562
404576
404606
404618
404734
404756
404759
404786
404794
404806
404819
404838
404887
405062
405089
405147
405152
405218
405238
405253
405377
405429
405490
405507
405514
405524
405541
405552
405615
405631
405635
405804
405884
406054
406069
406091
406238
406264
406334
406365
406372
406387
406459
406491
406513
406542
406605
406614
406646
406696
406737
406832
406931
407055
407075
407129
407154
407180
407213
407239
407255
407282
407303
407324
407347
407528
407564
407601
407667
407737
407750
407810
407828
407885
407897
407924
408004
408043
408067
408113
408200
408246
408258
408271
408282
408287
408292
408299
408320
408359
408400
408449
408487
408557
408558
408629
408650
408668
408697
408737
408749
408791
408928
408963
409012
409051
409059
409066
409097
409108
409119
409138
409185
409229
409231
409276
409301
409334
409395
409399
409431
409475
409498
409508
409514
409556
409588
409591
409643
409684
409701
409712
409732
409766
409781
409802
409865
409895
409925
409940
409966
410017
410027
410066
410078
410080
410088
410110
410112
410157
410161
410170
410270
410287
410365
410419
410428
410449
410456
410502
410517
410621
410662
410704
410714
410766
410777
410834
410845
410854
410866
411005
411020
411052
411144
411231
411257
411273
411283
411360
411469
411532
411563
411581
411584
411669
411681
411699
411755
411782
411824
411839
411854
411885
411904
411931
411985
412054
412057
412079
412198
412225
412236
412283
412299
412313
412413
412539
412575
412634
412699
412748
412781
412840
412913
412999
413012
413043
413056
413080
413085
413184
413188
413212
413224
413244
413363
413373
413459
413512
413514
413571
413618
413637
413641
413651
413769
413792
413830
413887
413955
414002
414006
414007
414030
414039
414044
414088
414130
414144
414242
414264
414297
414345
414353
414409
414510
414544
414582
414670
414784
414815
414818
414870
414895
414900
414962
415064
415080
415091
415095
415132
415265
415424
415525
415531
415551
415556
415588
415633
415696
415701
415724
415742
415762
415801
415831
415841
415865
415887
415988
416069
416114
416144
416180
416190
416234
416275
416310
416337
416505
416513
416547
416553
416560
416564
416578
416644
416680
416753
416797
416837
416876
416884
416906
416954
417033
417110
417114
417124
417183
417237
417259
417316
417371
417372
417411
417421
417566
417576
417595
417630
417631
417633
417677
417681
417703
417712
417759
417767
417791
417812
417819
417859
417883
417941
417994
418011
418025
418033
418118
418137
418147
418198
418205
418230
418294
418369
418495
418500
418523
418685
418777
418801
418861
418913
418919
418980
419017
419152
419189
419196
419273
419335
419364
419420
419432
419450
419458
419508
419572
419629
419783
419798
419878
419889
419902
419906
419926
419949
419979
420003
420079
420096
420152
420267
420364
420377
420394
420433
420480
420494
420679
420695
420743
420848
420860
420877
420890
420994
421001
421046
421114
421131
421149
421157
421186
421198
421205
421281
421284
421360
421398
421437
421463
421476
421495
421536
421537
421613
421643
421726
421765
421772
421818
421838
421846
421851
421858
421861
421890
421911
421930
421992
422019
422039
422062
422092
422106
422123
422277
422288
422292
422365
422415
422433
422437
422446
422457
422560
422593
422618
422633
422680
422768
422795
422801
422832
422882
422895
422958
422963
422995
422999
423100
423105
423248
423295
423312
423382
423475
423529
423535
423573
423575
423606
423624
423627
423647
423751
423771
423803
423874
423903
423933
423953
423963
424009
424012
424025
424065
424084
424098
424103
424123
424186
424226
424274
424277
424383
424469
424518
424549
424710
424738
424770
424830
424911
424995
425054
425079
425097
425167
425284
425322
425323
425395
425433
425464
425491
425502
425509
425533
425568
425741
425743
425787
425814
425898
425948
425963
425971
425994
426019
426022
426108
426177
426198
426202
426250
426324
426358
426372
426381
426564
426570
426574
426674
426690
426695
426718
426794
426816
426894
426928
426950
427081
427110
427131
427205
427360
427445
427484
427520
427569
427571
427588
427643
427675
427698
427746
427771
427786
427795
427888
427893
427945
427946
428131
428198
428202
428216
428286
428334
428352
428395
428518
428572
428614
428689
428803
428809
428899
428918
428939
429005
429039
429070
429127
429139
429181
429292
429322
429336
429346
429352
429402
429430
429497
429545
429604
429626
429645
429649
429738
429812
429818
429888
429891
429948
429980
429986
429990
430010
430044
430045
430060
430161
430226
430256
430298
430303
430316
430334
430383
430394
430500
430504
430569
430610
430655
430673
430697
430707
430771
430819
430829
430858
430866
430976
431019
431050
431080
431135
431168
431171
431332
431335
431359
431367
431435
431538
431557
431565
431607
431653
431698
431703
431747
431752
431896
431911
431919
431935
431955
432077
432139
432144
432168
432295
432298
432337
432340
432352
432442
432471
432569
432584
432750
432794
432829
432842
432864
432983
433071
433090
433091
433099
433110
433157
433160
433183
433286
433304
433366
433383
433406
433427
433497
433517
433547
433562
433705
433719
433724
433742
433779
433788
433924
434088
434091
434250
434264
434273
434313
434319
434339
434364
434461
434489
434498
434557
434596
434653
434657
434671
434738
434743
434781
434800
434809
434844
434880
434939
435023
435048
435058
435158
435168
435189
435216
435309
435347
435456
435507
435565
435580
435603
435612
435662
435677
435790
435821
435840
435841
435854
435861
435864
435875
435886
435892
435902
436012
436017
436055
436113
436128
436170
436201
436238
436324
436356
436400
436414
436420
436499
436538
436645
436776
436789
436819
436856
436902
436995
437293
437438
437464
437470
437518
437553
437595
437657
437719
437756
437767
437783
437789
437890
437906
437914
437951
438015
438025
438026
438081
438125
438144
438275
438364
438371
438375
438450
438461
438471
438563
438571
438611
438663
438694
438733
438805
438849
438889
438987
439005
439050
439099
439127
439136
439153
439173
439304
439318
439378
439410
439421
439479
439486
439501
439506
439578
439693
439733
439743
439789
439805
439811
439998
440016
440071
440099
440136
440144
440147
440177
440230
440306
440323
440327
440331
440382
440408
440425
440438
440461
440469
440522
440557
440571
440578
440640
440663
440759
440846
440848
440891
441002
441020
441033
441090
441121
441229
441259
441293
441456
441589
441653
441670
441758
441770
441788
441813
441839
441921
441926
441981
441993
442083
442086
442093
442108
442136
442143
442174
442198
442233
442304
442331
442369
442410
442421
442526
442533
442563
442566
442575
442608
442686
442800
442805
442868
442892
442904
442939
443009
443133
443205
443239
443287
443307
443338
443381
443414
443434
443436
443573
443606
443624
443658
443712
443743
443748
443749
443757
443982
444059
444095
444137
444144
444201
444208
444280
444303
444411
444443
444474
444533
444536
444561
444662
444680
444698
444704
444753
444779
444834
444851
444903
444934
444980
445064
445089
445196
445257
445267
445365
445438
445477
445484
445510
445546
445549
445554
445664
445691
445700
445790
445810
445823
445849
445872
445919
445952
445981
445992
445997
445999
446050
446107
446328
446345
446394
446413
446464
446532
446564
446578
446657
446695
446700
446778
446799
446824
446886
446921
446972
446978
447045
447079
447104
447140
447172
447285
447288
447316
447325
447329
447339
447346
447408
447473
447485
447538
447672
447812
447822
447831
447843
447875
447957
447986
448031
448051
448099
448108
448112
448134
448212
448244
448258
448301
448339
448362
448387
448537
448560
448566
448677
448693
448713
448756
448771
448780
448783
449006
449016
449048
449133
449156
449182
449333
449361
449386
449408
449466
449536
449591
449608
449622
449662
449688
449770
449773
449806
449811
449812
449900
449973
449982
450023
450168
450180
450204
450250
450329
450351
450451
450456
450473
450492
450684
450732
450737
450749
450762
450792
450880
450974
450984
451018
451022
451164
451202
451214
451285
451345
451378
451482
451605
451638
451644
451675
451764
451907
452049
452070
452139
452239
452399
452453
452496
452510
452601
452624
452669
452717
452722
452739
452768
452843
452900
452926
452954
452989
453005
453022
453066
453078
453084
453216
453238
453260
453277
453383
453423
453454
453485
453677
453697
453824
453899
453952
453956
454169
454185
454194
454225
454242
454339
454488
454506
454544
454588
454610
454624
454646
454656
454865
454875
455001
455066
455118
455125
455137
455182
455199
455276
455291
455308
455343
455353
455417
455430
455552
455566
455644
455665
455685
455687
455693
455780
455798
455823
455917
456009
456039
456045
456126
456163
456191
456354
456363
456404
456476
456509
456567
456612
456647
456670
456678
456704
456717
456721
456729
456795
456848
456853
456869
456893
456958
457075
457083
457279
457323
457373
457387
457412
457435
457465
457523
457617
457620
457667
457688
457715
457734
457754
457770
457790
457897
457913
457926
457952
457962
458026
458034
458045
458064
458111
458442
458526
458539
458591
458606
458674
458721
458751
458776
458779
458797
458835
458844
458928
459053
459101
459154
459160
459182
459234
459288
459346
459365
459370
459419
459550
459619
459649
459669
459709
459714
459720
459737
459778
459849
459862
459869
459981
459990
460097
460120
460161
460169
460329
460344
460382
460399
460566
460675
460765
460830
460886
460915
460924
461001
461010
461058
461129
461148
461250
461261
461273
461349
461371
461408
461461
461484
461486
461527
461535
461568
461584
461626
461649
461675
461692
461753
461781
461783
461786
461830
461849
461853
461877
461921
461972
461984
461992
462014
462022
462057
462126
462144
462163
462219
462262
462281
462315
462362
462397
462421
462425
462448
462481
462537
462562
462633
462640
462649
462662
462665
462692
462783
462848
462865
462910
462958
462994
463057
463105
463114
463174
463242
463283
463340
463344
463369
463406
463442
463466
463480
463511
463520
463622
463844
464002
464010
464036
464048
464197
464209
464331
464450
464473
464557
464566
464571
464573
464641
464680
464726
464741
464756
464764
464797
464807
464828
464849
464865
464875
464891
464954
464963
464976
465078
465129
465165
465262
465299
465415
465457
465504
465547
465573
465629
465690
465717
465772
465863
465894
465907
465913
466058
466098
466122
466162
466186
466292
466306
466493
466555
466572
466616
466677
466708
466743
466805
466816
466861
466868
466916
466919
466957
467021
467076
467123
467135
467189
467192
467221
467224
467236
467313
467332
467419
467483
467491
467540
467633
467793
467851
467899
467922
467931
467982
468032
468071
468094
468121
468128
468137
468246
468251
468326
468409
468465
468512
468521
468543
468553
468580
468620
468645
468686
468741
468770
468854
468882
468887
468896
468975
469031
469047
469121
469188
469250
469252
469281
469301
469309
469315
469362
469370
469373
469391
469462
469534
469560
469658
469783
469873
469885
469931
469959
470039
470088
470154
470304
470316
470334
470340
470407
470445
470461
470572
470590
470721
470779
470799
470828
470881
470897
470909
470915
470973
470975
471036
471062
471126
471153
471177
471255
471262
471310
471384
471420
471437
471491
471519
471537
471573
471580
471605
471643
471661
471697
471782
471903
471907
471924
471931
471936
471979
471991
472002
472097
472098
472104
472147
472158
472330
472450
472497
472544
472575
472582
472688
472691
472712
472754
472788
472794
472810
472918
472952
472966
472991
473023
473026
473047
473064
473187
473229
473339
473350
473395
473397
473412
473448
473472
473485
473503
473573
473615
473656
473672
473713
473755
473783
473786
473802
473819
473878
473908
474001
474008
474101
474152
474188
474205
474245
474331
474338
474346
474391
474406
474470
474543
474551
474644
474648
474700
474716
474718
474942
474976
474981
475069
475162
475197
475305
475321
475326
475358
475376
475394
475406
475418
475437
475458
475523
475557
475585
475598
475608
475723
475726
475767
475846
475857
475892
475903
475942
475960
475962
476148
476160
476161
476163
476185
476229
476251
476272
476318
476376
476438
476499
476509
476551
476609
476723
476749
476766
476786
476790
476856
476912
476916
477023
477124
477137
477182
477207
477308
477345
477348
477449
477553
477638
477678
477708
477732
477736
477799
477842
477845
477853
477876
477890
477910
477994
477999
478073
478085
478095
478100
478191
478193
478283
478329
478331
478374
478406
478417
478567
478587
478704
478762
478800
478874
478879
478979
479043
479053
479057
479083
479138
479155
479194
479216
479263
479276
479289
479291
479383
479395
479444
479454
479496
479537
479651
479656
479707
479717
479765
479817
479830
479848
479894
479943
479972
480021
480057
480112
480175
480191
480195
480246
480332
480358
480420
480425
480440
480505
480519
480624
480625
480695
480747
480755
480768
480809
480824
480954
480980
480990
481042
481086
481092
481143
481154
481163
481174
481179
481182
481195
481243
481257
481282
481352
481365
481383
481387
481425
481447
481499
481531
481621
481665
481732
481789
481812
481844
481850
481856
481890
481911
481943
481962
481969
482012
482023
482034
482043
482064
482231
482402
482470
482573
482581
482604
482660
482697
482711
482713
482744
482759
482778
482830
482877
482891
482920
482947
482966
482982
483005
483062
483168
483181
483292
483408
483484
483488
483507
483519
483609
483636
483656
483667
483687
483747
483766
483873
483909
483919
483921
484192
484249
484273
484283
484319
484393
484466
484512
484562
484580
484597
484760
484768
484773
484782
484789
484840
484849
484856
484888
484910
484956
484976
484985
485019
485101
485107
485118
485140
485256
485386
485466
485472
485539
485561
485590
485666
485699
485978
486173
486523
486649
486691
486705
486707
486758
486828
486865
486955
486985
487063
487084
487112
487137
487149
487164
487174
487175
487209
487251
487281
487290
487300
487309
487343
487357
487556
487693
487793
487818
487877
487906
487923
487976
487983
488001
488017
488024
488063
488081
488317
488366
488386
488400
488417
488420
488461
488463
488573
488578
488586
488680
488719
488797
488869
488913
488991
489069
489116
489203
489224
489295
489331
489386
489480
489523
489570
489575
489620
489623
489662
489705
489722
489777
489902
489921
489981
490017
490041
490045
490050
490057
490082
490133
490182
490207
490250
490288
490303
490316
490399
490417
490482
490511
490564
490640
490693
490724
490727
490733
490762
490764
490825
490864
490960
490976
490981
491040
491057
491094
491271
491368
491474
491477
491538
491574
491586
491643
491656
491714
491725
491732
491794
491879
491881
491944
491949
491963
492063
492191
492201
492210
492309
492336
492444
492485
492506
492528
492584
492613
492624
492634
492661
492664
492688
492692
492704
492718
492725
492727
492760
492770
492783
492915
492949
492971
493011
493137
493223
493286
493421
493446
493456
493467
493531
493579
493621
493627
493641
493659
493673
493705
493791
493804
493832
493869
493876
493909
493920
493968
493975
494012
494093
494144
494156
494159
494189
494223
494313
494335
494346
494413
494560
494694
494720
494726
494771
494822
494921
494955
494958
494991
495039
495046
495135
495213
495236
495257
495265
495289
495380
495394
495412
495447
495509
495518
495569
495659
495748
495769
495814
495859
495872
495945
496018
496022
496025
496203
496206
496219
496274
496304
496331
496408
496466
496471
496526
496580
496585
496670
496684
496705
496753
496777
496787
496793
496808
496910
496985
497106
497203
497247
497265
497400
497408
497411
497441
497475
497479
497488
497509
497542
497555
497724
497841
497902
498027
498082
498099
498108
498152
498157
498185
498198
498260
498281
498295
498365
498527
498577
498662
498682
498691
498727
498756
498764
498856
498892
498954
498966
498982
499028
499046
499111
499148
499161
499166
499175
499180
499309
499370
499440
499450
499543
499572
499576
499615
499616
499619
499660
499770
499798
499800
499823
499834
499876
499888
499914
499988
500053
500061
500073
500135
500142
500161
500225
500280
500300
500342
500409
500435
500440
500448
500452
500456
500485
500506
500516
500661
500747
500769
500890
501040
501050
501090
501141
501154
501177
501258
501272
501303
501331
501407
501561
501574
501622
501687
501858
501890
501920
501934
501976
501978
502024
502029
502032
502121
502157
502175
502284
502288
502346
502395
502441
502533
502583
502608
502629
502630
502692
502839
502917
502959
502983
502994
503015
503070
503116
503148
503158
503177
503253
503292
503313
503315
503335
503380
503394
503413
503430
503435
503478
503496
503504
503513
503543
503545
503606
503624
503658
503699
503722
503736
503785
503943
503960
504063
504153
504165
504348
504365
504368
504388
504408
504637
504727
504741
504792
504813
504821
504878
504885
504890
505040
505058
505144
505208
505226
505238
505333
505399
505415
505424
505442
505456
505471
505492
505503
505544
505594
505601
505612
505618
505672
505737
505784
505803
505856
505858
505863
505871
505964
506118
506123
506127
506149
506179
506193
506253
506257
506363
506373
506385
506408
506459
506479
506502
506641
506716
506881
506886
506896
506954
506993
507008
507159
507167
507193
507195
507435
507452
507460
507483
507541
507585
507610
507625
507770
507805
507862
507899
507901
507954
507987
507992
507995
508009
508166
508190
508234
508241
508290
508330
508349
508407
508491
508502
508506
508545
508578
508609
508626
508643
508803
508810
508856
508877
509078
509115
509143
509152
509166
509177
509241
509273
509336
509455
509468
509546
509562
509612
509634
509642
509667
509720
509741
509783
509812
509817
509825
509829
509919
509926
509974
509988
510019
510057
510066
510117
510133
510328
510335
510396
510430
510445
510478
510507
510520
510549
510577
510657
510674
510682
510764
510765
510768
510790
510807
510818
510837
510937
510942
511016
511069
511113
511170
511173
511273
511276
511362
511438
511464
511469
511483
511585
511592
511638
511642
511667
511768
511803
511807
511841
511855
511860
511882
511904
511927
511995
511998
512035
512053
512084
512101
512113
512344
512420
512476
512558
512588
512600
512608
512614
512624
512665
512855
512867
512916
512950
512978
513115
513125
513150
513279
513403
513408
513412
513439
513526
513574
513577
513611
513615
513627
513661
513669
513735
513793
513844
513850
513899
513928
513983
514001
514010
514029
514036
514046
514135
514166
514261
514268
514346
514366
514382
514419
514503
514563
514576
514590
514634
514670
514697
514702
514754
514759
514766
514795
514898
514904
514919
514982
514995
515017
515020
515044
515072
515076
515109
515170
515224
515296
515329
515341
515344
515353
515409
515415
515450
515506
515513
515610
515615
515654
515785
515840
515985
515988
516028
516076
516105
516135
516138
516205
516299
516315
516354
516409
516413
516480
516524
516556
516580
516605
516629
516676
516683
516733
516838
516841
516856
516895
517034
517043
517055
517070
517100
517125
517142
517179
517215
517276
517422
517531
517583
517674
517739
517767
517798
517829
517949
518006
518014
518044
518126
518158
518230
518257
518289
518352
518466
518501
518518
518540
518565
518594
518609
518623
518707
518719
518797
518852
518855
518893
519144
519203
519208
519227
519261
519340
519355
519376
519479
519623
519683
519703
519817
519943
519950
519964
519977
520035
520193
520258
520280
520289
520329
520381
520408
520435
520518
520582
520597
520605
520634
520663
520690
520715
520721
520736
520766
520853
520872
520878
520939
521008
521014
521207
521216
521301
521326
521331
521371
521388
521407
521410
521490
521509
521580
521696
521717
521767
521783
521873
521895
521995
522150
522207
522225
522227
522284
522386
522417
522445
522525
522620
522689
522718
522830
522929
522931
522941
522964
522979
522993
522997
523021
523049
523071
523084
523134
523172
523228
523253
523379
523380
523519
523587
523598
523643
523677
523693
523705
523720
523788
523795
523840
523875
523900
523976
524027
524053
524090
524174
524214
524272
524354
524361
524374
524440
524447
524492
524648
524782
524833
524914
524945
524955
524968
524983
525031
525121
525168
525174
525309
525391
525435
525453
525579
525657
525697
525711
525749
525800
525872
525889
525938
525944
525953
526067
526192
526208
526362
526367
526422
526488
526504
526516
526540
526623
526677
526694
526791
526904
526908
526914
526929
526988
527137
527172
527213
527239
527298
527351
527412
527443
527477
527519
527578
527633
527654
527780
527875
527996
528027
528041
528122
528221
528237
528244
528358
528433
528444
528515
528544
528643
528721
528753
528768
528807
528854
528861
528922
528970
529065
529208
529319
529568
529623
529652
529657
529678
529763
529772
529841
529935
529968
530050
530059
530066
530104
530157
530177
530306
530440
530464
530496
530530
530631
530644
530653
530664
530678
530686
530792
530882
530952
531013
531047
531076
531116
531130
531182
531239
531340
531426
531499
531612
531616
531682
531906
531969
532005
532078
532086
532097
532111
532153
532179
532259
532356
532365
532451
532460
532467
532505
532602
532668
532673
532738
532773
532823
532833
532870
532881
532883
532895
532931
533007
533021
533044
533057
533072
533093
533154
533237
533244
533263
533357
533369
533404
533407
533420
533437
533453
533462
533508
533511
533603
533638
533645
533667
533727
533750
533828
533910
533943
533983
533994
534009
534028
534041
534055
534112
534120
534176
534321
534360
534430
534507
534514
534541
534586
534611
534646
534694
534698
534713
534755
534768
534938
534966
534976
534997
535008
535030
535039
535046
535297
535330
535383
535416
535421
535436
535481
535497
535513
535570
535581
535669
535678
535716
535726
535765
535849
535917
535931
535992
536003
536033
536243
536265
536278
536317
536333
536507
536522
536528
536529
536535
536547
536575
536577
536597
536668
536733
536818
536848
536944
536957
536988
537048
537064
537170
537195
537254
537264
537274
537293
537309
537337
537402
537411
537476
537589
537652
537678
537704
537759
537761
537790
537795
537840
537884
537906
537921
537974
537997
538027
538032
538081
538224
538253
538316
538466
538478
538562
538607
538609
538626
538649
538656
538662
538703
538739
538747
538751
538768
538812
538827
538832
538947
539051
539071
539092
539098
539342
539348
539411
539438
539488
539554
539706
539725
539785
539813
539852
539981
540105
540124
540154
540278
540301
540355
540357
540384
540406
540477
540618
540631
540655
540693
540827
540854
540878
540921
540976
540977
540985
541045
541121
541144
541280
541294
541299
541310
541676
541687
541710
541774
541852
541869
541881
541929
541949
541965
542043
542071
542075
542080
542107
542109
542112
542120
542132
542142
542147
542195
542207
542238
542271
542298
542446
542448
542560
542645
542647
542692
542757
542788
542813
542816
542855
542901
542903
543015
543031
543033
543051
543072
543140
543179
543232
543239
543257
543345
543374
543378
543396
543416
543428
543499
543517
543535
543553
543636
543670
543673
543807
543912
543977
543991
544001
544017
544025
544100
544136
544189
544200
544250
544447
544478
544510
544570
544664
544732
544812
544820
544974
545029
545031
545051
545074
545077
545109
545118
545129
545131
545148
545163
545181
545320
545377
545388
545397
545486
545554
545651
545658
545875
545917
545926
545964
545998
546018
546080
546138
546251
546383
546562
546593
546604
546641
546649
546659
546664
546671
546725
546971
546979
547009
547010
547013
547111
547115
547177
547190
547224
547416
547426
547480
547522
547581
547743
547790
547796
547936
547951
547971
547980
548036
548269
548291
548302
548390
548411
548494
548618
548639
548642
548713
548758
548768
548809
548847
548867
548874
548937
548965
548981
549002
549018
549133
549141
549184
549250
549274
549350
549371
549374
549399
549415
549422
549472
549519
549633
549639
549682
549701
549842
549866
549934
549974
549988
550005
550023
550032
550079
550141
550166
550196
550262
550388
550428
550509
550528
550668
550669
550682
550795
550815
550963
551032
551067
551159
551214
551216
551267
551412
551451
551494
551553
551578
551606
551663
551685
551801
551897
551975
552001
552054
552097
552130
552170
552207
552259
552330
552417
552443
552444
552506
552620
552641
552752
552817
552859
552925
552947
552980
552983
553054
553280
553295
553306
553360
553393
553438
553444
553458
553473
553491
553502
553520
553561
553569
553578
553589
553604
553672
553685
553723
553734
553798
553916
553944
553996
554027
554216
554311
554456
554497
554514
554556
554582
554628
554631
554641
554696
554818
554832
554853
554882
554903
554906
554945
554957
554992
555027
555068
555127
555132
555149
555163
555194
555222
555246
555263
555285
555359
555407
555544
555601
555603
555648
555653
555769
555799
555805
555844
555916
555986
556063
556091
556175
556238
556280
556417
556466
556480
556501
556690
556700
556712
556767
556786
556860
556867
556918
556931
556936
556959
557174
557206
557292
557301
557338
557361
557417
557540
557549
557630
557641
557715
557803
557876
557879
557905
557981
558028
558176
558251
558259
558262
558275
558339
558348
558356
558359
558389
558392
558442
558498
558547
558615
558723
558792
558831
558864
558947
558983
559218
559231
559234
559271
559286
559296
559345
559390
559407
559508
559584
559597
559629
559688
559706
559709
559759
559803
559839
559876
559922
559926
559946
559970
559975
560069
560099
560114
560118
560276
560295
560377
560385
560408
560473
560540
560577
560585
560668
560695
560724
560748
560903
560911
560916
560935
560949
560962
561046
561052
561053
561056
561274
561309
561385
561423
561491
561530
561561
561590
561605
561621
561715
561742
561885
561907
561931
562062
562075
562101
562108
562184
562266
562307
562363
562376
562386
562395
562533
562578
562657
562666
562699
562740
562754
562790
562804
562826
562879
562883
562890
562910
563097
563122
563130
563132
563153
563226
563290
563363
563385
563442
563498
563594
563629
563683
563737
563834
563894
563908
563915
563935
563956
564042
564061
564077
564169
564190
564228
564276
564360
564368
564454
564579
564627
564709
564824
564937
564946
565043
565198
565222
565311
565318
565458
565461
565603
565653
565725
565731
565755
565766
565773
565828
565875
565882
565988
566011
566016
566022
566031
566088
566126
566252
566314
566332
566389
566577
566613
566631
566636
566683
566727
566808
566822
566832
566874
567044
567052
567132
567175
567196
567199
567208
567248
567335
567348
567368
567410
567471
567474
567523
567531
567567
567583
567826
567880
567924
567983
568020
568087
568122
568159
568164
568253
568279
568325
568337
568356
568397
568428
568488
568500
568517
568544
568598
568665
568687
568771
568786
568791
568803
568845
568890
568908
568917
568960
569053
569091
569109
569137
569277
569330
569351
569368
569482
569515
569518
569546
569557
569587
569595
569605
569621
569626
569654
569666
569691
569728
569813
569916
569921
569971
569981
569991
570000
570021
570024
570057
570091
570166
570190
570248
570251
570448
570507
570512
570522
570574
570657
570677
570825
570846
570910
570952
570964
571010
571015
571034
571118
571147
571425
571446
571480
571561
571576
571629
571643
571741
571760
571810
571852
572003
572011
572044
572107
572240
572264
572383
572422
572549
572604
572625
572633
572644
572674
572710
572740
572760
572831
572841
572849
572876
572913
572955
573125
573141
573319
573359
573378
573390
573556
573562
573645
573889
573899
573911
573933
573935
573941
573963
574039
574115
574124
574128
574149
574202
574313
574322
574348
574395
574415
574420
574466
574614
574631
574634
574811
574858
574863
574903
574950
574957
574978
574982
575037
575075
575136
575171
575218
575245
575298
575348
575380
575392
575397
575430
575453
575508
575587
575745
575808
575847
575917
575968
575991
576008
576011
576042
576062
576073
576096
576145
576275
576309
576401
576436
576438
576501
576533
576553
576597
576609
576612
576659
576700
576787
576910
576915
576917
576928
576943
576985
577044
577066
577076
577087
577120
577137
577291
577306
577394
577447
577509
577515
577568
577611
577647
577652
577673
577702
577717
577763
577839
577953
577998
578007
578044
578081
578089
578130
578178
578232
578247
578285
578294
578297
578392
578410
578418
578456
578461
578464
578534
578553
578683
578816
578875
578889
578903
579126
579187
579208
579233
579237
579263
579268
579301
579311
579381
579410
579471
579485
579576
579605
579707
579713
579765
579837
579841
579857
579877
579939
579957
580007
580057
580072
580080
580091
580187
580220
580272
580323
580336
580359
580444
580455
580460
580468
580504
580528
580534
580550
580641
580645
580684
580705
580779
580841
580886
580965
580983
580992
580998
580999
581016
581049
581074
581205
581263
581282
581327
581523
581585
581587
581677
581834
581849
581885
581911
581915
581937
581944
581988
582032
582035
582062
582147
582180
582214
582257
582263
582328
582345
582372
582501
582515
582539
582575
582622
582667
582683
582738
582783
582793
582803
582836
582904
582915
582956
582981
582984
583064
583213
583300
583375
583390
583493
583505
583550
583555
583564
583599
583746
583767
583808
583876
583917
583972
584068
584094
584150
584162
584217
584285
584297
584301
584362
584495
584547
584628
584636
584652
584764
584769
584786
584818
584911
584924
584945
584981
585018
585047
585069
585085
585124
585144
585207
585292
585330
585434
585485
585497
585518
585598
585679
585732
585804
585819
585847
585923
586010
586083
586104
586241
586313
586327
586345
586350
586357
586404
586442
586482
586544
586643
586726
586735
586781
586902
586946
586948
586980
586991
587052
587085
587092
587111
587134
587158
587177
587180
587253
587259
587279
587290
587313
587316
587330
587342
587369
587390
587395
587419
587442
587449
587480
587544
587549
587586
587590
587707
587717
587767
587868
587891
587971
588014
588091
588105
588135
588137
588159
588188
588345
588356
588399
588404
588479
588520
588525
588668
588686
588702
588712
588788
588793
588820
588849
588884
588890
589048
589155
589171
589231
589248
589278
589293
589318
589396
589403
589465
589521
589545
589595
589610
589710
589788
589872
589892
589923
589954
589957
589988
590057
590061
590195
590208
590215
590321
590330
590338
590353
590365
590378
590393
590394
590501
590529
590545
590567
590635
590752
590834
590895
590913
590919
590958
590961
590963
591066
591115
591194
591229
591234
591267
591315
591345
591384
591434
591444
591511
591523
591558
591565
591583
591605
591629
591658
591682
591697
591703
591727
591740
591751
591772
591778
591794
591801
591831
591885
591921
591940
591974
592057
592066
592177
592234
592252
592323
592329
592394
592400
592427
592456
592462
592540
592550
592571
592583
592601
592614
592695
592732
592754
592772
592782
592790
592808
592880
592910
592912
592927
592966
593002
593015
593119
593153
593184
593213
593220
593283
593300
593389
593400
593442
593571
593613
593659
593800
593883
594037
594061
594090
594095
594139
594161
594214
594236
594240
594278
594455
594528
594568
594614
594617
594677
594688
594746
594807
594874
594895
595010
595014
595022
595068
595070
595075
595082
595085
595108
595114
595124
595128
595136
595139
595146
595242
595263
595268
595330
595343
595380
595413
595417
595463
595509
595535
595661
595666
595674
595733
595737
595750
595801
595836
596050
596093
596100
596195
596201
596228
596249
596282
596289
596395
596442
596588
596661
596672
596743
596765
596814
596850
596873
596925
596950
596980
597035
597062
597105
597431
597505
597684
597711
597725
597736
597847
597909
598007
598036
598103
598112
598146
598179
598269
598284
598286
598317
598331
598394
598439
598461
598472
598568
598574
598579
598599
598619
598674
598701
598766
598852
598873
598889
598908
598910
599030
599142
599144
599156
599197
599201
599222
599247
599311
599327
599356
599388
599410
599440
599453
599477
599523
599551
599580
599607
599623
599629
599632
599644
599695
599699
599744
599777
599782
599811
599827
599873
599880
599893
599948
599951
599954
599981
600156
600176
600330
600365
600426
600430
600440
600468
600472
600527
600572
600596
600640
600670
600723
600849
600864
600888
600916
600984
601071
601085
601109
601190
601220
601240
601278
601284
601556
601628
601654
601667
601670
601709
601762
601778
601793
601873
601881
601941
601985
602054
602067
602082
602443
602532
602566
602676
602784
602885
602901
602949
602954
602990
603031
603050
603215
603379
603441
603520
603656
603690
603696
603722
603724
603781
603786
603848
603859
603944
604108
604237
604267
604318
604378
604401
604469
604484
604543
604548
604568
604618
604630
604684
604702
604763
604776
604780
604800
604809
604938
604959
605022
605106
605138
605161
605260
605304
605314
605336
605408
605434
605461
605548
605609
605621
605645
605658
605672
605708
605718
605742
605761
605844
605856
605868
605893
605910
606072
606077
606149
606233
606250
606258
606366
606408
606481
606495
606499
606512
606556
606564
606660
606683
606699
606769
606842
606892
606966
606985
607116
607175
607177
607248
607286
607314
607369
607451
607748
607798
607941
608165
608181
608189
608194
608206
608244
608367
608384
608461
608510
608525
608550
608647
608776
608803
608922
608926
608961
608972
609019
609045
609123
609239
609248
609293
609328
609372
609394
609415
609604
609606
609664
609684
609718
609733
609740
609797
609946
610077
610123
610266
610333
610347
610391
610433
610470
610493
610521
610545
610618
610672
610717
610752
610755
610856
610889
610893
610933
610961
611047
611082
611093
611101
611113
611128
611180
611199
611210
611212
611215
611224
611242
611263
611297
611317
611351
611394
611497
611514
611672
611766
611859
611877
611892
611941
611958
611965
611977
611986
611998
612058
612087
612175
612191
612223
612251
612267
612312
612322
612329
612370
612376
612673
612743
612779
612820
612833
612839
612850
612887
612908
612918
612960
613195
613214
613254
613358
613447
613471
613475
613489
613493
613499
613528
613543
613568
613594
613630
613635
613740
613743
613771
613855
613899
613951
613996
614020
614129
614305
614336
614350
614375
614406
614453
614554
614617
614629
614771
614821
614893
614900
614938
614950
615049
615097
615109
615235
615384
615392
615455
615542
615580
615774
615825
615829
615841
615844
615885
615901
615945
616017
616035
616044
616127
616265
616291
616294
616413
616419
616472
616500
616533
616576
616648
616707
616709
616719
616762
616783
616807
616836
616883
616911
616947
617102
617185
617189
617228
617231
617259
617316
617334
617355
617358
617401
617448
617469
617476
617497
617517
617526
617528
617547
617580
617596
617612
617614
617650
617667
617735
617984
618039
618051
618056
618061
618088
618102
618110
618130
618208
618258
618322
618349
618359
618360
618364
618401
618448
618482
618501
618521
618525
618561
618628
618708
618777
618800
618804
618831
618859
618932
618951
618970
618987
619029
619111
619164
619311
619422
619475
619602
619652
619683
619799
619888
619941
619974
619983
620074
620104
620110
620280
620336
620368
620374
620377
620410
620423
620443
620531
620570
620580
620621
620648
620672
620695
620700
620738
620742
620788
620830
620832
620933
620941
620957
620958
620960
620981
621263
621396
621418
621470
621500
621560
621585
621675
621758
621787
621812
621854
621912
621919
621974
621995
622074
622150
622170
622232
622348
622428
622530
622590
622643
622672
622798
623002
623041
623067
623122
623243
623290
623328
623347
623562
623565
623605
623641
623689
623700
623746
623918
623933
623948
623962
623963
624042
624055
624067
624100
624151
624177
624188
624197
624250
624257
624337
624367
624392
624425
624602
624617
624669
624674
624680
624878
624896
624911
624917
624934
625104
625126
625198
625271
625354
625359
625377
625381
625402
625440
625466
625529
625592
625620
625640
625663
625672
625834
625912
625980
625983
626007
626029
626261
626453
626657
626659
626684
626763
626785
626821
626885
627139
627155
627190
627208
627267
627291
627334
627370
627466
627469
627525
627551
627606
627619
627646
627708
627709
627717
627742
627783
627805
627837
627853
627972
628005
628010
628078
628112
628126
628179
628240
628385
628436
628480
628540
628555
628557
628570
628580
628659
628698
628705
628759
628792
628847
628917
628934
629003
629026
629047
629057
629087
629097
629144
629165
629220
629224
629261
629307
629364
629480
629532
629569
629591
629716
629761
629807
629885
629921
629927
629969
630004
630017
630095
630103
630136
630177
630180
630242
630269
630276
630384
630388
630497
630570
630651
630652
630724
630806
630810
630901
630915
631023
631082
631127
631138
631141
631316
631363
631375
631416
631436
631444
631553
631598
631702
631747
631750
631867
631875
631930
631940
631970
632022
632056
632077
632180
632184
632270
632286
632335
632383
632386
632412
632420
632482
632504
632522
632540
632601
632662
632665
632776
632842
632852
632860
632885
632990
633019
633053
633124
633199
633215
633280
633297
633492
633519
633568
633577
633594
633632
633690
633759
633794
633818
633886
633910
633988
634012
634030
634096
634141
634148
634175
634236
634258
634297
634304
634426
634463
634468
634530
634532
634582
634592
634824
634887
634917
634967
635044
635069
635079
635082
635094
635108
635129
635134
635159
635243
635259
635263
635357
635478
635483
635500
635504
635569
635734
635775
635803
635804
635861
635875
635883
635954
635960
636107
636124
636163
636180
636224
636242
636250
636285
636289
636374
636428
636431
636489
636531
636546
636566
636625
636654
636771
636867
636876
636906
636967
637043
637057
637140
637169
637231
637235
637277
637303
637327
637333
637366
637417
637451
637462
637561
637563
637651
637770
637791
637802
637872
637932
637970
638039
638107
638119
638228
638241
638322
638336
638470
638506
638529
638561
638565
638588
638655
638657
638666
638724
638752
638787
638799
638807
638812
638886
638976
639034
639071
639194
639245
639252
639258
639276
639307
639334
639429
639532
639549
639556
639647
639738
639748
639766
639810
639838
639863
639914
639921
639949
639967
640024
640028
640062
640080
640122
640128
640154
640181
640186
640286
640364
640405
640431
640514
640521
640692
640697
640724
640746
640886
640927
640969
641097
641186
641248
641260
641283
641352
641475
641500
641553
641594
641605
641620
641642
641652
641671
641682
641746
641765
641809
641855
641860
641894
641963
641984
642025
642112
642148
642150
642173
642184
642436
642532
642538
642577
642623
642655
642682
642720
642742
642754
642777
642849
642889
642925
642934
643008
643017
643025
643054
643119
643157
643187
643264
643295
643326
643354
643369
643404
643461
643489
643495
643520
643608
643620
643632
643935
643939
643994
644011
644043
644046
644211
644232
644319
644324
644370
644373
644383
644468
644494
644534
644561
644579
644603
644659
644684
644693
644780
644802
644846
644891
644902
644942
644947
645042
645095
645105
645189
645266
645315
645349
645375
645380
645391
645399
645506
645510
645578
645668
645702
645750
645768
645796
645807
645812
645867
645875
645943
645962
645969
645974
645991
646005
646029
646031
646169
646308
646466
646486
646531
646552
646603
646691
646696
646740
646768
646853
646888
647062
647065
647071
647150
647186
647223
647299
647309
647319
647342
647480
647591
647615
647630
647632
647639
647646
647773
647779
647819
648000
648005
648007
648093
648332
648336
648367
648408
648450
648500
648522
648583
648595
648600
648619
648699
648765
648810
648957
649014
649117
649218
649231
649305
649341
649354
649383
649419
649460
649466
649478
649593
649629
649677
649692
649738
649744
649748
649831
649854
649877
649931
650017
650172
650273
650292
650451
650487
650504
650557
650585
650622
650708
650789
650828
650860
650906
650950
651005
651112
651123
651224
651280
651318
651343
651376
651459
651474
651491
651495
651524
651530
651648
651668
651706
651744
651751
651798
651800
651805
651815
651818
651837
651899
651952
651974
651984
652036
652111
652132
652158
652194
652198
652285
652291
652312
652333
652372
652480
652489
652512
652533
652594
652645
652703
652717
652814
652821
652842
652847
652863
652867
652951
653110
653140
653158
653210
653367
653370
653375
653379
653395
653509
653550
653648
653676
653688
653741
653831
653879
653917
654068
654072
654094
654184
654216
654240
654280
654309
654354
654417
654435
654476
654477
654601
654648
654697
654744
654751
655001
655004
655011
655048
655077
655115
655222
655327
655376
655410
655453
655462
655494
655538
655630
655693
655696
655778
655841
655858
655897
655951
655956
655962
655975
655990
655997
656071
656155
656162
656299
656360
656365
656393
656471
656492
656521
656591
656620
656692
656707
656838
656856
657000
657171
657265
657301
657328
657333
657366
657380
657388
657398
657407
657419
657430
657472
657521
657568
657590
657680
657756
657775
657824
657912
657964
657978
657984
658009
658042
658056
658130
658214
658244
658330
658340
658356
658376
658396
658454
658500
658645
658729
658778
658798
658825
658828
658861
658886
658907
658979
659125
659144
659153
659239
659242
659272
659276
659311
659374
659396
659409
659459
659629
659645
659663
659681
659708
659713
659793
659865
659876
659886
659904
659981
660028
660033
660074
660135
660155
660213
660256
660272
660539
660546
660633
660640
660748
660781
660833
660947
661056
661117
661125
661166
661229
661248
661360
661384
661443
661573
661607
661637
661641
661653
661688
661721
661728
661729
661764
661777
661868
661881
661905
661977
661994
662037
662073
662352
662354
662399
662419
662423
662447
662455
662537
662550
662556
662599
662690
662692
662795
662798
662802
662916
662937
662952
663098
663193
663255
663277
663341
663364
663371
663454
663531
663580
663625
663642
663670
663709
663717
663730
663748
663859
663875
663880
663889
663910
663925
663948
663967
664000
664026
664089
664200
664212
664222
664234
664254
664319
664391
664418
664477
664517
664549
664557
664675
664718
664766
664782
664786
664793
664880
664928
664933
664943
665029
665037
665042
665044
665108
665112
665161
665188
665205
665227
665229
665237
665582
665591
665680
665758
665851
665898
665899
665906
665919
665925
665947
665950
665965
665967
665983
666204
666276
666279
666298
666330
666370
666435
666508
666541
666562
666580
666608
666613
666665
666669
666745
666916
667058
667130
667266
667273
667367
667425
667440
667448
667485
667501
667550
667562
667573
667611
667636
667688
667703
667754
667757
667857
667933
667977
667994
668008
668074
668127
668158
668205
668228
668318
668333
668349
668382
668454
668512
668559
668594
668741
668784
668795
668830
668898
669119
669172
669199
669251
669273
669280
669336
669359
669441
669448
669454
669469
669473
669508
669518
669637
669710
669716
669722
669777
669784
669788
669849
669907
669936
669962
670069
670111
670118
670198
670220
670305
670341
670404
670430
670433
670524
670538
670574
670579
670663
670667
670692
670749
670764
670795
670800
670852
670860
670871
670887
670893
670915
670932
670954
670958
671010
671060
671119
671136
671216
671329
671455
671483
671488
671510
671550
671614
671633
671636
671644
671721
671743
671800
671852
671854
671864
671936
671947
671961
672005
672022
672261
672402
672413
672447
672482
672649
672661
672723
672731
672753
672792
672894
672956
672980
673001
673020
673053
673065
673069
673153
673201
673204
673219
673233
673237
673255
673308
673394
673443
673469
673474
673558
673630
673668
673694
673746
673778
673799
673843
673951
673996
674018
674029
674070
674091
674275
674299
674388
674395
674437
674541
674620
674647
674662
674673
674688
674707
674755
674801
674841
674859
674876
674939
674996
675007
675127
675137
675154
675272
675301
675307
675346
675349
675466
675614
675654
675669
675719
675754
675755
675774
675787
675851
675868
676093
676104
676169
676192
676195
676202
676230
676234
676257
676262
676270
676296
676337
676358
676491
676512
676543
676681
676711
676739
676760
676774
676815
676885
676917
676937
676996
677066
677075
677127
677194
677216
677273
677303
677315
677484
677546
677642
677681
677683
677716
677760
677776
677810
677824
678113
678165
678182
678270
678298
678395
678445
678467
678528
678564
678609
678632
678681
678695
678824
678825
678835
678838
678859
678915
679073
679111
679160
679181
679240
679243
679282
679320
679397
679576
679595
679608
679661
679697
679747
679764
679767
679897
679925
679942
679952
679971
679977
679994
680045
680051
680054
680084
680089
680114
680121
680136
680162
680204
680210
680232
680299
680361
680379
680437
680446
680539
680584
680637
680681
680714
680720
680723
680755
680759
680787
680819
680873
680881
680953
680969
680991
681020
681025
681043
681095
681130
681138
681252
681278
681307
681329
681349
681360
681368
681468
681496
681517
681529
681542
681547
681572
681584
681598
681600
681629
681636
681658
681689
681800
681834
681858
681867
681895
681950
681984
681993
682053
682059
682123
682241
682248
682251
682278
682289
682330
682333
682359
682386
682469
682685
682767
682773
682810
682868
682885
682888
682963
683168
683173
683178
683195
683202
683227
683231
683326
683355
683403
683498
683532
683535
683540
683615
683657
683682
683725
683734
683738
683766
683774
683787
683857
683880
683900
684076
684082
684095
684170
684201
684214
684248
684253
684284
684309
684322
684324
684355
684391
684466
684486
684515
684533
684636
684662
684796
684828
684897
684899
685047
685075
685098
685142
685376
685390
685406
685455
685508
685509
685554
685566
685591
685604
685622
685672
685692
685754
685804
685824
685931
685935
685977
686023
686155
686157
686182
686226
686385
686475
686493
686502
686520
686521
686668
686926
686937
687000
687008
687051
687066
687079
687085
687139
687215
687228
687262
687373
687395
687431
687476
687508
687527
687614
687625
687661
687751
687755
687763
687785
687798
687945
687952
687975
688077
688118
688138
688163
688268
688295
688347
688348
688377
688414
688432
688457
688469
688490
688517
688548
688560
688570
688580
688613
688649
688687
688702
688709
688712
688719
688722
688790
688823
688830
688880
688887
688932
688940
689078
689118
689151
689173
689198
689213
689256
689278
689298
689324
689456
689469
689642
689664
689685
689692
689776
689791
689810
689820
689866
689874
689920
689945
689976
690066
690117
690121
690153
690242
690251
690265
690286
690320
690354
690356
690389
690441
690470
690472
690476
690483
690518
690523
690530
690567
690590
690595
690672
690729
690757
690808
690883
690904
690929
690943
690957
690974
691056
691081
691137
691204
691235
691298
691304
691323
691374
691375
691454
691470
691509
691540
691546
691551
691579
691610
691622
691658
691690
691707
691739
691816
691835
691863
691883
691913
691939
691967
691972
692024
692092
692098
692119
692180
692193
692266
692400
692404
692442
692518
692587
692597
692709
692780
692822
692828
692849
692901
692920
692945
692987
693030
693072
693092
693100
693171
693178
693203
693214
693276
693430
693487
693506
693587
693598
693617
693623
693643
693724
693769
693774
693779
693795
693919
693971
694004
694160
694177
694201
694247
694253
694294
694350
694377
694506
694510
694526
694528
694534
694562
694631
694635
694699
694741
694776
694793
695074
695208
695293
695312
695420
695471
695647
695648
695700
695728
695734
695738
695849
695853
696018
696117
696156
696169
696189
696202
696206
696328
696356
696379
696423
696557
696577
696606
696624
696646
696678
696694
696702
696741
696754
696794
696841
696860
696963
697002
697067
697077
697083
697092
697100
697148
697218
697252
697323
697335
697355
697357
697386
697415
697454
697604
697649
697713
697719
697745
697899
697921
697970
698007
698039
698045
698050
698087
698108
698165
698254
698305
698325
698402
698477
698495
698499
698579
698617
698708
698765
698774
698823
698870
698921
698963
699092
699114
699185
699369
699402
699441
699485
699512
699753
699865
699901
700031
700096
700153
700218
700239
700261
700281
700295
700306
700309
700324
700368
700473
700530
700551
700697
700716
700779
700834
700889
701013
701074
701112
701121
701139
701171
701193
701229
701232
701235
701243
701252
701275
701295
701353
701360
701405
701439
701485
701499
701530
701617
701629
701645
701666
701691
701810
701907
701915
701962
701964
701972
702000
702009
702033
702069
702090
702102
702125
702411
702418
702515
702519
702552
702702
702734
702802
702855
702875
702921
702945
702986
703025
703035
703074
703092
703130
703190
703347
703353
703445
703449
703491
703533
703583
703607
703618
703678
703686
703735
703807
703883
703894
703901
703932
703998
704053
704094
704133
704211
704386
704438
704498
704525
704577
704853
704897
704902
704949
705003
705015
705022
705025
705049
705063
705166
705278
705320
705338
705424
705464
705500
705545
705573
705577
705632
705645
705677
705686
705721
705794
705902
705929
705988
706122
706146
706153
706323
706349
706356
706362
706466
706503
706511
706568
706606
706612
706633
706669
706813
706825
706840
706906
706919
707007
707035
707156
707177
707201
707284
707291
707331
707347
707370
707482
707533
707537
707548
707561
707580
707623
707704
707722
707766
707774
707802
707845
707849
707859
707958
708045
708057
708100
708165
708190
708212
708219
708259
708333
708386
708459
708491
708537
708618
708637
708788
708825
708838
708867
708937
708967
708970
709008
709057
709071
709089
709103
709109
709141
709193
709198
709221
709258
709314
709335
709436
709496
709550
709588
709912
710001
710034
710180
710233
710290
710299
710301
710313
710316
710331
710349
710361
710371
710411
710568
710640
710658
710713
710722
710743
710759
710813
710842
710894
710905
710971
710999
711048
711096
711113
711205
711236
711288
711297
711386
711391
711405
711497
711561
711677
711682
711938
711995
712009
712038
712070
712086
712096
712142
712183
712222
712247
712366
712371
712402
712425
712637
712740
712744
712775
712798
712818
712843
712917
712997
713067
713069
713071
713142
713297
713301
713326
713335
713350
713359
713363
713375
713384
713399
713423
713447
713568
713594
713625
713643
713716
713728
713746
713774
713845
713889
713977
713999
714015
714060
714079
714097
714133
714217
714227
714446
714468
714518
714643
714701
714719
714722
714730
714745
714844
714941
715034
715084
715091
715131
715152
715162
715251
715309
715331
715375
715401
715413
715418
715465
715571
715651
715658
715715
715735
715831
715858
716007
716096
716127
716254
716443
716476
716501
716507
716555
716574
716620
716651
716659
716707
716758
716852
716874
716894
716933
716973
716997
717003
717014
717019
717036
717043
717088
717107
717199
717217
717262
717285
717299
717350
717416
717440
717458
717495
717592
717619
717686
717712
717729
717755
717780
717794
717834
717843
717920
717967
718021
718065
718071
718098
718120
718142
718160
718410
718423
718446
718453
718472
718500
718636
718662
718678
718745
718781
718797
718901
718945
718970
718997
719008
719094
719133
719148
719226
719374
719424
719449
719536
719543
719554
719556
719582
719641
719682
719746
719799
719894
719956
719979
720013
720031
720288
720350
720378
720417
720458
720508
720525
720597
720607
720620
720635
720656
720662
720725
720743
720759
720804
720827
720871
720873
720893
720899
720924
721004
721057
721108
721188
721219
721250
721267
721307
721345
721491
721550
721558
721566
721595
721745
721820
721888
721971
722001
722009
722030
722095
722154
722158
722179
722342
722357
722419
722541
722568
722570
722574
722581
722665
722677
722719
722782
722787
722927
722938
723012
723013
723019
723062
723075
723145
723242
723276
723286
723298
723334
723346
723465
723475
723476
723479
723546
723560
723624
723720
723757
723861
723885
723902
723912
723925
723982
723996
724021
724133
724189
724285
724288
724296
724326
724498
724579
724641
724775
724801
724944
724981
725069
725118
725138
725180
725190
725202
725261
725268
725276
725330
725335
725416
725446
725477
725481
725591
725669
725757
725765
725775
725797
725860
725879
725882
725913
725954
726113
726117
726131
726417
726430
726448
726478
726488
726540
726551
726596
726683
726692
726718
726783
726822
726842
726854
726878
726915
726999
727007
727065
727110
727151
727162
727185
727234
727245
727253
727332
727367
727411
727419
727449
727486
727572
727687
727719
727754
727763
727777
727782
727788
727953
727963
727983
728018
728195
728204
728210
728227
728241
728272
728330
728352
728363
728373
728397
728462
728492
728498
728509
728571
728605
728651
728653
728685
728742
728749
728753
728769
728813
728816
728885
728898
728941
728974
728979
729071
729127
729160
729227
729255
729386
729466
729610
729850
729869
729892
729916
729932
729952
729983
729989
729994
730039
730085
730099
730198
730250
730262
730393
730405
730498
730694
730697
730792
730796
730834
730840
730918
730989
731043
731054
731210
731240
731272
731279
731422
731473
731685
731721
731812
731907
731952
731970
732088
732096
732139
732183
732203
732236
732311
732321
732377
732421
732448
732453
732517
732523
732546
732550
732578
732599
732656
732666
732681
732708
732785
732815
732841
732922
732991
733047
733131
733193
733203
733263
733278
733283
733294
733332
733358
733373
733464
733496
733503
733570
733584
733591
733594
733649
733653
733737
733818
733940
733959
734029
734055
734101
734140
734215
734292
734307
734316
734320
734374
734378
734418
734495
734511
734550
734554
734569
734623
734642
734661
734662
734669
734719
734723
734760
734770
734842
735024
735078
735112
735154
735187
735231
735247
735438
735456
735513
735521
735528
735534
735542
735711
735725
735754
735761
735786
735820
735864
735874
735887
735906
735955
736078
736171
736214
736237
736305
736326
736333
736398
736400
736426
736460
736472
736512
736550
736573
736600
736611
736705
736722
736725
736746
736878
736909
736929
736959
736994
737129
737142
737162
737172
737311
737339
737379
737438
737570
737576
737584
737591
737667
737706
737714
737734
737756
737787
737803
737815
737930
737953
738078
738090
738143
738174
738221
738268
738276
738292
738333
738390
738399
738401
738598
738632
738654
738664
738699
738708
738741
738772
738832
738954
739033
739113
739154
739189
739245
739296
739300
739344
739415
739426
739475
739508
739543
739577
739613
739657
739671
739718
739752
739885
739921
739929
739981
740032
740042
740102
740151
740157
740171
740195
740200
740269
740307
740332
740492
740542
740572
740577
740623
740657
740688
740770
740810
740823
740885
740979
741004
741061
741099
741117
741132
741145
741274
741445
741505
741508
741625
741632
741646
741686
741692
741724
741788
741823
741833
741893
741919
741950
741978
742050
742080
742085
742188
742232
742480
742622
742659
742683
742692
742702
742706
742760
742822
742868
742877
742892
742988
743011
743081
743115
743124
743133
743344
743362
743438
743504
743580
743590
743595
743603
743619
743628
743699
743730
743740
743779
743797
743849
743950
743974
744020
744095
744153
744161
744170
744180
744209
744214
744230
744274
744360
744388
744391
744424
744476
744495
744510
744532
744563
744612
744639
744641
744761
744807
744835
744971
745107
745143
745162
745176
745182
745185
745195
745209
745223
745331
745337
745359
745395
745432
745449
745486
745523
745567
745710
745753
745831
745907
745940
745949
745977
746059
746111
746117
746145
746158
746191
746201
746213
746281
746290
746410
746431
746449
746454
746487
746540
746548
746583
746603
746679
746718
746737
746822
746850
746857
746875
746904
747085
747104
747154
747160
747168
747176
747210
747239
747259
747302
747355
747474
747542
747645
747651
747675
747694
747706
747712
747735
747842
747951
748040
748053
748059
748082
748158
748178
748196
748230
748237
748239
748280
748310
748320
748339
748355
748375
748396
748438
748446
748467
748539
748567
748595
748686
748767
748806
748886
748947
748969
749005
749007
749090
749178
749207
749264
749273
749307
749326
749378
749391
749400
749427
749430
749483
749570
749608
749648
749664
749729
749750
749771
749778
749797
749825
749856
749874
749897
750039
750050
750070
750080
750091
750170
750176
750232
750237
750301
750308
750320
750356
750375
750415
750442
750464
750482
750507
750524
750536
750563
750652
750698
750728
750758
750772
750780
750794
750797
750810
750914
750928
751008
751085
751093
751107
751225
751382
751397
751439
751472
751485
751514
751533
751575
751662
751774
751812
751919
751941
751966
751972
752126
752129
752266
752288
752303
752309
752399
752472
752519
752530
752606
752711
752721
752949
752964
752983
752988
753068
753074
753102
753145
753182
753191
753239
753251
753263
753272
753281
753467
753470
753477
753541
753557
753627
753682
753716
753731
753738
753745
753844
753855
753908
753934
753941
753964
754003
754043
754064
754096
754155
754188
754234
754239
754297
754307
754358
754376
754390
754402
754411
754427
754443
754504
754548
754589
754613
754629
754691
754701
754762
754774
754834
754884
754897
754905
754906
754924
754944
755175
755183
755198
755203
755207
755213
755226
755330
755383
755452
755518
755537
755581
755602
755643
755654
755680
755790
755847
755883
755901
755963
755994
756019
756030
756116
756162
756169
756184
756208
756243
756278
756303
756316
756386
756428
756463
756487
756529
756554
756558
756562
756648
756676
756780
756790
756863
756890
756892
756900
756909
756923
757012
757017
757053
757083
757111
757141
757264
757291
757316
757325
757455
757465
757569
757581
757598
757636
757707
757714
757716
757719
757900
757912
757935
758015
758025
758030
758046
758073
758090
758157
758202
758258
758279
758306
758333
758454
758456
758495
758557
758590
758608
758740
758746
758749
758758
758767
758805
758824
758853
758982
759000
759008
759035
759047
759060
759095
759126
759187
759219
759226
759345
759445
759522
759526
759602
759630
759788
759842
759849
759857
759990
760057
760083
760211
760270
760349
760366
760387
760534
760599
760600
760630
760641
760725
760769
760863
760885
760941
761015
761032
761165
761185
761230
761236
761326
761350
761428
761433
761446
761449
761461
761552
761556
761594
761598
761609
761622
761677
761740
761889
762024
762054
762079
762086
762113
762118
762136
762190
762261
762293
762302
762325
762381
762409
762484
762491
762500
762528
762530
762561
762595
762742
762795
762814
762832
762858
762921
762939
762949
762968
762987
762999
763004
763007
763026
763207
763219
763235
763316
763445
763525
763531
763564
763703
763767
763809
763835
763836
763842
763856
763862
763889
763917
763952
763966
763972
763999
764007
764012
764047
764054
764070
764103
764109
764113
764123
764323
764486
764607
764630
764645
764675
764680
764707
764734
764846
764860
764944
764954
764982
765015
765117
765135
765182
765234
765265
765294
765325
765419
765469
765513
765568
765657
765754
765767
765788
765858
766093
766109
766116
766194
766276
766453
766475
766497
766535
766542
766559
766587
766632
766677
766731
766735
766766
766821
766827
766847
766881
766933
766937
767004
767008
767030
767052
767088
767098
767115
767117
767138
767309
767323
767357
767378
767458
767489
767511
767519
767524
767562
767650
767672
767676
767699
767712
767732
767738
767791
767916
767924
767936
767966
767982
768043
768052
768083
768161
768183
768197
768213
768222
768232
768264
768360
768420
768467
768571
768576
768601
768618
768656
768658
768674
768700
768739
768766
768796
768819
768892
768909
768927
768988
769017
769038
769127
769171
769193
769195
769330
769357
769419
769424
769567
769606
769718
769731
769782
769921
769951
769957
770002
770044
770125
770158
770171
770205
770292
770324
770357
770425
770435
770470
770490
770625
770636
770669
770738
770848
770904
770911
770971
771012
771141
771180
771183
771186
771220
771373
771378
771383
771405
771455
771542
771543
771572
771712
771754
771791
771853
771919
771952
772116
772174
772180
772199
772226
772253
772316
772334
772350
772383
772384
772439
772459
772462
772489
772543
772550
772557
772590
772629
772684
772786
772893
772902
772975
772978
772985
773086
773095
773117
773228
773237
773259
773283
773314
773366
773443
773473
773479
773538
773625
773701
773740
773780
773827
773829
773873
773883
773908
773922
773945
773962
773976
774010
774036
774057
774069
774075
774081
774116
774145
774151
774250
774326
774339
774353
774365
774444
774568
774613
774647
774735
774737
774756
774772
774774
774776
774834
774947
774985
775052
775085
775120
775157
775165
775228
775310
775351
775419
775458
775472
775474
775527
775556
775582
775705
775720
775822
775824
775857
775910
775917
775972
776027
776056
776077
776173
776176
776210
776265
776311
776336
776350
776438
776477
776538
776606
776613
776648
776651
776659
776689
776804
776809
776837
776872
776941
776958
777026
777048
777161
777225
777289
777438
777470
777481
777488
777571
777684
777699
777746
777761
777802
777874
777914
778059
778070
778083
778089
778104
778338
778344
778494
778498
778502
778545
778604
778663
778678
778685
778712
778713
778780
778794
778912
778923
778961
778989
779079
779157
779220
779319
779378
779436
779468
779478
779486
779566
779694
779772
779791
779867
780061
780068
780077
780104
780180
780184
780218
780236
780253
780263
780308
780422
780451
780465
780495
780652
780672
780742
780855
780879
781029
781069
781115
781141
781149
781285
781341
781350
781357
781384
781397
781410
781463
781494
781518
781550
781561
781660
781685
781698
781731
781755
781768
781788
781796
782064
782144
782213
782313
782467
782493
782689
782777
782835
782891
782909
782923
782933
782947
782953
783065
783066
783106
783146
783302
783370
783512
783575
783612
783635
783640
783644
783716
783730
783831
783835
783855
783896
784009
784040
784043
784062
784148
784298
784317
784438
784594
784609
784690
784725
784733
784776
784796
784813
784834
784916
784943
784961
784982
784991
785001
785054
785065
785129
785152
785222
785256
785291
785301
785433
785440
785502
785517
785562
785574
785645
785664
785744
785843
785847
785872
785905
785910
785957
786024
786033
786054
786187
786243
786322
786380
786410
786478
786516
786533
786543
786562
786639
786650
786668
786671
786727
786747
786751
786773
786785
786888
786929
786952
786968
787035
787075
787132
787148
787164
787167
787247
787267
787272
787290
787343
787348
787355
787385
787607
787621
787674
787696
787722
787756
787872
788048
788174
788303
788318
788355
788365
788405
788472
788536
788557
788636
788651
788872
788897
789045
789062
789071
789084
789091
789142
789144
789183
789198
789229
789243
789287
789340
789344
789405
789473
789595
789630
789657
789680
789699
789705
789716
789722
789726
789785
789805
789810
789832
789836
789972
789974
790014
790073
790138
790217
790282
790335
790560
790683
790758
790763
790775
790790
790798
790821
790826
790829
790850
790894
790944
790962
790964
790970
790984
790989
791052
791062
791114
791142
791179
791183
791206
791251
791312
791465
791485
791518
791526
791588
791622
791634
791654
791663
791670
791729
791753
791756
791761
791773
791800
791864
791920
791925
791957
791978
791987
792008
792151
792220
792250
792299
792305
792355
792387
792432
792443
792466
792511
792572
792613
792621
792686
792792
792830
792889
792966
792983
792987
793014
793035
793142
793220
793259
793288
793302
793314
793329
793402
793403
793429
793489
793511
793552
793604
793627
793643
793681
793731
793741
793873
793880
793888
793902
793909
794055
794125
794162
794232
794288
794308
794377
794395
794423
794431
794495
794539
794563
794581
794602
794618
794642
794673
794765
794818
794830
794837
794852
794864
794879
794898
794926
795119
795131
795176
795237
795292
795470
795544
795559
795564
795653
795670
795778
795827
795830
795859
796031
796073
796092
796104
796124
796187
796233
796244
796256
796302
796314
796319
796321
796383
796437
796492
796503
796530
796573
796594
796649
796678
796696
796724
796741
796768
796840
796870
796875
796915
796930
796944
796977
796994
796996
797127
797137
797184
797191
797230
797245
797316
797402
797497
797697
797702
797746
797864
797896
797941
797945
797956
798058
798115
798175
798204
798227
798274
798301
798304
798391
798457
798474
798529
798533
798547
798623
798635
798688
798789
798814
798838
799015
799047
799049
799079
799082
799132
799144
799154
799209
799224
799234
799238
799242
799277
799284
799296
799530
799538
799562
799580
799585
799600
799756
799874
800058
800067
800117
800178
800292
800333
800343
800347
800380
800391
800461
800479
800532
800595
800597
800604
800635
800651
800679
800688
800690
800811
800861
800976
801005
801023
801178
801249
801299
801312
801378
801526
801671
801742
801747
801758
801762
801802
801824
801830
801841
801890
801908
801937
802071
802077
802131
802146
802172
802226
802343
802394
802408
802417
802465
802471
802591
802603
802610
802636
802644
802717
802768
802806
802810
802854
802912
802976
803062
803210
803320
803369
803400
803453
803460
803474
803526
803533
803567
803651
803699
803822
803831
803851
804016
804031
804088
804118
804140
804159
804207
804385
804602
804626
804674
804680
804689
804703
804854
804935
804937
804976
805004
805006
805101
805168
805187
805226
805277
805281
805291
805365
805369
805378
805460
805633
805761
805766
805782
805837
805936
805954
805975
806042
806082
806086
806125
806151
806199
806203
806210
806213
806259
806293
806349
806402
806495
806560
806569
806582
806613
807023
807037
807045
807055
807208
807341
807350
807392
807399
807403
807415
807421
807516
807522
807544
807575
807587
807626
807643
807676
807725
807765
807812
807832
807863
807885
807954
808020
808090
808329
808360
808431
808447
808459
808513
808520
808593
808610
808694
808747
808878
808893
808899
808912
808939
808951
809137
809184
809192
809241
809278
809297
809355
809378
809600
809612
809617
809670
809822
809851
809867
809896
809927
809939
810013
810056
810141
810314
810330
810453
810471
810499
810633
810750
810856
810907
810939
810967
810976
811055
811118
811137
811179
811245
811303
811336
811352
811378
811428
811474
811500
811519
811549
811647
811673
811831
811877
812248
812296
812435
812454
812496
812515
812561
812606
812630
812655
812679
812775
812857
812874
812926
812942
812958
813007
813020
813132
813161
813220
813370
813389
813477
813554
813599
813650
813692
813709
813759
813848
813921
814024
814056
814137
814149
814183
814224
814328
814395
814431
814435
814476
814492
814498
814527
814528
814601
814695
814703
814736
814764
814855
815055
815067
815076
815081
815089
815141
815218
815328
815335
815372
815399
815424
815438
815442
815477
815523
815533
815738
815764
815796
815848
815974
815979
815989
816039
816132
816174
816224
816328
816336
816370
816408
816468
816500
816536
816587
816611
816869
816891
816897
816978
816984
817036
817109
817116
817122
817130
817270
817335
817410
817459
817532
817537
817677
817740
817810
817848
817884
817886
817934
817937
817941
817978
817986
818055
818063
818077
818108
818135
818162
818206
818329
818343
818382
818422
818532
818553
818586
818614
818653
818742
818766
818819
818834
818893
818957
818965
819000
819122
819129
819143
819173
819240
819269
819288
819312
819338
819388
819397
819415
819435
819605
819648
819657
819674
819686
819691
819729
819776
819784
819843
820059
820223
820312
820444
820447
820466
820556
820673
820693
820800
820815
820884
820893
820952
821012
821091
821183
821255
821268
821334
821487
821512
821542
821563
821640
821649
821663
821697
821725
821748
821875
821877
821910
821981
821991
822027
822041
822084
822100
822124
822151
822197
822309
822336
822433
822445
822538
822612
822651
822689
822769
822774
822930
822945
823037
823097
823099
823173
823190
823205
823249
823420
823600
823606
823697
823701
823708
823758
823804
823831
823858
823920
824023
824055
824066
824070
824081
824088
824111
824158
824160
824242
824394
824409
824516
824586
824760
824783
824795
824873
824893
824968
824973
825109
825124
825127
825145
825181
825220
825279
825292
825376
825391
825430
825477
825481
825560
825589
825613
825635
825644
825712
825736
825746
825816
825900
825938
826163
826203
826275
826304
826336
826384
826406
826484
826560
826588
826734
826752
826799
826899
826913
826915
827054
827156
827209
827308
827324
827334
827335
827367
827377
827401
827470
827504
827552
827611
827633
827654
827788
827795
827816
827821
827842
827909
827947
827992
828057
828076
828119
828130
828174
828210
828213
828228
828239
828289
828309
828420
828470
828590
828640
828669
828671
828673
828716
828744
828928
828934
828963
828974
829007
829028
829045
829060
829074
829102
829134
829178
829233
829332
829341
829349
829351
829405
829482
829502
829506
829535
829558
829622
829655
829694
829751
829782
829823
829862
829868
829950
829956
830023
830027
830029
830116
830146
830165
830231
830245
830296
830432
830437
830454
830521
830525
830530
830565
830589
830593
830595
830663
830672
830685
830720
830731
830740
830768
830821
830837
830857
830863
830899
830908
830913
830925
830931
830954
830958
831011
831031
831055
831065
831090
831109
831112
831121
831147
831149
831242
831309
831500
831531
831561
831621
831634
831670
831682
831761
831879
831923
831964
831992
832015
832184
832216
832318
832349
832356
832409
832478
832516
832524
832526
832548
832611
832639
832649
832674
832741
832745
832749
832816
832910
832966
832996
833008
833123
833139
833152
833173
833201
833253
833320
833441
833495
833509
833514
833556
833607
833729
833934
833964
833966
833980
833998
834072
834084
834093
834138
834163
834175
834251
834285
834291
834296
834415
834425
834474
834486
834565
834579
834585
834600
834624
834726
834767
834950
834990
835032
835064
835095
835122
835134
835219
835231
835236
835312
835420
835449
835519
835522
835591
835745
835772
835858
835860
835896
835938
835948
835965
836102
836108
836135
836206
836317
836364
836394
836406
836416
836546
836598
836667
836702
836707
836747
836753
836759
836769
836785
836804
836814
836820
837024
837037
837073
837138
837182
837186
837234
837292
837322
837342
837347
837352
837507
837553
837589
837627
837643
837652
837704
837714
837720
837801
837816
837827
837831
837850
837885
837903
837946
838000
838050
838064
838206
838219
838242
838465
838470
838506
838542
838616
838693
838709
838799
838810
838818
838834
838904
838915
839087
839144
839162
839173
839179
839297
839345
839388
839473
839500
839564
839574
839609
839647
839666
839697
839714
839805
839865
839891
840005
840027
840043
840059
840184
840230
840266
840308
840460
840496
840499
840571
840602
840636
840657
840668
840682
840695
840712
840755
840859
841069
841080
841103
841165
841174
841191
841317
841330
841500
841613
841628
841639
841706
841722
841761
841783
841829
841859
841891
841911
841941
841969
842031
842089
842102
842222
842225
842315
842514
842526
842534
842565
842583
842595
842598
842723
842818
842854
842869
842914
842931
842982
843047
843089
843093
843129
843146
843151
843166
843178
843181
843252
843289
843299
843307
843356
843394
843465
843569
843581
843722
843728
843738
843829
843995
844070
844196
844207
844224
844282
844288
844318
844354
844372
844422
844423
844473
844540
844561
844671
844728
844762
844788
844794
844821
844906
844944
844981
845007
845020
845090
845091
845111
845119
845127
845135
845247
845327
845331
845334
845396
845424
845516
845590
845625
845651
845684
845739
845799
845893
845922
845989
846003
846045
846068
846096
846145
846212
846340
846353
846377
846507
846535
846613
846643
846688
846747
846917
846924
846956
846969
847043
847054
847198
847221
847236
847277
847350
847352
847474
847579
847658
847694
847714
847734
847783
847929
847955
848031
848036
848050
848123
848181
848216
848347
848351
848408
848461
848468
848475
848480
848533
848634
848670
848695
848719
848755
848761
848763
848823
848826
848833
848998
849044
849062
849119
849199
849206
849264
849369
849384
849392
849457
849470
849484
849678
849735
849797
849859
849873
849934
849958
850008
850063
850081
850090
850099
850137
850141
850152
850312
850319
850603
850609
850644
850650
850679
850685
850787
850790
850855
850894
850925
850995
851041
851108
851146
851172
851184
851196
851245
851320
851327
851345
851350
851364
851377
851418
851467
851483
851524
851555
851561
851647
851656
851666
851842
851851
851879
851908
851953
852035
852054
852120
852169
852242
852272
852334
852343
852366
852380
852533
852654
852712
852718
852739
852775
852857
852880
852893
852920
852945
852995
852997
853017
853033
853095
853139
853163
853214
853228
853274
853528
853537
853613
853626
853636
853731
853747
853806
853817
853916
854020
854045
854067
854078
854082
854103
854108
854164
854282
854373
854467
854514
854532
854621
854630
854674
854799
854806
854876
854889
854931
854964
855003
855022
855034
855037
855075
855146
855216
855285
855402
855431
855450
855452
855780
855907
855960
855981
856006
856150
856319
856390
856426
856481
856499
856599
856632
856636
856646
856693
856723
856729
856762
856775
856912
856932
856955
856957
857006
857039
857068
857189
857215
857257
857338
857371
857375
857402
857421
857483
857560
857581
857582
857655
857663
857731
857753
857762
857815
857823
857825
857854
857858
857888
857915
857937
857943
857950
858108
858118
858169
858176
858183
858194
858202
858228
858262
858267
858287
858311
858322
858341
858360
858426
858487
858498
858523
858566
858651
858659
858719
858803
858853
858871
858876
858921
858931
859027
859358
859380
859384
859466
859509
859529
859547
859555
859567
859704
859749
859757
859808
859835
859847
859853
859925
859937
860014
860044
860051
860071
860104
860117
860180
860214
860234
860282
860318
860360
860389
860404
860418
860439
860467
860472
860479
860532
860540
860559
860622
860644
860646
860648
860729
860754
860789
860803
860804
860967
860984
861043
861067
861093
861147
861158
861167
861182
861231
861283
861332
861383
861424
861475
861482
861544
861550
861681
861717
861777
861832
861872
861927
861936
862003
862056
862061
862073
862086
862101
862178
862185
862314
862324
862359
862394
862400
862443
862461
862596
862668
862682
862704
862810
862820
862838
862856
862957
863015
863033
863066
863108
863193
863197
863213
863220
863233
863236
863245
863247
863274
863326
863419
863447
863472
863493
863542
863630
863705
863709
863727
863750
863810
863819
863851
863886
863922
863983
864055
864097
864106
864127
864132
864144
864210
864234
864301
864470
864552
864573
864667
864700
864715
864734
864762
864897
864922
864940
864976
864986
865044
865156
865284
865345
865460
865483
865548
865585
865601
865609
865676
865696
865752
865772
865832
865851
865874
865893
865894
865913
865920
865971
865979
866036
866075
866085
866146
866150
866155
866202
866214
866236
866273
866312
866411
866428
866552
866560
866568
866598
866661
866675
866686
866732
866771
866802
866834
866934
866954
866978
866989
867012
867022
867032
867088
867098
867215
867221
867246
867317
867586
867619
867631
867658
867672
867726
867757
867832
867845
867872
867910
868022
868028
868029
868035
868120
868162
868176
868193
868217
868339
868378
868402
868417
868621
868670
868733
868826
868840
868851
868871
868992
869003
869028
869129
869153
869288
869300
869331
869427
869452
869488
869523
869544
869567
869575
869721
869740
869742
869950
870004
870094
870124
870147
870173
870179
870233
870246
870357
870402
870534
870569
870584
870787
870881
870919
870925
870945
871038
871161
871246
871267
871274
871279
871354
871423
871440
871466
871551
871640
871662
871770
871868
871897
871921
871928
871954
872078
872192
872249
872261
872271
872311
872324
872327
872338
872354
872429
872446
872580
872628
872758
872793
872887
872932
872991
872999
873064
873077
873111
873314
873332
873395
873410
873446
873481
873498
873541
873550
873640
873736
873779
873782
873804
873826
873901
873906
873925
873975
874053
874129
874180
874202
874247
874259
874284
874314
874339
874354
874393
874428
874464
874481
874523
874533
874564
874571
874578
874582
874644
874665
874756
874811
874866
874938
875007
875015
875083
875095
875098
875107
875117
875155
875163
875204
875212
875227
875337
875344
875378
875408
875489
875512
875578
875601
875630
875642
875694
875712
875722
875727
875735
875762
875801
875836
875869
875882
876001
876119
876142
876164
876203
876233
876244
876278
876315
876320
876356
876375
876391
876395
876398
876412
876457
876494
876656
876662
876722
876731
876757
876761
876821
876851
876862
876872
876890
876899
876926
877050
877062
877110
877195
877224
877295
877315
877405
877409
877489
877515
877605
877732
877808
877811
877856
877905
877934
878012
878027
878147
878152
878189
878219
878247
878278
878322
878412
878465
878467
878487
878534
878562
878674
878747
878834
878856
878906
878942
879035
879088
879239
879330
879481
879558
879605
879629
879700
879703
879752
879783
879827
879856
879898
879999
880056
880067
880160
880189
880229
880243
880248
880250
880283
880358
880395
880466
880504
880569
880636
880729
880887
880996
881045
881078
881081
881177
881247
881311
881338
881349
881383
881399
881423
881464
881478
881521
881549
881582
881599
881608
881636
881641
881666
881713
881788
881822
881858
881887
881908
881915
881961
881971
882091
882094
882161
882245
882301
882311
882314
882403
882409
882437
882456
882459
882545
882591
882593
882606
882613
882625
882825
882914
882919
882953
883010
883126
883238
883328
883360
883361
883380
883403
883410
883418
883440
883464
883495
883521
883582
883613
883669
883732
883772
883780
883847
884027
884062
884087
884132
884148
884209
884229
884235
884244
884249
884268
884477
884571
884610
884656
884720
884751
884827
884844
884849
884915
884921
885071
885118
885126
885150
885156
885190
885196
885220
885427
885448
885463
885665
885766
885899
885936
885962
886013
886027
886058
886179
886273
886285
886303
886386
886423
886555
886689
886699
886752
886778
886783
886953
887037
887064
887213
887241
887271
887305
887324
887358
887471
887525
887611
887625
887646
887656
887670
887682
887741
887754
887786
887795
887866
887913
887929
887946
887965
888016
888042
888058
888114
888121
888188
888230
888251
888279
888302
888318
888336
888375
888417
888469
888478
888512
888516
888545
888558
888644
888651
888668
888712
888775
888781
888828
888838
888839
888849
888864
888915
888928
889018
889038
889048
889063
889068
889085
889132
889194
889333
889379
889386
889605
889640
889662
889669
889777
889786
889871
889918
889978
890093
890235
890255
890326
890375
890528
890600
890656
890657
890665
890703
890765
890774
890844
890859
890893
890903
890998
891027
891073
891088
891117
891121
891147
891164
891192
891279
891393
891422
891445
891492
891559
891562
891563
891601
891615
891643
891651
891754
891767
891773
891794
891820
891829
891836
891841
891935
891949
892054
892084
892100
892110
892146
892153
892182
892188
892290
892308
892330
892338
892351
892361
892364
892368
892392
892408
892426
892440
892496
892516
892579
892587
892637
892640
892651
892718
892785
892833
892851
892902
892920
893128
893210
893211
893216
893239
893290
893313
893349
893363
893377
893406
893421
893435
893441
893461
893477
893526
893542
893564
893678
893743
893747
893755
893815
893868
893916
894021
894023
894076
894101
894176
894203
894240
894324
894326
894425
894440
894451
894473
894476
894485
894528
894535
894567
894615
894645
894662
894677
894783
894792
894799
894853
894900
894995
895002
895026
895042
895117
895138
895157
895225
895292
895327
895393
895409
895430
895521
895539
895559
895578
895604
895639
895664
895686
895691
895697
895754
895809
895815
895844
895851
896072
896098
896131
896171
896184
896197
896399
896448
896499
896628
896654
896691
896709
896859
896888
896890
896901
896971
897049
897067
897131
897149
897199
897235
897265
897281
897307
897316
897498
897523
897539
897777
897834
897890
897979
898110
898171
898213
898217
898227
898241
898257
898278
898294
898334
898340
898353
898357
898358
898412
898417
898432
898446
898454
898470
898527
898542
898547
898556
898567
898593
898602
898675
898686
898737
898824
898868
898892
898918
898932
898944
898947
898978
899007
899017
899028
899047
899261
899275
899364
899384
899444
899447
899466
899599
899607
899625
899660
899704
899784
899789
899811
899827
899867
899910
899916
899924
899980
900050
900055
900068
900118
900163
900179
900225
900342
900413
900515
900567
900583
900591
900614
900627
900770
900788
900817
900911
900960
900981
900991
901046
901055
901079
901111
901137
901261
901277
901298
901322
901335
901345
901355
901393
901430
901441
901578
901772
901824
901857
901879
901881
901936
901961
902011
902017
902104
902132
902150
902179
902207
902227
902249
902268
902305
902316
902341
902358
902442
902493
902507
902611
902643
902652
902726
902735
902788
902811
902813
902909
902927
902976
902985
903080
903081
903100
903107
903115
903145
903158
903191
903240
903254
903259
903264
903440
903477
903505
903629
903692
903721
903731
903738
903767
903786
903789
903792
903796
903825
903843
903861
903921
903943
903964
903981
904056
904236
904259
904280
904295
904313
904357
904480
904518
904552
904613
904629
904671
904742
904765
904816
904961
904970
904989
905011
905020
905025
905027
905043
905126
905185
905206
905228
905409
905434
905476
905504
905528
905550
905576
905586
905620
905649
905687
905964
906006
906083
906160
906524
906673
906801
906855
906989
907002
907017
907124
907169
907183
907197
907350
907460
907463
907472
907481
907536
907558
907664
907676
907682
907712
907727
907741
907761
907777
907786
907853
907926
907952
908000
908045
908068
908102
908108
908115
908148
908285
908291
908372
908449
908547
908616
908651
908775
908795
908828
908885
908953
908972
909015
909076
909089
909111
909159
909182
909262
909320
909397
909427
909430
909475
909532
909604
909629
909639
909646
909660
909724
909733
909862
909879
909888
909935
909966
909979
910008
910027
910084
910133
910146
910155
910286
910302
910316
910318
910388
910402
910467
910471
910495
910543
910785
910792
910832
910929
910935
910962
910977
911129
911139
911190
911249
911256
911285
911413
911439
911487
911534
911626
911633
911700
911715
911750
911774
911779
911794
911826
911938
911949
911964
912085
912174
912456
912498
912558
912607
912641
912652
912691
912725
912745
912758
912775
912922
912982
913026
913030
913046
913139
913186
913224
913376
913460
913527
913549
913557
913618
913738
913796
913842
913853
913907
913938
914052
914069
914133
914138
914164
914197
914226
914239
914288
914303
914336
914347
914351
914355
914529
914609
914635
914694
914696
914767
914815
914892
914969
914984
914985
915010
915014
915026
915030
915038
915068
915084
915113
915122
915131
915140
915147
915167
915241
915246
915253
915356
915385
915399
915417
915499
915513
915584
915588
915645
915745
915791
915796
915813
915914
915926
915934
916009
916040
916080
916083
916152
916179
916197
916286
916346
916353
916378
916390
916490
916501
916521
916583
916607
916638
916689
916691
916694
916743
916837
916872
916886
916894
916918
916983
916985
917054
917066
917078
917158
917267
917321
917332
917371
917381
917454
917464
917511
917515
917557
917656
917707
917718
917762
917819
917834
917841
917892
917925
917964
917969
917998
918063
918075
918104
918116
918277
918297
918348
918357
918411
918489
918508
918578
918582
918644
918699
918740
918747
918779
918809
918836
918919
919046
919073
919120
919126
919131
919148
919176
919195
919215
919256
919272
919299
919348
919440
919459
919481
919570
919629
919640
919651
919717
919734
919796
919825
919843
919851
919969
919973
920005
920010
920054
920072
920201
920225
920232
920292
920298
920331
920404
920417
920447
920531
920591
920632
920644
920657
920750
920833
920955
921067
921102
921119
921136
921147
921180
921349
921361
921460
921486
921505
921526
921535
921539
921561
921584
921641
921675
921723
921777
921852
921872
921887
921893
921909
921985
922022
922041
922088
922106
922110
922144
922199
922316
922399
922415
922439
922491
922566
922591
922649
922723
922754
922786
922836
922989
922994
923011
923060
923179
923261
923264
923269
923324
923381
923510
923603
923683
923702
923712
923784
923790
923830
923868
923875
923892
924056
924061
924080
924090
924120
924155
924184
924200
924236
924260
924287
924309
924321
924402
924464
924614
924738
924774
924855
924873
924895
924957
925118
925253
925324
925426
925438
925445
925468
925535
925573
925675
925694
925734
925744
925748
925768
925862
925997
926058
926143
926209
926321
926357
926379
926386
926400
926407
926426
926541
926558
926686
926729
926782
926796
926870
926945
927026
927044
927057
927217
927292
927325
927359
927373
927453
927495
927502
927509
927564
927713
927751
927783
927800
928039
928097
928109
928145
928169
928247
928262
928296
928331
928376
928400
928478
928585
928683
928701
928752
928807
928825
928834
928856
928910
928951
929026
929112
929158
929211
929225
929242
929271
929363
929388
929389
929427
929486
929488
929519
929570
929612
929624
929626
929658
929672
929711
929767
929779
929839
929931
930048
930223
930274
930320
930332
930384
930390
930396
930403
930446
930473
930500
930506
930521
930541
930598
930647
930730
930739
930926
930935
930958
930988
931012
931019
931026
931045
931068
931098
931108
931129
931149
931155
931179
931266
931276
931288
931310
931380
931472
931530
931593
931605
931661
931754
931779
931790
931843
931869
931900
931946
931948
931971
932042
932066
932104
932158
932203
932212
932231
932234
932284
932288
932454
932552
932554
932569
932646
932750
932823
932859
932944
932980
933094
933152
933209
933231
933235
933367
933378
933387
933446
933566
933591
933606
933691
933712
933744
933758
933828
933837
933859
933891
933919
933983
934006
934035
934228
934258
934288
934350
934615
934746
934774
934825
934881
934905
934926
934945
934950
934957
934965
935028
935071
935115
935118
935315
935418
935433
935495
935561
935594
935616
935744
935839
935874
935905
935950
936015
936077
936129
936203
936220
936230
936232
936240
936256
936270
936275
936278
936322
936341
936392
936410
936455
936473
936711
936788
936798
936810
936820
936854
936857
936866
936909
936920
936922
936939
936943
936956
936964
936965
937023
937026
937047
937092
937145
937149
937163
937213
937219
937267
937412
937417
937531
937537
937596
937632
937689
937734
937832
937869
937887
937921
937958
938049
938091
938108
938134
938154
938173
938185
938204
938221
938273
938304
938314
938367
938404
938412
938484
938561
938648
938671
938699
938719
938726
938768
938880
938919
938934
938965
938980
938993
939028
939057
939066
939129
939156
939186
939241
939248
939314
939380
939385
939423
939427
939505
939559
939677
939684
939794
939845
939850
939888
939893
939918
939931
939953
939963
940063
940081
940166
940173
940196
940213
940257
940272
940362
940395
940469
940487
940490
940496
940519
940567
940582
940618
940654
940760
940865
940872
940917
940926
940940
940950
940971
940986
941001
941008
941019
941029
941120
941129
941178
941206
941305
941346
941440
941454
941470
941474
941486
941585
941598
941649
941686
941760
941761
941824
941854
941862
941872
941881
941955
941961
941983
942043
942045
942104
942115
942118
942135
942156
942181
942188
942212
942313
942396
942400
942488
942681
942706
942796
942850
943001
943009
943024
943026
943041
943053
943056
943359
943486
943516
943547
943561
943571
943644
943681
943687
943737
943746
943771
943784
943804
943879
943909
944166
944171
944205
944332
944362
944390
944400
944408
944430
944442
944457
944461
944487
944647
944664
944688
944760
944774
944783
944858
944865
944949
944951
945002
945034
945180
945187
945251
945365
945404
945432
945447
945460
945534
945539
945565
945601
945653
945674
945688
945690
945789
945855
945866
945893
945916
945928
945984
945989
946007
946014
946054
946167
946171
946176
946202
946385
946405
946471
946482
946565
946567
946607
946649
946707
946715
946720
946726
946787
946831
946898
946965
946972
947033
947057
947061
947107
947327
947354
947359
947381
947396
947398
947409
947420
947421
947547
947554
947581
947615
947742
947804
947846
947855
947880
947906
947918
947962
947999
948027
948045
948056
948166
948193
948206
948279
948321
948403
948468
948475
948481
948573
948577
948584
948665
948721
948725
948744
948808
948982
948998
949166
949176
949229
949234
949245
949278
949285
949322
949347
949427
949434
949452
949459
949489
949511
949543
949603
949672
949781
949809
949858
949886
950171
950196
950213
950219
950326
950334
950341
950358
950366
950415
950471
950536
950600
950617
950621
950668
950746
950791
950833
950900
950998
951066
951097
951110
951126
951206
951306
951309
951347
951370
951374
951425
951450
951505
951539
951592
951623
951772
951904
951955
951962
951973
952005
952014
952024
952107
952116
952118
952137
952194
952228
952239
952260
952277
952373
952455
952559
952577
952692
952741
952766
952780
952807
952862
952880
952894
952912
952934
952964
953005
953018
953058
953117
953250
953316
953328
953387
953445
953466
953519
953694
953713
953725
953750
953757
953795
953832
953925
953935
954075
954224
954228
954237
954277
954299
954305
954308
954436
954453
954470
954732
954765
954770
954779
954981
955051
955068
955075
955361
955371
955376
955397
955433
955461
955506
955531
955564
955591
955598
955601
955609
955639
955702
955707
955719
955783
955792
955876
955890
955924
955967
955971
955982
956050
956088
956093
956123
956206
956265
956340
956351
956387
956392
956498
956558
956595
956613
956625
956637
956671
956675
956825
956831
956846
956850
956864
956867
956889
957017
957023
957059
957091
957109
957120
957207
957261
957287
957350
957452
957487
957491
957548
957568
957621
957668
957673
957788
957948
957966
958002
958041
958059
958118
958218
958254
958273
958375
958408
958421
958424
958490
958725
958792
958832
958845
958982
958998
959129
959194
959387
959432
959510
959529
959542
959565
959643
959651
959679
959694
959759
959764
959772
959797
959827
959893
960005
960048
960066
960069
960075
960103
960122
960136
960155
960189
960202
960230
960321
960336
960372
960412
960541
960545
960612
960649
960659
960668
960678
960712
960785
960830
960857
960937
961011
961026
961031
961073
961126
961149
961203
961213
961314
961390
961420
961427
961477
961493
961611
961627
961649
961650
961657
961764
961884
961997
962133
962159
962273
962292
962330
962396
962457
962467
962518
962595
962599
962632
962693
962737
962744
962912
962949
962960
962994
963000
963010
963224
963281
963303
963335
963376
963392
963438
963443
963485
963538
963547
963581
963659
963706
963727
963837
963901
963904
963910
963926
964000
964016
964051
964057
964099
964120
964209
964248
964266
964374
964425
964570
964697
964798
964815
964844
965029
965047
965058
965068
965105
965168
965198
965207
965282
965338
965372
965611
965618
965622
965663
965669
965702
965706
965715
965743
965771
965816
965844
965884
966006
966054
966214
966293
966418
966443
966462
966594
966616
966755
966768
966802
966810
966827
966888
967098
967186
967192
967205
967206
967279
967301
967309
967318
967533
967614
967652
967817
968112
968161
968187
968218
968241
968288
968299
968400
968405
968433
968506
968551
968601
968640
968643
968667
968702
968784
968808
968896
968944
968987
968994
969019
969035
969137
969141
969165
969379
969466
969473
969630
969702
969766
969784
969837
969872
969886
969896
969941
969968
970050
970061
970110
970130
970175
970192
970222
970267
970273
970276
970315
970370
970397
970411
970485
970616
970624
970671
970678
970705
970747
970805
970977
971089
971122
971125
971159
971166
971202
971207
971211
971284
971362
971366
971375
971495
971529
971637
971657
971661
971674
971681
971692
971742
971754
971801
971807
971812
971881
971913
971932
972005
972008
972014
972066
972163
972237
972289
972346
972367
972380
972412
972420
972424
972476
972481
972578
972662
972677
972773
972795
972868
972958
972973
973053
973060
973084
973098
973112
973141
973359
973493
973543
973612
973622
973625
973660
973689
973736
973750
973819
973836
973849
973866
973875
973887
973897
973977
973980
974054
974065
974069
974109
974124
974133
974189
974421
974536
974541
974590
974619
974645
974648
974657
974738
974812
974970
974973
975107
975147
975180
975187
975203
975205
975219
975233
975294
975300
975353
975361
975417
975458
975678
975692
975749
975803
975807
975809
975822
975879
975895
975918
975928
975946
976028
976086
976131
976164
976181
976236
976290
976299
976316
976417
976461
976476
976520
976528
976543
976583
976650
976695
976706
976730
976744
976774
976808
976834
976853
976872
976904
976921
976957
977027
977036
977047
977077
977097
977110
977126
977231
977240
977312
977318
977322
977365
977374
977417
977431
977445
977501
977531
977545
977572
977603
977638
977684
977693
977727
977833
977836
977871
977882
977890
977921
977931
977995
978015
978029
978047
978111
978155
978159
978195
978199
978212
978304
978334
978346
978379
978410
978481
978665
978773
978801
978817
978874
978924
979025
979031
979069
979118
979162
979250
979272
979279
979300
979354
979362
979420
979424
979461
979580
979734
979786
979945
980063
980152
980181
980214
980441
980461
980512
980529
980593
980613
980649
980717
980724
980744
980860
980931
981004
981053
981082
981086
981090
981115
981159
981167
981201
981219
981238
981241
981261
981335
981352
981370
981390
981393
981426
981485
981545
981597
981630
981686
981702
981802
981812
981851
981891
981973
981982
981987
982024
982036
982063
982092
982145
982187
982202
982225
982231
982290
982293
982316
982331
982346
982419
982502
982505
982543
982547
982564
982566
982627
982629
982636
982655
982701
982737
982765
982776
982807
982854
982900
982940
982965
983021
983046
983194
983263
983266
983281
983314
983331
983369
983387
983467
983496
983506
983520
983538
983541
983552
983569
983641
983659
983707
983744
983747
983845
983860
983930
983948
983952
983987
984029
984044
984056
984077
984116
984157
984294
984308
984326
984340
984396
984427
984463
984619
984660
984743
984780
984810
984835
985094
985097
985176
985204
985284
985298
985342
985384
985421
985492
985587
985590
985596
985665
985718
985745
985804
985820
985886
986058
986095
986112
986161
986196
986556
986574
986588
986618
986720
986742
986745
986758
986835
986853
986870
986878
986894
986921
986926
986972
986980
987062
987082
987096
987101
987117
987122
987166
987208
987355
987358
987384
987387
987448
987484
987501
987523
987578
987610
987618
987636
987640
987652
987703
987717
987744
987746
987758
987857
987955
987996
988008
988014
988222
988232
988286
988423
988494
988516
988534
988556
988709
988712
988781
988851
988960
989035
989367
989410
989442
989494
989525
989536
989572
989628
989638
989668
989700
989707
989721
989726
989759
989770
989790
989811
989905
989932
989987
989994
990025
990081
990086
990158
990181
990184
990231
990237
990268
990362
990402
990429
990434
990451
990678
990684
990687
990836
990886
990920
990980
991017
991033
991052
991303
991317
991370
991375
991414
991428
991509
991514
991548
991570
991619
991635
991817
991829
991854
991863
991888
991904
991920
991936
991942
991967
992002
992023
992078
992162
992263
992315
992356
992376
992409
992413
992462
992492
992535
992567
992580
992664
992722
992751
993011
993058
993104
993129
993179
993317
993353
993601
993623
993631
993646
993671
993696
993731
993751
993768
993777
993811
993822
993892
993983
994042
994077
994093
994130
994168
994254
994315
994317
994352
994371
994387
994402
994450
994456
994491
994500
994518
994557
994704
994769
994869
994906
994940
995031
995131
995221
995233
995270
995393
995473
995507
995525
995590
995614
995655
995679
995748
995763
995778
995782
995793
995796
995802
995843
995889
995906
995938
995944
996016
996058
996121
996179
996185
996202
996208
996317
996377
996392
996403
996419
996422
996506
996522
996525
996607
996652
996656
996714
996727
996852
996863
996948
996952
997063
997077
997081
997097
997131
997141
997168
997195
997206
997238
997254
997313
997353
997369
997381
997407
997419
997525
997554
997586
997609
997648
997652
997664
997681
997686
997715
997908
997964
998003
998027
998052
998099
998151
998217
998247
998259
998274
998363
998376
998392
998410
998431
998436
998466
998487
998495
998501
998530
998573
998613
998624
998658
998671
998686
998787
998810
998836
998847
998865
998890
998950
998974
998976
999038
999051
999086
999103
999134
999149
999183
999187
999201
999216
999223
999276
999288
999300
999329
999382
999398
999469
999628
999706
999717
999727
999782
999921
1000002
1000024
1000151
1000207
1000261
1000271
1000283
1000301
1000312
1000344
1000419
1000449
1000607
1000645
1000675
1000685
1000745
1000750
1000812
1000895
1000974
1000983
1001010
1001048
1001058
1001115
1001169
1001183
1001191
1001228
1001249
1001257
1001260
1001265
1001277
1001281
1001298
1001349
1001357
1001371
1001416
1001444
1001456
1001486
1001489
1001556
1001582
1001588
1001630
1001643
1001655
1001685
1001709
1001721
1001787
1001795
1001798
1001894
1001982
1002002
1002051
1002052
1002084
1002109
1002212
1002223
1002320
1002336
1002364
1002436
1002451
1002492
1002544
1002610
1002712
1002740
1002750
1002873
1002928
1003018
1003030
1003037
1003095
1003127
1003130
1003163
1003188
1003228
1003271
1003274
1003318
1003374
1003508
1003542
1003556
1003624
1003626
1003637
1003727
1003840
1003849
1003916
1004011
1004022
1004122
1004137
1004203
1004263
1004285
1004387
1004393
1004426
1004437
1004454
1004463
1004515
1004524
1004598
1004604
1004606
1004629
1004685
1004715
1004769
1004802
1004836
1004865
1004947
1004985
1005071
1005110
1005119
1005138
1005142
1005160
1005192
1005202
1005218
1005263
1005295
1005339
1005343
1005366
1005462
1005488
1005514
1005559
1005562
1005570
1005655
1005661
1005676
1005691
1005706
1005718
1005733
1005848
1005876
1005980
1006002
1006161
1006197
1006240
1006250
1006257
1006270
1006290
1006327
1006338
1006344
1006354
1006358
1006362
1006456
1006500
1006508
1006539
1006545
1006644
1006685
1006740
1006748
1006789
1006851
1006902
1006906
1006948
1006960
1007002
1007020
1007027
1007030
1007034
1007037
1007108
1007188
1007280
1007295
1007334
1007340
1007418
1007550
1007612
1007706
1007789
1007815
1007887
1007891
1007943
1008004
1008056
1008070
1008118
1008188
1008238
1008263
1008305
1008383
1008428
1008457
1008528
1008584
1008608
1008657
1008667
1008744
1008848
1008894
1009066
1009179
1009205
1009219
1009246
1009499
1009511
1009521
1009562
1009597
1009600
1009693
1009727
1009736
1009820
1009879
1009891
1009920
1009933
1009935
1009985
1010036
1010061
1010117
1010131
1010228
1010249
1010275
1010427
1010453
1010512
1010539
1010542
1010592
1010611
1010632
1010670
1010679
1010768
1010908
1010927
1010958
1010985
1011001
1011149
1011203
1011222
1011247
1011351
1011367
1011390
1011423
1011458
1011499
1011505
1011558
1011568
1011576
1011599
1011658
1011702
1011718
1011736
1011795
1011800
1011848
1011869
1011917
1011935
1012038
1012064
1012074
1012139
1012172
1012201
1012205
1012333
1012359
1012387
1012420
1012461
1012479
1012483
1012486
1012646
1012705
1012727
1012757
1012788
1012867
1012902
1012904
1012990
1013010
1013036
1013040
1013055
1013072
1013108
1013207
1013214
1013229
1013233
1013310
1013339
1013356
1013403
1013466
1013481
1013524
1013525
1013546
1013624
1013763
1013808
1013869
1013887
1013896
1014002
1014020
1014021
1014090
1014206
1014212
1014242
1014321
1014335
1014350
1014539
1014551
1014574
1014630
1014679
1014684
1014759
1014774
1014784
1014828
1014868
1014936
1014999
1015053
1015157
1015188
1015193
1015196
1015238
1015394
1015398
1015499
1015539
1015601
1015638
1015679
1015692
1015697
1015753
1015765
1015770
1015809
1015834
1015886
1015898
1015901
1015919
1016006
1016031
1016037
1016079
1016097
1016105
1016136
1016170
1016198
1016239
1016250
1016261
1016271
1016279
1016322
1016325
1016341
1016373
1016416
1016438
1016449
1016462
1016475
1016514
1016526
1016548
1016659
1016719
1016772
1016787
1016804
1016844
1016861
1016881
1016902
1016947
1017009
1017014
1017067
1017077
1017098
1017136
1017162
1017179
1017195
1017254
1017266
1017268
1017295
1017311
1017338
1017391
1017415
1017469
1017496
1017517
1017529
1017554
1017628
1017641
1017661
1017705
1017751
1017766
1017919
1017973
1018054
1018092
1018113
1018159
1018179
1018217
1018219
1018448
1018450
1018624
1018727
1018766
1018819
1019035
1019069
1019180
1019212
1019218
1019224
1019295
1019314
1019340
1019483
1019507
1019548
1019616
1019724
1019752
1019804
1019833
1019904
1019918
1019946
1020027
1020050
1020057
1020116
1020167
1020223
1020271
1020290
1020302
1020395
1020473
1020527
1020535
1020606
1020645
1020668
1020704
1020706
1020742
1020744
1020864
1021091
1021104
1021185
1021321
1021329
1021399
1021579
1021599
1021606
1021636
1021660
1021722
1021780
1021807
1021849
1021910
1021941
1021988
1022025
1022108
1022128
1022152
1022173
1022269
1022283
1022297
1022323
1022352
1022375
1022574
1022632
1022639
1022654
1022682
1022695
1022699
1022854
1022875
1022916
1022956
1022959
1022970
1022976
1023015
1023123
1023129
1023187
1023261
1023278
1023373
1023384
1023422
1023443
1023485
1023519
1023563
1023569
1023593
1023644
1023694
1023696
1023733
1023738
1023744
1023810
1023813
1023888
1023960
1024053
1024096
1024108
1024155
1024172
1024205
1024283
1024326
1024335
1024362
1024365
1024382
1024554
1024572
1024620
1024708
1024720
1024742
1024760
1024777
1024786
1024805
1024858
1024876
1024895
1024899
1024927
1024958
1025040
1025057
1025288
1025308
1025323
1025325
1025355
1025388
1025398
1025437
1025448
1025453
1025470
1025583
1025632
1025862
1025916
1025939
1026044
1026055
1026090
1026203
1026252
1026305
1026377
1026396
1026403
1026476
1026501
1026524
1026581
1026726
1026762
1026779
1026818
1026848
1026911
1026986
1027050
1027078
1027178
1027196
1027235
1027280
1027287
1027319
1027399
1027468
1027495
1027498
1027619
1027621
1027662
1027698
1027703
1027752
1027766
1027866
1027890
1027895
1027966
1027987
1028034
1028053
1028101
1028120
1028230
1028238
1028300
1028326
1028357
1028430
1028487
1028492
1028535
1028545
1028552
1028602
1028725
1028769
1028795
1028834
1028857
1028863
1028994
1029026
1029123
1029187
1029273
1029311
1029358
1029385
1029391
1029424
1029444
1029480
1029503
1029529
1029542
1029575
1029576
1029608
1029632
1029704
1029706
1029726
1029729
1029787
1029799
1029838
1029883
1029908
1030015
1030070
1030105
1030157
1030264
1030267
1030324
1030363
1030387
1030411
1030454
1030528
1030533
1030644
1030650
1030654
1030751
1030812
1030850
1030917
1030924
1030980
1031085
1031092
1031112
1031132
1031252
1031258
1031309
1031343
1031385
1031398
1031419
1031451
1031521
1031550
1031558
1031575
1031589
1031638
1031646
1031679
1031704
1031718
1031747
1031760
1031779
1031831
1031867
1031927
1031961
1032035
1032129
1032138
1032181
1032213
1032234
1032262
1032287
1032437
1032460
1032518
1032561
1032640
1032657
1032666
1032668
1032687
1032739
1032787
1032843
1032881
1032988
1032989
1033103
1033108
1033183
1033194
1033260
1033292
1033296
1033322
1033387
1033414
1033454
1033462
1033560
1033593
1033624
1033632
1033677
1033703
1033776
1033813
1033849
1033854
1033871
1033890
1033942
1034069
1034100
1034156
1034182
1034397
1034442
1034450
1034479
1034526
1034575
1034578
1034596
1034693
1034705
1034722
1034849
1034885
1034888
1034924
1035013
1035121
1035149
1035162
1035199
1035215
1035235
1035252
1035331
1035361
1035400
1035409
1035434
1035443
1035485
1035543
1035698
1035713
1035721
1035723
1035740
1035751
1035759
1035779
1035870
1035889
1035899
1035917
1035928
1035948
1035955
1035968
1035970
1036013
1036122
1036132
1036139
1036195
1036319
1036345
1036367
1036410
1036439
1036446
1036502
1036510
1036530
1036603
1036642
1036671
1036711
1036741
1036753
1036762
1036788
1036818
1036878
1036885
1036895
1036930
1036949
1036959
1036963
1036965
1036972
1037054
1037106
1037112
1037138
1037156
1037203
1037290
1037298
1037312
1037345
1037353
1037519
1037533
1037542
1037552
1037641
1037672
1037680
1037801
1037834
1037885
1037894
1037920
1038039
1038052
1038089
1038253
1038337
1038386
1038391
1038442
1038495
1038523
1038565
1038636
1038647
1038703
1038731
1038752
1038946
1038955
1038987
1039027
1039073
1039113
1039242
1039321
1039339
1039343
1039353
1039380
1039443
1039469
1039558
1039579
1039585
1039652
1039665
1039679
1039688
1039709
1039728
1039739
1039745
1039751
1039774
1039815
1039938
1039962
1039987
1039992
1040011
1040022
1040104
1040181
1040209
1040259
1040317
1040362
1040370
1040375
1040405
1040445
1040513
1040525
1040585
1040644
1040686
1040731
1040784
1040844
1040852
1040928
1040969
1041063
1041129
1041143
1041160
1041287
1041349
1041389
1041410
1041415
1041419
1041432
1041442
1041496
1041580
1041831
1041839
1041932
1041983
1042010
1042021
1042073
1042110
1042134
1042168
1042245
1042437
1042480
1042505
1042520
1042543
1042556
1042588
1042609
1042666
1042698
1042796
1042803
1042843
1042857
1043001
1043031
1043089
1043213
1043218
1043227
1043234
1043271
1043371
1043376
1043419
1043453
1043554
1043641
1043704
1043708
1043807
1043871
1043905
1043958
1044082
1044119
1044193
1044295
1044363
1044416
1044441
1044450
1044468
1044483
1044499
1044509
1044658
1044672
1044687
1044762
1044793
1044830
1044874
1044922
1044927
1044936
1044993
1045007
1045013
1045035
1045045
1045061
1045063
1045079
1045152
1045187
1045327
1045364
1045369
1045452
1045460
1045495
1045516
1045520
1045532
1045571
1045581
1045596
1045620
1045631
1045673
1045704
1045723
1045731
1045735
1045739
1045742
1045930
1045974
1046037
1046181
1046201
1046317
1046346
1046373
1046454
1046476
1046510
1046559
1046576
1046582
1046653
1046678
1046692
1046699
1046757
1046768
1046785
1046897
1046936
1046950
1047000
1047016
1047075
1047119
1047138
1047169
1047170
1047192
1047220
1047344
1047370
1047376
1047386
1047397
1047419
1047436
1047451
1047522
1047538
1047583
1047605
1047647
1047660
1047675
1047697
1047771
1047796
1047810
1047841
1047900
1047933
1047947
1047984
1048002
1048033
1048096
1048265
1048273
1048274
1048361
1048397
1048573
1048601
1048660
1048709
1048744
1048770
1048780
1048800
1048824
1048873
1048903
1048916
1048993
1049017
1049021
1049052
1049126
1049170
1049226
1049277
1049284
1049294
1049363
1049475
1049491
1049583
1049624
1049736
1049741
1049830
1049905
1049958
1050056
1050079
1050085
1050168
1050196
1050203
1050212
1050223
1050260
1050272
1050333
1050370
1050391
1050402
1050409
1050445
1050475
1050480
1050500
1050523
1050582
1050666
1050681
1050693
1050786
1050863
1050888
1051090
1051145
1051183
1051303
1051357
1051363
1051417
1051578
1051647
1051662
1051699
1051719
1051751
1051759
1051865
1051947
1051978
1051996
1052010
1052076
1052090
1052227
1052277
1052441
1052496
1052502
1052511
1052525
1052564
1052579
1052601
1052747
1052750
1052801
1052810
1052815
1052835
1052885
1052980
1052997
1053066
1053114
1053290
1053324
1053486
1053496
1053525
1053589
1053593
1053617
1053621
1053671
1053685
1053709
1053763
1053851
1053875
1053910
1053926
1053930
1053943
1053979
1054053
1054096
1054129
1054197
1054234
1054405
1054483
1054512
1054555
1054562
1054609
1054621
1054626
1054692
1054762
1054768
1054780
1054801
1054837
1054846
1054852
1054868
1054874
1054878
1054925
1054990
1055052
1055090
1055095
1055112
1055119
1055133
1055190
1055204
1055253
1055368
1055385
1055407
1055410
1055434
1055526
1055542
1055608
1055730
1055793
1055863
1055874
1055902
1055926
1056154
1056195
1056247
1056256
1056280
1056356
1056387
1056476
1056484
1056495
1056508
1056536
1056585
1056596
1056599
1056650
1056664
1056667
1056708
1056732
1056754
1056787
1056830
1056862
1056930
1056941
1057265
1057294
1057366
1057425
1057547
1057551
1057563
1057566
1057593
1057642
1057699
1057738
1057833
1057893
1057900
1057975
1058047
1058097
1058163
1058175
1058239
1058266
1058294
1058337
1058426
1058484
1058570
1058650
1058710
1058764
1058773
1058777
1058783
1058801
1058819
1058915
1059039
1059065
1059195
1059238
1059270
1059404
1059512
1059554
1059694
1059837
1059918
1059965
1059976
1059995
1060019
1060023
1060037
1060060
1060077
1060161
1060176
1060230
1060313
1060377
1060415
1060444
1060462
1060465
1060546
1060576
1060608
1060692
1060815
1060833
1060904
1061008
1061014
1061019
1061026
1061055
1061068
1061097
1061163
1061191
1061211
1061348
1061378
1061415
1061431
1061439
1061462
1061487
1061501
1061533
1061558
1061572
1061584
1061651
1061654
1061667
1061713
1061726
1061768
1061794
1061806
1061834
1061862
1061958
1061978
1061983
1062089
1062253
1062259
1062314
1062330
1062356
1062434
1062479
1062503
1062515
1062584
1062607
1062658
1062741
1062755
1062856
1062874
1062901
1062928
1062936
1062952
1062957
1062961
1062981
1063041
1063060
1063064
1063083
1063178
1063215
1063218
1063261
1063266
1063328
1063390
1063438
1063502
1063530
1063633
1063643
1063654
1063724
1063778
1063815
1063837
1063871
1063881
1063900
1063945
1063951
1063954
1063955
1063973
1064079
1064099
1064262
1064279
1064284
1064295
1064308
1064417
1064427
1064556
1064612
1064699
1064784
1064802
1064881
1065029
1065044
1065138
1065243
1065330
1065363
1065374
1065385
1065399
1065416
1065429
1065440
1065479
1065561
1065565
1065667
1065696
1065734
1065740
1065775
1065912
1066004
1066028
1066072
1066121
1066153
1066155
1066162
1066179
1066234
1066268
1066343
1066359
1066420
1066489
1066520
1066605
1066688
1066700
1066767
1066802
1066857
1066879
1066923
1067082
1067090
1067149
1067163
1067208
1067269
1067344
1067391
1067497
1067507
1067517
1067544
1067621
1067631
1067634
1067736
1067787
1067821
1067874
1067890
1067924
1067945
1067950
1067978
1068094
1068106
1068191
1068227
1068280
1068326
1068340
1068399
1068444
1068461
1068472
1068553
1068558
1068568
1068639
1068690
1068764
1068769
1068786
1068823
1069000
1069018
1069073
1069144
1069191
1069292
1069376
1069386
1069429
1069434
1069469
1069480
1069528
1069602
1069623
1069626
1069657
1069697
1069714
1069748
1069769
1069872
1069900
1070072
1070082
1070104
1070253
1070291
1070332
1070338
1070374
1070449
1070469
1070493
1070500
1070510
1070546
1070579
1070591
1070594
1070624
1070627
1070633
1070668
1070735
1070749
1070848
1070863
1070915
1071043
1071053
1071167
1071207
1071220
1071285
1071290
1071305
1071398
1071472
1071490
1071670
1071693
1071699
1071751
1071759
1071761
1071769
1071790
1071820
1071894
1071948
1071984
1072082
1072160
1072218
1072256
1072278
1072411
1072426
1072527
1072567
1072659
1072713
1072735
1072747
1072777
1072804
1072818
1072825
1072830
1072859
1072900
1072929
1072966
1073054
1073139
1073142
1073231
1073302
1073374
1073409
1073480
1073708
1073745
1073923
1073965
1074010
1074141
1074148
1074166
1074227
1074263
1074281
1074395
1074453
1074508
1074521
1074535
1074543
1074550
1074555
1074562
1074574
1074587
1074667
1074689
1074693
1074813
1074827
1074999
1075011
1075023
1075047
1075058
1075067
1075121
1075146
1075181
1075230
1075272
1075291
1075328
1075352
1075398
1075401
1075448
1075470
1075508
1075531
1075565
1075574
1075581
1075584
1075600
1075707
1075772
1075780
1075816
1075827
1075834
1075857
1075881
1075920
1075924
1075944
1076019
1076090
1076103
1076104
1076163
1076208
1076224
1076283
1076290
1076344
1076382
1076399
1076429
1076436
1076505
1076524
1076531
1076629
1076654
1076688
1076695
1076812
1076886
1076890
1076922
1076958
1076966
1076975
1077026
1077041
1077072
1077076
1077109
1077125
1077137
1077141
1077174
1077205
1077258
1077298
1077310
1077329
1077386
1077474
1077584
1077671
1077688
1077722
1077723
1077732
1077750
1077759
1077775
1077787
1077823
1077890
1077923
1078027
1078047
1078077
1078081
1078134
1078179
1078203
1078250
1078300
1078303
1078309
1078317
1078346
1078367
1078388
1078421
1078447
1078487
1078595
1078633
1078637
1078646
1078649
1078684
1078772
1078814
1078824
1078902
1078927
1079012
1079074
1079118
1079138
1079199
1079214
1079383
1079453
1079464
1079523
1079531
1079541
1079554
1079560
1079590
1079613
1079631
1079642
1079679
1079756
1079774
1079848
1079866
1079997
1080104
1080118
1080196
1080242
1080257
1080352
1080366
1080440
1080444
1080473
1080545
1080592
1080634
1080673
1080699
1080744
1080746
1080824
1080849
1080886
1081059
1081070
1081080
1081086
1081111
1081162
1081172
1081182
1081216
1081288
1081318
1081480
1081530
1081538
1081547
1081553
1081555
1081569
1081599
1081634
1081646
1081663
1081685
1081754
1081775
1081835
1081848
1081852
1081854
1081859
1081885
1082006
1082051
1082056
1082125
1082193
1082212
1082217
1082221
1082242
1082322
1082410
1082436
1082478
1082496
1082578
1082585
1082615
1082616
1082638
1082656
1082667
1082725
1082834
1082857
1082868
1082886
1082912
1082927
1082932
1082957
1082986
1082991
1083005
1083012
1083045
1083046
1083086
1083137
1083168
1083174
1083284
1083349
1083379
1083389
1083676
1083680
1083757
1083763
1083879
1083909
1083996
1084024
1084105
1084112
1084193
1084226
1084262
1084284
1084322
1084343
1084433
1084447
1084531
1084677
1084690
1084738
1084863
1084868
1084902
1084925
1084947
1084953
1084962
1084991
1085005
1085018
1085030
1085042
1085049
1085053
1085070
1085071
1085123
1085170
1085288
1085338
1085367
1085407
1085416
1085434
1085482
1085672
1085700
1085704
1085892
1085910
1085975
1086076
1086079
1086086
1086219
1086267
1086354
1086360
1086371
1086397
1086480
1086509
1086572
1086594
1086609
1086638
1086669
1086692
1086694
1086716
1086751
1086833
1086840
1086855
1086907
1086911
1086912
1087057
1087092
1087257
1087266
1087323
1087334
1087337
1087385
1087462
1087577
1087585
1087598
1087703
1087772
1087967
1088037
1088077
1088102
1088125
1088130
1088136
1088149
1088172
1088184
1088207
1088258
1088362
1088428
1088451
1088459
1088551
1088591
1088624
1088629
1088638
1088666
1088805
1088829
1088871
1088911
1089084
1089096
1089141
1089166
1089266
1089298
1089306
1089327
1089400
1089523
1089549
1089568
1089571
1089621
1089636
1089642
1089676
1089730
1089743
1089754
1089761
1089883
1089885
1089891
1090027
1090079
1090082
1090110
1090213
1090220
1090309
1090386
1090396
1090515
1090552
1090611
1090719
1090734
1090774
1090812
1090872
1090907
1090960
1091065
1091069
1091089
1091105
1091144
1091234
1091237
1091313
1091412
1091517
1091553
1091589
1091602
1091740
1091757
1091841
1091897
1091904
1091963
1091966
1091988
1092034
1092077
1092101
1092115
1092193
1092207
1092215
1092239
1092355
1092419
1092464
1092529
1092534
1092546
1092553
1092598
1092609
1092638
1092663
1092695
1092708
1092778
1092832
1092874
1092876
1092881
1092917
1092973
1092985
1093011
1093124
1093145
1093163
1093203
1093239
1093280
1093289
1093312
1093335
1093371
1093387
1093420
1093475
1093525
1093538
1093553
1093590
1093663
1093684
1093725
1093789
1093793
1093835
1093891
1093947
1093960
1093993
1094011
1094069
1094080
1094103
1094152
1094210
1094244
1094271
1094289
1094299
1094342
1094353
1094379
1094447
1094638
1094665
1094810
1094838
1094844
1094942
1095018
1095026
1095062
1095090
1095127
1095201
1095317
1095363
1095495
1095526
1095538
1095593
1095683
1095712
1095764
1095808
1095895
1095900
1095968
1096000
1096040
1096051
1096072
1096131
1096165
1096189
1096202
1096234
1096340
1096422
1096430
1096459
1096489
1096521
1096535
1096540
1096546
1096566
1096574
1096598
1096620
1096624
1096672
1096710
1096768
1096795
1096830
1096842
1096869
1096913
1097004
1097016
1097065
1097125
1097136
1097202
1097278
1097343
1097357
1097489
1097535
1097595
1097632
1097667
1097710
1097714
1097765
1097779
1097780
1097816
1097846
1097851
1097863
1097899
1097907
1097923
1097972
1097991
1098003
1098063
1098097
1098120
1098158
1098195
1098205
1098208
1098245
1098258
1098264
1098273
1098358
1098395
1098419
1098441
1098495
1098568
1098610
1098677
1098688
1098702
1098712
1098736
1098867
1098894
1099049
1099076
1099102
1099121
1099126
1099134
1099224
1099267
1099280
1099285
1099337
1099343
1099432
1099457
1099478
1099527
1099542
1099586
1099648
1099662
1099729
1099739
1099792
1099830
1099874
1099880
1099883
1099989
1100078
1100134
1100173
1100231
1100237
1100364
1100399
1100419
1100522
1100545
1100550
1100563
1100700
1100718
1100719
1100825
1100895
1100902
1100940
1100969
1101012
1101061
1101155
1101159
1101258
1101297
1101298
1101308
1101385
1101451
1101464
1101570
1101659
1101667
1101690
1101691
1101701
1101794
1101908
1101918
1102024
1102084
1102107
1102163
1102178
1102226
1102248
1102276
1102434
1102466
1102561
1102587
1102595
1102693
1102763
1102785
1102788
1102802
1102871
1102889
1102931
1102955
1103018
1103051
1103056
1103368
1103372
1103543
1103637
1103646
1103670
1103740
1103894
1104001
1104018
1104067
1104130
1104165
1104266
1104298
1104387
1104430
1104483
1104517
1104679
1104692
1104743
1104782
1104802
1104804
1104907
1104961
1104989
1105078
1105119
1105132
1105305
1105336
1105364
1105379
1105386
1105489
1105527
1105534
1105646
1105731
1105819
1105873
1105881
1105888
1105978
1106025
1106045
1106054
1106087
1106116
1106197
1106297
1106315
1106370
1106416
1106440
1106446
1106482
1106508
1106520
1106552
1106566
1106624
1106628
1106686
1106709
1106774
1106780
1106989
1106992
1107031
1107034
1107500
1107569
1107671
1107696
1107753
1107833
1107857
1107966
1108049
1108086
1108143
1108215
1108301
1108309
1108377
1108516
1108564
1108665
1108696
1108737
1108761
1108774
1108799
1108801
1108862
1108988
1109142
1109230
1109288
1109315
1109328
1109343
1109353
1109421
1109457
1109506
1109514
1109524
1109570
1109613
1109698
1109704
1109725
1109728
1109744
1109825
1109893
1110026
1110071
1110177
1110191
1110214
1110267
1110280
1110303
1110311
1110368
1110374
1110379
1110568
1110638
1110647
1110662
1110664
1110738
1110801
1110833
1110877
1110910
1110974
1110989
1111028
1111042
1111090
1111098
1111149
1111186
1111229
1111320
1111379
1111439
1111461
1111715
1111722
1111816
1111848
1111950
1112008
1112063
1112111
1112230
1112271
1112316
1112442
1112531
1112553
1112727
1112791
1112812
1112834
1112855
1112858
1112868
1112908
1112925
1112952
1112961
1113070
1113196
1113225
1113248
1113275
1113355
1113405
1113445
1113493
1113574
1113645
1113676
1113693
1113704
1113715
1113784
1113874
1113879
1113965
1114026
1114085
1114191
1114203
1114344
1114369
1114412
1114428
1114501
1114512
1114536
1114540
1114654
1114711
1114737
1114882
1115014
1115061
1115171
1115248
1115267
1115371
1115413
1115462
1115565
1115609
1115692
1115715
1115822
1115832
1115837
1115843
1115887
1115901
1115948
1115964
1115976
1116043
1116070
1116098
1116199
1116204
1116205
1116244
1116252
1116441
1116637
1116646
1116706
1116953
1116984
1117032
1117141
1117162
1117183
1117192
1117297
1117323
1117330
1117390
1117396
1117453
1117548
1117553
1117603
1117616
1117675
1117708
1117722
1117750
1117767
1117865
1117874
1117888
1117896
1117933
1117961
1117974
1118111
1118148
1118163
1118201
1118207
1118225
1118227
1118242
1118268
1118275
1118334
1118393
1118417
1118434
1118508
1118795
1118796
1118864
1118929
1119030
1119057
1119077
1119139
1119153
1119235
1119239
1119262
1119267
1119277
1119360
1119438
1119445
1119484
1119573
1119613
1119636
1119803
1119859
1119912
1119942
1119953
1119959
1119979
1120066
1120080
1120167
1120185
1120229
1120236
1120248
1120281
1120320
1120480
1120508
1120527
1120657
1120737
1120995
1121175
1121262
1121384
1121390
1121483
1121510
1121523
1121628
1121692
1121712
1121744
1121824
1121827
1121856
1121881
1121974
1122080
1122102
1122281
1122358
1122492
1122544
1122606
1122684
1122705
1122711
1122758
1122800
1122903
1122912
1122950
1122989
1123019
1123022
1123024
1123177
1123223
1123273
1123361
1123397
1123441
1123474
1123494
1123504
1123544
1123576
1123642
1123713
1123793
1123813
1123832
1123857
1123862
1123875
1123882
1123890
1123895
1123906
1124007
1124029
1124073
1124123
1124230
1124279
1124286
1124422
1124427
1124485
1124503
1124614
1124657
1124661
1124786
1124955
1124958
1125010
1125022
1125071
1125082
1125095
1125135
1125152
1125159
1125181
1125213
1125223
1125372
1125413
1125461
1125479
1125515
1125541
1125619
1125643
1125660
1125679
1125764
1125771
1125815
1125832
1125876
1125888
1125910
1126005
1126023
1126029
1126051
1126067
1126080
1126126
1126184
1126248
1126277
1126408
1126438
1126531
1126550
1126584
1126593
1126612
1126650
1126725
1126749
1126835
1126843
1126867
1126917
1126948
1126979
1127000
1127035
1127053
1127105
1127138
1127144
1127150
1127157
1127159
1127236
1127255
1127298
1127327
1127502
1127532
1127571
1127618
1127724
1127840
1127908
1128002
1128038
1128052
1128149
1128164
1128202
1128212
1128230
1128257
1128363
1128426
1128530
1128601
1128613
1128626
1128641
1128654
1128659
1128810
1128938
1128941
1128971
1129038
1129119
1129185
1129223
1129251
1129255
1129402
1129422
1129516
1129573
1129605
1129623
1129625
1129636
1129660
1129674
1129675
1129696
1129760
1129782
1129879
1129885
1129903
1129968
1129988
1130006
1130012
1130050
1130178
1130190
1130196
1130204
1130240
1130247
1130366
1130458
1130476
1130562
1130572
1130585
1130688
1130699
1130721
1130745
1130750
1130819
1130837
1130867
1130874
1130889
1130929
1131004
1131125
1131149
1131165
1131274
1131346
1131414
1131502
1131561
1131654
1131663
1131684
1131732
1131748
1131754
1131760
1131799
1131969
1131977
1132003
1132025
1132062
1132193
1132203
1132269
1132289
1132321
1132328
1132384
1132452
1132479
1132613
1132644
1132710
1132715
1132740
1132870
1132929
1133003
1133005
1133045
1133049
1133070
1133101
1133249
1133263
1133402
1133432
1133463
1133488
1133507
1133561
1133578
1133589
1133646
1133738
1133746
1133782
1133802
1133843
1133947
1133962
1133972
1134133
1134194
1134246
1134284
1134367
1134426
1134429
1134594
1134602
1134675
1134720
1134772
1134804
1134820
1134842
1134870
1135084
1135189
1135201
1135261
1135297
1135418
1135434
1135465
1135497
1135574
1135578
1135744
1135803
1135907
1135970
1135997
1136116
1136182
1136209
1136220
1136264
1136268
1136271
1136376
1136444
1136626
1136644
1136652
1136725
1136745
1136778
1136823
1136882
1136911
1136944
1136955
1136968
1136969
1137006
1137060
1137198
1137238
1137292
1137470
1137584
1137628
1137641
1137667
1137685
1137718
1137746
1137766
1137822
1137860
1137876
1137911
1137925
1137937
1138045
1138064
1138094
1138113
1138121
1138158
1138177
1138200
1138258
1138283
1138290
1138354
1138378
1138404
1138466
1138561
1138647
1138686
1138741
1138750
1138775
1138794
1138805
1138821
1138908
1138911
1138943
1138969
1139002
1139012
1139044
1139107
1139189
1139254
1139260
1139489
1139509
1139577
1139583
1139743
1139792
1139797
1139812
1139854
1139982
1140004
1140060
1140145
1140193
1140200
1140206
1140228
1140237
1140244
1140311
1140375
1140381
1140479
1140495
1140546
1140603
1140630
1140685
1140781
1140787
1140804
1140814
1140870
1140909
1140955
1141035
1141112
1141113
1141136
1141160
1141186
1141287
1141420
1141449
1141456
1141511
1141543
1141555
1141599
1141720
1141788
1141825
1141835
1141839
1141863
1141930
1141958
1141968
1142119
1142122
1142153
1142190
1142201
1142250
1142270
1142284
1142300
1142383
1142509
1142535
1142562
1142611
1142634
1142646
1142731
1142836
1142850
1142999
1143196
1143225
1143261
1143290
1143334
1143541
1143543
1143560
1143578
1143607
1143614
1143667
1143706
1143723
1143727
1143751
1143810
1143865
1144115
1144166
1144172
1144321
1144334
1144415
1144465
1144476
1144522
1144536
1144637
1144647
1144691
1144725
1144744
1144760
1144768
1144843
1144854
1144861
1144869
1144875
1144881
1144888
1144958
1144971
1144986
1145025
1145083
1145141
1145180
1145214
1145236
1145270
1145338
1145357
1145381
1145432
1145475
1145482
1145491
1145509
1145510
1145546
1145592
1145623
1145658
1145677
1145702
1145755
1146099
1146133
1146140
1146176
1146197
1146222
1146252
1146254
1146270
1146284
1146339
1146366
1146405
1146460
1146478
1146488
1146510
1146578
1146610
1146663
1146690
1146728
1146788
1146815
1146830
1146844
1146880
1146895
1146924
1146944
1147027
1147122
1147171
1147180
1147197
1147254
1147422
1147428
1147480
1147527
1147645
1147669
1147686
1147769
1147776
1147782
1147818
1147837
1147922
1147951
1148012
1148041
1148078
1148184
1148267
1148287
1148380
1148404
1148471
1148634
1148638
1148693
1148732
1148749
1148763
1148768
1148816
1148831
1148841
1148943
1148960
1148988
1149010
1149072
1149091
1149127
1149129
1149143
1149149
1149252
1149282
1149320
1149325
1149382
1149430
1149468
1149480
1149483
1149544
1149560
1149570
1149634
1149657
1149716
1149720
1149763
1149780
1149809
1149835
1149845
1149885
1149918
1149925
1149966
1149976
1150021
1150028
1150042
1150135
1150206
1150290
1150293
1150328
1150355
1150438
1150455
1150462
1150468
1150647
1150719
1150724
1150742
1150753
1150763
1150787
1150801
1150812
1150855
1150908
1151034
1151071
1151077
1151311
1151326
1151381
1151408
1151427
1151440
1151503
1151539
1151547
1151560
1151621
1151636
1151756
1151791
1151827
1151841
1151871
1151926
1152001
1152030
1152036
1152104
1152193
1152302
1152375
1152392
1152454
1152503
1152523
1152694
1152700
1152704
1152728
1152777
1152796
1152804
1152828
1152836
1152879
1152988
1153009
1153090
1153124
1153136
1153145
1153240
1153262
1153413
1153483
1153547
1153569
1153584
1153620
1153705
1153872
1153954
1153956
1154012
1154055
1154099
1154126
1154225
1154367
1154377
1154390
1154422
1154435
1154460
1154520
1154525
1154569
1154583
1154600
1154645
1154669
1154680
1154748
1154800
1154824
1154829
1154842
1154855
1154875
1154928
1154931
1154952
1155050
1155108
1155131
1155179
1155232
1155256
1155264
1155324
1155364
1155423
1155458
1155474
1155566
1155589
1155643
1155745
1155795
1155829
1155861
1155963
1156004
1156049
1156057
1156066
1156093
1156168
1156186
1156189
1156319
1156332
1156393
1156501
1156519
1156589
1156610
1156645
1156661
1156668
1156694
1156709
1156754
1156821
1156849
1156893
1156896
1156968
1156984
1157008
1157016
1157048
1157074
1157085
1157088
1157135
1157159
1157195
1157252
1157309
1157329
1157351
1157406
1157408
1157421
1157450
1157479
1157487
1157617
1157635
1157665
1157785
1157843
1157867
1157971
1158036
1158074
1158209
1158264
1158339
1158359
1158376
1158455
1158458
1158507
1158525
1158531
1158548
1158606
1158657
1158660
1158673
1158700
1158737
1158761
1158775
1158783
1158799
1158818
1158837
1158864
1158884
1158957
1158962
1158977
1159039
1159121
1159148
1159247
1159267
1159282
1159286
1159331
1159338
1159346
1159349
1159485
1159544
1159547
1159548
1159568
1159610
1159644
1159658
1159665
1159682
1159693
1159814
1159868
1159880
1159914
1159919
1159931
1160067
1160089
1160112
1160116
1160184
1160191
1160205
1160252
1160255
1160270
1160272
1160327
1160454
1160495
1160610
1160706
1160725
1160752
1160758
1160779
1160863
1160882
1160896
1160965
1160967
1161013
1161033
1161036
1161104
1161120
1161150
1161193
1161217
1161242
1161253
1161275
1161343
1161349
1161352
1161366
1161456
1161476
1161509
1161544
1161597
1161633
1161710
1161758
1161809
1161821
1161872
1161891
1162017
1162061
1162153
1162159
1162184
1162197
1162231
1162280
1162440
1162541
1162653
1162669
1162788
1162834
1162870
1162881
1162915
1162929
1162936
1162956
1162978
1163063
1163243
1163278
1163331
1163367
1163375
1163389
1163394
1163472
1163606
1163627
1163701
1163835
1163867
1163959
1164043
1164074
1164162
1164210
1164212
1164225
1164315
1164391
1164404
1164555
1164572
1164619
1164688
1164695
1164780
1164821
1164842
1164874
1164937
1165028
1165085
1165138
1165166
1165235
1165249
1165345
1165356
1165373
1165411
1165526
1165547
1165673
1165721
1165805
1165865
1165882
1165962
1166026
1166034
1166050
1166075
1166082
1166194
1166220
1166248
1166265
1166399
1166454
1166461
1166470
1166484
1166573
1166594
1166661
1166680
1166694
1166700
1166730
1166745
1166751
1166816
1166826
1166841
1166872
1166907
1166932
1166952
1166973
1166993
1167000
1167040
1167095
1167161
1167201
1167232
1167282
1167402
1167471
1167487
1167501
1167544
1167551
1167605
1167623
1167632
1167638
1167639
1167734
1167739
1167822
1167836
1167856
1167873
1167918
1167994
1168051
1168139
1168158
1168165
1168168
1168240
1168271
1168283
1168328
1168350
1168444
1168507
1168515
1168601
1168643
1168721
1168738
1168747
1168773
1168798
1168874
1168876
1168908
1168924
1168983
1168996
1169174
1169184
1169189
1169199
1169204
1169234
1169266
1169270
1169290
1169331
1169352
1169462
1169554
1169648
1169679
1169723
1169808
1169819
1169828
1169860
1169880
1169891
1169909
1169947
1170018
1170034
1170041
1170087
1170182
1170218
1170253
1170288
1170312
1170321
1170422
1170432
1170444
1170460
1170486
1170534
1170569
1170592
1170640
1170649
1170668
1170707
1170712
1170730
1170780
1170784
1170868
1170915
1170917
1171033
1171042
1171061
1171084
1171100
1171102
1171122
1171245
1171254
1171270
1171286
1171371
1171381
1171383
1171388
1171423
1171552
1171597
1171639
1171663
1171710
1171824
1171841
1171934
1171996
1172015
1172026
1172032
1172041
1172057
1172078
1172152
1172168
1172235
1172274
1172291
1172315
1172374
1172384
1172419
1172488
1172491
1172510
1172561
1172563
1172602
1172606
1172660
1172666
1172799
1172864
1172868
1172870
1172886
1172941
1172956
1172963
1172980
1172986
1173036
1173071
1173095
1173132
1173146
1173152
1173166
1173241
1173308
1173360
1173406
1173423
1173443
1173466
1173536
1173541
1173557
1173820
1173828
1173838
1173910
1173970
1174040
1174057
1174083
1174301
1174367
1174462
1174614
1174681
1174691
1174724
1174736
1174864
1174886
1174953
1174958
1174982
1174999
1175118
1175153
1175286
1175334
1175350
1175373
1175446
1175449
1175533
1175561
1175599
1175650
1175700
1175717
1175735
1175781
1175817
1175837
1175852
1175904
1175939
1176005
1176070
1176270
1176325
1176520
1176525
1176615
1176619
1176632
1176642
1176704
1176811
1176819
1176829
1177022
1177031
1177049
1177084
1177090
1177098
1177130
1177163
1177240
1177366
1177379
1177488
1177571
1177588
1177606
1177742
1177743
1177747
1177764
1177769
1177775
1177782
1177791
1177814
1177823
1177829
1177847
1177858
1177878
1177939
1178060
1178195
1178340
1178372
1178382
1178391
1178435
1178445
1178533
1178547
1178564
1178571
1178645
1178647
1178651
1178688
1178705
1178734
1178745
1178795
1178804
1178819
1178831
1178888
1178934
1178971
1178996
1179018
1179166
1179205
1179243
1179259
1179336
1179341
1179352
1179433
1179513
1179529
1179535
1179637
1179664
1179721
1179752
1179758
1179762
1179769
1179791
1179924
1179936
1180003
1180133
1180157
1180177
1180324
1180335
1180405
1180491
1180529
1180537
1180583
1180616
1180699
1180710
1180817
1180825
1180836
1180949
1180961
1181011
1181057
1181110
1181152
1181253
1181262
1181343
1181357
1181395
1181406
1181408
1181452
1181528
1181545
1181554
1181681
1181711
1181757
1181770
1181818
1181916
1182090
1182372
1182392
1182421
1182441
1182503
1182525
1182528
1182533
1182539
1182553
1182606
1182610
1182637
1182675
1182694
1182767
1182848
1182875
1182944
1183007
1183040
1183316
1183327
1183422
1183438
1183567
1183709
1183720
1183743
1183810
1183853
1183889
1183904
1183935
1184017
1184023
1184080
1184198
1184234
1184242
1184338
1184360
1184518
1184625
1184648
1184684
1184774
1184782
1184818
1185119
1185142
1185206
1185255
1185277
1185286
1185293
1185378
1185384
1185397
1185423
1185584
1185644
1185659
1185694
1185777
1185793
1185861
1185863
1185944
1185989
1186006
1186041
1186044
1186048
1186092
1186138
1186238
1186263
1186307
1186345
1186384
1186409
1186485
1186496
1186501
1186576
1186581
1186586
1186699
1186773
1186785
1186788
1186802
1186889
1186896
1186905
1186909
1186940
1186947
1187009
1187019
1187061
1187062
1187071
1187153
1187205
1187217
1187227
1187300
1187321
1187359
1187454
1187478
1187490
1187492
1187509
1187598
1187617
1187621
1187630
1187738
1187864
1187958
1188008
1188035
1188043
1188091
1188171
1188248
1188276
1188292
1188344
1188363
1188366
1188448
1188525
1188564
1188653
1188660
1188669
1188709
1188726
1188734
1188745
1188749
1188818
1188831
1188844
1188856
1188897
1188918
1188943
1188990
1188996
1189050
1189174
1189179
1189211
1189226
1189248
1189276
1189298
1189308
1189333
1189335
1189363
1189390
1189398
1189441
1189519
1189616
1189674
1189730
1189733
1189804
1189857
1189998
1190033
1190035
1190097
1190107
1190242
1190246
1190269
1190333
1190395
1190399
1190417
1190449
1190518
1190596
1190640
1190646
1190969
1190973
1191006
1191010
1191094
1191281
1191286
1191406
1191438
1191537
1191606
1191621
1191672
1191680
1191697
1191705
1191717
1191736
1191811
1191922
1192122
1192308
1192311
1192340
1192343
1192351
1192366
1192489
1192516
1192525
1192547
1192567
1192675
1192681
1192704
1192781
1192785
1192794
1192805
1192887
1192970
1193145
1193149
1193210
1193218
1193272
1193294
1193329
1193332
1193377
1193515
1193594
1193658
1193697
1193713
1193810
1193821
1193857
1194141
1194175
1194182
1194203
1194217
1194230
1194271
1194276
1194280
1194298
1194394
1194397
1194456
1194466
1194470
1194511
1194568
1194570
1194590
1194659
1194677
1194720
1194746
1194844
1194905
1194940
1194974
1195037
1195072
1195134
1195191
1195270
1195288
1195304
1195384
1195420
1195423
1195449
1195593
1195596
1195602
1195625
1195648
1195701
1195706
1195741
1195776
1195783
1195856
1195860
1195874
1195918
1195921
1195984
1196049
1196095
1196152
1196251
1196397
1196446
1196464
1196470
1196485
1196572
1196589
1196610
1196652
1196694
1196714
1196743
1196752
1196767
1196821
1196862
1196875
1196883
1196909
1196945
1196951
1196982
1196993
1197178
1197204
1197209
1197254
1197291
1197303
1197382
1197390
1197398
1197443
1197557
1197619
1197628
1197635
1197656
1197678
1197729
1197763
1197777
1197804
1197885
1197915
1197918
1197962
1197972
1197991
1198017
1198050
1198084
1198093
1198103
1198107
1198275
1198279
1198300
1198396
1198418
1198438
1198455
1198516
1198588
1198855
1198873
1198894
1198914
1198982
1199043
1199122
1199128
1199195
1199354
1199462
1199468
1199600
1199629
1199709
1199755
1199758
1199787
1199813
1199932
1199944
1199963
1200088
1200103
1200129
1200225
1200247
1200333
1200460
1200503
1200572
1200638
1200788
1200789
1200809
1200825
1200879
1200893
1200927
1200987
1200993
1201023
1201063
1201127
1201218
1201220
1201269
1201340
1201402
1201425
1201452
1201513
1201580
1201601
1201649
1201662
1201704
1201711
1201747
1201820
1201893
1201966
1202047
1202054
1202118
1202125
1202182
1202193
1202218
1202339
1202343
1202364
1202367
1202480
1202577
1202583
1202746
1202768
1202774
1202827
1202847
1202897
1202963
1203015
1203248
1203360
1203381
1203404
1203421
1203428
1203449
1203454
1203507
1203581
1203618
1203671
1203703
1203711
1203794
1203810
1203827
1203973
1204002
1204018
1204029
1204097
1204158
1204166
1204174
1204210
1204273
1204286
1204345
1204350
1204396
1204479
1204510
1204532
1204539
1204544
1204601
1204728
1204755
1204965
1204979
1205020
1205054
1205082
1205116
1205125
1205132
1205190
1205198
1205224
1205242
1205401
1205419
1205440
1205474
1205532
1205580
1205609
1205663
1205788
1205795
1205878
1205923
1205947
1205952
1205957
1205967
1205976
1206000
1206033
1206043
1206174
1206294
1206344
1206368
1206382
1206402
1206412
1206491
1206502
1206543
1206589
1206619
1206628
1206653
1206884
1206920
1206927
1206949
1206951
1207024
1207048
1207148
1207248
1207263
1207343
1207393
1207407
1207454
1207491
1207526
1207585
1207603
1207621
1207628
1207704
1207709
1207721
1207760
1207854
1207898
1207909
1207945
1207984
1208036
1208055
1208089
1208110
1208118
1208168
1208289
1208320
1208463
1208542
1208553
1208574
1208709
1208728
1208736
1208769
1208823
1208828
1208929
1208960
1208963
1208972
1209003
1209011
1209049
1209064
1209130
1209170
1209201
1209236
1209255
1209339
1209422
1209429
1209488
1209661
1209681
1209790
1209804
1209842
1209848
1209939
1210035
1210043
1210071
1210116
1210157
1210236
1210252
1210405
1210409
1210517
1210524
1210530
1210542
1210553
1210610
1210643
1210674
1210692
1210775
1210798
1210879
1210919
1210947
1210984
1211006
1211085
1211112
1211191
1211214
1211226
1211228
1211346
1211417
1211438
1211465
1211509
1211516
1211535
1211536
1211540
1211620
1211622
1211671
1211702
1211707
1211713
1211723
1211736
1211778
1211783
1211821
1211949
1212004
1212009
1212066
1212092
1212135
1212297
1212304
1212458
1212464
1212504
1212543
1212590
1212626
1212673
1212728
1212835
1212968
1213027
1213049
1213062
1213083
1213088
1213160
1213173
1213180
1213191
1213393
1213417
1213431
1213585
1213608
1213654
1213720
1213748
1213806
1213828
1213842
1213848
1213861
1213878
1213948
1213952
1214004
1214052
1214066
1214105
1214161
1214172
1214278
1214355
1214358
1214449
1214486
1214503
1214511
1214547
1214598
1214601
1214623
1214649
1214719
1214770
1214803
1214886
1214950
1214991
1215033
1215082
1215115
1215133
1215165
1215168
1215181
1215222
1215232
1215273
1215287
1215330
1215334
1215351
1215394
1215415
1215463
1215539
1215590
1215622
1215747
1215770
1215777
1215843
1215882
1215893
1215932
1215983
1216089
1216132
1216147
1216160
1216201
1216223
1216240
1216256
1216335
1216392
1216410
1216443
1216461
1216511
1216573
1216613
1216641
1216689
1216697
1216714
1216724
1216741
1216777
1216831
1216870
1216883
1216916
1216932
1216933
1216959
1217014
1217025
1217064
1217277
1217312
1217323
1217328
1217439
1217508
1217597
1217662
1217673
1217684
1217691
1217698
1217771
1217862
1217931
1217943
1218206
1218264
1218268
1218275
1218309
1218339
1218372
1218434
1218464
1218472
1218481
1218500
1218551
1218677
1218734
1218741
1218764
1218776
1218871
1218901
1218905
1218919
1218924
1218936
1219191
1219197
1219321
1219351
1219386
1219446
1219499
1219561
1219667
1219678
1219745
1219830
1219921
1219925
1219998
1220047
1220093
1220153
1220157
1220253
1220326
1220393
1220447
1220454
1220460
1220471
1220526
1220637
1220686
1220690
1220712
1220756
1220775
1220792
1220795
1220816
1220947
1220971
1220979
1221074
1221093
1221151
1221320
1221353
1221438
1221633
1221655
1221707
1221774
1221800
1221805
1221828
1221927
1221940
1221944
1221953
1221972
1221997
1222001
1222022
1222036
1222041
1222166
1222190
1222202
1222316
1222342
1222354
1222357
1222364
1222386
1222417
1222422
1222433
1222445
1222467
1222509
1222608
1222617
1222630
1222780
1222788
1222851
1222871
1222891
1222977
1223003
1223032
1223074
1223091
1223148
1223185
1223208
1223266
1223307
1223318
1223338
1223436
1223497
1223514
1223528
1223558
1223637
1223736
1223769
1223793
1223800
1223866
1223913
1223924
1223928
1223955
1224016
1224051
1224066
1224146
1224237
1224284
1224370
1224460
1224500
1224602
1224649
1224704
1224713
1224775
1224845
1224864
1224964
1224990
1224998
1225007
1225019
1225029
1225094
1225103
1225165
1225214
1225229
1225253
1225311
1225339
1225392
1225407
1225426
1225446
1225455
1225465
1225479
1225488
1225499
1225581
1225719
1225732
1225734
1225776
1225836
1225858
1225921
1225933
1226002
1226009
1226013
1226023
1226028
1226035
1226055
1226059
1226089
1226111
1226115
1226171
1226198
1226295
1226314
1226349
1226352
1226364
1226390
1226410
1226442
1226450
1226468
1226526
1226538
1226583
1226616
1226652
1226675
1226679
1226741
1226833
1226864
1226873
1226920
1226922
1226941
1227006
1227034
1227163
1227291
1227293
1227365
1227375
1227404
1227458
1227499
1227569
1227574
1227629
1227657
1227705
1227733
1227815
1227856
1227859
1227886
1227888
1227908
1227925
1227974
1228054
1228086
1228107
1228218
1228250
1228332
1228405
1228462
1228464
1228741
1228873
1228877
1228887
1228892
1228912
1228997
1229031
1229064
1229068
1229133
1229191
1229203
1229272
1229284
1229349
1229381
1229414
1229425
1229467
1229503
1229514
1229559
1229626
1229651
1229702
1229719
1229724
1229739
1229763
1229796
1229828
1229888
1229913
1229940
1229959
1230010
1230047
1230066
1230085
1230162
1230365
1230383
1230419
1230454
1230609
1230628
1230681
1230687
1230783
1230786
1230833
1230848
1230883
1230953
1231074
1231076
1231127
1231193
1231540
1231566
1231582
1231659
1231701
1231749
1231755
1231914
1232042
1232090
1232174
1232227
1232254
1232281
1232290
1232299
1232357
1232391
1232404
1232406
1232481
1232491
1232545
1232591
1232630
1232660
1232673
1232736
1232796
1232798
1232919
1232931
1232977
1232986
1233000
1233037
1233086
1233092
1233178
1233254
1233265
1233271
1233278
1233287
1233292
1233302
1233314
1233367
1233372
1233388
1233406
1233431
1233450
1233479
1233489
1233538
1233611
1233624
1233627
1233647
1233679
1233682
1233706
1233709
1233718
1233878
1233896
1233978
1234004
1234021
1234058
1234070
1234147
1234190
1234227
1234233
1234243
1234269
1234329
1234407
1234536
1234598
1234649
1234696
1234768
1234868
1234951
1234952
1234956
1234968
1234971
1235095
1235147
1235149
1235166
1235170
1235224
1235350
1235365
1235439
1235500
1235671
1235703
1235707
1235735
1235740
1235792
1235842
1235858
1235892
1235901
1235918
1235925
1235933
1235944
1235950
1235951
1235996
1236180
1236302
1236495
1236505
1236528
1236550
1236558
1236573
1236581
1236613
1236648
1236758
1236803
1236819
1236830
1236849
1236873
1236923
1236952
1237076
1237127
1237153
1237155
1237235
1237319
1237328
1237384
1237400
1237456
1237466
1237468
1237479
1237520
1237626
1237690
1237700
1237706
1237743
1237774
1237882
1237884
1237964
1238083
1238123
1238165
1238292
1238358
1238367
1238389
1238405
1238410
1238527
1238555
1238593
1238603
1238841
1238880
1238928
1238991
1239049
1239120
1239156
1239172
1239182
1239212
1239232
1239368
1239387
1239420
1239425
1239466
1239626
1239637
1239684
1239692
1239709
1239713
1239756
1239798
1239818
1239851
1239885
1239889
1240005
1240023
1240086
1240113
1240168
1240240
1240287
1240317
1240398
1240413
1240435
1240549
1240563
1240580
1240661
1240663
1240669
1240694
1240772
1240775
1240786
1240818
1240825
1240892
1240902
1240909
1240935
1240992
1241065
1241073
1241096
1241173
1241275
1241336
1241410
1241424
1241582
1241627
1241768
1241859
1241867
1241893
1241957
1241984
1242023
1242084
1242114
1242153
1242155
1242167
1242185
1242199
1242201
1242203
1242272
1242339
1242446
1242469
1242551
1242571
1242636
1242653
1242682
1242695
1242718
1242824
1242871
1242933
1242960
1242970
1242997
1243070
1243228
1243274
1243303
1243360
1243393
1243408
1243416
1243468
1243502
1243522
1243527
1243594
1243603
1243659
1243670
1243722
1243746
1243848
1243932
1243936
1243941
1243983
1244076
1244090
1244100
1244173
1244187
1244220
1244240
1244367
1244374
1244376
1244404
1244667
1244710
1244722
1244763
1244804
1244877
1244891
1244927
1244947
1244962
1245002
1245005
1245011
1245061
1245073
1245100
1245247
1245342
1245421
1245454
1245508
1245547
1245554
1245594
1245627
1245638
1245657
1245705
1245822
1245885
1245893
1245952
1246029
1246111
1246229
1246382
1246389
1246417
1246472
1246504
1246538
1246624
1246632
1246720
1246769
1246813
1246833
1246859
1246899
1246971
1246977
1246982
1246987
1247037
1247041
1247131
1247316
1247410
1247432
1247465
1247493
1247523
1247535
1247548
1247585
1247750
1247847
1247853
1247867
1247872
1247882
1247891
1247905
1248081
1248113
1248165
1248187
1248308
1248370
1248470
1248525
1248627
1248645
1248648
1248677
1248721
1248748
1248795
1248797
1248801
1248835
1248841
1248905
1248989
1249041
1249054
1249166
1249270
1249294
1249300
1249307
1249382
1249467
1249509
1249549
1249556
1249571
1249655
1249663
1249708
1249730
1249742
1249751
1249815
1249870
1249874
1249913
1249939
1249952
1249971
1249989
1250002
1250025
1250057
1250136
1250156
1250196
1250218
1250388
1250404
1250419
1250452
1250474
1250488
1250501
1250507
1250510
1250535
1250558
1250585
1250642
1250665
1250679
1250701
1250715
1250740
1250768
1250814
1250851
1250853
1250872
1250977
1251066
1251121
1251197
1251207
1251225
1251287
1251313
1251374
1251379
1251387
1251399
1251403
1251431
1251514
1251548
1251557
1251599
1251609
1251683
1251753
1251846
1251859
1251937
1251962
1252073
1252102
1252278
1252288
1252330
1252412
1252430
1252541
1252611
1252749
1252791
1252804
1252809
1252821
1253106
1253200
1253215
1253263
1253290
1253305
1253407
1253419
1253521
1253539
1253564
1253612
1253657
1253659
1253720
1253775
1253781
1253843
1253991
1254042
1254082
1254100
1254107
1254120
1254126
1254132
1254160
1254174
1254218
1254224
1254239
1254268
1254408
1254415
1254454
1254466
1254471
1254510
1254518
1254636
1254662
1254786
1254788
1254796
1254845
1254855
1254912
1254942
1254952
1254963
1254993
1255132
1255180
1255361
1255384
1255404
1255429
1255449
1255510
1255562
1255570
1255581
1255585
1255633
1255655
1255724
1255772
1255778
1255787
1255811
1255849
1255866
1256021
1256158
1256185
1256187
1256283
1256313
1256494
1256502
1256519
1256548
1256619
1256629
1256647
1256659
1256687
1256721
1256725
1256794
1256855
1256893
1256952
1256970
1256989
1257069
1257080
1257240
1257307
1257390
1257403
1257454
1257475
1257539
1257556
1257575
1257597
1257601
1257676
1257693
1257707
1257749
1257835
1257859
1257943
1257948
1258034
1258126
1258128
1258152
1258248
1258278
1258344
1258362
1258407
1258415
1258433
1258495
1258524
1258533
1258564
1258579
1258586
1258612
1258622
1258657
1258665
1258741
1258752
1258827
1258889
1258892
1259089
1259206
1259212
1259220
1259269
1259286
1259324
1259344
1259379
1259441
1259443
1259476
1259529
1259557
1259610
1259669
1259692
1259708
1259713
1259758
1259834
1259863
1259982
1259986
1260146
1260192
1260399
1260408
1260429
1260461
1260668
1260748
1260749
1260769
1260839
1260875
1260954
1260996
1261018
1261052
1261074
1261085
1261128
1261133
1261148
1261194
1261221
1261249
1261394
1261396
1261491
1261503
1261508
1261588
1261599
1261613
1261701
1261721
1261743
1261801
1261816
1261867
1261932
1261957
1261966
1261987
1262031
1262049
1262086
1262116
1262153
1262159
1262232
1262288
1262418
1262469
1262541
1262609
1262670
1262874
1262882
1262904
1262983
1263008
1263030
1263158
1263179
1263250
1263281
1263289
1263323
1263331
1263416
1263578
1263580
1263664
1263685
1263736
1263811
1263825
1263867
1263868
1263888
1263890
1263907
1263931
1264149
1264265
1264294
1264328
1264389
1264397
1264400
1264415
1264467
1264524
1264546
1264643
1264657
1264708
1264727
1264767
1264808
1264812
1264853
1264945
1264959
1265002
1265046
1265101
1265111
1265120
1265124
1265233
1265246
1265326
1265335
1265416
1265435
1265535
1265543
1265547
1265594
1265666
1265708
1265750
1265793
1265818
1265824
1265860
1265898
1265980
1265985
1265997
1266063
1266093
1266257
1266299
1266392
1266415
1266428
1266517
1266564
1266568
1266579
1266614
1266654
1266669
1266798
1266897
1266904
1266918
1266945
1266973
1267014
1267031
1267050
1267082
1267108
1267159
1267180
1267207
1267271
1267295
1267366
1267379
1267391
1267400
1267411
1267489
1267510
1267543
1267657
1267708
1267993
1268004
1268019
1268046
1268127
1268149
1268155
1268269
1268299
1268302
1268327
1268331
1268456
1268477
1268478
1268493
1268514
1268530
1268547
1268580
1268610
1268614
1268617
1268622
1268645
1268787
1268892
1268932
1268939
1268949
1268988
1268993
1269012
1269117
1269131
1269193
1269213
1269237
1269289
1269303
1269372
1269413
1269472
1269588
1269626
1269772
1269811
1269892
1269909
1269947
1269967
1269999
1270014
1270035
1270129
1270172
1270201
1270230
1270301
1270350
1270381
1270395
1270404
1270439
1270460
1270469
1270471
1270498
1270513
1270544
1270579
1270585
1270612
1270666
1270683
1270690
1270704
1270774
1270779
1270789
1270884
1270969
1270975
1271120
1271143
1271155
1271169
1271208
1271260
1271311
1271362
1271374
1271412
1271470
1271491
1271526
1271563
1271600
1271607
1271647
1271682
1271709
1271817
1271830
1271990
1272106
1272117
1272120
1272158
1272200
1272228
1272270
1272288
1272333
1272455
1272487
1272558
1272627
1272658
1272681
1272740
1272760
1272819
1272832
1272869
1272902
1272974
1272997
1273007
1273081
1273109
1273148
1273204
1273234
1273257
1273263
1273288
1273290
1273530
1273566
1273647
1273660
1273702
1273756
1273881
1273900
1273928
1273977
1273983
1274029
1274068
1274086
1274102
1274126
1274286
1274302
1274389
1274406
1274431
1274436
1274519
1274545
1274607
1274678
1274719
1274846
1274878
1274884
1274966
1275003
1275050
1275210
1275401
1275503
1275526
1275537
1275553
1275568
1275576
1275602
1275618
1275626
1275718
1275748
1275774
1275777
1275809
1275820
1275944
1276129
1276137
1276145
1276167
1276212
1276216
1276279
1276309
1276313
1276423
1276424
1276475
1276504
1276511
1276539
1276611
1276940
1276975
1277025
1277068
1277104
1277127
1277249
1277325
1277334
1277340
1277362
1277387
1277395
1277491
1277604
1277667
1277672
1277678
1277689
1277882
1277902
1277926
1277946
1277947
1277983
1278124
1278175
1278249
1278259
1278304
1278350
1278401
1278413
1278476
1278517
1278621
1278707
1278770
1278904
1278931
1278936
1278994
1279019
1279052
1279091
1279092
1279099
1279149
1279182
1279201
1279217
1279230
1279232
1279272
1279568
1279583
1279590
1279635
1279847
1280162
1280194
1280198
1280238
1280352
1280377
1280404
1280454
1280475
1280484
1280501
1280594
1280624
1280625
1280778
1280786
1280905
1280972
1281013
1281023
1281045
1281199
1281214
1281227
1281235
1281321
1281426
1281433
1281494
1281507
1281513
1281531
1281535
1281570
1281614
1281621
1281669
1281738
1281766
1281783
1281809
1281893
1281902
1281924
1281954
1281960
1281964
1282053
1282085
1282088
1282108
1282154
1282380
1282467
1282558
1282597
1282674
1282683
1282720
1282729
1282743
1282762
1282897
1282905
1282925
1282937
1282966
1283051
1283067
1283164
1283234
1283257
1283280
1283299
1283343
1283416
1283459
1283489
1283534
1283631
1283643
1283699
1283811
1283826
1283866
1283880
1283902
1283909
1283925
1283939
1283949
1284006
1284098
1284131
1284160
1284261
1284312
1284335
1284337
1284351
1284353
1284400
1284586
1284601
1284615
1284673
1284778
1284789
1284811
1284864
1284911
1284923
1284935
1284951
1285067
1285192
1285337
1285411
1285427
1285470
1285502
1285525
1285550
1285566
1285571
1285585
1285603
1285709
1285924
1285936
1285982
1286009
1286060
1286065
1286078
1286123
1286141
1286268
1286271
1286323
1286341
1286402
1286436
1286446
1286456
1286497
1286501
1286520
1286533
1286566
1286644
1286657
1286664
1286721
1286735
1286777
1286883
1287036
1287043
1287074
1287268
1287280
1287325
1287349
1287388
1287474
1287495
1287507
1287523
1287529
1287552
1287582
1287631
1287787
1287804
1287841
1287852
1287857
1287882
1287919
1287924
1287963
1288001
1288062
1288065
1288113
1288196
1288232
1288234
1288238
1288300
1288318
1288395
1288561
1288586
1288622
1288686
1288693
1288729
1288747
1288749
1288835
1288841
1288846
1288861
1289010
1289012
1289037
1289065
1289114
1289188
1289232
1289374
1289407
1289472
1289530
1289631
1289639
1289651
1289654
1289656
1289709
1289720
1289739
1289787
1289798
1289897
1289926
1289977
1289996
1290011
1290039
1290053
1290095
1290119
1290131
1290197
1290331
1290345
1290368
1290378
1290390
1290450
1290455
1290580
1290615
1290720
1290754
1290858
1290914
1290918
1290927
1291018
1291030
1291064
1291102
1291147
1291160
1291164
1291174
1291196
1291202
1291269
1291276
1291318
1291502
1291525
1291526
1291557
1291598
1291603
1291713
1291727
1291921
1291936
1291980
1291985
1291998
1292004
1292026
1292098
1292152
1292294
1292302
1292383
1292501
1292539
1292548
1292605
1292753
1293112
1293121
1293130
1293187
1293223
1293313
1293365
1293375
1293426
1293429
1293440
1293542
1293552
1293608
1293625
1293652
1293689
1293782
1293819
1293826
1293864
1293915
1293940
1293972
1294011
1294032
1294120
1294158
1294187
1294216
1294248
1294257
1294290
1294295
1294705
1294735
1294749
1294791
1294795
1294808
1294810
1294815
1294821
1294868
1294914
1294943
1295011
1295016
1295081
1295117
1295161
1295165
1295213
1295291
1295294
1295342
1295366
1295415
1295442
1295448
1295481
1295504
1295557
1295582
1295602
1295615
1295871
1295944
1295965
1295990
1296004
1296015
1296037
1296079
1296105
1296111
1296120
1296151
1296156
1296281
1296297
1296361
1296374
1296405
1296474
1296557
1296652
1296683
1296722
1296767
1296785
1296822
1296868
1296953
1296987
1296993
1296999
1297045
1297117
1297142
1297191
1297240
1297253
1297292
1297353
1297415
1297524
1297594
1297691
1297722
1297791
1297819
1297892
1298056
1298130
1298147
1298196
1298229
1298260
1298280
1298311
1298395
1298402
1298413
1298418
1298435
1298456
1298483
1298501
1298531
1298553
1298581
1298662
1298671
1298702
1298704
1298708
1298778
1298788
1298797
1298856
1298887
1298913
1298963
1298976
1299124
1299141
1299221
1299263
1299365
1299528
1299541
1299559
1299566
1299662
1299711
1299818
1299836
1299943
1300014
1300027
1300067
1300131
1300141
1300147
1300149
1300246
1300251
1300258
1300325
1300330
1300353
1300429
1300440
1300463
1300517
1300525
1300677
1300734
1300822
1300837
1300851
1301019
1301045
1301092
1301165
1301259
1301264
1301296
1301340
1301367
1301591
1301610
1301718
1301731
1301739
1301766
1301805
1301907
1302017
1302029
1302034
1302050
1302108
1302136
1302142
1302184
1302301
1302308
1302318
1302337
1302380
1302447
1302631
1302653
1302655
1302661
1302665
1302736
1302826
1302902
1302926
1303066
1303134
1303156
1303161
1303177
1303190
1303219
1303240
1303246
1303336
1303434
1303503
1303538
1303562
1303578
1303686
1303738
1303753
1303855
1303909
1303916
1303922
1303927
1304021
1304031
1304098
1304230
1304283
1304443
1304496
1304553
1304726
1304750
1304807
1304817
1304945
1304955
1305009
1305101
1305131
1305203
1305222
1305248
1305258
1305362
1305380
1305407
1305420
1305429
1305512
1305561
1305622
1305663
1305756
1305832
1305838
1306006
1306030
1306064
1306109
1306229
1306328
1306485
1306530
1306557
1306588
1306610
1306638
1306654
1306679
1306683
1306730
1306742
1306820
1306922
1306930
1306962
1307041
1307085
1307113
1307156
1307160
1307275
1307327
1307346
1307395
1307492
1307530
1307691
1307716
1307865
1307900
1307913
1307925
1307955
1307976
1308020
1308030
1308048
1308059
1308093
1308190
1308202
1308231
1308298
1308328
1308414
1308419
1308431
1308453
1308507
1308531
1308622
1308679
1308730
1308766
1308792
1308805
1308898
1308914
1308946
1308954
1308997
1309026
1309049
1309203
1309221
1309279
1309308
1309405
1309421
1309499
1309502
1309525
1309570
1309604
1309615
1309744
1309755
1309766
1309771
1309797
1309837
1309843
1309911
1309954
1310030
1310081
1310134
1310137
1310156
1310226
1310234
1310239
1310270
1310276
1310335
1310346
1310388
1310449
1310545
1310570
1310756
1310807
1310911
1310974
1311011
1311013
1311105
1311221
1311255
1311383
1311392
1311397
1311448
1311471
1311528
1311627
1311687
1311705
1311710
1311735
1311761
1311787
1311797
1311800
1311836
1312066
1312070
1312108
1312122
1312134
1312148
1312149
1312203
1312242
1312335
1312422
1312466
1312546
1312602
1312638
1312645
1312721
1312739
1312818
1312888
1312891
1312893
1312927
1312952
1313039
1313045
1313052
1313083
1313156
1313167
1313208
1313292
1313341
1313370
1313566
1313590
1313620
1313638
1313641
1313657
1313676
1313697
1313714
1313732
1313774
1313873
1313933
1313994
1314034
1314088
1314092
1314106
1314143
1314161
1314243
1314273
1314371
1314380
1314438
1314591
1314618
1314700
1314784
1314804
1314820
1314830
1314881
1314942
1314975
1315054
1315159
1315176
1315203
1315228
1315312
1315319
1315326
1315330
1315353
1315380
1315382
1315397
1315424
1315431
1315521
1315538
1315580
1315601
1315616
1315638
1315695
1315768
1315839
1315954
1315994
1316041
1316055
1316058
1316093
1316110
1316159
1316164
1316173
1316198
1316231
1316235
1316279
1316291
1316294
1316318
1316386
1316435
1316583
1316836
1316842
1316870
1316891
1316929
1317015
1317034
1317038
1317044
1317105
1317136
1317142
1317200
1317219
1317233
1317239
1317280
1317308
1317432
1317439
1317443
1317470
1317504
1317516
1317518
1317543
1317589
1317627
1317697
1317707
1317710
1317720
1317726
1317740
1317755
1317776
1317782
1317813
1317818
1317842
1317844
1317931
1317942
1317961
1318036
1318174
1318230
1318353
1318400
1318446
1318574
1318609
1318735
1318745
1318760
1318904
1318974
1318994
1319066
1319105
1319161
1319193
1319319
1319328
1319533
1319604
1319644
1319672
1319779
1319784
1319794
1319869
1320029
1320041
1320044
1320052
1320092
1320189
1320210
1320283
1320386
1320389
1320449
1320463
1320465
1320495
1320549
1320618
1320623
1320647
1320696
1320719
1320801
1320807
1320895
1320906
1320919
1320944
1321093
1321158
1321176
1321190
1321251
1321282
1321317
1321412
1321420
1321440
1321479
1321520
1321578
1321587
1321594
1321636
1321694
1321700
1321735
1321763
1321783
1321819
1321844
1321867
1321874
1321961
1321969
1321994
1322005
1322041
1322080
1322098
1322147
1322214
1322220
1322226
1322270
1322273
1322281
1322296
1322326
1322372
1322470
1322607
1322637
1322685
1322761
1322789
1322801
1322831
1322884
1322907
1322908
1322997
1323010
1323067
1323140
1323142
1323149
1323160
1323323
1323363
1323396
1323457
1323511
1323551
1323579
1323590
1323599
1323713
1323715
1323774
1323775
1323784
1323789
1323801
1323824
1323852
1323864
1323873
1323900
1323908
1323977
1324013
1324058
1324113
1324124
1324200
1324208
1324316
1324436
1324485
1324520
1324522
1324565
1324570
1324585
1324598
1324630
1324651
1324656
1324680
1324692
1324719
1324766
1324896
1324923
1324979
1325079
1325126
1325185
1325201
1325239
1325300
1325307
1325391
1325444
1325464
1325515
1325536
1325572
1325576
1325655
1325663
1325717
1325734
1325777
1325801
1325843
1325911
1325915
1325945
1325947
1325982
1326007
1326014
1326094
1326156
1326194
1326250
1326267
1326478
1326666
1326707
1326812
1326872
1326947
1326953
1327065
1327149
1327209
1327331
1327365
1327372
1327388
1327481
1327535
1327553
1327595
1327656
1327731
1327794
1327799
1327849
1327916
1327927
1327929
1327947
1327969
1328043
1328075
1328123
1328208
1328237
1328241
1328281
1328315
1328400
1328402
1328448
1328547
1328563
1328602
1328679
1328690
1328693
1328698
1328714
1328725
1328747
1328818
1328835
1328843
1328922
1328935
1328973
1329018
1329040
1329067
1329091
1329139
1329186
1329257
1329264
1329298
1329333
1329412
1329487
1329552
1329572
1329593
1329599
1329631
1329697
1329726
1329910
1329919
1329938
1329942
1329976
1330005
1330072
1330105
1330112
1330218
1330240
1330255
1330259
1330267
1330296
1330380
1330441
1330461
1330466
1330512
1330622
1330626
1330645
1330662
1330677
1330690
1330777
1330813
1330822
1331136
1331196
1331218
1331277
1331309
1331372
1331421
1331426
1331538
1331929
1331945
1332046
1332075
1332131
1332138
1332145
1332172
1332185
1332202
1332207
1332219
1332232
1332252
1332275
1332404
1332430
1332491
1332513
1332525
1332539
1332547
1332556
1332564
1332588
1332645
1332649
1332665
1332708
1332755
1332787
1332790
1332802
1332878
1332883
1332948
1332957
1333021
1333107
1333136
1333147
1333169
1333352
1333372
1333379
1333409
1333468
1333553
1333602
1333607
1333624
1333627
1333628
1333703
1333739
1333744
1333757
1333833
1333924
1333944
1333952
1333957
1334047
1334186
1334221
1334324
1334332
1334343
1334425
1334469
1334530
1334537
1334565
1334604
1334613
1334616
1334687
1334695
1334722
1334737
1334764
1334818
1334894
1334906
1335022
1335094
1335117
1335164
1335174
1335303
1335317
1335327
1335415
1335442
1335456
1335539
1335570
1335613
1335849
1335893
1335901
1335908
1335973
1336008
1336123
1336149
1336162
1336271
1336341
1336371
1336384
1336443
1336493
1336497
1336548
1336565
1336578
1336718
1336761
1336781
1336810
1336824
1336877
1336904
1337043
1337093
1337143
1337220
1337257
1337311
1337348
1337378
1337411
1337428
1337499
1337513
1337519
1337542
1337596
1337604
1337626
1337630
1337840
1337857
1337867
1337978
1338010
1338017
1338053
1338191
1338295
1338332
1338344
1338391
1338563
1338620
1338640
1338652
1338681
1338685
1338696
1338709
1338758
1338838
1338853
1338903
1338931
1338984
1339042
1339096
1339132
1339136
1339209
1339226
1339295
1339461
1339605
1339771
1339852
1339893
1339936
1339995
1340023
1340039
1340068
1340093
1340122
1340154
1340237
1340244
1340295
1340344
1340357
1340364
1340451
1340469
1340524
1340541
1340551
1340609
1340693
1340721
1340753
1340756
1340789
1340833
1340842
1340921
1340989
1341004
1341043
1341073
1341105
1341197
1341209
1341254
1341273
1341297
1341548
1341554
1341567
1341578
1341617
1341645
1341663
1341697
1341705
1341796
1341884
1341919
1341937
1341966
1342002
1342009
1342010
1342023
1342031
1342036
1342053
1342066
1342155
1342240
1342303
1342389
1342417
1342485
1342498
1342530
1342532
1342567
1342687
1342760
1342809
1342985
1342987
1342994
1343160
1343240
1343284
1343368
1343416
1343448
1343465
1343512
1343608
1343728
1343737
1343784
1343814
1343877
1343881
1343901
1343911
1343935
1344043
1344052
1344104
1344146
1344154
1344185
1344187
1344207
1344234
1344254
1344413
1344426
1344441
1344563
1344633
1344636
1344646
1344702
1344729
1344767
1344790
1344883
1344954
1345084
1345159
1345205
1345212
1345220
1345228
1345243
1345299
1345322
1345374
1345386
1345395
1345413
1345469
1345472
1345476
1345500
1345549
1345571
1345692
1345740
1345752
1345792
1345820
1345895
1345912
1345979
1345998
1346068
1346114
1346133
1346171
1346198
1346208
1346247
1346253
1346275
1346282
1346323
1346378
1346392
1346398
1346434
1346685
1346722
1346768
1346817
1346827
1346866
1346884
1346934
1346948
1346960
1347034
1347053
1347055
1347183
1347197
1347259
1347264
1347304
1347314
1347357
1347390
1347443
1347498
1347532
1347564
1347595
1347693
1347766
1347783
1347787
1347922
1347934
1347992
1348005
1348023
1348049
1348077
1348111
1348152
1348247
1348256
1348327
1348339
1348372
1348398
1348415
1348436
1348526
1348539
1348603
1348649
1348746
1348767
1348782
1348795
1348811
1348817
1348821
1348829
1348859
1348920
1348961
1348972
1349036
1349040
1349148
1349223
1349243
1349247
1349263
1349376
1349417
1349695
1349706
1349745
1349748
1349775
1349780
1349842
1349963
1350006
1350245
1350270
1350318
1350400
1350411
1350422
1350448
1350506
1350515
1350526
1350593
1350611
1350665
1350697
1350710
1350751
1350760
1350783
1350893
1350928
1350944
1351092
1351150
1351208
1351280
1351300
1351317
1351337
1351382
1351389
1351426
1351469
1351639
1351647
1351717
1351723
1351887
1351920
1351952
1351959
1351982
1351995
1352007
1352031
1352101
1352148
1352176
1352180
1352247
1352323
1352373
1352389
1352402
1352436
1352447
1352464
1352478
1352554
1352664
1352692
1352725
1352758
1352781
1352828
1352845
1352865
1352870
1352872
1352904
1352910
1352938
1352966
1353013
1353036
1353079
1353124
1353280
1353332
1353398
1353400
1353432
1353528
1353601
1353610
1353618
1353633
1353642
1353684
1353786
1353803
1353836
1353864
1353873
1353895
1353965
1353991
1353996
1354082
1354117
1354180
1354194
1354310
1354339
1354368
1354391
1354400
1354417
1354431
1354449
1354514
1354563
1354570
1354780
1354848
1354875
1354950
1354964
1354979
1355005
1355066
1355249
1355426
1355504
1355596
1355685
1355715
1355744
1355755
1355928
1356212
1356226
1356250
1356255
1356293
1356330
1356365
1356384
1356394
1356406
1356434
1356451
1356525
1356542
1356562
1356627
1356628
1356651
1356702
1356716
1356717
1356765
1356773
1356799
1356817
1356837
1356852
1356886
1356890
1356989
1357012
1357029
1357123
1357144
1357157
1357181
1357199
1357210
1357339
1357434
1357463
1357504
1357507
1357537
1357579
1357591
1357595
1357622
1357630
1357650
1357817
1357839
1357930
1357956
1358061
1358104
1358120
1358135
1358143
1358151
1358158
1358183
1358216
1358511
1358594
1358644
1358758
1359017
1359156
1359170
1359193
1359223
1359284
1359294
1359302
1359349
1359449
1359489
1359554
1359578
1359583
1359648
1359658
1359661
1359684
1359694
1359744
1359807
1359808
1359886
1359903
1359932
1359949
1359970
1360000
1360126
1360150
1360161
1360264
1360278
1360312
1360338
1360424
1360452
1360534
1360543
1360578
1360591
1360653
1360694
1360749
1360755
1360766
1360828
1360935
1361005
1361053
1361070
1361087
1361284
1361296
1361347
1361360
1361364
1361402
1361414
1361477
1361508
1361661
1361662
1361710
1361817
1361826
1361898
1362032
1362233
1362247
1362278
1362307
1362328
1362357
1362364
1362453
1362474
1362489
1362493
1362514
1362524
1362557
1362576
1362588
1362598
1362616
1362659
1362672
1362690
1362718
1362720
1362828
1362872
1362905
1363055
1363093
1363097
1363155
1363171
1363184
1363208
1363254
1363327
1363339
1363364
1363388
1363394
1363410
1363508
1363597
1363622
1363667
1363704
1363719
1363751
1363754
1363780
1363814
1363815
1363905
1363918
1363961
1364062
1364082
1364303
1364363
1364419
1364440
1364466
1364506
1364580
1364597
1364609
1364713
1364765
1364833
1364849
1364879
1364907
1365048
1365123
1365160
1365177
1365182
1365187
1365230
1365254
1365293
1365299
1365364
1365380
1365381
1365480
1365489
1365578
1365582
1365651
1365672
1365743
1365769
1365789
1365882
1365921
1365995
1366032
1366194
1366211
1366272
1366320
1366333
1366448
1366604
1366629
1366743
1366801
1366820
1366909
1366952
1367039
1367048
1367066
1367136
1367168
1367198
1367244
1367394
1367398
1367493
1367544
1367614
1367719
1367740
1367744
1367761
1367883
1367947
1368019
1368089
1368105
1368119
1368255
1368270
1368308
1368312
1368314
1368344
1368371
1368449
1368502
1368570
1368590
1368616
1368661
1368878
1368976
1369062
1369118
1369126
1369241
1369331
1369350
1369590
1369644
1369654
1369712
1369729
1369744
1369818
1369823
1369864
1369883
1369910
1369940
1369972
1369993
1370000
1370050
1370064
1370135
1370148
1370179
1370194
1370217
1370298
1370317
1370332
1370349
1370398
1370411
1370424
1370463
1370482
1370495
1370537
1370589
1370752
1370998
1371076
1371127
1371158
1371164
1371177
1371333
1371377
1371411
1371438
1371542
1371587
1371599
1371682
1371688
1371699
1371714
1371731
1371739
1371757
1371819
1371843
1371910
1371927
1371938
1371944
1371979
1371987
1372002
1372015
1372036
1372089
1372127
1372136
1372152
1372157
1372176
1372187
1372231
1372252
1372273
1372294
1372372
1372380
1372382
1372398
1372421
1372476
1372483
1372497
1372578
1372583
1372584
1372590
1372598
1372695
1372740
1372854
1372886
1372987
1373176
1373187
1373200
1373278
1373281
1373293
1373310
1373366
1373379
1373430
1373462
1373487
1373520
1373539
1373600
1373685
1373825
1373831
1373842
1373860
1374027
1374073
1374108
1374123
1374172
1374225
1374288
1374321
1374331
1374386
1374404
1374465
1374466
1374534
1374677
1374698
1374725
1374734
1374750
1374768
1374820
1374969
1374971
1374984
1375086
1375096
1375128
1375153
1375186
1375206
1375376
1375419
1375430
1375439
1375453
1375460
1375469
1375569
1375599
1375686
1375953
1375970
1375986
1376015
1376025
1376051
1376070
1376109
1376142
1376167
1376195
1376203
1376235
1376259
1376356
1376370
1376384
1376450
1376507
1376591
1376599
1376687
1376776
1376786
1376821
1376870
1377038
1377078
1377118
1377146
1377349
1377366
1377383
1377424
1377464
1377484
1377630
1377647
1377657
1377666
1377670
1377974
1377998
1378025
1378031
1378078
1378180
1378244
1378340
1378378
1378464
1378478
1378537
1378562
1378640
1378714
1378763
1378781
1378831
1378841
1378848
1378888
1378900
1378903
1378921
1378932
1378946
1378972
1379004
1379147
1379180
1379227
1379231
1379247
1379260
1379268
1379271
1379336
1379369
1379489
1379550
1379554
1379556
1379642
1379758
1379779
1379799
1379912
1380002
1380140
1380171
1380220
1380299
1380304
1380310
1380389
1380391
1380393
1380407
1380437
1380517
1380531
1380607
1380620
1380700
1380870
1380915
1380979
1381008
1381009
1381014
1381017
1381020
1381030
1381063
1381068
1381099
1381109
1381173
1381191
1381260
1381273
1381313
1381318
1381375
1381450
1381468
1381479
1381503
1381553
1381570
1381575
1381586
1381657
1381746
1381765
1381787
1381797
1381838
1381884
1381982
1382190
1382194
1382236
1382272
1382276
1382372
1382375
1382486
1382497
1382519
1382540
1382544
1382551
1382571
1382588
1382601
1382719
1382727
1382739
1382799
1382919
1382932
1382980
1382994
1382995
1383098
1383327
1383402
1383405
1383415
1383441
1383467
1383483
1383512
1383552
1383559
1383610
1383626
1383655
1383657
1383715
1383812
1383827
1383837
1383856
1383863
1383890
1383930
1383934
1383947
1384012
1384068
1384173
1384409
1384414
1384456
1384464
1384470
1384485
1384508
1384576
1384579
1384600
1384684
1384690
1384756
1384796
1384803
1384890
1384899
1384905
1384921
1384977
1384992
1385007
1385089
1385168
1385179
1385187
1385195
1385226
1385291
1385366
1385370
1385395
1385516
1385910
1385970
1385978
1386090
1386236
1386249
1386280
1386284
1386296
1386328
1386374
1386399
1386403
1386421
1386633
1386683
1386707
1386844
1386971
1387157
1387175
1387186
1387190
1387214
1387238
1387250
1387324
1387342
1387409
1387514
1387567
1387596
1387629
1387677
1387712
1387747
1387771
1387811
1387843
1387861
1387907
1387917
1388001
1388016
1388057
1388095
1388163
1388181
1388212
1388224
1388265
1388269
1388302
1388306
1388335
1388393
1388411
1388474
1388488
1388537
1388550
1388558
1388678
1388742
1388777
1388798
1388809
1388814
1388821
1388850
1388925
1389115
1389120
1389155
1389159
1389186
1389204
1389211
1389271
1389327
1389374
1389378
1389440
1389498
1389534
1389536
1389569
1389793
1389869
1389918
1389970
1390003
1390247
1390250
1390252
1390397
1390410
1390451
1390509
1390569
1390648
1390694
1390696
1390719
1390843
1390889
1390996
1391062
1391074
1391195
1391212
1391320
1391330
1391335
1391340
1391411
1391416
1391435
1391455
1391483
1391497
1391515
1391523
1391579
1391604
1391636
1391725
1391749
1391787
1391827
1391918
1391932
1391976
1392051
1392102
1392109
1392315
1392318
1392332
1392335
1392341
1392357
1392385
1392443
1392448
1392498
1392501
1392540
1392553
1392627
1392637
1392675
1392780
1392788
1392798
1392891
1392934
1392989
1393053
1393071
1393076
1393086
1393088
1393118
1393167
1393192
1393241
1393251
1393282
1393349
1393422
1393484
1393493
1393502
1393512
1393523
1393652
1393663
1393689
1393696
1393712
1393751
1393759
1393853
1393858
1394043
1394085
1394099
1394136
1394143
1394172
1394211
1394236
1394240
1394250
1394261
1394263
1394334
1394480
1394519
1394534
1394651
1394698
1394787
1394791
1394809
1394813
1394856
1394859
1394877
1394899
1394936
1395039
1395158
1395218
1395272
1395311
1395315
1395372
1395379
1395422
1395424
1395437
1395479
1395523
1395531
1395561
1395577
1395597
1395609
1395664
1395671
1395695
1395792
1395827
1395842
1395855
1395869
1395915
1395921
1395953
1396029
1396083
1396168
1396339
1396355
1396387
1396403
1396428
1396444
1396465
1396511
1396550
1396558
1396579
1396602
1396624
1396648
1396673
1396706
1396776
1396839
1396859
1396870
1396876
1396904
1396909
1396966
1397029
1397057
1397129
1397250
1397280
1397293
1397297
1397337
1397517
1397530
1397534
1397552
1397650
1397656
1397737
1397844
1397848
1397880
1397901
1397907
1397971
1397981
1398036
1398051
1398060
1398065
1398078
1398159
1398356
1398406
1398421
1398443
1398453
1398559
1398561
1398570
1398574
1398575
1398673
1398887
1398931
1398943
1398962
1399010
1399043
1399070
1399093
1399163
1399234
1399339
1399347
1399397
1399436
1399475
1399547
1399651
1399653
1399695
1399762
1399783
1399892
1399913
1399926
1399944
1400010
1400045
1400049
1400054
1400131
1400320
1400401
1400418
1400420
1400433
1400461
1400488
1400494
1400531
1400566
1400617
1400651
1400747
1400846
1400872
1400881
1400937
1401030
1401046
1401097
1401120
1401125
1401238
1401247
1401249
1401255
1401260
1401262
1401287
1401316
1401414
1401428
1401509
1401530
1401541
1401545
1401761
1401776
1401793
1401818
1401848
1401872
1401898
1401926
1401937
1401963
1401976
1402037
1402198
1402213
1402220
1402274
1402308
1402342
1402356
1402421
1402425
1402493
1402527
1402602
1402630
1402834
1402890
1402935
1402959
1403005
1403039
1403066
1403092
1403109
1403116
1403140
1403169
1403321
1403476
1403479
1403512
1403530
1403548
1403556
1403579
1403604
1403616
1403647
1403661
1403684
1403689
1403695
1403711
1403726
1403778
1403841
1403877
1403997
1404068
1404161
1404254
1404297
1404314
1404348
1404467
1404484
1404498
1404555
1404564
1404601
1404632
1404704
1404723
1404765
1404774
1404777
1404789
1404815
1404828
1404836
1404924
1404947
1405071
1405094
1405140
1405174
1405189
1405201
1405229
1405343
1405388
1405492
1405509
1405519
1405649
1405680
1405681
1405700
1405728
1405731
1405744
1405748
1405831
1405868
1405886
1405904
1405927
1405930
1405973
1405975
1406004
1406113
1406123
1406137
1406218
1406269
1406335
1406470
1406496
1406502
1406592
1406658
1406682
1406767
1406962
1406988
1406995
1407001
1407059
1407082
1407229
1407247
1407266
1407302
1407385
1407441
1407535
1407613
1407631
1407645
1407654
1407715
1407725
1407748
1407788
1407848
1407867
1407891
1407915
1407939
1407963
1408002
1408039
1408085
1408111
1408119
1408136
1408203
1408209
1408281
1408383
1408392
1408407
1408434
1408495
1408500
1408528
1408577
1408628
1408663
1408711
1408750
1408763
1408812
1408838
1408852
1408906
1408984
1409029
1409070
1409096
1409138
1409167
1409341
1409396
1409410
1409594
1409621
1409625
1409741
1409757
1409867
1409939
1409953
1410046
1410050
1410153
1410161
1410208
1410282
1410356
1410369
1410395
1410423
1410449
1410486
1410509
1410539
1410660
1410683
1410739
1410763
1410781
1410793
1410834
1410899
1410947
1410973
1410991
1411045
1411077
1411080
1411162
1411191
1411261
1411295
1411359
1411454
1411521
1411572
1411614
1411619
1411663
1411677
1411735
1411736
1411854
1411958
1411972
1411993
1412011
1412050
1412067
1412088
1412125
1412133
1412149
1412225
1412240
1412487
1412502
1412531
1412597
1412620
1412655
1412705
1412713
1412739
1412795
1412816
1412830
1412875
1412879
1412903
1412907
1413004
1413031
1413077
1413158
1413162
1413171
1413215
1413285
1413309
1413415
1413432
1413527
1413547
1413647
1413662
1413675
1413687
1413757
1413810
1413812
1413942
1413998
1414099
1414205
1414243
1414304
1414327
1414348
1414368
1414491
1414568
1414585
1414588
1414614
1414618
1414627
1414629
1414681
1414684
1414712
1414836
1414844
1414848
1414878
1414906
1414975
1415003
1415021
1415148
1415181
1415215
1415257
1415271
1415285
1415318
1415333
1415341
1415390
1415418
1415657
1415733
1415743
1415810
1415826
1415895
1416058
1416096
1416141
1416172
1416185
1416214
1416224
1416278
1416310
1416360
1416374
1416410
1416459
1416552
1416612
1416656
1416750
1416828
1416891
1416950
1417010
1417032
1417104
1417108
1417178
1417190
1417223
1417281
1417294
1417346
1417360
1417396
1417458
1417470
1417485
1417554
1417556
1417603
1417612
1417651
1417677
1417777
1417819
1417834
1417843
1417851
1417885
1418036
1418120
1418127
1418167
1418181
1418194
1418210
1418405
1418416
1418473
1418497
1418506
1418520
1418566
1418607
1418626
1418795
1418805
1418837
1418973
1418997
1419010
1419107
1419289
1419347
1419404
1419429
1419523
1419536
1419635
1419674
1419696
1419703
1419735
1419788
1419966
1419991
1420067
1420140
1420239
1420241
1420251
1420254
1420333
1420403
1420411
1420589
1420630
1420665
1420715
1420760
1420816
1420823
1420920
1420935
1420990
1421006
1421080
1421110
1421230
1421287
1421408
1421419
1421493
1421501
1421590
1421641
1421653
1421705
1421719
1421756
1421779
1421860
1421871
1421922
1421941
1421997
1422157
1422159
1422259
1422269
1422395
1422400
1422426
1422445
1422450
1422516
1422543
1422613
1422624
1422650
1422836
1422906
1422916
1422950
1422958
1423002
1423048
1423109
1423189
1423217
1423234
1423325
1423350
1423365
1423379
1423414
1423417
1423433
1423606
1423641
1423657
1423724
1423740
1423763
1423799
1423823
1423847
1423908
1423916
1424013
1424076
1424131
1424172
1424195
1424259
1424285
1424313
1424459
1424510
1424532
1424558
1424590
1424623
1424646
1424730
1424749
1424801
1424821
1424863
1424869
1424918
1424961
1424982
1425001
1425036
1425168
1425224
1425237
1425282
1425286
1425326
1425359
1425430
1425434
1425466
1425489
1425502
1425544
1425587
1425648
1425683
1425701
1425761
1425797
1425896
1425915
1425929
1425937
1425946
1425995
1426008
1426120
1426203
1426242
1426294
1426362
1426386
1426433
1426456
1426458
1426484
1426493
1426529
1426547
1426586
1426686
1426695
1426730
1426742
1426790
1426810
1426818
1426928
1426969
1426993
1427061
1427111
1427188
1427229
1427261
1427287
1427388
1427421
1427432
1427459
1427498
1427502
1427511
1427596
1427643
1427654
1427763
1427800
1427805
1427811
1427920
1427960
1428034
1428067
1428101
1428130
1428137
1428217
1428255
1428259
1428318
1428320
1428387
1428395
1428440
1428449
1428486
1428515
1428529
1428556
1428562
1428683
1428739
1428742
1428753
1428792
1428855
1428865
1428873
1428911
1428931
1428955
1429012
1429033
1429060
1429102
1429146
1429162
1429169
1429204
1429215
1429261
1429300
1429307
1429311
1429343
1429346
1429378
1429416
1429419
1429475
1429484
1429506
1429519
1429523
1429547
1429597
1429637
1429699
1429720
1429895
1430044
1430094
1430130
1430190
1430226
1430312
1430411
1430444
1430450
1430459
1430479
1430575
1430592
1430632
1430645
1430673
1430757
1430762
1430823
1430852
1430918
1431010
1431045
1431091
1431177
1431234
1431287
1431386
1431449
1431455
1431466
1431746
1431751
1431824
1431857
1431893
1431943
1432079
1432109
1432145
1432361
1432425
1432435
1432447
1432521
1432522
1432577
1432601
1432643
1432662
1432684
1432799
1432899
1432984
1433008
1433053
1433084
1433117
1433121
1433186
1433196
1433244
1433287
1433292
1433422
1433471
1433526
1433583
1433713
1433727
1433731
1433770
1433792
1433797
1433817
1433853
1433904
1433910
1433925
1433973
1434074
1434282
1434289
1434297
1434307
1434324
1434397
1434417
1434524
1434638
1434722
1434876
1434948
1435010
1435102
1435123
1435214
1435221
1435280
1435336
1435350
1435388
1435392
1435413
1435448
1435541
1435599
1435633
1435674
1435775
1435778
1435860
1435890
1435949
1435983
1436013
1436071
1436100
1436117
1436131
1436285
1436368
1436380
1436627
1436669
1436682
1436723
1436812
1436921
1436932
1437036
1437103
1437128
1437142
1437278
1437381
1437445
1437536
1437588
1437638
1437656
1437703
1437730
1437735
1437773
1437799
1437807
1437866
1437896
1437900
1438132
1438249
1438260
1438285
1438295
1438326
1438353
1438356
1438413
1438449
1438467
1438534
1438541
1438547
1438576
1438588
1438622
1438635
1438675
1438743
1438769
1438794
1438807
1438818
1438981
1439117
1439160
1439202
1439243
1439292
1439342
1439347
1439382
1439512
1439529
1439571
1439573
1439587
1439597
1439623
1439700
1439766
1439807
1439853
1439855
1439927
1440015
1440020
1440034
1440051
1440068
1440075
1440256
1440280
1440364
1440371
1440425
1440458
1440598
1440626
1440649
1440659
1440823
1440836
1440903
1440916
1440938
1440970
1441043
1441048
1441070
1441227
1441249
1441484
1441597
1441673
1441719
1441722
1441783
1441845
1442037
1442081
1442213
1442243
1442297
1442314
1442366
1442412
1442497
1442515
1442538
1442736
1442745
1442791
1442826
1442906
1442932
1442950
1442984
1443000
1443091
1443194
1443202
1443225
1443361
1443497
1443546
1443558
1443561
1443572
1443574
1443597
1443618
1443622
1443631
1443642
1443733
1443738
1443807
1443826
1443847
1443937
1443977
1444037
1444087
1444092
1444127
1444130
1444208
1444221
1444227
1444314
1444340
1444352
1444363
1444411
1444475
1444509
1444519
1444546
1444599
1444612
1444753
1444845
1444860
1445025
1445133
1445141
1445245
1445302
1445309
1445334
1445339
1445457
1445460
1445590
1445640
1445713
1445730
1445776
1445803
1445872
1445994
1446035
1446049
1446073
1446078
1446118
1446135
1446152
1446197
1446268
1446342
1446484
1446535
1446692
1446703
1446735
1446773
1446825
1446895
1446947
1446970
1446997
1447049
1447080
1447098
1447158
1447174
1447373
1447386
1447402
1447469
1447490
1447633
1447634
1447713
1447726
1447790
1447827
1447851
1447853
1447857
1447902
1447920
1447947
1447967
1448062
1448068
1448214
1448224
1448273
1448419
1448442
1448529
1448541
1448574
1448585
1448728
1448776
1448788
1448822
1448857
1449030
1449037
1449043
1449080
1449132
1449152
1449202
1449214
1449289
1449310
1449346
1449369
1449416
1449475
1449478
1449530
1449580
1449637
1449800
1450125
1450149
1450157
1450266
1450283
1450326
1450344
1450386
1450414
1450548
1450563
1450587
1450659
1450665
1450687
1450740
1450764
1450834
1450876
1450899
1450917
1450970
1451041
1451061
1451080
1451084
1451103
1451106
1451115
1451143
1451255
1451290
1451300
1451317
1451318
1451341
1451355
1451356
1451400
1451418
1451445
1451478
1451500
1451509
1451572
1451587
1451591
1451633
1451642
1451662
1451696
1451776
1451803
1451849
1451902
1451975
1452030
1452103
1452130
1452154
1452198
1452214
1452298
1452312
1452329
1452333
1452356
1452380
1452515
1452555
1452645
1452664
1452670
1452698
1452770
1452800
1452925
1452926
1452934
1452988
1453044
1453132
1453156
1453255
1453269
1453285
1453292
1453333
1453387
1453459
1453467
1453553
1453571
1453603
1453655
1453786
1453803
1453842
1453961
1453970
1454020
1454035
1454082
1454107
1454111
1454129
1454150
1454208
1454222
1454237
1454276
1454314
1454332
1454349
1454424
1454447
1454504
1454535
1454569
1454620
1454646
1454661
1454709
1454759
1454773
1454841
1454875
1454915
1454932
1454956
1454983
1455028
1455174
1455195
1455200
1455218
1455230
1455234
1455328
1455347
1455379
1455381
1455465
1455569
1455700
1455746
1455776
1455875
1455894
1456026
1456050
1456113
1456176
1456198
1456304
1456311
1456460
1456469
1456571
1456613
1456679
1456723
1456730
1456793
1456887
1456936
1456981
1457051
1457077
1457207
1457211
1457345
1457355
1457379
1457393
1457399
1457426
1457429
1457444
1457449
1457505
1457527
1457548
1457560
1457573
1457687
1457783
1457854
1457886
1457901
1457959
1457970
1458135
1458166
1458241
1458293
1458316
1458371
1458393
1458416
1458431
1458465
1458606
1458642
1458699
1458761
1458799
1458839
1458854
1458870
1458981
1459109
1459123
1459165
1459192
1459195
1459201
1459365
1459616
1459630
1459640
1459645
1459789
1459810
1459892
1459917
1459949
1459954
1459989
1460021
1460039
1460060
1460144
1460165
1460170
1460186
1460196
1460269
1460408
1460430
1460458
1460476
1460508
1460529
1460540
1460557
1460587
1460639
1460642
1460645
1460728
1460733
1460767
1460898
1460921
1460950
1461044
1461053
1461094
1461121
1461139
1461193
1461200
1461234
1461268
1461339
1461354
1461399
1461406
1461450
1461471
1461476
1461532
1461558
1461600
1461669
1461726
1461854
1461861
1461986
1462092
1462146
1462157
1462166
1462219
1462291
1462385
1462467
1462476
1462579
1462646
1462738
1462782
1462822
1462883
1462984
1463056
1463095
1463142
1463175
1463200
1463259
1463275
1463458
1463490
1463524
1463546
1463559
1463588
1463607
1463637
1463661
1463687
1463779
1463814
1463834
1463839
1464010
1464129
1464178
1464213
1464270
1464310
1464331
1464344
1464354
1464370
1464407
1464464
1464472
1464487
1464495
1464518
1464539
1464567
1464601
1464657
1464691
1464723
1464760
1464767
1464827
1464870
1464959
1464983
1465026
1465125
1465133
1465169
1465195
1465227
1465277
1465281
1465290
1465405
1465425
1465435
1465653
1465698
1465736
1465832
1466008
1466010
1466116
1466118
1466195
1466200
1466205
1466306
1466404
1466467
1466486
1466603
1466662
1466710
1466720
1466812
1466845
1466961
1466980
1466999
1467032
1467093
1467102
1467125
1467200
1467222
1467225
1467297
1467308
1467414
1467434
1467460
1467503
1467514
1467534
1467565
1467602
1467640
1467709
1467776
1467782
1467793
1467841
1467858
1467888
1467900
1467911
1467932
1467963
1467993
1468027
1468047
1468052
1468128
1468226
1468259
1468278
1468326
1468353
1468377
1468388
1468426
1468475
1468522
1468526
1468569
1468805
1468874
1468921
1468932
1468936
1468955
1468965
1469179
1469234
1469345
1469347
1469349
1469541
1469546
1469582
1469598
1469608
1469647
1469721
1469757
1469767
1469786
1469791
1469833
1470061
1470096
1470116
1470205
1470252
1470293
1470309
1470328
1470371
1470504
1470585
1470637
1470690
1470752
1470908
1470927
1470938
1470963
1470975
1470998
1471008
1471036
1471046
1471063
1471124
1471171
1471174
1471205
1471247
1471260
1471271
1471411
1471480
1471491
1471499
1471521
1471546
1471562
1471570
1471592
1471601
1471620
1471689
1471769
1471798
1471823
1471895
1471921
1472093
1472132
1472140
1472151
1472193
1472313
1472325
1472359
1472421
1472452
1472534
1472604
1472656
1472674
1472740
1472785
1472800
1472810
1472822
1472839
1472881
1472910
1472928
1472983
1473045
1473151
1473161
1473177
1473219
1473235
1473323
1473342
1473347
1473390
1473488
1473529
1473652
1473675
1473701
1473704
1473726
1473767
1473822
1473830
1473922
1473928
1473932
1473936
1474014
1474041
1474075
1474088
1474130
1474194
1474208
1474296
1474352
1474362
1474374
1474381
1474481
1474488
1474643
1474648
1474679
1474796
1474852
1474926
1474961
1474988
1475034
1475035
1475091
1475216
1475245
1475252
1475258
1475259
1475517
1475530
1475601
1475650
1475709
1475719
1475782
1475905
1475959
1476005
1476051
1476072
1476171
1476179
1476204
1476276
1476296
1476317
1476396
1476478
1476509
1476519
1476568
1476617
1476659
1476831
1476854
1476971
1476997
1477011
1477044
1477065
1477118
1477160
1477262
1477268
1477271
1477287
1477301
1477332
1477349
1477390
1477419
1477425
1477446
1477561
1477603
1477661
1477760
1477770
1477805
1477901
1477949
1478158
1478189
1478212
1478295
1478307
1478333
1478385
1478416
1478460
1478474
1478486
1478528
1478535
1478561
1478589
1478685
1478788
1478880
1478892
1478960
1478971
1479027
1479044
1479098
1479178
1479217
1479255
1479268
1479371
1479519
1479541
1479645
1479717
1479763
1479828
1479841
1479880
1479931
1479990
1479993
1480026
1480049
1480077
1480085
1480096
1480116
1480140
1480236
1480273
1480330
1480383
1480582
1480668
1480717
1480725
1480758
1480958
1481094
1481122
1481152
1481214
1481234
1481260
1481436
1481512
1481543
1481569
1481746
1481763
1481840
1481878
1481939
1481950
1481994
1482030
1482036
1482054
1482098
1482143
1482196
1482214
1482270
1482310
1482342
1482375
1482381
1482412
1482503
1482541
1482689
1482710
1482823
1482852
1482873
1482983
1483026
1483040
1483072
1483142
1483160
1483172
1483253
1483301
1483394
1483400
1483463
1483488
1483539
1483609
1483624
1483640
1483647
1483706
1483715
1483777
1483829
1483846
1483856
1483898
1483951
1483985
1484106
1484208
1484248
1484274
1484285
1484343
1484358
1484368
1484412
1484462
1484480
1484574
1484641
1484643
1484683
1484699
1484722
1484788
1484797
1484824
1484835
1484865
1484886
1484912
1484946
1485019
1485067
1485070
1485152
1485179
1485214
1485250
1485269
1485324
1485330
1485347
1485420
1485455
1485592
1485603
1485648
1485653
1485728
1485753
1485837
1485959
1485972
1485975
1485993
1486036
1486054
1486059
1486115
1486259
1486537
1486556
1486575
1486587
1486617
1486631
1486646
1486674
1486689
1486716
1486740
1486755
1486782
1486865
1486890
1486946
1486954
1487016
1487073
1487139
1487291
1487307
1487344
1487381
1487525
1487549
1487556
1487595
1487638
1487654
1487663
1487893
1487981
1488043
1488153
1488241
1488246
1488282
1488287
1488297
1488344
1488353
1488368
1488475
1488490
1488539
1488550
1488553
1488588
1488633
1488646
1488660
1488846
1488895
1488909
1488929
1488939
1488980
1489006
1489110
1489112
1489136
1489151
1489157
1489239
1489291
1489313
1489362
1489463
1489519
1489596
1489597
1489644
1489655
1489779
1489796
1489819
1489849
1489881
1489890
1489918
1489937
1489941
1490045
1490050
1490059
1490102
1490131
1490207
1490227
1490237
1490252
1490282
1490289
1490295
1490303
1490309
1490325
1490365
1490368
1490436
1490453
1490492
1490526
1490676
1490722
1490729
1490788
1490825
1490836
1490838
1490863
1490868
1490904
1490923
1490988
1491234
1491239
1491358
1491565
1491761
1491845
1491916
1492013
1492080
1492084
1492093
1492154
1492199
1492204
1492235
1492381
1492415
1492424
1492500
1492543
1492557
1492573
1492585
1492588
1492643
1492660
1492678
1492694
1492705
1492730
1492799
1492810
1492856
1492895
1492909
1493000
1493075
1493100
1493126
1493144
1493162
1493264
1493275
1493286
1493370
1493396
1493437
1493668
1493724
1493738
1493739
1493884
1493889
1493911
1493945
1494261
1494293
1494390
1494398
1494429
1494471
1494513
1494526
1494608
1494640
1494703
1494726
1494771
1494823
1494875
1494917
1494948
1494954
1495001
1495029
1495037
1495055
1495134
1495169
1495186
1495223
1495240
1495250
1495263
1495288
1495322
1495402
1495460
1495474
1495496
1495545
1495558
1495619
1495695
1495705
1495735
1495811
1495839
1495840
1495862
1495870
1495911
1495949
1495954
1495968
1495985
1495993
1496005
1496011
1496036
1496044
1496065
1496078
1496097
1496154
1496214
1496222
1496243
1496258
1496286
1496293
1496318
1496361
1496373
1496411
1496416
1496463
1496496
1496500
1496544
1496571
1496581
1496668
1496712
1496727
1496740
1496800
1496822
1496854
1496975
1497006
1497039
1497056
1497085
1497111
1497138
1497188
1497196
1497331
1497335
1497338
1497349
1497361
1497382
1497556
1497560
1497662
1497719
1497722
1497789
1497835
1498126
1498192
1498225
1498294
1498340
1498369
1498440
1498444
1498497
1498501
1498555
1498562
1498596
1498672
1498786
1498816
1498829
1498965
1499025
1499063
1499094
1499130
1499332
1499367
1499377
1499417
1499496
1499540
1499593
1499652
1499706
1499711
1499852
1499883
1499927
1499933
1500011
1500139
1500159
1500234
1500330
1500343
1500472
1500506
1500520
1500591
1500626
1500666
1500686
1500690
1500733
1500823
1500903
1501029
1501045
1501053
1501222
1501224
1501232
1501264
1501571
1501590
1501728
1501784
1501802
1501824
1501851
1501898
1501943
1501969
1502021
1502031
1502042
1502050
1502065
1502217
1502250
1502273
1502288
1502388
1502410
1502470
1502536
1502549
1502583
1502636
1502659
1502673
1502693
1502707
1502733
1502740
1502835
1502871
1502934
1502947
1502994
1503026
1503044
1503075
1503105
1503117
1503138
1503151
1503166
1503175
1503226
1503268
1503322
1503360
1503366
1503407
1503471
1503488
1503491
1503542
1503616
1503623
1503679
1503683
1503700
1503785
1503818
1503838
1504035
1504098
1504191
1504196
1504215
1504268
1504420
1504490
1504585
1504613
1504702
1504740
1504826
1505041
1505058
1505153
1505181
1505203
1505269
1505282
1505295
1505334
1505348
1505358
1505364
1505374
1505406
1505408
1505561
1505613
1505661
1505703
1505741
1505789
1505831
1505848
1505966
1506040
1506082
1506158
1506170
1506200
1506211
1506221
1506233
1506240
1506244
1506257
1506324
1506335
1506358
1506497
1506542
1506597
1506623
1506628
1506690
1506724
1506733
1506830
1506875
1506910
1506961
1506996
1507027
1507073
1507096
1507106
1507137
1507139
1507150
1507191
1507193
1507300
1507323
1507355
1507471
1507514
1507533
1507555
1507566
1507576
1507637
1507656
1507730
1507915
1507993
1507995
1508006
1508019
1508039
1508076
1508150
1508174
1508204
1508214
1508246
1508253
1508313
1508366
1508457
1508534
1508570
1508650
1508759
1508832
1508878
1509046
1509056
1509063
1509128
1509134
1509169
1509248
1509262
1509380
1509496
1509545
1509551
1509603
1509639
1509646
1509663
1509719
1509784
1509836
1509857
1509904
1509925
1509931
1510125
1510173
1510187
1510323
1510360
1510431
1510457
1510556
1510570
1510646
1510653
1510678
1510689
1510700
1510745
1510770
1510798
1510934
1510980
1511013
1511039
1511178
1511245
1511270
1511375
1511416
1511486
1511629
1511654
1511721
1511788
1511798
1511883
1511904
1511977
1512003
1512016
1512021
1512232
1512261
1512283
1512313
1512332
1512355
1512390
1512404
1512460
1512464
1512523
1512530
1512623
1512724
1512783
1512809
1512830
1512866
1512900
1512945
1512989
1512998
1513089
1513111
1513139
1513193
1513255
1513345
1513531
1513637
1513666
1513696
1513822
1513867
1513928
1513932
1513943
1513967
1513972
1513986
1514063
1514072
1514088
1514091
1514166
1514234
1514257
1514301
1514362
1514481
1514533
1514609
1514625
1514675
1514733
1514737
1514758
1514820
1514833
1514852
1514902
1514930
1514962
1514965
1515016
1515035
1515061
1515067
1515086
1515116
1515205
1515211
1515226
1515294
1515444
1515460
1515578
1515583
1515595
1515610
1515632
1515790
1515864
1515896
1515945
1515998
1516022
1516122
1516225
1516233
1516358
1516385
1516410
1516593
1516608
1516633
1516658
1516661
1516673
1516681
1516686
1516724
1516741
1516784
1516823
1516847
1516903
1517038
1517105
1517178
1517292
1517329
1517349
1517367
1517425
1517429
1517446
1517550
1517584
1517602
1517646
1517659
1517693
1517731
1517739
1517804
1517805
1517813
1517825
1517832
1517862
1517868
1517882
1517960
1517991
1518023
1518042
1518194
1518211
1518322
1518361
1518363
1518389
1518409
1518520
1518525
1518583
1518622
1518634
1518673
1518757
1518786
1518886
1518977
1519012
1519030
1519065
1519075
1519083
1519092
1519094
1519099
1519105
1519143
1519253
1519313
1519336
1519358
1519393
1519399
1519436
1519541
1519546
1519684
1519731
1519817
1519859
1519951
1519975
1520125
1520185
1520237
1520303
1520309
1520349
1520492
1520540
1520598
1520701
1520711
1520786
1520806
1520851
1520889
1520897
1520961
1520967
1521002
1521048
1521172
1521202
1521216
1521292
1521334
1521346
1521379
1521389
1521409
1521459
1521477
1521509
1521520
1521582
1521600
1521653
1521689
1521729
1521737
1521766
1521768
1521774
1521803
1521808
1521813
1521819
1521857
1521973
1522057
1522108
1522166
1522172
1522216
1522235
1522293
1522405
1522445
1522453
1522463
1522480
1522500
1522512
1522515
1522548
1522572
1522594
1522660
1522664
1522699
1522761
1522790
1522823
1522826
1522837
1522863
1522935
1522973
1523053
1523096
1523181
1523220
1523276
1523333
1523365
1523385
1523444
1523465
1523622
1523682
1523853
1523917
1524006
1524027
1524035
1524126
1524152
1524187
1524202
1524218
1524272
1524321
1524337
1524365
1524380
1524500
1524541
1524682
1524733
1524838
1524841
1524844
1524859
1524925
1524950
1524985
1524993
1525003
1525007
1525014
1525062
1525137
1525145
1525651
1525693
1525696
1525706
1525859
1525866
1525914
1525948
1526056
1526146
1526238
1526246
1526288
1526319
1526377
1526490
1526509
1526531
1526564
1526660
1526673
1526728
1526790
1526797
1526824
1526835
1526852
1526855
1526878
1526922
1526957
1527018
1527028
1527041
1527102
1527111
1527118
1527134
1527304
1527354
1527439
1527482
1527499
1527508
1527533
1527574
1527595
1527639
1527645
1527652
1527750
1527775
1527793
1527811
1527832
1527878
1527914
1527922
1527992
1528010
1528044
1528110
1528129
1528194
1528219
1528225
1528406
1528411
1528454
1528513
1528556
1528705
1528724
1528742
1528754
1528763
1528794
1528823
1528826
1528905
1528942
1529092
1529150
1529274
1529338
1529341
1529430
1529459
1529561
1529726
1529793
1529844
1529894
1529923
1529954
1530027
1530037
1530106
1530176
1530243
1530272
1530406
1530415
1530422
1530425
1530505
1530525
1530550
1530570
1530580
1530596
1530625
1530630
1530648
1530662
1530731
1530845
1530906
1530928
1530943
1530949
1530963
1531028
1531057
1531067
1531100
1531206
1531256
1531284
1531348
1531359
1531377
1531379
1531472
1531494
1531503
1531563
1531620
1531626
1531675
1531706
1531750
1531771
1531787
1531836
1531879
1531894
1531936
1531987
1532151
1532168
1532264
1532313
1532334
1532360
1532378
1532444
1532446
1532452
1532555
1532566
1532618
1532622
1532638
1532735
1532746
1532754
1532769
1532819
1532886
1532915
1532918
1532948
1533011
1533069
1533087
1533091
1533185
1533193
1533325
1533349
1533392
1533405
1533431
1533488
1533589
1533645
1533704
1533726
1533762
1533806
1533827
1533837
1533910
1533935
1533948
1534015
1534018
1534066
1534096
1534172
1534208
1534244
1534279
1534358
1534384
1534445
1534454
1534519
1534530
1534549
1534562
1534567
1534632
1534769
1534773
1534783
1534801
1534814
1534958
1534960
1535010
1535032
1535108
1535128
1535144
1535162
1535261
1535276
1535302
1535385
1535575
1535594
1535602
1535614
1535637
1535693
1535707
1535735
1535752
1535776
1535784
1535810
1535826
1535866
1535897
1535947
1536132
1536156
1536189
1536212
1536238
1536293
1536303
1536386
1536455
1536499
1536543
1536559
1536587
1536626
1536659
1536660
1536680
1536700
1536727
1536730
1536734
1536779
1536796
1536817
1536893
1536938
1537010
1537015
1537021
1537048
1537051
1537094
1537297
1537388
1537397
1537413
1537439
1537493
1537512
1537589
1537611
1537665
1537733
1537746
1537870
1537903
1538139
1538166
1538245
1538270
1538437
1538468
1538596
1538688
1538862
1538904
1538913
1538996
1539092
1539125
1539188
1539209
1539215
1539306
1539323
1539328
1539381
1539384
1539492
1539513
1539517
1539582
1539638
1539832
1539865
1539988
1540016
1540104
1540227
1540331
1540395
1540429
1540436
1540464
1540482
1540537
1540625
1540646
1540662
1540670
1540714
1540724
1540822
1540906
1540959
1540991
1541014
1541023
1541054
1541095
1541100
1541107
1541123
1541148
1541155
1541222
1541301
1541311
1541376
1541449
1541523
1541558
1541634
1541711
1541742
1541784
1541800
1541840
1541909
1542174
1542200
1542214
1542229
1542239
1542265
1542285
1542335
1542346
1542365
1542476
1542490
1542562
1542681
1542691
1542705
1542773
1542781
1542806
1542815
1542935
1542940
1543020
1543058
1543070
1543090
1543099
1543123
1543158
1543195
1543232
1543576
1543606
1543656
1543673
1543678
1543795
1543883
1543897
1543952
1543957
1543980
1544050
1544072
1544098
1544123
1544161
1544195
1544290
1544312
1544339
1544385
1544438
1544439
1544481
1544519
1544558
1544763
1544925
1544961
1544975
1545018
1545031
1545040
1545046
1545175
1545273
1545281
1545310
1545315
1545426
1545501
1545540
1545568
1545616
1545627
1545720
1545741
1545744
1545761
1545785
1545814
1546030
1546037
1546061
1546070
1546111
1546125
1546152
1546190
1546199
1546276
1546389
1546391
1546417
1546487
1546520
1546538
1546575
1546625
1546629
1546652
1546684
1546819
1546825
1546891
1546954
1546971
1546987
1546994
1547000
1547094
1547121
1547284
1547308
1547366
1547385
1547445
1547556
1547606
1547624
1547666
1547722
1547802
1547839
1548112
1548134
1548143
1548172
1548280
1548306
1548337
1548347
1548379
1548393
1548395
1548430
1548479
1548554
1548664
1548676
1548684
1548721
1548767
1548789
1548810
1548817
1548828
1549161
1549178
1549197
1549224
1549240
1549258
1549294
1549344
1549450
1549476
1549492
1549533
1549536
1549552
1549594
1549598
1549615
1549622
1549692
1549713
1549722
1549741
1549770
1549786
1549802
1549804
1549887
1549916
1549923
1549937
1549973
1549975
1550057
1550067
1550109
1550117
1550119
1550127
1550140
1550164
1550295
1550312
1550331
1550338
1550344
1550355
1550497
1550527
1550593
1550622
1550630
1550635
1550694
1550702
1550731
1550794
1550797
1550882
1550902
1550910
1550925
1550954
1550986
1551122
1551258
1551270
1551314
1551329
1551363
1551387
1551458
1551588
1551671
1551689
1551707
1551710
1551730
1551741
1551798
1551807
1551818
1551840
1551873
1551920
1551929
1552040
1552043
1552202
1552270
1552305
1552320
1552414
1552432
1552441
1552494
1552522
1552534
1552573
1552663
1552683
1552799
1552894
1553031
1553045
1553075
1553088
1553148
1553156
1553317
1553329
1553391
1553393
1553424
1553496
1553513
1553580
1553641
1553654
1553773
1553794
1553903
1553924
1553938
1553953
1554017
1554047
1554050
1554055
1554086
1554092
1554097
1554130
1554161
1554205
1554310
1554338
1554343
1554358
1554372
1554487
1554510
1554542
1554592
1554636
1554694
1554702
1554762
1554972
1555000
1555048
1555194
1555229
1555239
1555244
1555281
1555282
1555295
1555308
1555358
1555376
1555393
1555454
1555462
1555553
1555704
1555741
1555756
1555760
1555770
1555834
1555853
1555883
1555899
1555926
1555955
1555981
1556034
1556037
1556054
1556103
1556120
1556190
1556216
1556343
1556348
1556358
1556370
1556371
1556375
1556381
1556399
1556411
1556441
1556471
1556577
1556677
1556695
1556699
1556708
1556749
1556768
1556776
1556891
1556902
1556942
1556996
1557017
1557021
1557175
1557197
1557202
1557239
1557248
1557377
1557434
1557480
1557526
1557607
1557618
1557659
1557675
1557784
1557789
1557793
1557865
1557929
1557967
1557978
1557991
1557996
1558071
1558084
1558089
1558218
1558319
1558323
1558329
1558331
1558337
1558348
1558364
1558477
1558552
1558584
1558627
1558688
1558720
1558731
1558745
1558768
1558869
1558936
1558947
1558971
1558984
1559131
1559156
1559178
1559212
1559352
1559359
1559367
1559435
1559543
1559579
1559656
1559682
1559735
1559760
1559810
1559818
1559824
1559847
1559908
1559929
1559945
1559960
1559985
1560004
1560006
1560017
1560086
1560110
1560138
1560144
1560229
1560265
1560282
1560292
1560336
1560345
1560411
1560510
1560515
1560542
1560549
1560557
1560598
1560629
1560635
1560670
1560784
1560793
1560799
1560851
1560876
1560896
1561017
1561054
1561069
1561204
1561226
1561257
1561269
1561311
1561399
1561544
1561548
1561597
1561629
1561632
1561643
1561662
1561680
1561693
1561743
1561769
1561797
1561849
1561858
1561884
1561934
1561968
1561979
1562055
1562076
1562079
1562083
1562132
1562143
1562204
1562223
1562243
1562281
1562311
1562369
1562377
1562399
1562420
1562483
1562537
1562579
1562613
1562658
1562735
1562742
1562764
1562779
1562804
1562829
1562860
1562966
1563091
1563266
1563277
1563296
1563328
1563371
1563408
1563420
1563520
1563539
1563594
1563641
1563691
1563729
1563738
1563781
1563797
1563836
1563845
1563863
1563866
1563947
1564026
1564109
1564115
1564147
1564196
1564239
1564255
1564280
1564293
1564328
1564368
1564392
1564417
1564469
1564524
1564619
1564653
1564768
1564777
1564791
1564937
1564942
1565006
1565083
1565127
1565152
1565169
1565282
1565314
1565340
1565347
1565373
1565463
1565467
1565485
1565536
1565551
1565576
1565656
1565761
1565778
1565806
1565898
1565928
1565937
1566111
1566116
1566264
1566271
1566293
1566310
1566319
1566324
1566348
1566355
1566376
1566388
1566395
1566409
1566459
1566564
1566572
1566691
1566701
1566723
1566735
1566784
1566803
1566822
1566831
1566852
1566934
1566995
1567006
1567012
1567020
1567023
1567029
1567183
1567234
1567238
1567338
1567431
1567449
1567456
1567501
1567548
1567583
1567652
1567664
1567696
1567919
1567946
1567991
1568015
1568025
1568123
1568170
1568202
1568249
1568368
1568416
1568434
1568463
1568521
1568586
1568673
1568725
1568731
1568744
1568791
1568805
1568845
1569192
1569351
1569449
1569470
1569535
1569560
1569568
1569590
1569610
1569633
1569735
1569765
1569818
1569837
1569841
1569852
1569888
1569908
1570021
1570056
1570061
1570073
1570081
1570125
1570259
1570310
1570370
1570374
1570564
1570574
1570578
1570587
1570594
1570644
1570646
1570808
1570876
1571017
1571069
1571105
1571124
1571196
1571261
1571278
1571327
1571382
1571397
1571428
1571474
1571508
1571550
1571698
1571968
1572020
1572030
1572112
1572157
1572164
1572233
1572398
1572412
1572466
1572512
1572550
1572570
1572582
1572589
1572618
1572658
1572665
1572786
1572791
1572870
1572910
1572913
1572960
1572965
1572994
1572999
1573000
1573020
1573046
1573152
1573271
1573335
1573337
1573384
1573408
1573420
1573423
1573455
1573544
1573572
1573686
1573714
1573725
1573890
1573899
1573944
1573950
1574095
1574102
1574153
1574211
1574216
1574218
1574234
1574497
1574499
1574505
1574566
1574583
1574681
1574700
1574756
1574789
1574884
1575084
1575112
1575118
1575130
1575133
1575143
1575189
1575242
1575267
1575290
1575373
1575379
1575456
1575464
1575477
1575535
1575562
1575597
1575643
1575695
1575707
1575757
1575762
1575818
1575842
1575845
1575882
1575893
1575952
1575985
1576000
1576021
1576025
1576027
1576114
1576261
1576289
1576292
1576447
1576477
1576526
1576744
1576756
1576810
1576864
1576965
1576981
1577041
1577079
1577273
1577292
1577332
1577364
1577408
1577447
1577475
1577501
1577519
1577612
1577643
1577646
1577655
1577682
1577750
1577755
1577812
1577840
1577867
1577901
1577970
1578045
1578068
1578094
1578132
1578144
1578149
1578228
1578284
1578375
1578432
1578455
1578483
1578506
1578514
1578594
1578742
1578760
1578764
1578823
1578900
1578960
1579013
1579027
1579125
1579196
1579218
1579277
1579347
1579360
1579367
1579396
1579424
1579445
1579465
1579519
1579548
1579569
1579598
1579716
1579739
1579894
1579947
1579953
1579960
1579982
1580048
1580075
1580109
1580184
1580307
1580336
1580378
1580448
1580479
1580500
1580532
1580538
1580557
1580612
1580673
1580681
1580732
1580849
1580906
1580913
1580921
1581045
1581094
1581122
1581140
1581160
1581164
1581199
1581231
1581250
1581273
1581276
1581282
1581290
1581324
1581347
1581362
1581373
1581395
1581422
1581447
1581471
1581484
1581541
1581557
1581635
1581642
1581682
1581699
1581701
1581710
1581765
1581808
1581936
1581966
1582004
1582017
1582035
1582051
1582075
1582086
1582095
1582099
1582251
1582292
1582336
1582397
1582438
1582488
1582551
1582566
1582735
1582801
1582833
1582887
1583018
1583025
1583038
1583069
1583120
1583124
1583208
1583248
1583297
1583301
1583317
1583364
1583383
1583428
1583432
1583444
1583491
1583518
1583534
1583539
1583622
1583671
1583730
1583740
1583748
1583817
1583906
1583929
1583998
1584002
1584033
1584130
1584190
1584221
1584382
1584468
1584507
1584538
1584684
1584695
1584819
1584827
1584895
1584988
1585061
1585170
1585186
1585206
1585269
1585276
1585293
1585328
1585363
1585400
1585407
1585442
1585502
1585549
1585620
1585629
1585823
1585964
1586019
1586051
1586089
1586150
1586250
1586269
1586302
1586309
1586652
1586684
1586693
1586722
1586845
1586941
1586953
1586959
1586968
1586995
1586999
1587045
1587112
1587178
1587180
1587222
1587267
1587328
1587365
1587407
1587411
1587423
1587437
1587487
1587523
1587616
1587648
1587666
1587688
1587718
1587722
1587731
1587803
1587819
1587857
1587949
1588006
1588023
1588029
1588082
1588118
1588166
1588218
1588225
1588245
1588317
1588367
1588375
1588699
1588967
1589010
1589092
1589107
1589136
1589202
1589327
1589381
1589395
1589434
1589513
1589564
1589586
1589620
1589690
1589733
1589756
1589779
1589822
1589834
1589888
1589913
1589969
1590074
1590100
1590136
1590202
1590308
1590393
1590398
1590410
1590468
1590507
1590529
1590534
1590551
1590651
1590693
1590781
1590793
1590856
1590918
1590991
1591081
1591086
1591143
1591209
1591229
1591286
1591343
1591358
1591382
1591406
1591481
1591611
1591803
1591809
1591841
1591914
1591919
1591931
1591944
1591962
1591982
1592047
1592081
1592133
1592141
1592143
1592150
1592302
1592359
1592472
1592478
1592549
1592555
1592582
1592606
1592615
1592768
1592806
1592845
1592942
1593113
1593221
1593231
1593284
1593430
1593471
1593578
1593626
1593639
1593800
1593850
1593860
1593865
1593874
1593875
1593947
1593971
1593989
1594013
1594092
1594095
1594218
1594287
1594290
1594303
1594439
1594442
1594698
1594767
1594840
1595018
1595024
1595060
1595160
1595188
1595190
1595193
1595209
1595239
1595276
1595328
1595380
1595394
1595496
1595508
1595514
1595547
1595583
1595593
1595663
1595705
1595763
1595793
1595908
1595980
1596012
1596039
1596096
1596132
1596206
1596223
1596298
1596466
1596525
1596554
1596607
1596611
1596625
1596644
1596677
1596723
1596757
1596965
1596982
1597001
1597021
1597025
1597078
1597094
1597107
1597173
1597187
1597259
1597350
1597367
1597453
1597459
1597491
1597495
1597546
1597599
1597663
1597689
1597712
1597720
1597791
1597879
1597886
1598077
1598115
1598233
1598244
1598329
1598498
1598651
1598684
1598694
1598905
1598935
1598995
1599079
1599090
1599145
1599174
1599184
1599211
1599217
1599227
1599229
1599267
1599273
1599282
1599535
1599549
1599645
1599677
1599703
1599785
1599792
1599842
1599868
1599875
1599895
1599903
1599914
1599916
1599923
1599939
1599956
1599964
1599988
1600001
1600127
1600318
1600365
1600409
1600448
1600493
1600529
1600562
1600600
1600607
1600618
1600748
1600757
1600838
1600876
1600923
1600942
1601051
1601080
1601143
1601147
1601172
1601204
1601216
1601218
1601232
1601243
1601294
1601334
1601354
1601372
1601411
1601425
1601574
1602037
1602042
1602127
1602130
1602157
1602188
1602226
1602364
1602401
1602409
1602422
1602433
1602434
1602441
1602530
1602765
1602783
1602802
1602819
1602862
1602890
1602912
1602918
1602931
1602976
1603050
1603082
1603086
1603093
1603151
1603232
1603330
1603401
1603429
1603464
1603689
1603709
1603711
1603752
1603829
1603843
1603873
1603915
1603921
1603949
1604036
1604065
1604077
1604109
1604268
1604364
1604403
1604411
1604420
1604523
1604560
1604576
1604650
1604741
1604756
1604759
1604770
1604867
1604885
1604902
1604920
1604956
1604986
1605007
1605060
1605124
1605184
1605310
1605338
1605382
1605385
1605455
1605547
1605563
1605586
1605690
1605749
1605753
1605757
1605797
1605836
1605864
1605925
1605968
1605985
1606029
1606100
1606141
1606144
1606197
1606274
1606314
1606338
1606447
1606492
1606517
1606582
1606678
1606688
1606744
1606753
1606812
1606841
1606853
1606881
1606932
1606963
1607041
1607090
1607115
1607187
1607221
1607277
1607374
1607432
1607534
1607633
1607681
1607857
1607909
1607956
1608046
1608066
1608080
1608088
1608154
1608278
1608312
1608329
1608342
1608355
1608392
1608408
1608471
1608505
1608507
1608543
1608575
1608588
1608664
1608665
1608687
1608789
1608842
1608851
1608876
1608907
1609000
1609006
1609013
1609077
1609115
1609173
1609185
1609226
1609238
1609242
1609247
1609348
1609389
1609430
1609437
1609489
1609492
1609530
1609577
1609595
1609677
1609731
1609772
1609862
1609914
1609927
1609971
1610011
1610030
1610062
1610157
1610253
1610384
1610432
1610531
1610550
1610584
1610586
1610630
1610687
1610807
1610823
1610837
1610880
1610932
1610946
1611105
1611121
1611128
1611148
1611173
1611225
1611228
1611236
1611261
1611263
1611280
1611293
1611298
1611346
1611366
1611373
1611380
1611433
1611437
1611449
1611458
1611474
1611548
1611575
1611636
1611641
1611655
1611684
1611730
1611769
1611887
1611908
1612044
1612052
1612127
1612135
1612153
1612167
1612178
1612230
1612250
1612273
1612301
1612312
1612342
1612439
1612445
1612572
1612623
1612684
1612693
1612707
1612738
1612758
1612776
1612822
1612827
1612835
1612865
1612905
1612933
1613027
1613065
1613109
1613160
1613203
1613217
1613232
1613235
1613291
1613448
1613462
1613463
1613547
1613595
1613605
1613653
1613656
1613678
1613723
1613763
1613866
1614071
1614100
1614288
1614294
1614312
1614351
1614401
1614432
1614458
1614461
1614649
1614693
1614731
1614745
1614857
1614877
1614899
1614916
1614938
1614984
1615001
1615007
1615028
1615052
1615076
1615105
1615139
1615182
1615304
1615321
1615325
1615355
1615386
1615391
1615410
1615464
1615465
1615625
1615651
1615678
1615717
1615760
1615772
1615778
1615794
1615853
1615868
1615878
1615898
1615928
1616031
1616052
1616074
1616076
1616088
1616116
1616121
1616124
1616224
1616305
1616339
1616416
1616523
1616536
1616541
1616609
1616619
1616684
1616700
1616716
1616762
1616797
1616816
1616823
1616827
1616953
1616975
1617036
1617112
1617136
1617161
1617213
1617237
1617287
1617336
1617373
1617389
1617403
1617442
1617474
1617504
1617558
1617588
1617692
1617705
1617732
1617776
1617791
1617821
1617957
1618023
1618126
1618173
1618207
1618246
1618356
1618393
1618473
1618490
1618500
1618517
1618525
1618610
1618634
1618637
1618701
1618724
1618756
1618814
1618824
1618927
1618973
1619001
1619033
1619067
1619254
1619413
1619482
1619538
1619559
1619683
1619692
1619697
1619698
1619765
1619875
1619889
1619964
1620062
1620204
1620303
1620473
1620493
1620534
1620538
1620567
1620575
1620608
1620623
1620635
1620658
1620663
1620666
1620735
1620821
1620836
1620857
1620890
1620927
1620958
1621010
1621043
1621075
1621128
1621130
1621150
1621213
1621240
1621293
1621375
1621434
1621438
1621440
1621459
1621497
1621638
1621813
1621825
1621890
1621932
1621997
1622046
1622146
1622183
1622210
1622224
1622307
1622407
1622498
1622559
1622577
1622672
1622680
1622776
1622792
1622796
1622818
1622848
1622914
1622933
1622979
1623021
1623036
1623072
1623092
1623095
1623277
1623281
1623306
1623316
1623331
1623462
1623480
1623496
1623526
1623536
1623557
1623741
1623857
1623877
1623885
1623970
1624013
1624103
1624111
1624158
1624166
1624175
1624185
1624211
1624234
1624350
1624392
1624408
1624430
1624445
1624460
1624507
1624554
1624594
1624602
1624625
1624762
1624845
1624912
1624936
1625052
1625169
1625203
1625205
1625321
1625378
1625412
1625435
1625457
1625476
1625507
1625616
1625627
1625656
1625661
1625705
1625723
1625752
1625778
1625826
1625846
1625867
1625896
1625939
1625969
1625983
1626016
1626052
1626055
1626061
1626085
1626184
1626240
1626278
1626294
1626299
1626331
1626412
1626435
1626487
1626628
1626704
1626764
1626844
1626864
1626948
1626955
1627017
1627085
1627137
1627212
1627273
1627361
1627388
1627423
1627478
1627495
1627592
1627608
1627649
1627660
1627684
1627687
1628019
1628039
1628058
1628100
1628120
1628168
1628203
1628254
1628313
1628321
1628358
1628450
1628513
1628520
1628596
1628612
1628644
1628727
1628788
1628817
1628841
1628851
1628907
1628941
1628998
1629012
1629070
1629107
1629119
1629129
1629220
1629237
1629243
1629305
1629375
1629417
1629611
1629628
1629667
1629709
1629724
1629772
1629789
1629816
1629889
1629961
1630003
1630004
1630048
1630050
1630062
1630065
1630132
1630175
1630182
1630186
1630196
1630242
1630364
1630460
1630464
1630542
1630562
1630584
1630590
1630614
1630712
1630751
1630775
1630785
1630796
1630818
1630928
1630937
1630963
1631053
1631273
1631289
1631304
1631326
1631371
1631407
1631410
1631416
1631440
1631466
1631741
1631848
1631916
1631918
1631960
1631972
1632013
1632385
1632475
1632539
1632547
1632614
1632632
1632636
1632692
1632695
1632722
1632742
1632774
1632785
1632798
1632827
1632843
1632872
1632959
1632967
1632998
1633055
1633059
1633091
1633155
1633170
1633233
1633275
1633296
1633572
1633578
1633608
1633620
1633626
1633687
1633733
1633756
1633761
1633873
1633958
1634037
1634126
1634178
1634185
1634196
1634289
1634308
1634355
1634451
1634501
1634514
1634523
1634576
1634582
1634653
1634683
1634704
1634820
1634825
1634864
1634880
1634986
1635021
1635056
1635185
1635202
1635299
1635325
1635349
1635421
1635430
1635440
1635457
1635464
1635498
1635516
1635518
1635525
1635529
1635555
1635593
1635600
1635624
1635651
1635702
1635776
1635785
1635894
1635916
1636076
1636179
1636190
1636198
1636320
1636336
1636348
1636372
1636385
1636414
1636430
1636470
1636478
1636484
1636556
1636572
1636580
1636593
1636643
1636716
1636772
1636785
1636795
1636917
1636920
1636998
1637027
1637053
1637088
1637123
1637147
1637217
1637227
1637318
1637322
1637433
1637605
1637634
1637672
1637783
1637849
1637892
1637909
1638028
1638140
1638152
1638160
1638169
1638175
1638239
1638255
1638273
1638287
1638304
1638321
1638336
1638621
1638889
1638919
1638937
1639006
1639111
1639252
1639369
1639395
1639404
1639459
1639480
1639702
1639710
1639739
1639823
1639923
1640170
1640262
1640294
1640366
1640393
1640397
1640626
1640663
1640694
1640729
1640880
1640924
1640931
1640946
1640950
1641013
1641041
1641099
1641319
1641402
1641440
1641464
1641493
1641494
1641615
1641654
1641666
1641745
1641758
1641804
1641853
1641906
1641951
1641970
1641980
1642092
1642163
1642197
1642248
1642258
1642265
1642424
1642433
1642454
1642736
1642788
1642917
1643010
1643022
1643055
1643081
1643107
1643122
1643134
1643148
1643160
1643182
1643229
1643289
1643346
1643370
1643396
1643445
1643463
1643475
1643477
1643511
1643531
1643768
1643785
1643791
1643810
1643917
1644115
1644120
1644221
1644264
1644311
1644406
1644414
1644427
1644448
1644455
1644481
1644486
1644502
1644581
1644643
1644659
1644720
1644741
1644758
1644772
1644787
1644815
1644829
1644853
1644922
1644925
1644974
1645011
1645030
1645045
1645094
1645101
1645253
1645356
1645381
1645532
1645625
1645717
1645736
1645745
1645892
1645991
1646010
1646111
1646123
1646152
1646401
1646415
1646487
1646496
1646575
1646644
1646708
1646828
1646835
1646890
1646932
1646961
1646995
1647009
1647072
1647107
1647123
1647129
1647151
1647153
1647173
1647198
1647210
1647222
1647332
1647353
1647432
1647440
1647502
1647536
1647587
1647600
1647606
1647848
1647888
1647898
1647907
1647909
1647919
1647938
1647953
1647987
1648019
1648053
1648097
1648119
1648127
1648228
1648377
1648386
1648422
1648576
1648585
1648614
1648615
1648814
1648854
1648880
1648906
1648915
1648919
1648971
1648976
1649025
1649058
1649090
1649124
1649210
1649238
1649270
1649305
1649321
1649401
1649440
1649448
1649450
1649482
1649492
1649519
1649591
1649602
1649609
1649624
1649631
1649652
1649665
1649699
1649702
1649715
1649718
1649736
1649772
1649926
1649937
1649977
1650008
1650016
1650027
1650037
1650057
1650076
1650157
1650190
1650206
1650298
1650378
1650417
1650428
1650438
1650444
1650447
1650452
1650661
1650672
1650701
1650725
1650740
1650745
1650766
1650777
1650819
1650845
1650849
1650895
1650984
1650989
1651039
1651161
1651259
1651277
1651350
1651380
1651441
1651537
1651543
1651546
1651558
1651584
1651598
1651645
1651665
1651708
1651725
1651758
1651846
1651977
1651999
1652175
1652203
1652232
1652281
1652353
1652360
1652532
1652554
1652597
1652608
1652680
1652786
1652818
1652863
1652926
1653013
1653073
1653139
1653144
1653327
1653427
1653489
1653529
1653556
1653579
1653591
1653626
1653646
1653718
1653745
1653773
1653821
1653838
1653860
1653882
1654000
1654044
1654186
1654235
1654325
1654446
1654491
1654493
1654553
1654602
1654647
1654757
1654775
1654794
1654820
1654942
1654994
1655040
1655050
1655053
1655073
1655085
1655225
1655305
1655355
1655452
1655467
1655498
1655532
1655536
1655547
1655587
1655667
1655750
1655762
1655812
1655845
1655851
1655900
1655942
1655975
1656026
1656077
1656093
1656209
1656265
1656345
1656446
1656466
1656497
1656563
1656606
1656646
1656742
1656775
1656784
1656813
1656887
1656922
1656942
1657104
1657154
1657209
1657236
1657244
1657270
1657274
1657296
1657304
1657470
1657479
1657519
1657557
1657570
1657603
1657648
1657652
1657660
1657903
1657928
1657941
1657950
1657962
1658005
1658020
1658051
1658094
1658131
1658168
1658330
1658347
1658370
1658372
1658477
1658508
1658523
1658570
1658649
1658653
1658666
1658769
1658782
1658803
1658815
1658821
1658861
1658935
1658943
1658993
1659026
1659037
1659064
1659146
1659176
1659249
1659331
1659351
1659379
1659388
1659427
1659455
1659471
1659514
1659521
1659571
1659617
1659709
1659853
1659862
1659871
1659876
1659910
1659945
1659988
1660043
1660072
1660143
1660144
1660154
1660190
1660201
1660263
1660376
1660390
1660401
1660419
1660440
1660538
1660705
1660761
1660858
1660867
1660918
1660989
1661042
1661060
1661072
1661077
1661084
1661129
1661133
1661156
1661160
1661172
1661275
1661294
1661324
1661407
1661550
1661625
1661684
1661809
1661866
1662035
1662048
1662133
1662182
1662184
1662206
1662239
1662287
1662352
1662374
1662395
1662417
1662443
1662533
1662546
1662638
1662711
1662729
1662750
1662773
1662955
1662995
1663044
1663072
1663143
1663363
1663418
1663521
1663530
1663585
1663771
1663797
1663833
1663852
1663863
1663892
1663904
1663917
1663930
1664042
1664084
1664088
1664216
1664239
1664251
1664283
1664325
1664419
1664514
1664530
1664534
1664582
1664587
1664600
1664637
1664661
1664665
1664708
1664723
1664736
1664811
1664853
1664916
1664947
1664962
1665143
1665147
1665151
1665161
1665164
1665193
1665264
1665383
1665464
1665479
1665557
1665595
1665618
1665760
1665769
1665780
1665866
1665874
1665901
1665916
1665949
1665972
1666106
1666126
1666232
1666258
1666342
1666381
1666397
1666441
1666457
1666491
1666511
1666521
1666574
1666661
1666665
1666682
1666739
1666790
1666793
1666832
1666899
1666923
1666976
1667023
1667040
1667069
1667078
1667121
1667210
1667220
1667274
1667335
1667356
1667443
1667446
1667455
1667502
1667524
1667545
1667570
1667588
1667593
1667625
1667651
1667706
1667793
1667807
1667911
1667950
1668070
1668118
1668246
1668296
1668366
1668542
1668592
1668623
1668631
1668678
1668698
1668719
1668731
1668755
1668762
1668766
1668789
1668818
1668849
1668913
1668965
1668972
1668987
1669010
1669029
1669033
1669043
1669055
1669089
1669101
1669178
1669198
1669288
1669302
1669340
1669425
1669475
1669507
1669642
1669735
1669787
1669817
1669849
1669870
1669885
1669914
1669923
1669970
1669992
1670027
1670056
1670075
1670131
1670142
1670265
1670286
1670308
1670376
1670395
1670429
1670441
1670452
1670466
1670484
1670564
1670576
1670581
1670716
1670765
1670817
1670833
1670843
1670976
1671051
1671079
1671096
1671124
1671163
1671213
1671220
1671329
1671372
1671401
1671403
1671417
1671458
1671469
1671470
1671489
1671518
1671575
1671591
1671598
1671681
1671698
1671773
1671783
1671826
1671833
1671918
1671983
1672007
1672055
1672092
1672128
1672130
1672141
1672148
1672168
1672218
1672342
1672348
1672349
1672409
1672492
1672504
1672589
1672596
1672623
1672625
1672679
1672695
1672759
1672823
1672850
1672928
1672944
1672957
1672993
1673068
1673074
1673097
1673225
1673235
1673325
1673327
1673385
1673487
1673510
1673659
1673755
1673781
1673817
1673819
1674026
1674136
1674137
1674220
1674277
1674294
1674310
1674315
1674426
1674516
1674546
1674668
1674674
1674685
1674689
1674741
1674807
1674819
1674830
1674851
1674862
1674912
1674920
1674930
1674942
1674948
1674952
1675075
1675090
1675096
1675126
1675133
1675221
1675223
1675253
1675281
1675295
1675304
1675349
1675365
1675469
1675540
1675562
1675578
1675590
1675743
1675911
1675913
1675947
1675970
1676009
1676050
1676138
1676229
1676301
1676331
1676349
1676354
1676464
1676535
1676601
1676667
1676688
1676718
1676791
1676867
1676896
1676929
1676976
1676982
1677030
1677045
1677061
1677090
1677112
1677134
1677153
1677170
1677191
1677214
1677230
1677241
1677317
1677376
1677378
1677428
1677433
1677505
1677524
1677528
1677567
1677622
1677633
1677649
1677705
1677709
1677773
1677780
1677861
1677888
1677930
1677941
1678020
1678027
1678203
1678281
1678297
1678317
1678364
1678415
1678529
1678539
1678549
1678583
1678634
1678652
1678671
1678688
1678714
1678788
1678812
1678856
1678880
1678919
1678946
1678986
1678988
1679082
1679099
1679184
1679288
1679297
1679338
1679423
1679433
1679530
1679545
1679573
1679588
1679602
1679674
1679688
1679696
1679711
1679737
1679750
1679790
1679828
1679838
1679863
1679884
1679979
1679992
1680005
1680105
1680170
1680343
1680382
1680387
1680396
1680464
1680502
1680516
1680526
1680589
1680636
1680685
1680726
1680781
1680840
1680935
1681041
1681105
1681122
1681309
1681381
1681419
1681456
1681564
1681569
1681577
1681585
1681604
1681619
1681663
1681842
1681845
1681867
1681887
1681900
1681919
1682016
1682051
1682085
1682226
1682239
1682274
1682285
1682326
1682344
1682384
1682424
1682445
1682511
1682542
1682565
1682614
1682692
1682700
1682716
1682738
1682744
1682755
1682784
1682807
1682840
1682854
1682926
1682936
1683169
1683205
1683223
1683240
1683280
1683321
1683332
1683347
1683369
1683482
1683489
1683545
1683680
1683694
1683716
1683742
1683749
1683755
1683841
1683863
1683981
1683995
1684043
1684065
1684154
1684160
1684208
1684230
1684248
1684265
1684294
1684301
1684317
1684342
1684362
1684372
1684529
1684572
1684592
1684600
1684620
1684630
1684640
1684712
1684728
1684774
1684784
1684796
1684851
1684898
1684960
1684982
1685020
1685033
1685064
1685093
1685149
1685192
1685216
1685284
1685367
1685387
1685411
1685522
1685592
1685608
1685624
1685709
1685726
1685759
1685771
1685827
1685829
1685865
1685879
1685979
1686006
1686028
1686042
1686129
1686190
1686266
1686366
1686388
1686418
1686428
1686430
1686505
1686535
1686541
1686555
1686558
1686600
1686631
1686683
1686699
1686770
1686777
1686898
1686910
1686920
1686994
1686997
1687004
1687010
1687109
1687185
1687202
1687246
1687264
1687270
1687304
1687307
1687309
1687393
1687402
1687467
1687478
1687491
1687529
1687654
1687695
1687742
1687784
1687934
1687983
1688097
1688137
1688156
1688205
1688215
1688223
1688245
1688264
1688291
1688316
1688348
1688373
1688387
1688424
1688528
1688591
1688655
1688710
1688722
1688747
1688833
1688856
1688906
1689026
1689035
1689037
1689065
1689143
1689197
1689217
1689234
1689331
1689376
1689387
1689405
1689421
1689470
1689484
1689522
1689525
1689530
1689560
1689645
1689716
1689806
1689853
1689860
1690040
1690056
1690148
1690208
1690296
1690318
1690403
1690481
1690598
1690615
1690632
1690639
1690687
1690710
1690713
1690752
1690873
1690948
1690999
1691071
1691119
1691237
1691246
1691281
1691341
1691375
1691392
1691441
1691480
1691481
1691531
1691534
1691617
1691742
1691745
1691755
1691819
1691831
1691865
1691880
1692047
1692057
1692209
1692262
1692265
1692287
1692382
1692422
1692426
1692557
1692563
1692652
1692727
1692739
1692747
1692852
1692906
1692914
1692928
1692990
1693062
1693113
1693133
1693249
1693290
1693309
1693320
1693334
1693376
1693382
1693387
1693438
1693551
1693646
1693654
1693834
1693924
1694002
1694165
1694175
1694298
1694333
1694375
1694429
1694438
1694586
1694604
1694634
1694661
1694726
1694745
1694976
1694979
1695081
1695108
1695134
1695166
1695189
1695222
1695285
1695380
1695391
1695405
1695408
1695439
1695565
1695573
1695604
1695640
1695663
1695670
1695684
1695697
1695785
1695799
1695837
1695899
1695931
1695938
1695957
1695985
1696034
1696085
1696121
1696194
1696204
1696254
1696317
1696468
1696481
1696507
1696563
1696574
1696648
1696659
1696698
1696716
1696722
1696814
1696876
1697019
1697066
1697103
1697128
1697275
1697369
1697396
1697494
1697515
1697536
1697696
1697806
1697919
1698020
1698054
1698076
1698097
1698155
1698170
1698217
1698257
1698276
1698286
1698346
1698372
1698420
1698423
1698431
1698500
1698682
1698704
1698828
1698833
1698883
1699018
1699058
1699088
1699163
1699201
1699205
1699251
1699257
1699273
1699299
1699323
1699356
1699364
1699369
1699373
1699452
1699462
1699548
1699564
1699572
1699609
1699742
1699906
1700019
1700076
1700090
1700131
1700146
1700169
1700233
1700295
1700312
1700321
1700354
1700367
1700401
1700448
1700489
1700598
1700657
1700681
1700689
1700700
1700706
1700711
1700848
1700917
1700942
1700983
1701026
1701062
1701166
1701238
1701406
1701410
1701416
1701428
1701447
1701469
1701580
1701607
1701668
1701704
1701830
1701862
1701953
1702023
1702028
1702093
1702106
1702110
1702227
1702314
1702334
1702368
1702381
1702478
1702491
1702500
1702579
1702586
1702650
1702712
1702723
1702726
1702732
1702735
1702743
1702804
1702814
1702826
1702847
1702893
1702984
1702988
1703019
1703120
1703150
1703153
1703171
1703179
1703197
1703222
1703244
1703284
1703429
1703603
1703616
1703662
1703758
1703803
1703870
1703955
1703994
1704005
1704044
1704110
1704115
1704137
1704139
1704151
1704171
1704174
1704236
1704333
1704374
1704385
1704398
1704448
1704573
1704590
1704598
1704698
1704713
1704734
1704786
1704855
1704934
1704937
1704992
1705025
1705253
1705301
1705339
1705372
1705468
1705563
1705593
1705697
1705710
1705718
1705771
1705819
1705903
1705933
1705974
1706071
1706077
1706119
1706137
1706175
1706192
1706275
1706354
1706459
1706548
1706592
1706618
1706730
1706751
1706867
1706959
1707061
1707082
1707148
1707149
1707154
1707185
1707310
1707347
1707382
1707431
1707440
1707491
1707542
1707560
1707649
1707700
1707708
1707804
1707819
1707868
1707872
1707881
1707912
1707947
1707962
1708078
1708101
1708152
1708179
1708194
1708241
1708339
1708347
1708387
1708400
1708561
1708661
1708729
1708742
1708821
1708856
1709029
1709076
1709084
1709125
1709199
1709204
1709280
1709293
1709453
1709605
1709626
1709662
1709760
1709813
1709942
1710016
1710083
1710256
1710262
1710269
1710281
1710322
1710340
1710401
1710466
1710706
1710804
1710841
1710879
1710912
1710950
1710963
1710973
1711125
1711142
1711151
1711209
1711231
1711234
1711248
1711258
1711369
1711419
1711502
1711527
1711547
1711639
1711649
1711807
1711824
1711844
1711932
1711973
1712003
1712081
1712132
1712248
1712265
1712273
1712343
1712404
1712450
1712514
1712551
1712575
1712646
1712666
1712672
1712704
1712708
1712732
1712740
1712775
1712825
1712959
1712969
1712999
1713047
1713084
1713162
1713185
1713199
1713212
1713218
1713246
1713347
1713357
1713410
1713414
1713426
1713437
1713482
1713531
1713584
1713648
1713662
1713775
1713803
1713840
1713895
1713918
1713950
1713955
1713980
1714066
1714167
1714269
1714309
1714342
1714350
1714374
1714386
1714387
1714393
1714488
1714600
1714697
1714725
1714762
1714779
1714884
1714908
1714964
1715003
1715145
1715166
1715182
1715309
1715354
1715403
1715413
1715422
1715475
1715520
1715523
1715532
1715548
1715589
1715600
1715688
1715769
1715808
1715891
1716078
1716163
1716174
1716184
1716194
1716256
1716295
1716357
1716409
1716412
1716488
1716528
1716532
1716570
1716587
1716650
1716711
1716716
1716738
1716752
1716771
1716798
1716845
1716852
1716874
1716901
1716971
1717031
1717042
1717047
1717053
1717128
1717167
1717200
1717213
1717231
1717288
1717323
1717412
1717481
1717491
1717537
1717547
1717623
1717698
1717730
1717743
1717749
1717768
1717775
1717784
1717829
1717853
1717858
1717894
1717914
1717994
1717999
1718032
1718134
1718330
1718363
1718371
1718381
1718440
1718503
1718519
1718532
1718563
1718581
1718611
1718626
1718635
1718637
1718653
1718667
1718708
1718710
1718849
1718900
1718942
1718965
1719028
1719040
1719081
1719112
1719162
1719196
1719219
1719281
1719329
1719334
1719363
1719422
1719481
1719556
1719583
1719594
1719601
1719637
1719642
1719653
1719681
1719709
1719715
1719735
1719750
1719752
1719765
1719795
1719818
1719847
1719868
1719908
1719936
1719960
1720007
1720115
1720156
1720186
1720192
1720208
1720549
1720561
1720581
1720589
1720622
1720714
1720854
1720931
1720962
1721018
1721046
1721059
1721063
1721084
1721107
1721121
1721123
1721124
1721142
1721171
1721203
1721236
1721251
1721255
1721262
1721272
1721392
1721393
1721455
1721569
1721587
1721602
1721684
1721770
1721929
1721998
1722016
1722046
1722086
1722151
1722163
1722184
1722221
1722225
1722444
1722462
1722487
1722528
1722589
1722597
1722614
1722767
1722866
1722960
1723015
1723039
1723074
1723089
1723419
1723455
1723467
1723526
1723567
1723591
1723603
1723655
1723720
1723729
1723753
1723825
1723860
1723863
1723912
1723923
1723990
1724010
1724018
1724047
1724139
1724172
1724380
1724382
1724419
1724432
1724470
1724499
1724503
1724534
1724540
1724545
1724572
1724700
1724721
1724827
1724849
1724970
1724991
1725007
1725036
1725103
1725154
1725180
1725191
1725232
1725246
1725405
1725415
1725451
1725537
1725553
1725583
1725595
1725638
1725669
1725830
1725858
1725889
1725941
1725951
1726026
1726045
1726070
1726127
1726183
1726202
1726267
1726286
1726288
1726295
1726376
1726386
1726490
1726507
1726548
1726612
1726638
1726678
1726804
1726845
1726863
1726924
1727021
1727039
1727049
1727105
1727160
1727169
1727182
1727259
1727319
1727338
1727414
1727487
1727542
1727618
1727651
1727709
1727773
1727815
1727823
1727840
1727866
1727873
1727907
1727950
1727993
1728132
1728176
1728206
1728229
1728262
1728282
1728292
1728334
1728348
1728404
1728446
1728478
1728534
1728585
1728680
1728702
1728735
1728769
1728825
1728829
1728860
1728884
1728886
1729002
1729028
1729083
1729179
1729274
1729351
1729369
1729387
1729435
1729477
1729508
1729567
1729673
1729681
1729683
1729726
1729780
1729785
1729815
1729842
1729869
1729924
1729933
1729964
1729996
1730016
1730058
1730078
1730101
1730210
1730255
1730272
1730293
1730326
1730388
1730391
1730506
1730682
1730723
1730746
1730778
1730845
1730956
1731006
1731011
1731016
1731029
1731142
1731149
1731181
1731188
1731221
1731392
1731399
1731459
1731499
1731535
1731566
1731644
1731655
1731665
1731710
1731882
1731909
1731966
1731969
1732011
1732050
1732059
1732092
1732120
1732199
1732218
1732240
1732251
1732296
1732306
1732309
1732318
1732406
1732461
1732486
1732554
1732600
1732700
1732736
1732784
1732874
1732952
1732980
1733023
1733124
1733154
1733239
1733243
1733257
1733295
1733297
1733329
1733370
1733567
1733596
1733763
1733802
1733870
1733890
1734053
1734075
1734084
1734090
1734234
1734237
1734277
1734300
1734346
1734385
1734438
1734452
1734500
1734507
1734535
1734555
1734570
1734638
1734716
1734720
1734728
1734842
1734858
1734923
1734933
1735076
1735131
1735157
1735264
1735268
1735407
1735483
1735539
1735630
1735687
1735699
1735715
1735745
1735811
1735815
1735897
1735900
1735907
1736025
1736031
1736068
1736077
1736173
1736226
1736294
1736322
1736412
1736461
1736570
1736612
1736623
1736646
1736721
1736728
1736811
1736857
1736909
1737034
1737141
1737169
1737291
1737307
1737317
1737421
1737435
1737486
1737581
1737600
1737622
1737646
1737685
1737757
1737791
1737795
1737883
1737915
1737924
1737935
1737958
1737965
1738073
1738083
1738084
1738090
1738140
1738215
1738243
1738261
1738458
1738518
1738533
1738554
1738586
1738592
1738741
1738770
1738845
1738879
1738977
1739015
1739052
1739111
1739192
1739326
1739341
1739365
1739448
1739464
1739489
1739504
1739572
1739586
1739618
1739726
1739737
1739763
1739770
1739778
1739820
1739926
1740007
1740009
1740083
1740184
1740201
1740293
1740319
1740329
1740383
1740400
1740414
1740431
1740462
1740471
1740488
1740497
1740545
1740555
1740574
1740587
1740611
1740623
1740774
1740777
1740812
1740833
1741041
1741047
1741102
1741150
1741163
1741167
1741205
1741233
1741309
1741359
1741365
1741375
1741400
1741417
1741420
1741449
1741470
1741633
1741680
1741737
1741745
1741873
1741876
1741921
1742029
1742046
1742048
1742051
1742073
1742092
1742158
1742164
1742184
1742214
1742221
1742240
1742270
1742288
1742348
1742356
1742387
1742415
1742418
1742427
1742459
1742503
1742570
1742591
1742642
1742647
1742756
1742763
1742830
1742892
1742906
1742921
1742980
1742982
1742989
1743049
1743075
1743078
1743119
1743123
1743124
1743190
1743233
1743256
1743303
1743430
1743499
1743512
1743537
1743550
1743571
1743610
1743697
1743754
1743774
1744041
1744057
1744080
1744105
1744108
1744124
1744127
1744141
1744159
1744172
1744214
1744241
1744257
1744259
1744317
1744403
1744427
1744432
1744448
1744521
1744528
1744665
1744667
1744747
1744763
1744876
1744884
1745114
1745172
1745214
1745362
1745384
1745403
1745536
1745554
1745589
1745605
1745721
1745813
1745950
1745966
1745999
1746080
1746170
1746216
1746219
1746230
1746292
1746316
1746359
1746378
1746388
1746468
1746531
1746565
1746580
1746609
1746610
1746620
1746650
1746664
1746945
1746964
1746997
1747014
1747118
1747130
1747153
1747177
1747292
1747303
1747339
1747382
1747387
1747400
1747444
1747454
1747543
1747563
1747578
1747605
1747632
1747647
1747651
1747883
1748012
1748019
1748127
1748153
1748181
1748406
1748412
1748489
1748537
1748549
1748569
1748682
1748711
1748892
1748909
1748950
1748970
1748982
1749022
1749048
1749057
1749112
1749117
1749154
1749353
1749461
1749520
1749532
1749561
1749574
1749597
1749656
1749753
1749772
1749777
1749815
1749888
1749920
1749928
1749961
1750044
1750278
1750321
1750333
1750346
1750383
1750386
1750397
1750428
1750463
1750482
1750490
1750517
1750552
1750568
1750588
1750669
1750724
1750856
1750935
1750969
1750998
1751053
1751109
1751165
1751212
1751250
1751257
1751355
1751372
1751377
1751380
1751414
1751449
1751511
1751515
1751555
1751603
1751671
1751686
1751710
1751753
1751775
1751781
1751798
1751814
1751828
1751831
1752050
1752074
1752154
1752199
1752208
1752225
1752254
1752262
1752285
1752301
1752397
1752430
1752454
1752474
1752477
1752484
1752490
1752492
1752510
1752513
1752545
1752626
1752652
1752714
1752753
1752795
1752863
1752865
1752905
1752912
1752957
1752970
1752990
1753012
1753020
1753031
1753033
1753080
1753090
1753185
1753226
1753306
1753321
1753322
1753342
1753361
1753399
1753436
1753444
1753458
1753470
1753509
1753660
1753830
1753839
1753980
1753983
1754041
1754063
1754113
1754177
1754207
1754228
1754246
1754306
1754382
1754542
1754608
1754632
1754916
1754994
1755046
1755059
1755063
1755084
1755112
1755117
1755175
1755302
1755332
1755355
1755369
1755412
1755494
1755541
1755551
1755578
1755599
1755650
1755714
1755744
1755758
1755779
1755806
1755878
1755923
1755960
1755978
1755986
1755993
1756003
1756108
1756158
1756254
1756328
1756353
1756356
1756464
1756472
1756496
1756501
1756641
1756661
1756721
1756779
1756820
1756918
1756922
1756939
1756945
1756981
1757001
1757010
1757017
1757069
1757128
1757181
1757208
1757259
1757280
1757443
1757467
1757574
1757634
1757643
1757711
1757719
1757727
1757741
1757769
1757779
1757799
1757808
1757830
1757857
1757888
1757893
1757940
1757961
1758003
1758047
1758112
1758121
1758131
1758318
1758350
1758378
1758464
1758497
1758584
1758588
1758616
1758639
1758764
1758797
1758836
1758841
1758843
1759001
1759007
1759063
1759080
1759112
1759186
1759231
1759261
1759284
1759330
1759354
1759362
1759367
1759473
1759542
1759566
1759592
1759804
1759908
1759916
1760024
1760153
1760206
1760255
1760303
1760343
1760351
1760437
1760450
1760481
1760563
1760595
1760627
1760635
1760749
1760760
1760805
1760836
1760866
1760982
1760989
1761013
1761031
1761121
1761175
1761202
1761247
1761278
1761298
1761303
1761304
1761393
1761462
1761517
1761541
1761565
1761585
1761623
1761640
1761820
1761852
1761862
1761959
1761983
1761992
1761998
1762001
1762004
1762119
1762126
1762144
1762159
1762165
1762259
1762265
1762313
1762320
1762369
1762373
1762535
1762581
1762583
1762856
1762898
1763038
1763110
1763164
1763182
1763226
1763236
1763259
1763305
1763466
1763646
1763664
1763697
1763958
1763994
1764024
1764033
1764050
1764099
1764108
1764151
1764157
1764248
1764262
1764287
1764419
1764519
1764581
1764609
1764655
1764658
1764765
1764767
1764814
1764943
1765061
1765160
1765362
1765442
1765488
1765495
1765679
1765735
1765771
1765822
1765831
1765858
1765975
1766004
1766179
1766207
1766226
1766288
1766310
1766358
1766382
1766389
1766481
1766556
1766560
1766619
1766625
1766636
1766687
1766803
1766809
1766883
1766905
1766930
1766964
1766970
1766972
1767040
1767069
1767079
1767124
1767167
1767176
1767246
1767253
1767291
1767370
1767423
1767456
1767503
1767532
1767542
1767554
1767567
1767611
1767619
1767646
1767688
1767693
1767705
1767767
1767785
1767792
1767906
1767942
1767969
1768028
1768097
1768135
1768185
1768262
1768333
1768350
1768356
1768369
1768429
1768475
1768482
1768522
1768533
1768621
1768765
1768808
1768862
1768933
1768977
1768993
1769094
1769101
1769152
1769177
1769180
1769186
1769219
1769241
1769245
1769274
1769297
1769304
1769415
1769485
1769527
1769530
1769564
1769576
1769654
1769746
1769751
1769768
1769892
1769922
1770006
1770027
1770092
1770210
1770230
1770256
1770265
1770283
1770316
1770411
1770443
1770474
1770506
1770575
1770589
1770624
1770639
1770677
1770713
1770744
1770754
1770783
1770910
1770943
1770956
1771027
1771052
1771100
1771116
1771131
1771138
1771140
1771183
1771215
1771220
1771273
1771286
1771299
1771403
1771416
1771482
1771514
1771520
1771622
1771663
1771719
1771737
1771878
1771885
1771895
1771960
1772004
1772037
1772049
1772072
1772231
1772238
1772279
1772507
1772649
1772675
1772685
1772691
1772798
1772809
1772842
1772860
1772894
1772924
1772962
1772982
1773016
1773034
1773036
1773049
1773081
1773094
1773101
1773129
1773277
1773338
1773340
1773363
1773374
1773377
1773509
1773515
1773569
1773608
1773646
1773685
1773719
1773767
1773802
1773823
1773909
1774010
1774036
1774047
1774054
1774141
1774158
1774315
1774393
1774542
1774568
1774616
1774681
1774702
1774762
1774816
1774845
1774945
1774965
1774977
1775027
1775043
1775268
1775290
1775317
1775325
1775329
1775375
1775414
1775526
1775565
1775627
1775649
1775660
1775844
1775889
1775933
1775983
1775991
1776207
1776255
1776369
1776380
1776388
1776408
1776421
1776432
1776447
1776463
1776490
1776515
1776561
1776588
1776744
1776865
1776874
1776911
1776967
1776992
1777003
1777042
1777113
1777137
1777166
1777173
1777268
1777305
1777341
1777379
1777383
1777392
1777399
1777517
1777651
1777659
1777692
1777729
1777734
1777748
1777761
1777890
1777946
1777969
1778006
1778023
1778220
1778284
1778293
1778356
1778396
1778423
1778455
1778478
1778496
1778528
1778692
1778718
1778725
1778747
1778757
1778760
1778778
1778818
1778835
1778852
1778875
1778903
1778927
1778987
1778994
1779010
1779117
1779119
1779276
1779359
1779367
1779387
1779405
1779442
1779479
1779500
1779619
1779667
1779711
1779731
1779751
1779849
1779914
1779969
1779980
1780051
1780130
1780134
1780217
1780254
1780291
1780382
1780388
1780422
1780437
1780465
1780604
1780728
1780729
1780766
1780819
1780899
1780944
1780951
1781054
1781065
1781081
1781087
1781095
1781120
1781124
1781157
1781219
1781325
1781330
1781405
1781419
1781432
1781455
1781465
1781673
1781783
1781819
1781836
1781877
1781890
1781920
1781952
1781990
1781993
1782185
1782223
1782236
1782299
1782332
1782341
1782366
1782539
1782619
1782626
1782631
1782715
1782720
1782731
1782755
1782823
1782849
1782916
1782937
1782973
1782975
1782980
1783089
1783108
1783202
1783243
1783301
1783311
1783324
1783358
1783378
1783400
1783418
1783424
1783534
1783549
1783625
1783629
1783643
1783674
1783727
1783743
1783763
1783783
1783805
1783958
1783964
1783968
1784004
1784071
1784122
1784255
1784281
1784288
1784312
1784368
1784388
1784405
1784507
1784515
1784522
1784555
1784616
1784697
1784717
1784744
1784761
1784783
1784791
1784861
1784879
1784969
1784986
1785059
1785117
1785124
1785169
1785248
1785251
1785303
1785386
1785413
1785583
1785602
1785651
1785654
1785676
1785679
1785842
1785845
1785928
1785953
1785959
1786086
1786094
1786100
1786147
1786195
1786422
1786447
1786495
1786540
1786580
1786610
1786674
1786711
1786721
1786733
1786740
1786794
1786814
1786877
1786945
1787112
1787118
1787134
1787180
1787219
1787293
1787329
1787414
1787562
1787570
1787574
1787611
1787673
1787692
1787698
1787798
1787821
1787940
1787955
1787990
1788068
1788086
1788090
1788259
1788286
1788383
1788623
1788730
1788762
1788798
1788826
1788848
1788861
1788875
1788959
1789030
1789082
1789088
1789091
1789175
1789194
1789258
1789306
1789360
1789427
1789449
1789451
1789476
1789534
1789572
1789627
1789639
1789649
1789699
1789702
1789711
1789726
1789755
1789762
1789816
1789956
1789963
1790119
1790121
1790135
1790155
1790175
1790272
1790302
1790346
1790420
1790436
1790503
1790548
1790575
1790583
1790784
1790791
1790813
1790831
1791038
1791175
1791261
1791317
1791324
1791365
1791385
1791405
1791438
1791459
1791479
1791503
1791515
1791556
1791567
1791573
1791594
1791603
1791621
1791745
1791792
1791800
1791917
1791932
1791946
1792057
1792068
1792131
1792272
1792279
1792319
1792329
1792413
1792482
1792513
1792532
1792547
1792564
1792650
1792677
1792678
1792682
1792695
1792725
1792765
1792919
1793012
1793021
1793158
1793168
1793189
1793199
1793368
1793388
1793413
1793523
1793528
1793537
1793603
1793705
1793714
1793826
1793857
1793887
1794019
1794116
1794131
1794175
1794278
1794323
1794393
1794462
1794497
1794522
1794590
1794657
1794659
1794668
1794670
1794738
1794840
1794922
1794997
1795011
1795072
1795119
1795179
1795221
1795238
1795244
1795277
1795310
1795357
1795397
1795454
1795546
1795594
1795607
1795617
1795622
1795634
1795813
1795850
1795861
1795981
1796083
1796093
1796132
1796182
1796219
1796256
1796263
1796390
1796428
1796478
1796499
1796504
1796589
1796625
1796655
1796721
1796733
1796742
1796773
1797036
1797043
1797069
1797095
1797110
1797181
1797202
1797249
1797253
1797259
1797275
1797316
1797352
1797404
1797531
1797591
1797600
1797754
1797835
1797860
1797886
1797916
1797922
1797972
1798011
1798017
1798101
1798111
1798224
1798268
1798519
1798597
1798615
1798719
1798768
1798773
1798889
1798901
1798920
1798939
1799005
1799014
1799018
1799052
1799080
1799226
1799236
1799273
1799329
1799341
1799388
1799403
1799443
1799488
1799531
1799575
1799653
1799829
1799867
1800035
1800143
1800170
1800227
1800463
1800529
1800616
1800619
1800665
1800696
1800709
1800801
1800911
1800916
1800993
1800996
1801006
1801024
1801111
1801152
1801185
1801224
1801255
1801278
1801310
1801327
1801346
1801372
1801395
1801414
1801471
1801485
1801516
1801524
1801533
1801544
1801615
1801644
1801690
1801738
1801847
1801857
1801886
1801936
1801938
1801942
1801953
1801961
1801973
1801997
1802007
1802028
1802040
1802090
1802109
1802115
1802182
1802220
1802225
1802291
1802315
1802358
1802363
1802421
1802425
1802429
1802499
1802714
1802726
1802775
1802799
1802820
1802826
1802880
1802901
1802943
1802986
1802990
1803019
1803033
1803045
1803065
1803079
1803110
1803149
1803153
1803195
1803205
1803207
1803224
1803251
1803379
1803457
1803467
1803495
1803503
1803560
1803594
1803603
1803641
1803652
1803667
1803780
1803793
1803820
1803886
1804037
1804047
1804113
1804127
1804146
1804202
1804291
1804352
1804409
1804418
1804480
1804656
1804699
1804729
1804755
1804819
1804948
1804985
1804992
1804999
1805037
1805055
1805197
1805225
1805316
1805321
1805344
1805472
1805474
1805476
1805526
1805762
1805799
1805825
1805870
1805907
1805912
1806122
1806182
1806196
1806202
1806246
1806258
1806272
1806284
1806298
1806374
1806474
1806553
1806568
1806574
1806594
1806607
1806637
1806653
1806688
1806776
1806787
1806791
1806799
1806900
1806904
1806933
1806952
1806955
1807031
1807046
1807055
1807082
1807085
1807092
1807192
1807195
1807288
1807291
1807339
1807378
1807400
1807438
1807486
1807503
1807548
1807635
1807716
1807815
1807967
1808002
1808010
1808077
1808169
1808222
1808243
1808322
1808343
1808349
1808370
1808381
1808450
1808480
1808484
1808552
1808574
1808581
1808634
1808678
1808685
1808688
1808795
1808800
1808815
1808883
1808919
1808925
1808961
1808986
1809011
1809061
1809074
1809093
1809126
1809141
1809225
1809255
1809261
1809272
1809278
1809349
1809440
1809535
1809560
1809586
1809684
1809720
1809749
1809760
1809813
1809832
1809842
1809868
1809869
1809973
1809989
1809990
1810031
1810048
1810050
1810063
1810071
1810135
1810145
1810155
1810201
1810236
1810259
1810278
1810291
1810299
1810318
1810383
1810385
1810532
1810599
1810608
1810620
1810637
1810668
1810717
1810729
1810759
1810770
1810811
1810898
1810937
1811055
1811147
1811267
1811291
1811296
1811354
1811500
1811543
1811555
1811568
1811576
1811647
1811660
1811674
1811681
1811769
1811782
1811876
1811970
1812005
1812149
1812159
1812302
1812308
1812312
1812356
1812395
1812402
1812407
1812420
1812445
1812461
1812470
1812493
1812524
1812531
1812546
1812566
1812647
1812750
1812867
1812889
1812928
1813025
1813036
1813047
1813054
1813080
1813116
1813127
1813180
1813185
1813192
1813236
1813260
1813301
1813304
1813323
1813343
1813401
1813481
1813499
1813679
1813703
1813709
1813816
1813902
1813940
1813973
1813976
1813996
1814040
1814073
1814106
1814107
1814152
1814169
1814191
1814241
1814257
1814462
1814488
1814529
1814561
1814583
1814618
1814715
1814751
1814759
1814767
1814941
1814952
1814959
1814968
1814986
1815035
1815094
1815098
1815103
1815115
1815159
1815206
1815237
1815241
1815392
1815402
1815463
1815499
1815565
1815646
1815684
1815723
1815731
1815739
1815812
1815918
1815991
1816001
1816019
1816042
1816142
1816162
1816172
1816194
1816220
1816277
1816360
1816441
1816449
1816456
1816677
1816706
1816711
1816739
1816784
1816804
1816830
1816919
1816940
1816949
1816987
1817071
1817211
1817253
1817316
1817325
1817423
1817466
1817485
1817543
1817565
1817610
1817699
1817704
1817728
1817754
1817800
1817805
1817854
1817905
1817921
1818015
1818020
1818051
1818066
1818088
1818101
1818104
1818121
1818137
1818185
1818214
1818229
1818304
1818334
1818374
1818402
1818537
1818600
1818629
1818638
1818663
1818675
1818689
1818723
1818746
1818766
1818805
1818825
1818887
1819026
1819043
1819116
1819192
1819206
1819237
1819249
1819263
1819325
1819364
1819377
1819553
1819599
1819652
1819669
1819695
1819699
1819728
1819736
1819825
1819829
1819837
1819924
1819944
1819977
1820182
1820204
1820213
1820229
1820271
1820285
1820359
1820368
1820373
1820387
1820422
1820488
1820493
1820520
1820593
1820668
1820672
1820681
1820726
1820736
1820871
1820925
1820950
1820984
1821053
1821058
1821063
1821086
1821093
1821112
1821134
1821173
1821311
1821400
1821455
1821465
1821468
1821685
1821723
1821753
1821766
1821842
1821903
1821918
1821957
1822019
1822127
1822233
1822255
1822258
1822272
1822290
1822344
1822376
1822427
1822497
1822560
1822616
1822835
1822918
1822946
1822949
1822958
1823016
1823028
1823049
1823078
1823124
1823138
1823230
1823237
1823249
1823259
1823265
1823277
1823296
1823363
1823426
1823461
1823478
1823494
1823525
1823545
1823557
1823617
1823621
1823646
1823707
1823719
1823728
1823730
1823833
1823867
1823974
1824100
1824176
1824215
1824253
1824269
1824285
1824366
1824417
1824418
1824428
1824441
1824461
1824467
1824477
1824512
1824578
1824610
1824648
1824660
1824664
1824680
1824686
1824847
1824889
1824925
1824927
1824931
1824959
1825013
1825021
1825115
1825133
1825265
1825273
1825278
1825329
1825344
1825358
1825360
1825388
1825417
1825435
1825486
1825489
1825502
1825576
1825592
1825672
1825690
1825704
1825710
1825738
1825758
1825795
1825812
1825907
1825929
1825952
1825967
1826057
1826059
1826216
1826218
1826248
1826299
1826302
1826362
1826367
1826378
1826409
1826414
1826660
1826671
1826701
1826707
1826739
1826742
1826806
1826815
1826860
1826864
1826940
1826951
1826964
1826980
1827002
1827022
1827032
1827049
1827077
1827216
1827253
1827278
1827293
1827308
1827317
1827416
1827446
1827505
1827548
1827574
1827592
1827607
1827641
1827658
1827696
1827907
1827956
1827963
1827993
1828024
1828043
1828062
1828097
1828159
1828350
1828378
1828407
1828417
1828460
1828489
1828495
1828543
1828547
1828549
1828641
1828716
1828785
1828812
1828843
1828868
1828883
1828941
1828954
1828967
1828976
1828989
1829035
1829046
1829081
1829083
1829088
1829122
1829155
1829165
1829183
1829268
1829296
1829299
1829302
1829404
1829421
1829437
1829465
1829483
1829494
1829518
1829531
1829576
1829630
1829671
1829681
1829694
1829699
1829792
1829805
1829815
1829835
1829890
1830001
1830076
1830140
1830148
1830178
1830185
1830194
1830215
1830297
1830343
1830356
1830362
1830463
1830489
1830501
1830545
1830581
1830675
1830732
1830781
1830885
1831006
1831220
1831238
1831261
1831433
1831479
1831487
1831496
1831516
1831646
1831712
1831745
1831760
1831817
1831820
1831827
1831840
1831921
1832078
1832098
1832146
1832160
1832177
1832231
1832296
1832379
1832402
1832500
1832583
1832806
1832842
1832905
1832916
1832932
1832994
1833025
1833044
1833074
1833167
1833280
1833285
1833291
1833300
1833301
1833478
1833481
1833511
1833519
1833604
1833631
1833646
1833755
1833780
1833782
1833787
1833801
1833836
1833895
1833945
1833970
1834087
1834188
1834272
1834300
1834324
1834338
1834388
1834545
1834583
1834624
1834720
1834745
1834767
1834805
1834829
1834847
1834913
1834923
1834926
1834988
1835042
1835073
1835076
1835079
1835130
1835142
1835197
1835202
1835220
1835261
1835340
1835352
1835386
1835395
1835491
1835524
1835552
1835609
1835629
1835636
1835695
1835801
1835819
1835844
1835913
1835988
1836085
1836151
1836166
1836172
1836204
1836296
1836315
1836324
1836350
1836378
1836391
1836406
1836417
1836472
1836492
1836499
1836514
1836576
1836619
1836718
1836775
1836793
1836833
1836869
1836879
1836929
1837007
1837019
1837025
1837054
1837111
1837170
1837194
1837246
1837249
1837269
1837274
1837296
1837328
1837378
1837392
1837404
1837426
1837449
1837475
1837494
1837511
1837520
1837543
1837575
1837660
1837667
1837698
1837745
1837772
1837792
1837814
1837816
1837905
1837941
1837949
1837958
1837977
1838008
1838069
1838085
1838147
1838181
1838432
1838461
1838547
1838572
1838584
1838633
1838667
1838723
1838833
1838834
1838865
1838921
1838928
1838956
1839003
1839058
1839068
1839120
1839226
1839250
1839329
1839350
1839351
1839559
1839706
1839739
1839745
1839771
1839826
1839843
1839880
1840008
1840083
1840142
1840149
1840159
1840195
1840264
1840331
1840365
1840374
1840447
1840456
1840468
1840471
1840492
1840502
1840505
1840515
1840522
1840542
1840604
1840720
1840755
1840766
1840825
1840866
1840891
1841015
1841017
1841257
1841303
1841307
1841318
1841395
1841410
1841583
1841613
1841632
1841713
1841752
1841758
1841781
1841784
1841821
1841833
1841921
1841929
1842003
1842009
1842127
1842164
1842203
1842216
1842219
1842236
1842293
1842305
1842336
1842361
1842366
1842378
1842398
1842450
1842463
1842508
1842617
1842684
1842700
1842714
1842741
1842855
1842870
1842876
1842882
1842917
1842936
1842952
1843011
1843028
1843114
1843181
1843229
1843250
1843268
1843270
1843298
1843330
1843335
1843350
1843415
1843431
1843847
1843871
1843902
1844061
1844097
1844158
1844292
1844313
1844404
1844446
1844460
1844474
1844502
1844528
1844531
1844585
1844624
1844627
1844633
1844713
1844833
1844852
1844904
1844933
1844969
1844978
1845002
1845030
1845053
1845087
1845198
1845235
1845265
1845271
1845275
1845308
1845319
1845335
1845361
1845374
1845405
1845468
1845482
1845484
1845495
1845500
1845503
1845530
1845566
1845603
1845613
1845619
1845712
1845909
1845973
1846041
1846070
1846125
1846149
1846178
1846187
1846420
1846459
1846486
1846548
1846703
1846716
1846796
1846806
1846872
1846916
1847019
1847159
1847273
1847303
1847350
1847366
1847391
1847406
1847441
1847480
1847525
1847570
1847835
1847853
1847918
1848032
1848142
1848188
1848262
1848276
1848281
1848445
1848636
1848720
1848747
1848783
1848830
1848986
1849017
1849030
1849063
1849074
1849078
1849103
1849105
1849133
1849171
1849189
1849227
1849271
1849278
1849376
1849379
1849412
1849505
1849581
1849637
1849660
1849694
1849714
1849763
1849812
1849836
1849849
1849866
1849893
1850094
1850102
1850294
1850314
1850374
1850390
1850406
1850461
1850481
1850527
1850664
1850713
1850778
1850878
1850920
1851015
1851066
1851104
1851130
1851183
1851228
1851245
1851279
1851288
1851539
1851552
1851590
1851598
1851619
1851636
1851651
1851660
1851727
1851742
1851774
1851801
1851819
1851887
1851898
1851907
1851913
1851995
1852045
1852072
1852074
1852080
1852102
1852216
1852221
1852227
1852275
1852291
1852296
1852305
1852356
1852365
1852405
1852418
1852441
1852549
1852557
1852574
1852628
1852683
1852692
1852748
1852823
1852864
1852904
1852919
1852948
1852974
1853086
1853089
1853111
1853158
1853175
1853349
1853378
1853406
1853429
1853482
1853492
1853544
1853645
1853764
1853809
1853831
1853837
1853842
1853954
1853965
1853993
1853998
1854045
1854179
1854197
1854214
1854218
1854225
1854246
1854339
1854345
1854395
1854417
1854582
1854626
1854657
1854672
1854685
1854724
1854727
1854836
1854866
1855076
1855171
1855182
1855190
1855195
1855313
1855337
1855347
1855366
1855368
1855421
1855441
1855492
1855527
1855566
1855590
1855625
1855664
1855674
1855703
1855757
1855836
1855970
1855974
1855979
1855993
1856007
1856013
1856020
1856045
1856081
1856096
1856143
1856205
1856290
1856375
1856382
1856470
1856483
1856499
1856502
1856551
1856556
1856563
1856579
1856746
1856816
1856852
1856990
1856994
1857038
1857094
1857112
1857146
1857291
1857343
1857404
1857424
1857443
1857519
1857526
1857551
1857578
1857603
1857627
1857666
1857686
1857706
1857728
1857831
1857863
1857882
1857926
1858067
1858080
1858090
1858121
1858183
1858281
1858330
1858354
1858384
1858402
1858422
1858503
1858650
1858697
1858785
1858808
1858825
1858876
1858999
1859112
1859163
1859201
1859205
1859229
1859339
1859357
1859395
1859405
1859433
1859447
1859466
1859508
1859527
1859585
1859606
1859618
1859659
1859672
1859693
1859709
1859729
1859735
1859747
1859781
1859839
1859883
1859922
1859933
1859977
1860049
1860112
1860126
1860158
1860162
1860226
1860233
1860295
1860311
1860347
1860403
1860440
1860490
1860545
1860558
1860565
1860592
1860702
1860706
1860714
1860748
1860913
1860926
1860993
1861010
1861037
1861062
1861086
1861138
1861197
1861211
1861256
1861263
1861334
1861391
1861393
1861410
1861442
1861456
1861581
1861610
1861645
1861682
1861695
1861707
1861722
1861792
1861864
1861889
1862027
1862039
1862070
1862150
1862186
1862254
1862414
1862551
1862571
1862591
1862658
1862810
1862895
1862917
1862990
1863019
1863085
1863114
1863123
1863179
1863217
1863260
1863271
1863313
1863416
1863426
1863478
1863509
1863520
1863530
1863550
1863578
1863607
1863636
1863650
1863686
1863741
1863759
1863803
1863842
1863896
1863912
1863991
1864013
1864023
1864057
1864071
1864084
1864112
1864187
1864255
1864293
1864407
1864414
1864429
1864497
1864550
1864738
1864749
1864805
1864820
1864902
1865012
1865036
1865037
1865181
1865245
1865367
1865374
1865435
1865438
1865547
1865581
1865593
1865602
1865607
1865688
1865720
1865749
1865793
1865833
1865843
1865883
1865900
1865978
1866041
1866067
1866097
1866099
1866108
1866141
1866274
1866280
1866326
1866365
1866370
1866427
1866440
1866520
1866563
1866576
1866600
1866621
1866634
1866637
1866680
1866726
1866761
1866864
1866898
1866939
1867156
1867211
1867313
1867338
1867353
1867394
1867415
1867440
1867593
1867641
1867645
1867711
1867753
1867770
1867808
1867843
1867871
1867953
1868068
1868182
1868205
1868232
1868235
1868239
1868273
1868289
1868354
1868518
1868549
1868570
1868630
1868669
1868687
1868693
1868696
1868755
1868811
1868818
1868844
1868897
1868921
1869064
1869272
1869388
1869415
1869425
1869437
1869458
1869498
1869520
1869621
1869636
1869663
1869678
1869699
1869807
1869891
1869934
1870050
1870166
1870191
1870235
1870414
1870482
1870497
1870501
1870676
1870724
1870729
1870762
1870766
1870780
1870827
1870841
1870853
1870859
1870917
1870938
1871033
1871078
1871096
1871120
1871249
1871290
1871399
1871474
1871479
1871495
1871521
1871538
1871555
1871632
1871801
1871830
1871847
1871855
1871861
1871889
1871904
1871946
1871958
1871962
1872028
1872036
1872081
1872089
1872172
1872176
1872178
1872192
1872194
1872220
1872247
1872332
1872353
1872372
1872377
1872414
1872528
1872565
1872625
1872681
1872684
1872688
1872804
1872881
1872904
1872926
1872928
1873042
1873146
1873211
1873272
1873350
1873408
1873485
1873498
1873634
1873667
1873688
1873719
1873737
1873794
1873828
1873892
1873894
1873900
1874097
1874111
1874351
1874369
1874476
1874531
1874537
1874548
1874596
1874600
1874644
1874694
1874702
1874710
1874721
1874741
1874805
1874858
1874989
1875010
1875191
1875196
1875232
1875348
1875368
1875393
1875462
1875669
1875748
1875841
1875892
1875921
1875952
1875958
1876076
1876094
1876171
1876181
1876210
1876248
1876321
1876358
1876390
1876432
1876506
1876537
1876557
1876619
1876629
1876676
1876685
1876720
1876728
1876769
1876770
1876823
1876936
1876947
1877063
1877072
1877076
1877102
1877192
1877275
1877276
1877303
1877326
1877352
1877367
1877376
1877432
1877434
1877473
1877517
1877524
1877606
1877727
1877756
1877767
1877806
1877813
1877838
1877892
1877904
1877938
1877947
1877966
1878001
1878046
1878060
1878173
1878325
1878377
1878407
1878475
1878513
1878601
1878620
1878653
1878663
1878676
1878697
1878790
1878797
1878804
1878818
1878825
1878879
1878881
1878901
1879001
1879021
1879086
1879112
1879116
1879132
1879137
1879197
1879241
1879254
1879356
1879396
1879419
1879484
1879501
1879957
1879993
1880052
1880059
1880079
1880095
1880097
1880106
1880178
1880191
1880282
1880490
1880548
1880616
1880633
1880761
1880788
1880791
1880817
1880851
1880952
1881026
1881088
1881148
1881191
1881214
1881295
1881327
1881336
1881351
1881361
1881413
1881483
1881514
1881554
1881557
1881580
1881616
1881637
1881643
1881771
1881802
1881880
1881935
1881957
1882025
1882091
1882185
1882233
1882245
1882290
1882334
1882347
1882357
1882360
1882378
1882394
1882406
1882444
1882451
1882540
1882627
1882644
1882658
1882714
1882814
1882841
1882872
1882925
1882926
1882939
1883048
1883080
1883158
1883160
1883246
1883291
1883316
1883389
1883394
1883421
1883513
1883538
1883553
1883569
1883619
1883676
1883684
1883717
1883726
1883750
1883755
1883813
1883816
1883830
1883851
1883916
1884018
1884097
1884102
1884156
1884284
1884397
1884408
1884466
1884539
1884566
1884585
1884595
1884965
1885082
1885087
1885197
1885282
1885298
1885337
1885391
1885396
1885496
1885559
1885583
1885680
1885734
1885835
1885843
1885871
1885914
1886007
1886034
1886068
1886086
1886093
1886134
1886189
1886221
1886225
1886285
1886295
1886299
1886306
1886380
1886394
1886474
1886476
1886491
1886503
1886519
1886567
1886680
1886733
1886764
1886783
1886788
1886836
1886873
1886884
1886898
1886925
1887028
1887129
1887155
1887161
1887194
1887223
1887345
1887433
1887496
1887531
1887563
1887587
1887592
1887604
1887724
1887730
1887761
1887785
1887790
1887843
1887864
1887965
1887969
1887998
1888021
1888033
1888092
1888138
1888162
1888209
1888219
1888222
1888285
1888298
1888419
1888470
1888562
1888572
1888574
1888764
1888810
1888924
1889058
1889147
1889171
1889188
1889195
1889200
1889209
1889222
1889340
1889342
1889426
1889439
1889462
1889472
1889558
1889581
1889619
1889716
1889769
1889796
1889838
1889888
1889917
1889927
1889938
1889953
1889962
1890010
1890020
1890081
1890102
1890155
1890226
1890309
1890317
1890337
1890374
1890394
1890395
1890399
1890418
1890426
1890429
1890448
1890470
1890487
1890534
1890555
1890601
1890656
1890689
1890717
1890723
1890733
1890771
1890789
1890832
1890893
1890988
1891147
1891175
1891220
1891226
1891290
1891307
1891402
1891414
1891441
1891448
1891451
1891479
1891550
1891612
1891704
1891751
1891871
1891880
1891883
1891892
1891927
1891948
1892008
1892022
1892130
1892202
1892234
1892243
1892354
1892569
1892651
1892735
1892748
1892816
1892905
1892909
1892941
1892962
1892993
1893012
1893038
1893071
1893087
1893110
1893202
1893260
1893264
1893326
1893363
1893440
1893449
1893524
1893541
1893598
1893613
1893646
1893688
1893788
1893864
1893894
1893965
1894031
1894078
1894089
1894170
1894245
1894251
1894254
1894338
1894369
1894443
1894449
1894474
1894603
1894660
1894677
1894698
1894856
1894996
1895131
1895179
1895229
1895372
1895428
1895451
1895458
1895496
1895502
1895545
1895546
1895562
1895569
1895591
1895595
1895667
1895759
1895760
1895807
1895830
1895862
1895908
1895945
1896010
1896025
1896038
1896079
1896121
1896156
1896165
1896239
1896366
1896419
1896602
1896619
1896631
1896645
1896661
1896680
1896697
1896730
1896747
1896843
1896853
1896874
1896998
1897043
1897074
1897178
1897190
1897203
1897246
1897280
1897310
1897376
1897488
1897649
1897671
1897675
1897739
1897767
1897791
1897838
1897869
1897937
1897942
1898042
1898052
1898074
1898119
1898252
1898280
1898294
1898361
1898385
1898400
1898434
1898444
1898496
1898559
1898677
1898705
1898711
1898861
1898891
1898946
1899024
1899049
1899064
1899116
1899197
1899215
1899236
1899446
1899549
1899566
1899690
1899702
1899806
1899831
1899889
1899898
1900005
1900085
1900106
1900163
1900208
1900254
1900335
1900344
1900462
1900485
1900515
1900611
1900636
1900643
1900654
1900737
1900775
1900867
1900895
1900902
1900936
1900973
1900986
1901024
1901046
1901151
1901163
1901171
1901221
1901380
1901384
1901444
1901465
1901469
1901565
1901641
1901644
1901668
1901686
1901698
1901714
1901750
1901760
1901852
1901859
1901877
1901924
1901969
1902001
1902065
1902103
1902152
1902159
1902197
1902309
1902324
1902346
1902366
1902401
1902424
1902426
1902473
1902557
1902627
1902630
1902687
1902754
1902795
1902807
1902825
1902854
1902870
1902989
1903059
1903064
1903084
1903232
1903309
1903330
1903339
1903354
1903409
1903450
1903488
1903502
1903560
1903606
1903686
1903734
1903804
1903807
1903828
1903866
1903941
1903984
1904056
1904095
1904117
1904123
1904230
1904287
1904305
1904322
1904416
1904422
1904481
1904485
1904494
1904538
1904592
1904607
1904616
1904634
1904737
1904778
1904813
1904847
1904975
1905052
1905098
1905135
1905167
1905203
1905294
1905369
1905373
1905509
1905540
1905555
1905589
1905640
1905691
1905725
1905739
1905750
1905770
1905855
1905879
1905884
1905906
1905933
1905970
1906009
1906024
1906082
1906112
1906199
1906233
1906249
1906350
1906410
1906442
1906593
1906643
1906856
1906857
1906902
1906975
1907004
1907112
1907125
1907169
1907339
1907346
1907381
1907407
1907434
1907443
1907473
1907564
1907596
1907598
1907681
1907723
1907724
1907813
1907875
1908002
1908038
1908040
1908054
1908060
1908081
1908125
1908173
1908226
1908265
1908342
1908417
1908422
1908460
1908467
1908559
1908567
1908652
1908658
1908683
1908687
1908695
1908735
1908784
1908806
1909079
1909093
1909221
1909266
1909346
1909436
1909539
1909707
1909764
1909799
1909814
1909825
1909853
1909861
1909983
1909992
1910061
1910064
1910119
1910131
1910138
1910263
1910291
1910327
1910355
1910395
1910409
1910456
1910468
1910520
1910578
1910606
1910666
1910701
1910762
1910821
1910840
1910915
1910948
1910986
1911084
1911155
1911214
1911219
1911316
1911387
1911510
1911668
1911702
1911743
1911744
1911813
1911817
1911837
1911951
1911986
1912021
1912025
1912031
1912064
1912082
1912190
1912200
1912212
1912368
1912399
1912406
1912409
1912507
1912608
1912617
1912625
1912639
1912651
1912691
1912696
1912735
1912786
1912853
1912949
1912961
1913001
1913157
1913168
1913291
1913341
1913353
1913392
1913493
1913596
1913614
1913713
1913766
1913778
1913821
1913833
1913878
1913898
1913916
1913948
1913952
1913962
1914072
1914211
1914227
1914232
1914292
1914314
1914446
1914612
1914616
1914632
1914802
1914813
1914877
1914881
1914920
1914954
1914963
1914971
1914986
1915191
1915309
1915419
1915443
1915474
1915509
1915527
1915536
1915544
1915648
1915654
1915704
1915723
1915833
1915843
1915963
1915971
1915991
1916007
1916012
1916100
1916193
1916255
1916296
1916351
1916375
1916392
1916543
1916546
1916583
1916619
1916704
1916749
1916858
1916863
1916871
1916884
1916928
1916981
1917021
1917102
1917130
1917144
1917160
1917219
1917278
1917317
1917329
1917352
1917479
1917616
1917653
1917683
1917691
1917707
1917797
1917874
1917909
1917919
1917956
1917980
1918121
1918234
1918244
1918300
1918449
1918461
1918481
1918533
1918620
1918682
1918705
1918712
1918816
1918874
1918887
1918919
1918949
1918970
1919030
1919094
1919135
1919217
1919232
1919345
1919502
1919527
1919539
1919733
1919761
1919854
1919875
1919926
1919960
1919983
1920102
1920192
1920194
1920195
1920297
1920358
1920452
1920474
1920566
1920605
1920659
1920713
1920810
1920875
1920899
1920912
1921016
1921133
1921221
1921284
1921295
1921301
1921330
1921337
1921375
1921409
1921460
1921573
1921650
1921656
1921801
1921837
1921895
1921927
1922014
1922194
1922242
1922284
1922311
1922381
1922389
1922398
1922402
1922414
1922495
1922604
1922652
1922659
1922665
1922680
1922707
1922728
1922974
1923003
1923078
1923106
1923211
1923235
1923285
1923302
1923446
1923460
1923526
1923533
1923535
1923543
1923618
1923624
1923669
1923694
1923745
1923754
1923783
1923799
1923837
1923868
1923875
1923939
1923945
1924064
1924112
1924162
1924206
1924325
1924337
1924376
1924387
1924543
1924636
1924768
1924787
1924845
1924890
1924950
1925013
1925018
1925060
1925176
1925188
1925303
1925371
1925414
1925511
1925525
1925531
1925587
1925629
1925687
1925734
1925753
1925876
1925946
1925961
1925981
1925995
1926059
1926188
1926215
1926291
1926313
1926319
1926332
1926399
1926401
1926421
1926536
1926557
1926634
1926635
1926682
1926743
1926771
1926876
1926882
1926923
1927008
1927080
1927122
1927218
1927239
1927294
1927332
1927343
1927358
1927367
1927378
1927447
1927449
1927464
1927540
1927579
1927588
1927658
1927661
1927699
1927711
1927814
1927832
1927850
1927876
1927883
1927968
1927978
1928002
1928008
1928063
1928065
1928078
1928092
1928099
1928154
1928165
1928184
1928192
1928197
1928208
1928236
1928310
1928319
1928403
1928443
1928506
1928550
1928565
1928629
1928652
1928658
1928681
1928684
1928689
1928749
1928783
1928831
1928833
1928898
1928900
1928906
1928912
1928995
1929078
1929108
1929192
1929412
1929434
1929449
1929485
1929491
1929548
1929580
1929622
1929669
1929716
1929733
1929735
1929760
1929876
1929881
1929910
1929933
1930038
1930122
1930252
1930288
1930291
1930379
1930392
1930492
1930498
1930508
1930513
1930544
1930576
1930625
1930652
1930698
1930701
1930703
1930709
1930745
1930763
1930784
1930807
1930813
1930854
1930895
1930908
1930912
1930987
1931004
1931031
1931043
1931054
1931069
1931375
1931436
1931444
1931506
1931628
1931654
1931666
1931708
1931717
1931756
1931786
1931803
1931886
1931890
1931904
1932002
1932025
1932042
1932076
1932094
1932144
1932192
1932220
1932245
1932255
1932314
1932315
1932359
1932456
1932532
1932594
1932598
1932609
1932611
1932637
1932803
1932820
1932828
1932885
1932887
1932893
1932930
1932951
1932986
1933063
1933095
1933154
1933177
1933345
1933377
1933414
1933440
1933477
1933522
1933573
1933591
1933642
1933699
1933719
1933815
1933868
1933870
1933897
1933908
1934013
1934019
1934024
1934029
1934044
1934062
1934099
1934124
1934175
1934181
1934185
1934214
1934258
1934298
1934306
1934309
1934385
1934435
1934530
1934671
1934846
1934856
1934954
1934988
1935001
1935065
1935070
1935079
1935087
1935132
1935204
1935232
1935255
1935467
1935481
1935586
1935607
1935693
1935742
1935779
1935832
1935868
1935880
1935962
1936012
1936036
1936056
1936140
1936199
1936249
1936295
1936306
1936377
1936383
1936459
1936514
1936610
1936640
1936643
1936708
1936714
1936750
1936763
1936814
1936818
1936856
1936863
1936932
1937024
1937042
1937049
1937104
1937123
1937133
1937137
1937148
1937153
1937189
1937204
1937208
1937237
1937249
1937251
1937285
1937306
1937381
1937436
1937529
1937535
1937672
1937742
1937760
1937772
1937791
1937819
1937864
1937888
1937906
1937912
1937936
1937940
1937971
1938023
1938025
1938055
1938085
1938138
