57
73
147
191
195
222
250
285
330
331
394
417
434
447
472
531
540
599
602
664
688
697
718
750
806
828
871
909
966
985
1011
1033
1069
1088
1097
1100
1191
1289
1371
1424
1427
1441
1449
1452
1459
1474
1511
1515
1527
1549
1561
1645
1664
1673
1702
1740
1753
1767
1790
1796
1813
1817
1858
1895
1987
2041
2054
2083
2088
2109
2113
2118
2124
2233
2263
2387
2400
2449
2450
2478
2499
2532
2582
2601
2716
2728
2745
2782
2809
2847
2944
2963
2974
2981
3026
3033
3049
3055
3058
3067
3085
3125
3179
3185
3219
3354
3460
3553
3569
3577
3585
3632
3662
3779
3893
3904
3916
3922
3944
4034
4045
4061
4132
4216
4243
4353
4380
4468
4493
4507
4518
4522
4533
4616
4649
4702
4766
4811
4816
4830
4842
4851
4853
4862
4871
4892
4967
4990
5025
5048
5092
5106
5112
5132
5152
5160
5175
5278
5323
5341
5391
5441
5530
5551
5622
5624
5698
5717
5741
5755
5756
5806
5834
5848
6006
6020
6114
6169
6208
6243
6277
6292
6398
6430
6431
6484
6509
6543
6559
6576
6582
6608
6645
6658
6686
6726
6761
6913
6933
6937
6951
6969
7013
7026
7036
7094
7096
7134
7153
7203
7225
7243
7285
7325
7326
7361
7375
7463
7549
7667
7729
7742
7816
7874
7932
7950
7976
8010
8038
8066
8076
8083
8115
8181
8327
8386
8395
8427
8499
8518
8532
8562
8564
8577
8589
8636
8647
8665
8712
8724
8777
8834
8853
8855
8887
8892
8990
8996
9114
9134
9149
9202
9275
9278
9377
9464
9499
9502
9558
9561
9571
9590
9618
9652
9661
9711
9778
9798
9845
9941
9944
10005
10034
10037
10048
10068
10074
10086
10103
10168
10186
10193
10211
10222
10237
10246
10247
10269
10271
10286
10303
10389
10404
10439
10474
10516
10541
10576
10590
10674
10745
10789
10796
10800
10845
10861
10862
10880
10882
10965
10968
10994
11031
11072
11079
11117
11241
11248
11278
11289
11300
11305
11336
11445
11456
11517
11568
11580
11590
11609
11654
11688
11722
11807
11919
11977
12009
12068
12102
12112
12168
12291
12335
12384
12443
12458
12576
12577
12606
12642
12657
12721
12739
12785
12810
13248
13299
13314
13319
13333
13349
13359
13362
13366
13370
13373
13408
13422
13425
13436
13447
13456
13502
13522
13545
13563
13687
13696
13711
13727
13760
13782
13794
13795
13813
13821
13827
13850
13887
14024
14036
14040
14075
14124
14131
14188
14199
14277
14382
14387
14400
14420
14430
14641
14657
14698
14717
14735
14748
14819
14823
14839
14870
14896
14909
14919
14920
14933
14976
14982
14988
15055
15057
15062
15067
15191
15204
15232
15239
15290
15309
15376
15388
15485
15568
15618
15632
15695
15725
15776
15824
15829
15889
16000
16043
16046
16068
16092
16184
16212
16222
16233
16249
16273
16299
16313
16332
16337
16354
16357
16364
16397
16400
16529
16535
16547
16558
16565
16600
16608
16641
16671
16712
16721
16777
16781
16791
16824
16896
16995
17029
17075
17095
17114
17185
17203
17209
17235
17270
17280
17501
17514
17546
17684
17726
17821
17842
17852
17966
17978
18060
18172
18240
18252
18256
18278
18310
18324
18344
18390
18392
18450
18484
18501
18508
18520
18557
18584
18775
18776
18793
18865
18873
18888
18925
18953
19047
19194
19216
19261
19280
19293
19324
19328
19340
19350
19356
19369
19439
19486
19505
19528
19549
19566
19616
19631
19654
19670
19712
19747
19841
19859
19909
19910
19916
19939
19941
20014
20018
20028
20056
20120
20144
20208
20245
20343
20360
20515
20562
20625
20642
20658
20779
20854
20891
20894
20951
21018
21087
21110
21132
21144
21150
21197
21276
21285
21297
21324
21337
21355
21363
21394
21420
21436
21438
21452
21504
21536
21644
21652
21702
21876
21985
21998
22060
22069
22158
22241
22255
22273
22290
22296
22394
22472
22512
22608
22646
22648
22741
22865
22912
22916
22940
22970
22983
23010
23013
23045
23054
23095
23129
23226
23227
23363
23421
23425
23495
23520
23540
23565
23575
23586
23596
23600
23617
23642
23648
23664
23729
23749
23805
23811
23820
23853
23854
23889
23930
23938
23943
24070
24090
24107
24115
24146
24209
24230
24269
24305
24323
24332
24333
24337
24417
24420
24505
24630
24646
24660
24715
24731
24743
24786
24838
24862
24918
24949
24977
24979
24988
24991
25034
25041
25092
25093
25118
25250
25261
25288
25301
25380
25413
25416
25445
25449
25481
25486
25507
25517
25569
25601
25659
25687
25697
25768
25890
25956
25976
26022
26027
26030
26092
26109
26198
26201
26205
26274
26308
26360
26363
26465
26470
26485
26518
26559
26591
26606
26622
26628
26656
26721
26789
26793
26858
26869
26898
26908
26940
26962
26967
27029
27053
27126
27188
27199
27201
27210
27264
27336
27344
27498
27509
27530
27544
27558
27596
27617
27619
27666
27689
27700
27716
27745
27762
27817
27848
27948
28174
28218
28221
28230
28308
28310
28377
28413
28434
28448
28459
28513
28526
28531
28597
28835
28862
28869
28899
28946
28959
28966
28976
29014
29041
29045
29059
29081
29202
29245
29320
29364
29431
29432
29446
29447
29484
29595
29786
29862
29943
29982
29991
30029
30139
30152
30162
30242
30274
30326
30356
30389
30395
30453
30461
30502
30536
30548
30570
30591
30617
30727
30763
30785
30797
30829
30869
30873
30900
30935
30946
30951
31110
31138
31171
31233
31261
31281
31345
31386
31395
31416
31517
31565
31619
31740
31759
31812
31817
31887
31940
31961
31966
32067
32074
32109
32156
32186
32215
32264
32354
32397
32425
32499
32541
32589
32701
32751
32784
32831
32868
32982
33050
33065
33075
33084
33165
33354
33373
33600
33658
33679
33740
33762
33772
33796
33810
33833
33839
33873
33895
34004
34007
34099
34109
34142
34202
34239
34251
34263
34287
34294
34339
34342
34349
34370
34377
34423
34448
34537
34643
34679
34696
34701
34725
34770
34790
34805
34817
34856
34926
34933
34941
34946
34993
35041
35052
35054
35097
35104
35158
35214
35276
35282
35358
35464
35465
35479
35493
35510
35515
35524
35529
35586
35602
35613
35627
35650
35729
35856
35876
35975
35982
35992
36020
36050
36089
36096
36100
36116
36126
36164
36168
36294
36304
36363
36369
36396
36428
36454
36479
36513
36554
36654
36682
36811
36822
36844
36908
37039
37044
37127
37144
37187
37200
37218
37253
37263
37282
37305
37347
37360
37394
37431
37489
37540
37568
37595
37601
37617
37728
37739
37753
37762
37769
37805
37853
37904
37921
37926
37948
38090
38151
38207
38222
38238
38242
38312
38318
38397
38407
38421
38490
38497
38523
38527
38572
38600
38615
38754
38775
38786
38859
38881
38914
38932
38947
38950
39017
39023
39043
39079
39134
39164
39183
39237
39243
39254
39327
39348
39375
39467
39472
39496
39519
39524
39546
39564
39637
39641
39651
39702
39730
39778
39795
39818
39835
39846
39853
39892
39905
39918
39987
40028
40047
40067
40073
40088
40118
40153
40181
40183
40196
40199
40266
40351
40367
40399
40466
40487
40622
40652
40675
40683
40704
40772
40784
40795
40892
40958
40960
40990
41089
41095
41185
41201
41261
41273
41313
41321
41323
41348
41360
41412
41423
41437
41450
41476
41525
41538
41565
41578
41625
41715
41720
41723
41767
41780
41795
41845
41924
41992
42026
42029
42080
42082
42173
42189
42199
42266
42315
42317
42388
42398
42416
42442
42515
42524
42546
42688
42693
42714
42721
42728
42774
42790
42828
42839
42938
43108
43164
43168
43195
43197
43238
43246
43407
43410
43452
43461
43526
43534
43570
43620
43638
43645
43771
43811
43874
43932
43972
44014
44017
44020
44047
44066
44102
44213
44288
44312
44354
44372
44396
44486
44494
44561
44631
44704
44831
44887
44998
45020
45184
45193
45207
45253
45279
45283
45326
45344
45368
45396
45412
45444
45457
45462
45479
45507
45553
45580
45670
45714
45731
45763
45776
45789
45794
45842
45861
45916
45928
45964
45982
46031
46076
46079
46084
46157
46183
46217
46247
46272
46308
46338
46341
46404
46410
46415
46486
46587
46618
46643
46696
46720
46846
46854
46861
46863
47016
47063
47072
47075
47163
47188
47221
47301
47342
47390
47453
47493
47515
47576
47583
47585
47655
47740
47758
47892
47959
47962
48008
48069
48080
48136
48138
48148
48151
48160
48167
48253
48286
48287
48296
48332
48372
48379
48419
48478
48562
48606
48621
48894
48970
49047
49105
49188
49227
49288
49349
49355
49431
49447
49469
49518
49536
49562
49662
49713
49719
49721
49736
49772
49794
49845
49867
49906
49923
50000
50054
50095
50100
50120
50122
50144
50207
50249
50263
50307
50348
50363
50415
50420
50429
50436
50456
50471
50494
50506
50510
50541
50578
50630
50647
50656
50699
50785
50825
50859
50898
50907
50945
51010
51015
51071
51131
51210
51219
51220
51242
51293
51340
51350
51355
51415
51430
51451
51455
51462
51470
51476
51492
51501
51511
51552
51629
51644
51666
51670
51687
51702
51721
51755
51830
51961
51990
52110
52118
52131
52144
52192
52219
52302
52312
52315
52380
52393
52511
52550
52621
52676
52742
52875
52876
52885
52970
52976
53010
53038
53042
53095
53111
53125
53148
53154
53197
53222
53239
53289
53317
53344
53348
53426
53454
53488
53526
53542
53581
53709
53715
53716
53731
53806
53810
53881
53902
53906
53918
53958
53998
54044
54067
54074
54082
54137
54184
54221
54248
54249
54270
54273
54279
54313
54356
54404
54423
54490
54527
54551
54574
54584
54587
54610
54641
54648
54705
54711
54761
54809
54813
54835
54838
54859
54879
54902
54916
54937
54953
54968
55009
55048
55084
55101
55112
55133
55168
55176
55186
55253
55312
55366
55377
55397
55408
55431
55459
55472
55473
55477
55499
55528
55548
55564
55605
55685
55688
55735
55819
55858
55861
55910
55996
56027
56029
56076
56133
56142
56157
56217
56226
56317
56341
56394
56418
56437
56445
56455
56472
56480
56661
56687
56694
56760
56851
56856
56875
56887
56897
56908
56986
57030
57091
57098
57187
57210
57213
57269
57296
57319
57364
57449
57481
57605
57609
57622
57686
57699
57704
57851
57857
57874
57925
57928
57949
58012
58051
58099
58125
58278
58293
58295
58328
58399
58409
58438
58451
58479
58531
58536
58591
58598
58611
58682
58752
58784
58797
58814
58866
58879
58882
58905
58940
58956
59028
59068
59105
59120
59188
59260
59318
59345
59365
59373
59572
59610
59622
59628
59652
59666
59682
59722
59744
59768
59771
60025
60055
60060
60078
60118
60140
60185
60249
60297
60303
60305
60406
60459
60497
60514
60533
60539
60554
60639
60707
60753
60794
60856
60875
60904
60955
61012
61110
61134
61152
61159
61220
61227
61265
61299
61319
61347
61437
61476
61508
61529
61541
61580
61618
61623
61648
61661
61766
61814
61835
61869
61872
61984
62066
62092
62104
62111
62150
62172
62201
62247
62252
62262
62452
62503
62547
62614
62665
62709
62936
62959
63010
63014
63082
63195
63254
63278
63351
63457
63466
63478
63484
63498
63543
63558
63570
63641
63700
63703
63737
63762
63816
63863
63870
63948
63993
64056
64092
64141
64152
64178
64276
64324
64365
64385
64445
64451
64514
64526
64549
64667
64689
64700
64727
64755
64783
64784
64828
64839
64928
64962
64977
65013
65017
65032
65045
65075
65080
65084
65142
65159
65248
65249
65425
65523
65525
65544
65558
65597
65663
65668
65730
65910
65928
65935
65961
66021
66116
66123
66133
66158
66161
66191
66398
66442
66455
66482
66605
66615
66630
66652
66692
66744
66756
66766
66775
66790
66832
66870
66891
66899
66915
66945
67019
67102
67117
67180
67232
67265
67342
67385
67403
67415
67483
67521
67532
67534
67639
67659
67665
67793
67839
67843
67888
67890
67914
68016
68054
68130
68209
68302
68309
68335
68377
68480
68487
68539
68581
68597
68631
68647
68682
68735
68749
68846
68854
68870
68901
68982
68996
69007
69061
69207
69261
69292
69301
69314
69364
69374
69412
69424
69572
69700
69719
69741
69744
69773
69808
69855
69991
70120
70169
70268
70274
70291
70299
70312
70314
70501
70504
70509
70555
70605
70661
70785
70791
70793
70796
70800
70874
70916
70957
71027
71061
71088
71094
71116
71138
71153
71170
71253
71301
71313
71315
71335
71362
71374
71423
71493
71513
71615
71632
71635
71648
71656
71718
71732
71736
71784
71850
71855
71983
72046
72054
72125
72149
72201
72203
72205
72306
72448
72470
72476
72509
72546
72566
72571
72585
72595
72645
72656
72704
72729
72771
72780
72803
72819
72848
72852
72881
72934
72946
72949
72976
72996
73005
73019
73061
73069
73073
73103
73120
73163
73178
73220
73231
73237
73247
73269
73360
73398
73428
73453
73470
73634
73656
73657
73687
73712
73781
73873
73882
73893
73897
73910
73957
73959
74047
74104
74129
74209
74243
74246
74291
74387
74396
74407
74588
74617
74641
74667
74738
74761
74768
74824
74889
74954
74966
74985
75012
75018
75031
75038
75082
75153
75155
75169
75270
75281
75284
75526
75540
75567
75569
75633
75803
75824
75833
75930
75963
76032
76054
76087
76119
76221
76224
76264
76280
76429
76443
76459
76481
76483
76545
76555
76591
76603
76673
76707
76745
76806
76879
76888
76889
76894
76920
76939
77034
77065
77119
77142
77161
77176
77196
77223
77229
77274
77301
77315
77338
77358
77367
77398
77434
77489
77522
77617
77646
77688
77727
77852
77942
77961
78064
78132
78202
78215
78226
78247
78266
78272
78331
78513
78561
78575
78584
78595
78624
78637
78714
78720
78846
78888
78914
78943
78945
78981
79047
79119
79142
79153
79155
79214
79224
79356
79467
79482
79512
79571
79598
79615
79637
79650
79674
79834
79850
79909
79910
79919
79942
79949
80124
80160
80166
80177
80204
80224
80251
80254
80264
80301
80325
80330
80372
80385
80408
80424
80431
80454
80520
80587
80625
80652
80659
80670
80701
80724
80737
80747
80771
80782
80788
80791
80813
80818
80918
81067
81082
81104
81162
81193
81211
81282
81299
81316
81321
81336
81352
81363
81392
81454
81570
81584
81594
81603
81613
81658
81706
81732
81737
81745
81848
81861
81869
81929
81949
81999
82007
82010
82054
82158
82196
82222
82242
82257
82323
82363
82407
82551
82655
82659
82699
82789
82812
82871
82897
82911
82967
83009
83016
83027
83034
83048
83129
83144
83169
83201
83215
83223
83231
83273
83327
83350
83373
83396
83429
83468
83512
83599
83601
83703
83721
83760
83789
83858
83876
83887
83897
83906
83941
83964
84030
84071
84076
84111
84150
84151
84261
84292
84310
84320
84367
84416
84551
84607
84637
84682
84764
84779
84819
84831
84866
84886
84887
84895
84911
84924
84996
85028
85039
85103
85152
85220
85310
85390
85409
85447
85458
85543
85576
85581
85626
85658
85718
85733
85748
85751
85768
85782
85808
85818
85876
85909
85911
85922
85943
85956
85957
85984
86004
86059
86102
86128
86161
86218
86233
86303
86406
86457
86579
86686
86745
86771
86949
87002
87047
87114
87130
87131
87195
87212
87268
87285
87359
87376
87395
87423
87433
87438
87516
87590
87767
87810
87858
87883
87894
87952
87960
87972
88012
88094
88169
88296
88420
88433
88467
88595
88632
88698
88780
88787
88858
88906
88909
88953
89020
89107
89141
89162
89249
89255
89277
89428
89449
89517
89545
89589
89595
89601
89683
89760
89839
89860
89865
89880
89931
89978
90005
90070
90101
90161
90173
90229
90276
90301
90308
90313
90317
90346
90378
90402
90410
90414
90418
90496
90541
90607
90655
90683
90728
90828
90857
90890
91009
91017
91030
91084
91309
91319
91331
91455
91488
91503
91542
91560
91564
91575
91637
91647
91674
91677
91714
91727
91763
91791
91810
91824
91852
91871
91876
91984
92038
92092
92095
92193
92240
92254
92283
92338
92433
92473
92511
92517
92529
92546
92577
92651
92657
92672
92750
92756
92811
92824
92870
92876
92877
92910
92915
93012
93061
93072
93083
93085
93130
93131
93171
93191
93235
93305
93330
93351
93435
93489
93494
93512
93546
93567
93578
93667
93670
93699
93703
93708
93840
93843
93862
93878
93915
93947
93952
93972
94020
94053
94097
94103
94117
94142
94150
94165
94187
94202
94213
94248
94291
94359
94393
94409
94413
94432
94486
94493
94512
94542
94549
94670
94774
94800
94838
94869
94908
94962
94977
94979
95016
95033
95104
95137
95157
95175
95179
95202
95366
95377
95394
95519
95523
95531
95568
95650
95669
95680
95797
95848
95957
96056
96097
96149
96163
96219
96221
96316
96343
96402
96470
96509
96550
96561
96588
96617
96709
96715
96733
96861
96888
96967
97057
97219
97311
97565
97582
97658
97726
97781
97864
97914
97937
97953
97958
97974
97993
98040
98059
98061
98098
98125
98167
98233
98283
98340
98350
98377
98436
98448
98481
98514
98520
98651
98671
98701
98814
98868
98889
98928
98990
99017
99043
99052
99090
99108
99113
99142
99205
99228
99278
99437
99514
99533
99645
99727
99801
99823
99840
99863
99865
99894
99909
99927
99949
99953
99990
100061
100084
100088
100112
100118
100161
100201
100261
100415
100436
100448
100489
100511
100534
100580
100613
100627
100745
100763
100869
100880
100890
100945
101001
101011
101046
101066
101155
101179
101188
101209
101239
101262
101272
101610
101634
101660
101700
101727
101748
101769
101824
101853
101876
101911
101972
101990
102056
102087
102090
102109
102115
102155
102169
102172
102194
102200
102256
102266
102272
102293
102314
102414
102429
102453
102479
102594
102609
102660
102665
102750
102786
102800
102930
102965
102981
102995
103010
103017
103060
103075
103082
103138
103142
103219
103239
103283
103285
103289
103316
103353
103400
103424
103430
103434
103556
103680
103856
103862
103908
103922
103930
103935
104014
104019
104024
104035
104118
104140
104142
104182
104265
104290
104296
104340
104343
104361
104367
104372
104420
104430
104471
104520
104523
104574
104589
104606
104693
104805
104825
104881
104886
104894
104907
105006
105021
105044
105107
105176
105181
105185
105193
105203
105228
105230
105258
105302
105491
105519
105540
105601
105612
105626
105637
105660
105689
105708
105754
105760
105771
105791
105796
105828
105842
105860
105896
105945
105971
105979
105991
106016
106024
106052
106062
106070
106210
106237
106250
106317
106326
106368
106372
106383
106402
106409
106490
106567
106658
106665
106676
106760
106769
106781
106784
106786
106909
106911
106924
106939
107030
107076
107185
107225
107267
107291
107315
107348
107407
107450
107489
107509
107512
107534
107573
107592
107621
107644
107647
107664
107802
107828
107875
107883
107892
107898
107929
107973
108060
108064
108095
108098
108150
108215
108235
108264
108267
108271
108289
108315
108339
108342
108356
108371
108375
108409
108425
108434
108473
108495
108505
108627
108653
108695
108711
108729
108750
108781
108843
108930
108954
109040
109167
109173
109212
109216
109250
109261
109285
109299
109314
109421
109492
109553
109564
109640
109696
109733
109738
109777
109894
109914
109955
109956
110074
110080
110100
110128
110144
110162
110171
110289
110340
110342
110391
110435
110436
110459
110481
110484
110515
110580
110591
110621
110711
110773
110805
110825
110834
110837
110887
110913
111004
111012
111133
111173
111196
111248
111325
111340
111355
111360
111362
111394
111428
111444
111617
111624
111656
111660
111870
111892
111896
111924
112082
112101
112148
112166
112196
112199
112222
112246
112258
112311
112318
112363
112442
112459
112468
112472
112607
112759
112766
112787
112789
112931
112982
113085
113097
113107
113113
113123
113145
113170
113256
113322
113340
113448
113479
113491
113562
113704
113733
113735
113833
113836
113849
113887
113889
113898
113980
114028
114042
114058
114078
114104
114110
114123
114128
114190
114216
114255
114272
114301
114335
114336
114349
114360
114385
114391
114425
114439
114441
114558
114567
114578
114593
114607
114621
114625
114660
114670
114754
114820
114824
114866
114910
114913
114967
114993
114999
115012
115014
115018
115196
115232
115250
115261
115275
115314
115324
115340
115386
115522
115552
115607
115617
115683
115715
115734
115753
115776
115813
115897
115957
115959
116008
116013
116026
116061
116079
116109
116140
116154
116253
116255
116290
116315
116350
116374
116478
116502
116518
116526
116551
116564
116615
116663
116687
116764
116827
116886
116905
116959
117008
117021
117049
117085
117127
117134
117186
117222
117238
117317
117344
117406
117428
117447
117494
117505
117671
117676
117680
117814
117824
117833
117871
117947
117976
117997
118004
118017
118026
118045
118071
118179
118192
118193
118227
118237
118263
118416
118555
118588
118628
118663
118691
118793
118805
118808
118857
118885
118893
119058
119124
119252
119275
119384
119446
119452
119483
119564
119604
119625
119634
119639
119681
119731
119855
119869
119901
120005
120071
120074
120081
120090
120122
120131
120138
120196
120203
120211
120223
120229
120237
120244
120331
120389
120422
120521
120533
120596
120658
120666
120715
120806
120815
120823
120987
121058
121066
121085
121142
121168
121176
121286
121311
121315
121329
121361
121386
121431
121444
121521
121562
121604
121606
121652
121657
121713
121720
121760
121771
121858
121890
121961
121964
122047
122149
122197
122259
122275
122285
122300
122327
122344
122360
122383
122404
122462
122474
122490
122537
122568
122575
122594
122599
122609
122657
122663
122680
122701
122707
122800
122816
122886
122990
122996
123011
123042
123051
123064
123077
123178
123180
123210
123218
123220
123242
123417
123446
123460
123465
123604
123715
123752
123857
123866
123879
123907
123922
123961
123973
124055
124058
124109
124170
124200
124227
124267
124281
124311
124323
124338
124339
124347
124358
124380
124400
124536
124564
124571
124616
124656
124672
124676
124736
124765
124841
125003
125020
125028
125167
125206
125275
125299
125322
125326
125340
125433
125445
125481
125514
125516
125535
125566
125599
125614
125619
125673
125723
125806
125826
125840
125930
125951
125952
125964
125995
126011
126028
126147
126170
126283
126286
126360
126447
126484
126503
126518
126544
126567
126578
126592
126608
126723
126754
126803
126912
126916
126927
126962
126971
127056
127121
127187
127294
127342
127367
127434
127512
127520
127574
127638
127670
127676
127692
127695
127756
127767
127777
127798
127813
127871
127875
127974
128021
128043
128105
128127
128151
128256
128294
128307
128329
128340
128342
128346
128348
128353
128371
128374
128456
128526
128533
128537
128558
128584
128590
128644
128683
128770
128779
128784
128788
128790
128818
128853
128854
128870
128901
128989
129010
129033
129149
129160
129207
129265
129277
129283
129314
129346
129352
129374
129440
129491
129500
129508
129552
129584
129626
129671
129684
129731
129770
129803
129849
129872
129917
129934
129937
129949
129977
130059
130095
130146
130160
130175
130185
130252
130273
130334
130420
130533
130609
130660
130662
130664
130716
130720
130735
130797
130807
130826
130967
130977
130995
131002
131089
131115
131125
131167
131417
131451
131494
131501
131519
131572
131574
131589
131598
131601
131639
131674
131741
131757
131761
131776
131779
131827
131845
131876
131999
132019
132080
132084
132118
132131
132172
132207
132228
132231
132256
132318
132490
132581
132659
132712
132756
132793
132822
132960
133059
133061
133127
133223
133261
133301
133321
133323
133333
133337
133341
133370
133385
133406
133415
133427
133508
133570
133586
133628
133696
133760
133825
133829
133833
133924
133958
134048
134084
134092
134107
134142
134178
134255
134334
134342
134394
134398
134439
134493
134514
134544
134548
134573
134600
134703
134737
134749
134760
134856
135001
135103
135169
135173
135201
135216
135332
135457
135472
135481
135512
135541
135546
135549
135556
135584
135641
135677
135715
135737
135743
135764
135793
135813
135854
135940
135957
135977
136068
136133
136174
136189
136208
136219
136224
136240
136312
136388
136409
136418
136444
136474
136523
136543
136605
136645
136646
136697
136723
136769
136783
136789
136860
136877
136915
136948
137021
137041
137056
137087
137090
137093
137109
137118
137152
137167
137310
137324
137334
137381
137410
137427
137486
137511
137513
137578
137583
137593
137599
137622
137690
137697
137738
137744
137758
137760
137822
137831
137843
137857
137865
137877
137878
137892
137933
137996
138026
138049
138188
138239
138394
138400
138467
138518
138526
138603
138617
138619
138695
138929
138975
138982
138990
139003
139168
139190
139227
139236
139271
139274
139299
139318
139385
139474
139495
139524
139532
139567
139602
139645
139678
139688
139728
139755
139762
139838
139905
139916
139967
140000
140039
140046
140164
140219
140224
140226
140243
140324
140362
140372
140389
140401
140443
140450
140556
140595
140640
140648
140696
140705
140787
140817
140907
140940
140970
140974
141000
141005
141111
141117
141184
141197
141221
141250
141276
141280
141394
141544
141610
141647
141671
141715
141750
141766
141820
141890
141905
141922
141952
142019
142029
142045
142048
142065
142073
142201
142254
142324
142334
142336
142397
142489
142502
142512
142528
142535
142548
142568
142606
142610
142626
142664
142704
142721
142737
142740
142787
142797
142807
142829
142884
142907
142912
142951
143018
143042
143080
143136
143144
143178
143212
143218
143272
143286
143292
143317
143340
143358
143454
143503
143522
143524
143563
143579
143590
143615
143622
143629
143651
143659
143667
143725
143747
143798
143813
143829
143845
143852
143880
143883
143994
144010
144045
144056
144066
144068
144103
144119
144187
144212
144219
144239
144294
144300
144306
144335
144355
144357
144410
144421
144437
144444
144540
144555
144635
144686
144738
144840
144905
144942
145034
145049
145127
145160
145185
145192
145201
145220
145264
145342
145371
145410
145441
145451
145485
145530
145550
145656
145843
145866
145869
145935
145940
146016
146101
146124
146142
146158
146165
146212
146215
146237
146298
146327
146342
146345
146349
146362
146370
146416
146420
146463
146470
146478
146485
146530
146559
146632
146640
146646
146665
146695
146730
146806
146828
146836
146883
146934
146936
146955
146966
146998
147048
147066
147075
147118
147124
147128
147131
147176
147238
147286
147389
147398
147413
147445
147487
147557
147595
147609
147616
147655
147698
147713
147727
147838
147845
148050
148173
148201
148257
148268
148357
148420
148454
148517
148576
148597
148606
148624
148630
148672
148678
148727
148747
148756
148758
148821
148860
148913
148934
148938
148996
149009
149086
149096
149109
149222
149273
149289
149295
149304
149307
149412
149482
149493
149499
149516
149538
149587
149588
149593
149597
149691
149736
149774
149785
149788
149811
149832
149835
149849
149931
149945
149956
150000
150052
150054
150160
150188
150262
150270
150291
150316
150374
150457
150474
150478
150492
150495
150519
150528
150588
150644
150661
150701
150791
150842
150848
150875
150880
150890
150927
150953
150959
150964
150974
150988
150994
151020
151042
151114
151149
151188
151217
151299
151349
151438
151458
151475
151512
151521
151566
151571
151598
151639
151737
151745
151807
151875
151878
151924
151937
151964
152032
152066
152085
152156
152346
152349
152427
152456
152573
152599
152633
152638
152649
152670
152674
152681
152754
152780
152785
152813
152862
152932
152936
153071
153112
153123
153129
153156
153167
153179
153226
153244
153265
153278
153285
153343
153352
153399
153406
153460
153480
153497
153541
153564
153574
153603
153612
153620
153649
153785
153790
153906
154004
154016
154044
154097
154115
154133
154141
154145
154364
154382
154387
154398
154439
154449
154463
154512
154548
154575
154597
154605
154709
154747
154768
154849
154876
154950
154994
154999
155003
155093
155131
155134
155155
155162
155178
155224
155291
155320
155329
155357
155373
155414
155421
155432
155441
155460
155473
155508
155540
155643
155647
155650
155678
155731
155986
156034
156036
156091
156095
156108
156139
156141
156143
156215
156233
156294
156320
156321
156332
156351
156361
156371
156445
156461
156477
156556
156567
156627
156684
156746
156842
156871
156884
156936
156938
156988
157046
157092
157143
157156
157174
157194
157225
157239
157265
157276
157319
157502
157505
157535
157547
157554
157565
157569
157591
157629
157631
157668
157689
157762
157774
157841
157853
157877
158106
158112
158167
158202
158205
158256
158262
158303
158334
158338
158345
158366
158390
158451
158466
158523
158561
158591
158657
158695
158717
158991
158993
159046
159056
159108
159135
159190
159226
159242
159260
159349
159378
159438
159483
159501
159529
159547
159597
159667
159669
159760
159765
159851
159854
159866
159892
159910
159920
160003
160112
160146
160274
160358
160425
160487
160525
160572
160580
160581
160604
160637
160701
160714
160785
160814
160817
160825
160854
160888
160996
161150
161156
161205
161211
161237
161278
161300
161378
161398
161402
161461
161500
161502
161585
161621
161782
161918
161923
162123
162151
162153
162162
162165
162181
162227
162241
162271
162274
162287
162349
162364
162387
162508
162514
162568
162583
162659
162712
162790
162801
162817
162823
162877
162884
162896
162909
163055
163085
163123
163129
163208
163229
163333
163393
163450
163472
163473
163509
163591
163722
163746
163751
163869
163878
163973
164068
164100
164126
164142
164150
164174
164184
164195
164218
164233
164268
164272
164294
164302
164318
164353
164414
164495
164530
164550
164651
164669
164680
164707
164762
164804
164842
164862
164865
164888
164893
164962
164965
165029
165059
165075
165091
165121
165135
165158
165173
165205
165229
165249
165262
165270
165383
165389
165425
165460
165462
165468
165539
165560
165584
165659
165681
165704
165757
165789
165822
165837
165921
165923
165959
166001
166038
166117
166420
166489
166496
166526
166578
166662
166710
166748
166751
166756
166814
166828
166860
166869
166899
166948
166992
167066
167085
167090
167126
167169
167217
167234
167280
167297
167381
167388
167420
167468
167503
167527
167590
167640
167719
167723
167725
167835
167961
167972
167988
168011
168028
168039
168101
168116
168121
168156
168171
168202
168223
168273
168284
168348
168388
168408
168417
168418
168421
168481
168491
168582
168649
168670
168683
168706
168849
168877
168953
168971
169049
169053
169104
169157
169190
169256
169258
169295
169328
169423
169433
169469
169492
169499
169516
169605
169695
169712
169833
170000
170040
170092
170123
170135
170171
170291
170307
170375
170395
170479
170501
170616
170706
170710
170743
170790
170811
170859
171127
171158
171231
171234
171252
171304
171317
171360
171484
171513
171619
171654
171731
171756
171758
171782
171784
171803
171816
171860
171865
171880
171882
171898
171931
171932
171946
171966
171972
172131
172145
172169
172186
172195
172235
172324
172336
172389
172473
172476
172482
172603
172623
172650
172728
172760
172788
172979
173066
173102
173110
173150
173190
173223
173243
173277
173287
173315
173336
173346
173371
173483
173506
173517
173553
173590
173666
173727
173729
173784
173838
173870
173890
173932
174015
174158
174166
174205
174218
174267
174289
174321
174348
174409
174429
174489
174494
174547
174561
174583
174591
174599
174700
174778
174893
174931
174947
174969
174976
175001
175032
175083
175122
175124
175136
175222
175249
175286
175382
175468
175543
175569
175582
175585
175597
175626
175634
175646
175651
175675
175759
175783
175860
175900
175907
175950
175965
175987
175992
176017
176041
176044
176046
176141
176154
176175
176206
176222
176228
176250
176310
176366
176440
176449
176458
176467
176680
176739
176751
176760
176777
176799
176851
176871
176898
176959
176976
176988
177029
177038
177064
177068
177074
177088
177107
177183
177192
177250
177295
177410
177474
177476
177573
177740
177780
177852
177941
177969
178036
178064
178083
178136
178210
178262
178413
178439
178453
178510
178520
178539
178545
178554
178555
178609
178635
178640
178653
178669
178696
178714
178726
178766
178865
178879
178910
178913
178937
178941
178956
178978
179014
179071
179106
179136
179157
179166
179287
179354
179401
179491
179516
179539
179594
179622
179649
179796
179856
179860
179884
179913
179943
179959
179977
179997
180010
180048
180096
180101
180182
180232
180302
180308
180320
180358
180378
180406
180429
180441
180451
180491
180505
180588
180661
180725
180761
180779
180820
180853
180880
180884
180919
180956
180972
181027
181042
181125
181146
181165
181193
181219
181267
181308
181318
181335
181365
181373
181487
181628
181663
181748
181785
181788
181800
181802
181847
181866
181987
181998
182083
182116
182119
182138
182151
182164
182180
182194
182200
182210
182258
182280
182299
182346
182377
182417
182547
182658
182675
182682
182749
182751
182801
182823
182837
182841
182879
182900
182931
182956
182967
183006
183048
183241
183321
183336
183392
183401
183424
183538
183661
183694
183701
183716
183742
183746
183780
183961
184040
184081
184193
184217
184273
184280
184320
184382
184405
184433
184437
184479
184489
184512
184535
184593
184631
184646
184681
184697
184736
184800
184879
184914
184918
185022
185032
185047
185117
185170
185221
185318
185341
185436
185554
185575
185587
185613
185705
185710
185859
185865
185889
185891
185902
185955
185990
186084
186125
186150
186213
186215
186236
186256
186309
186332
186372
186389
186441
186481
186494
186581
186601
186633
186652
186719
186728
186752
186774
186814
186859
186877
186882
186897
186907
186911
186940
186988
187006
187015
187082
187122
187131
187168
187243
187254
187272
187276
187294
187303
187307
187364
187427
187434
187440
187517
187532
187536
187540
187564
187623
187674
187759
187767
187791
187818
187867
187893
187913
187926
188016
188098
188107
188134
188196
188220
188222
188308
188363
188364
188514
188544
188600
188613
188616
188624
188710
188745
188751
188763
188781
188822
188855
188884
188939
188961
189060
189090
189224
189237
189330
189353
189396
189404
189461
189506
189587
189641
189654
189700
189756
189770
189796
189836
189875
189884
189942
189996
190024
190064
190066
190180
190203
190216
190291
190325
190410
190429
190442
190458
190542
190559
190577
190585
190605
190650
190736
190759
190765
190772
190808
190814
190858
190911
190933
191064
191080
191109
191143
191174
191189
191201
191238
191258
191301
191380
191435
191447
191510
191575
191579
191602
191669
191787
191832
191958
192097
192108
192122
192139
192150
192181
192192
192216
192260
192291
192356
192388
192477
192488
192507
192590
192638
192687
192697
192705
192747
192772
192794
192867
192902
192947
193192
193197
193221
193250
193254
193262
193275
193285
193357
193371
193396
193436
193644
193717
193800
193851
193861
193891
193941
193965
194000
194100
194119
194125
194130
194266
194276
194279
194303
194343
194388
194423
194426
194433
194480
194518
194519
194575
194587
194608
194662
194666
194793
194797
194816
194870
194898
194988
194998
195020
195140
195145
195178
195301
195363
195418
195430
195470
195499
195513
195522
195541
195569
195603
195653
195678
195685
195740
195785
195830
195849
195868
195876
195923
195982
196019
196063
196072
196186
196317
196384
196457
196502
196513
196545
196548
196660
196667
196708
196727
196739
196752
196771
196779
196785
196905
196956
196988
196995
197039
197089
197165
197190
197192
197316
197381
197511
197535
197630
197680
197699
197797
197813
197820
197849
197901
197910
197990
198021
198032
198034
198054
198061
198315
198414
198463
198493
198512
198530
198539
198553
198562
198582
198587
198598
198616
198619
198657
198734
198790
198952
198977
199005
199024
199049
199104
199143
199185
199241
199253
199256
199266
199275
199376
199421
199460
199474
199502
199510
199513
199519
199526
199579
199629
199739
199769
199789
199810
199820
199882
200016
200022
200079
200126
200140
200153
200211
200228
200246
200302
200328
200527
200547
200572
200617
200657
200676
200682
200704
200808
200815
200892
200896
200910
201014
201070
201081
201094
201165
201211
201236
201266
201270
201286
201304
201322
201415
201424
201454
201490
201494
201579
201624
201657
201699
201711
201716
201720
201732
201738
201785
201787
201800
201815
201897
201920
201928
201942
201979
202098
202111
202171
202194
202204
202265
202288
202296
202349
202367
202405
202550
202635
202639
202682
202718
202757
202759
202767
202892
202940
203023
203109
203127
203130
203133
203248
203270
203273
203339
203433
203500
203661
203684
203728
203739
203793
203881
203911
203962
204021
204026
204036
204066
204153
204179
204220
204260
204290
204294
204350
204355
204455
204514
204529
204561
204631
204676
204702
204712
204719
204745
204782
204788
204793
204929
204936
204980
204984
205000
205007
205035
205041
205054
205084
205120
205131
205167
205178
205180
205194
205201
205205
205287
205296
205309
205356
205473
205595
205630
205657
205724
205839
205848
205864
205882
205891
205962
206010
206077
206110
206137
206202
206235
206248
206258
206292
206300
206424
206532
206592
206644
206742
206752
206760
206790
206801
206819
206853
206902
206908
206955
206968
206983
207005
207018
207025
207096
207198
207225
207291
207311
207317
207356
207365
207368
207376
207409
207464
207507
207527
207597
207605
207622
207740
207761
207780
207794
207862
207890
207930
207960
208094
208196
208228
208272
208346
208351
208403
208458
208500
208511
208517
208537
208554
208687
208695
208779
208791
208795
208809
208840
208892
208996
209025
209037
209057
209086
209180
209187
209225
209322
209426
209437
209548
209553
209559
209664
209704
209717
209751
209845
209855
209861
209866
209872
209883
210016
210042
210050
210060
210079
210112
210119
210140
210144
210166
210208
210335
210352
210354
210362
210365
210417
210429
210480
210542
210570
210640
210671
210677
210686
210708
210946
210997
211088
211098
211166
211199
211204
211223
211251
211281
211353
211367
211399
211436
211481
211492
211502
211512
211579
211584
211609
211684
211693
211713
211788
211799
211846
211857
211866
211868
211919
211929
211942
212019
212070
212108
212156
212206
212224
212227
212296
212367
212395
212414
212421
212443
212447
212525
212593
212624
212662
212746
212810
212814
212836
212860
212892
212893
212926
212979
212991
213038
213060
213071
213076
213085
213092
213126
213159
213191
213314
213342
213346
213404
213516
213559
213624
213636
213640
213674
213698
213719
213832
213871
213888
214007
214015
214040
214071
214119
214142
214162
214222
214245
214300
214356
214376
214448
214451
214484
214577
214593
214631
214684
214790
214845
214890
214933
214985
215039
215050
215057
215064
215110
215121
215160
215202
215221
215298
215353
215364
215380
215464
215563
215603
215615
215620
215702
215763
215766
215784
215791
215815
215833
215851
215857
215887
215939
215942
215963
216012
216021
216100
216102
216127
216129
216130
216184
216204
216214
216236
216259
216261
216274
216340
216361
216542
216557
216564
216566
216583
216642
216728
216733
216853
216880
216888
216904
216906
216926
216941
216970
217073
217083
217109
217122
217156
217178
217185
217187
217194
217228
217303
217322
217349
217380
217396
217430
217447
217449
217498
217501
217510
217516
217574
217736
217768
217774
217781
217783
217829
217863
217883
217932
218048
218064
218092
218100
218113
218117
218135
218146
218154
218155
218233
218239
218256
218284
218347
218363
218377
218431
218483
218650
218728
218754
218760
218766
218785
218802
218825
218923
218929
218943
218944
218951
219012
219049
219070
219086
219107
219147
219153
219207
219345
219388
219467
219506
219544
219555
219574
219583
219728
219793
219860
219879
219910
219928
220038
220059
220066
220142
220210
220243
220465
220521
220598
220646
220673
220734
220833
220842
220858
220969
220982
221054
221092
221097
221125
221134
221241
221331
221348
221356
221357
221368
221376
221391
221409
221470
221534
221551
221554
221568
221606
221642
221733
221757
221773
221838
221854
221866
221878
221893
221907
221965
222006
222017
222026
222112
222122
222125
222244
222256
222283
222292
222307
222310
222378
222468
222508
222537
222558
222567
222614
222707
222723
222757
222786
222841
223055
223067
223104
223129
223203
223217
223222
223242
223253
223294
223332
223335
223340
223427
223483
223554
223561
223572
223637
223725
223780
223816
223871
223882
223894
223950
223995
224015
224043
224046
224064
224080
224087
224141
224208
224310
224311
224343
224348
224406
224415
224447
224449
224455
224502
224512
224581
224583
224634
224781
224815
224826
224831
224842
224847
224886
224925
224979
225036
225050
225079
225100
225121
225148
225283
225355
225359
225515
225547
225606
225615
225674
225687
225715
225722
225734
225804
225809
225882
225888
225917
225929
225939
225945
225954
226018
226101
226175
226228
226250
226316
226343
226420
226436
226437
226440
226461
226473
226511
226518
226610
226631
226676
226681
226728
226750
226761
226803
226939
226943
226994
227052
227062
227078
227127
227131
227165
227211
227232
227258
227315
227328
227345
227377
227418
227458
227505
227522
227541
227562
227578
227711
227712
227790
227814
227855
227879
227983
228026
228038
228051
228087
228152
228172
228178
228254
228274
228389
228407
228411
228466
228556
228697
228810
228816
228819
228838
228857
228862
228895
228957
228970
229015
229071
229136
229218
229231
229258
229283
229331
229458
229474
229557
229559
229600
229628
229782
229808
229838
229912
230010
230016
230030
230160
230186
230216
230260
230311
230316
230324
230332
230357
230411
230422
230436
230480
230495
230496
230526
230589
230670
230675
230706
230767
230850
230900
230901
230941
230992
230999
231024
231097
231283
231287
231312
231338
231421
231481
231490
231587
231599
231607
231623
231650
231725
231754
231760
231765
231799
231853
231861
231888
231946
232000
232029
232049
232096
232123
232153
232239
232250
232264
232297
232321
232344
232382
232394
232424
232463
232468
232482
232627
232670
232717
232746
232814
232841
232910
232916
232931
232967
232972
233046
233063
233086
233099
233150
233160
233174
233183
233234
233245
233366
233481
233488
233652
233679
233720
233764
233794
233801
233909
233978
234060
234077
234142
234187
234221
234231
234237
234368
234373
234377
234397
234415
234474
234533
234575
234588
234597
234616
234666
234733
234754
234762
234779
234781
234813
234817
234847
234986
234994
235009
235043
235111
235130
235157
235182
235196
235202
235304
235361
235372
235442
235460
235534
235540
235549
235567
235601
235624
235630
235650
235695
235738
235865
235882
235970
235988
235991
236043
236052
236085
236102
236151
236155
236171
236184
236197
236202
236226
236297
236301
236314
236378
236467
236557
236626
236638
236671
236684
236702
236723
236731
236845
236852
236855
236874
236880
236887
236911
236922
236941
237017
237034
237047
237095
237136
237178
237256
237335
237351
237363
237374
237384
237393
237426
237443
237450
237471
237475
237513
237525
237532
237563
237700
237711
237801
237819
237865
237866
237913
237918
237970
237972
237987
237998
238007
238019
238069
238114
238120
238128
238148
238161
238172
238205
238238
238244
238265
238283
238304
238327
238491
238492
238548
238566
238612
238634
238672
238696
238721
238744
238757
238800
238820
238822
238917
238920
238979
239046
239059
239095
239131
239150
239264
239300
239303
239354
239357
239361
239409
239422
239459
239468
239472
239477
239506
239513
239537
239586
239591
239629
239675
239682
239732
239760
239862
239890
239939
239951
239972
240006
240059
240078
240089
240121
240133
240160
240189
240260
240345
240391
240473
240570
240619
240631
240643
240664
240768
240786
240805
240922
240946
241033
241105
241132
241186
241303
241307
241318
241323
241338
241370
241372
241404
241435
241449
241463
241468
241475
241491
241495
241502
241602
241617
241674
241685
241687
241744
241863
242006
242025
242075
242132
242153
242158
242173
242225
242281
242290
242333
242365
242454
242467
242504
242524
242538
242567
242601
242610
242615
242643
242716
242738
242835
242981
242988
242997
243020
243049
243152
243173
243177
243193
243314
243326
243329
243351
243352
243417
243492
243496
243558
243618
243635
243658
243669
243692
243708
243775
243852
244006
244089
244128
244153
244174
244194
244211
244236
244344
244358
244390
244400
244412
244424
244434
244472
244494
244526
244575
244591
244603
244629
244653
244674
244769
244788
244804
244808
244885
244898
244916
244925
244955
244986
245073
245078
245134
245136
245152
245238
245242
245245
245407
245427
245440
245489
245492
245514
245595
245613
245618
245657
245768
245804
245922
245935
245937
245949
245953
245969
245983
245987
245997
246040
246046
246062
246078
246090
246157
246201
246204
246210
246244
246284
246309
246318
246321
246351
246356
246364
246371
246404
246406
246428
246518
246535
246554
246628
246715
246717
246726
246837
247115
247196
247225
247238
247250
247285
247293
247418
247425
247441
247445
247451
247525
247540
247633
247661
247674
247708
247859
247927
247956
247971
248030
248060
248088
248092
248101
248147
248178
248244
248332
248351
248359
248425
248476
248485
248492
248511
248551
248578
248619
248635
248653
248669
248674
248691
248715
248721
248755
248802
248903
248906
248986
249044
249096
249138
249144
249166
249178
249186
249189
249195
249241
249250
249252
249273
249279
249306
249343
249383
249389
249412
249435
249441
249472
249521
249529
249538
249634
249684
249707
249761
249770
249858
249880
249978
249998
250000
250005
250050
250059
250083
250196
250298
250366
250386
250413
250541
250554
250563
250635
250698
250740
250885
250911
250930
250949
251045
251057
251060
251112
251115
251166
251182
251187
251242
251271
251446
251459
251492
251554
251588
251715
251740
251756
251757
251804
251851
251864
251888
251936
252019
252023
252101
252164
252236
252271
252366
252384
252388
252517
252519
252546
252577
252655
252671
252722
252743
252751
252767
252786
252895
252926
252930
253010
253143
253171
253256
253282
253295
253328
253345
253386
253394
253432
253675
253693
253718
253769
253779
253908
253925
253952
253969
253992
254012
254045
254050
254086
254181
254210
254221
254233
254258
254284
254306
254407
254417
254423
254441
254489
254551
254610
254656
254677
254729
254748
254753
254756
254779
254831
254846
254872
254885
254935
254974
255020
255063
255069
255092
255135
255169
255175
255222
255290
255311
255319
255360
255388
255406
255409
255469
255473
255476
255494
255631
255862
255900
255916
255948
256029
256076
256103
256122
256129
256227
256293
256377
256421
256440
256587
256640
256743
256786
256821
256832
256880
256886
256894
257039
257082
257099
257112
257220
257248
257453
257511
257649
257652
257707
257723
257847
257861
257891
258018
258036
258061
258089
258129
258142
258245
258263
258268
258298
258447
258473
258492
258496
258548
258569
258625
258645
258684
258699
258736
258759
258765
258827
258843
258921
258975
259002
259021
259024
259114
259190
259193
259199
259227
259239
259268
259302
259312
259315
259335
259346
259356
259361
259386
259395
259422
259447
259452
259500
259568
259574
259607
259625
259637
259701
259716
259723
259724
259754
259779
259817
259831
259837
259861
259956
259969
259979
260000
260003
260047
260050
260076
260092
260097
260110
260137
260202
260209
260232
260236
260248
260262
260295
260299
260319
260341
260390
260454
260464
260473
260481
260485
260515
260549
260557
260633
260639
260690
260754
260777
260781
260801
260811
260912
260996
261026
261081
261087
261122
261198
261216
261262
261295
261349
261355
261390
261423
261432
261449
261459
261484
261522
261579
261764
261771
261830
261881
262088
262197
262210
262268
262307
262316
262327
262332
262346
262347
262367
262399
262420
262508
262546
262622
262665
262668
262675
262714
262841
262844
262857
262873
262879
262930
262954
263002
263008
263022
263053
263055
263090
263104
263112
263168
263328
263344
263357
263432
263454
263535
263653
263660
263666
263668
263753
263774
263810
263814
263837
263847
263849
263913
264078
264126
264127
264157
264230
264247
264297
264311
264314
264321
264328
264332
264365
264382
264553
264561
264564
264614
264675
264736
264761
264785
264815
264824
264876
264899
264944
265022
265049
265055
265159
265162
265184
265207
265228
265284
265385
265401
265442
265466
265490
265507
265530
265533
265540
265577
265607
265668
265690
265700
265721
265727
265744
265752
265772
265784
265838
265873
265881
265891
265993
266015
266024
266033
266082
266084
266129
266140
266154
266175
266229
266235
266286
266294
266352
266367
266380
266399
266439
266490
266561
266605
266621
266628
266635
266659
266678
266740
266756
266907
266921
266929
266998
267052
267105
267116
267127
267194
267222
267292
267363
267365
267415
267426
267429
267480
267517
267529
267593
267626
267653
267663
267669
267679
267750
267761
267768
267774
267810
267832
267865
267899
267922
267932
267972
268011
268012
268026
268044
268064
268130
268132
268153
268178
268192
268231
268250
268270
268280
268318
268377
268391
268408
268473
268509
268546
268554
268557
268729
268868
268914
269005
269044
269066
269082
269136
269250
269255
269279
269293
269319
269340
269395
269402
269407
269427
269443
269446
269514
269576
269595
269652
269655
269658
269673
269679
269713
269748
269793
269805
269888
269900
269976
270022
270050
270055
270095
270112
270162
270172
270177
270202
270213
270227
270272
270297
270314
270321
270329
270397
270444
270455
270467
270471
270495
270513
270596
270629
270687
270786
270793
270801
270849
270967
270985
271007
271125
271169
271181
271218
271223
271306
271406
271414
271433
271456
271486
271503
271524
271534
271651
271712
271742
271754
271840
271899
271917
272008
272073
272104
272181
272191
272201
272214
272248
272256
272287
272346
272452
272502
272630
272652
272659
272807
272845
272850
272858
272878
272944
272988
273009
273014
273021
273034
273054
273079
273088
273142
273150
273154
273192
273226
273235
273242
273286
273345
273362
273399
273403
273474
273481
273487
273555
273565
273591
273594
273596
273618
273621
273641
273665
273732
273761
273801
273848
273853
273885
273899
273967
273991
274006
274102
274113
274145
274183
274225
274229
274256
274354
274392
274398
274401
274416
274447
274456
274475
274489
274520
274531
274565
274585
274614
274640
274799
274804
274823
274845
274947
275023
275075
275115
275118
275205
275242
275294
275302
275316
275324
275364
275380
275451
275497
275532
275588
275632
275675
275682
275688
275827
275881
275883
275887
275893
275905
275916
275941
276117
276210
276222
276246
276253
276255
276331
276359
276387
276428
276449
276469
276531
276581
276612
276642
276645
276671
276723
276729
276771
276846
276898
277131
277222
277285
277338
277339
277358
277360
277392
277426
277537
277540
277545
277566
277569
277619
277645
277672
277699
277709
277720
277814
277824
277867
277894
277908
277942
277951
277955
277968
278050
278094
278219
278239
278325
278348
278355
278429
278445
278450
278472
278474
278501
278614
278684
278777
278791
278800
278822
278844
278855
278930
278984
279081
279111
279145
279164
279168
279201
279307
279437
279443
279448
279468
279496
279503
279562
279602
279666
279721
279749
279779
279918
279939
279971
279978
280043
280050
280117
280163
280171
280262
280389
280505
280567
280606
280611
280623
280644
280718
280749
280784
280822
280836
280877
280988
281082
281148
281163
281187
281221
281263
281294
281303
281319
281405
281421
281451
281466
281487
281514
281533
281554
281591
281618
281631
281714
281774
281781
281871
281926
281980
281995
282003
282014
282069
282094
282142
282194
282224
282251
282300
282338
282344
282365
282379
282416
282503
282586
282685
282747
282812
282819
282827
282848
282852
282860
282924
282967
283015
283020
283039
283053
283059
283100
283123
283169
283217
283269
283526
283564
283571
283587
283608
283649
283729
283737
283754
283835
283837
283855
283901
283965
283980
284007
284018
284068
284138
284206
284226
284245
284286
284317
284324
284407
284435
284531
284549
284564
284604
284624
284751
284789
284856
284928
284945
284949
284969
285007
285051
285061
285266
285289
285307
285333
285375
285403
285412
285423
285444
285517
285520
285598
285613
285718
285757
285839
285866
285912
285933
286114
286148
286162
286168
286193
286213
286234
286242
286246
286270
286279
286285
286311
286330
286426
286428
286543
286561
286604
286612
286641
286647
286684
286724
286730
286765
286888
286954
287123
287152
287155
287160
287171
287185
287190
287227
287251
287262
287298
287353
287404
287414
287464
287483
287495
287498
287530
287539
287549
287580
287649
287653
287709
287760
287796
287823
287988
288005
288024
288085
288094
288106
288118
288160
288166
288184
288228
288282
288295
288321
288334
288359
288484
288502
288514
288564
288609
288654
288704
288859
288956
288974
288983
289010
289092
289124
289148
289155
289245
289257
289338
289379
289383
289403
289421
289495
289498
289545
289621
289625
289677
289741
289758
289836
289840
289896
289899
289962
290061
290106
290120
290148
290151
290157
290162
290171
290218
290227
290261
290269
290373
290411
290424
290461
290524
290566
290634
290694
290764
290766
290775
290825
290852
290895
291046
291086
291093
291177
291224
291280
291352
291410
291556
291617
291673
291686
291708
291732
291787
291928
292032
292044
292050
292057
292151
292154
292264
292307
292317
292401
292461
292475
292545
292551
292573
292586
292589
292590
292611
292651
292747
292763
292824
292932
293002
293042
293072
293086
293158
293209
293218
293269
293300
293301
293302
293371
293466
293554
293572
293575
293590
293594
293696
293727
293755
293790
293807
293834
293838
293853
293920
293922
293986
293988
294001
294005
294018
294037
294150
294186
294280
294289
294317
294491
294496
294535
294539
294608
294618
294649
294652
294657
294664
294733
294742
294758
294774
294820
294824
294834
294838
294846
294864
294871
294893
294895
294962
294991
295047
295063
295093
295128
295187
295214
295243
295250
295316
295332
295334
295366
295446
295472
295515
295616
295646
295689
295701
295723
295765
295797
295813
295830
295839
295843
295853
295887
295903
295940
296009
296035
296067
296141
296182
296225
296279
296283
296451
296490
296508
296521
296559
296591
296641
296659
296723
296969
297118
297132
297158
297234
297252
297275
297308
297327
297353
297356
297369
297380
297396
297579
297615
297628
297644
297653
297659
297752
297800
297803
297822
297901
297905
297967
297996
298085
298088
298096
298100
298108
298132
298177
298207
298214
298216
298272
298346
298395
298435
298499
298532
298559
298610
298622
298646
298745
298838
298862
298888
298893
298933
298936
298952
298990
299070
299089
299205
299411
299418
299485
299538
299571
299581
299584
299624
299640
299682
299693
299730
299740
299759
299871
299952
299960
300032
300183
300212
300245
300285
300295
300310
300311
300317
300366
300393
300399
300439
300449
300461
300465
300470
300484
300498
300535
300584
300589
300603
300613
300628
300728
300765
300773
300794
300803
300848
300891
300920
300958
301068
301174
301186
301197
301203
301268
301285
301358
301382
301400
301426
301432
301471
301530
301533
301575
301580
301657
301735
301775
301832
301948
302025
302108
302126
302140
302155
302164
302165
302211
302270
302280
302299
302325
302359
302368
302384
302386
302467
302526
302540
302552
302621
302638
302752
302798
302801
302827
302892
302971
303062
303212
303220
303238
303250
303300
303310
303321
303336
303399
303420
303480
303514
303550
303586
303592
303595
303658
303745
303776
303787
303790
303831
303848
303882
303903
303920
303925
303941
303946
304022
304085
304117
304166
304169
304206
304227
304255
304291
304364
304404
304429
304459
304469
304522
304542
304559
304615
304618
304704
304770
304772
304789
304813
304821
304827
304841
304845
304878
304899
304927
305025
305073
305131
305235
305240
305243
305382
305385
305445
305520
305564
305605
305621
305638
305707
305714
305728
305734
305792
305841
305854
305877
305895
306029
306056
306057
306140
306173
306179
306199
306256
306292
306293
306388
306391
306409
306442
306472
306488
306617
306660
306687
306698
306715
306721
306802
306816
306831
306851
306865
306978
306994
307010
307095
307115
307124
307129
307134
307198
307206
307281
307314
307335
307365
307381
307384
307389
307415
307433
307459
307464
307469
307472
307478
307552
307615
307629
307719
307794
307801
307850
307855
307899
307954
307982
308011
308030
308050
308069
308082
308090
308129
308154
308166
308205
308220
308251
308306
308322
308348
308410
308475
308498
308536
308581
308596
308612
308643
308684
308712
308716
308727
308797
308800
308873
308896
308910
308913
309091
309096
309110
309121
309235
309243
309252
309264
309298
309335
309448
309484
309551
309574
309621
309650
309656
309723
309736
309757
309778
309920
309972
310016
310046
310061
310070
310078
310082
310106
310162
310200
310273
310281
310287
310354
310407
310420
310434
310481
310498
310566
310582
310601
310633
310663
310684
310699
310720
310725
310762
310821
310830
310838
310841
310843
310853
310880
310893
310916
311044
311051
311067
311082
311091
311190
311213
311230
311244
311254
311306
311337
311345
311381
311389
311463
311550
311553
311562
311801
311957
311961
312026
312027
312051
312063
312106
312202
312308
312387
312406
312418
312456
312496
312505
312510
312541
312560
312566
312671
312711
312746
312808
312814
312828
312838
312910
312967
313031
313043
313062
313093
313127
313153
313179
313192
313204
313232
313247
313272
313276
313294
313325
313337
313350
313381
313413
313415
313465
313499
313547
313565
313619
313625
313710
313799
313814
313817
313829
313845
313885
313966
314049
314134
314147
314192
314212
314263
314308
314340
314353
314364
314431
314621
314624
314659
314660
314685
314691
314730
314736
314769
314791
314878
314888
314912
314922
314935
315111
315130
315161
315344
315364
315390
315412
315464
315481
315522
315547
315562
315572
315576
315581
315718
315727
315734
315863
315899
315950
316017
316071
316108
316112
316141
316148
316230
316248
316265
316337
316413
316441
316479
316482
316575
316607
316664
316689
316711
316762
316767
316834
316855
316869
316956
316990
317004
317045
317094
317095
317142
317214
317279
317308
317338
317356
317359
317442
317446
317448
317509
317580
317598
317705
317729
317744
317912
317945
317970
318015
318042
318140
318151
318164
318177
318218
318231
318237
318279
318284
318326
318338
318359
318363
318414
318482
318723
318741
318838
318903
318955
318975
318981
319056
319058
319074
319143
319190
319273
319380
319384
319441
319462
319498
319536
319566
319570
319631
319685
319718
319747
319749
319796
319889
319897
319908
319993
320054
320055
320057
320094
320148
320152
320174
320182
320233
320242
320255
320273
320288
320428
320470
320511
320553
320570
320580
320603
320687
320692
320744
320767
320777
320806
320813
320881
320942
320962
320967
320969
320994
321003
321023
321067
321069
321075
321098
321147
321228
321240
321388
321409
321428
321449
321454
321482
321490
321520
321552
321615
321694
321742
321784
321834
321846
321852
321895
321910
321995
322019
322022
322031
322058
322066
322084
322115
322134
322300
322319
322330
322335
322345
322396
322403
322465
322481
322500
322527
322564
322588
322618
322644
322654
322659
322665
322704
322718
322754
322870
322874
322891
322892
322948
322957
322961
322981
323033
323041
323049
323080
323094
323111
323130
323131
323164
323181
323189
323198
323310
323323
323367
323390
323428
323455
323471
323494
323530
323560
323567
323593
323603
323606
323630
323771
323832
323932
323939
324015
324073
324187
324202
324222
324250
324271
324362
324372
324375
324386
324404
324461
324489
324555
324637
324649
324686
324691
324964
324968
324986
325023
325086
325143
325232
325251
325268
325323
325371
325422
325490
325549
325591
325710
325748
325825
325830
325885
325917
325959
325994
326004
326026
326088
326093
326122
326126
326136
326149
326179
326238
326247
326314
326322
326348
326354
326364
326511
326518
326625
326648
326672
326722
326857
326892
326899
326901
326909
327057
327083
327128
327135
327193
327222
327232
327245
327257
327281
327310
327420
327483
327529
327587
327656
327738
327744
327785
327795
327821
327854
327913
327921
327984
327996
328032
328164
328168
328302
328400
328452
328498
328504
328545
328600
328675
328692
328710
328717
328746
328762
328777
328820
328942
328975
329055
329098
329112
329145
329149
329231
329289
329301
329309
329337
329391
329392
329414
329440
329551
329565
329580
329604
329706
329735
329785
329801
329822
329862
329898
329921
329946
330015
330089
330101
330143
330214
330224
330244
330264
330309
330322
330428
330488
330507
330590
330723
330730
330741
330829
330834
330843
330885
330895
330935
330957
330989
331005
331026
331073
331114
331117
331141
331214
331274
331277
331282
331303
331307
331490
331506
331519
331547
331629
331680
331706
331736
331746
331749
331758
331815
331821
331839
331883
331931
331993
332036
332045
332091
332117
332150
332160
332164
332171
332251
332264
332403
332427
332466
332497
332504
332564
332587
332610
332616
332619
332653
332656
332725
332758
332797
332853
332892
332947
332963
332970
332988
333005
333025
333144
333162
333203
333204
333223
333290
333343
333346
333363
333377
333380
333411
333453
333463
333504
333537
333655
333662
333785
333820
333910
333922
333972
333995
334064
334101
334102
334110
334116
334224
334252
334293
334470
334586
334603
334740
334751
334784
334857
334876
334990
335019
335036
335037
335057
335143
335239
335255
335263
335290
335294
335318
335379
335402
335407
335529
335615
335642
335650
335654
335655
335706
335729
335779
335797
335817
335850
335879
335960
335974
336004
336042
336046
336160
336191
336277
336328
336367
336378
336427
336436
336466
336468
336571
336576
336586
336733
336787
336821
336831
336858
336972
337004
337157
337171
337179
337210
337243
337252
337386
337466
337471
337478
337483
337522
337545
337566
337575
337614
337704
337760
337763
337784
337820
337858
337924
337930
337941
337950
337975
338049
338058
338148
338189
338219
338272
338286
338378
338454
338556
338576
338622
338669
338682
338795
338893
338898
338951
338953
339044
339061
339116
339160
339205
339217
339299
339333
339376
339448
339520
339604
339621
339641
339644
339675
339681
339783
340043
340066
340130
340191
340229
340231
340313
340435
340484
340499
340521
340582
340588
340615
340655
340693
340750
340776
340835
340853
340916
340943
341021
341031
341076
341081
341085
341088
341167
341178
341223
341238
341257
341294
341351
341382
341427
341456
341475
341507
341541
341589
341621
341657
341707
341758
341789
341921
341959
342021
342029
342038
342085
342103
342130
342140
342141
342287
342338
342359
342363
342411
342432
342460
342463
342533
342603
342705
342720
342819
342823
342844
342849
342891
342936
342941
342965
342987
343124
343134
343161
343186
343241
343250
343280
343351
343383
343408
343412
343415
343424
343436
343438
343457
343475
343486
343561
343586
343648
343680
343697
343707
343711
343723
343737
343767
343802
343811
343819
343837
343902
344050
344073
344098
344170
344233
344244
344253
344320
344363
344404
344434
344506
344537
344550
344555
344598
344619
344643
344662
344691
344781
344813
344841
344914
344975
345008
345102
345205
345283
345303
345326
345357
345368
345374
345395
345424
345436
345438
345508
345612
345680
345695
345790
345808
345830
345865
345872
345930
345943
345958
346010
346078
346144
346282
346305
346335
346343
346378
346438
346519
346540
346570
346608
346657
346696
346758
346793
346964
346976
347137
347170
347231
347262
347363
347373
347424
347479
347485
347488
347498
347571
347575
347581
347613
347616
347634
347677
347778
347783
347802
347805
347816
347922
347927
347985
348055
348070
348105
348134
348169
348200
348326
348358
348376
348383
348403
348423
348440
348467
348492
348509
348565
348685
348719
348781
348833
348910
349027
349145
349151
349288
349307
349327
349345
349363
349400
349409
349451
349462
349493
349515
349519
349548
349550
349561
349569
349735
349789
349849
349884
349900
349962
349978
350008
350093
350121
350181
350212
350333
350359
350372
350446
350461
350497
350562
350582
350708
350728
350755
350762
350777
350785
350887
350950
350958
350963
350975
350994
351006
351100
351206
351277
351331
351362
351382
351413
351460
351463
351475
351523
351548
351595
351608
351624
351679
351715
351757
351780
351801
351864
352023
352193
352213
352261
352266
352324
352359
352372
352392
352442
352446
352476
352488
352498
352505
352555
352604
352705
352724
352739
352755
352852
352867
352898
352923
352927
352995
353113
353132
353146
353192
353205
353220
353275
353394
353401
353436
353485
353505
353511
353518
353521
353530
353564
353572
353594
353628
353663
353675
353698
353710
353742
353771
353776
353819
353889
353911
353998
354002
354019
354039
354046
354194
354229
354313
354357
354394
354415
354466
354483
354490
354531
354539
354567
354593
354619
354637
354659
354666
354739
354824
354864
354897
354905
354950
354992
355012
355032
355049
355084
355105
355115
355148
355220
355225
355235
355237
355261
355290
355353
355363
355392
355405
355410
355453
355508
355580
355603
355691
355708
355730
355740
355802
355812
355852
355894
355902
355944
355967
355991
356017
356060
356132
356149
356167
356202
356236
356239
356243
356249
356368
356382
356389
356437
356449
356463
356478
356533
356535
356547
356702
356712
356731
356806
356823
356844
356856
356905
356990
356995
357048
357052
357143
357162
357168
357195
357247
357292
357296
357344
357403
357474
357513
357596
357612
357640
357672
357708
357742
357764
357866
357921
357945
357974
357983
357986
358011
358070
358153
358202
358356
358402
358552
358577
358587
358589
358623
358705
358716
358726
358757
358761
358812
358820
358870
358986
359030
359041
359130
359175
359218
359242
359265
359300
359303
359431
359446
359458
359510
359572
359587
359855
359886
359900
359910
359957
359987
360021
360100
360103
360177
360185
360301
360320
360329
360348
360457
360476
360501
360532
360548
360589
360622
360671
360706
360865
360882
360944
360968
361015
361028
361054
361059
361087
361105
361119
361133
361186
361218
361237
361249
361284
361298
361348
361372
361462
361517
361549
361595
361637
361671
361901
361944
361962
362199
362202
362207
362255
362301
362316
362433
362436
362521
362529
362588
362590
362598
362611
362694
362712
362768
362799
362833
362839
362862
362865
363030
363061
363086
363135
363169
363204
363214
363217
363250
363272
363278
363330
363380
363434
363615
363647
363668
363766
363786
363801
363922
363949
363955
364000
364068
364099
364145
364199
364225
364244
364293
364299
364311
364335
364466
364570
364604
364620
364625
364646
364653
364686
364800
364910
364995
365010
365073
365145
365250
365289
365313
365346
365363
365407
365417
365461
365464
365480
365569
365579
365636
365659
365663
365772
365812
365830
365853
365900
365910
365988
365999
366035
366054
366132
366204
366235
366246
366265
366287
366296
366314
366386
366442
366450
366465
366527
366534
366545
366583
366713
366718
366750
366767
366771
366920
366924
366998
367132
367146
367171
367200
367311
367320
367339
367378
367419
367453
367502
367532
367537
367579
367616
367639
367675
367729
367747
367775
367828
367979
368010
368118
368132
368187
368275
368276
368280
368357
368363
368378
368413
368419
368489
368564
368594
368622
368670
368673
368732
368767
368778
368812
368816
368826
369030
369041
369049
369168
369185
369190
369240
369254
369263
369311
369337
369348
369367
369394
369428
369498
369549
369597
369608
369621
369695
369731
369750
369802
369810
369815
369863
369878
369919
369931
369979
370008
370018
370032
370051
370110
370121
370170
370271
370288
370306
370375
370380
370416
370418
370427
370437
370464
370467
370478
370499
370515
370586
370624
370688
370693
370710
370723
370726
370741
370751
370755
370779
370787
370817
370847
370866
370871
370877
371128
371148
371154
371192
371232
371314
371371
371413
371426
371525
371535
371628
371658
371683
371694
371720
371733
371737
371797
371877
371896
371901
371911
372135
372154
372157
372258
372324
372370
372385
372422
372493
372544
372615
372651
372665
372713
372768
372809
372819
372836
372837
372841
372851
372899
372920
372938
372995
373011
373063
373096
373105
373150
373173
373196
373200
373240
373294
373313
373419
373441
373492
373497
373501
373505
373519
373582
373616
373623
373639
373673
373678
373704
373716
373762
373778
373833
373843
373856
373877
373916
373924
373963
374000
374023
374084
374116
374124
374147
374168
374214
374238
374251
374271
374297
374302
374326
374338
374365
374417
374431
374436
374477
374538
374572
374625
374651
374653
374684
374695
374745
374752
374805
374829
374906
374917
374955
374990
375003
375057
375131
375149
375217
375271
375286
375314
375354
375369
375381
375397
375419
375506
375513
375521
375526
375527
375535
375541
375567
375590
375609
375655
375673
375678
375686
375711
375803
375880
376004
376026
376211
376234
376365
376391
376416
376439
376461
376465
376491
376505
376558
376611
376645
376674
376737
376854
376894
376897
376965
376990
377013
377024
377045
377070
377106
377126
377148
377157
377241
377254
377348
377363
377401
377410
377413
377497
377510
377520
377524
377542
377604
377605
377648
377700
377781
377839
377847
377850
377867
377911
377973
377980
378084
378103
378106
378107
378125
378196
378199
378306
378340
378366
378408
378478
378507
378668
378683
378705
378774
378839
378855
378890
378911
378917
378946
378953
378972
378976
379071
379120
379138
379235
379312
379510
379569
379594
379597
379600
379707
379725
379754
379759
379785
379788
379801
379808
379814
379849
379852
379983
380052
380085
380101
380153
380213
380244
380349
380417
380457
380497
380516
380525
380526
380578
380670
380772
380780
380847
380869
380871
380877
380893
380948
380998
381009
381086
381089
381212
381274
381314
381356
381381
381443
381682
381719
381728
381732
381809
381811
381853
381859
381891
381906
381915
381993
381994
381999
382037
382080
382190
382219
382251
382341
382356
382394
382414
382435
382449
382452
382456
382532
382559
382574
382626
382659
382699
382805
382843
382930
382941
382971
382973
383029
383108
383120
383221
383426
383455
383527
383558
383626
383637
383657
383678
383683
383686
383725
383730
383742
383778
383806
383822
383846
383861
383883
383910
383972
383975
383980
383986
383990
384010
384019
384031
384062
384077
384130
384162
384196
384283
384299
384338
384404
384461
384475
384549
384618
384685
384808
384827
384830
384844
384859
384864
384878
384924
384927
384945
384998
385002
385028
385109
385111
385139
385159
385181
385193
385234
385239
385306
385308
385351
385469
385492
385575
385601
385643
385682
385728
385729
385765
385768
385810
385859
385874
385924
385947
385981
386185
386273
386297
386300
386355
386363
386383
386406
386440
386451
386468
386482
386521
386531
386550
386580
386582
386652
386660
386664
386667
386729
386739
386744
386904
386938
386966
387057
387110
387140
387179
387231
387234
387247
387278
387332
387364
387425
387428
387445
387473
387480
387483
387493
387525
387533
387534
387571
387576
387632
387642
387706
387719
387722
387730
387756
387790
387793
387801
387842
387846
387872
387878
387894
387969
387982
387986
388009
388015
388119
388162
388166
388251
388269
388302
388412
388436
388529
388583
388667
388698
388732
388775
388780
388800
388816
388851
388935
388963
389045
389051
389267
389419
389507
389523
389538
389621
389622
389672
389699
389701
389839
389849
389853
389952
389986
390079
390183
390193
390240
390294
390437
390526
390535
390539
390550
390576
390590
390645
390657
390664
390682
390864
390873
390885
390897
390907
390945
391032
391127
391131
391169
391174
391252
391261
391290
391379
391400
391432
391436
391440
391484
391489
391510
391557
391605
391611
391689
391776
391796
391829
391851
391861
391865
391885
391886
391900
391966
392032
392058
392114
392131
392145
392191
392193
392208
392226
392323
392348
392487
392545
392650
392667
392671
392720
392733
392814
392828
392884
392893
393128
393133
393142
393201
393254
393256
393312
393373
393386
393389
393417
393470
393480
393512
393587
393734
393738
393751
393830
393856
393899
393949
393956
394024
394036
394090
394101
394129
394165
394237
394256
394268
394290
394316
394347
394349
394360
394369
394388
394434
394465
394506
394594
394597
394654
394712
394800
394836
394861
394909
394918
394963
394983
394986
394999
395016
395033
395048
395066
395085
395095
395143
395187
395209
395250
395251
395308
395372
395431
395443
395455
395463
395473
395482
395506
395510
395538
395590
395642
395665
395671
395694
395730
395790
395804
395819
395842
395926
395944
396007
396014
396016
396019
396032
396051
396055
396097
396115
396124
396195
396227
396270
396372
396399
396407
396445
396468
396532
396559
396579
396586
396768
396827
396914
396920
396940
396981
397030
397106
397147
397178
397269
397286
397298
397351
397358
397401
397426
397429
397481
397572
397632
397679
397798
397857
397924
397926
397943
397949
398059
398078
398138
398148
398212
398220
398347
398348
398365
398387
398389
398399
398437
398490
398517
398542
398570
398576
398581
398662
398702
398773
398788
398821
398906
399015
399047
399080
399082
399117
399151
399185
399201
399208
399226
399246
399284
399291
399292
399309
399337
399357
399516
399531
399549
399556
399591
399627
399684
399701
399717
399724
399767
399837
399858
399909
399953
399959
399971
399985
400064
400126
400134
400171
400209
400236
400239
400260
400267
400294
400452
400484
400550
400574
400586
400592
400593
400640
400685
400694
400715
400917
400938
400948
401024
401033
401037
401092
401274
401314
401448
401490
401530
401569
401605
401608
401632
401662
401684
401850
401873
401940
401943
401979
402005
402008
402022
402038
402050
402067
402209
402301
402303
402430
402475
402510
402525
402535
402573
402619
402727
402787
402823
402829
402915
402953
402972
402979
403012
403055
403075
403110
403119
403123
403188
403196
403227
403268
403270
403274
403332
403349
403404
403444
403467
403509
403526
403532
403551
403554
403573
403582
403608
403662
403692
403716
403825
404012
404143
404156
404192
404199
404251
404254
404342
404354
404371
404387
404427
404489
404530
404533
404539
404624
404655
404672
404734
404741
404772
404781
404784
404850
404891
404961
405018
405031
405072
405085
405100
405143
405162
405191
405265
405275
405285
405306
405309
405333
405420
405442
405467
405500
405540
405577
405632
405655
405681
405761
405776
405818
405846
405867
405899
405904
405922
405932
406013
406137
406177
406193
406221
406226
406274
406558
406610
406655
406673
406703
406734
406856
406962
406976
407031
407097
407131
407136
407172
407195
407315
407343
407370
407540
407555
407558
407642
407745
407758
407786
407805
407829
407927
407993
408047
408165
408193
408215
408229
408268
408274
408306
408422
408448
408469
408518
408609
408640
408658
408687
408712
408719
408754
408779
408782
408796
408810
408814
408880
408895
408929
408964
408984
409018
409076
409105
409119
409125
409143
409165
409213
409231
409238
409252
409267
409309
409334
409355
409388
409402
409460
409465
409470
409478
409551
409605
409617
409669
409680
409693
409703
409727
409767
409835
409880
409883
409897
409961
410071
410123
410138
410159
410164
410251
410315
410346
410352
410444
410467
410469
410537
410578
410600
410701
410703
410785
410913
410941
410949
410957
411018
411020
411033
411039
411090
411100
411114
411141
411148
411160
411197
411211
411229
411268
411275
411290
411331
411397
411440
411444
411454
411480
411486
411490
411577
411612
411623
411645
411655
411658
411770
411820
411850
411860
411925
411960
411980
412009
412075
412121
412130
412157
412172
412173
412189
412193
412240
412268
412273
412311
412328
412388
412442
412462
412476
412501
412505
412556
412607
412613
412642
412664
412696
412699
412707
412729
412748
412750
412761
412763
412774
412830
412842
412892
412915
412941
412942
412948
412995
413023
413043
413051
413140
413175
413210
413323
413329
413344
413353
413415
413433
413454
413474
413649
413748
413758
413760
413806
413852
413889
413902
414005
414030
414032
414062
414111
414133
414163
414183
414195
414242
414335
414356
414418
414448
414465
414470
414565
414593
414601
414612
414644
414678
414712
414736
414744
414803
414828
414876
414880
414968
415013
415022
415025
415031
415125
415144
415202
415203
415214
415246
415249
415278
415287
415350
415433
415506
415512
415566
415592
415613
415651
415682
415715
415762
415793
415825
415828
415833
415903
415927
415979
415983
416049
416221
416231
416237
416319
416331
416344
416539
416544
416556
416709
416770
416868
416894
416937
417093
417143
417155
417164
417209
417343
417360
417386
417392
417411
417416
417469
417594
417596
417676
417680
417687
417698
417712
417781
417882
417919
417949
417954
417969
418055
418083
418091
418110
418146
418171
418182
418201
418238
418286
418300
418309
418386
418391
418446
418547
418596
418611
418739
418839
418850
418867
419065
419075
419134
419145
419204
419206
419237
419240
419295
419312
419319
419337
419375
419431
419460
419503
419505
419532
419545
419591
419647
419663
419705
419738
419746
419768
419777
419790
419858
419878
419895
419950
420027
420056
420068
420090
420345
420380
420432
420443
420577
420583
420600
420606
420715
420787
420810
420941
420960
420966
421076
421095
421136
421167
421187
421208
421212
421258
421270
421284
421319
421322
421358
421390
421423
421432
421448
421455
421502
421579
421587
421598
421661
421714
421736
421749
421803
421855
421867
421918
422063
422067
422072
422130
422132
422194
422201
422205
422240
422338
422343
422362
422385
422451
422466
422489
422500
422505
422532
422549
422648
422720
422763
422838
422871
422903
422923
422928
422950
422994
423006
423017
423019
423031
423091
423146
423168
423196
423215
423218
423234
423236
423330
423337
423440
423471
423534
423552
423573
423575
423579
423611
423647
423706
423766
423795
423805
423850
423944
423961
423983
423997
424009
424069
424072
424138
424207
424216
424254
424273
424305
424336
424382
424460
424472
424487
424543
424562
424692
424697
424707
424756
424785
424820
424840
424845
424852
424897
424947
424964
424973
425037
425053
425170
425208
425225
425309
425310
425336
425398
425476
425500
425503
425534
425551
425553
425566
425584
425593
425613
425750
425771
425847
425875
425918
425990
426013
426040
426054
426072
426096
426115
426149
426177
426189
426272
426277
426287
426333
426336
426377
426457
426475
426588
426637
426660
426694
426714
426775
426827
426917
426949
427034
427120
427127
427144
427166
427193
427268
427271
427341
427345
427354
427601
427604
427641
427647
427662
427681
427713
427722
427750
427776
427842
427921
427951
427955
427980
428019
428025
428138
428151
428217
428366
428411
428447
428486
428590
428632
428727
428770
428828
428835
428941
428966
428978
429044
429062
429077
429102
429110
429127
429153
429245
429295
429306
429372
429378
429466
429491
429511
429546
429583
429640
429720
429737
429741
429759
429767
429794
429844
429892
429943
429964
430031
430056
430129
430156
430161
430167
430239
430259
430364
430387
430405
430433
430446
430608
430614
430643
430673
430692
430774
430798
430935
430946
430974
431092
431095
431132
431144
431189
431191
431235
431249
431253
431292
431380
431446
431455
431462
431492
431524
431534
431566
431567
431618
431655
431660
431726
431804
431811
431848
431901
431946
431959
431989
432011
432074
432096
432404
432425
432516
432591
432607
432643
432649
432678
432711
432735
432784
432829
432898
433132
433238
433247
433271
433308
433391
433411
433455
433463
433476
433488
433527
433549
433623
433760
433815
433865
433873
433901
433923
433967
433975
433987
434000
434007
434099
434104
434134
434139
434154
434188
434283
434292
434318
434426
434521
434544
434700
434816
434842
434872
434898
434904
434913
434951
434956
434981
435001
435081
435094
435147
435191
435212
435222
435253
435254
435315
435339
435347
435367
435432
435448
435456
435536
435538
435620
435680
435714
435723
435730
435736
435805
435811
435838
435851
435904
435943
435954
435963
435977
435986
435988
436037
436045
436057
436066
436074
436116
436159
436198
436219
436239
436270
436285
436292
436316
436330
436365
436367
436428
436433
436499
436509
436542
436556
436590
436595
436618
436656
436687
436716
436723
436749
436756
436812
436827
436870
436881
436995
437040
437047
437094
437144
437214
437228
437254
437265
437268
437270
437285
437322
437366
437388
437407
437460
437531
437551
437586
437594
437639
437680
437714
437720
437749
437761
437816
437847
437890
437932
437939
437981
438039
438153
438195
438241
438342
438346
438413
438490
438548
438598
438661
438667
438678
438755
438772
438821
438869
438884
438916
439006
439017
439084
439167
439183
439241
439244
439331
439379
439399
439535
439571
439682
439692
439696
439719
439725
439747
439802
439807
439833
439853
439889
439932
439934
439946
439992
440039
440157
440164
440237
440297
440349
440370
440412
440421
440447
440475
440543
440555
440620
440714
440731
440735
440761
440803
440821
440847
440888
440897
440935
440975
441020
441033
441060
441075
441108
441168
441169
441241
441302
441330
441377
441386
441443
441472
441516
441742
441940
441999
442010
442019
442053
442168
442197
442210
442231
442233
442281
442290
442351
442365
442376
442395
442400
442403
442409
442416
442419
442429
442447
442483
442502
442535
442551
442553
442558
442691
442713
442747
442878
442912
442918
442939
442940
442997
443102
443146
443161
443171
443183
443211
443257
443261
443299
443306
443315
443327
443438
443539
443550
443586
443587
443612
443635
443683
443687
443717
443754
443760
443762
443814
443964
443988
443999
444165
444196
444212
444287
444346
444367
444377
444392
444425
444518
444595
444610
444668
444674
444681
444700
444716
444758
444812
444816
444859
444878
444883
444902
444923
444932
444983
445033
445084
445103
445138
445172
445265
445416
445526
445540
445545
445559
445618
445623
445631
445714
445747
445845
445907
445971
445994
446045
446062
446117
446119
446186
446223
446234
446238
446311
446328
446357
446411
446503
446605
446716
446721
446723
446762
446801
446805
446828
446835
446840
446913
446930
446934
446974
447021
447091
447120
447184
447205
447266
447268
447278
447281
447338
447389
447409
447440
447465
447515
447519
447617
447647
447672
447778
447800
447803
447835
447863
447865
447875
447878
447889
447925
448079
448089
448130
448142
448167
448182
448206
448352
448379
448495
448508
448519
448624
448656
448662
448684
448715
448736
448757
448762
448778
448882
448900
448929
448947
448989
449003
449010
449051
449142
449219
449393
449401
449424
449450
449470
449472
449508
449627
449667
449729
449754
449899
449927
449968
449981
449983
450020
450054
450061
450095
450173
450204
450217
450239
450299
450326
450376
450440
450450
450470
450499
450508
450509
450572
450584
450589
450594
450601
450675
450756
450789
450844
450896
450950
450999
451002
451018
451055
451088
451116
451199
451245
451274
451276
451343
451346
451452
451470
451476
451559
451645
451708
451745
451785
451822
451853
451867
451890
451956
451982
452044
452113
452120
452175
452188
452192
452242
452338
452372
452379
452385
452396
452481
452510
452516
452538
452566
452592
452603
452605
452608
452633
452637
452681
452698
452736
452802
452811
452841
452893
452901
452910
452935
452950
452959
452979
453047
453066
453172
453187
453193
453344
453499
453516
453533
453594
453693
453760
453775
453783
453793
453812
453819
453841
453880
453910
453923
453948
453992
453995
454020
454096
454119
454182
454297
454340
454366
454434
454459
454483
454495
454522
454549
454592
454643
454648
454687
454714
454722
454735
454744
454754
454778
454779
454812
454823
454885
454900
454917
454957
454968
454975
454980
455011
455042
455102
455289
455379
455518
455554
455582
455773
455780
455836
455840
455965
456081
456086
456116
456152
456155
456184
456197
456226
456258
456281
456289
456295
456345
456399
456417
456431
456469
456542
456544
456552
456555
456614
456647
456694
456727
456999
457077
457112
457120
457250
457365
457367
457368
457407
457480
457482
457527
457565
457578
457595
457705
457811
457848
457937
457946
457965
458112
458132
458237
458254
458322
458366
458375
458465
458579
458699
458710
458717
458723
458734
458759
458772
458790
458838
458848
458853
458856
458857
458871
458891
458894
458914
458924
458967
458975
459002
459023
459057
459106
459107
459162
459176
459195
459198
459204
459210
459213
459321
459422
459460
459542
459605
459610
459633
459659
459670
459685
459715
459720
459808
459822
459832
459870
459881
459896
459908
459922
459931
459948
459966
459976
460018
460059
460119
460130
460148
460153
460158
460169
460194
460228
460384
460430
460598
460664
460673
460725
460743
460848
460893
460952
461033
461066
461072
461094
461120
461126
461153
461197
461202
461207
461275
461320
461332
461341
461356
461426
461514
461522
461535
461616
461662
461709
461714
461773
461785
461808
461817
461823
461859
461892
461902
461913
461970
461974
461995
462016
462096
462108
462129
462168
462186
462216
462221
462246
462253
462340
462369
462384
462397
462412
462420
462428
462469
462480
462606
462662
462740
462796
462810
462865
462873
462894
462906
462918
462925
462982
463025
463047
463080
463129
463184
463199
463267
463280
463308
463316
463359
463389
463457
463521
463548
463601
463683
463691
463701
463770
463789
463814
463847
463866
463881
463894
463946
463989
464004
464071
464088
464119
464129
464134
464241
464255
464268
464321
464389
464395
464430
464464
464532
464541
464552
464626
464634
464714
464767
464788
464878
464908
464933
464955
465036
465042
465050
465056
465100
465108
465128
465139
465163
465245
465264
465280
465301
465353
465393
465431
465476
465507
465527
465571
465591
465595
465600
465627
465646
465727
465815
465893
465971
465997
466020
466087
466193
466272
466283
466346
466368
466387
466397
466421
466440
466490
466529
466540
466561
466567
466581
466606
466633
466671
466826
466834
466838
466899
466924
466968
466971
467006
467012
467066
467144
467199
467333
467388
467389
467395
467433
467464
467484
467492
467568
467662
467709
467734
467781
467845
467854
467944
468042
468099
468146
468156
468176
468181
468190
468205
468225
468240
468258
468260
468284
468292
468297
468348
468358
468363
468399
468415
468418
468444
468513
468571
468601
468746
468771
468825
468851
468862
468934
468943
468963
469003
469025
469030
469036
469059
469076
469100
469126
469146
469179
469250
469255
469405
469513
469540
469572
469576
469596
469666
469713
469744
469752
469763
469810
469815
469860
469904
470055
470094
470106
470120
470122
470134
470160
470266
470304
470323
470396
470437
470479
470562
470611
470619
470682
470706
470769
470894
470943
470964
470979
471044
471049
471061
471089
471098
471152
471180
471208
471263
471296
471308
471317
471347
471353
471450
471483
471491
471520
471656
471694
471737
471772
471800
471810
471821
471825
471853
471946
471967
472005
472030
472122
472165
472299
472326
472345
472357
472359
472361
472364
472384
472387
472428
472458
472462
472484
472489
472547
472572
472646
472662
472672
472830
472846
472938
472951
472964
473003
473030
473062
473085
473106
473121
473131
473159
473192
473193
473270
473299
473356
473381
473499
473551
473829
473834
473844
473881
473924
473958
473969
473979
474045
474085
474198
474253
474388
474469
474474
474502
474597
474621
474635
474664
474691
474708
474738
474769
474784
474812
474832
474839
474855
474979
475034
475099
475107
475118
475286
475301
475309
475322
475522
475531
475577
475594
475619
475628
475639
475742
475752
475769
475786
475811
475838
475912
475948
475965
475989
476033
476121
476126
476168
476178
476207
476232
476266
476270
476277
476370
476500
476586
476587
476600
476613
476701
476729
476755
476782
476837
476853
476867
476871
476875
476893
476997
477058
477116
477130
477158
477207
477219
477258
477281
477410
477415
477435
477455
477467
477471
477474
477493
477522
477524
477541
477550
477581
477590
477605
477641
477670
477684
477711
477727
477766
477901
477966
478000
478006
478010
478055
478120
478140
478163
478198
478353
478371
478412
478429
478468
478473
478537
478615
478650
478725
478754
478763
478771
478788
478792
478798
478818
478837
478844
478893
478973
479007
479018
479022
479087
479100
479123
479130
479209
479219
479243
479253
479281
479328
479389
479457
479478
479527
479551
479586
479633
479710
479753
479840
479870
479879
479961
480001
480031
480049
480100
480108
480126
480127
480132
480217
480236
480237
480326
480535
480538
480609
480657
480735
480769
480775
480792
480855
480871
480923
480925
480937
480962
480978
480997
481005
481009
481111
481134
481149
481223
481271
481361
481382
481417
481422
481431
481538
481549
481558
481583
481606
481620
481777
481787
481822
481828
481835
481878
481907
481930
481963
482004
482048
482108
482127
482158
482168
482210
482303
482306
482311
482339
482470
482506
482512
482559
482674
482687
482701
482714
482745
482793
482807
482876
482981
483014
483023
483056
483126
483148
483151
483291
483299
483371
483535
483571
483575
483579
483598
483659
483688
483723
483741
483762
483776
483786
483894
483997
484061
484077
484100
484148
484198
484239
484267
484327
484339
484361
484370
484373
484478
484623
484629
484637
484642
484652
484704
484726
484786
484812
484951
484981
485014
485029
485049
485086
485199
485206
485232
485281
485349
485383
485400
485453
485472
485497
485507
485520
485547
485589
485666
485739
485785
485816
485850
485910
485995
486053
486117
486152
486158
486251
486305
486338
486385
486405
486409
486429
486431
486440
486473
486496
486562
486588
486615
486633
486708
486841
486905
487022
487052
487075
487134
487266
487350
487453
487455
487480
487507
487526
487539
487591
487606
487610
487625
487633
487692
487715
487732
487764
487779
487865
487876
487886
487929
487933
487966
488012
488053
488080
488144
488191
488203
488269
488324
488352
488467
488543
488586
488603
488607
488622
488630
488689
488717
488803
488862
488891
488988
489101
489129
489144
489156
489205
489210
489221
489236
489282
489288
489343
489355
489374
489376
489481
489497
489508
489568
489640
489674
489677
489687
489760
489783
489792
489833
489861
489941
489955
489982
489986
490025
490042
490049
490059
490071
490082
490133
490139
490143
490242
490278
490389
490401
490414
490454
490473
490553
490579
490613
490712
490738
490760
490778
490823
490901
490908
490933
490952
490994
491036
491041
491078
491150
491252
491270
491280
491298
491305
491323
491447
491478
491500
491524
491539
491574
491580
491599
491661
491663
491664
491696
491734
491753
491757
491794
491797
491800
491821
491836
491917
491954
491964
491968
491980
491985
492042
492067
492149
492155
492177
492184
492232
492233
492243
492260
492278
492292
492297
492316
492320
492328
492436
492453
492468
492545
492608
492610
492642
492691
492735
492797
492807
492867
492937
492956
492967
493056
493183
493189
493216
493292
493333
493384
493415
493435
493439
493446
493484
493494
493584
493601
493602
493621
493676
493701
493702
493755
493758
493764
493819
493829
493832
493837
493951
493955
494011
494013
494024
494085
494107
494138
494151
494195
494203
494209
494259
494263
494289
494307
494331
494374
494378
494429
494442
494448
494453
494456
494480
494507
494572
494581
494593
494626
494684
494762
494766
494835
494866
494875
494902
494930
494942
494952
495027
495031
495052
495067
495085
495131
495219
495245
495259
495301
495306
495337
495369
495387
495391
495413
495462
495649
495651
495679
495792
495819
495824
495882
495912
495958
495981
496000
496019
496042
496074
496102
496110
496160
496195
496208
496221
496231
496268
496271
496370
496386
496515
496524
496528
496534
496549
496579
496639
496716
496756
496777
496787
496791
496883
496913
496923
497005
497048
497055
497142
497227
497234
497258
497268
497289
497309
497321
497341
497350
497429
497557
497573
497673
497681
497690
497707
497746
497777
497839
497996
498001
498065
498095
498108
498128
498135
498151
498155
498163
498192
498228
498254
498264
498503
498556
498557
498603
498709
498732
498809
498851
498911
498982
499027
499030
499065
499070
499076
499104
499132
499139
499176
499197
499246
499435
499442
499457
499513
499524
499571
499634
499647
499651
499669
499675
499681
499691
499697
499708
499740
499820
499932
499990
500044
500072
500154
500165
500194
500205
500230
500271
500319
500324
500438
500544
500564
500628
500655
500663
500704
500776
500797
500810
500812
500827
500835
500896
500939
500987
501003
501028
501067
501093
501133
501175
501238
501265
501277
501322
501327
501349
501449
501466
501508
501655
501665
501690
501700
501775
501803
501875
501919
501972
502064
502074
502180
502192
502259
502278
502303
502314
502326
502340
502386
502459
502487
502563
502581
502604
502609
502730
502732
502735
502760
502763
502795
502817
502834
502852
502893
502896
502920
502927
502947
503015
503054
503136
503175
503238
503258
503298
503304
503378
503391
503409
503422
503539
503581
503584
503624
503694
503732
503791
503814
503885
503887
503929
503939
503951
503971
503981
504018
504019
504032
504054
504056
504070
504167
504210
504335
504353
504413
504517
504533
504559
504585
504594
504616
504619
504666
504685
504740
504784
504788
504807
504824
504836
504950
504974
504997
505039
505064
505095
505103
505107
505109
505119
505166
505182
505185
505191
505197
505237
505261
505282
505294
505332
505338
505398
505411
505477
505482
505560
505561
505660
505667
505669
505670
505680
505693
505697
505710
505743
505750
505807
505825
505836
505849
505855
505873
506098
506108
506126
506166
506184
506329
506379
506460
506477
506496
506523
506557
506601
506607
506679
506735
506759
506765
506768
506836
506900
506911
506924
506927
506932
507003
507038
507165
507219
507247
507346
507347
507372
507408
507417
507442
507504
507513
507628
507672
507677
507689
507737
507824
507838
507870
507955
508174
508227
508235
508286
508293
508298
508311
508329
508340
508341
508344
508388
508423
508466
508484
508599
508601
508620
508648
508657
508714
508789
508822
508839
508846
508872
508897
508908
508948
508990
508996
509014
509061
509069
509112
509147
509153
509157
509171
509192
509274
509321
509364
509406
509443
509472
509514
509626
509633
509678
509708
509719
509756
509771
509813
509819
509832
509959
509974
510006
510037
510083
510118
510169
510173
510260
510276
510327
510364
510365
510386
510399
510453
510484
510570
510605
510616
510653
510728
510744
510806
510840
510844
510850
510937
510962
511045
511056
511077
511092
511130
511160
511235
511290
511296
511303
511315
511322
511355
511382
511404
511424
511490
511552
511572
511733
511735
511814
511830
511910
511940
512038
512082
512089
512101
512140
512185
512216
512253
512322
512330
512347
512383
512396
512405
512423
512440
512463
512479
512512
512604
512609
512622
512635
512731
512769
512804
512848
512857
512932
512996
513005
513043
513062
513064
513078
513091
513125
513130
513165
513219
513274
513287
513392
513443
513465
513556
513562
513608
513635
513646
513754
513832
513887
513961
513969
514071
514122
514171
514211
514225
514250
514315
514320
514324
514371
514400
514445
514535
514555
514561
514597
514600
514615
514618
514625
514629
514677
514737
514817
514841
514861
514864
514876
514913
514936
515063
515186
515194
515232
515250
515261
515276
515286
515376
515381
515388
515410
515562
515598
515629
515673
515725
515739
515797
515805
515809
515850
515897
515906
515984
516025
516064
516071
516142
516145
516146
516309
516321
516333
516335
516350
516426
516452
516482
516516
516560
516568
516581
516614
516641
516699
516750
516762
516784
516812
516815
516824
516859
516879
516928
516977
517062
517122
517127
517231
517237
517253
517295
517304
517395
517423
517437
517452
517484
517506
517571
517574
517580
517593
517599
517625
517684
517728
517752
517761
517812
517815
517850
517912
517963
517994
518045
518080
518193
518197
518212
518232
518238
518251
518262
518297
518310
518399
518402
518409
518413
518481
518515
518588
518611
518637
518648
518682
518780
518815
518821
518865
518869
518882
518952
519287
519309
519440
519446
519466
519511
519553
519581
519643
519665
519673
519677
519724
519772
519778
519823
519889
519913
519999
520013
520045
520073
520111
520388
520407
520431
520482
520489
520506
520514
520561
520616
520621
520626
520630
520727
520737
520774
520792
520800
520803
520929
520990
521035
521040
521061
521146
521156
521222
521269
521343
521399
521459
521470
521475
521493
521498
521562
521581
521598
521616
521624
521688
521750
521779
521788
521793
521834
521845
521928
521944
521983
522000
522036
522073
522118
522128
522151
522195
522218
522230
522278
522281
522351
522380
522399
522467
522486
522530
522540
522588
522591
522614
522632
522644
522647
522666
522677
522697
522724
522773
522864
522887
522907
522923
522954
522968
522991
523019
523230
523344
523408
523423
523444
523470
523499
523521
523529
523546
523682
523694
523723
523733
523785
523800
523839
523870
523925
523934
523947
524063
524088
524121
524148
524233
524329
524361
524373
524422
524427
524473
524498
524548
524591
524596
524629
524654
524667
524835
524854
524898
524935
524940
524982
524988
524996
525068
525161
525189
525241
525313
525331
525349
525403
525417
525483
525509
525543
525590
525605
525657
525679
525697
525711
525743
525779
525793
525845
525847
525868
525879
525890
525896
525931
525945
525981
526014
526085
526092
526126
526148
526158
526169
526181
526192
526249
526267
526332
526351
526370
526379
526393
526401
526434
526436
526446
526456
526494
526507
526522
526549
526559
526591
526686
526694
526713
526768
526772
526864
526876
526964
526987
527004
527005
527101
527261
527287
527399
527466
527474
527628
527641
527664
527671
527726
527760
527809
527823
527829
527878
527888
527891
527919
527928
528005
528012
528018
528059
528083
528085
528100
528125
528145
528172
528191
528196
528210
528246
528254
528319
528329
528360
528388
528395
528430
528473
528502
528519
528562
528621
528745
528820
528835
528850
528857
528937
528953
528966
528972
529056
529155
529240
529270
529276
529302
529317
529360
529378
529432
529510
529516
529580
529594
529642
529655
529664
529739
529740
529749
529768
529838
529901
529953
529957
530016
530078
530090
530139
530197
530214
530261
530272
530316
530439
530467
530502
530528
530548
530687
530697
530765
530805
530807
530850
530860
530865
530932
530935
531068
531141
531182
531266
531348
531434
531443
531456
531475
531518
531526
531639
531644
531652
531668
531679
531733
531826
531850
531878
531884
531929
531939
531994
532043
532084
532141
532163
532308
532344
532418
532487
532506
532524
532539
532593
532596
532599
532620
532644
532660
532669
532673
532702
532711
532775
532803
532808
532909
532930
532969
532980
532987
533002
533033
533069
533098
533107
533114
533122
533130
533152
533161
533184
533231
533263
533287
533364
533460
533493
533515
533576
533587
533598
533605
533629
533633
533651
533653
533680
533802
533813
533878
533897
533905
533915
533956
533966
533988
534015
534047
534051
534056
534140
534260
534275
534299
534319
534377
534425
534427
534486
534501
534505
534517
534528
534560
534640
534647
534667
534709
534733
534791
534837
534845
534847
534864
534871
534935
535009
535040
535069
535084
535147
535166
535206
535465
535475
535539
535554
535630
535671
535691
535702
535708
535718
535736
535740
535762
535772
535784
535892
535895
535987
536058
536121
536148
536165
536199
536212
536222
536223
536247
536297
536310
536315
536405
536421
536430
536441
536461
536549
536616
536640
536693
536722
536725
536731
536749
536785
536870
536882
536898
536924
536945
536971
536987
537007
537020
537053
537061
537144
537181
537200
537205
537450
537456
537471
537487
537519
537528
537552
537596
537619
537694
537702
537722
537736
537833
537916
537939
537960
537971
537979
538061
538106
538120
538154
538167
538188
538199
538285
538311
538444
538454
538505
538586
538590
538594
538606
538625
538652
538729
538799
538805
538828
538889
538913
538945
538958
539071
539142
539184
539249
539293
539387
539390
539547
539602
539648
539729
539871
539878
539999
540055
540088
540104
540131
540166
540205
540236
540303
540348
540356
540364
540382
540445
540503
540638
540685
540741
540820
540954
541015
541044
541061
541090
541133
541180
541197
541224
541253
541289
541310
541455
541485
541538
541544
541555
541625
541645
541652
541658
541661
541700
541706
541742
541804
541867
541892
542030
542115
542370
542381
542525
542533
542544
542611
542668
542764
542828
542881
542920
543055
543126
543151
543164
543210
543224
543288
543303
543313
543317
543395
543404
543491
543507
543591
543651
543708
543721
543845
543877
543921
543931
543983
543996
544013
544196
544235
544267
544303
544334
544407
544434
544443
544445
544451
544475
544554
544565
544580
544592
544603
544682
544709
544714
544741
544748
544764
544806
544807
544821
544876
544915
544932
545080
545088
545099
545142
545145
545267
545454
545536
545544
545554
545555
545558
545592
545628
545696
545723
545782
545832
545837
545857
545871
545898
545912
545921
545925
545928
545934
545935
545969
545978
545991
546076
546081
546092
546123
546163
546171
546173
546224
546267
546340
546402
546406
546429
546478
546498
546502
546533
546613
546636
546644
546768
546770
546891
546924
546926
546955
546992
547016
547099
547183
547205
547219
547267
547329
547418
547485
547523
547551
547596
547634
547652
547714
547750
547774
547842
547920
547934
547967
548022
548086
548183
548223
548269
548410
548616
548747
548764
548890
548900
548939
548966
548998
549002
549081
549107
549114
549145
549177
549182
549197
549223
549232
549247
549289
549347
549488
549515
549527
549620
549738
549786
549796
549800
549870
549877
549882
549896
549907
549959
550003
550040
550047
550096
550119
550140
550218
550265
550275
550306
550377
550379
550398
550400
550473
550476
550631
550664
550666
550695
550701
550757
550764
550788
550959
550996
551057
551214
551306
551311
551319
551347
551412
551423
551435
551521
551582
551601
551658
551696
551718
551731
551740
551745
551748
551770
551810
551821
551849
551856
551869
551946
552043
552130
552187
552196
552215
552256
552294
552317
552335
552353
552376
552382
552404
552418
552463
552471
552484
552501
552521
552546
552585
552590
552602
552618
552677
552685
552715
552724
552739
552749
552883
552891
552951
552988
553003
553005
553009
553016
553024
553051
553112
553152
553173
553278
553509
553516
553544
553575
553588
553686
553693
553712
553761
553777
553879
553940
553966
554015
554063
554074
554132
554149
554157
554166
554248
554345
554398
554469
554472
554494
554544
554549
554646
554660
554661
554701
554716
554730
554741
554763
554772
554860
554894
554916
555066
555150
555156
555162
555209
555242
555274
555292
555313
555319
555378
555442
555449
555459
555482
555499
555530
555536
555548
555587
555681
555693
555700
555702
555712
555738
555807
555828
556064
556070
556092
556165
556199
556205
556238
556279
556331
556337
556409
556453
556459
556485
556520
556526
556529
556537
556568
556598
556633
556657
556687
556690
556706
556729
556749
556772
556818
556852
556881
556918
557082
557089
557136
557149
557174
557252
557268
557305
557326
557334
557508
557533
557596
557618
557690
557716
557799
557834
557846
557874
557886
557892
557970
558004
558099
558189
558415
558631
558637
558660
558770
558798
558883
558944
558958
558988
558997
559009
559046
559089
559160
559163
559177
559216
559240
559277
559294
559308
559338
559375
559423
559557
559701
559756
559798
559823
559835
559839
559942
560000
560014
560046
560067
560106
560137
560293
560363
560389
560496
560554
560566
560641
560647
560715
560759
560776
560823
560836
560838
560897
560929
560956
560992
560997
561080
561089
561095
561123
561156
561169
561191
561216
561240
561340
561390
561419
561429
561465
561486
561493
561521
561540
561561
561565
561648
561657
561725
561728
561769
561779
561892
561901
561903
561918
561934
561938
561993
562102
562121
562158
562237
562238
562247
562251
562259
562271
562345
562364
562386
562472
562477
562504
562532
562546
562615
562616
562639
562642
562760
562804
562820
562885
562958
563025
563094
563245
563282
563349
563358
563398
563493
563661
563684
563692
563710
563759
563815
563842
563865
563950
564027
564036
564067
564113
564128
564137
564347
564412
564415
564419
564443
564470
564478
564535
564538
564542
564547
564581
564585
564630
564643
564701
564712
564780
565004
565015
565081
565088
565090
565127
565186
565208
565249
565252
565284
565287
565341
565404
565441
565474
565581
565593
565595
565630
565663
565694
565732
565737
565780
565825
565853
565891
565942
565945
565970
565997
566023
566083
566090
566146
566150
566184
566232
566234
566287
566301
566366
566374
566406
566417
566442
566444
566597
566640
566643
566680
566807
566818
566948
566952
566955
567004
567083
567131
567166
567169
567172
567188
567193
567249
567344
567392
567408
567426
567488
567508
567563
567586
567599
567606
567642
567652
567681
567696
567720
567763
567786
567817
567935
567941
567949
568023
568040
568041
568066
568116
568119
568127
568140
568180
568186
568192
568200
568219
568255
568290
568295
568379
568401
568424
568446
568467
568469
568481
568488
568500
568541
568577
568598
568617
568626
568639
568650
568692
568706
568728
568771
568773
568783
568804
568840
568859
568873
568891
568895
568921
568930
568939
568981
568989
569028
569081
569117
569177
569186
569264
569271
569295
569312
569325
569389
569414
569452
569462
569505
569510
569547
569618
569636
569647
569660
569678
569703
569739
569748
569800
569842
569867
569882
569899
569904
569974
569998
570069
570087
570098
570151
570178
570198
570286
570373
570387
570392
570407
570447
570459
570544
570558
570597
570680
570724
570764
570782
570794
570823
570853
570857
570912
570921
571002
571058
571063
571156
571221
571236
571318
571361
571399
571417
571427
571432
571446
571492
571524
571566
571581
571585
571622
571637
571647
571795
571878
571941
571988
572064
572106
572123
572155
572225
572244
572261
572264
572286
572308
572329
572440
572447
572464
572506
572518
572563
572595
572630
572637
572645
572685
572739
572754
572770
572790
572913
572942
572965
572981
573065
573074
573143
573166
573187
573194
573341
573344
573372
573445
573467
573482
573517
573570
573587
573592
573627
573827
573850
573863
573864
573962
574001
574015
574022
574028
574038
574043
574072
574147
574213
574220
574276
574329
574383
574417
574469
574527
574547
574607
574623
574666
574710
574756
574817
574930
574937
574993
575010
575045
575054
575102
575108
575170
575193
575198
575213
575253
575307
575383
575408
575413
575509
575565
575608
575634
575695
575747
575844
575848
575890
575903
575977
576011
576033
576082
576108
576180
576205
576236
576271
576282
576307
576321
576342
576371
576491
576505
576527
576564
576620
576947
576977
577014
577028
577063
577083
577110
577136
577148
577155
577172
577180
577299
577313
577338
577374
577410
577412
577458
577535
577580
577658
577700
577712
577790
577794
577893
578023
578263
578264
578279
578282
578441
578464
578510
578516
578604
578612
578649
578807
578850
579086
579093
579115
579170
579226
579265
579309
579327
579336
579359
579371
579414
579473
579493
579540
579564
579590
579611
579664
579716
579733
579740
579764
579777
579795
579823
579861
579877
579969
579985
580019
580023
580105
580116
580134
580140
580166
580193
580246
580264
580279
580342
580380
580390
580407
580444
580452
580475
580500
580516
580566
580609
580633
580800
580821
580862
580891
580911
580936
580954
581048
581168
581175
581197
581209
581236
581282
581408
581419
581429
581483
581552
581566
581620
581621
581632
581643
581665
581684
581781
581827
581952
581999
582003
582007
582029
582176
582215
582228
582338
582390
582427
582439
582483
582492
582511
582518
582547
582680
582689
582729
582743
582750
582785
582787
582799
582877
582934
582941
582991
583031
583240
583271
583282
583332
583354
583376
583396
583482
583491
583508
583518
583528
583532
583548
583552
583562
583582
583600
583603
583611
583670
583689
583700
583816
583879
583920
583925
583952
583963
584069
584071
584134
584205
584210
584215
584223
584252
584266
584345
584394
584495
584501
584524
584573
584601
584656
584694
584728
584754
584780
584813
584843
584850
584860
584878
584952
584984
585004
585134
585145
585173
585212
585239
585376
585395
585396
585425
585453
585528
585586
585589
585651
585684
585688
585722
585834
585846
585877
585885
585900
585902
585928
585947
586008
586049
586125
586159
586211
586224
586263
586285
586306
586308
586343
586360
586365
586376
586381
586395
586428
586462
586480
586543
586630
586680
586724
586731
586752
586772
586787
586795
586898
586988
587129
587136
587170
587191
587192
587203
587207
587222
587450
587461
587471
587477
587602
587621
587627
587632
587643
587677
587852
587930
587948
587962
587994
588022
588118
588124
588225
588250
588289
588331
588336
588434
588472
588494
588680
588778
588791
588843
588859
588880
589010
589018
589078
589196
589215
589357
589377
589409
589522
589534
589584
589598
589735
589742
589746
589772
589839
589847
589875
589877
589969
589972
590089
590144
590162
590169
590210
590226
590287
590340
590395
590444
590484
590547
590573
590662
590678
590695
590732
590749
590796
590858
590865
590888
590941
590947
591033
591176
591205
591238
591290
591334
591372
591386
591397
591408
591471
591474
591681
591700
591760
591764
591802
591830
591852
591857
591886
591904
592010
592116
592129
592155
592188
592201
592210
592264
592270
592284
592296
592352
592399
592445
592519
592551
592564
592566
592606
592621
592654
592699
592726
592739
592766
592825
592831
592918
592934
593023
593038
593093
593160
593251
593322
593363
593430
593441
593475
593484
593497
593651
593660
593663
593720
593727
593743
593767
593779
593784
593804
593894
593917
593928
593953
594020
594093
594119
594170
594208
594324
594356
594478
594482
594507
594513
594532
594562
594621
594622
594638
594670
594677
594748
594749
594772
594790
594792
594811
594818
594823
594871
594965
595034
595065
595086
595112
595215
595241
595290
595310
595368
595395
595401
595405
595424
595434
595488
595606
595648
595719
595752
595769
595825
595850
595868
595925
596014
596019
596085
596108
596138
596175
596193
596205
596268
596282
596328
596331
596362
596391
596406
596429
596448
596469
596471
596476
596482
596542
596562
596606
596687
596738
596767
596814
596879
596881
596885
596892
596937
597088
597127
597220
597227
597247
597288
597291
597313
597469
597533
597544
597627
597639
597700
597716
597731
597813
597814
597820
597905
597948
597960
598056
598114
598175
598215
598266
598304
598342
598358
598364
598407
598509
598516
598523
598526
598550
598584
598603
598717
598726
598774
598776
598794
598905
598946
598960
598978
598999
599014
599136
599165
599203
599228
599237
599300
599353
599365
599416
599474
599576
599579
599664
599677
599716
599726
599798
599847
599864
599899
599911
599932
599978
600022
600254
600265
600303
600314
600346
600382
600416
600553
600593
600598
600651
600669
600710
600761
600782
600789
600815
600884
600893
600940
601038
601098
601149
601212
601223
601227
601242
601323
601380
601444
601475
601527
601547
601561
601615
601657
601707
601731
601751
601752
601791
601851
601867
601872
601877
601895
601901
601918
601927
601933
601951
601972
602003
602034
602092
602112
602131
602137
602142
602160
602183
602186
602222
602272
602387
602399
602536
602539
602578
602603
602615
602674
602701
602728
602745
602782
602943
602946
602953
602969
603021
603071
603110
603141
603268
603410
603418
603421
603447
603478
603519
603536
603571
603630
603701
603761
603784
603807
603847
603872
603932
604002
604006
604022
604063
604074
604169
604195
604268
604280
604291
604321
604362
604370
604418
604455
604561
604594
604664
604722
604756
604808
604912
604979
604985
605016
605023
605074
605097
605114
605170
605179
605300
605316
605355
605382
605422
605487
605538
605597
605600
605751
605858
605928
605951
605971
605995
606041
606066
606072
606074
606149
606222
606306
606319
606320
606349
606380
606384
606398
606435
606501
606524
606557
606626
606741
606777
606854
606938
606983
607005
607008
607018
607136
607161
607221
607229
607241
607270
607285
607322
607409
607456
607495
607523
607526
607575
607695
607736
607742
607848
607923
608032
608037
608059
608116
608133
608234
608277
608297
608307
608310
608357
608407
608439
608477
608483
608553
608554
608647
608703
608845
608894
608971
609049
609068
609120
609123
609134
609145
609178
609205
609265
609307
609321
609330
609422
609465
609579
609603
609615
609653
609658
609671
609702
609749
609754
609865
609913
609938
609961
609967
609985
609997
609998
610041
610052
610055
610089
610160
610359
610366
610369
610381
610469
610496
610511
610561
610586
610641
610645
610734
610736
610762
610787
610793
610818
610825
610879
610932
610935
610937
610948
610971
611003
611009
611039
611079
611096
611108
611113
611128
611140
611148
611212
611321
611327
611382
611389
611502
611522
611536
611545
611608
611619
611627
611647
611739
611755
611773
611799
611825
611829
611837
611859
611970
611978
612001
612012
612029
612065
612100
612121
612132
612166
612172
612336
612398
612436
612445
612478
612546
612555
612576
612606
612646
612670
612685
612687
612711
612726
612731
612738
612762
612783
612786
612822
612840
612869
612901
612912
612977
612985
613003
613016
613064
613190
613236
613298
613353
613376
613381
613411
613496
613556
613565
613587
613679
613703
613709
613714
613716
613728
613765
613786
613830
613877
613902
613942
613955
614022
614098
614134
614153
614162
614168
614233
614304
614308
614319
614342
614359
614557
614562
614607
614670
614745
614798
614829
614903
614916
614952
614993
615010
615106
615179
615187
615315
615389
615489
615573
615585
615626
615634
615645
615689
615697
615728
615755
615771
615802
615811
615815
615827
615842
615846
615849
615858
615933
615943
615965
615983
616017
616020
616043
616090
616110
616125
616130
616162
616174
616231
616305
616360
616433
616490
616502
616558
616604
616741
616801
616827
616976
616980
617088
617124
617141
617151
617187
617190
617220
617280
617345
617368
617448
617475
617518
617552
617573
617610
617636
617647
617687
617747
617767
618004
618019
618023
618041
618075
618093
618104
618133
618172
618274
618278
618285
618312
618315
618366
618420
618459
618507
618513
618558
618563
618594
618612
618644
618663
618673
618682
618691
618709
618714
618808
618846
618903
618930
618952
618955
619049
619083
619102
619191
619223
619229
619239
619280
619442
619562
619683
619714
619738
619744
619839
619854
619860
619873
619932
619954
619982
620055
620209
620230
620245
620329
620462
620476
620480
620484
620527
620544
620548
620592
620599
620602
620604
620760
620952
620970
621040
621072
621162
621171
621201
621301
621316
621341
621346
621436
621468
621489
621522
621579
621602
621621
621627
621686
621788
621847
621901
621985
622012
622062
622070
622100
622125
622126
622276
622373
622380
622443
622447
622487
622559
622572
622597
622598
622606
622635
622652
622661
622737
622824
622832
622852
622873
622900
622981
623005
623014
623039
623050
623074
623178
623185
623197
623239
623303
623319
623329
623377
623397
623540
623612
623622
623648
623674
623697
623703
623738
623765
623783
623835
623862
623917
623982
624041
624063
624088
624145
624154
624158
624171
624177
624182
624304
624470
624500
624504
624695
624719
624725
624727
624733
624805
624808
624829
624832
624891
624923
624942
625035
625047
625110
625184
625216
625227
625307
625333
625362
625365
625374
625389
625393
625478
625480
625581
625621
625640
625644
625654
625656
625680
625701
625763
625813
625908
625997
626048
626088
626165
626382
626447
626583
626595
626670
626734
626852
626878
626911
626928
627034
627041
627042
627069
627118
627191
627236
627274
627279
627283
627321
627343
627369
627395
627588
627609
627622
627628
627650
627710
627720
627730
627743
627780
627786
627790
627795
627827
627862
627894
627959
628053
628112
628124
628198
628206
628290
628296
628299
628301
628311
628317
628336
628356
628379
628388
628451
628472
628509
628523
628532
628577
628656
628668
628676
628727
628777
628782
628786
628828
628881
628915
628917
628936
628972
628988
629026
629080
629084
629090
629100
629102
629111
629136
629142
629178
629242
629272
629315
629343
629392
629402
629438
629454
629462
629507
629567
629593
629667
629694
629889
629933
629967
630040
630058
630101
630181
630194
630253
630435
630512
630582
630698
630725
630733
630739
630751
630780
630855
630867
630871
630873
630966
631010
631083
631090
631132
631138
631149
631164
631171
631210
631212
631248
631258
631343
631418
631452
631485
631578
631622
631642
631644
631676
631698
631733
631745
631794
631797
631888
631897
631922
631974
631977
631989
632051
632126
632128
632150
632155
632236
632328
632351
632374
632448
632471
632480
632588
632725
632764
633069
633155
633177
633213
633295
633303
633358
633391
633465
633470
633507
633525
633604
633608
633614
633706
633719
633731
633737
633754
633797
633808
633863
633874
633918
633946
633956
634002
634007
634037
634048
634090
634098
634101
634161
634175
634204
634214
634268
634271
634277
634307
634378
634490
634536
634546
634557
634603
634620
634653
634714
634768
634840
634886
634895
635150
635155
635173
635237
635338
635383
635386
635431
635596
635599
635618
635690
635732
635739
635743
635750
635846
635905
635965
636023
636025
636056
636059
636106
636145
636159
636179
636368
636484
636529
636613
636635
636640
636738
636740
636761
636807
636903
636925
636952
636966
637014
637077
637122
637125
637169
637172
637302
637304
637327
637358
637370
637464
637474
637483
637509
637525
637543
637568
637604
637618
637638
637671
637893
637965
638043
638115
638119
638146
638163
638279
638296
638382
638398
638425
638450
638480
638513
638527
638546
638577
638621
638814
638879
638884
638892
638896
638913
638962
638997
639056
639110
639206
639288
639308
639313
639321
639448
639487
639501
639508
639547
639621
639684
639694
639706
639714
639716
639723
639727
639758
639778
639871
639881
639911
639923
639931
639956
639974
639995
640067
640078
640129
640134
640196
640216
640245
640354
640407
640442
640460
640580
640644
640682
640712
640760
640770
640855
640915
641018
641039
641050
641057
641070
641080
641084
641154
641163
641219
641265
641336
641346
641393
641413
641435
641505
641536
641565
641572
641593
641703
641803
641843
641870
641880
641893
641909
641920
641941
641956
641966
642082
642088
642097
642120
642126
642129
642136
642212
642378
642397
642441
642448
642519
642585
642640
642732
642789
642822
642827
642894
642897
642915
643152
643153
643197
643298
643365
643388
643405
643466
643473
643513
643524
643570
643592
643609
643629
643637
643643
643672
643767
643805
643819
643848
643909
643917
643966
643972
643981
644072
644089
644096
644098
644110
644152
644174
644195
644204
644209
644214
644235
644306
644374
644433
644522
644572
644613
644624
644675
644681
644789
644813
644825
644891
644916
644925
644960
645008
645020
645107
645109
645150
645183
645189
645200
645204
645267
645268
645274
645280
645363
645374
645390
645434
645486
645590
645605
645621
645637
645652
645722
645776
645846
645849
645915
645931
645939
646104
646145
646159
646187
646223
646229
646254
646267
646319
646414
646573
646621
646674
646683
646699
646749
646814
646850
646899
647014
647061
647219
647248
647286
647288
647473
647553
647573
647638
647642
647660
647691
647698
647710
647846
647886
647889
647921
647928
647943
647987
648027
648036
648207
648209
648217
648319
648353
648425
648466
648478
648560
648588
648631
648638
648713
648832
648898
648941
648958
648974
648986
649002
649012
649071
649125
649138
649150
649172
649220
649280
649387
649438
649455
649540
649542
649605
649711
649753
649776
649832
649847
649923
650002
650014
650059
650121
650144
650165
650202
650258
650312
650395
650474
650532
650616
650621
650640
650664
650669
650673
650687
650740
650746
650841
650885
650943
651056
651114
651121
651167
651173
651261
651317
651361
651386
651388
651419
651489
651556
651594
651610
651651
651655
651738
651742
651772
651777
651792
651814
651837
651846
651873
651893
651956
651972
652050
652070
652092
652118
652123
652145
652186
652189
652369
652389
652399
652406
652464
652467
652488
652571
652580
652711
652797
652828
652835
652843
652898
652927
652933
652994
653002
653028
653098
653105
653118
653153
653191
653270
653304
653326
653343
653350
653354
653388
653457
653465
653475
653488
653503
653510
653573
653582
653609
653653
653665
653679
653705
653711
653780
653792
653859
653941
653946
654009
654019
654025
654036
654043
654086
654101
654108
654122
654147
654159
654194
654212
654214
654220
654281
654320
654370
654393
654416
654524
654547
654632
654651
654668
654692
654701
654739
654747
654761
654770
654781
654797
654847
654848
654855
654891
654898
654920
654927
654957
654964
654981
655076
655084
655103
655122
655168
655201
655210
655228
655269
655288
655303
655404
655421
655427
655463
655543
655646
655647
655700
655736
655766
655771
655796
655882
655920
655994
656044
656060
656072
656098
656186
656273
656303
656331
656338
656365
656392
656451
656605
656614
656627
656640
656672
656707
656719
656733
656784
656798
656864
656986
656988
657025
657058
657067
657077
657099
657137
657144
657155
657180
657185
657258
657315
657317
657324
657339
657359
657387
657426
657432
657452
657516
657601
657611
657677
657731
657764
657919
657926
657975
657986
658051
658148
658151
658233
658242
658244
658318
658343
658365
658398
658455
658513
658545
658568
658578
658582
658626
658640
658737
658838
658860
658880
658967
659036
659047
659070
659085
659103
659221
659265
659274
659352
659429
659440
659484
659490
659530
659552
659598
659609
659613
659645
659666
659667
659683
659734
659765
659839
659892
659912
659916
659938
659964
660252
660299
660370
660415
660524
660530
660554
660571
660595
660614
660629
660644
660656
660684
660701
660724
660817
660841
660859
660872
660946
661000
661081
661108
661122
661140
661153
661175
661221
661271
661305
661355
661398
661419
661457
661515
661519
661550
661559
661593
661674
661698
661736
661807
661826
661829
661892
661923
661961
661967
662053
662068
662167
662192
662218
662254
662255
662294
662313
662347
662359
662488
662523
662638
662640
662671
662683
662701
662820
662830
662856
662900
662912
662923
662977
663051
663076
663086
663107
663192
663207
663217
663218
663227
663264
663270
663397
663426
663466
663472
663501
663526
663621
663624
663651
663663
663753
663810
663826
663871
663917
663920
663984
664023
664130
664140
664172
664187
664313
664379
664396
664534
664535
664561
664596
664744
664777
664869
664930
664932
665023
665034
665066
665073
665086
665135
665148
665162
665166
665183
665284
665317
665396
665429
665464
665473
665536
665674
665718
665761
665809
665944
665983
666013
666017
666058
666126
666132
666156
666162
666165
666257
666268
666374
666378
666390
666406
666426
666459
666611
666654
666675
666711
666741
666758
666782
666860
666891
666941
666956
666984
667022
667032
667158
667189
667203
667235
667282
667422
667493
667503
667508
667557
667598
667648
667651
667747
667792
667838
667889
667931
667998
668043
668073
668083
668154
668177
668179
668244
668294
668301
668317
668338
668361
668386
668391
668431
668463
668467
668604
668626
668629
668668
668670
668683
668722
668740
668764
668765
668788
668828
668892
668913
668967
668981
669029
669308
669317
669355
669493
669533
669535
669550
669558
669587
669648
669650
669656
669659
669686
669722
669736
669786
669813
669848
669934
669964
670053
670147
670184
670201
670205
670215
670262
670377
670435
670542
670559
670560
670575
670597
670608
670854
670886
670902
670914
670934
670974
671013
671017
671035
671096
671195
671241
671267
671271
671277
671294
671316
671332
671345
671377
671389
671455
671544
671562
671580
671613
671684
671694
671700
671707
671715
671775
671799
671801
671857
671862
671940
672034
672041
672174
672187
672202
672220
672249
672258
672352
672423
672460
672554
672619
672623
672626
672631
672752
672857
672886
672901
672952
672960
673004
673015
673028
673033
673044
673105
673212
673255
673270
673305
673314
673333
673356
673445
673477
673557
673568
673572
673580
673646
673688
673711
673734
673739
673751
673807
673830
673966
673982
674015
674122
674133
674157
674212
674286
674402
674463
674484
674516
674528
674531
674563
674588
674616
674674
674696
674725
674736
674750
674766
674790
674823
674833
674904
674976
675034
675072
675121
675145
675167
675333
675361
675496
675524
675526
675578
675590
675603
675617
675631
675665
675672
675675
675710
675722
675787
675832
675850
675876
675999
676081
676091
676120
676143
676173
676216
676219
676232
676236
676289
676367
676420
676446
676515
676530
676599
676677
676722
676732
676752
676803
676812
676841
676858
676957
677081
677083
677192
677202
677204
677213
677243
677283
677301
677307
677337
677360
677363
677380
677393
677478
677482
677506
677519
677533
677599
677611
677720
677740
677814
677840
677844
677865
677875
677894
677937
677985
678124
678145
678185
678197
678218
678230
678255
678287
678294
678299
678372
678400
678501
678583
678586
678607
678640
678661
678692
678715
678812
678822
678971
679058
679066
679079
679084
679199
679237
679282
679307
679338
679371
679435
679609
679660
679844
679875
679892
679908
679922
680046
680064
680096
680191
680198
680223
680228
680249
680296
680386
680437
680487
680495
680534
680544
680561
680567
680586
680599
680624
680626
680652
680748
680764
680843
680874
680879
680882
680887
680923
680957
681032
681047
681080
681119
681178
681208
681300
681318
681434
681507
681513
681567
681593
681642
681702
681724
681733
681770
681783
681817
681843
681855
681908
681922
682030
682040
682067
682156
682186
682201
682261
682374
682397
682401
682485
682531
682549
682711
682741
682791
682806
683080
683086
683104
683200
683214
683279
683305
683330
683344
683355
683410
683423
683434
683560
683613
683624
683642
683673
683699
683701
683730
683754
683795
683806
683817
683842
683887
683900
683909
683928
683988
683993
684013
684061
684070
684130
684136
684161
684260
684287
684357
684382
684433
684449
684505
684603
684738
684804
684814
684830
684835
684860
684879
685007
685019
685052
685062
685077
685157
685403
685439
685441
685477
685553
685562
685576
685610
685668
685676
685744
685766
685832
685834
685865
685902
685950
685962
686012
686067
686127
686186
686203
686217
686223
686227
686271
686335
686339
686402
686418
686433
686442
686486
686510
686518
686536
686612
686636
686643
686663
686691
686721
686735
686748
686767
686789
686793
686805
686851
686961
686962
687020
687025
687029
687048
687070
687077
687114
687149
687153
687163
687209
687245
687328
687335
687349
687516
687562
687584
687613
687661
687684
687731
687797
687828
687976
688098
688217
688263
688298
688307
688377
688385
688391
688623
688724
688761
688780
688873
688901
688909
688925
688946
689024
689062
689082
689192
689238
689243
689263
689306
689310
689315
689352
689390
689415
689416
689462
689551
689561
689580
689635
689658
689689
689745
689783
689814
689836
689876
689894
689943
689950
689986
690005
690079
690113
690159
690245
690259
690320
690509
690578
690592
690603
690735
690757
690816
690934
690953
690981
691029
691039
691045
691047
691077
691086
691087
691140
691150
691242
691279
691315
691335
691425
691529
691536
691552
691585
691616
691691
691722
691806
691862
691918
691921
691925
691972
692044
692080
692094
692117
692184
692265
692333
692378
692381
692390
692411
692432
692448
692467
692481
692482
692558
692596
692608
692666
692692
692701
692725
692763
692801
692846
692932
693022
693158
693205
693251
693320
693406
693414
693419
693437
693471
693488
693558
693640
693665
693827
693845
693856
693939
694128
694199
694202
694288
694300
694305
694353
694490
694570
694627
694661
694679
694733
694823
694901
694907
694951
695009
695162
695204
695218
695245
695254
695267
695292
695340
695351
695371
695376
695393
695398
695478
695526
695538
695552
695557
695560
695565
695572
695670
695704
695735
695761
695775
695886
695903
695948
696032
696044
696081
696110
696198
696224
696274
696315
696319
696381
696417
696511
696537
696642
696669
696681
696744
696771
696777
696852
696854
696862
697009
697043
697093
697155
697192
697299
697351
697394
697449
697474
697481
697598
697640
697667
697679
697684
697721
697748
697907
697938
697942
697957
697962
697983
698059
698065
698072
698081
698095
698166
698185
698233
698242
698263
698290
698348
698372
698404
698455
698470
698531
698551
698559
698561
698683
698701
698789
698808
698824
698841
698845
698918
699009
699048
699055
699074
699081
699142
699158
699162
699213
699261
699295
699316
699323
699349
699395
699405
699452
699478
699502
699617
699712
699720
699743
699763
699768
699770
699827
699835
699894
699938
699948
699958
699982
700098
700111
700153
700175
700233
700259
700309
700366
700411
700418
700447
700498
700584
700585
700629
700699
700791
700803
700842
700846
700865
700914
700916
700926
700945
700985
700994
701094
701113
701148
701215
701225
701262
701272
701282
701364
701406
701447
701518
701543
701547
701586
701593
701629
701662
701687
701692
701729
701749
701824
701839
701892
701900
701924
701939
701954
702039
702157
702168
702179
702253
702268
702278
702325
702349
702363
702466
702498
702537
702572
702679
702694
702756
702796
702856
702884
702908
702922
702925
702927
702942
702976
703102
703188
703241
703252
703255
703288
703318
703330
703413
703494
703507
703510
703515
703578
703622
703644
703651
703667
703673
703691
703702
703729
703852
703935
703980
704081
704164
704201
704263
704275
704283
704294
704330
704467
704471
704507
704532
704553
704631
704675
704695
704730
704744
704878
704901
704942
704960
704994
705069
705109
705121
705131
705133
705232
705244
705251
705270
705301
705310
705318
705367
705423
705546
705587
705600
705630
705698
705718
705821
705891
705929
705965
705971
706038
706088
706102
706106
706151
706274
706302
706309
706391
706418
706445
706482
706545
706685
706703
706730
706738
706744
706807
706891
706897
706900
706924
706985
707008
707022
707028
707090
707130
707141
707255
707293
707312
707322
707393
707407
707472
707549
707570
707740
707748
707819
707826
707870
708014
708040
708058
708081
708144
708191
708199
708231
708240
708276
708281
708418
708444
708465
708570
708591
708667
708702
708869
708924
708938
708949
709018
709091
709138
709325
709331
709369
709388
709459
709474
709479
709543
709561
709604
709608
709618
709631
709675
709676
709830
709928
709931
709959
709966
709990
709994
710023
710102
710114
710144
710158
710168
710170
710175
710205
710210
710258
710281
710352
710407
710462
710468
710522
710589
710615
710631
710676
710782
710921
710958
710991
710996
711007
711071
711169
711257
711266
711282
711294
711308
711360
711378
711380
711390
711412
711429
711474
711486
711497
711522
711546
711554
711598
711608
711620
711671
711749
711772
711775
711795
711805
711845
711904
711972
711986
711995
712014
712091
712121
712209
712215
712242
712273
712296
712339
712347
712358
712368
712424
712684
712701
712782
712796
712928
712930
712994
713008
713151
713173
713178
713270
713352
713360
713396
713432
713489
713504
713549
713586
713606
713625
713633
713692
713804
713877
713922
713932
713969
714075
714086
714087
714182
714185
714188
714208
714211
714263
714301
714317
714319
714347
714390
714525
714575
714595
714647
714710
714776
714794
714923
714949
715016
715045
715074
715192
715222
715256
715269
715302
715312
715317
715320
715371
715417
715484
715499
715525
715578
715612
715716
715720
715728
715732
715738
715746
715832
715841
715868
715885
716089
716091
716130
716147
716157
716283
716289
716299
716361
716428
716521
716558
716638
716650
716722
716736
716810
716812
716825
716847
716883
716886
716905
716911
716927
716930
716936
716957
716973
716978
717062
717070
717079
717108
717116
717199
717224
717274
717301
717359
717409
717444
717455
717611
717682
717698
717705
717719
717723
717760
717836
717954
717969
717994
718096
718104
718119
718148
718260
718332
718361
718399
718414
718417
718443
718510
718543
718581
718597
718657
718681
718834
718934
718936
718950
718956
718976
719024
719032
719241
719427
719454
719483
719490
719609
719683
719692
719725
719733
719767
719801
719850
719868
719922
719970
720028
720084
720117
720133
720145
720151
720204
720215
720301
720339
720354
720393
720396
720416
720468
720479
720549
720619
720677
720684
720691
720727
720748
720778
720814
720871
720878
720946
720954
720979
721003
721014
721056
721089
721105
721113
721198
721225
721282
721302
721354
721378
721398
721418
721421
721451
721516
721574
721585
721595
721637
721644
721652
721678
721754
721790
721803
721823
721833
721838
721851
721975
721990
722011
722013
722041
722051
722103
722232
722261
722273
722281
722385
722447
722485
722487
722501
722552
722617
722652
722689
722693
722858
722880
722910
722916
722917
722955
722976
723024
723047
723103
723109
723202
723226
723246
723308
723454
723459
723472
723477
723501
723590
723607
723614
723636
723644
723666
723744
723777
723794
723819
723871
723918
723988
724093
724116
724147
724174
724185
724196
724201
724249
724391
724415
724454
724464
724543
724613
724640
724673
724742
724763
724787
724845
724916
724969
725034
725037
725079
725108
725128
725142
725149
725161
725191
725192
725423
725472
725485
725529
725530
725619
725653
725674
725693
725707
725766
725781
725831
726061
726064
726084
726110
726126
726137
726162
726224
726240
726257
726332
726367
726507
726531
726573
726666
726704
726741
726816
726849
726868
726883
726921
726978
727107
727143
727236
727256
727301
727329
727338
727376
727393
727398
727402
727429
727434
727448
727455
727464
727476
727529
727533
727560
727587
727681
727732
727753
727790
727816
727893
727913
727952
727961
727996
728078
728086
728109
728149
728175
728243
728246
728262
728268
728358
728449
728467
728511
728562
728592
728596
728613
728691
728718
728737
728806
728816
728862
728872
728891
728893
728956
728959
728974
728980
729091
729164
729270
729405
729433
729441
729473
729484
729510
729531
729572
729573
729591
729600
729633
729637
729675
729690
729777
729915
729987
730030
730077
730169
730192
730196
730321
730396
730439
730485
730509
730510
730626
730791
730805
730890
730938
730977
730990
730999
731032
731071
731095
731143
731174
731208
731213
731221
731237
731266
731329
731347
731356
731387
731408
731517
731566
731590
731642
731648
731674
731689
731697
731803
731807
731823
731839
731852
731888
731896
731907
731986
732018
732096
732154
732189
732192
732208
732217
732241
732270
732310
732348
732422
732429
732447
732460
732482
732487
732581
732617
732624
732640
732671
732705
732723
732741
732765
732772
732780
732792
732794
732834
732857
732868
732919
732974
733014
733049
733073
733149
733207
733215
733217
733233
733235
733243
733257
733279
733341
733346
733380
733383
733406
733508
733547
733562
733584
733614
733637
733657
733664
733674
733697
733721
733782
733823
733828
733833
733875
733923
733959
733969
733973
733997
734024
734079
734096
734127
734135
734149
734174
734232
734292
734325
734374
734403
734425
734502
734537
734550
734556
734561
734630
734646
734673
734698
734701
734704
734707
734770
734813
734830
734932
735070
735090
735192
735358
735390
735399
735414
735421
735438
735452
735483
735488
735499
735532
735553
735575
735596
735609
735639
735681
735712
735738
735783
735900
735931
735951
735997
736006
736036
736060
736062
736144
736170
736206
736292
736362
736368
736372
736424
736433
736443
736458
736461
736490
736508
736511
736597
736630
736664
736740
736758
736759
736796
736806
736897
736970
737004
737011
737028
737048
737057
737068
737113
737125
737140
737186
737214
737256
737299
737326
737348
737383
737388
737392
737434
737467
737498
737503
737535
737621
737666
737686
737707
737720
737758
737874
737938
737940
737973
738052
738065
738167
738170
738196
738268
738317
738325
738349
738408
738440
738473
738494
738594
738703
738709
738766
738771
738783
738817
738852
738868
738924
738963
739135
739166
739193
739206
739223
739240
739249
739323
739349
739437
739456
739461
739569
739711
739723
739772
739795
739818
739831
739886
739900
739910
739956
739993
740008
740024
740120
740133
740155
740193
740213
740265
740339
740423
740439
740456
740473
740520
740543
740560
740573
740621
740650
740700
740706
740708
740839
740846
740861
740871
740873
740942
740989
741001
741010
741070
741172
741217
741222
741232
741239
741314
741323
741331
741366
741394
741422
741436
741501
741532
741537
741561
741576
741581
741637
741651
741666
741712
741883
741886
741924
741941
742038
742045
742058
742178
742271
742281
742296
742356
742407
742445
742460
742489
742542
742543
742580
742606
742665
742678
742721
742772
742780
742809
742812
742868
742889
742893
742924
742967
743119
743136
743167
743333
743377
743441
743481
743483
743641
743727
743740
743868
743947
743976
743983
744061
744171
744176
744241
744263
744277
744318
744330
744347
744447
744484
744497
744560
744620
744673
744682
744739
744748
744761
744790
744800
744946
744958
744969
744979
744993
745046
745115
745131
745151
745163
745183
745381
745463
745494
745511
745525
745548
745580
745591
745645
745650
745691
745761
745764
745810
745820
745839
745884
745929
745931
745986
746030
746123
746196
746220
746285
746339
746424
746448
746491
746601
746637
746649
746668
746714
746743
746769
746780
747027
747039
747047
747174
747195
747224
747251
747324
747341
747385
747394
747436
747488
747493
747563
747602
747624
747659
747681
747871
747881
747903
747924
747944
747957
747978
747981
748006
748047
748081
748102
748126
748138
748141
748237
748303
748344
748360
748391
748421
748474
748490
748549
748556
748594
748631
748636
748637
748882
748894
749024
749073
749076
749080
749137
749212
749234
749242
749256
749310
749345
749375
749395
749414
749464
749516
749594
749610
749617
749636
749643
749835
749872
749960
749971
750035
750043
750082
750170
750177
750184
750186
750228
750331
750340
750416
750527
750724
750779
750838
750846
750882
750907
750956
751005
751023
751088
751102
751129
751132
751153
751197
751278
751295
751304
751439
751610
751631
751740
751784
751790
751792
751823
751862
751884
751927
751965
751995
752025
752068
752107
752146
752190
752221
752234
752286
752300
752308
752328
752387
752409
752426
752539
752571
752593
752687
752727
752820
752862
752879
752896
752942
752998
753008
753063
753096
753120
753138
753146
753154
753240
753262
753283
753298
753317
753468
753530
753555
753563
753589
753597
753602
753724
753737
753811
753840
753844
754004
754174
754177
754216
754262
754305
754339
754347
754445
754466
754488
754490
754558
754588
754620
754626
754675
754705
754724
754734
754792
754809
754855
754969
754983
755004
755119
755174
755195
755202
755232
755248
755293
755319
755321
755323
755333
755358
755379
755382
755418
755442
755511
755585
755594
755668
755739
755752
755769
755808
755868
755929
755952
755988
756149
756180
756219
756269
756303
756324
756331
756395
756424
756447
756455
756463
756496
756517
756572
756634
756717
756728
756732
756743
756788
756796
756823
756850
756884
756919
757029
757033
757054
757066
757112
757175
757193
757221
757224
757290
757345
757346
757448
757466
757508
757518
757584
757618
757634
757644
757646
757671
757714
757720
757876
757890
758027
758087
758110
758120
758136
758229
758296
758305
758306
758347
758355
758434
758503
758534
758549
758615
758658
758674
758722
758773
758791
758814
758836
758845
758888
758912
758927
758938
759011
759082
759137
759146
759156
759219
759227
759247
759328
759332
759341
759389
759390
759391
759447
759449
759524
759544
759567
759585
759610
759633
759648
759842
759907
759920
759924
759933
760024
760095
760192
760202
760207
760237
760274
760299
760302
760318
760328
760351
760361
760373
760413
760431
760453
760456
760474
760501
760515
760529
760564
760591
760735
760791
760947
760950
760952
761002
761156
761203
761303
761339
761359
761384
761395
761396
761449
761459
761469
761473
761490
761510
761549
761618
761674
761683
761780
761783
761866
761885
761951
761989
762011
762029
762059
762090
762093
762284
762308
762377
762394
762396
762408
762485
762508
762569
762584
762633
762694
762719
762781
762804
762853
762982
763017
763117
763170
763187
763202
763235
763259
763307
763337
763470
763494
763542
763579
763587
763598
763599
763604
763655
763685
763700
763735
763753
763763
763765
763827
763916
763934
763957
764065
764078
764084
764138
764254
764270
764358
764378
764389
764414
764442
764453
764458
764557
764578
764607
764673
764712
764718
764723
764729
764799
764875
764887
764938
764943
764967
764986
765042
765058
765084
765225
765249
765303
765307
765314
765329
765361
765402
765414
765451
765462
765469
765483
765488
765524
765540
765759
765762
765832
765861
765910
765942
766003
766053
766087
766093
766178
766191
766204
766247
766345
766367
766394
766399
766412
766427
766454
766481
766486
766500
766510
766536
766540
766550
766554
766598
766604
766663
766738
766804
766865
766881
766911
766970
766976
767049
767135
767167
767198
767209
767259
767267
767268
767277
767311
767333
767408
767642
767662
767769
767784
767813
767864
768030
768047
768092
768096
768118
768134
768182
768252
768277
768314
768326
768395
768465
768478
768488
768491
768494
768545
768562
768572
768591
768647
768899
768916
768932
768937
768971
768975
768981
769036
769096
769117
769120
769130
769193
769210
769214
769231
769308
769317
769384
769389
769419
769453
769480
769526
769613
769657
769675
769678
769747
769765
769821
769838
769884
769899
769928
769978
770015
770070
770097
770099
770144
770299
770365
770391
770405
770512
770541
770557
770568
770588
770594
770621
770628
770642
770697
770721
770876
771012
771027
771112
771114
771144
771178
771184
771216
771217
771248
771265
771319
771370
771431
771449
771454
771506
771522
771563
771591
771620
771622
771708
771757
771871
771879
771901
771921
771964
771986
771995
772011
772015
772024
772121
772136
772217
772226
772271
772291
772309
772310
772512
772561
772602
772617
772650
772658
772664
772671
772715
772762
772764
772785
772813
772816
772847
772875
772914
772925
772933
773025
773036
773061
773103
773181
773231
773320
773398
773415
773450
773456
773464
773511
773543
773558
773581
773584
773601
773606
773632
773637
773671
773696
773702
773728
773763
773798
773895
773937
774019
774051
774101
774147
774186
774202
774235
774241
774256
774266
774341
774364
774435
774448
774450
774566
774624
774662
774664
774738
774744
774764
774784
774821
774831
774928
774934
774951
774977
774992
775066
775086
775114
775158
775198
775225
775274
775295
775370
775385
775397
775435
775470
775483
775546
775654
775767
775863
775905
775908
775958
775988
776032
776054
776086
776106
776115
776126
776165
776192
776296
776303
776307
776317
776333
776339
776394
776455
776463
776469
776485
776498
776704
776711
776752
776801
776846
776939
776962
777056
777081
777115
777172
777240
777269
777308
777388
777404
777454
777493
777524
777543
777598
777637
777779
777783
777820
777907
777934
777954
777966
777971
777984
778025
778086
778131
778184
778235
778282
778334
778342
778378
778389
778401
778430
778433
778465
778496
778593
778618
778637
778835
778842
778865
778886
778970
778979
778995
779023
779117
779148
779204
779240
779266
779288
779297
779323
779327
779344
779393
779430
779433
779456
779477
779499
779529
779567
779640
779655
779690
779805
779840
779842
779845
779888
779961
780003
780040
780046
780121
780138
780154
780191
780217
780254
780271
780296
780330
780340
780357
780363
780400
780446
780461
780488
780524
780528
780560
780583
780590
780711
780724
780782
780824
780914
780940
781003
781016
781041
781060
781086
781206
781244
781261
781283
781324
781380
781397
781415
781472
781490
781499
781660
781668
781722
781737
781750
781807
781812
781922
781947
781952
781960
781969
781976
781982
782017
782025
782029
782063
782072
782084
782100
782113
782257
782288
782323
782366
782367
782439
782479
782512
782592
782619
782684
782691
782698
782726
782738
782795
782946
782962
782973
782983
782990
783015
783035
783049
783105
783110
783194
783211
783230
783256
783261
783300
783351
783428
783466
783676
783680
783702
783716
783856
783893
783906
783938
783945
783970
783976
784033
784035
784101
784115
784121
784159
784222
784237
784298
784313
784347
784356
784358
784436
784500
784567
784580
784594
784612
784622
784640
784676
784754
784758
784785
784807
784826
784935
784971
785010
785021
785041
785077
785110
785113
785124
785139
785150
785161
785173
785220
785238
785239
785261
785278
785326
785405
785414
785484
785489
785526
785544
785555
785593
785609
785614
785638
785674
785758
785835
785855
785869
785918
785937
785976
785981
786002
786020
786062
786106
786110
786115
786143
786177
786227
786281
786344
786345
786370
786427
786476
786504
786605
786670
786748
786785
786820
786821
786881
786921
786934
786956
786975
786983
786993
787010
787013
787017
787139
787168
787171
787209
787221
787252
787277
787294
787302
787363
787444
787467
787474
787540
787542
787693
787714
787753
787761
787794
787907
787909
787921
787946
787950
787985
788009
788082
788199
788246
788260
788296
788320
788453
788476
788478
788580
788703
788738
788788
788833
788837
788917
788929
788948
788987
789064
789068
789072
789082
789095
789133
789150
789253
789410
789422
789430
789558
789646
789720
789759
789818
789871
789903
789946
789949
789952
790016
790020
790029
790036
790058
790134
790142
790150
790155
790234
790248
790255
790262
790286
790313
790379
790386
790399
790434
790481
790484
790514
790616
790626
790726
790741
790798
790829
790863
790869
790896
790920
790936
790940
791079
791116
791232
791257
791289
791314
791401
791459
791522
791531
791556
791604
791682
791686
791692
791793
791801
791827
791878
791886
791928
791999
792021
792033
792103
792107
792123
792129
792161
792172
792214
792245
792258
792279
792285
792300
792311
792314
792426
792457
792492
792493
792499
792516
792524
792541
792562
792584
792601
792659
792674
792738
792792
792807
792931
793004
793027
793117
793127
793146
793256
793361
793407
793416
793441
793527
793587
793613
793705
793806
793856
794006
794096
794114
794121
794137
794188
794193
794203
794317
794349
794356
794361
794417
794511
794539
794550
794703
794721
794738
794788
794908
794938
794972
795014
795017
795057
795143
795146
795155
795181
795195
795217
795229
795233
795271
795273
795306
795367
795388
795402
795438
795468
795472
795505
795584
795604
795690
795697
795709
795757
795771
795788
795801
795833
795861
795886
795907
795945
795980
795992
796039
796090
796123
796197
796205
796223
796251
796269
796298
796329
796361
796402
796406
796502
796506
796527
796546
796605
796615
796687
796725
796731
796781
796792
796797
796799
796822
796879
796942
796962
796987
797000
797052
797070
797093
797160
797280
797311
797343
797345
797362
797511
797520
797660
797664
797726
797737
797771
797787
797814
797842
797859
797905
797940
797991
798072
798092
798131
798159
798253
798269
798295
798348
798392
798415
798486
798602
798657
798695
798710
798725
798732
798746
798782
798787
798795
798835
798914
798966
798999
799040
799108
799125
799130
799149
799179
799219
799229
799240
799259
799275
799336
799359
799363
799369
799432
799452
799534
799588
799668
799672
799680
799722
799735
799770
799804
799894
799905
799936
799949
799978
799994
799999
800009
800025
800043
800139
800144
800196
800199
800223
800260
800272
800277
800294
800390
800399
800415
800434
800508
800535
800541
800546
800590
800684
800728
800731
800748
800772
800797
800833
800932
800977
800981
801043
801048
801117
801187
801195
801308
801347
801359
801484
801520
801529
801537
801560
801634
801673
801687
801706
801758
801767
801836
801871
801919
801923
801927
801941
801961
802008
802019
802085
802108
802119
802130
802204
802212
802217
802243
802276
802344
802355
802370
802372
802402
802423
802463
802606
802613
802627
802656
802660
802677
802752
802785
802795
802807
802818
802851
802886
802911
802942
802961
802972
802973
803003
803037
803045
803075
803086
803125
803134
803218
803228
803253
803267
803295
803318
803329
803387
803390
803421
803431
803460
803504
803509
803519
803522
803548
803570
803580
803582
803637
803646
803657
803738
803769
803826
803831
803835
803840
803854
803884
803929
803971
804078
804097
804105
804140
804152
804168
804198
804235
804242
804245
804250
804266
804269
804306
804343
804442
804445
804510
804579
804610
804621
804638
804662
804663
804667
804716
804773
804776
804800
804817
804828
804846
804870
804887
805012
805046
805050
805060
805095
805099
805122
805238
805239
805299
805305
805309
805349
805420
805426
805441
805447
805465
805541
805555
805602
805616
805619
805648
805668
805706
805709
805752
805770
805783
805794
805806
805913
805954
805985
806049
806069
806090
806123
806182
806241
806266
806270
806289
806333
806380
806409
806414
806433
806458
806463
806491
806498
806548
806570
806607
806623
806646
806661
806668
806681
806712
806780
806851
806865
806873
806877
806912
806942
806992
807004
807008
807014
807079
807081
807107
807122
807139
807217
807238
807260
807278
807352
807368
807427
807447
807498
807529
807541
807578
807635
807667
807673
807676
807821
807880
807928
807940
808111
808135
808148
808186
808219
808310
808336
808412
808450
808483
808530
808561
808567
808588
808627
808642
808752
808758
808768
808845
808866
808982
809003
809047
809089
809161
809182
809192
809208
809312
809322
809455
809462
809506
809527
809533
809570
809571
809675
809707
809781
809796
809827
809878
809930
809972
809986
810046
810051
810083
810143
810154
810171
810173
810250
810311
810426
810501
810538
810588
810640
810651
810777
810803
810817
810875
810916
810936
810948
810954
810963
810968
810978
810992
811070
811073
811080
811110
811146
811209
811231
811261
811283
811309
811473
811476
811545
811548
811582
811598
811610
811615
811629
811637
811675
811775
811841
811843
811927
811931
811966
811998
812009
812068
812083
812179
812184
812235
812295
812303
812313
812339
812352
812354
812376
812447
812611
812614
812625
812633
812750
812861
812878
812920
812922
812933
812940
812968
813212
813438
813489
813490
813526
813548
813649
813652
813771
813775
813776
813945
813951
813964
814024
814062
814086
814136
814163
814313
814341
814344
814355
814379
814470
814535
814606
814737
814753
814801
814855
814857
814921
814938
814952
814986
815021
815026
815064
815068
815084
815129
815136
815164
815208
815210
815231
815267
815273
815292
815333
815382
815394
815421
815460
815481
815510
815520
815548
815576
815580
815595
815626
815640
815646
815673
815716
815742
815883
815927
815941
815946
816012
816025
816081
816129
816176
816210
816219
816223
816230
816255
816268
816323
816364
816391
816401
816450
816476
816530
816609
816614
816649
816705
816807
816890
816893
816933
816966
817115
817134
817151
817153
817163
817296
817315
817338
817353
817391
817435
817448
817455
817466
817469
817513
817531
817546
817554
817628
817747
817814
817867
817932
818012
818130
818141
818205
818222
818306
818337
818343
818371
818374
818409
818520
818589
818654
818658
818726
818733
818757
818836
818850
818877
818913
818945
818984
819038
819055
819235
819317
819361
819397
819433
819457
819481
819529
819575
819582
819601
819617
819645
819661
819667
819713
819714
819725
819744
819760
819765
819816
819895
819933
819936
820012
820024
820029
820071
820083
820131
820135
820190
820234
820300
820322
820341
820371
820372
820403
820434
820475
820500
820565
820568
820612
820615
820677
820704
820731
820776
820783
820789
820827
820845
820866
820883
820965
821093
821170
821220
821233
821236
821240
821246
821254
821305
821311
821316
821340
821359
821439
821499
821513
821548
821627
821632
821644
821676
821788
821807
821828
821833
821868
821881
821903
821908
821933
821948
821985
822027
822070
822080
822082
822097
822118
822134
822150
822154
822180
822271
822339
822371
822414
822450
822488
822530
822608
822621
822657
822664
822703
822711
822740
822786
822829
822855
822898
822901
822921
822941
822952
822957
822971
823000
823024
823034
823054
823224
823271
823275
823294
823529
823547
823649
823687
823707
823799
823841
823882
823904
824064
824119
824134
824172
824183
824223
824278
824305
824375
824390
824397
824459
824476
824535
824542
824549
824614
824681
824688
824723
824822
824876
824928
825015
825038
825123
825159
825218
825236
825271
825299
825313
825346
825361
825407
825416
825448
825455
825539
825611
825640
825648
825670
825738
825850
825968
826039
826056
826062
826116
826120
826193
826211
826219
826224
826242
826250
826296
826329
826465
826488
826501
826551
826559
826562
826636
826698
826712
826840
826871
826908
826952
826969
826975
827023
827031
827044
827065
827102
827157
827183
827241
827256
827308
827326
827351
827486
827496
827520
827577
827589
827595
827609
827660
827686
827897
827946
827963
828007
828353
828360
828365
828367
828372
828375
828376
828453
828495
828497
828521
828531
828546
828634
828675
828715
828729
828739
828786
828837
828891
828907
829018
829035
829057
829079
829125
829171
829196
829280
829295
829303
829357
829360
829439
829464
829547
829564
829618
829686
829728
829803
829812
829828
829900
829989
830020
830031
830039
830051
830060
830062
830122
830182
830188
830196
830296
830346
830415
830434
830446
830552
830580
830609
830638
830662
830751
830786
830787
830816
830830
830845
830857
830858
830866
830905
831001
831010
831050
831089
831100
831107
831122
831144
831159
831188
831201
831212
831340
831383
831394
831398
831407
831451
831458
831551
831621
831636
831669
831697
831700
831726
831731
831750
831829
831845
831859
831919
831938
831981
832109
832159
832175
832243
832412
832462
832523
832539
832579
832582
832593
832616
832618
832641
832652
832654
832706
832734
832771
832808
832814
832828
832836
832843
832849
832885
832920
832926
832944
832957
832981
833011
833084
833133
833197
833286
833319
833371
833386
833439
833478
833543
833701
833744
833761
833763
833799
833821
833831
833930
833977
834050
834051
834083
834093
834105
834153
834205
834240
834307
834313
834358
834365
834368
834381
834403
834585
834593
834628
834719
834744
834747
834754
834863
834890
835057
835061
835066
835089
835193
835201
835277
835295
835329
835477
835498
835506
835539
835610
835631
835686
835706
835726
835744
835778
835799
835818
835820
835881
835896
835995
836009
836069
836109
836154
836168
836195
836208
836253
836300
836350
836381
836393
836403
836406
836430
836467
836484
836507
836522
836557
836593
836681
836742
836760
836816
836837
836852
836865
836977
837004
837030
837038
837058
837084
837091
837107
837250
837279
837319
837423
837523
837538
837676
837726
837730
837742
837812
837890
837909
837915
837958
837980
838021
838024
838027
838071
838149
838169
838224
838336
838383
838427
838463
838469
838592
838631
838679
838766
838877
838898
838920
838944
838956
839072
839142
839152
839163
839241
839254
839256
839272
839302
839306
839372
839438
839455
839457
839481
839486
839510
839528
839551
839584
839607
839615
839648
839650
839662
839720
839730
839747
839795
839804
839863
839876
839899
839909
839918
839930
839964
839970
840009
840036
840099
840109
840118
840183
840246
840253
840273
840284
840287
840303
840312
840347
840416
840425
840517
840540
840546
840552
840563
840567
840601
840628
840649
840652
840747
840783
840886
840964
841031
841077
841173
841317
841373
841421
841429
841439
841462
841499
841521
841554
841561
841566
841585
841631
841644
841738
841757
841823
841842
841844
841964
842048
842053
842062
842080
842100
842205
842209
842224
842349
842365
842371
842376
842567
842573
842583
842622
842682
842746
842793
842797
842809
842822
842830
842845
842875
842881
842896
842906
842964
843054
843092
843296
843356
843367
843372
843424
843448
843483
843555
843585
843594
843600
843605
843633
843653
843765
843955
844010
844036
844058
844131
844225
844234
844254
844275
844279
844370
844398
844506
844512
844533
844534
844537
844593
844626
844647
844742
844754
844796
844811
844816
844825
844905
844907
844957
845014
845057
845061
845128
845151
845188
845237
845320
845384
845407
845417
845513
845536
845544
845641
845709
845710
845725
845740
845757
845770
845871
845873
845875
845903
845942
846015
846060
846082
846114
846149
846150
846236
846257
846281
846292
846309
846384
846418
846421
846455
846481
846489
846599
846621
846627
846665
846673
846680
846704
846714
846763
846865
846902
846981
847073
847102
847117
847127
847150
847160
847169
847178
847233
847299
847304
847321
847328
847367
847374
847399
847408
847426
847435
847454
847464
847477
847480
847508
847526
847528
847539
847567
847589
847660
847686
847772
847791
847846
847880
847907
847913
848013
848017
848046
848083
848086
848175
848177
848186
848193
848215
848229
848261
848320
848330
848338
848377
848413
848486
848524
848538
848566
848580
848664
848686
848714
848717
848750
848785
848790
848826
848832
848862
848864
848887
848960
848995
849015
849032
849059
849110
849143
849151
849167
849172
849197
849206
849225
849237
849243
849244
849354
849370
849416
849511
849545
849591
849612
849670
849687
849795
849808
849822
849840
849890
849929
849945
849981
849986
850015
850030
850035
850055
850072
850085
850123
850165
850223
850227
850269
850331
850343
850362
850375
850391
850396
850415
850522
850561
850578
850594
850625
850651
850702
850763
850769
850810
850843
850853
850872
850936
850952
850999
851005
851034
851170
851201
851227
851233
851348
851357
851374
851377
851433
851435
851504
851509
851567
851581
851583
851590
851654
851727
851732
851807
851915
851945
851949
851983
852017
852018
852024
852059
852090
852169
852195
852248
852254
852330
852357
852474
852494
852532
852550
852555
852586
852631
852710
852747
852754
852786
852788
852823
852829
852848
852880
853047
853095
853129
853171
853202
853292
853312
853393
853397
853588
853621
853677
853701
853720
853765
853786
853798
853805
853827
853843
853869
853883
854023
854061
854085
854092
854134
854181
854186
854222
854299
854356
854377
854388
854417
854423
854425
854436
854457
854462
854476
854545
854572
854585
854645
854684
854755
854766
854871
854967
854978
854984
854997
855050
855070
855095
855106
855113
855120
855176
855210
855259
855266
855309
855402
855408
855419
855435
855438
855482
855488
855564
855570
855661
855771
855779
855827
855847
855927
855960
855977
855994
856012
856100
856114
856195
856207
856251
856269
856297
856578
856590
856597
856618
856624
856676
856689
856727
856754
856772
856876
856884
856898
856938
856991
857011
857029
857042
857078
857081
857103
857208
857233
857243
857315
857372
857375
857434
857460
857463
857492
857521
857604
857667
857681
857740
857780
857840
857852
857955
857959
857977
858003
858005
858101
858149
858219
858240
858253
858292
858298
858316
858343
858363
858364
858378
858405
858468
858480
858497
858545
858607
858657
858678
858742
858744
858810
858815
858907
858941
858993
859020
859043
859095
859101
859140
859152
859169
859218
859398
859436
859440
859455
859514
859579
859597
859694
859723
859838
859918
859978
859987
859996
860004
860038
860131
860143
860170
860175
860190
860235
860244
860303
860318
860335
860366
860370
860393
860423
860428
860435
860445
860457
860467
860471
860616
860638
860639
860780
860809
860839
860854
860865
860956
860995
861026
861184
861281
861290
861330
861393
861412
861463
861555
861614
861651
861660
861677
861691
861748
861801
861830
861879
861897
861903
862002
862004
862052
862073
862122
862136
862169
862199
862302
862320
862359
862380
862404
862418
862499
862543
862584
862620
862761
862840
862845
862867
862954
863030
863086
863111
863168
863244
863255
863285
863348
863473
863494
863516
863556
863660
863824
863859
863918
863923
863947
863950
864000
864028
864096
864103
864162
864164
864166
864191
864204
864228
864240
864255
864260
864275
864385
864501
864509
864512
864563
864591
864609
864619
864729
864749
864783
864807
864845
864860
864955
864979
865021
865065
865106
865128
865173
865222
865272
865300
865316
865351
865410
865427
865432
865448
865546
865599
865631
865680
865724
865736
865744
865782
865804
865815
865837
865870
865944
865975
866040
866051
866065
866093
866115
866227
866255
866287
866361
866369
866390
866457
866464
866524
866542
866547
866658
866662
866684
866782
866832
867010
867015
867055
867127
867287
867316
867320
867325
867351
867388
867407
867436
867500
867604
867636
867700
867713
867718
867721
867803
867828
867837
867848
867852
867930
867957
867995
868064
868069
868082
868113
868148
868182
868201
868228
868315
868431
868437
868590
868595
868619
868630
868636
868673
868768
868792
868820
868862
868891
868935
868963
868981
868997
869051
869058
869138
869174
869184
869215
869267
869311
869336
869342
869421
869474
869506
869593
869634
869666
869750
869754
869755
869766
869814
869837
869848
869882
869906
869926
869966
869994
870017
870056
870064
870138
870176
870189
870198
870208
870301
870308
870315
870403
870425
870479
870508
870565
870575
870581
870623
870685
870720
870729
870786
870843
870897
870968
871056
871082
871094
871102
871172
871207
871225
871248
871257
871284
871293
871389
871452
871592
871664
871670
871704
871814
871888
871915
871938
871942
872007
872011
872063
872091
872098
872105
872126
872139
872148
872271
872312
872327
872358
872380
872408
872514
872530
872535
872552
872654
872774
872875
872890
872897
872907
872909
872953
872955
872984
872995
873008
873074
873138
873167
873169
873201
873219
873270
873285
873321
873333
873352
873353
873375
873405
873414
873426
873429
873529
873536
873565
873577
873581
873599
873634
873655
873663
873672
873676
873775
873798
873829
874009
874029
874044
874126
874141
874180
874197
874210
874220
874241
874289
874295
874305
874341
874351
874368
874412
874455
874472
874487
874513
874568
874580
874584
874595
874658
874735
874746
874751
874760
874898
874920
874987
874990
875010
875018
875030
875039
875044
875112
875198
875200
875210
875269
875367
875384
875385
875387
875400
875432
875459
875475
875534
875565
875602
875610
875647
875665
875672
875860
875949
876126
876148
876171
876254
876296
876321
876324
876331
876360
876474
876574
876606
876619
876666
876728
876771
876812
876848
876855
876865
876888
876900
877005
877056
877079
877201
877209
877276
877326
877330
877338
877359
877364
877386
877468
877484
877537
877566
877570
877598
877642
877712
877743
877770
877821
877912
877920
877939
877982
878027
878028
878029
878065
878121
878154
878190
878217
878287
878333
878361
878420
878488
878592
878631
878641
878664
878676
878697
878705
878719
878773
878788
878836
878957
878993
879039
879057
879111
879207
879213
879232
879308
879329
879343
879373
879375
879381
879385
879403
879445
879480
879504
879569
879591
879607
879673
879686
879694
879701
879737
879749
879764
879765
879905
879945
880073
880115
880129
880301
880310
880341
880444
880470
880526
880537
880554
880606
880680
880690
880708
880756
880817
880865
880872
880931
880946
880963
880968
880977
881040
881045
881131
881136
881140
881177
881286
881354
881425
881558
881567
881581
881595
881624
881701
881746
881861
881875
881910
882078
882105
882176
882226
882303
882331
882353
882369
882375
882399
882429
882452
882460
882531
882582
882600
882644
882651
882685
882701
882831
882936
882988
883013
883055
883062
883098
883153
883168
883285
883398
883407
883420
883452
883460
883476
883518
883536
883550
883627
883637
883683
883703
883725
883727
883786
883815
883911
883946
883994
884068
884118
884270
884335
884349
884412
884418
884422
884437
884474
884483
884511
884532
884542
884545
884594
884609
884638
884716
884747
884748
884751
884782
884799
884802
884812
884836
884915
885005
885025
885032
885112
885137
885195
885212
885218
885325
885370
885447
885470
885472
885489
885493
885519
885533
885602
885618
885686
885694
885751
885758
885762
885763
885780
885921
885967
886014
886018
886056
886166
886170
886195
886278
886386
886519
886554
886572
886575
886663
886671
886696
886722
886751
886884
886920
886934
886974
886999
887010
887011
887082
887176
887209
887225
887230
887246
887278
887322
887327
887392
887449
887466
887507
887509
887583
887662
887727
887730
887758
887816
887832
887900
887987
888017
888035
888055
888094
888180
888211
888247
888255
888310
888364
888374
888384
888417
888477
888485
888516
888723
888736
888794
888796
888920
888940
888964
888969
888994
889039
889113
889168
889296
889325
889597
889620
889831
889849
889916
889930
889999
890035
890064
890096
890158
890179
890265
890287
890290
890298
890311
890417
890508
890596
890662
890669
890719
890720
890727
890738
890834
890997
891014
891029
891090
891122
891206
891238
891246
891248
891286
891289
891320
891343
891368
891385
891390
891450
891454
891475
891497
891510
891517
891589
891628
891678
891723
891807
891816
891833
891884
891917
892029
892080
892097
892162
892212
892234
892238
892283
892322
892333
892370
892393
892400
892417
892463
892465
892481
892524
892525
892529
892537
892542
892624
892639
892661
892756
892820
892841
892876
892909
892923
892936
892944
892972
892997
893060
893118
893141
893274
893303
893315
893354
893361
893385
893388
893426
893431
893462
893477
893501
893558
893649
893661
893665
893676
893691
893729
893744
893778
893821
893842
893905
893980
893993
894031
894032
894047
894091
894097
894128
894151
894157
894217
894240
894337
894367
894398
894404
894413
894455
894468
894537
894637
894701
894737
894756
894877
894896
894903
895005
895047
895106
895130
895142
895202
895217
895245
895294
895343
895348
895358
895451
895471
895486
895506
895514
895518
895548
895636
895661
895713
895725
895749
895770
895780
895795
895809
895817
895820
895844
895867
895891
895931
895949
895964
895982
895994
896052
896232
896261
896417
896450
896466
896473
896519
896527
896533
896591
896597
896640
896716
896751
896800
896840
896884
896974
896986
897030
897108
897142
897263
897292
897363
897506
897536
897577
897630
897643
897656
897691
897720
897764
897777
897816
897840
897848
897919
897953
897973
897975
898028
898102
898126
898131
898145
898154
898246
898262
898323
898352
898360
898445
898516
898518
898641
898791
898833
898902
898991
899042
899127
899157
899162
899241
899306
899367
899488
899500
899519
899564
899602
899609
899634
899644
899649
899659
899673
899712
899785
899808
899812
899904
899952
899977
900002
900009
900014
900037
900062
900086
900249
900285
900291
900317
900415
900442
900491
900545
900557
900558
900580
900617
900768
900792
900842
900847
900974
901072
901079
901093
901105
901169
901175
901230
901286
901378
901397
901469
901482
901505
901527
901814
901816
901854
901862
901884
901902
902089
902164
902174
902180
902189
902302
902342
902438
902462
902491
902553
902613
902658
902683
902764
902799
902833
902874
902940
902974
902983
903008
903103
903178
903184
903226
903282
903305
903345
903462
903497
903578
903616
903629
903637
903725
903740
903782
903818
903833
903931
903972
904061
904065
904070
904151
904216
904244
904257
904262
904298
904340
904413
904424
904459
904537
904551
904625
904639
904673
904695
904707
904715
904734
904798
904860
904865
904870
904888
904891
904999
905021
905111
905112
905126
905147
905203
905222
905342
905452
905455
905533
905636
905641
905666
905705
905716
905732
905798
905872
906089
906098
906127
906129
906166
906252
906385
906418
906423
906437
906439
906440
906490
906518
906585
906656
906667
906730
906781
906813
906822
906865
906884
906937
906945
906948
907002
907062
907069
907089
907123
907189
907262
907268
907292
907310
907315
907369
907371
907380
907386
907387
907399
907442
907451
907481
907495
907535
907537
907541
907544
907572
907619
907659
907695
907828
907869
907893
908050
908099
908148
908202
908211
908239
908315
908331
908378
908392
908408
908411
908453
908478
908505
908527
908542
908546
908582
908622
908659
908680
908721
908726
908732
908884
908925
909048
909121
909126
909168
909202
909221
909284
909302
909350
909356
909370
909420
909533
909603
909631
909644
909667
909679
909833
909880
909916
910012
910021
910036
910085
910141
910146
910199
910228
910278
910366
910374
910442
910498
910501
910638
910657
910700
910707
910738
910774
910814
910842
910899
910904
911007
911025
911033
911035
911058
911061
911151
911153
911184
911254
911276
911363
911376
911438
911482
911496
911509
911594
911613
911682
911684
911920
911933
912042
912098
912111
912118
912166
912183
912190
912224
912247
912258
912274
912426
912431
912441
912452
912491
912563
912595
912638
912679
912707
912841
912851
912885
912922
912938
912963
913018
913057
913124
913155
913167
913196
913216
913313
913334
913352
913416
913442
913473
913477
913564
913660
913662
913756
913835
913950
913968
913993
914022
914110
914125
914231
914245
914251
914288
914319
914330
914366
914528
914575
914583
914594
914630
914664
914674
914788
914834
914861
914875
914883
914917
914972
914974
914990
915010
915017
915077
915100
915150
915283
915306
915313
915322
915334
915378
915426
915506
915526
915540
915571
915623
915669
915687
915807
915860
915871
915888
915890
915920
915928
916115
916178
916246
916266
916360
916384
916440
916458
916498
916505
916536
916571
916584
916595
916762
916780
916795
916798
916846
916852
916860
916871
916896
916983
917011
917014
917078
917109
917128
917147
917175
917218
917257
917407
917427
917454
917500
917533
917578
917644
917742
917851
917915
918019
918030
918042
918046
918153
918191
918208
918253
918291
918304
918423
918473
918497
918515
918549
918642
918683
918696
918723
918737
918831
918836
918907
918912
919007
919012
919016
919059
919130
919148
919152
919247
919260
919283
919292
919296
919343
919357
919380
919457
919470
919528
919558
919573
919696
919739
919799
919819
919828
919858
920091
920135
920141
920149
920195
920246
920336
920369
920427
920435
920467
920557
920609
920762
920780
920855
920880
920918
920937
921032
921049
921120
921143
921152
921156
921172
921198
921216
921221
921238
921279
921330
921347
921461
921472
921577
921648
921652
921655
921671
921792
921874
921910
922037
922119
922157
922161
922210
922224
922227
922251
922263
922266
922281
922312
922331
922346
922352
922366
922405
922561
922568
922615
922714
922728
922907
922979
923061
923143
923335
923336
923359
923409
923414
923446
923507
923511
923547
923554
923776
923810
923878
923898
923937
923945
923953
923970
924004
924026
924032
924044
924077
924084
924093
924207
924227
924249
924255
924318
924361
924436
924440
924478
924588
924627
924687
924721
924732
924787
924802
924865
924934
924981
925022
925048
925055
925171
925177
925202
925229
925246
925261
925303
925304
925325
925406
925493
925520
925556
925668
925674
925708
925720
925738
925759
925766
925922
926016
926098
926101
926128
926133
926145
926197
926211
926238
926266
926274
926312
926342
926401
926474
926476
926526
926536
926551
926635
926820
926836
926844
926874
926889
926901
926946
927020
927049
927078
927089
927215
927226
927265
927268
927286
927338
927354
927356
927370
927405
927435
927437
927476
927495
927502
927503
927574
927602
927615
927652
927654
927683
927696
927716
927729
927761
927859
927888
927902
927925
927966
927984
928017
928051
928055
928098
928203
928216
928258
928376
928379
928390
928396
928459
928494
928521
928629
928644
928682
928728
928755
928778
928826
928907
929078
929093
929114
929156
929174
929188
929218
929225
929253
929260
929292
929318
929428
929436
929460
929463
929475
929494
929516
929536
929544
929628
929634
929658
929684
929749
929772
929897
929969
930026
930086
930104
930114
930136
930155
930170
930273
930310
930346
930383
930440
930443
930511
930535
930590
930600
930747
930752
930791
930802
930985
931052
931054
931174
931223
931256
931289
931330
931341
931362
931404
931473
931497
931544
931552
931596
931605
931627
931641
931669
931676
931758
931799
931829
931832
931961
931971
931982
932006
932055
932078
932085
932260
932272
932285
932306
932307
932311
932326
932329
932365
932377
932380
932394
932410
932419
932432
932461
932481
932482
932488
932490
932568
932588
932595
932599
932631
932653
932659
932816
932837
932858
932930
932959
932990
933128
933138
933160
933189
933211
933269
933300
933368
933406
933453
933481
933500
933506
933554
933556
933578
933579
933587
933634
933994
934029
934140
934214
934272
934302
934365
934378
934441
934457
934535
934606
934651
934677
934831
934928
935019
935070
935087
935109
935141
935152
935183
935204
935223
935251
935288
935295
935322
935374
935388
935398
935409
935477
935550
935571
935614
935647
935672
935688
935695
935697
935721
935790
935817
935828
935831
935868
936006
936042
936044
936095
936136
936160
936307
936310
936329
936436
936448
936516
936544
936585
936628
936669
936691
936742
936774
936777
936855
936871
936879
936907
936938
936963
936978
937007
937015
937040
937088
937126
937127
937196
937209
937225
937245
937315
937357
937393
937434
937438
937448
937464
937469
937480
937620
937628
937638
937645
937668
937686
937776
937797
937915
937921
937929
937953
937964
937976
937984
938016
938091
938104
938110
938154
938185
938190
938221
938244
938270
938276
938300
938311
938318
938339
938379
938380
938391
938473
938491
938504
938510
938621
938664
938694
938714
938746
938777
938802
938829
938835
938840
938845
938924
938976
938986
939125
939179
939194
939202
939305
939317
939324
939332
939352
939370
939460
939487
939494
939530
939536
939545
939651
939699
939703
939803
939811
939846
939867
939892
939972
939992
940005
940011
940031
940062
940119
940163
940207
940238
940269
940314
940373
940379
940424
940435
940507
940526
940539
940563
940706
940712
940795
940811
940889
940927
940945
940962
940980
940985
940998
941008
941100
941104
941114
941175
941177
941226
941253
941370
941374
941393
941461
941515
941521
941592
941631
941636
941666
941670
941673
941714
941798
941839
941844
941899
941975
941993
942010
942031
942146
942159
942250
942303
942334
942364
942400
942467
942473
942488
942530
942562
942565
942580
942609
942622
942639
942643
942693
942729
942797
942882
942901
942908
942989
942999
943027
943042
943047
943050
943082
943160
943172
943264
943320
943390
943431
943440
943448
943497
943513
943572
943594
943600
943637
943656
943661
943677
943691
943728
943867
943874
943880
943899
943905
943913
943930
944020
944028
944060
944075
944084
944107
944123
944154
944163
944173
944196
944206
944212
944221
944239
944247
944319
944572
944606
944651
944681
944689
944731
944746
944754
944863
944875
944915
944974
945017
945089
945103
945172
945190
945239
945336
945341
945381
945394
945403
945500
945590
945594
945620
945623
945627
945664
945776
945786
945802
945857
945948
945985
946015
946049
946079
946245
946299
946355
946365
946431
946579
946663
946729
946771
946811
946828
946852
946862
946918
946928
946993
947037
947301
947328
947337
947394
947403
947424
947428
947503
947600
947605
947613
947622
947793
947799
947877
947908
947929
947952
947997
948105
948205
948292
948332
948543
948558
948562
948617
948717
948736
948743
948779
948804
948834
948840
948905
948933
949001
949095
949111
949208
949211
949241
949260
949321
949341
949351
949363
949375
949389
949428
949483
949493
949502
949518
949552
949559
949615
949634
949698
949728
949771
949810
949915
949922
949925
949934
949973
950019
950028
950085
950087
950125
950176
950215
950232
950241
950275
950310
950360
950395
950410
950429
950442
950447
950479
950484
950504
950573
950672
950708
950717
950749
950750
950815
950857
950871
950958
950973
951021
951028
951042
951089
951093
951135
951229
951233
951244
951310
951326
951355
951454
951503
951518
951523
951543
951559
951614
951647
951668
951682
951740
951746
951852
951874
951987
952015
952108
952125
952151
952179
952301
952322
952326
952397
952424
952427
952454
952514
952549
952567
952698
952723
952958
952968
953085
953133
953162
953278
953281
953310
953345
953448
953462
953477
953534
953541
953555
953707
953738
953746
953748
953795
953797
953816
953923
953940
953954
953989
954056
954139
954222
954244
954256
954287
954289
954307
954362
954434
954445
954458
954468
954605
954615
954627
954659
954666
954721
954744
954751
954756
954786
954845
954855
954909
954912
954955
954975
955020
955120
955139
955252
955275
955292
955301
955324
955358
955405
955422
955451
955477
955516
955532
955547
955560
955574
955663
955717
955724
955727
955736
955753
955779
955796
955885
955890
955908
955962
956070
956081
956177
956180
956332
956355
956509
956570
956589
956635
956656
956665
956682
956708
956736
956837
956852
956857
956869
956891
956975
956985
957088
957099
957114
957130
957136
957142
957157
957193
957200
957240
957252
957261
957279
957348
957386
957409
957437
957461
957618
957632
957639
957660
957677
957697
957699
957721
957729
957740
957753
957764
957814
957840
957898
958001
958091
958132
958142
958153
958258
958267
958282
958323
958337
958429
958486
958544
958552
958597
958613
958637
958662
958742
958746
958836
958847
958895
958902
958924
958926
958928
959027
959050
959054
959071
959120
959185
959372
959394
959416
959429
959643
959711
959733
959817
959819
959923
959993
960006
960097
960104
960209
960306
960352
960384
960388
960554
960600
960603
960616
960630
960664
960675
960683
960707
960715
960726
960774
960782
960821
960837
960872
960876
960993
961006
961069
961070
961129
961146
961155
961179
961202
961222
961239
961310
961351
961378
961432
961511
961521
961592
961654
961751
961769
961953
961973
961991
962088
962097
962167
962168
962180
962191
962317
962332
962410
962479
962506
962510
962565
962591
962606
962669
962672
962678
962681
962742
962791
962814
962817
962846
962861
962868
962895
963003
963025
963061
963222
963235
963282
963358
963370
963450
963469
963475
963516
963524
963698
963715
963726
963733
963773
963789
963816
963831
963876
963898
963903
963929
963949
963971
963990
964002
964022
964049
964083
964113
964118
964154
964158
964185
964209
964238
964316
964342
964380
964404
964468
964496
964506
964516
964535
964537
964591
964679
964686
964702
964762
964802
964865
965057
965107
965153
965247
965266
965334
965366
965447
965459
965504
965538
965579
965584
965595
965602
965633
965640
965676
965715
965745
965754
965800
965813
965879
965913
965958
965967
965973
965985
966129
966184
966188
966213
966257
966265
966279
966296
966308
966316
966393
966396
966431
966452
966515
966530
966576
966591
966669
966716
966727
966777
966779
966812
966834
966867
966880
966898
966953
966962
966988
967078
967083
967117
967129
967193
967248
967252
967277
967279
967306
967314
967331
967385
967420
967428
967458
967461
967552
967605
967648
967674
967684
967804
967835
967839
967855
967899
967982
968059
968073
968124
968162
968242
968245
968254
968284
968306
968315
968390
968422
968439
968541
968545
968667
968683
968724
968815
968883
968896
968937
968968
968991
969003
969067
969079
969156
969162
969263
969361
969448
969449
969463
969505
969535
969542
969584
969614
969617
969663
969677
969737
969762
969763
969767
969856
969867
970005
970007
970022
970090
970228
970284
970400
970467
970512
970520
970622
970691
970747
970762
970776
970796
970807
970854
971112
971144
971224
971239
971250
971252
971263
971372
971443
971487
971570
971573
971598
971635
971693
971727
971781
971818
971881
971938
971948
971974
971978
971998
972010
972025
972105
972236
972255
972311
972316
972342
972358
972452
972469
972547
972698
972712
972772
972837
972876
972891
972929
972934
972946
973103
973114
973131
973135
973170
973214
973268
973281
973305
973346
973357
973381
973433
973438
973573
973580
973625
973656
973663
973692
973700
973728
973730
973743
973781
973839
973927
973969
973973
974040
974049
974063
974074
974152
974204
974275
974299
974350
974366
974384
974390
974444
974450
974457
974475
974489
974516
974517
974522
974537
974547
974572
974578
974585
974616
974663
974687
974718
974750
974808
974817
974821
974858
974890
974932
974936
974942
974972
974979
974983
975196
975233
975276
975417
975424
975459
975511
975526
975565
975604
975636
975647
975650
975657
975734
975747
975765
975822
975878
975997
976081
976111
976195
976232
976234
976273
976298
976328
976346
976442
976455
976600
976622
976642
976662
976737
976745
976810
976885
976890
976925
976991
977017
977084
977101
977121
977227
977265
977266
977307
977394
977439
977474
977488
977502
977548
977550
977565
977576
977603
977632
977635
977668
977702
977764
977805
977831
977875
977943
977962
978023
978077
978134
978171
978190
978212
978236
978268
978286
978298
978306
978311
978319
978337
978385
978391
978463
978484
978497
978526
978536
978548
978573
978588
978591
978650
978670
978674
978700
978712
978733
978740
978782
978857
978858
978914
978917
978940
979029
979035
979063
979182
979201
979215
979230
979256
979290
979359
979368
979381
979390
979406
979411
979428
979441
979467
979488
979583
979611
979635
979776
979858
979902
979907
979923
979948
979974
979981
980093
980104
980107
980141
980143
980195
980202
980249
980398
980404
980420
980503
980510
980515
980589
980591
980685
980695
980722
980740
980768
980778
980864
980901
980975
981030
981038
981052
981163
981175
981208
981237
981263
981291
981314
981324
981448
981463
981606
981693
981727
981795
981869
981874
981926
981932
981950
981966
982002
982054
982063
982073
982080
982092
982206
982213
982218
982224
982275
982285
982292
982357
982359
982454
982483
982523
982574
982581
982606
982691
982693
982705
982722
982867
982953
982958
982965
982973
982977
982983
982992
983000
983078
983094
983154
983157
983180
983276
983297
983395
983399
983476
983523
983543
983563
983608
983639
983667
983673
983692
983726
983751
983785
983796
983809
983871
983894
983947
983988
984015
984143
984195
984210
984292
984323
984345
984386
984426
984472
984519
984566
984591
984648
984670
984736
984744
984774
984947
984964
984973
984982
985040
985085
985149
985177
985182
985194
985332
985358
985402
985434
985518
985586
985592
985636
985682
985707
985756
985818
985854
985925
985975
985988
986081
986104
986109
986112
986122
986158
986166
986178
986205
986273
986369
986420
986424
986427
986447
986456
986495
986503
986569
986670
986674
986708
986732
986746
986792
986808
986924
986947
986956
986977
986986
986995
987126
987224
987233
987250
987266
987276
987347
987377
987381
987389
987399
987465
987543
987602
987665
987728
987734
987744
987756
987792
987936
987961
988058
988129
988175
988245
988262
988309
988384
988391
988397
988411
988427
988459
988506
988545
988577
988580
988593
988608
988614
988634
988671
988707
988757
988783
988789
988854
988858
988866
988934
988973
989001
989013
989028
989055
989065
989073
989181
989209
989249
989286
989295
989350
989482
989549
989573
989575
989577
989616
989711
989716
989738
989794
989904
989937
989949
989959
990021
990043
990052
990063
990094
990110
990124
990262
990336
990367
990377
990378
990422
990443
990453
990455
990476
990526
990564
990595
990632
990691
990740
990772
990799
990837
990893
990988
991005
991023
991042
991055
991071
991160
991176
991231
991317
991342
991419
991481
991603
991656
991671
991718
991721
991726
991731
991738
991753
991777
991838
991845
991881
991920
991964
991993
992015
992039
992141
992143
992197
992255
992264
992288
992332
992398
992441
992449
992472
992550
992553
992608
992613
992670
992692
992760
992796
992830
992840
992896
992913
992938
992942
992954
992956
993047
993085
993196
993232
993266
993277
993298
993334
993410
993434
993459
993468
993512
993520
993540
993575
993578
993579
993604
993669
993676
993721
993730
993738
993805
993806
993832
993845
993869
993879
993891
993893
993935
993943
993961
994051
994091
994177
994187
994380
994435
994497
994501
994551
994578
994607
994634
994681
994701
994754
994803
994811
994815
994863
994875
994899
994906
994922
994931
994937
994958
994974
994994
995010
995082
995086
995103
995122
995134
995155
995157
995180
995200
995274
995282
995299
995313
995349
995370
995406
995433
995465
995476
995487
995521
995563
995614
995623
995661
995702
995738
995840
995861
995893
995927
996027
996172
996185
996189
996235
996241
996247
996267
996347
996415
996422
996450
996459
996509
996520
996531
996605
996616
996640
996657
996707
996819
996829
996835
996847
996908
996961
996977
997011
997032
997077
997153
997167
997179
997182
997267
997299
997304
997333
997421
997439
997465
997514
997528
997536
997568
997579
997582
997586
997596
997615
997636
997659
997707
997713
997828
997857
997944
997977
998032
998042
998050
998138
998143
998168
998260
998271
998293
998305
998321
998354
998436
998444
998461
998469
998475
998478
998480
998510
998535
998553
998573
998693
998753
998759
998816
998832
998844
998847
998866
998935
998959
998983
999065
999155
999189
999289
999329
999478
999484
999512
999514
999557
999590
999608
999633
999668
999679
999681
999698
999752
999784
999814
999830
999870
999877
999883
999979
1000034
1000035
1000115
1000123
1000140
1000148
1000202
1000265
1000272
1000343
1000432
1000466
1000496
1000554
1000598
1000626
1000630
1000642
1000668
1000676
1000684
1000735
1000768
1000810
1000823
1000865
1000910
1001073
1001145
1001215
1001243
1001269
1001328
1001350
1001398
1001427
1001527
1001533
1001610
1001663
1001667
1001691
1001712
1001749
1001770
1001808
1001837
1001861
1001872
1001912
1001957
1001971
1002094
1002117
1002250
1002353
1002368
1002399
1002415
1002440
1002451
1002547
1002561
1002729
1002775
1002783
1002817
1002845
1002857
1002887
1002889
1002912
1002916
1003015
1003034
1003085
1003103
1003195
1003203
1003235
1003251
1003301
1003377
1003387
1003397
1003457
1003483
1003565
1003597
1003631
1003656
1003662
1003760
1003785
1003838
1003870
1003898
1003970
1003972
1003980
1003987
1004002
1004008
1004013
1004049
1004098
1004108
1004167
1004186
1004302
1004333
1004345
1004379
1004407
1004417
1004457
1004486
1004504
1004637
1004647
1004674
1004785
1004801
1004833
1004865
1004929
1004965
1004992
1005000
1005011
1005041
1005210
1005342
1005380
1005393
1005466
1005494
1005507
1005542
1005566
1005577
1005623
1005629
1005662
1005723
1005760
1005772
1005782
1005912
1005931
1005955
1005981
1005986
1005999
1006066
1006158
1006192
1006540
1006555
1006679
1006792
1006816
1006824
1006848
1006935
1007058
1007072
1007294
1007389
1007404
1007463
1007477
1007486
1007489
1007493
1007496
1007523
1007566
1007573
1007637
1007650
1007661
1007816
1007865
1007868
1007903
1007929
1007937
1008014
1008116
1008120
1008183
1008191
1008234
1008255
1008261
1008268
1008290
1008296
1008301
1008324
1008330
1008387
1008398
1008478
1008541
1008568
1008574
1008659
1008676
1008747
1008885
1008923
1008931
1008935
1009020
1009039
1009041
1009043
1009091
1009140
1009144
1009163
1009165
1009177
1009190
1009194
1009226
1009243
1009326
1009351
1009445
1009480
1009491
1009497
1009505
1009514
1009544
1009575
1009620
1009632
1009644
1009651
1009668
1009700
1009728
1009752
1009767
1009776
1009783
1009788
1009823
1009851
1009892
1009964
1009997
1010010
1010031
1010070
1010104
1010163
1010171
1010202
1010217
1010230
1010266
1010277
1010313
1010355
1010367
1010503
1010588
1010741
1010748
1010762
1010797
1010853
1010855
1010873
1010930
1010980
1011040
1011044
1011085
1011101
1011129
1011186
1011268
1011329
1011370
1011388
1011469
1011596
1011661
1011662
1011709
1011715
1011797
1011880
1011902
1011914
1011963
1011973
1011982
1011999
1012015
1012023
1012037
1012049
1012079
1012187
1012194
1012265
1012418
1012513
1012627
1012641
1012705
1012740
1012772
1012836
1012854
1012881
1012883
1013069
1013077
1013112
1013228
1013242
1013257
1013283
1013291
1013307
1013322
1013366
1013389
1013398
1013421
1013432
1013445
1013480
1013483
1013582
1013617
1013625
1013633
1013651
1013686
1013718
1013738
1013857
1013916
1013951
1013964
1014166
1014190
1014264
1014287
1014298
1014341
1014377
1014384
1014409
1014424
1014499
1014571
1014638
1014648
1014660
1014669
1014749
1014801
1014883
1014887
1014941
1014951
1014986
1014987
1015039
1015062
1015073
1015080
1015101
1015107
1015117
1015132
1015142
1015166
1015188
1015244
1015252
1015275
1015388
1015458
1015462
1015506
1015513
1015624
1015636
1015644
1015745
1015786
1015852
1015870
1015880
1015903
1016067
1016120
1016171
1016194
1016271
1016336
1016363
1016383
1016392
1016407
1016486
1016529
1016560
1016583
1016717
1016742
1016747
1016761
1016785
1016792
1016873
1016902
1016903
1016915
1016948
1016981
1017000
1017006
1017047
1017066
1017099
1017109
1017122
1017138
1017165
1017170
1017195
1017217
1017221
1017264
1017343
1017392
1017457
1017471
1017474
1017486
1017587
1017601
1017611
1017663
1017670
1017714
1017752
1017817
1017830
1017886
1017933
1017950
1017999
1018016
1018031
1018048
1018086
1018103
1018207
1018223
1018238
1018305
1018319
1018326
1018374
1018378
1018419
1018441
1018493
1018567
1018604
1018704
1018722
1018744
1018773
1018805
1018867
1018888
1018891
1018923
1018940
1018959
1019056
1019087
1019097
1019131
1019159
1019166
1019177
1019186
1019200
1019242
1019258
1019264
1019272
1019309
1019372
1019375
1019388
1019468
1019508
1019544
1019561
1019563
1019564
1019588
1019596
1019637
1019723
1019858
1019884
1019904
1019971
1019986
1020063
1020066
1020192
1020230
1020263
1020417
1020419
1020471
1020493
1020520
1020533
1020651
1020663
1020754
1020782
1020844
1020858
1020879
1020941
1021028
1021042
1021080
1021116
1021131
1021134
1021188
1021287
1021307
1021376
1021450
1021485
1021512
1021588
1021607
1021610
1021631
1021644
1021717
1021722
1021735
1021799
1021911
1021928
1022001
1022005
1022039
1022059
1022176
1022223
1022270
1022329
1022334
1022343
1022396
1022421
1022434
1022444
1022499
1022564
1022622
1022631
1022656
1022665
1022686
1022782
1022799
1022841
1022881
1023002
1023068
1023154
1023211
1023287
1023378
1023410
1023436
1023482
1023551
1023606
1023609
1023635
1023700
1023785
1023789
1023821
1023839
1023871
1023897
1023919
1023956
1024023
1024024
1024047
1024064
1024130
1024134
1024158
1024233
1024235
1024268
1024308
1024378
1024406
1024413
1024437
1024494
1024558
1024581
1024591
1024611
1024627
1024664
1024726
1024771
1024811
1024822
1024839
1024904
1024926
1024954
1024967
1025114
1025217
1025233
1025257
1025271
1025320
1025322
1025355
1025437
1025503
1025506
1025522
1025531
1025550
1025681
1025774
1025787
1025982
1026020
1026040
1026047
1026063
1026112
1026129
1026159
1026241
1026269
1026309
1026346
1026350
1026388
1026456
1026468
1026489
1026496
1026519
1026527
1026529
1026537
1026566
1026580
1026613
1026657
1026679
1026685
1026720
1026737
1026855
1026983
1027026
1027029
1027050
1027086
1027104
1027167
1027177
1027243
1027265
1027270
1027309
1027342
1027411
1027426
1027433
1027460
1027470
1027489
1027565
1027569
1027616
1027622
1027667
1027754
1027783
1027799
1027828
1027833
1027907
1027923
1027952
1028044
1028106
1028138
1028215
1028270
1028306
1028365
1028418
1028503
1028615
1028657
1028668
1028691
1028700
1028719
1028733
1028738
1028798
1028804
1028816
1028827
1028848
1028865
1028894
1028910
1028931
1028966
1029000
1029019
1029048
1029064
1029116
1029122
1029144
1029161
1029169
1029180
1029182
1029195
1029218
1029231
1029252
1029360
1029367
1029441
1029511
1029525
1029563
1029600
1029666
1029764
1029773
1029779
1029784
1029906
1029926
1029957
1030035
1030106
1030114
1030140
1030149
1030176
1030200
1030297
1030333
1030338
1030402
1030463
1030499
1030510
1030524
1030536
1030562
1030569
1030665
1030667
1030676
1030778
1030865
1030875
1030913
1030978
1031029
1031038
1031093
1031129
1031133
1031222
1031294
1031316
1031372
1031414
1031425
1031527
1031676
1031692
1031755
1031825
1031851
1031866
1031876
1031914
1031978
1031996
1032009
1032028
1032036
1032052
1032098
1032224
1032231
1032246
1032293
1032352
1032372
1032497
1032589
1032648
1032651
1032655
1032807
1032821
1032838
1032869
1032878
1032893
1032975
1033004
1033037
1033081
1033093
1033121
1033127
1033179
1033189
1033255
1033297
1033354
1033370
1033391
1033401
1033411
1033433
1033460
1033464
1033513
1033539
1033570
1033663
1033664
1033692
1033746
1033761
1033793
1033823
1033837
1033844
1033884
1033930
1034006
1034038
1034041
1034044
1034048
1034204
1034238
1034257
1034267
1034293
1034294
1034369
1034395
1034433
1034438
1034442
1034480
1034601
1034621
1034624
1034628
1034647
1034649
1034732
1034771
1034821
1034865
1034908
1034934
1034981
1034986
1035035
1035096
1035187
1035233
1035280
1035288
1035641
1035688
1035721
1035754
1035759
1035800
1035806
1035813
1036026
1036050
1036107
1036112
1036181
1036218
1036243
1036247
1036263
1036267
1036310
1036345
1036381
1036391
1036405
1036438
1036453
1036492
1036530
1036542
1036586
1036588
1036632
1036705
1036725
1036727
1036760
1036784
1036847
1036950
1036980
1036984
1037007
1037030
1037063
1037104
1037172
1037219
1037238
1037247
1037253
1037317
1037342
1037438
1037445
1037469
1037502
1037507
1037554
1037634
1037717
1037817
1037880
1037889
1037900
1037926
1037932
1037965
1037977
1037996
1038018
1038025
1038046
1038048
1038083
1038225
1038245
1038252
1038344
1038377
1038381
1038418
1038466
1038505
1038535
1038584
1038594
1038616
1038618
1038632
1038715
1038746
1038810
1038833
1038837
1038952
1038998
1039048
1039071
1039101
1039151
1039206
1039210
1039228
1039269
1039274
1039289
1039293
1039326
1039342
1039353
1039358
1039379
1039403
1039439
1039463
1039485
1039494
1039538
1039545
1039632
1039676
1039689
1039761
1039771
1039794
1039799
1039853
1039856
1039867
1039876
1039939
1040050
1040136
1040169
1040185
1040231
1040250
1040312
1040443
1040447
1040449
1040459
1040461
1040490
1040556
1040576
1040637
1040675
1040676
1040679
1040685
1040748
1040795
1040800
1040826
1040943
1040950
1040997
1041007
1041035
1041136
1041154
1041165
1041168
1041220
1041234
1041246
1041281
1041285
1041304
1041381
1041486
1041554
1041690
1041710
1041748
1041751
1041769
1041809
1041874
1041931
1041942
1041982
1042077
1042081
1042239
1042298
1042304
1042328
1042362
1042393
1042406
1042409
1042444
1042520
1042542
1042557
1042576
1042601
1042616
1042639
1042663
1042679
1042687
1042735
1042838
1042852
1042905
1042951
1042953
1042962
1043030
1043033
1043035
1043049
1043075
1043079
1043119
1043136
1043188
1043191
1043195
1043238
1043286
1043297
1043312
1043319
1043346
1043349
1043366
1043457
1043477
1043493
1043499
1043558
1043576
1043596
1043602
1043649
1043678
1043754
1043812
1043840
1043856
1043868
1043961
1044054
1044110
1044124
1044195
1044203
1044219
1044220
1044271
1044290
1044368
1044386
1044414
1044511
1044588
1044609
1044664
1044697
1044729
1044763
1044804
1044854
1044915
1045006
1045039
1045045
1045052
1045113
1045180
1045267
1045309
1045393
1045423
1045428
1045452
1045487
1045495
1045516
1045548
1045555
1045563
1045626
1045734
1045860
1045895
1045896
1045898
1045936
1045978
1046015
1046033
1046048
1046158
1046233
1046255
1046266
1046278
1046360
1046409
1046461
1046542
1046590
1046642
1046702
1046737
1046771
1046779
1046814
1046824
1046845
1046849
1046882
1046888
1046969
1047029
1047058
1047080
1047152
1047179
1047209
1047224
1047318
1047335
1047343
1047464
1047476
1047660
1047665
1047727
1047750
1047754
1047845
1047873
1047987
1047989
1048006
1048015
1048073
1048078
1048107
1048130
1048202
1048251
1048330
1048336
1048369
1048384
1048389
1048552
1048610
1048647
1048708
1048726
1048761
1048831
1048850
1048856
1048888
1048932
1048953
1048958
1048992
1049007
1049035
1049045
1049051
1049090
1049177
1049308
1049322
1049342
1049368
1049374
1049399
1049452
1049469
1049505
1049507
1049564
1049607
1049622
1049627
1049660
1049748
1049755
1049766
1049770
1049882
1049898
1049973
1050017
1050044
1050070
1050080
1050086
1050094
1050100
1050257
1050291
1050426
1050534
1050708
1050725
1050784
1050787
1050793
1050841
1050899
1050947
1050958
1050967
1051055
1051069
1051076
1051122
1051158
1051211
1051238
1051292
1051377
1051470
1051487
1051496
1051512
1051573
1051589
1051597
1051630
1051658
1051667
1051727
1051746
1051785
1051836
1051840
1051847
1051851
1051908
1051911
1051955
1051994
1052022
1052094
1052180
1052191
1052331
1052348
1052460
1052524
1052545
1052557
1052604
1052638
1052737
1052771
1052858
1052867
1052870
1052915
1052918
1052931
1052981
1052996
1053002
1053010
1053022
1053073
1053079
1053084
1053179
1053217
1053276
1053360
1053382
1053406
1053415
1053436
1053468
1053516
1053597
1053647
1053708
1053710
1053756
1053769
1053794
1053869
1053898
1053942
1053978
1054012
1054134
1054176
1054341
1054349
1054351
1054356
1054358
1054368
1054405
1054411
1054424
1054456
1054479
1054523
1054533
1054534
1054615
1054677
1054723
1054817
1054828
1054832
1054848
1054870
1054882
1054887
1054916
1054969
1054996
1055058
1055079
1055104
1055117
1055146
1055192
1055193
1055230
1055261
1055267
1055303
1055340
1055363
1055378
1055392
1055403
1055407
1055439
1055447
1055449
1055501
1055506
1055571
1055580
1055628
1055781
1055804
1055856
1055896
1055919
1055922
1055931
1055945
1055963
1055967
1055996
1056040
1056136
1056148
1056151
1056159
1056194
1056258
1056377
1056380
1056383
1056398
1056440
1056456
1056457
1056466
1056468
1056475
1056487
1056579
1056755
1056788
1056813
1056817
1056857
1056883
1056956
1057025
1057026
1057135
1057173
1057187
1057212
1057229
1057253
1057256
1057270
1057275
1057279
1057327
1057386
1057409
1057425
1057435
1057475
1057482
1057507
1057526
1057530
1057534
1057556
1057618
1057628
1057678
1057683
1057689
1057791
1057812
1057827
1057886
1057904
1057961
1058019
1058042
1058045
1058056
1058072
1058106
1058122
1058129
1058136
1058178
1058210
1058220
1058266
1058278
1058280
1058287
1058296
1058379
1058464
1058621
1058651
1058663
1058676
1058763
1058785
1058830
1058860
1058907
1058992
1059039
1059097
1059124
1059135
1059153
1059159
1059162
1059175
1059196
1059253
1059265
1059276
1059297
1059372
1059405
1059432
1059438
1059447
1059455
1059456
1059473
1059476
1059485
1059499
1059522
1059526
1059532
1059568
1059595
1059611
1059619
1059631
1059671
1059758
1059807
1059865
1059973
1060015
1060018
1060040
1060074
1060115
1060221
1060303
1060420
1060430
1060437
1060452
1060512
1060667
1060674
1060682
1060712
1060795
1060805
1060848
1060854
1060865
1060875
1060936
1060976
1060979
1061004
1061022
1061031
1061049
1061126
1061151
1061216
1061219
1061297
1061300
1061331
1061367
1061392
1061398
1061411
1061432
1061461
1061540
1061586
1061664
1061676
1061802
1061864
1062008
1062016
1062027
1062036
1062049
1062050
1062062
1062087
1062100
1062135
1062165
1062183
1062259
1062262
1062310
1062385
1062428
1062489
1062494
1062561
1062581
1062602
1062613
1062699
1062724
1062807
1062854
1062866
1062904
1062916
1062995
1063075
1063086
1063105
1063112
1063119
1063226
1063247
1063309
1063381
1063415
1063430
1063434
1063496
1063513
1063517
1063546
1063562
1063567
1063576
1063609
1063638
1063650
1063719
1063743
1063803
1063814
1063892
1063937
1063945
1064038
1064068
1064162
1064176
1064191
1064255
1064298
1064326
1064333
1064353
1064429
1064471
1064489
1064501
1064818
1064879
1064892
1064972
1065036
1065148
1065167
1065269
1065364
1065452
1065515
1065541
1065545
1065573
1065595
1065603
1065642
1065668
1065674
1065688
1065696
1065700
1065712
1065730
1065773
1065806
1065836
1065865
1065872
1065883
1065892
1065957
1065975
1065995
1066018
1066050
1066056
1066078
1066128
1066134
1066151
1066168
1066206
1066220
1066309
1066331
1066348
1066450
1066456
1066458
1066472
1066486
1066522
1066533
1066594
1066638
1066759
1066793
1066811
1066886
1066930
1066982
1066993
1066999
1067042
1067053
1067095
1067139
1067185
1067243
1067302
1067340
1067357
1067444
1067486
1067580
1067657
1067668
1067786
1067812
1067823
1067832
1067861
1067892
1067931
1067999
1068011
1068053
1068082
1068157
1068162
1068186
1068226
1068295
1068356
1068392
1068416
1068427
1068492
1068522
1068547
1068622
1068636
1068702
1068787
1068810
1068903
1068942
1068950
1069006
1069019
1069030
1069037
1069058
1069093
1069117
1069140
1069156
1069209
1069211
1069221
1069276
1069347
1069417
1069439
1069457
1069461
1069474
1069477
1069488
1069501
1069549
1069556
1069590
1069601
1069626
1069660
1069687
1069698
1069702
1069704
1069734
1069852
1069868
1069879
1069999
1070018
1070099
1070105
1070121
1070133
1070196
1070265
1070272
1070404
1070453
1070481
1070485
1070497
1070539
1070576
1070621
1070641
1070645
1070650
1070656
1070672
1070759
1070788
1070822
1070831
1070867
1070906
1070915
1070933
1070943
1070974
1071094
1071107
1071171
1071222
1071241
1071268
1071277
1071289
1071314
1071319
1071332
1071383
1071410
1071530
1071548
1071600
1071673
1071697
1071699
1071717
1071852
1071952
1072017
1072075
1072092
1072098
1072220
1072226
1072381
1072386
1072503
1072527
1072535
1072565
1072576
1072587
1072598
1072605
1072611
1072685
1072691
1072707
1072726
1072780
1072814
1072829
1072849
1072919
1072930
1072949
1072955
1073005
1073035
1073077
1073143
1073153
1073192
1073240
1073259
1073318
1073324
1073339
1073341
1073358
1073406
1073430
1073443
1073647
1073669
1073688
1073724
1073734
1073827
1073832
1073999
1074017
1074049
1074128
1074177
1074190
1074198
1074233
1074319
1074365
1074406
1074450
1074469
1074489
1074513
1074565
1074592
1074604
1074642
1074651
1074715
1074722
1074731
1074745
1074849
1074928
1074933
1075017
1075027
1075053
1075098
1075123
1075265
1075338
1075354
1075377
1075509
1075519
1075540
1075599
1075620
1075628
1075724
1075769
1075809
1075819
1075855
1075856
1075893
1075900
1075915
1076012
1076081
1076094
1076125
1076176
1076223
1076224
1076247
1076267
1076310
1076316
1076334
1076338
1076450
1076456
1076463
1076511
1076520
1076543
1076567
1076581
1076603
1076656
1076706
1076731
1076734
1076739
1076763
1076796
1076797
1076807
1076941
1076950
1077000
1077050
1077119
1077198
1077234
1077291
1077309
1077325
1077341
1077357
1077364
1077388
1077408
1077436
1077464
1077469
1077475
1077480
1077494
1077498
1077520
1077556
1077587
1077611
1077619
1077723
1077765
1077821
1077848
1077865
1077966
1078018
1078064
1078109
1078203
1078225
1078233
1078270
1078369
1078480
1078486
1078564
1078601
1078621
1078684
1078693
1078726
1078784
1078819
1078892
1078896
1078930
1078981
1078985
1079016
1079052
1079086
1079090
1079147
1079182
1079189
1079202
1079203
1079232
1079266
1079337
1079347
1079362
1079422
1079427
1079438
1079474
1079488
1079491
1079513
1079575
1079589
1079686
1079696
1079726
1079825
1079918
1079942
1080037
1080080
1080091
1080104
1080126
1080181
1080205
1080219
1080237
1080324
1080379
1080388
1080437
1080454
1080587
1080594
1080605
1080618
1080644
1080747
1081017
1081025
1081080
1081143
1081145
1081229
1081235
1081251
1081274
1081316
1081369
1081398
1081477
1081497
1081511
1081514
1081530
1081559
1081587
1081600
1081608
1081700
1081739
1081755
1081768
1081779
1081816
1081848
1081882
1081958
1082010
1082018
1082039
1082053
1082115
1082122
1082131
1082135
1082205
1082221
1082225
1082252
1082271
1082299
1082427
1082439
1082505
1082562
1082688
1082703
1082735
1082772
1082794
1082870
1082915
1082919
1082929
1082964
1083034
1083041
1083069
1083075
1083150
1083193
1083274
1083375
1083455
1083464
1083472
1083483
1083497
1083542
1083598
1083611
1083616
1083702
1083751
1083779
1083788
1083891
1083932
1083945
1083958
1083979
1083986
1084064
1084075
1084101
1084122
1084145
1084192
1084278
1084330
1084359
1084376
1084498
1084547
1084552
1084593
1084600
1084617
1084647
1084709
1084752
1084773
1084776
1084804
1084810
1084833
1084849
1084851
1084868
1084873
1084907
1084914
1084991
1084994
1084998
1085013
1085020
1085104
1085288
1085314
1085328
1085361
1085372
1085375
1085482
1085559
1085572
1085591
1085620
1085660
1085668
1085705
1085745
1085809
1085828
1085859
1085892
1085928
1085947
1085980
1086012
1086046
1086112
1086143
1086164
1086189
1086194
1086213
1086229
1086342
1086428
1086449
1086456
1086469
1086573
1086593
1086629
1086732
1086768
1086803
1086939
1087042
1087077
1087115
1087132
1087256
1087306
1087311
1087321
1087351
1087389
1087413
1087477
1087491
1087619
1087651
1087742
1087764
1087786
1087919
1087958
1088090
1088123
1088142
1088154
1088193
1088195
1088231
1088316
1088404
1088462
1088471
1088482
1088555
1088663
1088673
1088689
1088728
1088762
1088781
1088790
1088795
1088806
1088829
1089001
1089025
1089058
1089083
1089160
1089172
1089181
1089215
1089274
1089342
1089386
1089454
1089463
1089513
1089551
1089631
1089657
1089674
1089675
1089694
1089728
1089879
1089970
1090079
1090163
1090248
1090293
1090307
1090373
1090397
1090575
1090650
1090683
1090690
1090700
1090759
1090782
1090789
1090795
1090808
1090842
1090856
1090964
1091034
1091052
1091082
1091103
1091125
1091227
1091321
1091391
1091426
1091432
1091450
1091463
1091584
1091590
1091597
1091664
1091686
1091721
1091741
1091747
1091839
1091851
1091946
1091957
1091974
1091982
1091995
1092007
1092108
1092126
1092255
1092307
1092490
1092498
1092512
1092606
1092680
1092757
1092790
1092791
1092812
1092847
1092871
1092923
1092933
1092963
1093036
1093077
1093078
1093107
1093168
1093189
1093192
1093219
1093221
1093250
1093255
1093336
1093416
1093484
1093521
1093567
1093613
1093623
1093645
1093668
1093699
1093722
1093743
1093766
1093809
1093833
1093885
1093917
1093927
1093930
1093988
1094206
1094236
1094244
1094313
1094397
1094418
1094436
1094442
1094566
1094599
1094649
1094685
1094811
1094876
1094911
1094948
1094987
1095028
1095105
1095120
1095172
1095250
1095257
1095279
1095292
1095332
1095386
1095396
1095419
1095420
1095456
1095557
1095618
1095704
1095735
1095744
1095791
1095840
1095849
1095908
1095947
1095956
1095972
1095977
1095993
1096032
1096070
1096083
1096149
1096159
1096176
1096185
1096233
1096267
1096297
1096342
1096479
1096490
1096540
1096568
1096578
1096596
1096660
1096680
1096737
1096775
1096816
1096819
1096865
1096924
1096929
1096952
1097015
1097038
1097053
1097089
1097136
1097138
1097304
1097408
1097441
1097483
1097504
1097559
1097731
1097842
1097854
1097865
1097972
1097977
1098121
1098147
1098184
1098186
1098225
1098264
1098272
1098325
1098346
1098361
1098394
1098411
1098450
1098523
1098594
1098598
1098620
1098635
1098648
1098659
1098668
1098695
1098725
1098737
1098743
1098814
1098838
1098845
1098850
1098922
1098948
1098953
1098974
1099016
1099027
1099112
1099139
1099174
1099182
1099225
1099322
1099382
1099389
1099401
1099422
1099431
1099466
1099573
1099577
1099681
1099757
1099992
1100019
1100024
1100047
1100060
1100062
1100087
1100106
1100120
1100161
1100227
1100296
1100307
1100326
1100344
1100422
1100467
1100506
1100545
1100607
1100616
1100633
1100848
1100923
1100935
1100952
1101004
1101063
1101070
1101077
1101104
1101189
1101209
1101247
1101300
1101356
1101400
1101430
1101494
1101506
1101530
1101558
1101570
1101582
1101595
1101663
1101681
1101692
1101706
1101717
1101719
1101763
1101822
1101889
1101893
1101896
1101931
1101961
1101974
1102010
1102024
1102036
1102042
1102060
1102064
1102131
1102187
1102189
1102196
1102258
1102295
1102311
1102326
1102339
1102371
1102375
1102392
1102398
1102427
1102445
1102520
1102526
1102536
1102572
1102581
1102591
1102613
1102709
1102807
1102817
1102896
1102902
1102926
1102996
1103028
1103041
1103057
1103060
1103075
1103100
1103129
1103224
1103233
1103261
1103275
1103293
1103373
1103490
1103523
1103578
1103602
1103715
1103723
1103733
1103753
1103760
1103777
1103814
1103816
1103859
1103864
1103867
1103939
1103945
1103978
1103982
1104088
1104155
1104164
1104180
1104197
1104371
1104401
1104404
1104459
1104478
1104490
1104496
1104513
1104531
1104543
1104661
1104702
1104819
1104885
1104925
1104937
1104974
1104986
1104998
1105034
1105061
1105070
1105103
1105115
1105191
1105219
1105230
1105279
1105296
1105324
1105371
1105377
1105384
1105387
1105401
1105420
1105426
1105465
1105477
1105533
1105546
1105575
1105584
1105632
1105790
1105817
1105838
1105892
1105907
1105919
1105931
1106064
1106084
1106102
1106142
1106155
1106174
1106222
1106372
1106414
1106507
1106580
1106604
1106797
1106991
1106992
1107021
1107071
1107089
1107097
1107160
1107386
1107390
1107416
1107421
1107465
1107480
1107521
1107522
1107584
1107621
1107686
1107707
1107709
1107716
1107738
1107785
1107816
1107849
1107929
1107932
1107947
1107993
1107997
1108146
1108188
1108195
1108263
1108311
1108338
1108386
1108425
1108470
1108522
1108580
1108587
1108667
1108671
1108740
1108753
1108763
1108777
1108848
1108926
1108952
1109033
1109095
1109103
1109116
1109228
1109246
1109362
1109436
1109497
1109607
1109651
1109700
1109824
1109871
1109959
1109979
1110019
1110052
1110068
1110107
1110193
1110206
1110208
1110214
1110271
1110311
1110322
1110333
1110335
1110364
1110413
1110432
1110445
1110482
1110545
1110581
1110664
1110704
1110748
1110760
1110847
1110852
1110897
1110952
1110960
1111005
1111020
1111031
1111079
1111146
1111212
1111241
1111269
1111339
1111369
1111483
1111487
1111500
1111515
1111534
1111595
1111730
1111783
1111807
1111827
1111871
1111957
1111963
1111977
1112047
1112089
1112105
1112135
1112167
1112191
1112306
1112313
1112341
1112345
1112357
1112404
1112427
1112531
1112561
1112618
1112659
1112719
1112730
1112816
1112867
1112945
1112985
1113010
1113026
1113211
1113222
1113226
1113258
1113340
1113349
1113470
1113500
1113501
1113640
1113705
1113725
1113768
1113782
1113877
1113915
1113939
1113967
1114001
1114023
1114054
1114088
1114092
1114095
1114097
1114104
1114124
1114138
1114152
1114155
1114168
1114196
1114197
1114231
1114267
1114289
1114290
1114297
1114439
1114485
1114526
1114570
1114582
1114635
1114640
1114666
1114719
1115013
1115039
1115108
1115120
1115230
1115286
1115293
1115384
1115415
1115509
1115574
1115630
1115644
1115657
1115676
1115679
1115729
1115826
1115835
1115906
1115951
1116001
1116104
1116128
1116180
1116208
1116233
1116335
1116388
1116435
1116492
1116624
1116664
1116667
1116692
1116711
1116739
1116793
1116797
1116830
1116836
1116897
1116936
1116963
1117014
1117036
1117092
1117226
1117242
1117288
1117304
1117356
1117366
1117380
1117383
1117440
1117463
1117476
1117482
1117490
1117525
1117555
1117561
1117568
1117582
1117699
1117746
1117783
1117787
1117829
1117838
1117855
1117872
1117886
1117944
1117990
1117992
1118078
1118157
1118172
1118184
1118197
1118211
1118225
1118259
1118320
1118325
1118341
1118349
1118366
1118398
1118443
1118446
1118491
1118514
1118533
1118598
1118623
1118634
1118654
1118674
1118746
1118755
1118757
1118773
1118776
1118794
1118833
1118855
1118873
1119126
1119262
1119276
1119290
1119345
1119354
1119356
1119372
1119457
1119484
1119510
1119582
1119719
1119725
1119750
1119758
1119911
1119947
1119996
1120079
1120111
1120136
1120195
1120225
1120242
1120301
1120312
1120347
1120446
1120572
1120593
1120632
1120638
1120654
1120666
1120671
1120703
1120720
1120752
1120768
1120774
1120777
1120812
1120848
1120922
1120976
1121001
1121042
1121046
1121228
1121263
1121285
1121294
1121313
1121330
1121358
1121402
1121420
1121544
1121618
1121678
1121691
1121713
1121737
1121767
1121805
1121848
1121928
1121967
1121978
1122095
1122132
1122135
1122151
1122171
1122186
1122189
1122322
1122385
1122424
1122441
1122502
1122576
1122582
1122616
1122672
1122679
1122741
1122794
1122814
1122870
1122893
1122918
1122948
1122981
1123023
1123041
1123068
1123101
1123152
1123192
1123222
1123236
1123261
1123346
1123390
1123412
1123445
1123464
1123469
1123517
1123533
1123537
1123547
1123566
1123571
1123599
1123765
1123769
1123773
1123784
1123931
1123958
1124070
1124176
1124177
1124256
1124305
1124356
1124394
1124424
1124500
1124510
1124607
1124670
1124776
1124903
1124921
1124936
1125075
1125146
1125148
1125158
1125203
1125265
1125289
1125297
1125335
1125348
1125479
1125533
1125555
1125775
1125856
1125934
1125937
1125978
1125984
1126052
1126055
1126060
1126081
1126104
1126131
1126149
1126174
1126228
1126269
1126408
1126414
1126442
1126453
1126561
1126580
1126584
1126609
1126642
1126669
1126720
1126781
1126798
1126819
1126849
1126856
1126867
1126879
1126913
1126988
1127005
1127050
1127133
1127158
1127205
1127232
1127244
1127368
1127376
1127384
1127415
1127418
1127448
1127523
1127590
1127667
1127668
1127688
1127783
1127839
1127840
1127963
1127997
1128057
1128068
1128084
1128143
1128215
1128236
1128257
1128279
1128317
1128338
1128425
1128446
1128448
1128471
1128485
1128546
1128676
1128843
1128865
1128878
1128891
1128996
1129004
1129060
1129073
1129096
1129124
1129154
1129194
1129208
1129247
1129391
1129430
1129539
1129562
1129581
1129699
1129753
1129773
1129774
1129795
1129806
1129809
1129820
1129821
1129840
1129850
1129889
1129995
1130029
1130045
1130061
1130258
1130262
1130330
1130344
1130362
1130384
1130482
1130499
1130627
1130676
1130751
1130756
1130762
1130783
1130803
1130812
1130825
1130832
1130881
1130892
1130895
1130908
1131000
1131060
1131169
1131198
1131204
1131402
1131408
1131456
1131545
1131551
1131555
1131583
1131616
1131722
1131736
1131770
1131796
1131823
1131926
1131965
1131982
1131988
1132083
1132107
1132134
1132149
1132255
1132296
1132367
1132377
1132387
1132392
1132442
1132472
1132521
1132614
1132627
1132659
1132719
1132733
1132788
1132809
1132888
1132910
1132919
1132929
1132944
1133062
1133072
1133085
1133130
1133171
1133234
1133237
1133238
1133337
1133343
1133363
1133375
1133377
1133392
1133414
1133428
1133502
1133512
1133577
1133587
1133594
1133605
1133702
1133707
1133732
1133873
1133916
1133957
1133992
1134030
1134116
1134147
1134197
1134217
1134237
1134267
1134269
1134280
1134318
1134330
1134387
1134424
1134503
1134555
1134604
1134618
1134626
1134633
1134645
1134799
1134815
1134831
1134885
1134919
1134953
1134983
1135001
1135009
1135020
1135037
1135047
1135055
1135140
1135158
1135192
1135208
1135232
1135239
1135308
1135410
1135422
1135545
1135606
1135626
1135639
1135705
1135716
1135738
1135871
1135890
1135965
1135971
1136162
1136168
1136221
1136259
1136270
1136290
1136342
1136351
1136369
1136371
1136383
1136474
1136497
1136530
1136575
1136598
1136624
1136800
1136868
1136934
1137010
1137023
1137032
1137042
1137058
1137075
1137082
1137094
1137113
1137143
1137189
1137206
1137225
1137294
1137339
1137350
1137375
1137415
1137475
1137483
1137530
1137532
1137562
1137601
1137622
1137675
1137684
1137698
1137712
1137718
1137745
1137805
1137827
1138067
1138158
1138168
1138223
1138252
1138262
1138287
1138388
1138431
1138434
1138477
1138500
1138545
1138561
1138677
1138683
1138723
1138797
1138811
1138828
1138833
1138864
1138870
1138965
1138969
1138999
1139027
1139091
1139103
1139106
1139183
1139378
1139405
1139485
1139693
1139767
1139793
1139802
1139817
1139829
1139840
1139899
1139916
1139961
1139973
1139987
1139993
1140003
1140111
1140270
1140341
1140356
1140369
1140428
1140495
1140528
1140541
1140567
1140599
1140631
1140661
1140802
1140816
1140847
1140896
1140898
1140929
1140936
1140943
1141034
1141048
1141115
1141198
1141264
1141293
1141377
1141407
1141414
1141430
1141450
1141469
1141480
1141547
1141562
1141575
1141595
1141599
1141741
1141749
1141768
1141790
1141813
1141856
1141886
1141908
1141913
1141915
1141942
1141952
1141981
1142028
1142096
1142111
1142193
1142227
1142307
1142345
1142494
1142501
1142514
1142516
1142540
1142619
1142637
1142701
1142728
1142764
1142813
1142835
1142935
1142996
1143138
1143162
1143163
1143193
1143233
1143243
1143298
1143341
1143347
1143370
1143401
1143444
1143469
1143495
1143500
1143517
1143529
1143566
1143697
1143719
1143752
1143757
1143777
1143818
1143839
1143881
1143895
1143931
1143940
1144131
1144158
1144184
1144201
1144205
1144209
1144224
1144239
1144261
1144295
1144305
1144315
1144329
1144346
1144385
1144439
1144465
1144480
1144492
1144536
1144579
1144580
1144609
1144644
1144681
1144685
1144694
1144697
1144717
1144767
1144816
1144856
1144858
1144886
1145064
1145093
1145179
1145242
1145260
1145467
1145478
1145492
1145517
1145528
1145532
1145665
1145686
1145707
1145758
1145787
1145826
1145833
1145858
1145939
1145940
1146052
1146065
1146122
1146134
1146137
1146185
1146191
1146199
1146206
1146242
1146244
1146270
1146291
1146301
1146307
1146357
1146402
1146466
1146477
1146479
1146585
1146617
1146657
1146753
1146806
1146868
1146919
1146952
1147076
1147095
1147148
1147211
1147220
1147238
1147333
1147349
1147374
1147393
1147467
1147607
1147620
1147658
1147777
1147799
1147848
1147945
1148058
1148112
1148119
1148139
1148178
1148242
1148318
1148371
1148419
1148479
1148522
1148527
1148561
1148577
1148580
1148624
1148639
1148759
1148762
1148776
1148815
1148836
1148871
1148879
1149002
1149051
1149097
1149102
1149151
1149172
1149207
1149218
1149225
1149334
1149378
1149499
1149533
1149611
1149648
1149656
1149661
1149664
1149676
1149711
1149719
1149737
1149769
1149773
1149809
1149846
1149940
1149956
1149984
1150020
1150040
1150108
1150167
1150339
1150366
1150408
1150410
1150429
1150477
1150544
1150567
1150580
1150757
1150829
1150863
1150882
1150912
1150947
1150957
1151050
1151112
1151117
1151155
1151277
1151324
1151347
1151358
1151363
1151388
1151401
1151452
1151455
1151462
1151524
1151530
1151564
1151672
1151685
1151736
1151749
1151788
1151800
1151833
1151840
1151885
1151897
1152025
1152046
1152054
1152361
1152378
1152400
1152417
1152428
1152461
1152472
1152546
1152552
1152629
1152698
1152717
1152764
1152817
1152830
1152837
1152848
1152886
1152897
1152922
1152948
1153001
1153043
1153073
1153079
1153105
1153145
1153153
1153161
1153191
1153202
1153220
1153289
1153297
1153311
1153367
1153401
1153409
1153458
1153504
1153521
1153533
1153548
1153600
1153602
1153608
1153612
1153635
1153671
1153694
1153706
1153715
1153857
1153866
1153896
1153918
1153962
1153968
1153985
1154004
1154079
1154090
1154111
1154127
1154143
1154207
1154217
1154253
1154331
1154436
1154448
1154519
1154559
1154571
1154642
1154777
1154814
1154840
1154850
1154865
1154877
1154958
1155025
1155033
1155044
1155066
1155073
1155151
1155157
1155296
1155315
1155321
1155324
1155334
1155422
1155436
1155637
1155662
1155696
1155701
1155713
1155816
1155831
1155880
1155937
1155960
1155966
1155984
1155995
1156038
1156110
1156225
1156256
1156265
1156293
1156459
1156543
1156568
1156592
1156630
1156634
1156664
1156714
1156740
1156775
1156803
1156837
1156914
1156951
1157027
1157042
1157117
1157196
1157225
1157265
1157292
1157314
1157405
1157412
1157416
1157453
1157570
1157577
1157619
1157747
1157827
1157874
1157908
1157923
1157947
1157965
1157968
1157972
1158009
1158027
1158054
1158103
1158173
1158257
1158260
1158618
1158739
1158782
1158827
1158840
1158932
1158957
1159003
1159050
1159122
1159126
1159153
1159177
1159224
1159245
1159397
1159417
1159463
1159503
1159517
1159525
1159548
1159608
1159616
1159650
1159703
1159718
1159889
1159907
1159911
1159919
1159921
1160036
1160055
1160070
1160114
1160204
1160291
1160322
1160343
1160374
1160393
1160438
1160475
1160506
1160556
1160600
1160622
1160676
1160713
1160723
1160727
1160731
1160739
1160911
1160914
1160947
1160990
1161000
1161019
1161032
1161067
1161099
1161146
1161192
1161196
1161217
1161259
1161272
1161278
1161290
1161329
1161333
1161352
1161373
1161394
1161398
1161403
1161424
1161432
1161449
1161453
1161454
1161490
1161525
1161541
1161556
1161567
1161683
1161700
1161718
1161851
1161895
1161937
1162031
1162039
1162055
1162071
1162148
1162307
1162315
1162366
1162385
1162406
1162425
1162545
1162550
1162630
1162719
1162738
1162775
1162776
1162812
1162817
1162840
1162849
1162935
1163058
1163099
1163105
1163127
1163138
1163226
1163231
1163239
1163268
1163287
1163301
1163337
1163342
1163357
1163390
1163428
1163431
1163446
1163481
1163493
1163525
1163526
1163531
1163553
1163587
1163610
1163631
1163637
1163720
1163737
1163744
1163771
1163776
1163825
1163832
1163871
1163936
1163984
1164170
1164252
1164404
1164519
1164533
1164541
1164575
1164615
1164632
1164749
1164791
1164798
1164836
1164897
1164950
1164967
1164982
1165031
1165065
1165067
1165187
1165224
1165244
1165259
1165306
1165338
1165344
1165379
1165395
1165436
1165453
1165455
1165459
1165478
1165517
1165530
1165540
1165594
1165596
1165619
1165663
1165675
1165710
1165722
1165724
1165727
1165781
1165941
1165950
1165986
1165996
1166086
1166099
1166167
1166224
1166235
1166274
1166317
1166382
1166418
1166421
1166440
1166451
1166472
1166513
1166661
1166686
1166715
1166718
1166720
1166741
1166871
1166909
1166920
1166934
1166974
1167018
1167040
1167053
1167100
1167128
1167181
1167194
1167222
1167232
1167256
1167291
1167313
1167326
1167336
1167355
1167365
1167397
1167405
1167431
1167451
1167462
1167494
1167522
1167592
1167631
1167647
1167683
1167731
1167791
1167822
1167832
1167841
1167854
1167896
1167919
1167946
1167952
1167962
1168007
1168100
1168113
1168122
1168166
1168202
1168300
1168323
1168362
1168391
1168406
1168443
1168502
1168533
1168547
1168559
1168569
1168637
1168707
1168718
1168781
1168834
1168840
1168848
1168884
1168915
1168932
1168935
1168939
1168955
1169103
1169151
1169155
1169184
1169265
1169307
1169312
1169356
1169366
1169372
1169424
1169488
1169533
1169665
1169667
1169712
1169763
1169790
1169911
1169915
1169926
1169929
1169941
1170006
1170026
1170034
1170067
1170114
1170176
1170180
1170193
1170203
1170265
1170285
1170320
1170328
1170422
1170473
1170478
1170483
1170532
1170545
1170554
1170626
1170772
1170774
1171025
1171068
1171123
1171156
1171227
1171240
1171302
1171316
1171392
1171413
1171466
1171487
1171532
1171581
1171677
1171679
1171717
1171792
1171841
1171855
1171869
1171960
1171970
1171974
1172008
1172114
1172148
1172176
1172229
1172293
1172317
1172329
1172372
1172379
1172388
1172416
1172484
1172539
1172554
1172556
1172560
1172603
1172607
1172623
1172643
1172674
1172692
1172794
1172804
1172984
1173028
1173151
1173155
1173185
1173224
1173232
1173283
1173314
1173370
1173547
1173552
1173564
1173584
1173666
1173925
1173937
1173952
1173956
1173963
1173990
1174029
1174082
1174102
1174105
1174130
1174164
1174189
1174205
1174214
1174274
1174329
1174444
1174451
1174510
1174517
1174554
1174590
1174597
1174600
1174644
1174728
1174733
1175043
1175050
1175058
1175083
1175103
1175107
1175132
1175172
1175248
1175426
1175479
1175490
1175561
1175580
1175583
1175598
1175602
1175628
1175655
1175701
1175707
1175768
1175790
1175791
1175800
1175875
1175877
1175883
1175986
1175998
1176016
1176066
1176179
1176569
1176572
1176580
1176597
1176611
1176616
1176623
1176633
1176638
1176683
1176686
1176691
1176726
1176754
1176758
1176842
1176857
1176861
1176878
1176882
1176896
1176934
1176952
1176962
1176973
1176976
1176988
1177023
1177055
1177059
1177069
1177093
1177103
1177244
1177253
1177317
1177327
1177353
1177367
1177488
1177496
1177503
1177513
1177518
1177596
1177621
1177631
1177733
1177779
1177812
1177849
1177851
1177855
1177888
1177902
1177914
1177925
1177979
1177995
1178087
1178090
1178155
1178207
1178232
1178242
1178252
1178258
1178284
1178293
1178346
1178366
1178389
1178412
1178442
1178466
1178508
1178546
1178566
1178568
1178575
1178593
1178594
1178640
1178673
1178685
1178696
1178726
1178755
1178760
1178843
1178860
1178880
1178937
1178948
1178952
1178979
1178991
1179049
1179057
1179103
1179141
1179242
1179265
1179270
1179321
1179340
1179357
1179359
1179399
1179419
1179491
1179739
1179834
1179907
1179914
1179951
1179965
1179972
1180076
1180125
1180383
1180496
1180500
1180514
1180582
1180638
1180675
1180713
1180715
1180735
1180744
1180785
1180853
1180858
1180925
1180949
1180956
1180971
1181030
1181045
1181115
1181145
1181155
1181228
1181252
1181293
1181378
1181421
1181440
1181447
1181463
1181470
1181487
1181490
1181502
1181528
1181531
1181533
1181537
1181558
1181562
1181600
1181633
1181646
1181652
1181663
1181673
1181699
1181895
1181945
1181951
1182071
1182074
1182175
1182277
1182313
1182408
1182467
1182489
1182497
1182602
1182624
1182638
1182652
1182735
1182746
1182798
1182861
1182897
1182921
1182950
1182970
1182996
1183006
1183030
1183057
1183101
1183132
1183188
1183235
1183306
1183433
1183488
1183518
1183526
1183536
1183549
1183561
1183600
1183627
1183644
1183680
1183684
1183731
1183748
1183798
1183912
1183929
1183970
1184006
1184016
1184072
1184084
1184109
1184115
1184240
1184296
1184319
1184375
1184410
1184414
1184431
1184510
1184522
1184563
1184576
1184587
1184592
1184623
1184659
1184665
1184752
1184766
1184769
1184788
1184833
1184838
1184844
1184927
1184930
1185022
1185036
1185078
1185095
1185135
1185301
1185331
1185360
1185367
1185405
1185409
1185466
1185500
1185588
1185604
1185632
1185793
1185878
1185982
1186063
1186070
1186170
1186276
1186302
1186321
1186325
1186366
1186467
1186537
1186564
1186634
1186658
1186693
1186721
1186727
1186785
1186815
1186842
1186952
1187036
1187135
1187152
1187174
1187227
1187305
1187311
1187336
1187338
1187382
1187387
1187394
1187404
1187453
1187535
1187590
1187623
1187793
1187800
1187893
1187903
1187905
1187932
1187941
1187996
1188148
1188186
1188208
1188212
1188231
1188244
1188279
1188290
1188413
1188425
1188470
1188523
1188531
1188572
1188644
1188739
1188798
1188837
1188859
1188875
1188879
1188903
1188972
1189033
1189054
1189072
1189088
1189124
1189205
1189211
1189226
1189311
1189360
1189381
1189393
1189468
1189477
1189503
1189771
1189867
1189983
1190007
1190011
1190077
1190109
1190127
1190140
1190211
1190268
1190282
1190293
1190382
1190397
1190409
1190448
1190477
1190509
1190527
1190565
1190574
1190639
1190767
1190828
1190945
1190962
1190979
1191027
1191080
1191084
1191115
1191207
1191209
1191250
1191300
1191373
1191452
1191485
1191539
1191571
1191586
1191604
1191633
1191639
1191687
1191700
1191702
1191744
1191746
1191807
1191845
1191857
1191920
1191953
1192031
1192059
1192063
1192103
1192156
1192172
1192186
1192200
1192288
1192299
1192311
1192349
1192365
1192520
1192587
1192700
1192744
1192779
1192883
1192941
1192960
1192967
1192991
1193014
1193060
1193066
1193081
1193094
1193109
1193149
1193153
1193193
1193272
1193282
1193299
1193374
1193378
1193381
1193391
1193431
1193438
1193457
1193483
1193497
1193503
1193526
1193574
1193586
1193602
1193623
1193686
1193700
1193734
1193736
1193742
1193784
1193833
1193845
1193930
1194001
1194034
1194092
1194135
1194138
1194152
1194171
1194193
1194201
1194263
1194285
1194338
1194341
1194384
1194454
1194460
1194461
1194509
1194516
1194542
1194584
1194593
1194612
1194629
1194751
1194779
1194787
1194789
1194800
1194823
1194839
1194875
1194961
1195014
1195027
1195036
1195152
1195283
1195290
1195319
1195339
1195365
1195380
1195469
1195480
1195528
1195537
1195543
1195575
1195754
1195799
1195809
1195820
1195839
1195848
1195874
1195876
1195882
1195962
1195970
1195990
1196216
1196227
1196234
1196289
1196292
1196325
1196338
1196383
1196392
1196458
1196473
1196480
1196494
1196496
1196577
1196594
1196608
1196630
1196640
1196650
1196694
1196709
1196715
1196746
1196774
1196776
1196896
1196944
1196949
1196954
1196971
1196997
1197084
1197102
1197134
1197143
1197216
1197222
1197297
1197332
1197349
1197377
1197421
1197449
1197485
1197505
1197527
1197547
1197557
1197608
1197637
1197707
1197714
1197728
1197732
1197803
1197811
1197869
1197870
1197880
1197947
1197983
1198027
1198032
1198069
1198149
1198161
1198216
1198256
1198265
1198273
1198281
1198291
1198333
1198337
1198356
1198391
1198396
1198417
1198446
1198480
1198506
1198592
1198620
1198649
1198701
1198749
1198820
1198831
1198836
1198871
1198909
1198969
1199018
1199048
1199060
1199072
1199116
1199130
1199174
1199184
1199208
1199222
1199316
1199525
1199530
1199657
1199664
1199681
1199687
1199700
1199718
1199767
1199855
1199857
1199864
1199884
1199911
1199942
1199980
1199997
1200038
1200058
1200088
1200126
1200242
1200292
1200413
1200425
1200462
1200605
1200654
1200666
1200693
1200779
1200819
1200894
1200906
1200915
1200928
1200943
1200947
1201156
1201192
1201281
1201283
1201294
1201301
1201309
1201322
1201394
1201401
1201416
1201422
1201432
1201441
1201498
1201519
1201531
1201575
1201601
1201644
1201694
1201733
1201799
1201806
1201812
1201817
1201820
1201868
1201885
1201921
1201962
1202042
1202065
1202081
1202084
1202087
1202122
1202247
1202270
1202305
1202306
1202309
1202412
1202443
1202446
1202500
1202501
1202507
1202514
1202597
1202607
1202613
1202679
1202732
1202736
1202850
1202897
1202937
1202971
1203018
1203044
1203123
1203142
1203157
1203275
1203311
1203328
1203421
1203430
1203454
1203461
1203482
1203532
1203578
1203599
1203626
1203763
1203799
1203876
1203916
1203927
1203943
1203957
1204004
1204036
1204039
1204068
1204084
1204239
1204261
1204364
1204367
1204433
1204499
1204600
1204613
1204627
1204665
1204730
1204746
1204749
1204753
1204861
1204890
1204935
1204975
1205007
1205014
1205048
1205092
1205135
1205170
1205181
1205344
1205362
1205396
1205434
1205442
1205520
1205556
1205596
1205614
1205642
1205697
1205742
1205759
1205766
1205863
1205896
1206018
1206024
1206047
1206061
1206151
1206176
1206195
1206241
1206283
1206289
1206294
1206313
1206327
1206365
1206384
1206386
1206405
1206477
1206491
1206524
1206527
1206561
1206592
1206637
1206661
1206719
1206736
1206747
1206786
1206803
1206819
1206825
1206965
1206972
1207004
1207011
1207015
1207034
1207047
1207114
1207124
1207143
1207170
1207182
1207219
1207236
1207272
1207280
1207298
1207312
1207335
1207341
1207349
1207376
1207385
1207420
1207448
1207454
1207489
1207677
1207684
1207709
1207724
1207751
1207783
1207874
1207883
1207910
1207950
1207965
1207985
1208019
1208082
1208092
1208181
1208222
1208227
1208336
1208342
1208402
1208407
1208453
1208495
1208518
1208546
1208603
1208627
1208640
1208644
1208681
1208704
1208853
1208886
1208965
1208984
1209079
1209106
1209112
1209157
1209196
1209358
1209383
1209387
1209490
1209589
1209602
1209669
1209766
1209772
1209823
1209830
1209855
1209900
1209910
1209925
1209938
1210048
1210065
1210155
1210252
1210261
1210296
1210336
1210351
1210369
1210440
1210459
1210475
1210514
1210526
1210549
1210580
1210618
1210645
1210706
1210812
1210838
1210847
1210926
1210939
1210950
1210993
1211007
1211028
1211066
1211069
1211130
1211137
1211159
1211164
1211171
1211179
1211220
1211229
1211276
1211287
1211293
1211296
1211465
1211473
1211510
1211532
1211582
1211602
1211629
1211635
1211689
1211697
1211728
1211754
1211809
1211830
1211856
1211873
1211879
1211881
1211921
1211937
1211989
1212009
1212016
1212036
1212042
1212110
1212114
1212128
1212130
1212163
1212171
1212189
1212210
1212221
1212270
1212312
1212320
1212407
1212449
1212479
1212551
1212587
1212621
1212650
1212665
1212698
1212774
1212789
1212932
1212958
1213018
1213050
1213066
1213068
1213115
1213123
1213164
1213167
1213173
1213202
1213212
1213222
1213285
1213303
1213306
1213362
1213387
1213397
1213454
1213669
1213689
1213690
1213709
1213725
1213733
1213788
1213840
1213898
1213914
1213930
1214007
1214011
1214029
1214062
1214069
1214089
1214119
1214150
1214211
1214220
1214250
1214251
1214327
1214342
1214389
1214505
1214525
1214590
1214608
1214633
1214670
1214701
1214736
1214754
1214844
1214856
1214860
1214869
1214886
1214942
1214947
1215000
1215003
1215014
1215022
1215097
1215101
1215114
1215141
1215231
1215260
1215287
1215297
1215356
1215368
1215422
1215435
1215459
1215474
1215499
1215576
1215587
1215645
1215655
1215729
1215735
1215881
1215992
1215993
1215995
1215999
1216012
1216025
1216036
1216038
1216156
1216250
1216254
1216396
1216401
1216469
1216528
1216553
1216609
1216614
1216644
1216756
1216763
1216781
1216827
1216863
1216872
1216913
1216924
1216950
1216981
1216999
1217008
1217080
1217112
1217125
1217145
1217148
1217186
1217253
1217262
1217310
1217349
1217428
1217429
1217502
1217595
1217604
1217631
1217790
1217821
1217863
1217894
1217918
1217930
1217948
1217974
1218011
1218054
1218058
1218065
1218071
1218155
1218223
1218341
1218394
1218434
1218508
1218513
1218531
1218570
1218572
1218599
1218617
1218652
1218687
1218698
1218746
1218805
1218809
1218855
1218900
1218975
1219038
1219085
1219090
1219183
1219221
1219257
1219286
1219316
1219325
1219359
1219370
1219455
1219462
1219467
1219472
1219529
1219577
1219580
1219593
1219602
1219627
1219634
1219679
1219753
1219794
1219839
1219861
1219971
1219976
1220012
1220042
1220080
1220092
1220115
1220170
1220175
1220185
1220218
1220226
1220282
1220326
1220354
1220508
1220569
1220572
1220579
1220581
1220648
1220676
1220679
1220744
1220767
1220790
1220849
1220993
1220995
1221030
1221054
1221069
1221206
1221213
1221255
1221302
1221309
1221404
1221431
1221457
1221469
1221485
1221496
1221497
1221532
1221546
1221604
1221618
1221665
1221685
1221785
1221808
1221826
1221835
1221857
1221891
1221923
1221931
1221960
1221967
1221976
1221999
1222082
1222113
1222122
1222230
1222288
1222289
1222319
1222386
1222389
1222397
1222491
1222574
1222647
1222697
1222738
1222769
1222818
1222955
1222967
1223107
1223108
1223146
1223168
1223202
1223213
1223244
1223273
1223362
1223382
1223389
1223517
1223664
1223672
1223703
1223712
1223747
1223753
1223761
1223845
1223970
1223997
1223998
1224045
1224075
1224220
1224234
1224248
1224273
1224300
1224302
1224338
1224424
1224443
1224445
1224458
1224464
1224479
1224533
1224548
1224662
1224670
1224749
1224874
1225003
1225057
1225101
1225114
1225145
1225250
1225348
1225501
1225560
1225562
1225592
1225681
1225724
1225773
1225904
1225976
1225999
1226011
1226049
1226082
1226104
1226106
1226154
1226163
1226179
1226187
1226194
1226282
1226285
1226293
1226296
1226298
1226331
1226373
1226375
1226414
1226440
1226484
1226497
1226514
1226552
1226611
1226677
1226707
1226726
1226768
1226995
1227002
1227020
1227073
1227075
1227103
1227150
1227165
1227207
1227218
1227225
1227347
1227360
1227465
1227466
1227467
1227510
1227548
1227565
1227572
1227655
1227710
1227713
1227726
1227845
1227859
1227883
1227982
1228070
1228081
1228134
1228136
1228225
1228227
1228231
1228238
1228259
1228286
1228333
1228334
1228345
1228355
1228383
1228388
1228394
1228430
1228445
1228471
1228490
1228652
1228678
1228686
1228862
1228865
1228876
1228906
1228961
1228989
1229011
1229018
1229043
1229068
1229074
1229155
1229161
1229218
1229266
1229360
1229372
1229403
1229407
1229419
1229442
1229445
1229453
1229466
1229519
1229525
1229530
1229550
1229585
1229615
1229619
1229666
1229711
1229770
1229832
1229834
1229899
1229937
1229946
1229967
1229982
1230013
1230060
1230073
1230087
1230118
1230178
1230250
1230356
1230393
1230423
1230480
1230509
1230514
1230524
1230633
1230708
1230779
1230825
1230850
1230940
1230949
1231135
1231147
1231292
1231322
1231364
1231393
1231455
1231477
1231504
1231569
1231573
1231596
1231670
1231680
1231684
1231729
1231805
1231825
1231903
1231916
1231967
1231995
1231998
1232013
1232052
1232068
1232122
1232136
1232181
1232429
1232485
1232580
1232591
1232602
1232683
1232698
1232718
1232783
1232877
1232930
1232980
1233003
1233039
1233059
1233069
1233078
1233082
1233108
1233149
1233178
1233195
1233220
1233266
1233322
1233349
1233443
1233481
1233494
1233536
1233546
1233618
1233643
1233720
1233782
1233850
1233879
1233913
1233925
1233937
1233951
1234013
1234016
1234026
1234033
1234040
1234069
1234108
1234154
1234250
1234296
1234413
1234442
1234510
1234529
1234598
1234646
1234722
1234763
1234787
1234838
1234855
1234859
1234893
1234959
1234995
1235028
1235062
1235091
1235120
1235220
1235224
1235235
1235560
1235570
1235596
1235618
1235699
1235785
1235800
1235893
1235895
1235928
1235947
1235959
1235961
1236070
1236082
1236205
1236211
1236359
1236427
1236450
1236469
1236478
1236494
1236507
1236571
1236615
1236621
1236623
1236678
1236727
1236855
1236883
1236908
1236979
1236995
1236997
1237018
1237067
1237070
1237089
1237134
1237142
1237159
1237178
1237284
1237285
1237300
1237344
1237380
1237411
1237465
1237473
1237484
1237547
1237550
1237595
1237616
1237621
1237629
1237636
1237646
1237654
1237670
1237681
1237775
1237797
1237950
1237963
1238005
1238018
1238019
1238040
1238050
1238074
1238111
1238115
1238176
1238185
1238223
1238332
1238363
1238427
1238499
1238587
1238621
1238626
1238686
1238718
1238728
1238748
1238784
1238817
1238871
1238874
1238897
1238931
1239013
1239023
1239053
1239094
1239122
1239156
1239189
1239301
1239408
1239419
1239454
1239487
1239511
1239554
1239592
1239596
1239608
1239649
1239684
1239754
1239757
1239830
1239858
1239886
1239888
1239919
1239979
1240010
1240026
1240039
1240200
1240227
1240234
1240245
1240262
1240265
1240330
1240377
1240400
1240418
1240419
1240459
1240479
1240528
1240672
1240720
1240748
1240798
1240804
1240815
1240830
1240864
1240902
1240911
1240928
1240943
1240962
1240984
1240994
1241004
1241065
1241097
1241099
1241191
1241251
1241274
1241287
1241305
1241357
1241359
1241408
1241481
1241562
1241572
1241595
1241645
1241735
1241842
1241902
1241905
1241992
1241997
1242027
1242032
1242037
1242118
1242168
1242344
1242350
1242433
1242463
1242480
1242485
1242490
1242528
1242538
1242563
1242599
1242613
1242746
1242747
1242832
1242973
1242996
1243036
1243069
1243081
1243130
1243243
1243249
1243257
1243337
1243352
1243442
1243461
1243462
1243596
1243681
1243754
1243811
1243889
1243898
1243917
1243963
1244138
1244177
1244189
1244205
1244343
1244351
1244394
1244448
1244475
1244483
1244502
1244510
1244568
1244578
1244589
1244663
1244735
1244739
1244768
1244894
1244925
1244940
1244959
1244966
1245001
1245111
1245134
1245141
1245186
1245204
1245222
1245224
1245346
1245454
1245489
1245512
1245627
1245655
1245674
1245681
1245725
1245804
1245822
1245840
1245875
1245907
1245908
1245948
1246020
1246072
1246090
1246092
1246106
1246117
1246207
1246256
1246271
1246320
1246331
1246392
1246477
1246519
1246761
1246792
1246808
1246859
1246902
1246911
1246961
1246974
1246993
1246994
1247035
1247094
1247130
1247163
1247178
1247207
1247221
1247241
1247281
1247361
1247449
1247460
1247515
1247518
1247532
1247535
1247582
1247651
1247676
1247738
1247784
1247791
1247793
1247855
1247902
1247979
1248005
1248010
1248067
1248104
1248113
1248118
1248122
1248128
1248176
1248190
1248207
1248262
1248288
1248352
1248368
1248391
1248471
1248507
1248526
1248534
1248574
1248627
1248665
1248688
1248706
1248737
1248753
1248814
1248944
1248978
1248987
1249114
1249159
1249204
1249276
1249324
1249338
1249345
1249373
1249418
1249425
1249430
1249460
1249488
1249500
1249601
1249612
1249650
1249653
1249668
1249722
1249747
1249756
1249774
1249788
1249836
1249883
1249971
1249995
1250033
1250037
1250079
1250151
1250413
1250420
1250513
1250558
1250587
1250604
1250640
1250740
1250805
1250822
1250874
1250928
1250982
1251034
1251057
1251064
1251128
1251143
1251289
1251290
1251292
1251300
1251364
1251450
1251461
1251468
1251474
1251476
1251482
1251569
1251583
1251643
1251712
1251747
1251790
1251794
1251808
1251844
1251963
1251987
1252038
1252045
1252153
1252192
1252254
1252264
1252271
1252371
1252385
1252472
1252507
1252535
1252591
1252600
1252629
1252771
1252873
1252924
1252938
1252958
1252987
1252991
1253020
1253047
1253051
1253060
1253086
1253142
1253201
1253218
1253226
1253270
1253293
1253342
1253442
1253458
1253466
1253479
1253502
1253526
1253548
1253549
1253555
1253560
1253562
1253614
1253616
1253637
1253686
1253694
1253713
1253755
1253838
1253923
1253936
1254023
1254095
1254111
1254122
1254126
1254226
1254249
1254305
1254341
1254380
1254391
1254404
1254446
1254479
1254495
1254524
1254545
1254591
1254636
1254685
1254784
1254815
1254842
1254891
1254946
1254962
1254964
1254975
1255038
1255070
1255143
1255159
1255187
1255197
1255208
1255211
1255232
1255244
1255256
1255260
1255294
1255300
1255311
1255339
1255360
1255374
1255388
1255389
1255396
1255451
1255576
1255586
1255592
1255604
1255682
1255692
1255728
1255749
1255767
1255781
1255817
1255832
1255842
1255856
1255872
1255875
1255887
1255929
1255973
1256021
1256053
1256054
1256069
1256080
1256083
1256126
1256133
1256143
1256176
1256217
1256271
1256302
1256411
1256414
1256468
1256511
1256552
1256559
1256706
1256788
1256870
1256946
1256960
1257061
1257078
1257102
1257159
1257184
1257206
1257208
1257268
1257338
1257352
1257361
1257403
1257429
1257447
1257450
1257636
1257655
1257698
1257734
1257747
1257760
1257768
1257814
1257835
1257856
1257872
1257921
1257929
1257999
1258094
1258102
1258172
1258174
1258181
1258211
1258253
1258295
1258296
1258332
1258356
1258369
1258370
1258437
1258473
1258584
1258586
1258638
1258679
1258725
1258734
1258754
1258798
1258847
1258870
1258874
1258955
1258977
1258990
1258994
1259006
1259036
1259038
1259044
1259047
1259072
1259121
1259124
1259145
1259234
1259265
1259286
1259325
1259392
1259408
1259418
1259436
1259551
1259560
1259576
1259585
1259612
1259663
1259675
1259760
1259772
1259842
1259948
1260016
1260020
1260029
1260030
1260058
1260127
1260151
1260158
1260296
1260341
1260462
1260529
1260532
1260551
1260655
1260713
1260844
1260884
1260952
1261055
1261130
1261136
1261184
1261242
1261316
1261343
1261448
1261503
1261545
1261550
1261560
1261606
1261611
1261671
1261783
1261794
1261903
1261916
1261950
1261985
1262061
1262085
1262167
1262187
1262204
1262266
1262284
1262288
1262411
1262444
1262475
1262483
1262540
1262553
1262571
1262589
1262642
1262748
1262779
1262808
1262846
1262867
1262952
1262984
1262992
1263018
1263022
1263062
1263073
1263089
1263106
1263110
1263209
1263304
1263312
1263369
1263409
1263412
1263419
1263477
1263495
1263531
1263555
1263645
1263743
1263757
1263776
1263782
1263803
1263858
1263931
1263941
1263959
1263967
1264008
1264058
1264067
1264073
1264086
1264126
1264131
1264136
1264291
1264315
1264320
1264347
1264422
1264486
1264517
1264594
1264638
1264694
1264794
1264808
1264925
1264929
1264957
1264965
1264997
1265012
1265110
1265126
1265163
1265187
1265189
1265190
1265263
1265287
1265300
1265324
1265348
1265404
1265461
1265482
1265489
1265499
1265546
1265556
1265582
1265708
1265825
1265935
1265952
1265993
1266004
1266033
1266084
1266105
1266142
1266159
1266178
1266186
1266239
1266270
1266281
1266317
1266400
1266506
1266515
1266519
1266586
1266599
1266619
1266630
1266761
1266770
1266831
1266863
1266978
1267037
1267085
1267165
1267185
1267379
1267424
1267451
1267458
1267482
1267516
1267523
1267527
1267545
1267622
1267646
1267663
1267702
1267706
1267731
1267733
1267747
1268020
1268027
1268078
1268123
1268143
1268172
1268196
1268213
1268229
1268232
1268236
1268372
1268384
1268472
1268475
1268478
1268519
1268549
1268566
1268595
1268630
1268715
1268761
1268780
1268788
1268810
1268824
1268849
1268868
1268886
1268902
1268924
1268947
1269047
1269119
1269160
1269338
1269358
1269362
1269408
1269440
1269465
1269481
1269543
1269557
1269701
1269716
1269742
1269768
1269790
1269793
1269801
1269865
1269906
1270011
1270026
1270047
1270081
1270246
1270294
1270461
1270500
1270511
1270561
1270580
1270623
1270634
1270722
1270735
1270808
1270817
1270822
1270865
1270871
1270918
1271011
1271012
1271089
1271206
1271231
1271240
1271276
1271278
1271328
1271383
1271426
1271555
1271576
1271585
1271675
1271683
1271812
1271887
1271893
1272053
1272074
1272088
1272100
1272162
1272167
1272265
1272280
1272352
1272467
1272498
1272538
1272550
1272573
1272592
1272614
1272622
1272753
1272769
1272853
1272863
1272875
1272890
1272961
1272972
1272998
1273021
1273055
1273094
1273098
1273112
1273137
1273149
1273206
1273339
1273380
1273463
1273472
1273526
1273558
1273582
1273600
1273602
1273651
1273658
1273679
1273717
1273729
1273869
1273936
1273941
1273955
1273993
1274031
1274041
1274052
1274067
1274070
1274092
1274132
1274206
1274294
1274326
1274332
1274333
1274364
1274370
1274416
1274443
1274460
1274463
1274479
1274485
1274557
1274569
1274570
1274574
1274638
1274693
1274701
1274738
1274759
1274772
1274822
1274951
1274982
1274995
1275002
1275105
1275107
1275109
1275144
1275236
1275285
1275295
1275300
1275367
1275410
1275481
1275487
1275496
1275552
1275582
1275594
1275667
1275700
1275724
1275727
1275736
1275751
1275792
1275799
1275832
1275852
1275861
1275871
1275915
1275966
1275983
1276029
1276084
1276097
1276107
1276175
1276188
1276215
1276249
1276388
1276457
1276545
1276557
1276582
1276585
1276603
1276607
1276609
1276611
1276626
1276723
1276731
1276734
1276770
1276817
1276850
1276856
1276862
1276865
1276897
1276914
1276940
1276994
1276998
1277041
1277095
1277099
1277138
1277158
1277212
1277260
1277283
1277370
1277389
1277477
1277486
1277553
1277581
1277590
1277598
1277602
1277635
1277688
1277736
1277804
1277808
1277870
1277875
1277920
1277983
1278029
1278178
1278249
1278342
1278363
1278415
1278482
1278508
1278555
1278576
1278744
1278785
1278805
1278819
1278899
1278918
1278957
1278968
1279024
1279148
1279167
1279191
1279198
1279206
1279211
1279216
1279260
1279272
1279278
1279304
1279309
1279410
1279474
1279492
1279524
1279540
1279645
1279652
1279660
1279674
1279728
1279818
1279872
1279878
1279917
1279955
1279966
1280015
1280021
1280022
1280064
1280091
1280117
1280122
1280186
1280214
1280233
1280311
1280325
1280412
1280448
1280468
1280497
1280536
1280554
1280607
1280676
1280680
1280698
1280734
1280739
1280785
1280787
1280820
1280859
1280878
1280926
1281009
1281018
1281072
1281127
1281149
1281156
1281169
1281194
1281211
1281252
1281351
1281477
1281495
1281510
1281513
1281551
1281630
1281658
1281917
1281951
1281978
1282011
1282014
1282073
1282078
1282090
1282107
1282139
1282165
1282216
1282249
1282257
1282297
1282360
1282370
1282373
1282394
1282407
1282447
1282465
1282468
1282504
1282513
1282602
1282608
1282617
1282642
1282662
1282674
1282731
1282782
1282786
1282804
1282843
1282851
1282875
1282888
1282902
1282966
1283035
1283070
1283105
1283114
1283148
1283223
1283229
1283273
1283407
1283454
1283470
1283473
1283487
1283556
1283607
1283708
1283771
1283794
1283875
1283880
1283918
1283953
1284017
1284090
1284109
1284118
1284125
1284148
1284192
1284247
1284257
1284285
1284322
1284336
1284344
1284375
1284381
1284411
1284454
1284463
1284556
1284561
1284575
1284641
1284657
1284720
1284759
1284838
1284860
1284865
1284876
1284979
1285070
1285075
1285096
1285100
1285116
1285138
1285147
1285175
1285176
1285230
1285294
1285298
1285347
1285413
1285471
1285505
1285645
1285657
1285667
1285710
1285742
1285757
1285810
1285937
1286007
1286107
1286140
1286184
1286190
1286237
1286377
1286389
1286395
1286408
1286416
1286451
1286522
1286543
1286618
1286633
1286634
1286671
1286712
1286730
1286765
1286773
1286835
1286871
1286879
1287082
1287091
1287101
1287141
1287171
1287227
1287232
1287287
1287301
1287381
1287403
1287459
1287495
1287498
1287519
1287566
1287573
1287624
1287652
1287694
1287724
1287745
1287766
1287769
1287776
1287783
1287868
1287918
1287957
1287968
1288056
1288081
1288130
1288133
1288161
1288176
1288225
1288229
1288232
1288249
1288260
1288265
1288321
1288358
1288381
1288421
1288469
1288492
1288647
1288656
1288662
1288729
1288747
1288752
1288771
1288779
1288792
1288812
1288824
1288849
1288869
1288889
1288907
1288950
1288972
1289000
1289055
1289103
1289107
1289128
1289197
1289198
1289208
1289235
1289252
1289281
1289303
1289384
1289468
1289498
1289519
1289527
1289538
1289590
1289617
1289628
1289698
1289710
1289818
1289858
1289895
1289898
1289951
1290063
1290189
1290198
1290265
1290360
1290371
1290397
1290400
1290422
1290497
1290519
1290527
1290557
1290567
1290572
1290580
1290607
1290664
1290686
1290692
1290702
1290726
1290743
1290760
1290769
1290842
1290859
1290950
1290979
1291032
1291078
1291082
1291126
1291143
1291166
1291244
1291256
1291279
1291309
1291348
1291357
1291371
1291468
1291558
1291568
1291673
1291710
1291766
1291975
1291989
1292012
1292038
1292064
1292101
1292110
1292166
1292212
1292245
1292320
1292376
1292383
1292442
1292586
1292593
1292595
1292635
1292647
1292651
1292684
1292741
1292771
1292862
1292863
1292931
1292965
1293091
1293132
1293239
1293280
1293337
1293377
1293379
1293394
1293398
1293442
1293453
1293478
1293626
1293656
1293662
1293683
1293685
1293712
1293767
1293801
1293849
1293887
1294004
1294021
1294049
1294078
1294126
1294155
1294224
1294242
1294261
1294276
1294330
1294354
1294480
1294546
1294590
1294604
1294609
1294629
1294681
1294741
1294783
1294938
1294975
1294991
1295003
1295016
1295041
1295086
1295115
1295139
1295312
1295418
1295518
1295526
1295603
1295613
1295621
1295642
1295784
1295817
1295833
1295875
1295881
1295895
1295954
1295973
1295987
1296003
1296006
1296102
1296128
1296234
1296237
1296248
1296348
1296410
1296449
1296455
1296500
1296506
1296511
1296570
1296605
1296770
1296778
1296780
1296817
1296839
1296869
1296874
1296992
1296995
1297012
1297090
1297234
1297294
1297341
1297391
1297396
1297468
1297506
1297514
1297528
1297551
1297600
1297603
1297621
1297624
1297633
1297917
1297924
1298030
1298044
1298056
1298069
1298089
1298106
1298123
1298131
1298201
1298208
1298210
1298321
1298357
1298445
1298502
1298506
1298522
1298534
1298560
1298598
1298610
1298618
1298625
1298690
1298719
1298762
1298779
1298831
1298899
1298924
1298955
1298987
1299023
1299037
1299041
1299061
1299075
1299140
1299211
1299238
1299252
1299254
1299301
1299402
1299491
1299545
1299566
1299666
1299777
1299783
1299803
1299809
1299822
1299861
1299865
1299889
1299998
1300049
1300060
1300074
1300091
1300102
1300219
1300229
1300257
1300275
1300319
1300324
1300357
1300406
1300428
1300435
1300446
1300503
1300511
1300575
1300596
1300700
1300725
1300731
1300747
1300765
1300781
1300791
1300817
1300835
1300848
1300870
1300896
1300910
1300940
1300946
1300973
1300979
1301035
1301057
1301097
1301160
1301165
1301228
1301233
1301235
1301356
1301438
1301449
1301458
1301508
1301521
1301574
1301606
1301614
1301617
1301688
1301693
1301705
1301717
1301739
1301778
1301779
1301798
1301858
1301871
1301939
1301959
1301987
1301995
1302025
1302054
1302066
1302088
1302139
1302155
1302174
1302212
1302235
1302241
1302252
1302259
1302397
1302508
1302562
1302582
1302611
1302638
1302701
1302735
1302745
1302757
1302822
1302860
1302915
1302919
1302929
1302995
1303005
1303105
1303169
1303195
1303202
1303211
1303261
1303274
1303361
1303368
1303375
1303513
1303518
1303583
1303586
1303598
1303609
1303636
1303675
1303688
1303703
1303713
1303752
1303770
1303786
1303852
1303853
1303859
1303961
1303989
1304024
1304033
1304060
1304076
1304081
1304104
1304160
1304187
1304193
1304202
1304206
1304241
1304304
1304311
1304376
1304377
1304495
1304508
1304516
1304566
1304592
1304609
1304619
1304623
1304633
1304662
1304685
1304709
1304736
1304771
1304785
1304826
1304833
1304854
1304866
1304933
1304941
1304943
1304949
1304956
1305011
1305064
1305143
1305163
1305191
1305212
1305215
1305239
1305243
1305252
1305290
1305385
1305417
1305538
1305543
1305574
1305585
1305708
1305734
1305739
1305761
1305826
1305855
1305893
1305906
1305933
1305966
1305988
1306022
1306143
1306164
1306209
1306221
1306239
1306250
1306268
1306324
1306392
1306440
1306462
1306648
1306651
1306660
1306728
1306732
1306754
1306771
1306815
1306818
1306834
1306857
1306859
1306938
1306958
1306996
1307024
1307089
1307096
1307111
1307145
1307351
1307366
1307413
1307431
1307452
1307459
1307485
1307516
1307525
1307552
1307556
1307640
1307671
1307690
1307716
1307746
1307794
1307811
1307828
1307902
1307915
1307937
1307948
1307984
1308018
1308068
1308102
1308141
1308146
1308164
1308176
1308240
1308369
1308527
1308532
1308559
1308590
1308612
1308615
1308725
1308767
1308802
1308805
1308822
1308928
1309009
1309020
1309076
1309082
1309087
1309106
1309120
1309172
1309198
1309233
1309282
1309288
1309305
1309364
1309397
1309472
1309484
1309508
1309514
1309520
1309585
1309634
1309651
1309657
1309756
1309805
1309834
1309836
1309869
1309876
1309940
1309952
1309976
1309985
1310013
1310016
1310019
1310023
1310030
1310041
1310146
1310176
1310186
1310189
1310190
1310205
1310255
1310350
1310381
1310396
1310463
1310476
1310559
1310594
1310605
1310618
1310632
1310678
1310699
1310711
1310776
1310779
1310836
1310866
1310888
1310927
1310935
1310939
1310988
1310991
1310998
1311073
1311102
1311136
1311190
1311207
1311211
1311245
1311376
1311384
1311405
1311414
1311451
1311476
1311518
1311553
1311603
1311698
1311711
1311768
1311822
1311864
1311890
1311898
1311948
1311988
1312086
1312095
1312151
1312168
1312248
1312255
1312261
1312268
1312302
1312327
1312355
1312401
1312440
1312489
1312607
1312610
1312645
1312715
1312724
1312739
1312819
1312824
1312836
1312840
1312978
1313002
1313018
1313021
1313022
1313043
1313085
1313089
1313117
1313125
1313222
1313233
1313247
1313361
1313365
1313373
1313380
1313409
1313510
1313520
1313526
1313533
1313574
1313622
1313689
1313729
1313743
1313788
1313851
1313868
1313946
1313951
1313997
1314001
1314022
1314105
1314151
1314187
1314234
1314245
1314257
1314280
1314393
1314419
1314428
1314448
1314479
1314520
1314529
1314535
1314595
1314626
1314638
1314667
1314677
1314690
1314709
1314736
1314758
1314784
1314804
1314880
1315005
1315023
1315033
1315041
1315045
1315070
1315106
1315146
1315179
1315190
1315196
1315266
1315306
1315340
1315354
1315378
1315440
1315499
1315502
1315515
1315539
1315552
1315570
1315650
1315747
1315842
1315879
1315897
1315905
1315961
1316064
1316079
1316107
1316273
1316276
1316312
1316352
1316363
1316392
1316420
1316568
1316585
1316598
1316634
1316691
1316720
1316821
1316966
1317176
1317215
1317233
1317300
1317327
1317372
1317414
1317415
1317642
1317648
1317664
1317743
1317747
1317756
1317826
1317836
1317895
1317912
1317943
1317945
1317959
1317989
1318013
1318052
1318086
1318092
1318109
1318199
1318204
1318224
1318273
1318422
1318440
1318542
1318560
1318576
1318587
1318641
1318785
1318795
1318813
1318844
1318866
1319009
1319049
1319061
1319074
1319112
1319136
1319230
1319264
1319349
1319364
1319374
1319381
1319389
1319419
1319441
1319464
1319465
1319491
1319575
1319639
1319647
1319696
1319708
1319713
1319729
1319777
1319797
1319801
1319824
1319837
1319838
1319910
1319928
1319955
1319965
1320004
1320015
1320032
1320078
1320152
1320157
1320163
1320168
1320172
1320209
1320223
1320243
1320258
1320289
1320295
1320323
1320331
1320365
1320494
1320505
1320530
1320535
1320592
1320598
1320601
1320649
1320702
1320795
1320797
1320807
1320834
1320844
1320850
1320857
1320911
1320926
1320973
1321055
1321074
1321110
1321133
1321136
1321239
1321269
1321290
1321461
1321487
1321523
1321622
1321634
1321669
1321679
1321693
1321699
1321715
1321741
1321754
1321759
1321835
1321916
1321982
1321995
1322030
1322062
1322078
1322131
1322137
1322206
1322274
1322323
1322333
1322340
1322363
1322382
1322449
1322483
1322513
1322627
1322735
1322889
1322946
1323099
1323117
1323132
1323153
1323155
1323247
1323258
1323266
1323280
1323306
1323373
1323417
1323483
1323547
1323557
1323593
1323628
1323667
1323669
1323738
1323752
1323810
1323834
1323862
1323884
1323893
1323906
1323925
1324002
1324003
1324080
1324083
1324099
1324114
1324176
1324218
1324228
1324277
1324282
1324302
1324356
1324413
1324435
1324469
1324502
1324548
1324553
1324596
1324610
1324623
1324726
1324744
1324766
1324791
1324820
1324886
1324895
1324899
1324915
1324919
1324926
1324935
1324947
1325081
1325110
1325159
1325193
1325206
1325315
1325325
1325353
1325367
1325436
1325449
1325512
1325687
1325714
1325723
1325959
1325965
1325989
1326022
1326095
1326122
1326130
1326141
1326210
1326254
1326285
1326326
1326384
1326456
1326460
1326513
1326528
1326617
1326637
1326659
1326794
1326837
1326838
1326907
1326958
1327035
1327053
1327065
1327082
1327194
1327210
1327240
1327250
1327283
1327417
1327438
1327466
1327470
1327531
1327542
1327544
1327613
1327661
1327703
1327739
1327748
1327756
1327757
1327776
1327792
1327837
1327877
1327888
1327901
1327907
1327954
1328002
1328041
1328044
1328062
1328140
1328153
1328312
1328381
1328415
1328428
1328520
1328618
1328687
1328714
1328734
1328767
1328774
1328823
1328836
1328865
1328871
1328892
1328909
1329046
1329126
1329152
1329194
1329216
1329252
1329283
1329287
1329387
1329433
1329465
1329473
1329483
1329551
1329554
1329641
1329647
1329681
1329717
1329749
1329764
1329796
1329820
1329828
1329867
1329884
1329968
1330013
1330034
1330091
1330128
1330169
1330174
1330184
1330210
1330264
1330291
1330343
1330403
1330453
1330545
1330551
1330562
1330576
1330636
1330679
1330712
1330749
1330760
1330831
1330868
1330903
1330922
1330974
1330991
1331039
1331062
1331098
1331125
1331132
1331180
1331187
1331191
1331194
1331200
1331308
1331329
1331394
1331410
1331428
1331475
1331536
1331559
1331592
1331646
1331706
1331718
1331767
1331788
1331828
1332099
1332111
1332207
1332225
1332237
1332285
1332288
1332311
1332357
1332364
1332368
1332404
1332431
1332443
1332448
1332452
1332473
1332477
1332551
1332562
1332739
1332796
1332884
1332975
1332979
1333011
1333015
1333040
1333053
1333057
1333071
1333113
1333119
1333129
1333180
1333220
1333251
1333269
1333271
1333310
1333375
1333383
1333417
1333428
1333544
1333665
1333678
1333698
1333710
1333721
1333734
1333742
1333856
1333898
1333904
1333956
1333979
1333982
1333983
1334001
1334094
1334115
1334153
1334167
1334182
1334205
1334207
1334241
1334246
1334346
1334360
1334425
1334438
1334466
1334516
1334560
1334689
1334690
1334737
1334794
1334809
1334855
1334858
1334878
1334889
1334937
1335031
1335033
1335143
1335174
1335203
1335227
1335238
1335240
1335242
1335265
1335283
1335290
1335390
1335410
1335418
1335527
1335537
1335557
1335620
1335654
1335723
1335747
1335778
1335822
1335840
1335894
1335925
1335943
1335972
1335976
1336014
1336029
1336063
1336071
1336117
1336125
1336232
1336249
1336290
1336324
1336392
1336406
1336416
1336427
1336454
1336469
1336526
1336532
1336545
1336592
1336618
1336668
1336702
1336725
1336830
1336952
1336955
1336959
1336965
1337037
1337057
1337070
1337103
1337136
1337161
1337164
1337173
1337221
1337245
1337263
1337276
1337290
1337297
1337316
1337326
1337328
1337341
1337367
1337425
1337457
1337489
1337515
1337553
1337596
1337618
1337635
1337729
1337731
1337744
1337775
1337867
1337890
1337893
1337925
1337948
1337966
1337979
1338030
1338041
1338045
1338112
1338157
1338166
1338169
1338170
1338178
1338190
1338194
1338212
1338222
1338227
1338247
1338256
1338344
1338374
1338423
1338443
1338480
1338496
1338588
1338677
1338687
1338689
1338712
1338713
1338729
1338768
1338800
1338807
1338817
1338884
1338899
1338902
1338913
1338945
1338988
1339000
1339004
1339019
1339035
1339043
1339083
1339087
1339107
1339137
1339191
1339243
1339246
1339286
1339356
1339485
1339527
1339542
1339598
1339610
1339669
1339679
1339684
1339702
1339704
1339735
1339796
1339854
1339867
1339901
1339913
1339936
1339940
1339946
1340050
1340125
1340135
1340163
1340220
1340281
1340294
1340324
1340412
1340482
1340507
1340536
1340557
1340587
1340732
1340744
1340762
1340776
1340831
1340836
1340845
1340883
1340896
1340900
1340912
1340983
1341013
1341030
1341044
1341045
1341062
1341076
1341118
1341140
1341172
1341198
1341258
1341269
1341300
1341372
1341390
1341408
1341417
1341425
1341471
1341514
1341533
1341538
1341542
1341555
1341597
1341656
1341670
1341675
1341679
1341712
1341754
1341765
1341797
1341887
1341921
1341933
1341960
1341996
1342041
1342064
1342094
1342205
1342301
1342308
1342314
1342318
1342345
1342389
1342396
1342417
1342465
1342525
1342529
1342566
1342624
1342651
1342672
1342707
1342711
1342733
1342785
1342867
1342878
1342917
1342948
1343000
1343032
1343033
1343049
1343121
1343134
1343245
1343269
1343347
1343352
1343359
1343419
1343459
1343505
1343515
1343520
1343527
1343555
1343565
1343589
1343611
1343638
1343690
1343697
1343711
1343716
1343747
1343757
1343835
1343853
1343911
1343925
1343954
1343977
1343995
1344038
1344160
1344270
1344285
1344294
1344346
1344383
1344415
1344422
1344426
1344451
1344490
1344494
1344568
1344611
1344645
1344649
1344667
1344687
1344779
1344797
1344801
1344812
1344875
1344900
1344908
1344979
1344983
1344995
1344999
1345013
1345022
1345085
1345096
1345110
1345114
1345302
1345330
1345350
1345368
1345382
1345411
1345419
1345478
1345492
1345496
1345508
1345562
1345613
1345641
1345717
1345734
1345759
1345772
1345780
1345809
1345862
1345871
1345876
1345905
1345991
1346080
1346119
1346234
1346237
1346239
1346274
1346302
1346356
1346416
1346434
1346436
1346450
1346503
1346541
1346601
1346682
1346692
1346777
1346856
1346994
1347024
1347089
1347092
1347130
1347173
1347180
1347211
1347217
1347223
1347251
1347266
1347425
1347449
1347539
1347556
1347619
1347627
1347687
1347696
1347708
1347749
1347801
1347817
1347862
1347865
1347968
1347973
1348001
1348013
1348054
1348065
1348071
1348135
1348186
1348204
1348246
1348249
1348265
1348284
1348297
1348315
1348316
1348333
1348378
1348424
1348447
1348454
1348468
1348507
1348513
1348563
1348570
1348596
1348630
1348640
1348672
1348692
1348745
1348769
1348811
1348877
1348943
1348949
1348972
1348978
1348999
1349045
1349053
1349141
1349143
1349156
1349171
1349207
1349283
1349293
1349297
1349383
1349387
1349397
1349399
1349570
1349584
1349590
1349594
1349635
1349660
1349804
1349894
1349897
1349903
1349943
1349950
1349965
1350077
1350087
1350091
1350113
1350155
1350159
1350169
1350181
1350190
1350214
1350253
1350274
1350337
1350340
1350432
1350444
1350521
1350539
1350623
1350659
1350672
1350679
1350685
1350704
1350708
1350725
1350771
1350801
1350876
1350910
1350957
1350994
1350995
1351052
1351064
1351086
1351106
1351148
1351159
1351202
1351227
1351241
1351259
1351289
1351333
1351373
1351384
1351513
1351532
1351539
1351546
1351586
1351704
1351767
1351780
1351787
1351841
1351869
1351946
1351962
1352040
1352041
1352122
1352197
1352218
1352305
1352325
1352357
1352548
1352566
1352597
1352632
1352660
1352741
1352788
1352847
1352877
1352923
1352955
1353015
1353155
1353158
1353166
1353315
1353327
1353340
1353348
1353361
1353367
1353392
1353468
1353494
1353500
1353540
1353577
1353589
1353697
1353700
1353751
1353762
1353841
1353947
1353955
1353975
1354040
1354062
1354089
1354150
1354156
1354159
1354186
1354292
1354454
1354468
1354527
1354569
1354576
1354596
1354608
1354624
1354627
1354643
1354656
1354660
1354682
1354687
1354695
1354777
1354787
1354848
1354914
1355002
1355008
1355031
1355061
1355068
1355124
1355130
1355149
1355194
1355198
1355204
1355233
1355318
1355351
1355392
1355425
1355435
1355502
1355552
1355570
1355574
1355577
1355624
1355705
1355720
1355761
1355798
1355808
1355923
1356035
1356049
1356074
1356091
1356127
1356156
1356183
1356211
1356397
1356489
1356508
1356566
1356568
1356576
1356600
1356642
1356657
1356767
1356776
1356806
1356832
1356919
1356934
1357081
1357183
1357192
1357212
1357295
1357407
1357430
1357440
1357493
1357501
1357554
1357609
1357644
1357741
1357765
1357768
1357786
1357809
1357887
1357968
1357997
1358016
1358036
1358056
1358101
1358117
1358126
1358153
1358155
1358208
1358302
1358326
1358419
1358490
1358544
1358563
1358686
1358738
1358785
1358840
1358850
1358924
1358934
1358936
1358941
1358987
1359050
1359083
1359097
1359154
1359173
1359178
1359259
1359264
1359310
1359313
1359392
1359409
1359487
1359536
1359619
1359646
1359674
1359679
1359852
1359982
1360006
1360032
1360037
1360039
1360051
1360063
1360175
1360192
1360306
1360326
1360343
1360406
1360416
1360441
1360486
1360526
1360552
1360570
1360574
1360581
1360651
1360695
1360714
1360717
1360779
1360827
1360850
1360856
1360879
1360886
1360948
1360974
1360987
1361068
1361097
1361169
1361205
1361224
1361267
1361339
1361354
1361363
1361378
1361459
1361486
1361532
1361568
1361642
1361741
1361750
1361768
1361777
1361854
1361859
1361884
1361911
1361965
1361968
1362013
1362087
1362094
1362128
1362150
1362173
1362182
1362245
1362249
1362292
1362336
1362411
1362427
1362438
1362490
1362500
1362506
1362530
1362539
1362606
1362638
1362657
1362665
1362679
1362683
1362698
1362710
1362751
1362765
1362783
1362837
1362918
1362940
1363048
1363074
1363078
1363218
1363307
1363339
1363389
1363398
1363513
1363560
1363577
1363632
1363636
1363687
1363730
1363750
1363794
1363813
1363901
1363904
1363941
1363989
1364017
1364025
1364036
1364057
1364079
1364101
1364105
1364108
1364134
1364226
1364308
1364317
1364328
1364346
1364379
1364397
1364501
1364538
1364561
1364566
1364585
1364658
1364677
1364684
1364699
1364765
1364782
1364787
1364800
1364853
1364858
1364863
1364881
1364929
1364962
1365029
1365232
1365243
1365274
1365310
1365319
1365354
1365369
1365405
1365408
1365509
1365535
1365566
1365574
1365588
1365688
1365714
1365744
1365745
1365771
1365781
1365811
1365829
1365874
1365932
1365996
1366062
1366078
1366100
1366144
1366156
1366200
1366223
1366350
1366490
1366563
1366568
1366601
1366610
1366680
1366724
1366774
1366811
1366814
1366900
1366944
1366971
1367012
1367014
1367082
1367097
1367116
1367129
1367139
1367190
1367210
1367222
1367303
1367307
1367320
1367337
1367389
1367406
1367424
1367479
1367489
1367491
1367589
1367703
1367730
1367777
1367806
1367832
1367915
1367933
1367938
1368056
1368107
1368116
1368182
1368200
1368233
1368247
1368343
1368425
1368436
1368565
1368647
1368687
1368773
1368859
1368863
1368915
1368951
1368962
1368969
1369022
1369071
1369133
1369158
1369159
1369289
1369392
1369397
1369402
1369415
1369464
1369509
1369516
1369539
1369567
1369575
1369587
1369612
1369627
1369648
1369654
1369656
1369683
1369720
1369732
1369816
1369850
1369861
1369902
1369949
1370058
1370155
1370191
1370245
1370271
1370294
1370297
1370354
1370427
1370511
1370630
1370635
1370686
1370816
1370819
1370892
1370944
1370977
1371011
1371017
1371035
1371075
1371100
1371167
1371212
1371214
1371220
1371237
1371287
1371303
1371316
1371367
1371465
1371528
1371536
1371589
1371626
1371649
1371669
1371723
1371760
1371764
1371807
1371831
1371854
1371868
1371900
1371945
1371976
1372017
1372041
1372052
1372064
1372106
1372120
1372127
1372162
1372188
1372202
1372212
1372276
1372437
1372494
1372523
1372546
1372577
1372620
1372676
1372692
1372844
1372852
1372914
1372925
1372927
1372939
1372964
1373010
1373015
1373043
1373056
1373085
1373086
1373106
1373137
1373191
1373243
1373258
1373273
1373312
1373405
1373439
1373450
1373548
1373604
1373660
1373706
1373715
1373816
1373869
1373939
1373948
1373968
1374008
1374071
1374083
1374102
1374161
1374180
1374198
1374200
1374238
1374260
1374267
1374374
1374382
1374461
1374466
1374485
1374513
1374558
1374562
1374614
1374723
1374730
1374787
1374805
1374878
1374922
1374941
1374946
1374954
1374974
1374992
1374994
1375005
1375044
1375049
1375060
1375072
1375076
1375099
1375115
1375121
1375270
1375277
1375306
1375383
1375449
1375453
1375489
1375546
1375557
1375576
1375600
1375606
1375618
1375654
1375696
1375782
1375871
1375878
1375937
1375945
1375959
1375965
1375997
1376058
1376092
1376104
1376143
1376157
1376185
1376197
1376249
1376259
1376280
1376337
1376404
1376429
1376433
1376445
1376461
1376477
1376491
1376637
1376701
1376719
1376727
1376767
1376799
1376875
1376896
1376921
1376957
1376966
1376967
1377001
1377028
1377031
1377049
1377076
1377116
1377155
1377162
1377184
1377205
1377310
1377338
1377370
1377429
1377453
1377460
1377557
1377575
1377668
1377709
1377728
1377774
1377800
1377854
1377915
1377919
1377920
1377924
1377934
1377938
1377974
1377975
1378066
1378091
1378105
1378117
1378147
1378193
1378234
1378239
1378253
1378267
1378370
1378432
1378495
1378509
1378538
1378599
1378602
1378689
1378758
1378811
1378816
1378856
1378930
1378937
1378949
1379039
1379050
1379059
1379068
1379106
1379118
1379147
1379248
1379262
1379286
1379290
1379307
1379312
1379334
1379357
1379412
1379442
1379593
1379595
1379600
1379608
1379626
1379671
1379676
1379760
1379769
1379770
1379775
1379781
1379789
1379811
1379819
1379823
1379841
1379883
1379909
1379964
1379978
1380007
1380023
1380070
1380085
1380103
1380161
1380224
1380228
1380234
1380321
1380371
1380398
1380406
1380419
1380450
1380472
1380495
1380506
1380514
1380521
1380591
1380622
1380630
1380646
1380662
1380685
1380689
1380690
1380700
1380712
1380800
1380885
1380908
1380926
1380961
1380985
1380992
1381005
1381059
1381078
1381082
1381268
1381315
1381344
1381368
1381384
1381433
1381490
1381504
1381506
1381518
1381536
1381539
1381578
1381623
1381655
1381736
1381750
1381773
1381851
1381883
1381932
1382009
1382011
1382027
1382033
1382059
1382070
1382130
1382154
1382178
1382240
1382265
1382274
1382284
1382289
1382344
1382412
1382413
1382418
1382448
1382476
1382505
1382603
1382635
1382642
1382667
1382678
1382686
1382823
1382847
1382867
1382875
1382891
1382899
1382925
1382993
1383024
1383042
1383053
1383175
1383295
1383298
1383338
1383364
1383373
1383393
1383429
1383444
1383454
1383456
1383612
1383645
1383660
1383663
1383674
1383778
1383781
1383808
1383845
1383846
1383878
1383892
1383917
1383935
1383948
1383966
1384003
1384038
1384048
1384052
1384057
1384065
1384105
1384120
1384161
1384206
1384224
1384227
1384272
1384287
1384310
1384317
1384339
1384413
1384475
1384511
1384539
1384606
1384668
1384706
1384714
1384750
1384776
1384784
1384797
1384803
1384854
1384864
1384873
1384907
1384986
1385003
1385077
1385119
1385172
1385179
1385216
1385321
1385324
1385368
1385403
1385423
1385475
1385532
1385553
1385557
1385565
1385591
1385610
1385614
1385648
1385660
1385740
1385747
1385749
1385794
1385820
1385837
1385875
1385896
1385905
1385956
1385992
1386007
1386012
1386099
1386119
1386176
1386222
1386223
1386282
1386323
1386348
1386351
1386352
1386375
1386415
1386489
1386573
1386719
1386738
1386797
1386876
1386901
1386935
1386968
1387038
1387097
1387147
1387156
1387163
1387187
1387205
1387260
1387264
1387284
1387335
1387392
1387418
1387624
1387668
1387700
1387744
1387848
1387890
1387896
1387933
1387936
1387954
1387964
1388128
1388131
1388160
1388275
1388281
1388328
1388371
1388375
1388398
1388401
1388420
1388434
1388435
1388495
1388501
1388616
1388649
1388681
1388784
1388792
1388804
1388814
1388862
1388935
1388957
1388968
1388980
1388988
1388999
1389007
1389027
1389034
1389046
1389166
1389255
1389269
1389283
1389369
1389379
1389465
1389475
1389479
1389486
1389503
1389523
1389524
1389551
1389647
1389709
1389783
1389787
1389887
1389916
1389933
1389946
1389971
1390053
1390058
1390091
1390095
1390101
1390107
1390113
1390118
1390130
1390177
1390255
1390295
1390302
1390322
1390335
1390397
1390477
1390571
1390691
1390716
1390764
1390799
1390842
1390861
1390918
1390941
1390954
1390970
1390977
1391112
1391121
1391186
1391189
1391198
1391211
1391215
1391244
1391253
1391352
1391390
1391430
1391446
1391492
1391508
1391607
1391633
1391653
1391692
1391707
1391711
1391964
1391967
1391973
1391989
1391998
1392023
1392079
1392095
1392105
1392106
1392127
1392140
1392144
1392197
1392198
1392216
1392223
1392226
1392264
1392444
1392607
1392625
1392664
1392821
1392836
1392839
1392881
1392885
1392923
1392991
1393030
1393045
1393183
1393284
1393319
1393340
1393353
1393367
1393399
1393420
1393487
1393583
1393620
1393625
1393672
1393681
1393687
1393768
1393794
1393805
1393887
1393894
1393906
1393989
1394017
1394040
1394077
1394082
1394089
1394149
1394163
1394192
1394194
1394250
1394289
1394325
1394386
1394414
1394481
1394536
1394560
1394593
1394599
1394610
1394641
1394653
1394778
1394814
1394838
1394849
1394904
1394911
1394915
1394996
1395023
1395027
1395061
1395088
1395168
1395211
1395254
1395258
1395279
1395303
1395416
1395562
1395677
1395679
1395684
1395692
1395706
1395751
1395754
1395771
1395782
1395806
1395822
1395834
1395848
1395877
1395888
1395890
1395897
1395909
1395913
1395923
1395974
1396001
1396090
1396113
1396135
1396156
1396247
1396275
1396334
1396338
1396397
1396420
1396443
1396474
1396482
1396512
1396537
1396548
1396604
1396607
1396617
1396640
1396644
1396649
1396743
1396754
1396761
1396783
1396793
1396844
1396862
1396911
1396925
1396940
1396949
1396970
1397009
1397036
1397106
1397116
1397167
1397193
1397349
1397364
1397370
1397374
1397421
1397444
1397517
1397626
1397670
1397682
1397723
1397800
1397830
1397864
1397928
1397964
1397980
1397995
1398068
1398089
1398112
1398205
1398245
1398251
1398319
1398377
1398414
1398425
1398430
1398464
1398529
1398547
1398552
1398582
1398599
1398652
1398703
1398705
1398758
1398766
1398833
1398865
1398910
1398912
1398935
1398939
1398943
1398966
1398990
1399006
1399031
1399035
1399053
1399058
1399062
1399107
1399118
1399150
1399266
1399268
1399286
1399312
1399357
1399533
1399620
1399633
1399636
1399646
1399699
1399749
1399783
1399790
1399820
1399857
1399908
1399958
1399968
1399996
1400024
1400113
1400189
1400193
1400215
1400232
1400238
1400248
1400262
1400263
1400269
1400289
1400300
1400302
1400311
1400341
1400400
1400415
1400457
1400461
1400478
1400506
1400518
1400609
1400662
1400780
1400787
1400857
1400868
1400945
1400995
1401017
1401022
1401027
1401075
1401081
1401169
1401177
1401196
1401208
1401213
1401402
1401477
1401542
1401579
1401638
1401640
1401647
1401808
1401956
1402008
1402047
1402150
1402168
1402181
1402189
1402195
1402196
1402288
1402308
1402524
1402589
1402622
1402676
1402742
1402746
1402875
1402885
1402900
1402906
1402950
1402970
1403011
1403025
1403100
1403141
1403179
1403225
1403297
1403310
1403321
1403401
1403452
1403497
1403534
1403631
1403664
1403676
1403720
1403732
1403772
1403806
1403942
1403974
1403985
1403988
1404158
1404167
1404228
1404249
1404276
1404293
1404298
1404335
1404364
1404387
1404404
1404410
1404418
1404442
1404471
1404530
1404534
1404573
1404585
1404612
1404649
1404715
1404756
1404812
1404865
1404981
1404997
1405041
1405054
1405063
1405096
1405156
1405179
1405180
1405219
1405245
1405252
1405309
1405337
1405358
1405418
1405558
1405602
1405621
1405649
1405693
1405736
1405754
1405852
1405862
1405883
1405947
1405957
1405959
1405963
1405998
1406042
1406085
1406098
1406113
1406157
1406198
1406230
1406276
1406324
1406355
1406426
1406428
1406434
1406464
1406467
1406484
1406495
1406583
1406585
1406634
1406748
1406838
1406851
1406881
1406899
1406918
1406953
1406992
1407035
1407167
1407197
1407211
1407294
1407323
1407382
1407499
1407556
1407613
1407659
1407722
1407857
1407919
1407938
1407955
1407959
1408013
1408064
1408110
1408174
1408188
1408293
1408315
1408326
1408345
1408359
1408369
1408405
1408420
1408444
1408488
1408531
1408550
1408560
1408575
1408589
1408601
1408606
1408607
1408611
1408627
1408654
1408837
1408863
1408876
1408879
1408897
1408922
1408934
1408955
1409031
1409100
1409195
1409241
1409248
1409273
1409295
1409304
1409380
1409391
1409526
1409554
1409573
1409691
1409696
1409720
1409744
1409900
1409923
1409944
1409996
1410001
1410011
1410016
1410019
1410049
1410074
1410098
1410234
1410303
1410316
1410385
1410476
1410522
1410529
1410539
1410573
1410687
1410746
1410771
1410775
1410829
1410953
1411032
1411116
1411141
1411159
1411167
1411207
1411314
1411415
1411416
1411419
1411433
1411455
1411460
1411498
1411500
1411533
1411611
1411651
1411660
1411696
1411709
1411786
1411812
1411854
1411879
1412023
1412046
1412070
1412076
1412087
1412115
1412185
1412190
1412199
1412213
1412224
1412258
1412273
1412277
1412352
1412361
1412382
1412389
1412484
1412578
1412620
1412631
1412638
1412646
1412659
1412665
1412667
1412673
1412707
1412814
1412815
1412829
1412851
1412935
1412978
1413025
1413037
1413086
1413090
1413101
1413110
1413127
1413134
1413145
1413188
1413205
1413233
1413264
1413348
1413371
1413393
1413398
1413422
1413429
1413444
1413445
1413489
1413536
1413595
1413648
1413658
1413722
1413734
1413743
1413761
1413795
1413887
1413900
1413930
1413933
1413986
1413999
1414011
1414026
1414047
1414059
1414099
1414111
1414129
1414161
1414185
1414219
1414257
1414307
1414316
1414413
1414443
1414485
1414504
1414519
1414544
1414602
1414663
1414723
1414727
1414748
1414759
1414775
1414800
1414824
1414909
1414932
1414937
1415009
1415082
1415101
1415131
1415151
1415205
1415222
1415296
1415320
1415340
1415343
1415386
1415408
1415420
1415442
1415560
1415574
1415593
1415608
1415628
1415680
1415682
1415702
1415751
1415771
1415793
1415796
1415865
1415919
1415956
1416049
1416060
1416092
1416233
1416309
1416338
1416375
1416382
1416414
1416430
1416526
1416608
1416627
1416635
1416666
1416668
1416679
1416694
1416738
1416741
1416771
1416798
1416941
1416943
1416949
1416953
1416989
1417026
1417077
1417100
1417135
1417163
1417178
1417232
1417252
1417271
1417311
1417352
1417607
1417620
1417621
1417653
1417658
1417766
1417792
1417814
1417843
1417924
1417932
1417948
1417973
1418007
1418024
1418049
1418161
1418167
1418172
1418202
1418208
1418257
1418305
1418392
1418397
1418424
1418470
1418483
1418518
1418549
1418552
1418608
1418633
1418705
1418718
1418720
1418730
1418861
1418948
1419033
1419076
1419086
1419147
1419230
1419273
1419297
1419312
1419322
1419346
1419353
1419365
1419372
1419398
1419455
1419491
1419532
1419547
1419565
1419578
1419587
1419648
1419696
1419716
1419803
1419816
1419821
1419870
1419872
1419922
1419990
1419997
1420021
1420036
1420073
1420086
1420146
1420198
1420322
1420330
1420460
1420534
1420683
1420834
1420991
1421076
1421133
1421149
1421162
1421212
1421241
1421265
1421344
1421346
1421404
1421412
1421419
1421445
1421467
1421488
1421497
1421505
1421525
1421533
1421534
1421558
1421631
1421655
1421657
1421715
1421717
1421758
1421806
1421815
1421883
1421895
1421948
1421949
1421969
1421989
1421991
1422012
1422013
1422109
1422129
1422192
1422208
1422214
1422215
1422259
1422269
1422313
1422335
1422429
1422436
1422449
1422459
1422474
1422476
1422559
1422567
1422625
1422671
1422745
1422752
1422777
1422792
1422818
1422856
1422859
1422863
1422932
1422949
1422981
1422987
1422998
1423037
1423078
1423088
1423187
1423205
1423245
1423262
1423376
1423404
1423441
1423459
1423480
1423507
1423510
1423537
1423618
1423652
1423690
1423727
1423753
1423810
1423828
1423912
1423972
1424057
1424061
1424120
1424152
1424168
1424175
1424184
1424202
1424210
1424214
1424251
1424284
1424292
1424336
1424352
1424370
1424443
1424517
1424561
1424599
1424631
1424663
1424686
1424726
1424733
1424742
1424743
1424871
1424928
1424950
1424953
1424961
1424995
1424998
1425041
1425110
1425142
1425183
1425228
1425256
1425490
1425531
1425547
1425574
1425666
1425670
1425695
1425734
1425744
1425821
1425860
1425870
1425925
1425963
1426083
1426098
1426172
1426234
1426243
1426282
1426306
1426342
1426367
1426391
1426406
1426442
1426454
1426460
1426628
1426636
1426654
1426683
1426741
1426757
1426827
1426916
1426928
1426995
1427016
1427066
1427077
1427097
1427130
1427174
1427183
1427195
1427207
1427218
1427236
1427295
1427375
1427379
1427392
1427415
1427479
1427497
1427508
1427638
1427728
1427750
1427766
1427805
1427839
1427842
1427910
1427914
1427922
1427925
1427931
1427939
1427949
1428005
1428015
1428035
1428052
1428110
1428117
1428184
1428237
1428290
1428314
1428323
1428332
1428334
1428441
1428486
1428524
1428525
1428641
1428674
1428699
1428756
1428782
1428811
1428849
1428895
1428979
1429045
1429110
1429116
1429177
1429237
1429271
1429301
1429306
1429380
1429385
1429408
1429450
1429487
1429538
1429609
1429625
1429630
1429647
1429676
1429678
1429693
1429719
1429732
1429758
1429792
1429795
1429819
1429846
1429969
1429983
1430014
1430063
1430110
1430129
1430160
1430162
1430217
1430233
1430307
1430382
1430387
1430427
1430441
1430472
1430481
1430529
1430560
1430582
1430699
1430720
1430726
1430727
1430845
1430847
1430980
1431020
1431081
1431103
1431119
1431132
1431216
1431244
1431313
1431318
1431352
1431360
1431394
1431437
1431482
1431490
1431629
1431631
1431682
1431702
1431712
1431728
1431731
1431761
1431822
1431828
1431845
1431848
1431884
1431912
1431916
1431919
1431972
1431974
1432023
1432093
1432118
1432138
1432204
1432220
1432232
1432247
1432265
1432270
1432411
1432424
1432469
1432546
1432593
1432617
1432624
1432644
1432659
1432697
1432798
1432823
1432868
1432892
1432900
1432909
1432965
1432981
1432989
1433002
1433040
1433045
1433059
1433079
1433123
1433177
1433283
1433323
1433326
1433356
1433413
1433484
1433525
1433593
1433651
1433660
1433793
1433802
1433823
1433846
1433851
1433863
1433908
1433956
1433987
1434002
1434039
1434076
1434114
1434144
1434222
1434291
1434298
1434338
1434369
1434392
1434424
1434446
1434463
1434466
1434487
1434562
1434568
1434625
1434758
1434801
1434815
1434822
1434858
1434910
1434947
1434949
1434980
1434985
1435053
1435153
1435183
1435202
1435208
1435250
1435256
1435320
1435413
1435466
1435471
1435477
1435520
1435539
1435605
1435608
1435688
1435693
1435720
1435748
1435816
1435847
1435864
1435910
1435925
1435970
1435982
1436010
1436041
1436062
1436069
1436099
1436158
1436160
1436197
1436241
1436256
1436284
1436325
1436344
1436417
1436521
1436545
1436575
1436657
1436687
1436690
1436706
1436709
1436745
1436817
1436882
1436894
1436895
1436924
1436934
1436953
1436985
1437005
1437008
1437073
1437236
1437270
1437356
1437369
1437376
1437386
1437407
1437420
1437475
1437485
1437582
1437594
1437604
1437631
1437646
1437743
1437860
1437866
1437920
1437928
1437948
1438003
1438039
1438076
1438084
1438105
1438198
1438254
1438261
1438269
1438316
1438327
1438337
1438347
1438498
1438539
1438571
1438680
1438688
1438730
1438740
1438925
1438976
1438984
1438992
1439037
1439063
1439093
1439124
1439165
1439185
1439194
1439204
1439247
1439278
1439320
1439418
1439428
1439439
1439465
1439558
1439561
1439616
1439679
1439721
1439766
1439768
1439771
1439790
1439805
1439865
1439966
1439975
1440021
1440022
1440033
1440044
1440084
1440199
1440239
1440280
1440322
1440339
1440390
1440408
1440427
1440468
1440481
1440488
1440536
1440572
1440609
1440633
1440654
1440663
1440738
1440743
1440862
1440864
1440936
1440947
1440966
1440989
1440999
1441029
1441085
1441104
1441126
1441159
1441188
1441193
1441221
1441263
1441282
1441288
1441303
1441306
1441316
1441352
1441400
1441420
1441436
1441462
1441496
1441546
1441608
1441625
1441670
1441716
1441785
1441803
1441806
1441849
1441893
1441907
1441944
1441960
1442023
1442068
1442095
1442105
1442131
1442187
1442241
1442249
1442338
1442348
1442487
1442493
1442495
1442500
1442508
1442571
1442580
1442626
1442633
1442767
1442773
1442778
1442846
1442870
1442997
1443011
1443038
1443082
1443130
1443152
1443180
1443214
1443320
1443334
1443387
1443391
1443409
1443430
1443504
1443583
1443608
1443647
1443692
1443721
1443736
1443905
1443912
1443934
1443938
1444015
1444039
1444042
1444059
1444105
1444109
1444115
1444208
1444246
1444276
1444297
1444364
1444424
1444523
1444540
1444629
1444632
1444700
1444712
1444714
1444818
1444827
1444870
1444906
1444913
1444951
1445002
1445116
1445134
1445138
1445141
1445146
1445160
1445180
1445183
1445265
1445280
1445291
1445362
1445461
1445504
1445611
1445612
1445648
1445668
1445669
1445672
1445681
1445742
1445800
1445900
1445946
1445981
1446022
1446044
1446048
1446052
1446066
1446105
1446191
1446282
1446294
1446301
1446447
1446477
1446518
1446576
1446655
1446711
1446734
1446748
1446770
1446802
1446861
1446873
1446960
1446962
1446996
1447060
1447062
1447165
1447210
1447254
1447319
1447342
1447351
1447357
1447373
1447407
1447414
1447461
1447537
1447544
1447574
1447650
1447660
1447674
1447720
1447728
1447767
1447784
1447827
1447881
1447956
1447999
1448051
1448100
1448115
1448156
1448201
1448221
1448228
1448258
1448284
1448343
1448373
1448443
1448446
1448472
1448542
1448574
1448605
1448663
1448681
1448698
1448700
1448750
1448759
1448767
1448838
1448840
1448894
1449004
1449006
1449010
1449016
1449044
1449074
1449084
1449100
1449109
1449126
1449142
1449168
1449190
1449195
1449202
1449234
1449249
1449295
1449304
1449307
1449315
1449321
1449356
1449378
1449381
1449416
1449475
1449521
1449554
1449603
1449624
1449651
1449731
1449737
1449766
1449828
1449900
1449969
1449979
1449991
1449994
1450017
1450083
1450293
1450425
1450461
1450521
1450605
1450621
1450636
1450679
1450689
1450703
1450781
1450820
1450858
1450859
1450867
1450884
1450895
1450916
1450993
1451005
1451018
1451027
1451031
1451036
1451135
1451162
1451303
1451319
1451345
1451350
1451366
1451406
1451448
1451477
1451497
1451504
1451505
1451583
1451711
1451758
1451761
1451905
1451921
1451960
1451988
1452059
1452133
1452158
1452258
1452292
1452322
1452411
1452415
1452426
1452446
1452482
1452493
1452524
1452528
1452550
1452693
1452761
1452808
1452859
1452905
1453015
1453030
1453059
1453105
1453120
1453141
1453163
1453175
1453281
1453368
1453377
1453570
1453575
1453599
1453626
1453662
1453674
1453680
1453780
1453783
1453812
1453953
1453962
1453982
1453993
1454002
1454037
1454044
1454064
1454078
1454083
1454125
1454142
1454164
1454181
1454232
1454307
1454331
1454413
1454471
1454479
1454494
1454531
1454576
1454586
1454588
1454598
1454602
1454678
1454696
1454703
1454735
1454744
1454836
1454860
1454872
1454881
1454886
1454899
1454985
1454999
1455040
1455051
1455083
1455118
1455138
1455220
1455255
1455260
1455321
1455330
1455343
1455373
1455394
1455450
1455528
1455579
1455630
1455672
1455722
1455733
1455753
1455758
1455774
1455789
1455799
1455825
1455840
1455969
1456091
1456173
1456184
1456269
1456289
1456329
1456372
1456401
1456427
1456438
1456442
1456472
1456516
1456540
1456574
1456576
1456580
1456625
1456711
1456728
1456807
1456825
1456843
1456852
1456935
1456963
1456987
1457008
1457057
1457109
1457139
1457157
1457217
1457270
1457343
1457395
1457416
1457463
1457468
1457547
1457581
1457649
1457686
1457700
1457731
1457736
1457748
1457777
1457813
1457817
1457895
1457922
1458062
1458064
1458066
1458103
1458132
1458155
1458287
1458320
1458327
1458355
1458360
1458373
1458375
1458397
1458435
1458441
1458475
1458506
1458521
1458530
1458615
1458630
1458632
1458700
1458733
1458745
1458751
1458758
1458805
1458876
1458912
1458964
1458970
1458998
1459000
1459029
1459054
1459196
1459229
1459363
1459395
1459408
1459436
1459471
1459488
1459491
1459497
1459523
1459543
1459593
1459624
1459660
1459740
1459763
1459767
1459774
1459789
1459796
1459909
1460028
1460121
1460180
1460194
1460209
1460235
1460389
1460528
1460625
1460712
1460746
1460758
1460767
1460798
1460817
1460837
1460851
1460956
1460975
1461014
1461051
1461097
1461117
1461193
1461236
1461238
1461293
1461296
1461322
1461390
1461417
1461455
1461544
1461647
1461749
1461817
1461861
1461911
1461941
1461994
1462061
1462068
1462148
1462180
1462183
1462201
1462299
1462301
1462312
1462314
1462345
1462442
1462506
1462508
1462521
1462540
1462595
1462609
1462649
1462686
1462707
1462749
1462764
1462878
1462921
1462931
1462981
1463006
1463111
1463222
1463260
1463302
1463306
1463312
1463342
1463348
1463386
1463396
1463450
1463459
1463479
1463488
1463514
1463518
1463606
1463633
1463698
1463741
1463762
1463765
1463836
1463850
1463856
1463864
1463884
1463898
1463901
1463930
1463972
1463979
1464047
1464052
1464123
1464216
1464259
1464365
1464406
1464416
1464468
1464571
1464660
1464724
1464767
1464819
1464863
1464868
1464917
1465006
1465046
1465152
1465167
1465200
1465218
1465293
1465312
1465354
1465372
1465380
1465389
1465398
1465432
1465438
1465449
1465468
1465486
1465556
1465646
1465679
1465686
1465725
1465744
1465865
1465897
1465903
1465920
1465931
1465940
1465979
1466007
1466029
1466063
1466074
1466095
1466105
1466151
1466157
1466170
1466194
1466234
1466266
1466329
1466379
1466403
1466425
1466557
1466563
1466604
1466744
1466801
1466843
1466876
1466883
1466917
1466981
1467030
1467051
1467064
1467113
1467152
1467235
1467247
1467309
1467323
1467335
1467393
1467553
1467574
1467717
1467730
1467740
1467803
1467807
1467849
1467852
1467937
1467941
1468016
1468094
1468101
1468107
1468130
1468232
1468258
1468277
1468309
1468338
1468381
1468392
1468546
1468551
1468578
1468591
1468615
1468640
1468647
1468727
1468754
1468784
1468794
1468804
1468810
1468932
1469025
1469077
1469084
1469095
1469124
1469160
1469181
1469204
1469353
1469356
1469374
1469378
1469461
1469527
1469578
1469641
1469644
1469677
1469715
1469732
1469908
1469937
1469945
1469971
1470030
1470032
1470072
1470084
1470249
1470265
1470281
1470284
1470323
1470340
1470384
1470423
1470493
1470613
1470632
1470652
1470682
1470707
1470723
1470756
1470845
1470880
1470884
1470913
1470919
1470934
1470946
1470990
1471044
1471104
1471106
1471125
1471171
1471230
1471412
1471434
1471502
1471563
1471585
1471598
1471629
1471665
1471705
1471764
1471779
1471799
1471803
1471845
1471853
1471867
1472024
1472058
1472098
1472130
1472134
1472144
1472178
1472203
1472229
1472251
1472420
1472447
1472501
1472521
1472541
1472595
1472613
1472628
1472670
1472822
1472833
1472838
1472853
1472878
1472925
1472955
1473015
1473149
1473160
1473177
1473240
1473275
1473281
1473316
1473318
1473394
1473412
1473437
1473438
1473443
1473488
1473492
1473528
1473637
1473643
1473714
1473762
1473814
1473850
1473902
1473926
1473943
1473956
1473986
1474011
1474038
1474067
1474076
1474178
1474246
1474262
1474279
1474316
1474328
1474347
1474427
1474516
1474535
1474556
1474645
1474652
1474672
1474750
1475059
1475241
1475265
1475452
1475550
1475562
1475587
1475623
1475632
1475637
1475675
1475688
1475689
1475787
1475983
1476003
1476060
1476113
1476268
1476289
1476305
1476339
1476444
1476454
1476475
1476500
1476543
1476628
1476639
1476649
1476683
1476715
1476719
1476807
1476819
1476855
1476867
1476913
1476916
1476921
1476929
1477017
1477052
1477239
1477304
1477399
1477427
1477434
1477469
1477523
1477529
1477530
1477556
1477573
1477606
1477617
1477657
1477664
1477704
1477751
1477781
1477798
1477805
1477827
1477900
1477911
1477912
1478036
1478059
1478069
1478088
1478164
1478190
1478199
1478238
1478298
1478306
1478332
1478340
1478371
1478400
1478414
1478429
1478463
1478482
1478592
1478672
1478751
1478763
1478827
1478875
1478898
1478957
1478961
1478962
1478977
1479026
1479035
1479053
1479061
1479076
1479085
1479181
1479207
1479230
1479243
1479256
1479327
1479384
1479401
1479416
1479429
1479438
1479450
1479451
1479546
1479579
1479607
1479651
1479669
1479719
1479732
1479741
1479748
1479770
1479776
1479812
1479821
1479847
1479942
1479980
1479991
1480052
1480107
1480143
1480230
1480295
1480373
1480376
1480415
1480433
1480436
1480440
1480551
1480573
1480589
1480595
1480607
1480725
1480730
1480809
1480825
1480857
1480863
1480907
1480985
1481078
1481082
1481084
1481120
1481196
1481216
1481259
1481262
1481310
1481413
1481435
1481441
1481469
1481526
1481551
1481612
1481649
1481663
1481679
1481703
1481752
1481802
1481838
1481844
1481873
1481876
1481952
1482006
1482055
1482061
1482071
1482080
1482114
1482123
1482138
1482227
1482233
1482243
1482274
1482359
1482378
1482468
1482566
1482596
1482604
1482751
1482755
1482918
1482963
1482977
1482981
1482995
1483181
1483187
1483241
1483268
1483291
1483387
1483413
1483415
1483420
1483433
1483495
1483601
1483603
1483627
1483632
1483633
1483640
1483669
1483680
1483683
1483705
1483750
1483795
1483854
1483873
1483923
1483943
1484071
1484091
1484147
1484164
1484177
1484212
1484218
1484230
1484231
1484259
1484288
1484299
1484340
1484499
1484546
1484625
1484627
1484685
1484695
1484728
1484741
1484785
1484795
1484830
1484836
1484877
1484898
1484940
1484967
1485020
1485043
1485093
1485102
1485112
1485167
1485193
1485223
1485263
1485323
1485389
1485400
1485406
1485457
1485510
1485516
1485537
1485577
1485600
1485633
1485652
1485663
1485728
1485756
1485785
1485820
1485830
1485920
1485950
1486040
1486069
1486078
1486094
1486109
1486110
1486122
1486141
1486157
1486166
1486170
1486277
1486301
1486331
1486346
1486373
1486397
1486417
1486444
1486478
1486566
1486621
1486646
1486682
1486723
1486739
1486753
1486763
1486788
1486845
1486847
1486856
1486898
1486954
1486961
1486977
1486996
1487008
1487014
1487030
1487071
1487119
1487161
1487199
1487211
1487222
1487321
1487337
1487350
1487465
1487549
1487552
1487559
1487561
1487601
1487630
1487746
1487778
1487782
1487818
1487882
1487898
1487989
1488009
1488060
1488103
1488134
1488142
1488147
1488153
1488196
1488371
1488428
1488530
1488551
1488570
1488645
1488656
1488695
1488718
1488756
1488764
1488774
1488824
1488848
1488930
1488938
1489038
1489052
1489075
1489082
1489087
1489122
1489151
1489194
1489242
1489309
1489322
1489402
1489505
1489524
1489527
1489535
1489669
1489734
1489754
1489762
1489817
1489846
1489863
1489870
1489876
1489891
1489948
1489965
1489999
1490137
1490186
1490259
1490337
1490356
1490390
1490397
1490435
1490455
1490472
1490493
1490521
1490558
1490623
1490651
1490665
1490698
1490727
1490828
1490875
1490904
1490907
1490951
1490983
1490990
1490998
1491022
1491050
1491063
1491182
1491219
1491322
1491350
1491393
1491436
1491479
1491495
1491516
1491547
1491569
1491604
1491661
1491724
1491774
1491835
1491841
1492123
1492176
1492191
1492217
1492223
1492261
1492407
1492442
1492481
1492578
1492584
1492586
1492600
1492665
1492672
1492750
1492811
1492983
1493005
1493015
1493042
1493050
1493065
1493080
1493091
1493102
1493127
1493211
1493268
1493271
1493308
1493334
1493363
1493371
1493411
1493416
1493500
1493520
1493552
1493559
1493585
1493596
1493601
1493684
1493722
1493753
1493759
1493779
1493818
1493842
1493876
1493937
1494143
1494148
1494210
1494231
1494272
1494303
1494309
1494381
1494415
1494434
1494539
1494587
1494658
1494661
1494663
1494733
1494750
1494822
1494828
1494840
1494848
1494859
1494929
1494931
1495001
1495018
1495054
1495108
1495147
1495151
1495168
1495194
1495248
1495265
1495321
1495364
1495405
1495415
1495435
1495486
1495512
1495526
1495529
1495542
1495588
1495661
1495695
1495774
1495796
1495819
1495853
1495958
1495969
1495991
1495992
1496018
1496064
1496068
1496139
1496145
1496203
1496223
1496230
1496245
1496259
1496265
1496274
1496306
1496415
1496417
1496473
1496480
1496487
1496489
1496491
1496496
1496515
1496530
1496662
1496672
1496716
1496733
1496764
1496775
1496781
1496850
1496943
1496992
1496998
1497029
1497033
1497061
1497083
1497099
1497169
1497174
1497218
1497301
1497314
1497355
1497405
1497418
1497452
1497466
1497473
1497482
1497506
1497516
1497579
1497585
1497595
1497615
1497703
1497766
1497895
1497919
1497953
1497971
1497983
1498001
1498068
1498148
1498248
1498277
1498282
1498290
1498319
1498340
1498393
1498435
1498462
1498501
1498509
1498534
1498573
1498598
1498750
1498779
1498875
1498894
1498899
1498936
1499007
1499051
1499063
1499069
1499074
1499173
1499180
1499244
1499269
1499300
1499310
1499329
1499398
1499426
1499438
1499458
1499560
1499594
1499638
1499668
1499679
1499696
1499703
1499708
1499739
1499743
1499755
1499756
1499779
1499802
1499816
1499888
1499912
1499921
1499955
1499977
1499982
1500008
1500113
1500118
1500136
1500225
1500314
1500351
1500384
1500432
1500439
1500441
1500460
1500465
1500512
1500532
1500614
1500696
1500703
1500763
1500985
1501031
1501086
1501101
1501120
1501156
1501246
1501264
1501270
1501322
1501333
1501359
1501389
1501447
1501490
1501492
1501514
1501543
1501564
1501574
1501578
1501629
1501654
1501690
1501709
1501715
1501721
1501730
1501757
1501796
1501822
1501844
1501881
1501953
1501966
1501971
1501977
1502021
1502077
1502085
1502125
1502167
1502224
1502227
1502298
1502325
1502366
1502439
1502458
1502469
1502539
1502567
1502607
1502610
1502639
1502686
1502734
1502737
1502784
1502786
1502815
1502820
1502831
1502867
1502872
1502969
1503107
1503151
1503195
1503276
1503300
1503324
1503393
1503529
1503575
1503577
1503591
1503643
1503685
1503691
1503736
1503750
1503762
1503764
1503788
1503802
1503828
1503860
1503881
1503886
1503897
1503970
1503974
1503979
1503986
1504012
1504084
1504096
1504110
1504208
1504318
1504359
1504441
1504442
1504470
1504526
1504529
1504562
1504614
1504623
1504649
1504707
1504725
1504727
1504731
1504736
1504747
1504761
1504771
1504801
1504827
1504880
1504887
1504918
1504929
1504977
1505006
1505023
1505049
1505061
1505143
1505213
1505265
1505295
1505320
1505342
1505351
1505409
1505420
1505425
1505467
1505516
1505545
1505553
1505557
1505583
1505689
1505876
1505880
1505907
1505911
1505979
1506000
1506065
1506067
1506104
1506122
1506149
1506240
1506246
1506285
1506352
1506404
1506416
1506469
1506506
1506600
1506649
1506675
1506685
1506726
1506802
1506814
1506815
1506834
1506905
1506926
1506972
1507115
1507183
1507275
1507364
1507391
1507393
1507442
1507461
1507528
1507563
1507607
1507652
1507719
1507723
1507734
1507804
1507811
1507844
1507873
1507973
1508087
1508099
1508177
1508180
1508204
1508227
1508250
1508265
1508292
1508299
1508320
1508331
1508358
1508384
1508403
1508407
1508425
1508442
1508564
1508627
1508628
1508666
1508700
1508804
1508837
1508855
1508900
1508913
1508918
1508923
1508968
1509040
1509052
1509061
1509112
1509118
1509162
1509224
1509253
1509280
1509318
1509333
1509374
1509422
1509443
1509455
1509534
1509606
1509645
1509658
1509664
1509667
1509708
1509754
1509772
1509825
1509826
1509871
1509879
1509909
1509928
1509953
1509966
1509995
1510008
1510010
1510063
1510090
1510165
1510196
1510213
1510238
1510300
1510321
1510327
1510394
1510443
1510550
1510593
1510600
1510611
1510632
1510638
1510642
1510658
1510676
1510725
1510778
1510804
1510847
1510875
1510882
1510926
1511001
1511122
1511205
1511214
1511228
1511388
1511394
1511407
1511479
1511494
1511593
1511628
1511755
1511787
1511808
1511833
1511853
1511898
1511936
1511981
1512000
1512002
1512085
1512208
1512210
1512249
1512259
1512287
1512334
1512359
1512441
1512460
1512466
1512470
1512478
1512492
1512554
1512588
1512594
1512621
1512629
1512766
1512787
1512832
1512881
1512926
1512972
1513011
1513088
1513092
1513102
1513193
1513350
1513425
1513441
1513454
1513474
1513515
1513547
1513555
1513558
1513626
1513664
1513688
1513704
1513749
1513755
1513779
1513781
1513939
1513976
1514000
1514064
1514090
1514118
1514130
1514156
1514181
1514246
1514290
1514329
1514404
1514477
1514556
1514557
1514574
1514580
1514620
1514636
1514651
1514823
1514904
1514911
1514939
1514967
1515019
1515036
1515044
1515046
1515049
1515087
1515136
1515158
1515159
1515182
1515237
1515260
1515338
1515370
1515460
1515472
1515489
1515497
1515505
1515556
1515570
1515587
1515596
1515623
1515756
1515779
1515826
1515830
1515880
1515889
1515907
1515932
1515982
1516077
1516124
1516154
1516177
1516189
1516214
1516319
1516337
1516349
1516409
1516444
1516447
1516512
1516546
1516597
1516665
1516678
1516707
1516716
1516746
1516757
1516760
1516761
1516792
1516821
1516875
1517018
1517046
1517231
1517309
1517338
1517379
1517419
1517428
1517440
1517538
1517566
1517630
1517642
1517689
1517711
1517738
1517761
1517833
1517859
1517925
1517934
1518015
1518064
1518083
1518114
1518204
1518241
1518251
1518276
1518408
1518529
1518532
1518556
1518582
1518601
1518619
1518668
1518669
1518725
1518744
1518827
1518842
1518854
1518901
1519014
1519067
1519092
1519177
1519180
1519239
1519274
1519302
1519327
1519337
1519385
1519389
1519396
1519442
1519519
1519567
1519632
1519646
1519703
1519734
1519739
1519763
1519781
1519799
1519851
1519868
1519884
1519968
1520037
1520184
1520186
1520233
1520264
1520279
1520302
1520325
1520340
1520345
1520401
1520439
1520506
1520515
1520530
1520536
1520548
1520564
1520566
1520653
1520659
1520684
1520690
1520692
1520709
1520716
1520729
1520750
1520766
1520850
1520883
1520925
1521101
1521142
1521173
1521176
1521243
1521247
1521255
1521259
1521273
1521323
1521328
1521490
1521541
1521549
1521553
1521606
1521691
1521715
1521747
1521783
1521790
1521824
1521838
1521851
1521883
1521973
1521994
1522017
1522036
1522067
1522075
1522117
1522122
1522180
1522212
1522241
1522273
1522319
1522340
1522382
1522399
1522416
1522439
1522456
1522468
1522482
1522503
1522504
1522558
1522674
1522695
1522710
1522747
1522757
1522780
1522781
1522789
1522802
1522839
1522852
1522880
1522895
1522908
1522915
1522949
1522952
1522970
1523179
1523201
1523214
1523225
1523251
1523262
1523295
1523321
1523392
1523405
1523438
1523469
1523536
1523628
1523637
1523641
1523665
1523762
1523832
1523841
1523844
1523879
1523886
1523915
1524012
1524027
1524155
1524189
1524192
1524391
1524476
1524488
1524556
1524628
1524664
1524671
1524711
1524730
1524761
1524772
1524945
1525014
1525020
1525037
1525045
1525090
1525138
1525194
1525230
1525262
1525270
1525280
1525329
1525373
1525384
1525438
1525453
1525480
1525609
1525660
1525670
1525765
1525773
1525835
1525869
1525908
1525948
1525956
1526089
1526096
1526127
1526289
1526318
1526363
1526403
1526544
1526602
1526628
1526669
1526773
1526779
1526811
1526827
1526854
1526863
1526910
1526935
1526993
1527017
1527027
1527042
1527048
1527203
1527213
1527263
1527280
1527322
1527354
1527373
1527388
1527427
1527465
1527520
1527567
1527627
1527640
1527663
1527691
1527718
1527737
1527814
1527820
1527857
1527901
1527916
1527940
1527955
1527968
1528001
1528039
1528128
1528165
1528185
1528207
1528229
1528269
1528271
1528276
1528285
1528391
1528399
1528501
1528538
1528630
1528663
1528672
1528734
1528736
1528852
1528881
1528892
1528925
1528981
1529040
1529055
1529065
1529069
1529097
1529111
1529115
1529128
1529207
1529243
1529286
1529313
1529320
1529339
1529393
1529432
1529446
1529502
1529511
1529527
1529552
1529594
1529662
1529707
1529753
1529759
1529776
1529909
1530022
1530041
1530045
1530110
1530251
1530418
1530422
1530456
1530514
1530520
1530596
1530637
1530674
1530678
1530718
1530856
1530911
1530918
1530933
1530985
1530997
1531010
1531035
1531067
1531069
1531071
1531074
1531084
1531115
1531163
1531194
1531219
1531236
1531248
1531260
1531573
1531582
1531665
1531670
1531724
1531755
1531780
1531784
1531791
1531833
1531836
1531935
1531960
1531976
1532002
1532040
1532129
1532195
1532206
1532265
1532306
1532319
1532333
1532348
1532359
1532364
1532445
1532471
1532482
1532498
1532571
1532595
1532649
1532708
1532752
1532794
1532861
1532950
1533058
1533089
1533095
1533229
1533278
1533307
1533332
1533369
1533410
1533473
1533482
1533493
1533505
1533525
1533622
1533649
1533667
1533684
1533725
1533815
1533848
1533861
1533919
1533989
1534031
1534033
1534099
1534199
1534249
1534263
1534275
1534329
1534390
1534402
1534457
1534505
1534564
1534658
1534736
1534769
1534779
1534780
1534785
1534797
1534801
1534822
1534839
1534880
1534902
1534942
1534973
1535031
1535072
1535075
1535110
1535181
1535240
1535256
1535258
1535344
1535440
1535454
1535642
1535713
1535836
1535846
1535865
1535883
1535923
1535937
1535948
1535953
1535957
1536017
1536112
1536119
1536145
1536155
1536183
1536212
1536235
1536400
1536438
1536471
1536479
1536481
1536486
1536516
1536518
1536574
1536586
1536603
1536650
1536662
1536746
1536751
1536774
1536776
1536834
1536876
1536886
1536899
1536913
1536983
1537050
1537242
1537306
1537313
1537349
1537360
1537370
1537411
1537419
1537455
1537489
1537534
1537565
1537599
1537602
1537649
1537863
1537906
1537918
1537927
1537935
1537973
1538004
1538037
1538067
1538112
1538135
1538140
1538145
1538205
1538213
1538252
1538262
1538284
1538340
1538344
1538360
1538436
1538613
1538728
1538778
1538848
1538850
1538889
1538968
1538978
1539025
1539033
1539089
1539126
1539147
1539182
1539210
1539219
1539306
1539336
1539366
1539376
1539409
1539456
1539496
1539510
1539543
1539577
1539589
1539701
1539751
1539762
1539771
1539774
1539787
1539799
1539836
1539857
1539895
1539901
1539934
1539939
1539952
1539974
1540088
1540108
1540122
1540168
1540199
1540238
1540274
1540313
1540325
1540430
1540453
1540512
1540527
1540629
1540635
1540659
1540745
1540765
1540790
1540840
1540876
1540931
1540954
1540961
1541036
1541050
1541105
1541199
1541263
1541287
1541304
1541317
1541320
1541349
1541403
1541406
1541408
1541412
1541474
1541484
1541506
1541520
1541528
1541541
1541610
1541631
1541639
1541668
1541673
1541685
1541906
1541918
1542028
1542125
1542184
1542255
1542261
1542270
1542274
1542310
1542343
1542436
1542443
1542455
1542485
1542523
1542547
1542553
1542611
1542635
1542677
1542683
1542707
1542730
1542786
1542794
1542817
1542853
1542948
1542975
1542977
1542992
1543015
1543056
1543058
1543075
1543086
1543170
1543209
1543267
1543271
1543330
1543367
1543453
1543522
1543537
1543549
1543556
1543557
1543565
1543596
1543608
1543644
1543778
1543946
1544096
1544123
1544186
1544261
1544305
1544306
1544315
1544413
1544471
1544559
1544574
1544597
1544599
1544610
1544629
1544672
1544687
1544696
1544698
1544719
1544767
1544770
1544774
1544791
1544795
1544812
1544814
1544924
1544930
1544953
1544965
1544975
1544977
1545011
1545034
1545081
1545083
1545119
1545130
1545147
1545156
1545170
1545179
1545245
1545378
1545393
1545468
1545519
1545659
1545699
1545849
1545868
1546007
1546058
1546064
1546113
1546138
1546146
1546150
1546158
1546182
1546186
1546227
1546235
1546256
1546260
1546297
1546301
1546324
1546396
1546501
1546514
1546584
1546592
1546599
1546648
1546654
1546659
1546695
1546796
1546812
1546884
1546898
1546914
1546938
1546957
1546958
1546974
1547171
1547203
1547216
1547227
1547269
1547321
1547366
1547480
1547580
1547618
1547658
1547689
1547719
1547757
1547773
1547788
1547821
1547834
1547855
1547930
1547956
1548051
1548089
1548108
1548163
1548280
1548304
1548319
1548331
1548376
1548493
1548569
1548597
1548626
1548640
1548673
1548802
1548836
1548867
1548888
1548918
1548927
1549016
1549140
1549253
1549257
1549325
1549338
1549346
1549361
1549374
1549399
1549439
1549491
1549494
1549593
1549631
1549655
1549693
1549757
1549821
1549853
1549881
1550013
1550032
1550045
1550111
1550129
1550168
1550219
1550229
1550242
1550279
1550294
1550457
1550468
1550506
1550509
1550519
1550577
1550604
1550629
1550669
1550696
1550758
1550911
1550940
1550945
1550987
1551099
1551124
1551148
1551188
1551189
1551201
1551212
1551247
1551286
1551295
1551296
1551303
1551330
1551345
1551372
1551384
1551392
1551476
1551537
1551581
1551589
1551616
1551620
1551651
1551671
1551720
1551728
1551738
1551763
1551800
1551893
1551925
1551941
1551957
1552007
1552034
1552060
1552080
1552133
1552169
1552186
1552227
1552255
1552263
1552265
1552283
1552324
1552450
1552490
1552491
1552497
1552529
1552582
1552671
1552731
1552821
1552842
1552859
1552885
1552932
1552950
1553063
1553078
1553105
1553110
1553210
1553223
1553232
1553273
1553306
1553329
1553348
1553354
1553392
1553409
1553429
1553468
1553513
1553557
1553607
1553732
1553741
1553777
1553791
1553860
1554018
1554093
1554118
1554161
1554293
1554362
1554363
1554370
1554440
1554504
1554513
1554514
1554519
1554530
1554555
1554592
1554612
1554658
1554686
1554756
1554774
1554801
1554840
1554853
1554868
1554919
1554959
1555005
1555097
1555204
1555243
1555246
1555253
1555264
1555291
1555317
1555352
1555365
1555378
1555389
1555399
1555440
1555469
1555487
1555522
1555540
1555551
1555565
1555603
1555753
1555772
1555786
1555933
1555965
1555997
1556025
1556309
1556396
1556397
1556526
1556570
1556579
1556608
1556637
1556683
1556777
1556781
1556801
1556924
1556978
1557038
1557151
1557173
1557253
1557280
1557375
1557406
1557422
1557547
1557697
1557732
1557749
1557764
1557778
1557793
1557863
1557893
1557912
1557931
1557965
1557991
1558045
1558048
1558146
1558156
1558163
1558260
1558263
1558289
1558313
1558316
1558322
1558409
1558507
1558552
1558613
1558631
1558646
1558649
1558653
1558670
1558671
1558706
1558721
1558741
1558760
1558761
1558779
1558800
1558843
1558846
1558881
1558901
1558926
1558927
1558930
1558949
1558968
1558995
1559002
1559034
1559039
1559100
1559116
1559141
1559145
1559184
1559187
1559223
1559269
1559274
1559288
1559305
1559320
1559365
1559373
1559404
1559436
1559442
1559467
1559474
1559561
1559567
1559592
1559660
1559712
1559775
1559786
1559927
1559982
1560136
1560237
1560295
1560390
1560409
1560433
1560600
1560640
1560672
1560706
1560712
1560723
1560726
1560734
1560741
1560749
1560844
1560904
1560912
1560984
1560994
1561045
1561141
1561170
1561185
1561357
1561397
1561427
1561431
1561489
1561495
1561498
1561503
1561533
1561657
1561681
1561700
1561755
1561794
1561934
1561955
1562001
1562009
1562054
1562059
1562094
1562107
1562174
1562198
1562218
1562243
1562270
1562278
1562282
1562307
1562358
1562408
1562444
1562484
1562535
1562571
1562644
1562656
1562683
1562695
1562746
1562750
1562766
1562769
1562822
1562928
1562992
1563056
1563065
1563075
1563098
1563135
1563183
1563228
1563276
1563323
1563328
1563371
1563447
1563463
1563502
1563523
1563524
1563531
1563541
1563590
1563616
1563646
1563668
1563706
1563733
1563757
1563888
1563891
1563936
1563937
1563993
1564187
1564207
1564249
1564259
1564274
1564322
1564400
1564470
1564478
1564493
1564578
1564627
1564667
1564672
1564689
1564783
1564795
1564818
1564830
1564905
1564928
1564937
1564940
1564950
1564980
1564986
1565019
1565049
1565146
1565173
1565243
1565272
1565311
1565331
1565398
1565415
1565621
1565650
1565739
1565757
1565815
1565832
1565863
1565917
1565930
1565965
1565967
1565971
1566006
1566123
1566168
1566173
1566175
1566198
1566209
1566223
1566237
1566241
1566256
1566262
1566292
1566444
1566533
1566539
1566547
1566586
1566723
1566724
1566730
1566751
1566784
1566791
1566861
1566922
1566947
1566975
1566983
1567015
1567090
1567182
1567214
1567231
1567303
1567322
1567341
1567361
1567465
1567490
1567555
1567569
1567592
1567725
1567953
1568049
1568071
1568109
1568157
1568167
1568187
1568235
1568254
1568258
1568343
1568379
1568384
1568427
1568452
1568455
1568479
1568550
1568650
1568653
1568681
1568698
1568727
1568781
1568843
1568859
1568912
1568988
1569029
1569087
1569122
1569192
1569225
1569236
1569259
1569282
1569286
1569301
1569312
1569359
1569391
1569434
1569462
1569472
1569509
1569513
1569535
1569592
1569615
1569713
1569715
1569740
1569745
1569751
1569754
1569764
1569782
1569788
1569819
1569824
1569834
1569843
1569972
1569999
1570005
1570053
1570067
1570077
1570118
1570127
1570138
1570152
1570166
1570209
1570306
1570311
1570348
1570391
1570453
1570480
1570509
1570581
1570592
1570608
1570653
1570674
1570697
1570743
1570757
1570782
1570800
1570831
1570880
1570890
1570904
1570938
1570951
1570960
1570974
1571143
1571200
1571217
1571241
1571253
1571262
1571292
1571305
1571318
1571325
1571442
1571480
1571518
1571531
1571598
1571604
1571647
1571660
1571685
1571697
1571727
1571832
1571833
1571926
1571929
1571975
1571980
1571984
1572007
1572043
1572161
1572167
1572235
1572454
1572495
1572519
1572648
1572656
1572663
1572698
1572710
1572750
1572759
1572794
1572874
1572894
1572904
1572917
1573019
1573049
1573066
1573099
1573162
1573201
1573226
1573255
1573303
1573360
1573381
1573405
1573432
1573433
1573435
1573441
1573450
1573462
1573494
1573510
1573534
1573547
1573553
1573587
1573627
1573665
1573669
1573737
1573747
1573801
1573837
1573850
1573858
1573877
1573894
1573919
1573925
1573959
1573992
1574062
1574072
1574137
1574153
1574191
1574197
1574206
1574228
1574289
1574296
1574308
1574315
1574361
1574419
1574425
1574442
1574454
1574458
1574466
1574473
1574483
1574494
1574506
1574526
1574536
1574540
1574542
1574559
1574644
1574651
1574662
1574665
1574682
1574689
1574710
1574719
1574761
1574834
1574851
1574857
1574948
1574978
1575010
1575013
1575055
1575120
1575127
1575129
1575327
1575341
1575365
1575377
1575403
1575501
1575520
1575525
1575532
1575613
1575879
1575888
1575895
1575998
1576010
1576085
1576096
1576114
1576124
1576196
1576224
1576250
1576293
1576304
1576336
1576339
1576366
1576417
1576419
1576429
1576447
1576460
1576481
1576514
1576559
1576619
1576648
1576688
1576719
1576772
1576776
1576908
1576923
1576999
1577006
1577039
1577166
1577597
1577608
1577635
1577661
1577690
1577715
1577724
1577759
1577775
1577826
1577857
1577918
1577952
1578030
1578120
1578233
1578236
1578253
1578263
1578324
1578346
1578506
1578565
1578571
1578618
1578633
1578636
1578643
1578651
1578683
1578812
1578824
1578877
1578924
1578928
1578938
1579012
1579170
1579191
1579268
1579388
1579407
1579437
1579454
1579501
1579513
1579569
1579576
1579630
1579652
1579666
1579699
1579719
1579783
1579793
1579808
1579849
1579861
1580024
1580068
1580126
1580153
1580193
1580208
1580220
1580260
1580287
1580325
1580335
1580355
1580397
1580424
1580438
1580481
1580496
1580533
1580539
1580574
1580583
1580638
1580653
1580732
1580755
1580761
1580782
1580813
1580815
1580837
1580864
1580914
1581025
1581055
1581059
1581084
1581158
1581167
1581210
1581225
1581287
1581304
1581340
1581355
1581363
1581377
1581466
1581521
1581550
1581555
1581606
1581615
1581623
1581627
1581632
1581640
1581664
1581675
1581679
1581704
1581747
1581774
1581787
1581797
1581830
1581992
1582024
1582096
1582108
1582116
1582230
1582248
1582320
1582355
1582356
1582517
1582520
1582603
1582653
1582691
1582700
1582758
1582770
1582910
1582919
1582926
1582940
1582948
1582958
1582969
1582999
1583032
1583039
1583044
1583076
1583129
1583172
1583308
1583323
1583331
1583336
1583362
1583365
1583405
1583414
1583446
1583480
1583509
1583514
1583523
1583555
1583602
1583628
1583634
1583645
1583653
1583658
1583704
1583743
1583767
1583772
1583784
1583785
1583833
1583836
1583864
1583892
1583896
1583904
1583928
1584024
1584114
1584121
1584191
1584193
1584275
1584321
1584343
1584356
1584362
1584367
1584441
1584451
1584460
1584469
1584501
1584546
1584613
1584620
1584686
1584699
1584712
1584723
1584796
1584798
1584826
1584836
1584863
1584904
1584921
1584933
1585034
1585065
1585087
1585104
1585153
1585242
1585246
1585361
1585405
1585428
1585430
1585506
1585523
1585595
1585648
1585653
1585666
1585709
1585790
1585821
1585834
1585846
1585849
1585859
1585870
1585968
1585983
1586086
1586101
1586102
1586159
1586186
1586189
1586198
1586215
1586227
1586277
1586354
1586408
1586447
1586456
1586473
1586499
1586523
1586575
1586581
1586615
1586642
1586662
1586688
1586710
1586740
1586776
1586778
1586821
1586871
1586912
1586953
1586968
1587083
1587125
1587187
1587219
1587250
1587268
1587314
1587324
1587332
1587334
1587336
1587351
1587361
1587372
1587379
1587409
1587473
1587486
1587491
1587531
1587534
1587673
1587697
1587708
1587752
1587754
1587818
1587877
1587896
1587926
1587941
1587965
1588013
1588055
1588080
1588145
1588169
1588171
1588189
1588228
1588233
1588246
1588362
1588497
1588516
1588528
1588537
1588555
1588617
1588645
1588680
1588788
1588850
1588893
1588915
1588941
1588972
1588990
1589018
1589035
1589045
1589066
1589076
1589083
1589087
1589122
1589171
1589183
1589243
1589247
1589260
1589300
1589322
1589342
1589371
1589549
1589570
1589579
1589595
1589613
1589615
1589619
1589644
1589650
1589682
1589697
1589712
1589763
1589848
1589889
1589905
1589922
1589964
1589998
1590012
1590061
1590072
1590073
1590109
1590129
1590224
1590252
1590264
1590285
1590332
1590378
1590389
1590405
1590473
1590524
1590539
1590540
1590598
1590605
1590627
1590648
1590675
1590686
1590687
1590802
1590824
1590872
1590900
1590948
1590988
1590997
1591045
1591099
1591146
1591198
1591252
1591256
1591323
1591417
1591530
1591589
1591613
1591620
1591712
1591737
1591784
1591799
1591802
1591842
1591898
1591938
1591945
1591984
1592002
1592028
1592070
1592146
1592177
1592210
1592247
1592272
1592360
1592363
1592457
1592492
1592533
1592550
1592564
1592580
1592642
1592702
1592703
1592777
1592795
1592818
1592848
1592923
1592941
1592972
1593036
1593077
1593151
1593155
1593193
1593226
1593274
1593301
1593308
1593321
1593329
1593345
1593379
1593446
1593460
1593548
1593550
1593666
1593729
1593842
1593893
1593944
1594037
1594075
1594175
1594187
1594214
1594226
1594237
1594306
1594329
1594412
1594541
1594564
1594592
1594606
1594710
1594764
1594801
1594809
1594813
1594831
1594840
1594963
1595005
1595020
1595026
1595137
1595139
1595205
1595224
1595290
1595374
1595421
1595459
1595504
1595552
1595600
1595624
1595662
1595718
1595734
1595744
1595773
1595789
1595799
1595871
1595875
1595918
1595934
1595941
1596078
1596093
1596108
1596111
1596151
1596157
1596172
1596280
1596341
1596388
1596484
1596499
1596557
1596569
1596573
1596610
1596623
1596648
1596785
1596836
1596850
1596934
1596937
1596967
1596983
1597113
1597119
1597154
1597205
1597214
1597310
1597333
1597340
1597362
1597401
1597410
1597417
1597439
1597453
1597553
1597588
1597622
1597710
1597717
1597753
1597775
1597783
1597797
1597891
1597929
1597947
1597960
1597982
1598028
1598031
1598033
1598151
1598204
1598228
1598253
1598262
1598271
1598283
1598307
1598327
1598398
1598410
1598419
1598500
1598510
1598625
1598653
1598831
1598877
1598884
1598927
1598935
1598947
1598991
1599026
1599047
1599049
1599063
1599079
1599107
1599127
1599188
1599236
1599249
1599258
1599263
1599273
1599339
1599466
1599485
1599565
1599597
1599674
1599703
1599705
1599710
1599720
1599884
1599941
1599969
1599995
1600046
1600079
1600082
1600127
1600189
1600195
1600267
1600307
1600328
1600341
1600343
1600384
1600420
1600471
1600613
1600616
1600662
1600679
1600714
1600785
1600908
1600917
1601004
1601090
1601127
1601136
1601206
1601322
1601327
1601350
1601363
1601494
1601496
1601524
1601537
1601568
1601589
1601596
1601618
1601633
1601644
1601704
1601707
1601734
1601804
1601922
1601929
1601942
1601983
1602110
1602115
1602200
1602226
1602230
1602260
1602284
1602359
1602392
1602421
1602454
1602559
1602572
1602601
1602620
1602627
1602679
1602718
1602761
1602783
1602791
1602799
1602880
1602885
1602887
1602949
1602950
1602955
1602980
1603013
1603043
1603049
1603060
1603074
1603116
1603151
1603158
1603206
1603214
1603233
1603276
1603299
1603383
1603385
1603407
1603411
1603461
1603476
1603498
1603573
1603583
1603660
1603705
1603765
1603794
1603800
1603832
1603837
1603876
1603878
1603888
1603919
1603971
1603993
1604067
1604080
1604204
1604216
1604234
1604317
1604367
1604370
1604388
1604394
1604410
1604431
1604451
1604454
1604483
1604487
1604511
1604600
1604606
1604613
1604642
1604685
1604696
1604778
1604869
1604889
1604917
1604960
1605001
1605005
1605017
1605026
1605076
1605102
1605175
1605187
1605196
1605234
1605417
1605488
1605534
1605562
1605611
1605624
1605629
1605638
1605648
1605710
1605858
1605892
1605922
1606002
1606066
1606119
1606156
1606172
1606176
1606182
1606191
1606194
1606234
1606299
1606310
1606333
1606485
1606523
1606564
1606609
1606616
1606622
1606684
1606724
1606768
1606836
1606839
1606899
1606924
1606960
1607014
1607057
1607072
1607179
1607217
1607246
1607297
1607320
1607434
1607467
1607471
1607497
1607509
1607525
1607612
1607750
1607766
1607770
1607921
1607940
1607943
1608024
1608212
1608216
1608218
1608244
1608281
1608374
1608385
1608419
1608489
1608574
1608591
1608641
1608721
1608724
1608726
1608754
1608772
1608908
1609020
1609061
1609077
1609124
1609176
1609189
1609209
1609230
1609262
1609268
1609288
1609333
1609367
1609421
1609431
1609433
1609459
1609510
1609525
1609557
1609573
1609672
1609697
1609853
1609881
1609896
1610004
1610095
1610129
1610155
1610169
1610179
1610225
1610300
1610312
1610317
1610344
1610446
1610519
1610574
1610655
1610676
1610679
1610755
1610835
1610939
1610956
1610995
1611006
1611048
1611125
1611130
1611217
1611241
1611255
1611265
1611288
1611303
1611337
1611355
1611370
1611395
1611412
1611546
1611657
1611679
1611684
1611691
1611717
1611749
1611759
1611774
1611781
1611793
1611801
1611804
1611829
1611852
1611972
1612014
1612061
1612075
1612094
1612125
1612140
1612146
1612150
1612258
1612269
1612279
1612284
1612296
1612304
1612328
1612356
1612384
1612397
1612416
1612490
1612499
1612510
1612523
1612534
1612546
1612549
1612569
1612686
1612694
1612704
1612708
1612714
1612728
1612767
1612797
1612845
1612910
1612956
1612960
1612980
1612992
1613007
1613047
1613049
1613159
1613167
1613201
1613222
1613267
1613344
1613385
1613452
1613551
1613588
1613598
1613602
1613616
1613764
1613775
1613783
1613853
1613862
1613878
1613900
1613919
1613927
1613993
1614043
1614049
1614053
1614093
1614127
1614201
1614226
1614242
1614261
1614264
1614271
1614280
1614288
1614314
1614323
1614443
1614465
1614483
1614577
1614584
1614629
1614686
1614698
1614761
1614873
1614880
1614904
1614965
1615010
1615083
1615120
1615159
1615193
1615270
1615286
1615289
1615298
1615310
1615315
1615342
1615357
1615404
1615415
1615445
1615485
1615501
1615527
1615547
1615621
1615664
1615679
1615698
1615820
1615831
1615921
1615923
1615929
1615931
1615965
1615981
1616021
1616064
1616070
1616088
1616107
1616193
1616196
1616235
1616241
1616315
1616347
1616369
1616469
1616486
1616573
1616579
1616631
1616644
1616681
1616687
1616705
1616711
1616719
1616773
1616800
1616811
1616868
1616882
1616971
1617021
1617032
1617067
1617085
1617113
1617124
1617207
1617292
1617333
1617337
1617341
1617342
1617392
1617426
1617492
1617536
1617653
1617709
1617712
1617718
1617755
1617774
1617785
1617801
1617805
1617827
1617932
1617934
1617958
1617979
1618086
1618103
1618169
1618224
1618235
1618255
1618272
1618283
1618337
1618346
1618356
1618377
1618435
1618454
1618497
1618531
1618594
1618694
1618737
1618759
1618770
1618772
1618802
1618823
1618892
1618918
1618931
1619059
1619066
1619068
1619182
1619189
1619192
1619201
1619228
1619247
1619366
1619412
1619430
1619440
1619505
1619531
1619589
1619618
1619623
1619655
1619734
1619796
1619802
1619815
1619846
1619858
1619969
1619981
1620008
1620034
1620037
1620053
1620062
1620078
1620090
1620091
1620114
1620123
1620145
1620169
1620217
1620249
1620265
1620277
1620298
1620417
1620491
1620510
1620566
1620584
1620590
1620627
1620656
1620679
1620725
1620761
1620787
1620860
1620946
1620961
1620982
1621025
1621031
1621053
1621082
1621093
1621171
1621183
1621186
1621263
1621301
1621350
1621481
1621516
1621520
1621537
1621632
1621780
1621783
1621789
1621862
1621900
1621918
1622001
1622028
1622071
1622096
1622110
1622184
1622272
1622331
1622384
1622400
1622420
1622458
1622500
1622521
1622640
1622686
1622691
1622737
1622814
1622817
1622856
1622864
1622892
1622901
1622974
1622982
1622994
1623015
1623049
1623197
1623201
1623238
1623248
1623289
1623324
1623333
1623338
1623354
1623366
1623368
1623430
1623458
1623509
1623541
1623605
1623633
1623636
1623659
1623732
1623742
1623768
1623770
1623831
1623857
1623866
1624001
1624024
1624077
1624112
1624201
1624202
1624234
1624241
1624252
1624258
1624332
1624346
1624374
1624438
1624485
1624494
1624498
1624506
1624568
1624630
1624633
1624765
1624815
1624836
1624909
1624912
1624949
1624954
1624965
1625020
1625036
1625054
1625069
1625083
1625150
1625172
1625175
1625195
1625224
1625231
1625241
1625249
1625347
1625393
1625410
1625422
1625445
1625453
1625484
1625614
1625644
1625674
1625681
1625703
1625719
1625728
1625764
1625793
1625818
1625825
1625826
1625882
1625937
1625949
1625989
1625995
1626140
1626176
1626180
1626222
1626271
1626285
1626291
1626356
1626369
1626407
1626444
1626484
1626571
1626604
1626606
1626613
1626738
1626751
1626827
1626862
1626868
1626977
1627131
1627178
1627223
1627249
1627260
1627266
1627271
1627282
1627299
1627348
1627443
1627458
1627462
1627484
1627523
1627538
1627547
1627576
1627626
1627638
1627699
1627704
1627721
1627768
1627817
1627823
1627828
1627893
1627899
1627905
1627913
1627922
1627927
1627933
1627948
1628010
1628056
1628072
1628095
1628117
1628135
1628184
1628231
1628252
1628329
1628333
1628345
1628354
1628378
1628380
1628435
1628530
1628575
1628641
1628644
1628684
1628736
1628799
1628818
1628825
1628877
1628890
1628933
1628964
1629075
1629090
1629106
1629141
1629143
1629181
1629182
1629248
1629267
1629285
1629296
1629318
1629327
1629341
1629374
1629376
1629431
1629444
1629456
1629510
1629562
1629578
1629586
1629648
1629672
1629696
1629700
1629733
1629762
1629777
1629795
1629838
1629885
1629945
1629964
1629983
1630058
1630148
1630171
1630212
1630298
1630302
1630373
1630386
1630390
1630418
1630442
1630482
1630502
1630511
1630558
1630565
1630569
1630626
1630737
1630775
1630783
1630814
1630857
1630880
1630891
1630899
1630925
1630955
1630970
1630993
1630999
1631006
1631010
1631011
1631015
1631032
1631050
1631055
1631061
1631069
1631083
1631188
1631271
1631336
1631341
1631348
1631358
1631415
1631423
1631475
1631485
1631488
1631523
1631528
1631588
1631599
1631602
1631607
1631638
1631663
1631712
1631730
1631745
1631751
1631825
1631828
1631877
1631905
1632005
1632025
1632077
1632112
1632150
1632181
1632202
1632251
1632278
1632292
1632323
1632349
1632363
1632419
1632455
1632468
1632527
1632561
1632619
1632629
1632640
1632708
1632736
1632788
1632880
1632971
1633004
1633088
1633127
1633192
1633253
1633304
1633366
1633492
1633505
1633519
1633570
1633613
1633628
1633673
1633769
1633804
1633826
1633900
1633923
1633925
1633945
1633952
1634031
1634052
1634083
1634117
1634137
1634145
1634245
1634289
1634311
1634369
1634430
1634435
1634476
1634485
1634520
1634525
1634538
1634624
1634668
1634770
1634774
1634826
1634917
1634919
1634933
1634984
1634993
1635017
1635024
1635064
1635103
1635134
1635136
1635147
1635154
1635162
1635167
1635188
1635208
1635232
1635239
1635288
1635308
1635387
1635398
1635428
1635590
1635618
1635623
1635667
1635680
1635687
1635734
1635854
1635874
1635933
1635954
1635978
1635987
1636089
1636135
1636159
1636168
1636270
1636322
1636329
1636411
1636461
1636484
1636491
1636506
1636521
1636536
1636694
1636698
1636827
1636834
1636843
1636859
1636866
1636901
1636913
1636920
1637036
1637052
1637069
1637155
1637213
1637234
1637236
1637239
1637241
1637274
1637284
1637309
1637328
1637393
1637419
1637469
1637502
1637544
1637583
1637598
1637616
1637640
1637655
1637686
1637719
1637749
1637764
1637790
1637819
1637876
1637890
1637940
1637944
1637971
1637996
1638020
1638024
1638097
1638103
1638111
1638157
1638243
1638289
1638348
1638376
1638435
1638518
1638528
1638547
1638564
1638588
1638589
1638598
1638671
1638673
1638678
1638785
1638881
1638924
1638977
1638979
1638990
1639016
1639021
1639164
1639184
1639194
1639209
1639274
1639276
1639278
1639374
1639382
1639413
1639446
1639496
1639542
1639546
1639593
1639598
1639607
1639650
1639654
1639676
1639814
1639849
1639853
1639955
1639962
1640044
1640049
1640066
1640083
1640110
1640118
1640147
1640150
1640184
1640207
1640231
1640247
1640271
1640366
1640399
1640463
1640499
1640505
1640518
1640550
1640622
1640639
1640656
1640661
1640668
1640679
1640740
1640832
1640837
1640852
1640873
1640977
1640992
1641012
1641043
1641065
1641071
1641101
1641118
1641171
1641196
1641237
1641249
1641309
1641353
1641401
1641407
1641524
1641532
1641554
1641608
1641661
1641807
1641813
1641829
1641835
1641853
1641864
1641972
1641981
1642000
1642143
1642150
1642171
1642208
1642211
1642222
1642306
1642446
1642448
1642450
1642477
1642504
1642561
1642581
1642590
1642708
1642718
1642780
1642787
1642822
1642849
1642860
1642921
1642939
1642967
1642971
1643022
1643054
1643112
1643239
1643371
1643432
1643546
1643575
1643633
1643702
1643708
1643716
1643729
1643771
1643870
1643885
1643891
1643914
1643922
1643952
1643990
1644194
1644215
1644234
1644291
1644328
1644333
1644387
1644433
1644510
1644531
1644571
1644574
1644677
1644680
1644724
1644729
1644736
1644767
1644876
1644884
1644894
1644907
1644936
1644944
1644953
1644968
1645005
1645020
1645044
1645087
1645249
1645283
1645441
1645463
1645475
1645477
1645517
1645545
1645558
1645581
1645586
1645591
1645609
1645638
1645668
1645713
1645763
1645871
1645976
1645984
1645987
1645995
1646057
1646078
1646118
1646161
1646205
1646214
1646293
1646305
1646334
1646362
1646435
1646447
1646453
1646461
1646543
1646554
1646576
1646593
1646667
1646782
1646798
1646928
1646962
1646971
1647053
1647056
1647112
1647177
1647217
1647287
1647308
1647334
1647526
1647632
1647662
1647669
1647699
1647815
1647846
1647923
1647949
1647991
1648114
1648141
1648154
1648158
1648162
1648230
1648258
1648263
1648265
1648268
1648280
1648289
1648332
1648351
1648573
1648711
1648789
1648842
1648931
1649001
1649056
1649128
1649160
1649198
1649211
1649267
1649278
1649288
1649291
1649308
1649330
1649334
1649336
1649404
1649437
1649530
1649589
1649594
1649683
1649762
1649765
1649813
1649827
1649835
1649850
1649862
1649909
1649917
1649919
1649965
1650133
1650169
1650185
1650220
1650274
1650342
1650366
1650388
1650462
1650543
1650613
1650614
1650642
1650657
1650669
1650696
1650751
1650770
1650780
1650808
1650825
1650853
1650909
1650922
1650928
1650932
1651047
1651141
1651147
1651241
1651253
1651275
1651397
1651496
1651514
1651517
1651529
1651571
1651632
1651656
1651671
1651707
1651730
1651734
1651762
1651804
1652006
1652044
1652153
1652166
1652172
1652247
1652278
1652326
1652381
1652491
1652542
1652578
1652587
1652639
1652839
1652915
1652949
1652961
1653015
1653039
1653048
1653134
1653290
1653302
1653327
1653364
1653380
1653385
1653421
1653447
1653473
1653503
1653528
1653534
1653537
1653544
1653573
1653598
1653605
1653680
1653709
1653737
1653806
1653867
1653928
1653972
1654005
1654012
1654067
1654099
1654149
1654168
1654199
1654247
1654348
1654385
1654465
1654499
1654543
1654566
1654616
1654640
1654712
1654775
1654800
1654806
1654821
1654886
1654908
1654963
1654967
1654976
1654980
1654998
1655052
1655113
1655123
1655156
1655179
1655185
1655218
1655324
1655433
1655655
1655695
1655716
1655814
1655821
1655843
1656002
1656049
1656074
1656108
1656147
1656172
1656188
1656236
1656261
1656272
1656382
1656394
1656404
1656443
1656469
1656486
1656515
1656552
1656647
1656717
1656790
1656793
1656905
1656930
1656959
1657042
1657062
1657071
1657087
1657156
1657224
1657236
1657259
1657305
1657500
1657521
1657531
1657581
1657617
1657639
1657692
1657699
1657709
1657720
1657734
1657746
1657769
1657779
1657786
1657809
1657853
1657856
1657873
1657877
1657895
1657913
1658016
1658062
1658068
1658071
1658087
1658097
1658117
1658135
1658190
1658205
1658233
1658282
1658286
1658287
1658325
1658348
1658359
1658378
1658481
1658691
1658775
1658780
1658785
1658804
1658822
1658883
1658914
1658918
1658933
1658947
1658949
1658975
1658983
1659028
1659032
1659097
1659108
1659123
1659156
1659170
1659245
1659264
1659318
1659325
1659359
1659361
1659366
1659368
1659370
1659388
1659410
1659444
1659486
1659522
1659562
1659599
1659603
1659620
1659658
1659737
1659747
1659751
1659756
1659805
1659819
1659828
1659881
1659937
1659941
1659949
1659968
1659986
1659994
1660055
1660066
1660096
1660108
1660204
1660271
1660433
1660437
1660498
1660520
1660523
1660524
1660555
1660562
1660565
1660623
1660639
1660667
1660673
1660675
1660698
1660709
1660751
1660780
1660789
1660798
1660826
1660856
1660927
1660938
1660951
1661029
1661088
1661113
1661163
1661185
1661188
1661193
1661267
1661376
1661378
1661427
1661428
1661522
1661532
1661592
1661637
1661662
1661813
1661815
1661824
1661851
1661921
1661943
1662004
1662065
1662128
1662170
1662181
1662240
1662287
1662340
1662345
1662349
1662356
1662421
1662437
1662475
1662529
1662537
1662672
1662744
1662747
1662808
1662852
1662950
1662977
1662981
1662993
1663021
1663035
1663046
1663087
1663107
1663146
1663224
1663252
1663286
1663431
1663456
1663461
1663494
1663520
1663547
1663647
1663670
1663685
1663743
1663749
1663768
1663771
1663800
1663818
1663826
1663846
1663900
1663908
1663923
1663925
1663961
1664018
1664117
1664205
1664210
1664220
1664254
1664290
1664304
1664313
1664354
1664377
1664402
1664420
1664455
1664571
1664654
1664697
1664718
1664726
1664727
1664834
1664886
1664906
1664914
1664924
1664965
1664987
1665107
1665139
1665147
1665189
1665297
1665305
1665311
1665359
1665383
1665412
1665434
1665440
1665456
1665459
1665468
1665476
1665478
1665499
1665501
1665531
1665547
1665561
1665596
1665694
1665722
1665743
1665767
1665826
1665910
1665943
1666009
1666012
1666014
1666026
1666045
1666092
1666143
1666173
1666190
1666208
1666273
1666283
1666313
1666323
1666339
1666344
1666367
1666514
1666553
1666568
1666571
1666572
1666592
1666647
1666674
1666702
1666708
1666757
1666775
1666890
1666899
1666922
1667012
1667084
1667205
1667285
1667301
1667325
1667339
1667362
1667367
1667383
1667502
1667537
1667554
1667563
1667708
1667709
1667712
1667759
1667774
1667781
1667803
1667842
1667882
1667952
1667984
1667996
1668009
1668015
1668084
1668149
1668244
1668288
1668301
1668306
1668307
1668312
1668386
1668398
1668429
1668483
1668496
1668546
1668551
1668603
1668610
1668630
1668633
1668756
1668784
1668803
1668853
1668877
1669050
1669071
1669085
1669247
1669257
1669262
1669283
1669314
1669358
1669377
1669386
1669415
1669456
1669503
1669516
1669562
1669566
1669589
1669594
1669651
1669690
1669717
1669751
1669814
1669972
1669981
1670011
1670032
1670051
1670054
1670106
1670133
1670144
1670182
1670191
1670247
1670274
1670300
1670307
1670329
1670337
1670378
1670388
1670393
1670473
1670492
1670541
1670627
1670647
1670776
1670783
1670789
1670987
1671057
1671075
1671132
1671139
1671228
1671254
1671296
1671330
1671344
1671359
1671408
1671412
1671416
1671426
1671477
1671492
1671531
1671553
1671674
1671812
1671845
1671861
1671879
1671903
1671925
1671942
1671973
1671988
1672000
1672014
1672050
1672140
1672147
1672188
1672217
1672222
1672234
1672274
1672279
1672288
1672386
1672464
1672507
1672557
1672581
1672607
1672659
1672676
1672711
1672729
1672789
1672793
1672799
1672802
1672893
1672979
1673036
1673057
1673091
1673102
1673137
1673266
1673269
1673282
1673342
1673416
1673419
1673481
1673487
1673524
1673574
1673629
1673685
1673700
1673822
1673838
1673852
1673889
1673941
1673975
1674016
1674172
1674266
1674304
1674311
1674356
1674358
1674372
1674398
1674415
1674427
1674447
1674502
1674548
1674557
1674606
1674677
1674690
1674787
1674819
1674859
1674886
1674893
1674900
1674906
1674912
1675014
1675031
1675054
1675085
1675133
1675135
1675224
1675231
1675237
1675259
1675285
1675305
1675401
1675407
1675440
1675470
1675540
1675541
1675650
1675655
1675674
1675689
1675735
1675741
1675772
1675924
1676049
1676075
1676099
1676117
1676199
1676241
1676285
1676293
1676328
1676410
1676419
1676426
1676442
1676453
1676554
1676558
1676649
1676664
1676675
1676765
1676787
1676826
1676888
1676925
1677010
1677020
1677060
1677066
1677109
1677163
1677187
1677207
1677225
1677292
1677340
1677361
1677362
1677412
1677497
1677500
1677504
1677522
1677563
1677602
1677715
1677763
1677862
1677899
1677922
1677924
1677958
1678021
1678028
1678040
1678081
1678093
1678101
1678105
1678135
1678272
1678286
1678343
1678357
1678365
1678371
1678428
1678483
1678500
1678503
1678517
1678525
1678531
1678568
1678576
1678622
1678628
1678638
1678640
1678702
1678726
1678736
1678758
1678795
1678873
1678943
1678960
1678995
1679008
1679017
1679084
1679095
1679133
1679151
1679187
1679205
1679241
1679382
1679385
1679425
1679432
1679436
1679439
1679490
1679547
1679556
1679570
1679685
1679904
1679920
1679989
1680087
1680125
1680158
1680214
1680218
1680225
1680253
1680262
1680281
1680306
1680331
1680339
1680349
1680361
1680376
1680391
1680460
1680508
1680532
1680561
1680576
1680637
1680651
1680738
1680782
1680798
1680801
1680847
1680856
1680874
1681004
1681062
1681088
1681099
1681161
1681264
1681299
1681342
1681353
1681447
1681492
1681568
1681604
1681729
1681740
1681759
1681782
1681846
1681869
1681890
1681904
1681907
1681916
1682042
1682051
1682069
1682187
1682210
1682274
1682354
1682382
1682407
1682437
1682438
1682478
1682500
1682586
1682600
1682602
1682659
1682715
1682742
1682905
1682938
1682973
1682994
1683021
1683054
1683057
1683091
1683097
1683110
1683365
1683467
1683474
1683518
1683552
1683622
1683629
1683654
1683675
1683702
1683788
1683825
1683876
1683921
1683944
1684016
1684042
1684061
1684113
1684154
1684241
1684354
1684360
1684364
1684385
1684391
1684402
1684447
1684450
1684473
1684518
1684582
1684587
1684624
1684656
1684685
1684722
1684729
1684839
1684990
1685048
1685155
1685184
1685191
1685222
1685233
1685242
1685250
1685295
1685322
1685381
1685402
1685439
1685447
1685461
1685494
1685524
1685541
1685545
1685563
1685602
1685634
1685680
1685701
1685727
1685844
1685871
1685882
1685894
1685998
1686024
1686027
1686033
1686119
1686127
1686207
1686243
1686247
1686276
1686281
1686290
1686313
1686405
1686464
1686469
1686502
1686550
1686581
1686673
1686680
1686747
1686751
1686763
1686770
1686781
1686792
1686823
1686832
1686846
1686871
1686878
1686945
1686976
1686981
1687035
1687099
1687131
1687161
1687172
1687206
1687300
1687329
1687463
1687475
1687479
1687509
1687531
1687589
1687596
1687649
1687669
1687735
1687836
1687850
1688014
1688063
1688131
1688135
1688151
1688175
1688218
1688258
1688351
1688399
1688439
1688518
1688534
1688563
1688581
1688639
1688660
1688695
1688727
1688747
1688764
1688784
1688832
1688874
1689009
1689036
1689067
1689114
1689133
1689144
1689170
1689195
1689201
1689214
1689240
1689280
1689321
1689340
1689344
1689348
1689369
1689428
1689460
1689518
1689831
1689953
1690001
1690022
1690092
1690178
1690188
1690277
1690280
1690349
1690373
1690392
1690407
1690435
1690438
1690445
1690477
1690584
1690602
1690609
1690764
1690788
1690814
1690819
1690887
1690889
1690896
1690940
1690966
1691036
1691073
1691090
1691190
1691227
1691254
1691276
1691333
1691341
1691425
1691453
1691493
1691525
1691545
1691647
1691677
1691733
1691748
1691834
1691838
1691860
1691868
1691963
1691974
1692012
1692023
1692115
1692126
1692224
1692329
1692334
1692353
1692401
1692431
1692435
1692678
1692687
1692804
1692925
1692943
1692964
1692968
1692976
1693053
1693056
1693246
1693512
1693535
1693560
1693600
1693602
1693630
1693756
1693813
1693850
1693854
1693927
1693928
1693931
1693940
1694014
1694064
1694227
1694230
1694278
1694312
1694314
1694325
1694361
1694395
1694596
1694696
1694716
1694723
1694797
1694812
1694821
1694841
1694864
1694894
1694910
1694978
1694984
1694996
1695022
1695079
1695130
1695185
1695192
1695259
1695266
1695273
1695282
1695300
1695307
1695327
1695373
1695390
1695463
1695467
1695493
1695637
1695699
1695780
1695816
1695880
1695923
1696039
1696058
1696131
1696199
1696256
1696300
1696316
1696357
1696379
1696380
1696389
1696412
1696427
1696496
1696548
1696567
1696592
1696630
1696636
1696639
1696671
1696682
1696736
1696755
1696813
1696837
1696883
1696920
1696932
1696956
1696966
1697083
1697138
1697167
1697243
1697266
1697276
1697285
1697292
1697302
1697312
1697402
1697430
1697449
1697544
1697595
1697628
1697630
1697703
1697733
1697784
1697969
1698086
1698405
1698409
1698414
1698436
1698447
1698464
1698483
1698565
1698614
1698665
1698705
1698754
1698786
1698878
1698885
1698898
1698900
1698927
1698967
1698987
1699020
1699037
1699056
1699073
1699115
1699175
1699183
1699197
1699224
1699225
1699233
1699240
1699332
1699345
1699364
1699399
1699457
1699470
1699472
1699489
1699532
1699570
1699625
1699635
1699695
1699700
1699716
1699722
1699749
1699762
1699791
1699833
1699965
1699972
1699993
1700046
1700109
1700120
1700137
1700171
1700194
1700214
1700244
1700296
1700309
1700318
1700322
1700343
1700429
1700651
1700684
1700708
1700730
1700813
1700877
1700879
1700944
1700994
1701006
1701068
1701085
1701134
1701141
1701168
1701188
1701260
1701269
1701277
1701285
1701377
1701400
1701402
1701418
1701462
1701470
1701485
1701529
1701555
1701569
1701632
1701649
1701769
1701805
1701889
1701953
1701978
1702079
1702088
1702195
1702201
1702215
1702294
1702383
1702391
1702433
1702452
1702473
1702499
1702513
1702530
1702537
1702594
1702602
1702657
1702660
1702708
1702748
1702776
1702788
1702794
1702823
1702929
1703006
1703023
1703032
1703088
1703090
1703119
1703240
1703278
1703304
1703347
1703396
1703449
1703470
1703513
1703527
1703559
1703620
1703701
1703824
1703840
1703868
1703886
1703888
1703911
1703991
1703998
1704004
1704134
1704159
1704168
1704336
1704367
1704375
1704412
1704415
1704456
1704523
1704534
1704541
1704547
1704558
1704591
1704599
1704607
1704656
1704657
1704679
1704694
1704695
1704752
1704772
1704791
1704817
1704904
1704986
1705084
1705132
1705137
1705144
1705150
1705169
1705203
1705224
1705249
1705334
1705365
1705429
1705462
1705475
1705483
1705515
1705529
1705540
1705554
1705560
1705566
1705586
1705631
1705728
1705765
1705874
1705928
1705956
1706044
1706098
1706109
1706110
1706148
1706186
1706210
1706219
1706240
1706242
1706277
1706281
1706339
1706364
1706450
1706689
1706730
1706739
1706753
1706760
1706797
1706818
1706825
1706830
1706835
1706899
1706901
1706914
1706934
1706956
1707043
1707089
1707098
1707180
1707193
1707243
1707269
1707297
1707344
1707468
1707472
1707499
1707508
1707511
1707519
1707549
1707557
1707611
1707673
1707689
1707709
1707803
1707880
1707898
1707918
1708015
1708085
1708101
1708109
1708127
1708185
1708201
1708207
1708278
1708282
1708302
1708307
1708397
1708452
1708484
1708488
1708495
1708514
1708538
1708544
1708663
1708714
1708920
1708942
1708987
1708997
1709039
1709060
1709063
1709131
1709156
1709174
1709265
1709285
1709298
1709309
1709324
1709383
1709422
1709455
1709503
1709518
1709551
1709560
1709598
1709609
1709673
1709707
1709742
1709760
1709782
1709911
1709955
1709993
1710029
1710060
1710108
1710137
1710178
1710187
1710207
1710230
1710242
1710264
1710318
1710335
1710364
1710447
1710461
1710517
1710575
1710636
1710658
1710660
1710682
1710693
1710769
1710807
1711002
1711024
1711126
1711178
1711186
1711290
1711300
1711376
1711512
1711542
1711616
1711650
1711672
1711767
1711809
1711827
1711835
1711903
1711912
1711934
1711939
1711951
1711989
1711993
1712001
1712079
1712141
1712177
1712188
1712253
1712257
1712281
1712298
1712358
1712399
1712415
1712419
1712420
1712435
1712444
1712526
1712540
1712594
1712638
1712658
1712767
1712791
1712817
1712834
1712873
1712902
1712917
1712932
1712938
1712945
1712948
1712958
1713014
1713084
1713140
1713147
1713195
1713240
1713261
1713286
1713296
1713307
1713352
1713384
1713432
1713448
1713449
1713462
1713556
1713562
1713594
1713613
1713676
1713812
1713871
1713915
1714048
1714065
1714106
1714117
1714131
1714155
1714208
1714212
1714227
1714247
1714258
1714260
1714379
1714411
1714434
1714463
1714529
1714601
1714674
1714694
1714738
1714743
1714763
1714833
1714854
1714878
1714949
1715006
1715053
1715120
1715177
1715216
1715253
1715267
1715268
1715273
1715301
1715342
1715351
1715363
1715414
1715420
1715424
1715441
1715458
1715488
1715496
1715514
1715650
1715654
1715684
1715687
1715709
1715801
1715802
1715816
1715830
1715840
1715887
1715921
1715925
1715963
1715973
1715977
1716033
1716049
1716064
1716139
1716170
1716193
1716202
1716248
1716255
1716282
1716309
1716313
1716318
1716321
1716386
1716417
1716473
1716514
1716544
1716653
1716715
1716730
1716754
1716784
1716800
1716823
1716829
1716967
1716978
1717001
1717073
1717115
1717130
1717148
1717220
1717225
1717296
1717391
1717420
1717423
1717467
1717548
1717599
1717656
1717665
1717672
1717679
1717706
1717710
1717712
1717747
1717766
1717845
1717873
1717886
1717923
1717955
1717998
1718006
1718064
1718091
1718134
1718194
1718256
1718271
1718310
1718330
1718365
1718380
1718510
1718544
1718568
1718627
1718727
1718734
1718772
1718777
1718825
1718840
1718847
1718908
1719045
1719058
1719069
1719120
1719140
1719154
1719179
1719210
1719247
1719306
1719413
1719438
1719484
1719565
1719568
1719615
1719622
1719666
1719686
1719695
1719738
1719753
1719832
1719837
1719892
1719906
1719925
1719926
1720061
1720112
1720115
1720170
1720237
1720304
1720318
1720329
1720348
1720379
1720388
1720465
1720492
1720535
1720571
1720581
1720608
1720679
1720778
1720784
1720795
1720805
1720811
1720963
1720982
1721067
1721094
1721113
1721133
1721145
1721218
1721294
1721393
1721406
1721411
1721436
1721463
1721503
1721544
1721575
1721598
1721603
1721612
1721615
1721650
1721667
1721682
1721716
1721777
1721791
1721800
1721803
1721831
1722016
1722063
1722073
1722074
1722087
1722100
1722145
1722153
1722205
1722213
1722245
1722252
1722262
1722360
1722425
1722469
1722498
1722618
1722696
1722699
1722706
1722733
1722746
1722755
1722768
1722816
1722890
1722891
1722979
1722991
1723043
1723050
1723086
1723114
1723125
1723159
1723181
1723199
1723254
1723258
1723267
1723275
1723280
1723293
1723295
1723302
1723320
1723340
1723367
1723373
1723381
1723416
1723422
1723474
1723513
1723604
1723668
1723672
1723678
1723823
1723847
1723866
1724036
1724074
1724316
1724372
1724380
1724392
1724394
1724542
1724572
1724580
1724602
1724622
1724676
1724701
1724741
1724767
1724784
1724792
1724813
1724830
1724994
1725084
1725123
1725207
1725265
1725332
1725334
1725426
1725432
1725473
1725509
1725545
1725591
1725603
1725665
1725675
1725697
1725705
1725708
1725714
1725722
1725793
1725797
1725817
1725837
1725852
1725904
1725908
1725914
1725993
1726010
1726043
1726057
1726093
1726141
1726166
1726251
1726305
1726311
1726330
1726368
1726382
1726424
1726435
1726489
1726510
1726511
1726530
1726554
1726603
1726630
1726648
1726689
1726704
1726788
1726876
1726925
1726940
1726971
1726974
1727004
1727054
1727068
1727087
1727101
1727122
1727143
1727145
1727212
1727224
1727235
1727272
1727294
1727337
1727341
1727372
1727426
1727442
1727454
1727482
1727486
1727501
1727505
1727526
1727555
1727644
1727673
1727693
1727735
1727789
1727798
1727871
1727894
1727913
1727991
1728017
1728055
1728068
1728096
1728129
1728149
1728167
1728183
1728243
1728248
1728361
1728558
1728600
1728642
1728672
1728699
1728710
1728779
1728789
1728858
1728871
1728881
1728893
1728939
1728952
1728975
1728994
1729084
1729113
1729142
1729145
1729222
1729323
1729380
1729392
1729399
1729489
1729547
1729550
1729576
1729593
1729604
1729625
1729648
1729662
1729685
1729687
1729735
1729772
1729776
1729783
1729808
1729823
1729862
1729896
1729904
1729912
1729960
1729964
1730024
1730030
1730062
1730087
1730093
1730101
1730168
1730219
1730223
1730290
1730297
1730302
1730314
1730350
1730373
1730384
1730475
1730479
1730507
1730544
1730587
1730598
1730611
1730646
1730663
1730681
1730705
1730730
1730736
1730745
1730795
1730848
1730859
1730863
1730961
1730981
1731005
1731029
1731039
1731073
1731094
1731101
1731109
1731130
1731135
1731214
1731278
1731282
1731309
1731331
1731351
1731370
1731379
1731394
1731400
1731412
1731422
1731427
1731456
1731522
1731540
1731546
1731558
1731565
1731575
1731584
1731591
1731635
1731639
1731648
1731770
1731777
1731849
1731894
1731946
1732032
1732047
1732121
1732173
1732191
1732194
1732213
1732253
1732294
1732303
1732352
1732378
1732380
1732426
1732505
1732671
1732672
1732698
1732826
1732862
1732901
1732976
1732981
1732992
1733049
1733055
1733079
1733094
1733218
1733243
1733262
1733271
1733296
1733366
1733373
1733377
1733380
1733432
1733449
1733470
1733479
1733506
1733516
1733522
1733559
1733616
1733619
1733624
1733675
1733721
1733728
1733777
1733793
1733813
1733834
1733917
1733965
1734005
1734050
1734080
1734091
1734103
1734130
1734162
1734203
1734248
1734255
1734366
1734413
1734474
1734506
1734530
1734556
1734584
1734680
1734689
1734722
1734754
1734758
1734780
1734918
1734956
1734974
1735026
1735032
1735074
1735080
1735128
1735138
1735146
1735166
1735195
1735199
1735212
1735237
1735290
1735307
1735311
1735367
1735458
1735462
1735475
1735486
1735580
1735627
1735631
1735686
1735691
1735704
1735735
1735769
1735832
1735845
1735852
1735934
1735946
1735982
1736020
1736050
1736075
1736076
1736212
1736237
1736245
1736262
1736295
1736387
1736505
1736516
1736638
1736666
1736670
1736683
1736711
1736725
1736734
1736741
1736745
1736856
1736904
1736948
1736987
1737002
1737017
1737030
1737033
1737042
1737099
1737101
1737151
1737379
1737451
1737463
1737469
1737524
1737538
1737564
1737616
1737686
1737697
1737724
1737740
1737766
1737813
1737831
1737839
1737943
1737968
1738083
1738148
1738317
1738413
1738418
1738420
1738469
1738531
1738556
1738584
1738597
1738678
1738706
1738802
1738834
1738861
1738871
1738880
1738890
1738914
1739065
1739087
1739272
1739334
1739428
1739461
1739527
1739529
1739549
1739598
1739632
1739641
1739653
1739654
1739669
1739700
1739708
1739732
1739736
1739757
1739795
1739801
1739813
1739861
1739923
1739983
1739990
1740058
1740087
1740122
1740138
1740160
1740189
1740194
1740211
1740254
1740257
1740292
1740299
1740337
1740391
1740454
1740536
1740585
1740617
1740619
1740624
1740643
1740646
1740662
1740685
1740689
1740702
1740705
1740777
1740811
1740856
1740869
1740903
1740961
1741011
1741057
1741075
1741090
1741114
1741120
1741212
1741221
1741225
1741296
1741298
1741351
1741371
1741399
1741458
1741475
1741481
1741508
1741715
1741751
1741752
1741912
1741982
1742048
1742056
1742058
1742068
1742075
1742103
1742131
1742169
1742236
1742334
1742354
1742378
1742389
1742410
1742431
1742520
1742549
1742568
1742685
1742687
1742704
1742794
1742827
1742850
1742939
1742950
1743082
1743088
1743216
1743301
1743309
1743414
1743434
1743461
1743543
1743586
1743641
1743731
1743747
1743876
1743887
1743935
1744015
1744115
1744153
1744284
1744328
1744335
1744348
1744398
1744412
1744453
1744462
1744465
1744494
1744536
1744553
1744562
1744637
1744643
1744663
1744713
1744754
1744886
1744891
1744898
1744931
1745154
1745164
1745197
1745220
1745261
1745265
1745284
1745294
1745322
1745358
1745361
1745442
1745444
1745504
1745648
1745663
1745699
1745750
1745776
1745879
1745918
1745950
1745959
1745981
1746018
1746034
1746038
1746062
1746200
1746252
1746302
1746306
1746309
1746315
1746323
1746334
1746338
1746375
1746376
1746377
1746436
1746453
1746520
1746531
1746620
1746680
1746712
1746729
1746780
1746959
1746987
1747002
1747063
1747068
1747101
1747134
1747147
1747154
1747188
1747217
1747231
1747252
1747268
1747292
1747297
1747315
1747362
1747398
1747403
1747409
1747446
1747475
1747531
1747557
1747578
1747596
1747612
1747708
1747849
1747914
1747917
1747961
1748046
1748063
1748096
1748156
1748157
1748186
1748253
1748255
1748309
1748313
1748347
1748383
1748475
1748494
1748553
1748579
1748590
1748649
1748669
1748674
1748680
1748699
1748720
1748795
1748933
1748940
1748945
1748950
1748984
1749020
1749022
1749101
1749148
1749180
1749184
1749267
1749277
1749330
1749357
1749436
1749488
1749510
1749526
1749541
1749636
1749680
1749714
1749771
1749794
1749813
1749817
1749860
1749938
1749944
1750016
1750021
1750032
1750047
1750055
1750163
1750181
1750201
1750220
1750229
1750238
1750254
1750279
1750286
1750311
1750329
1750408
1750416
1750452
1750489
1750491
1750539
1750542
1750590
1750593
1750657
1750679
1750692
1750762
1750870
1750890
1750965
1751007
1751039
1751040
1751042
1751094
1751105
1751166
1751254
1751384
1751389
1751435
1751558
1751565
1751579
1751592
1751720
1751780
1751791
1751902
1751925
1751993
1752005
1752006
1752037
1752043
1752052
1752113
1752186
1752192
1752225
1752245
1752352
1752391
1752428
1752519
1752542
1752558
1752588
1752593
1752618
1752683
1752685
1752711
1752716
1752726
1752764
1752787
1752812
1752816
1752841
1752860
1752970
1753010
1753027
1753049
1753112
1753131
1753167
1753169
1753198
1753239
1753291
1753315
1753351
1753373
1753392
1753401
1753422
1753473
1753479
1753492
1753529
1753532
1753669
1753706
1753729
1753743
1753769
1753803
1753826
1753852
1753869
1753913
1753924
1753929
1753945
1753970
1753980
1754064
1754069
1754084
1754126
1754177
1754197
1754212
1754228
1754273
1754282
1754310
1754314
1754383
1754389
1754427
1754486
1754492
1754496
1754633
1754655
1754678
1754684
1754842
1754859
1754934
1754956
1755049
1755060
1755108
1755111
1755148
1755151
1755308
1755324
1755352
1755357
1755379
1755389
1755451
1755474
1755477
1755484
1755513
1755584
1755590
1755621
1755623
1755770
1755800
1756016
1756024
1756115
1756130
1756185
1756195
1756254
1756345
1756355
1756361
1756363
1756395
1756446
1756478
1756624
1756671
1756731
1756737
1756792
1756832
1756867
1756893
1756926
1756943
1756952
1756958
1756964
1756973
1757005
1757067
1757084
1757143
1757215
1757233
1757251
1757274
1757416
1757439
1757501
1757511
1757529
1757565
1757599
1757606
1757719
1757748
1757784
1757822
1757874
1757890
1757947
1757962
1758002
1758020
1758039
1758075
1758084
1758149
1758190
1758297
1758317
1758348
1758405
1758406
1758407
1758461
1758470
1758611
1758614
1758702
1758728
1758782
1758784
1758881
1758949
1759028
1759046
1759132
1759162
1759164
1759204
1759227
1759236
1759303
1759312
1759348
1759443
1759478
1759485
1759492
1759513
1759579
1759628
1759656
1759682
1759776
1759883
1759907
1759910
1759937
1759987
1759988
1760031
1760097
1760154
1760165
1760196
1760209
1760231
1760273
1760282
1760300
1760321
1760323
1760324
1760368
1760376
1760503
1760607
1760632
1760665
1760712
1760753
1760770
1760840
1760876
1760879
1760893
1760921
1761026
1761130
1761145
1761207
1761271
1761290
1761314
1761425
1761444
1761454
1761511
1761621
1761665
1761673
1761685
1761717
1761723
1761745
1761786
1761839
1761902
1761951
1761967
1761975
1762056
1762100
1762132
1762142
1762155
1762182
1762189
1762250
1762264
1762265
1762275
1762296
1762308
1762412
1762421
1762467
1762494
1762556
1762576
1762651
1762663
1762787
1762808
1762833
1762905
1762944
1762947
1762996
1763023
1763033
1763057
1763136
1763150
1763183
1763224
1763280
1763311
1763400
1763435
1763496
1763536
1763553
1763597
1763615
1763667
1763677
1763694
1763719
1763725
1763832
1763849
1763940
1763957
1764044
1764112
1764131
1764237
1764245
1764333
1764361
1764374
1764407
1764473
1764491
1764554
1764574
1764623
1764790
1764810
1764871
1764879
1764958
1765016
1765107
1765122
1765153
1765233
1765238
1765249
1765268
1765276
1765283
1765299
1765347
1765357
1765387
1765390
1765404
1765412
1765415
1765453
1765460
1765463
1765502
1765594
1765638
1765656
1765877
1765907
1765943
1765971
1765984
1766098
1766148
1766203
1766240
1766258
1766271
1766332
1766345
1766351
1766462
1766484
1766503
1766506
1766531
1766630
1766724
1766801
1766823
1766849
1766853
1766871
1766917
1767023
1767032
1767068
1767071
1767075
1767098
1767139
1767145
1767172
1767178
1767189
1767219
1767306
1767322
1767334
1767342
1767343
1767392
1767411
1767421
1767494
1767550
1767558
1767627
1767640
1767665
1767689
1767722
1767732
1767739
1767771
1767799
1767811
1767813
1767836
1767909
1767919
1767955
1767988
1768045
1768064
1768124
1768127
1768181
1768204
1768293
1768352
1768391
1768404
1768414
1768473
1768532
1768540
1768572
1768644
1768659
1768660
1768694
1768700
1768771
1768804
1768844
1768880
1768893
1768938
1769018
1769027
1769051
1769102
1769158
1769163
1769173
1769191
1769262
1769284
1769311
1769348
1769356
1769462
1769476
1769489
1769632
1769679
1769710
1769755
1769769
1769788
1769798
1769823
1769848
1769857
1769868
1769886
1769901
1769955
1769958
1770060
1770081
1770124
1770130
1770143
1770196
1770200
1770202
1770261
1770300
1770322
1770404
1770414
1770697
1770706
1770709
1770725
1770800
1770903
1770947
1770989
1771007
1771019
1771048
1771058
1771068
1771124
1771272
1771285
1771297
1771309
1771349
1771354
1771363
1771442
1771461
1771491
1771520
1771539
1771546
1771576
1771627
1771634
1771672
1771680
1771687
1771725
1771791
1771897
1771908
1771937
1771962
1771973
1771992
1772110
1772247
1772418
1772440
1772505
1772532
1772539
1772612
1772688
1772693
1772701
1772738
1772876
1772913
1772917
1772931
1772971
1773064
1773088
1773094
1773113
1773126
1773142
1773323
1773370
1773464
1773467
1773473
1773604
1773612
1773616
1773631
1773658
1773679
1773702
1773799
1773803
1773837
1773887
1773905
1773951
1773967
1773968
1773984
1773999
1774052
1774057
1774093
1774121
1774168
1774198
1774227
1774258
1774342
1774378
1774440
1774448
1774451
1774461
1774569
1774611
1774613
1774656
1774828
1774869
1774907
1774931
1774932
1775053
1775085
1775130
1775139
1775150
1775194
1775210
1775228
1775321
1775349
1775357
1775362
1775376
1775414
1775499
1775546
1775561
1775569
1775575
1775599
1775601
1775659
1775699
1775708
1775730
1775746
1775784
1775793
1775810
1775839
1775879
1775882
1775952
1775980
1775981
1776002
1776047
1776082
1776103
1776154
1776243
1776244
1776270
1776283
1776366
1776399
1776451
1776479
1776505
1776511
1776516
1776525
1776529
1776601
1776623
1776649
1776705
1776709
1776992
1777077
1777191
1777229
1777260
1777291
1777343
1777360
1777478
1777518
1777544
1777630
1777648
1777655
1777663
1777681
1777697
1777826
1777842
1777851
1777865
1777872
1777895
1777949
1777989
1778041
1778078
1778084
1778102
1778134
1778141
1778191
1778245
1778263
1778346
1778369
1778382
1778396
1778402
1778420
1778442
1778478
1778499
1778502
1778544
1778561
1778565
1778584
1778624
1778648
1778669
1778676
1778695
1778713
1778741
1778818
1778857
1778873
1778878
1778903
1778923
1778928
1779042
1779123
1779266
1779281
1779298
1779571
1779599
1779603
1779624
1779633
1779651
1779659
1779699
1779707
1779732
1779751
1779765
1779793
1779820
1779824
1779912
1779978
1780104
1780120
1780289
1780327
1780328
1780343
1780379
1780403
1780494
1780496
1780524
1780536
1780603
1780721
1780801
1780811
1780926
1780947
1780953
1780997
1781053
1781079
1781195
1781271
1781408
1781442
1781552
1781561
1781640
1781653
1781696
1781707
1781733
1781774
1781848
1781908
1781917
1781944
1781952
1781957
1781992
1781997
1782009
1782011
1782047
1782058
1782099
1782126
1782149
1782154
1782171
1782192
1782229
1782278
1782307
1782322
1782360
1782384
1782395
1782409
1782466
1782471
1782477
1782504
1782522
1782579
1782581
1782621
1782695
1782740
1782764
1782803
1782816
1782823
1782859
1782907
1782954
1782982
1782999
1783040
1783062
1783175
1783190
1783211
1783274
1783283
1783295
1783298
1783327
1783336
1783344
1783353
1783363
1783367
1783372
1783423
1783433
1783461
1783473
1783552
1783710
1783804
1783837
1783859
1783889
1783891
1783968
1783987
1784048
1784056
1784107
1784118
1784166
1784283
1784306
1784390
1784414
1784502
1784517
1784578
1784595
1784607
1784697
1784798
1784817
1784828
1784840
1784901
1784905
1784935
1784964
1785009
1785067
1785088
1785094
1785110
1785159
1785191
1785196
1785219
1785301
1785303
1785306
1785343
1785368
1785376
1785397
1785459
1785486
1785492
1785501
1785575
1785595
1785631
1785706
1785731
1785780
1785798
1785827
1785872
1785970
1785976
1786027
1786152
1786154
1786213
1786316
1786337
1786341
1786349
1786501
1786534
1786562
1786603
1786685
1786801
1786844
1786852
1786891
1786928
1786943
1786981
1786999
1787045
1787122
1787165
1787207
1787222
1787246
1787276
1787279
1787302
1787392
1787428
1787619
1787652
1787659
1787702
1787727
1787900
1787904
1787955
1787968
1787975
1787991
1787996
1788063
1788133
1788165
1788187
1788204
1788234
1788242
1788259
1788299
1788304
1788352
1788393
1788439
1788446
1788487
1788501
1788530
1788544
1788547
1788580
1788594
1788635
1788761
1788857
1788921
1788931
1788969
1788990
1789001
1789076
1789127
1789153
1789161
1789197
1789258
1789267
1789303
1789315
1789348
1789387
1789442
1789450
1789478
1789527
1789542
1789551
1789566
1789574
1789617
1789622
1789627
1789670
1789686
1789698
1789727
1789735
1789739
1789749
1789776
1789795
1789848
1789862
1789885
1789890
1789937
1789951
1789977
1790023
1790076
1790085
1790109
1790121
1790129
1790160
1790174
1790190
1790269
1790285
1790364
1790456
1790482
1790612
1790614
1790626
1790640
1790642
1790764
1790772
1790791
1790828
1790839
1790853
1790858
1790992
1791000
1791017
1791117
1791212
1791225
1791236
1791265
1791395
1791490
1791499
1791525
1791536
1791626
1791742
1791810
1791903
1791922
1792033
1792036
1792053
1792062
1792099
1792105
1792118
1792226
1792237
1792314
1792331
1792344
1792350
1792385
1792413
1792423
1792509
1792520
1792594
1792605
1792614
1792619
1792636
1792671
1792677
1792686
1792709
1792740
1792746
1792783
1792822
1792826
1792925
1792944
1793019
1793077
1793130
1793152
1793237
1793363
1793374
1793418
1793424
1793429
1793434
1793455
1793491
1793503
1793535
1793582
1793589
1793609
1793630
1793663
1793695
1793830
1793861
1794007
1794075
1794087
1794091
1794096
1794101
1794130
1794200
1794248
1794273
1794307
1794373
1794382
1794388
1794421
1794491
1794556
1794631
1794642
1794666
1794672
1794679
1794689
1794809
1794810
1794838
1794919
1794961
1794968
1794973
1794986
1795025
1795028
1795068
1795092
1795093
1795128
1795249
1795302
1795377
1795471
1795507
1795509
1795518
1795534
1795542
1795612
1795621
1795623
1795634
1795708
1795743
1795796
1795885
1795906
1795937
1795953
1796032
1796066
1796086
1796115
1796147
1796172
1796181
1796255
1796377
1796406
1796458
1796480
1796487
1796511
1796566
1796602
1796633
1796653
1796658
1796686
1796728
1796765
1796797
1796856
1796896
1796929
1796945
1796946
1796963
1796995
1797007
1797014
1797019
1797030
1797033
1797050
1797072
1797161
1797217
1797292
1797342
1797375
1797382
1797397
1797464
1797476
1797520
1797521
1797628
1797645
1797690
1797763
1797793
1797803
1797822
1797875
1797887
1797981
1798078
1798092
1798200
1798206
1798214
1798250
1798294
1798339
1798342
1798390
1798444
1798447
1798464
1798574
1798591
1798669
1798678
1798704
1798710
1798729
1798738
1798758
1798887
1798905
1798959
1798985
1799006
1799012
1799025
1799128
1799129
1799210
1799320
1799325
1799456
1799527
1799552
1799559
1799626
1799636
1799667
1799685
1799690
1799753
1799928
1799959
1799971
1800037
1800057
1800076
1800100
1800146
1800222
1800233
1800245
1800253
1800297
1800308
1800364
1800376
1800446
1800475
1800516
1800517
1800518
1800553
1800565
1800601
1800652
1800688
1800773
1800774
1800812
1800835
1800857
1800883
1800893
1800910
1800929
1801066
1801097
1801118
1801127
1801138
1801167
1801202
1801204
1801208
1801256
1801353
1801383
1801427
1801468
1801507
1801568
1801618
1801738
1801767
1801773
1801788
1801802
1801829
1801893
1801927
1802016
1802037
1802067
1802179
1802317
1802331
1802559
1802622
1802637
1802644
1802653
1802657
1802662
1802709
1802713
1802726
1802764
1802765
1802769
1802841
1802846
1802875
1802896
1802931
1802942
1802954
1802970
1803136
1803155
1803165
1803237
1803243
1803248
1803300
1803390
1803445
1803476
1803478
1803480
1803536
1803545
1803568
1803617
1803627
1803630
1803831
1803844
1803853
1803872
1803884
1803911
1803946
1804039
1804047
1804055
1804065
1804126
1804127
1804150
1804182
1804219
1804286
1804296
1804300
1804334
1804370
1804403
1804412
1804451
1804474
1804488
1804530
1804556
1804571
1804585
1804601
1804608
1804702
1804732
1804792
1804824
1804919
1804931
1804933
1804949
1804954
1805045
1805047
1805051
1805059
1805106
1805172
1805205
1805210
1805263
1805274
1805317
1805362
1805384
1805402
1805448
1805480
1805539
1805573
1805575
1805624
1805629
1805641
1805649
1805689
1805765
1805802
1805857
1805871
1805907
1805912
1805920
1805921
1805990
1806002
1806015
1806034
1806047
1806125
1806215
1806220
1806229
1806244
1806281
1806364
1806370
1806389
1806438
1806457
1806472
1806524
1806587
1806670
1806671
1806719
1806731
1806794
1806803
1806817
1806828
1806849
1806854
1806913
1806948
1806958
1807000
1807037
1807050
1807078
1807096
1807127
1807177
1807190
1807235
1807239
1807245
1807347
1807354
1807376
1807379
1807395
1807426
1807479
1807513
1807565
1807582
1807597
1807630
1807638
1807642
1807748
1807754
1807760
1807793
1807873
1807881
1807895
1807910
1807963
1807997
1808025
1808075
1808096
1808142
1808195
1808206
1808214
1808237
1808284
1808319
1808334
1808414
1808418
1808441
1808459
1808526
1808606
1808624
1808644
1808660
1808760
1808820
1808823
1808880
1808923
1808955
1808999
1809014
1809036
1809087
1809110
1809187
1809270
1809299
1809308
1809372
1809434
1809460
1809531
1809560
1809575
1809583
1809603
1809605
1809608
1809626
1809706
1809719
1809759
1809789
1809811
1809913
1809967
1809985
1810052
1810062
1810188
1810293
1810299
1810386
1810404
1810420
1810431
1810495
1810533
1810591
1810617
1810645
1810661
1810679
1810690
1810817
1810835
1810899
1810913
1810945
1810962
1810971
1811017
1811025
1811091
1811100
1811137
1811200
1811268
1811369
1811383
1811425
1811545
1811558
1811571
1811597
1811611
1811627
1811732
1811751
1811961
1812015
1812034
1812077
1812078
1812115
1812118
1812123
1812152
1812155
1812167
1812179
1812206
1812209
1812234
1812261
1812288
1812298
1812344
1812402
1812403
1812433
1812497
1812501
1812553
1812557
1812597
1812621
1812663
1812758
1812778
1812790
1812825
1812917
1812965
1812991
1813126
1813129
1813137
1813164
1813171
1813178
1813240
1813246
1813258
1813302
1813308
1813346
1813392
1813421
1813516
1813527
1813541
1813570
1813586
1813589
1813593
1813646
1813798
1813801
1813819
1813820
1813929
1814048
1814058
1814068
1814131
1814136
1814283
1814289
1814313
1814319
1814329
1814339
1814368
1814398
1814480
1814511
1814534
1814548
1814610
1814792
1814838
1814854
1814864
1814914
1814921
1815022
1815080
1815099
1815105
1815106
1815126
1815138
1815144
1815157
1815165
1815171
1815187
1815201
1815224
1815232
1815248
1815259
1815265
1815319
1815470
1815472
1815478
1815514
1815554
1815584
1815589
1815594
1815606
1815636
1815649
1815723
1815741
1815853
1815872
1815880
1815886
1815896
1815901
1816009
1816053
1816061
1816065
1816100
1816144
1816157
1816210
1816255
1816269
1816305
1816383
1816419
1816433
1816477
1816488
1816490
1816496
1816583
1816609
1816647
1816669
1816686
1816687
1816750
1816764
1816765
1816791
1816800
1816817
1816831
1816905
1816915
1816917
1816935
1816968
1816969
1816976
1817036
1817045
1817073
1817155
1817200
1817232
1817266
1817304
1817326
1817348
1817434
1817502
1817531
1817550
1817560
1817636
1817639
1817663
1817671
1817698
1817708
1817726
1817745
1817787
1817829
1817855
1817909
1817913
1817928
1817946
1817962
1817999
1818000
1818004
1818033
1818045
1818057
1818206
1818217
1818252
1818280
1818294
1818351
1818360
1818392
1818480
1818519
1818523
1818567
1818609
1818614
1818692
1818828
1818834
1818895
1818915
1818944
1819026
1819052
1819122
1819176
1819182
1819197
1819436
1819445
1819466
1819487
1819547
1819551
1819639
1819645
1819771
1819773
1819799
1819819
1819871
1819914
1819918
1819929
1819961
1819973
1819982
1820033
1820054
1820129
1820175
1820219
1820325
1820341
1820431
1820446
1820455
1820480
1820518
1820691
1820703
1820728
1820747
1820791
1820797
1820808
1820828
1820853
1820899
1820925
1820962
1820983
1820998
1821018
1821094
1821104
1821131
1821168
1821174
1821188
1821193
1821213
1821368
1821399
1821411
1821454
1821526
1821563
1821570
1821598
1821618
1821648
1821701
1821749
1821751
1821824
1821888
1821905
1821955
1821967
1821994
1822021
1822023
1822159
1822175
1822183
1822202
1822228
1822230
1822321
1822326
1822376
1822402
1822516
1822582
1822640
1822645
1822697
1822704
1822719
1822728
1822789
1822817
1822924
1823023
1823033
1823039
1823049
1823087
1823090
1823239
1823260
1823272
1823299
1823304
1823309
1823319
1823352
1823395
1823397
1823536
1823548
1823596
1823662
1823704
1823719
1823778
1823818
1823856
1823865
1823968
1823984
1823991
1824017
1824097
1824113
1824151
1824244
1824247
1824258
1824334
1824348
1824370
1824379
1824435
1824477
1824531
1824715
1824789
1824795
1824804
1824863
1824914
1824947
1824972
1824983
1825034
1825063
1825086
1825115
1825216
1825239
1825251
1825256
1825264
1825310
1825329
1825365
1825432
1825516
1825528
1825541
1825603
1825612
1825684
1825689
1825754
1825807
1825822
1825874
1825908
1825919
1825924
1825962
1825970
1825983
1826026
1826044
1826051
1826101
1826107
1826185
1826260
1826269
1826273
1826300
1826384
1826460
1826467
1826494
1826506
1826570
1826611
1826638
1826669
1826787
1826818
1826852
1826865
1826885
1826903
1826915
1826953
1826966
1826970
1827041
1827062
1827064
1827175
1827221
1827243
1827261
1827303
1827316
1827434
1827441
1827451
1827464
1827534
1827548
1827647
1827652
1827662
1827811
1827942
1827998
1828039
1828136
1828248
1828290
1828306
1828351
1828411
1828448
1828628
1828739
1828743
1828786
1828801
1828812
1828872
1828924
1828939
1828949
1828963
1829045
1829086
1829113
1829137
1829166
1829220
1829235
1829291
1829356
1829375
1829387
1829399
1829412
1829440
1829443
1829453
1829575
1829594
1829652
1829675
1829677
1829687
1829702
1829713
1829752
1829825
1829853
1829915
1829920
1829947
1829991
1830018
1830088
1830145
1830209
1830255
1830284
1830310
1830347
1830383
1830412
1830422
1830436
1830461
1830505
1830542
1830545
1830578
1830606
1830655
1830677
1830703
1830709
1830729
1830771
1830785
1830819
1830884
1830945
1830958
1830967
1831016
1831053
1831059
1831061
1831079
1831114
1831132
1831141
1831148
1831188
1831210
1831232
1831254
1831257
1831272
1831277
1831321
1831334
1831381
1831416
1831425
1831440
1831484
1831489
1831490
1831544
1831570
1831609
1831611
1831630
1831659
1831719
1831754
1831760
1831870
1831911
1832035
1832066
1832099
1832117
1832159
1832253
1832263
1832386
1832401
1832404
1832413
1832512
1832551
1832598
1832630
1832648
1832681
1832727
1832730
1832736
1832798
1832864
1832904
1832993
1833008
1833037
1833076
1833085
1833126
1833192
1833210
1833222
1833234
1833238
1833294
1833319
1833338
1833362
1833374
1833391
1833396
1833418
1833469
1833520
1833533
1833593
1833634
1833660
1833669
1833798
1833845
1833870
1833877
1833880
1833893
1833909
1833910
1833952
1833982
1834006
1834018
1834102
1834213
1834234
1834245
1834261
1834319
1834378
1834414
1834418
1834425
1834445
1834469
1834530
1834561
1834578
1834585
1834588
1834630
1834719
1834736
1834746
1834909
1834926
1834954
1834972
1834986
1835016
1835023
1835117
1835168
1835262
1835355
1835387
1835424
1835505
1835539
1835639
1835706
1835743
1835745
1835768
1835803
1835859
1835894
1835938
1836033
1836054
1836072
1836217
1836222
1836255
1836304
1836331
1836381
1836406
1836419
1836498
1836499
1836546
1836753
1836772
1836810
1836827
1836899
1836906
1837028
1837075
1837110
1837205
1837211
1837242
1837268
1837278
1837298
1837312
1837388
1837406
1837456
1837606
1837732
1837739
1837782
1837794
1837802
1837828
1837853
1837876
1837887
1837922
1838078
1838088
1838113
1838136
1838185
1838188
1838228
1838284
1838290
1838318
1838331
1838366
1838405
1838478
1838529
1838556
1838570
1838577
1838601
1838611
1839102
1839115
1839121
1839131
1839216
1839319
1839358
1839368
1839372
1839400
1839415
1839426
1839451
1839464
1839493
1839498
1839539
1839545
1839554
1839564
1839568
1839579
1839585
1839626
1839640
1839650
1839725
1839734
1839763
1839767
1839777
1839793
1839806
1839853
1839868
1839896
1840058
1840080
1840104
1840121
1840127
1840147
1840155
1840201
1840252
1840411
1840444
1840476
1840501
1840537
1840556
1840648
1840664
1840691
1840722
1840757
1840800
1840802
1840833
1840895
1840903
1840909
1841033
1841039
1841063
1841126
1841146
1841168
1841200
1841322
1841374
1841428
1841481
1841575
1841582
1841632
1841654
1841694
1841715
1841863
1841891
1841924
1841946
1841965
1841967
1842067
1842080
1842106
1842162
1842199
1842219
1842261
1842270
1842277
1842286
1842375
1842470
1842508
1842531
1842601
1842616
1842643
1842687
1842706
1842718
1842741
1842799
1842833
1842838
1842862
1842909
1842957
1842962
1843123
1843184
1843215
1843244
1843332
1843376
1843414
1843427
1843455
1843465
1843496
1843542
1843666
1843670
1843721
1843724
1843752
1843790
1843850
1843945
1843956
1844026
1844039
1844055
1844182
1844225
1844227
1844256
1844348
1844400
1844426
1844439
1844473
1844494
1844535
1844548
1844566
1844602
1844626
1844712
1844717
1844720
1844722
1844726
1844855
1844898
1845009
1845064
1845335
1845344
1845399
1845411
1845443
1845481
1845491
1845499
1845555
1845618
1845649
1845712
1845720
1845882
1845938
1846036
1846053
1846058
1846186
1846235
1846246
1846297
1846345
1846381
1846390
1846401
1846431
1846432
1846448
1846484
1846583
1846644
1846691
1846719
1846733
1846750
1846782
1846788
1846798
1846919
1846991
1847000
1847002
1847017
1847037
1847046
1847049
1847061
1847095
1847136
1847259
1847270
1847300
1847369
1847387
1847390
1847455
1847472
1847618
1847634
1847660
1847679
1847684
1847726
1847809
1847810
1847836
1847898
1847924
1847959
1847976
1848011
1848015
1848021
1848039
1848054
1848078
1848106
1848145
1848284
1848420
1848435
1848447
1848479
1848491
1848536
1848559
1848571
1848597
1848615
1848623
1848677
1848679
1848728
1848736
1848748
1848794
1848822
1848929
1848946
1848949
1848965
1848970
1848978
1849001
1849098
1849146
1849208
1849247
1849256
1849299
1849406
1849471
1849519
1849531
1849538
1849614
1849625
1849656
1849689
1849697
1849713
1849781
1849784
1849792
1849801
1849803
1849894
1849907
1849939
1849960
1849974
1850000
1850032
1850118
1850151
1850169
1850189
1850193
1850195
1850234
1850274
1850375
1850380
1850427
1850505
1850512
1850516
1850562
1850567
1850572
1850584
1850682
1850693
1850735
1850765
1850863
1850926
1850949
1851021
1851063
1851090
1851127
1851245
1851484
1851502
1851512
1851598
1851637
1851647
1851677
1851702
1851728
1851742
1851788
1851801
1851866
1851896
1851910
1851933
1851960
1851977
1852148
1852170
1852180
1852284
1852289
1852302
1852447
1852494
1852501
1852504
1852521
1852561
1852617
1852624
1852654
1852714
1852741
1852747
1852752
1852827
1852840
1852850
1852860
1852882
1852897
1852933
1852940
1852943
1852963
1853003
1853027
1853052
1853053
1853059
1853173
1853213
1853237
1853259
1853372
1853390
1853407
1853505
1853584
1853595
1853634
1853730
1853773
1853777
1853812
1853843
1853852
1853864
1853884
1853905
1853928
1853965
1853997
1854083
1854104
1854123
1854126
1854138
1854163
1854218
1854231
1854236
1854275
1854325
1854336
1854354
1854388
1854412
1854465
1854495
1854514
1854551
1854603
1854733
1854776
1854792
1854863
1854876
1854952
1855003
1855074
1855109
1855121
1855128
1855170
1855211
1855218
1855314
1855322
1855333
1855403
1855419
1855428
1855430
1855451
1855483
1855529
1855621
1855624
1855731
1855744
1855750
1855782
1855786
1855841
1855895
1855922
1855934
1855979
1855982
1855992
1856006
1856015
1856088
1856117
1856135
1856143
1856160
1856167
1856172
1856214
1856262
1856282
1856285
1856293
1856307
1856317
1856374
1856388
1856404
1856459
1856479
1856498
1856507
1856660
1856727
1856736
1856738
1856790
1856793
1856863
1856868
1856968
1857027
1857034
1857057
1857094
1857126
1857131
1857179
1857211
1857218
1857226
1857273
1857289
1857297
1857349
1857381
1857388
1857408
1857443
1857468
1857475
1857479
1857535
1857591
1857603
1857613
1857629
1857647
1857650
1857703
1857728
1857796
1857804
1857861
1857871
1857930
1857948
1858049
1858115
1858140
1858205
1858282
1858405
1858418
1858479
1858524
1858559
1858603
1858633
1858655
1858664
1858722
1858738
1858770
1858831
1858854
1858865
1858884
1858923
1858962
1858985
1859037
1859153
1859160
1859187
1859204
1859237
1859268
1859285
1859456
1859488
1859520
1859530
1859670
1859688
1859716
1859727
1859847
1859913
1859953
1859958
1859978
1860007
1860044
1860103
1860197
1860201
1860262
1860294
1860306
1860402
1860415
1860447
1860472
1860476
1860527
1860710
1860723
1860734
1860758
1860864
1860886
1860989
1861016
1861030
1861151
1861159
1861188
1861203
1861239
1861245
1861268
1861300
1861310
1861330
1861437
1861459
1861526
1861530
1861572
1861584
1861611
1861658
1861696
1861732
1861790
1861838
1861888
1861905
1861912
1861977
1862016
1862149
1862175
1862228
1862235
1862265
1862279
1862285
1862352
1862360
1862378
1862387
1862389
1862418
1862421
1862437
1862459
1862476
1862484
1862496
1862497
1862539
1862560
1862571
1862574
1862589
1862603
1862641
1862704
1862711
1862792
1862812
1862823
1862852
1862885
1862928
1862980
1863132
1863139
1863177
1863190
1863197
1863240
1863327
1863336
1863364
1863371
1863421
1863433
1863448
1863582
1863639
1863663
1863674
1863697
1863702
1863744
1863746
1863801
1863808
1863814
1863869
1863896
1863916
1863932
1863985
1864020
1864048
1864061
1864285
1864343
1864349
1864358
1864393
1864530
1864567
1864575
1864582
1864603
1864641
1864650
1864747
1864757
1864768
1864774
1864839
1864853
1864870
1865005
1865059
1865100
1865114
1865201
1865215
1865225
1865270
1865277
1865349
1865360
1865383
1865420
1865469
1865540
1865565
1865592
1865658
1865701
1865721
1865750
1865765
1865794
1865921
1865925
1865928
1865962
1866057
1866062
1866121
1866141
1866220
1866265
1866297
1866324
1866373
1866392
1866398
1866488
1866492
1866518
1866542
1866586
1866620
1866641
1866660
1866691
1866710
1866737
1866746
1866750
1866784
1866813
1866840
1866849
1866852
1866860
1866892
1866903
1866909
1866917
1866964
1866982
1867006
1867021
1867139
1867147
1867202
1867210
1867233
1867274
1867282
1867284
1867347
1867366
1867394
1867436
1867472
1867502
1867517
1867545
1867549
1867591
1867637
1867646
1867768
1867815
1867819
1867870
1867876
1867917
1867923
1867946
1867951
1867967
1868020
1868035
1868049
1868115
1868146
1868162
1868166
1868216
1868225
1868318
1868379
1868389
1868404
1868416
1868432
1868459
1868464
1868476
1868531
1868544
1868587
1868667
1868678
1868750
1868760
1868768
1868780
1868796
1868816
1868853
1868874
1868881
1868926
1868981
1869000
1869010
1869022
1869079
1869105
1869118
1869257
1869265
1869276
1869365
1869412
1869475
1869510
1869517
1869529
1869550
1869567
1869592
1869624
1869655
1869694
1869734
1869784
1869876
1869881
1869922
1869947
1870029
1870054
1870059
1870063
1870129
1870179
1870184
1870195
1870228
1870233
1870246
1870293
1870337
1870441
1870447
1870462
1870476
1870481
1870511
1870524
1870551
1870568
1870606
1870612
1870697
1870770
1870825
1870855
1870863
1870875
1870890
1870896
1870916
1870930
1870944
1870989
1871053
1871114
1871137
1871166
1871176
1871267
1871281
1871318
1871370
1871385
1871429
1871506
1871585
1871668
1871678
1871703
1871714
1871738
1871811
1871902
1871918
1872034
1872075
1872122
1872143
1872162
1872176
1872286
1872364
1872365
1872384
1872410
1872431
1872463
1872578
1872590
1872723
1872730
1872792
1872800
1872815
1872826
1872844
1872881
1872883
1872936
1872949
1873016
1873033
1873129
1873176
1873181
1873198
1873212
1873231
1873412
1873554
1873584
1873618
1873659
1873679
1873709
1873732
1873738
1873743
1873805
1873816
1873838
1873840
1874042
1874086
1874111
1874155
1874190
1874264
1874317
1874332
1874374
1874386
1874596
1874694
1874705
1874783
1874790
1874827
1874894
1874905
1874963
1874976
1875004
1875026
1875039
1875041
1875061
1875116
1875225
1875243
1875294
1875332
1875352
1875402
1875407
1875452
1875469
1875564
1875648
1875666
1875692
1875693
1875765
1875790
1875796
1875851
1875854
1875875
1875959
1875984
1875987
1875994
1876045
1876251
1876315
1876320
1876322
1876364
1876367
1876546
1876626
1876678
1876708
1876727
1876745
1876748
1876816
1876850
1876905
1876913
1876987
1877054
1877081
1877097
1877122
1877131
1877143
1877145
1877166
1877247
1877263
1877274
1877374
1877398
1877457
1877470
1877493
1877516
1877523
1877584
1877618
1877652
1877671
1877680
1877694
1877756
1877881
1877887
1877972
1877998
1878023
1878062
1878077
1878082
1878223
1878235
1878247
1878257
1878271
1878288
1878291
1878309
1878339
1878382
1878401
1878421
1878446
1878529
1878635
1878676
1878685
1878716
1878733
1878750
1878757
1878781
1878851
1878891
1878935
1878948
1878963
1879088
1879095
1879131
1879169
1879212
1879249
1879258
1879262
1879277
1879289
1879300
1879364
1879416
1879491
1879511
1879587
1879640
1879713
1879720
1879731
1879782
1879857
1879874
1879922
1879937
1879959
1880087
1880090
1880119
1880224
1880228
1880302
1880342
1880359
1880439
1880457
1880487
1880506
1880562
1880574
1880591
1880627
1880657
1880664
1880778
1880890
1880929
1880967
1881021
1881033
1881053
1881061
1881131
1881184
1881222
1881260
1881300
1881310
1881335
1881340
1881379
1881388
1881396
1881433
1881437
1881446
1881457
1881476
1881480
1881491
1881503
1881564
1881565
1881574
1881627
1881676
1881682
1881711
1881731
1881769
1881781
1881879
1881942
1882109
1882164
1882185
1882217
1882223
1882253
1882288
1882306
1882362
1882381
1882387
1882390
1882429
1882529
1882552
1882567
1882583
1882717
1882748
1882768
1882796
1882850
1882873
1882988
1883002
1883018
1883037
1883094
1883100
1883144
1883163
1883286
1883291
1883329
1883357
1883391
1883434
1883439
1883442
1883503
1883530
1883534
1883588
1883643
1883648
1883652
1883731
1883827
1883855
1883879
1884010
1884048
1884152
1884196
1884214
1884225
1884335
1884441
1884605
1884607
1884653
1884707
1884754
1884943
1884952
1884957
1884994
1885063
1885074
1885103
1885231
1885243
1885304
1885324
1885383
1885395
1885405
1885545
1885588
1885656
1885669
1885679
1885712
1885723
1885729
1885744
1885768
1885775
1885859
1885926
1885937
1885972
1886025
1886049
1886064
1886311
1886385
1886395
1886399
1886429
1886435
1886442
1886459
1886465
1886471
1886502
1886579
1886592
1886595
1886641
1886698
1886745
1886856
1886863
1886939
1886964
1886978
1886983
1886988
1886991
1887015
1887085
1887111
1887122
1887129
1887136
1887190
1887193
1887211
1887217
1887228
1887254
1887278
1887341
1887381
1887395
1887434
1887488
1887625
1887641
1887681
1887684
1887751
1887761
1887866
1887892
1887905
1887934
1887935
1888128
1888212
1888224
1888233
1888239
1888257
1888288
1888303
1888334
1888407
1888411
1888416
1888506
1888520
1888523
1888595
1888604
1888690
1888703
1888721
1888727
1888761
1888823
1888846
1888865
1888881
1888988
1889008
1889010
1889058
1889094
1889122
1889141
1889143
1889146
1889321
1889329
1889387
1889415
1889569
1889596
1889619
1889624
1889656
1889704
1889710
1889801
1889818
1889841
1889868
1889876
1889887
1889947
1890011
1890016
1890059
1890086
1890090
1890111
1890148
1890258
1890364
1890381
1890467
1890490
1890496
1890524
1890550
1890561
1890580
1890584
1890592
1890601
1890605
1890654
1890672
1890676
1890755
1890778
1890815
1890833
1890837
1890854
1890918
1890932
1890953
1890996
1891001
1891060
1891077
1891108
1891135
1891150
1891169
1891174
1891223
1891311
1891321
1891380
1891391
1891411
1891538
1891550
1891582
1891680
1891902
1892010
1892024
1892025
1892070
1892078
1892084
1892090
1892239
1892269
1892272
1892285
1892289
1892367
1892416
1892569
1892613
1892623
1892635
1892654
1892656
1892677
1892706
1892723
1892755
1892776
1892782
1892890
1892894
1892901
1892976
1892989
1893056
1893100
1893142
1893266
1893270
1893329
1893346
1893385
1893451
1893480
1893491
1893511
1893553
1893604
1893609
1893693
1893705
1893717
1893738
1893739
1893798
1893804
1893862
1893958
1893968
1894102
1894128
1894170
1894270
1894284
1894425
1894473
1894549
1894668
1894712
1894748
1894757
1894769
1894790
1894806
1894830
1894940
1894968
1894973
1894998
1895188
1895202
1895244
1895261
1895272
1895315
1895424
1895429
1895593
1895613
1895674
1895701
1895727
1895793
1895852
1895855
1895923
1895938
1895943
1895979
1895999
1896008
1896069
1896191
1896210
1896238
1896286
1896321
1896327
1896370
1896392
1896411
1896436
1896451
1896512
1896529
1896692
1896698
1896764
1896779
1896830
1896850
1896863
1896866
1896885
1896892
1896966
1896980
1897008
1897049
1897136
1897150
1897188
1897201
1897363
1897368
1897381
1897390
1897423
1897431
1897504
1897513
1897527
1897535
1897572
1897586
1897653
1897699
1897727
1897796
1897805
1897862
1897894
1897948
1897964
1898029
1898039
1898086
1898147
1898189
1898210
1898231
1898237
1898267
1898301
1898359
1898405
1898418
1898464
1898520
1898540
1898544
1898622
1898640
1898715
1898724
1898752
1898782
1898892
1898913
1898922
1898934
1898989
1899025
1899098
1899146
1899185
1899201
1899234
1899247
1899254
1899260
1899279
1899306
1899388
1899460
1899527
1899546
1899548
1899555
1899561
1899587
1899723
1899768
1899784
1899833
1899849
1899864
1899938
1899984
1900019
1900037
1900186
1900234
1900330
1900361
1900431
1900467
1900476
1900624
1900638
1900660
1900703
1900745
1900780
1900801
1900812
1900867
1900875
1900897
1900928
1900968
1900990
1901110
1901115
1901274
1901284
1901294
1901310
1901359
1901360
1901388
1901446
1901449
1901471
1901577
1901644
1901658
1901749
1901810
1901821
1901837
1901840
1901912
1901919
1901931
1902032
1902034
1902045
1902059
1902098
1902126
1902143
1902146
1902197
1902220
1902244
1902288
1902296
1902313
1902337
1902359
1902533
1902576
1902606
1902647
1902675
1902756
1902796
1902804
1902819
1902877
1902884
1902892
1902957
1902965
1902980
1902983
1902993
1903051
1903090
1903256
1903275
1903284
1903292
1903346
1903390
1903412
1903428
1903558
1903567
1903579
1903619
1903628
1903654
1903704
1903747
1903754
1903829
1903847
1903897
1903910
1903912
1903950
1903971
1903996
1904078
1904162
1904246
1904249
1904319
1904335
1904401
1904419
1904470
1904482
1904519
1904559
1904569
1904576
1904626
1904634
1904678
1904686
1904697
1904701
1904726
1904780
1904788
1904816
1904824
1904937
1905068
1905102
1905134
1905150
1905153
1905159
1905237
1905261
1905269
1905275
1905313
1905317
1905399
1905404
1905431
1905476
1905484
1905516
1905580
1905595
1905661
1905666
1905684
1905692
1905720
1905789
1905800
1905808
1905825
1905836
1905883
1906337
1906415
1906444
1906486
1906544
1906559
1906615
1906633
1906648
1906663
1906672
1906690
1906762
1906839
1906862
1906881
1906883
1906965
1906977
1906995
1907009
1907041
1907045
1907094
1907100
1907216
1907231
1907261
1907265
1907276
1907347
1907426
1907437
1907446
1907470
1907475
1907492
1907512
1907628
1907777
1907790
1907828
1907878
1907914
1907959
1907968
1907974
1908103
1908107
1908115
1908207
1908234
1908282
1908373
1908381
1908468
1908525
1908536
1908537
1908662
1908686
1908688
1908722
1908840
1908957
1908961
1909085
1909114
1909187
1909287
1909383
1909404
1909408
1909416
1909438
1909441
1909463
1909498
1909526
1909529
1909546
1909608
1909728
1909752
1909810
1909827
1909844
1909865
1909870
1909876
1909948
1909953
1909958
1909977
1910015
1910026
1910033
1910089
1910098
1910106
1910115
1910188
1910208
1910226
1910230
1910240
1910288
1910291
1910322
1910347
1910364
1910371
1910403
1910419
1910422
1910428
1910433
1910463
1910584
1910642
1910665
1910708
1910734
1910741
1910764
1910769
1910813
1910880
1910928
1910935
1910954
1910990
1911027
1911078
1911083
1911239
1911248
1911295
1911328
1911346
1911370
1911437
1911441
1911479
1911576
1911621
1911660
1911692
1911706
1911725
1911737
1911786
1911799
1911813
1911815
1911830
1911845
1911874
1911879
1911967
1911980
1911981
1912020
1912031
1912108
1912110
1912114
1912135
1912240
1912334
1912355
1912367
1912404
1912416
1912438
1912476
1912516
1912565
1912567
1912577
1912582
1912611
1912676
1912704
1912712
1912781
1912813
1912817
1912927
1912964
1913048
1913281
1913292
1913319
1913330
1913350
1913360
1913396
1913416
1913440
1913487
1913593
1913600
1913619
1913672
1913736
1913741
1913753
1913801
1913810
1913820
1913987
1913993
1914060
1914127
1914163
1914181
1914219
1914230
1914269
1914273
1914286
1914334
1914434
1914473
1914497
1914597
1914621
1914644
1914649
1914699
1914723
1914812
1914820
1914832
1914889
1914893
1914918
1914981
1915025
1915032
1915040
1915084
1915107
1915119
1915165
1915167
1915262
1915312
1915332
1915335
1915346
1915422
1915425
1915467
1915488
1915506
1915535
1915688
1915692
1915697
1915915
1916056
1916074
1916101
1916143
1916163
1916167
1916197
1916203
1916207
1916223
1916334
1916348
1916360
1916414
1916419
1916455
1916460
1916518
1916519
1916526
1916572
1916584
1916598
1916711
1916768
1916853
1916900
1916924
1916960
1916987
1917033
1917074
1917094
1917143
1917189
1917199
1917250
1917274
1917329
1917332
1917350
1917434
1917480
1917493
1917589
1917647
1917840
1917843
1917855
1917898
1917925
1917946
1918010
1918029
1918104
1918121
1918127
1918183
1918197
1918215
1918225
1918233
1918242
1918252
1918350
1918384
1918462
1918667
1918672
1918743
1918780
1918790
1918866
1918867
1918881
1918906
1918916
1918959
1919050
1919055
1919062
1919135
1919228
1919357
1919366
1919475
1919498
1919511
1919516
1919596
1919619
1919638
1919641
1919694
1919749
1919786
1919841
1919859
1919894
1919917
1919931
1919954
1920024
1920052
1920103
1920124
1920133
1920203
1920283
1920293
1920361
1920407
1920521
1920529
1920617
1920679
1920712
1920724
1920749
1920791
1920816
1921050
1921110
1921324
1921387
1921458
1921465
1921526
1921557
1921567
1921616
1921644
1921681
1921798
1921817
1921829
1921832
1921855
1921932
1921978
1922156
1922172
1922249
1922280
1922339
1922389
1922430
1922447
1922464
1922587
1922589
1922621
1922625
1922646
1922671
1922681
1922710
1922739
1922806
1922913
1922944
1922968
1922998
1923027
1923066
1923119
1923129
1923163
1923169
1923174
1923180
1923192
1923210
1923270
1923292
1923313
1923330
1923350
1923362
1923420
1923436
1923464
1923541
1923581
1923614
1923631
1923641
1923660
1923778
1923792
1923863
1923979
1924011
1924041
1924058
1924091
1924153
1924188
1924213
1924276
1924318
1924402
1924461
1924464
1924514
1924549
1924621
1924624
1924652
1924663
1924675
1924745
1924821
1924825
1924844
1924860
1924874
1924929
1924962
1925031
1925166
1925178
1925186
1925204
1925219
1925233
1925310
1925330
1925346
1925386
1925388
1925441
1925534
1925538
1925712
1925740
1925844
1925859
1925895
1925990
1926020
1926049
1926128
1926198
1926212
1926297
1926331
1926386
1926402
1926438
1926454
1926463
1926498
1926547
1926573
1926576
1926598
1926665
1926677
1926756
1926793
1926814
1926847
1926855
1926866
1926928
1926937
1926965
1927041
1927192
1927219
1927286
1927300
1927366
1927414
1927476
1927492
1927500
1927537
1927553
1927602
1927609
1927633
1927664
1927667
1927675
1927694
1927708
1927753
1927782
1927805
1927827
1927897
1927907
1927944
1927973
1928011
1928042
1928130
1928146
1928156
1928431
1928465
1928575
1928590
1928618
1928649
1928651
1928655
1928703
1928753
1928787
1928794
1928816
1928829
1928840
1928849
1928852
1928858
1928873
1928930
1928939
1928946
1928982
1928988
1929025
1929091
1929130
1929153
1929194
1929225
1929248
1929369
1929396
1929403
1929423
1929445
1929469
1929471
1929492
1929543
1929599
1929624
1929646
1929650
1929684
1929695
1929703
1929773
1929783
1929793
1929835
1929891
1929894
1929958
1930023
1930065
1930091
1930144
1930307
1930348
1930396
1930407
1930433
1930468
1930492
1930581
1930666
1930679
1930699
1930772
1930788
1930790
1930817
1930884
1930936
1930965
1930972
1931044
1931052
1931085
1931112
1931139
1931144
1931156
1931175
1931217
1931315
1931321
1931336
1931452
1931461
1931505
1931533
1931610
1931628
1931719
1931736
1931854
1931858
1931869
1931879
1931926
1931957
1931983
1932057
1932099
1932103
1932109
1932111
1932126
1932168
1932228
1932238
1932245
1932264
1932431
1932467
1932485
1932487
1932526
1932530
1932535
1932547
1932563
1932589
1932601
1932637
1932654
1932672
1932752
1932875
1932903
1932929
1932998
1933005
1933035
1933037
1933047
1933119
1933132
1933174
1933225
1933263
1933264
1933267
1933345
1933399
1933502
1933544
1933617
1933634
1933661
1933702
1933813
1933842
1933917
1933923
1933945
1934043
1934044
1934063
1934092
1934114
1934135
1934187
1934193
1934209
1934210
1934224
1934264
1934299
1934342
1934387
1934412
1934443
1934445
1934460
1934466
1934489
1934551
1934572
1934574
1934605
1934622
1934643
1934725
1934749
1934759
1934763
1934795
1934872
1934915
1934923
1934944
1934967
1934977
1935006
1935042
1935140
1935160
1935209
1935241
1935269
1935276
1935301
1935322
1935369
1935376
1935408
1935477
1935499
1935571
1935582
1935629
1935708
1935716
1935842
1935849
1935857
1935950
1935995
1936009
1936097
1936125
1936127
1936132
1936167
1936175
1936234
1936298
1936423
1936468
1936511
1936556
1936583
1936819
1937052
1937092
1937173
1937175
1937201
1937222
1937226
1937234
1937245
1937266
1937272
1937289
1937307
1937318
1937365
1937449
1937453
1937463
1937468
1937526
1937540
1937573
1937680
1937698
1937763
1937826
1937836
1937840
1937901
1937927
1937961
1937968
1937973
1938083
1938148
1938158
1938195
1938215
1938231
1938235
1938293
1938315
1938325
1938415
1938507
1938560
1938587
1938604
1938622
1938664
1938679
1938717
1938734
1938794
1938823
1938853
1938887
1938894
1938937
1938957
1938981
1938989
1939134
1939163
1939173
1939193
1939208
1939216
1939266
1939310
1939321
1939362
1939365
1939415
1939450
1939471
1939501
1939543
1939575
1939623
1939724
1939764
1939767
1939782
1939837
1939863
1939875
1939923
1939951
1939958
1939983
1940093
1940149
1940182
1940219
1940340
1940344
1940368
1940418
1940422
1940441
1940478
1940488
1940490
1940601
1940636
1940710
1940743
1940781
1940826
1940836
1940857
1940929
1940977
1941001
1941102
1941125
1941167
1941200
1941292
1941309
1941319
1941372
1941386
1941413
1941430
1941462
1941477
1941504
1941507
1941639
1941679
1941751
1941844
1941900
1941905
1941923
1941954
1941985
1941990
1941999
1942011
1942016
1942036
1942041
1942177
1942240
1942244
1942404
1942421
1942472
1942497
1942514
1942524
1942560
1942579
1942622
1942682
1942706
1942716
1942724
1942736
1942765
1942783
1942812
1942842
1942887
1942918
1942967
1942984
1943024
1943044
1943086
1943111
1943125
1943176
1943178
1943234
1943266
1943279
1943319
1943359
1943408
1943430
1943606
1943637
1943715
1943727
1943729
1943856
1943910
1943964
1944000
1944016
1944050
1944111
1944117
1944191
1944221
1944248
1944325
1944341
1944445
1944502
1944539
1944610
1944632
1944688
1944729
1944765
1944898
1944910
1944921
1945007
1945062
1945133
1945155
1945180
1945273
1945290
1945309
1945311
1945402
1945412
1945431
1945439
1945489
1945497
1945560
1945571
1945605
1945693
1945715
1945724
1945785
1945794
1945799
1945817
1945844
1945859
1945955
1946027
1946163
1946243
1946261
1946278
1946366
1946377
1946392
1946433
1946442
1946447
1946448
1946461
1946469
1946564
1946615
1946671
1946673
1946678
1946695
1946729
1946737
1946757
1946792
1946800
1946856
1946884
1946898
1946909
1946916
1946951
1946967
1947099
1947110
1947265
1947278
1947309
1947325
1947337
1947343
1947355
1947359
1947405
1947416
1947442
1947445
1947453
1947505
1947692
1947710
1947734
1947822
1947841
1947963
1947971
1948004
1948013
1948043
1948090
1948143
1948281
1948306
1948344
1948402
1948428
1948441
1948451
1948475
1948523
1948526
1948602
1948619
1948727
1948746
1948753
1948834
1948877
1948910
1948929
1948941
1948979
1948989
1949091
1949127
1949145
1949204
1949223
1949305
1949315
1949322
1949394
1949401
1949584
1949608
1949622
1949866
1949893
1949912
1949952
1949963
1949973
1950007
1950015
1950045
1950085
1950118
1950125
1950152
1950224
1950243
1950250
1950257
1950261
1950323
1950410
1950414
1950425
1950446
1950456
1950460
1950462
1950498
1950507
1950515
1950531
1950548
1950584
1950671
1950683
1950732
1950776
1950784
1950858
1950912
1950914
1950941
1950989
1951110
1951155
1951189
1951243
1951396
1951457
1951594
1951614
1951632
1951715
1951779
1951803
1951828
1951849
1951859
1951893
1951925
1951935
1951940
1951960
1951999
1952085
1952116
1952133
1952147
1952150
1952155
1952177
1952303
1952315
1952376
1952379
1952388
1952435
1952572
1952598
1952602
1952704
1952726
1952756
1952770
1952818
1952874
1952905
1952912
1952942
1952948
1952975
1952999
1953034
1953051
1953183
1953233
1953240
1953271
1953384
1953469
1953514
1953526
1953578
1953604
1953619
1953639
1953717
1953720
1953806
1953808
1953835
1953847
1953855
1953905
1953925
1953938
1954038
1954076
1954086
1954113
1954137
1954186
1954203
1954222
1954244
1954274
1954308
1954324
1954390
1954409
1954581
1954595
1954628
1954732
1954736
1954820
1954846
1954965
1954996
1955013
1955062
1955066
1955127
1955243
1955246
1955258
1955318
1955343
1955359
1955431
1955446
1955505
1955566
1955593
1955601
1955604
1955664
1955726
1955844
1955852
1955934
1956249
1956354
1956379
1956406
1956417
1956422
1956512
1956571
1956592
1956601
1956690
1956703
1956729
1956740
1956754
1956769
1956778
1956786
1956789
1956819
1956824
1956842
1956846
1956906
1956917
1956937
1956947
1956948
1956973
1957019
1957064
1957090
1957102
1957111
1957235
1957268
1957316
1957353
1957426
1957483
1957493
1957534
1957553
1957594
1957596
1957749
1957815
1957834
1957872
1957913
1957989
1958009
1958017
1958100
1958146
1958179
1958288
1958362
1958368
1958375
1958382
1958389
1958411
1958437
1958479
1958511
1958533
1958585
1958599
1958623
1958714
1958768
1958872
1958906
1958993
1959046
1959067
1959080
1959141
1959243
1959267
1959290
1959297
1959304
1959352
1959492
1959545
1959602
1959624
1959664
1959666
1959672
1959687
1959745
1959784
1959853
1959910
1960055
1960117
1960121
1960218
1960225
1960283
1960333
1960339
1960366
1960376
1960487
1960627
1960673
1960735
1960739
1960785
1960842
1960901
1961036
1961070
1961130
1961275
1961296
1961305
1961313
1961368
1961391
1961395
1961459
1961514
1961534
1961552
1961617
1961638
1961804
1961813
1961821
1961823
1961833
1961863
1961873
1961947
1961970
1962009
1962060
1962078
1962087
1962098
1962099
1962118
1962126
1962184
1962239
1962329
1962365
1962380
1962449
1962477
1962535
1962648
1962678
1962728
1962794
1962832
1962895
1962905
1962913
1962916
1962931
1962935
1962942
1962955
1963028
1963049
1963057
1963063
1963079
1963097
1963168
1963182
1963253
1963257
1963298
1963314
1963354
1963388
1963403
1963426
1963464
1963470
1963499
1963588
1963597
1963652
1963683
1963755
1963796
1963802
1963827
1963858
1963860
1963882
1963956
1964084
1964112
1964166
1964177
1964257
1964291
1964351
1964380
1964393
1964413
1964493
1964517
1964527
1964542
1964560
1964614
1964617
1964649
1964695
1964785
1964823
1964831
1964870
1964920
1964971
1965045
1965115
1965119
1965128
1965148
1965150
1965161
1965215
1965315
1965331
1965339
1965349
1965374
1965387
1965392
1965448
1965484
1965581
1965682
1965767
1965869
1965930
1965983
1966062
1966081
1966109
1966124
1966169
1966237
1966246
1966273
1966294
1966360
1966396
1966434
1966493
1966526
1966603
1966615
1966632
1966643
1966696
1966741
1966812
1966814
1966817
1966832
1966859
1967023
1967025
1967026
1967056
1967150
1967204
1967229
1967235
1967287
1967297
1967300
1967313
1967386
1967397
1967404
1967448
1967453
1967510
1967526
1967532
1967569
1967597
1967602
1967620
1967640
1967645
1967689
1967710
1967722
1967751
1967811
1967841
1967913
1967937
1967946
1967994
1968002
1968030
1968036
1968057
1968130
1968161
1968174
1968216
1968232
1968260
1968321
1968327
1968329
1968381
1968394
1968426
1968430
1968500
1968550
1968602
1968608
1968658
1968661
1968667
1968670
1968788
1968796
1968803
1968830
1968832
1968838
1968863
1968882
1968983
1969000
1969053
1969074
1969110
1969124
1969162
1969170
1969233
1969266
1969295
1969326
1969368
1969387
1969395
1969399
1969412
1969419
1969591
1969601
1969655
1969707
1969720
1969768
1969789
1969805
1969900
1969901
1969931
1969946
1970042
1970049
1970052
1970110
1970129
1970151
1970163
1970170
1970202
1970221
1970253
1970273
1970381
1970468
1970473
1970484
1970498
1970525
1970547
1970571
1970586
1970610
1970684
1970691
1970741
1970785
1970826
1970829
1970852
1970947
1970995
1971105
1971120
1971133
1971159
1971193
1971251
1971278
1971358
1971368
1971374
1971381
1971415
1971440
1971477
1971514
1971577
1971656
1971659
1971664
1971709
1971748
1971781
1971784
1971811
1971873
1971902
1971944
1971990
1972028
1972043
1972117
1972137
1972173
1972286
1972309
1972316
1972332
1972418
1972470
1972477
1972485
1972491
1972547
1972554
1972609
1972633
1972639
1972667
1972693
1972697
1972709
1972739
1972835
1972943
1972982
1973002
1973020
1973039
1973052
1973121
1973129
1973150
1973154
1973158
1973230
1973237
1973243
1973293
1973306
1973317
1973342
1973403
1973407
1973437
1973541
1973578
1973704
1973750
1973787
1973810
1973871
1973879
1973914
1973922
1973951
1973963
1973979
1974000
1974039
1974063
1974130
1974152
1974189
1974252
1974271
1974285
1974288
1974313
1974324
1974340
1974354
1974379
1974390
1974437
1974459
1974460
1974465
1974506
1974544
1974547
1974556
1974577
1974628
1974646
1974714
1974716
1974726
1974731
1974745
1974760
1974823
1974899
1974926
1974959
1975017
1975094
1975191
1975217
1975245
1975262
1975278
1975358
1975447
1975475
1975486
1975538
1975542
1975552
1975558
1975669
1975684
1975711
1975743
1975746
1975748
1975751
1975771
1975782
1975792
1975879
1975904
1975914
1975920
1975977
1975984
1975999
1976092
1976099
1976150
1976153
1976184
1976221
1976277
1976308
1976324
1976327
1976374
1976422
1976485
1976541
1976620
1976645
1976712
1976721
1976833
1976870
1976914
1977092
1977102
1977168
1977206
1977208
1977299
1977307
1977311
1977328
1977351
1977382
1977390
1977403
1977433
1977461
1977481
1977499
1977529
1977730
1977775
1977871
1977900
1977913
1978040
1978085
1978164
1978207
1978223
1978230
1978236
1978242
1978281
1978401
1978699
1978716
1978748
1978765
1978807
1978822
1978826
1978859
1978901
1978933
1978946
1978970
1978991
1979011
1979017
1979024
1979031
1979032
1979064
1979079
1979128
1979199
1979205
1979227
1979240
1979248
1979251
1979271
1979294
1979303
1979352
1979375
1979409
1979463
1979479
1979627
1979630
1979660
1979749
1979774
1979790
1979866
1979883
1979978
1979994
1980004
1980065
1980096
1980142
1980242
1980299
1980369
1980377
1980432
1980438
1980467
1980508
1980510
1980521
1980553
1980560
1980650
1980654
1980684
1980755
1980827
1980861
1980903
1980905
1980946
1981089
1981106
1981129
1981160
1981168
1981193
1981201
1981286
1981344
1981460
1981552
1981649
1981679
1981714
1981775
1981805
1981867
1981898
1981958
1982001
1982005
1982038
1982078
1982083
1982121
1982130
1982188
1982279
1982370
1982375
1982381
1982465
1982515
1982609
1982644
1982646
1982712
1982741
1982758
1982809
1983005
1983013
1983016
1983158
1983172
1983178
1983231
1983235
1983274
1983364
1983385
1983445
1983460
1983500
1983514
1983527
1983555
1983558
1983602
1983644
1983736
1983752
1983788
1983796
1983806
1983877
1983886
1983906
1984027
1984117
1984120
1984129
1984213
1984221
1984243
1984295
1984368
1984380
1984412
1984426
1984492
1984528
1984590
1984638
1984684
1984695
1984720
1984721
1984741
1984750
1984789
1984804
1984816
1984837
1984843
1984890
1984900
1985007
1985062
1985068
1985080
1985123
1985200
1985225
1985362
1985565
1985574
1985657
1985661
1985713
1985864
1985882
1985898
1985936
1985938
1986035
1986049
1986125
1986159
1986187
1986223
1986254
1986255
1986404
1986432
1986481
1986512
1986565
1986576
1986601
1986634
1986640
1986678
1986773
1986775
1986901
1986926
1986937
1986956
1986965
1986974
1987013
1987139
1987142
1987245
1987266
1987313
1987338
1987393
1987404
1987408
1987436
1987468
1987489
1987529
1987558
1987566
1987616
1987665
1987675
1987680
1987714
1987737
1987749
1987759
1987789
1987862
1987903
1987973
1988054
1988165
1988171
1988247
1988333
1988372
1988524
1988547
1988636
1988655
1988682
1988726
1988737
1988770
1988779
1988801
1988830
1988949
1988972
1989003
1989005
1989020
1989035
1989230
1989240
1989263
1989270
1989295
1989368
1989386
1989471
1989595
1989603
1989625
1989660
1989693
1989707
1989746
1989830
1989898
1989976
1989989
1990019
1990029
1990033
1990043
1990129
1990161
1990193
1990255
1990363
1990467
1990530
1990591
1990602
1990642
1990698
1990762
1990777
1990906
1990960
1991001
1991033
1991044
1991237
1991247
1991388
1991426
1991447
1991493
1991522
1991561
1991584
1991591
1991613
1991667
1991692
1991753
1991770
1991804
1991847
1991850
1991897
1991941
1992024
1992102
1992110
1992113
1992164
1992263
1992303
1992359
1992390
1992401
1992422
1992424
1992425
1992453
1992528
1992551
1992565
1992849
1992856
1992869
1992931
1993043
1993103
1993132
1993143
1993235
1993247
1993268
1993377
1993420
1993447
1993503
1993551
1993634
1993668
1993677
1993765
1993780
1993858
1993917
1993952
1993986
1994005
1994038
1994061
1994070
1994078
1994116
1994131
1994140
1994143
1994237
1994279
1994302
1994338
1994342
1994372
1994376
1994492
1994534
1994603
1994623
1994666
1994671
1994679
1994686
1994954
1994985
1994989
1995021
1995036
1995145
1995254
1995262
1995313
1995335
1995348
1995418
1995437
1995456
1995458
1995480
1995497
1995557
1995669
1995736
1995758
1995801
1995847
1995895
1995932
1995963
1995968
1995979
1996023
1996102
1996128
1996133
1996159
1996266
1996286
1996297
1996308
1996337
1996375
1996381
1996432
1996470
1996590
1996610
1996615
1996630
1996643
1996650
1996697
1996717
1996718
1996729
1996764
1996807
1996813
1996860
1996864
1996911
1996919
1996943
1997021
1997311
1997365
1997378
1997408
1997427
1997447
1997557
1997602
1997613
1997627
1997628
1997635
1997653
1997685
1997704
1997710
1997722
1997757
1997804
1997830
1997842
1997867
1997945
1997963
1997979
1998015
1998017
1998033
1998056
1998080
1998133
1998206
1998227
1998302
1998308
1998391
1998429
1998445
1998527
1998562
1998587
1998591
1998625
1998675
1998678
1998721
1998740
1998750
1998755
1998810
1998813
1998828
1998931
1998950
1998963
1998974
1999079
1999088
1999189
1999227
1999247
1999273
1999296
1999371
1999389
1999439
1999452
1999464
1999549
1999600
1999607
1999621
1999737
1999772
1999799
1999871
1999874
1999891
1999999
2000004
2000041
2000122
2000167
2000170
2000190
2000198
2000222
2000250
2000266
2000332
2000333
2000342
2000369
2000384
2000467
2000494
2000510
2000516
2000530
2000560
2000588
2000595
2000694
2000736
2000780
2000872
2000886
2000980
2001003
2001043
2001058
2001076
2001084
2001146
2001170
2001221
2001235
2001308
2001375
2001455
2001549
2001554
2001625
2001635
2001640
2001646
2001702
2001790
2001819
2001866
2002042
2002238
2002277
2002286
2002347
2002350
2002357
2002393
2002411
2002453
2002572
2002592
2002603
2002614
2002667
2002670
2002745
2002750
2002758
2002790
2002808
2002886
2002944
2002987
2002990
2003085
2003103
2003196
2003255
2003263
2003265
2003301
2003346
2003394
2003493
2003495
2003561
2003569
2003645
2003695
2003956
2003972
2004002
2004014
2004019
2004046
2004049
2004089
2004096
2004108
2004111
2004115
2004134
2004167
2004236
2004265
2004279
2004281
2004289
2004328
2004337
2004344
2004353
2004448
2004482
2004590
2004599
2004629
2004715
2004769
2004807
2004874
2004934
2004983
2005004
2005012
2005025
2005057
2005123
2005140
2005144
2005184
2005332
2005386
2005448
2005461
2005542
2005593
2005646
2005693
2005729
2005770
2005793
2005852
2005913
2005932
2005974
2006021
2006044
2006050
2006115
2006131
2006174
2006281
2006341
2006354
2006355
2006402
2006446
2006496
2006522
2006526
2006548
2006595
2006649
2006686
2006702
2006765
2006785
2006797
2006803
2006816
2006857
2006878
2006958
2007044
2007047
2007230
2007235
2007256
2007312
2007340
2007372
2007403
2007441
2007564
2007719
2007749
2007771
2007776
2007866
2007926
2007953
2007964
2007970
2007985
2008042
2008050
2008068
2008128
2008165
2008191
2008228
2008257
2008262
2008282
2008296
2008361
2008369
2008371
2008419
2008473
2008573
2008603
2008631
2008693
2008725
2008781
2008836
2008884
2008960
2008976
2009006
2009025
2009070
2009123
2009180
2009186
2009265
2009308
2009359
2009394
2009453
2009481
2009523
2009560
2009563
2009621
2009639
2009661
2009727
2009744
2009779
2009810
2009827
2009925
2009935
2010068
2010096
2010158
2010163
2010182
2010248
2010288
2010393
2010409
2010449
2010500
2010507
2010558
2010600
2010602
2010616
2010717
2010758
2010802
2010814
2010829
2010839
2011052
2011073
2011077
2011166
2011183
2011291
2011302
2011304
2011357
2011417
2011446
2011454
2011541
2011640
2011665
2011672
2011705
2011709
2011724
2011786
2011898
2011905
2011936
2011944
2011971
2011990
2012091
2012123
2012153
2012187
2012197
2012209
2012323
2012334
2012376
2012484
2012506
2012644
2012690
2012736
2012742
2012746
2012772
2012811
2012820
2012822
2012837
2012960
2012971
2013001
2013013
2013015
2013035
2013039
2013068
2013081
2013100
2013123
2013182
2013224
2013263
2013308
2013365
2013398
2013410
2013438
2013444
2013448
2013498
2013568
2013693
2013716
2013765
2013839
2013846
2013860
2013877
2013886
2013931
2013958
2014042
2014065
2014098
2014100
2014107
2014186
2014225
2014228
2014282
2014353
2014483
2014497
2014503
2014530
2014540
2014604
2014677
2014691
2014697
2014731
2014773
2014780
2014788
2014928
2014986
2015007
2015026
2015072
2015107
2015130
2015223
2015226
2015281
2015336
2015344
2015396
2015552
2015595
2015621
2015640
2015668
2015677
2015692
2015702
2015733
2015873
2015884
2015918
2015938
2016106
2016118
2016125
2016178
2016221
2016366
2016409
2016424
2016459
2016508
2016525
2016536
2016550
2016558
2016568
2016582
2016611
2016614
2016635
2016643
2016752
2016771
2016804
2016821
2016833
2016846
2016854
2016861
2016965
2016974
2016986
2016993
2017025
2017037
2017043
2017121
2017185
2017267
2017339
2017357
2017377
2017386
2017409
2017423
2017447
2017500
2017504
2017621
2017727
2017736
2017754
2017756
2017769
2017856
2017882
2017944
2017979
2018067
2018084
2018110
2018129
2018138
2018144
2018156
2018174
2018201
2018303
2018390
2018392
2018452
2018504
2018508
2018551
2018593
2018658
2018760
2018800
2018844
2018892
2018900
2018922
2018930
2018963
2019001
2019019
2019140
2019144
2019192
2019263
2019345
2019354
2019384
2019414
2019468
2019475
2019482
2019501
2019541
2019551
2019573
2019638
2019667
2019760
2019791
2019800
2019820
2019824
2019861
2019875
2020006
2020044
2020046
2020233
2020266
2020285
2020395
2020430
2020529
2020570
2020574
2020611
2020614
2020656
2020686
2020722
2020729
2020749
2020961
2021044
2021065
2021088
2021107
2021157
2021163
2021175
2021186
2021218
2021239
2021257
2021259
2021322
2021381
2021433
2021464
2021473
2021601
2021610
2021646
2021685
2021697
2021773
2021803
2021861
2021931
2021932
2021953
2022002
2022026
2022036
2022060
2022324
2022366
2022403
2022446
2022467
2022759
2022796
2022824
2022828
2022841
2022847
2022849
2022949
2023056
2023068
2023098
2023110
2023198
2023204
2023220
2023342
2023388
2023398
2023409
2023419
2023460
2023466
2023484
2023491
2023496
2023507
2023556
2023565
2023569
2023572
2023596
2023653
2023680
2023683
2023684
2023745
2023772
2023804
2023835
2023837
2023909
2023930
2023947
2023971
2024046
2024146
2024158
2024169
2024200
2024209
2024239
2024267
2024274
2024304
2024353
2024357
2024359
2024371
2024401
2024405
2024511
2024514
2024524
2024642
2024681
2024759
2024795
2024858
2024907
2025017
2025025
2025032
2025101
2025121
2025159
2025175
2025190
2025252
2025259
2025366
2025431
2025468
2025570
2025585
2025594
2025623
2025640
2025661
2025687
2025711
2025730
2025811
2025825
2025833
2025844
2025850
2025862
2025894
2025901
2025920
2026054
2026074
2026145
2026231
2026236
2026309
2026341
2026380
2026409
2026437
2026446
2026522
2026549
2026578
2026694
2026847
2026917
2026942
2026984
2027001
2027040
2027094
2027103
2027116
2027213
2027289
2027312
2027319
2027334
2027408
2027457
2027464
2027471
2027494
2027523
2027541
2027548
2027560
2027615
2027697
2027739
2027742
2027823
2027828
2027859
2027890
2027957
2028017
2028066
2028082
2028152
2028156
2028505
2028518
2028540
2028625
2028690
2028706
2028722
2028749
2028792
2028810
2028892
2029022
2029023
2029037
2029202
2029228
2029239
2029240
2029273
2029349
2029356
2029519
2029563
2029570
2029605
2029702
2029854
2029886
2029908
2029940
2029988
2029989
2030006
2030043
2030097
2030156
2030186
2030237
2030243
2030267
2030273
2030301
2030347
2030387
2030514
2030566
2030569
2030585
2030588
2030594
2030621
2030733
2030764
2031071
2031099
2031128
2031148
2031210
2031292
2031334
2031339
2031379
2031441
2031608
2031661
2031705
2031708
2031730
2031771
2031798
2031811
2031826
2031884
2031885
2031893
2031910
2031934
2031980
2031993
2032004
2032012
2032023
2032033
2032053
2032067
2032096
2032104
2032114
2032122
2032135
2032326
2032373
2032386
2032526
2032532
2032565
2032572
2032615
2032703
2032770
2032777
2032790
2032828
2032897
2032900
2033001
2033038
2033057
2033070
2033078
2033127
2033179
2033332
2033359
2033679
2033817
2033825
2033861
2033914
2033921
2033934
2033986
2034012
2034019
2034085
2034104
2034143
2034180
2034268
2034288
2034333
2034409
2034545
2034552
2034567
2034582
2034590
2034612
2034631
2034639
2034662
2034665
2034691
2034804
2034957
2035036
2035039
2035079
2035100
2035163
2035191
2035243
2035327
2035329
2035334
2035361
2035404
2035425
2035449
2035482
2035545
2035546
2035572
2035613
2035703
2035705
2035827
2035866
2035892
2035897
2035899
2035981
2036012
2036021
2036024
2036036
2036164
2036184
2036253
2036329
2036399
2036415
2036478
2036484
2036504
2036506
2036510
2036541
2036583
2036621
2036682
2036708
2036757
2036816
2036842
2036843
2036875
2036878
2036885
2036938
2036968
2036984
2037020
2037034
2037073
2037085
2037288
2037302
2037368
2037397
2037429
2037433
2037455
2037469
2037514
2037527
2037559
2037596
2037636
2037651
2037655
2037695
2037751
2037781
2037857
2037896
2037944
2037956
2038013
2038031
2038071
2038117
2038127
2038134
2038141
2038143
2038149
2038164
2038185
2038238
2038249
2038278
2038287
2038361
2038439
2038443
2038546
2038560
2038564
2038575
2038630
2038640
2038643
2038653
2038709
2038758
2038809
2038841
2038888
2038910
2038939
2039012
2039043
2039085
2039089
2039120
2039130
2039133
2039166
2039186
2039198
2039234
2039289
2039309
2039329
2039367
2039386
2039422
2039425
2039440
2039458
2039483
2039491
2039550
2039600
2039607
2039661
2039770
2039825
2039847
2039958
2040007
2040052
2040064
2040147
2040184
2040207
2040239
2040252
2040296
2040399
2040437
2040476
2040556
2040560
2040570
2040578
2040605
2040638
2040671
2040680
2040726
2040773
2040846
2040905
2040957
2041144
2041169
2041191
2041301
2041345
2041438
2041471
2041473
2041478
2041544
2041563
2041581
2041609
2041637
2041685
2041730
2041748
2041762
2041778
2041831
2041842
2041850
2041898
2041911
2041931
2041943
2041960
2042025
2042051
2042069
2042095
2042147
2042175
2042203
2042259
2042267
2042274
2042306
2042377
2042440
2042448
2042497
2042502
2042603
2042646
2042656
2042674
2042753
2042775
2042815
2042816
2042838
2042844
2042865
2042904
2042929
2042973
2043039
2043064
2043103
2043117
2043270
2043339
2043553
2043623
2043671
2043738
2043760
2043797
2043825
2043846
2043873
2043909
2043918
2043950
2043960
2044052
2044080
2044134
2044147
2044148
2044156
2044303
2044318
2044325
2044346
2044372
2044391
2044418
2044439
2044450
2044498
2044536
2044568
2044615
2044658
2044662
2044694
2044817
2044868
2044902
2044927
2044932
2044940
2044967
2045089
2045208
2045219
2045269
2045362
2045452
2045526
2045547
2045566
2045625
2045639
2045643
2045669
2045723
2045782
2045792
2045836
2045919
2045941
2046086
2046117
2046121
2046157
2046172
2046173
2046211
2046294
2046305
2046442
2046444
2046483
2046493
2046555
2046576
2046582
2046587
2046642
2046662
2046696
2046701
2046787
2046872
2046902
2046914
2046918
2046963
2046987
2047032
2047044
2047049
2047143
2047234
2047253
2047255
2047273
2047353
2047367
2047386
2047410
2047422
2047426
2047454
2047470
2047497
2047579
2047608
2047653
2047782
2047793
2047810
2047832
2047853
2047919
2047966
2047984
2048003
2048047
2048077
2048084
2048104
2048107
2048109
2048123
2048140
2048191
2048202
2048253
2048367
2048386
2048497
2048505
2048615
2048707
2048716
2048853
2048862
2048975
2049018
2049057
2049168
2049182
2049198
2049229
2049231
2049237
2049298
2049302
2049337
2049345
2049369
2049393
2049451
2049471
2049478
2049492
2049494
2049530
2049543
2049569
2049607
2049613
2049615
2049689
2049782
2049822
2049890
2049895
2049897
2049908
2049914
2049937
2049965
2049997
2050020
2050023
2050038
2050056
2050064
2050088
2050210
2050226
2050244
2050285
2050287
2050292
2050326
2050362
2050368
2050377
2050394
2050409
2050455
2050546
2050555
2050709
2050820
2050827
2050949
2050989
2051057
2051087
2051181
2051213
2051242
2051282
2051323
2051332
2051357
2051401
2051439
2051484
2051501
2051546
2051570
2051591
2051611
2051631
2051712
2051818
2051841
2051848
2051851
2051858
2051870
2051896
2051942
2051965
2052030
2052077
2052084
2052099
2052204
2052215
2052238
2052254
2052326
2052348
2052395
2052419
2052459
2052548
2052558
2052770
2052788
2052965
2053000
2053063
2053074
2053078
2053086
2053107
2053119
2053157
2053231
2053249
2053253
2053273
2053336
2053344
2053432
2053516
2053578
2053580
2053619
2053674
2053688
2053696
2053709
2053721
2053799
2053869
2053888
2053895
2053934
2053935
2053946
2053960
2054026
2054031
2054041
2054055
2054062
2054107
2054152
2054168
2054180
2054215
2054229
2054234
2054268
2054313
2054319
2054338
2054350
2054372
2054382
2054386
2054403
2054417
2054451
2054538
2054541
2054566
2054608
2054643
2054655
2054682
2054719
2054730
2054775
2054848
2054894
2055008
2055105
2055128
2055239
2055266
2055347
2055400
2055465
2055480
2055508
2055566
2055633
2055672
2055763
2055867
2055950
2055963
2055971
2055990
2056006
2056032
2056043
2056107
2056133
2056166
2056187
2056221
2056359
2056482
2056510
2056525
2056532
2056584
2056609
2056615
2056637
2056646
2056670
2056676
2056691
2056761
2056817
2056822
2056844
2056847
2056862
2056875
2056892
2056940
2057049
2057058
2057150
2057165
2057236
2057250
2057295
2057310
2057329
2057345
2057406
2057414
2057478
2057484
2057580
2057595
2057624
2057686
2057703
2057758
2057760
2057769
2057775
2057776
2057840
2057897
2057904
2057929
2057951
2057994
2058020
2058144
2058158
2058169
2058175
2058205
2058246
2058255
2058263
2058369
2058376
2058385
2058422
2058427
2058458
2058526
2058617
2058624
2058635
2058650
2058691
2058743
2058794
2058843
2058854
2058871
2058903
2058916
2058993
2059003
2059014
2059049
2059060
2059128
2059158
2059163
2059174
2059189
2059234
2059272
2059298
2059307
2059447
2059536
2059665
2059675
2059789
2059800
2059823
2059946
2059958
2060008
2060040
2060081
2060103
2060139
2060179
2060224
2060238
2060254
2060271
2060291
2060296
2060343
2060344
2060347
2060350
2060404
2060437
2060497
2060523
2060530
2060585
2060617
2060645
2060689
2060705
2060818
2060940
2060971
2060975
2060994
2061042
2061054
2061071
2061078
2061095
2061145
2061182
2061211
2061217
2061232
2061245
2061277
2061311
2061322
2061334
2061347
2061359
2061367
2061377
2061451
2061491
2061534
2061592
2061598
2061618
2061644
2061659
2061752
2061763
2061774
2061793
2061800
2061842
2061905
2061929
2061946
2061965
2061972
2062029
2062072
2062097
2062116
2062138
2062149
2062216
2062238
2062242
2062248
2062269
2062386
2062404
2062524
2062615
2062651
2062660
2062722
2062865
2062897
2062912
2062923
2062932
2062934
2062946
2062969
2063002
2063007
2063023
2063061
2063063
2063077
2063091
2063161
2063201
2063283
2063295
2063305
2063349
2063362
2063368
2063374
2063381
2063490
2063497
2063542
2063558
2063616
2063629
2063825
2063863
2063956
2063960
2063988
2064066
2064085
2064139
2064179
2064190
2064241
2064263
2064275
2064286
2064290
2064305
2064314
2064330
2064391
2064419
2064420
2064459
2064508
2064524
2064531
2064572
2064577
2064588
2064618
2064714
2064763
2064771
2064773
2064776
2064779
2064792
2064820
2064964
2064966
2065005
2065011
2065067
2065127
2065134
2065143
2065184
2065295
2065319
2065347
2065413
2065447
2065569
2065671
2065695
2065702
2065720
2065728
2065755
2065795
2065820
2065833
2065866
2065886
2065895
2065911
2065987
2066053
2066057
2066088
2066115
2066120
2066141
2066145
2066170
2066174
2066201
2066254
2066305
2066315
2066358
2066511
2066575
2066618
2066650
2066659
2066731
2066749
2066752
2066759
2066827
2066830
2066836
2066882
2066897
2066917
2066938
2066944
2066953
2066977
2066994
2067008
2067027
2067059
2067072
2067154
2067159
2067192
2067244
2067247
2067271
2067427
2067436
2067484
2067496
2067516
2067528
2067616
2067648
2067682
2067733
2068091
2068130
2068143
2068159
2068162
2068201
2068206
2068275
2068302
2068330
2068353
2068378
2068426
2068491
2068496
2068528
2068552
2068553
2068611
2068641
2068693
2068801
2068813
2068899
2068948
2068957
2068962
2068987
2068994
2069077
2069121
2069198
2069201
2069374
2069394
2069410
2069466
2069488
2069543
2069553
2069556
2069582
2069586
2069597
2069624
2069647
2069651
2069680
2069692
2069728
2069740
2069745
2069769
2069783
2069785
2069812
2069819
2069864
2069865
2069894
2069954
2070187
2070190
2070191
2070212
2070269
2070345
2070391
2070438
2070456
2070486
2070508
2070519
2070524
2070539
2070577
2070604
2070609
2070628
2070660
2070722
2070754
2070766
2070794
2070920
2071068
2071119
2071151
2071177
2071190
2071197
2071237
2071255
2071335
2071377
2071420
2071429
2071434
2071445
2071506
2071659
2071722
2071751
2071806
2071827
2071840
2071859
2071898
2071901
2071961
2072037
2072055
2072067
2072097
2072204
2072227
2072253
2072277
2072292
2072324
2072370
2072397
2072432
2072438
2072543
2072548
2072631
2072706
2072769
2072775
2072791
2072858
2073012
2073057
2073068
2073142
2073155
2073162
2073182
2073231
2073281
2073290
2073314
2073341
2073351
2073360
2073382
2073393
2073452
2073487
2073494
2073557
2073621
2073627
2073630
2073655
2073663
2073717
2073737
2073752
2073763
2073794
2073826
2073838
2073862
2073910
2073923
2073932
2073940
2073975
2073979
2073988
2074024
2074061
2074108
2074119
2074157
2074177
2074358
2074386
2074419
2074435
2074452
2074454
2074492
2074498
2074525
2074530
2074535
2074546
2074651
2074670
2074684
2074828
2074838
2074865
2074894
2074900
2074963
2075046
2075047
2075057
2075074
2075164
2075171
2075208
2075302
2075407
2075440
2075563
2075609
2075631
2075644
2075707
2075811
2075813
2075888
2075889
2075953
2075956
2076063
2076190
2076244
2076253
2076330
2076395
2076443
2076481
2076547
2076584
2076611
2076620
2076689
2076732
2076737
2076772
2076773
2076780
2076794
2076855
2076875
2076888
2076898
2077008
2077034
2077068
2077073
2077101
2077152
2077193
2077215
2077255
2077325
2077326
2077328
2077357
2077401
2077476
2077478
2077496
2077580
2077589
2077614
2077625
2077662
2077677
2077779
2077868
2077905
2077920
2077929
2077935
2078093
2078108
2078171
2078183
2078230
2078236
2078283
2078286
2078388
2078409
2078428
2078437
2078441
2078454
2078540
2078593
2078598
2078637
2078648
2078667
2078710
2078755
2078778
2078793
2078797
2078836
2078898
2078967
2078985
2078996
2079067
2079118
2079204
2079221
2079247
2079317
2079336
2079340
2079416
2079421
2079436
2079484
2079522
2079553
2079611
2079642
2079725
2079729
2079739
2079745
2079749
2079816
2079873
2079890
2079936
2080040
2080042
2080057
2080112
2080154
2080163
2080203
2080214
2080236
2080291
2080334
2080340
2080348
2080502
2080528
2080546
2080569
2080635
2080644
2080731
2080776
2080855
2080865
2080916
2081014
2081198
2081218
2081223
2081231
2081243
2081303
2081323
2081349
2081385
2081481
2081486
2081515
2081522
2081540
2081636
2081661
2081679
2081692
2081728
2081747
2081815
2081827
2081828
2081855
2081957
2081960
2082013
2082082
2082141
2082262
2082283
2082345
2082349
2082352
2082388
2082401
2082408
2082474
2082505
2082508
2082531
2082606
2082658
2082713
2082734
2082793
2082844
2082870
2082885
2082890
2082953
2082984
2083042
2083052
2083078
2083120
2083184
2083191
2083223
2083232
2083297
2083373
2083435
2083453
2083497
2083531
2083544
2083667
2083773
2083827
2083887
2083893
2083910
2083919
2083922
2083966
2083993
2084020
2084028
2084036
2084050
2084059
2084063
2084105
2084138
2084170
2084188
2084193
2084198
2084215
2084246
2084260
2084287
2084310
2084318
2084336
2084384
2084396
2084401
2084446
2084452
2084478
2084495
2084536
2084638
2084666
2084674
2084780
2084846
2084908
2084957
2085000
2085003
2085034
2085057
2085067
2085070
2085156
2085235
2085267
2085278
2085296
2085315
2085327
2085350
2085379
2085382
2085418
2085430
2085463
2085530
2085621
2085710
2085724
2085815
2085830
2085863
2085876
2085918
2086052
2086103
2086127
2086162
2086205
2086299
2086435
2086446
2086535
2086544
2086649
2086699
2086723
2086760
2086844
2086856
2086883
2087037
2087064
2087142
2087152
2087207
2087250
2087266
2087271
2087397
2087441
2087442
2087603
2087646
2087669
2087753
2087772
2087777
2087783
2087821
2087869
2087944
2088021
2088029
2088081
2088137
2088148
2088155
2088168
2088194
2088221
2088267
2088297
2088309
2088404
2088465
2088492
2088504
2088557
2088590
2088601
2088630
2088636
2088696
2088754
2088758
2088782
2088783
2088834
2088845
2089007
2089042
2089082
2089104
2089192
2089311
2089378
2089402
2089465
2089518
2089555
2089577
2089614
2089636
2089645
2089709
2089729
2089746
2089792
2089880
2089902
2089910
2089926
2090005
2090035
2090040
2090049
2090065
2090077
2090095
2090142
2090147
2090172
2090231
2090241
2090250
2090323
2090326
2090372
2090431
2090435
2090439
2090462
2090504
2090515
2090572
2090595
2090785
2090821
2090840
2090863
2090903
2090919
2091038
2091061
2091081
2091087
2091092
2091103
2091111
2091156
2091192
2091289
2091303
2091332
2091428
2091554
2091588
2091662
2091675
2091695
2091705
2091727
2091748
2092144
2092187
2092205
2092238
2092417
2092424
2092503
2092587
2092651
2092700
2092727
2092799
2092823
2092845
2092854
2092907
2092910
2092938
2093052
2093149
2093164
2093178
2093182
2093191
2093208
2093228
2093236
2093247
2093301
2093313
2093319
2093350
2093380
2093389
2093468
2093522
2093525
2093669
2093701
2093726
2093754
2093775
2093783
2093858
2093919
2093972
2093992
2094001
2094025
2094040
2094088
2094187
2094256
2094266
2094313
2094420
2094429
2094432
2094478
2094561
2094562
2094611
2094621
2094630
2094631
2094712
2094715
2094730
2094743
2094753
2094765
2094904
2095095
2095131
2095187
2095219
2095242
2095296
2095332
2095357
2095375
2095451
2095519
2095527
2095560
2095567
2095746
2095751
2095803
2095832
2095865
2095868
2095930
2095934
2096027
2096040
2096085
2096126
2096137
2096226
2096251
2096425
2096449
2096480
2096513
2096561
2096585
2096599
2096618
2096642
2096683
2096686
2096707
2096722
2096752
2096797
2096851
2096870
2096906
2096942
2096962
2096976
2097018
2097037
2097044
2097076
2097092
2097112
2097120
2097146
2097164
2097173
2097206
2097248
2097260
2097315
2097346
2097355
2097359
2097415
2097431
2097450
2097482
2097495
2097513
2097572
2097600
2097609
2097626
2097682
2097752
2097757
2097796
2097871
2097997
2098037
2098044
2098072
2098116
2098174
2098264
2098282
2098320
2098323
2098324
2098388
2098439
2098532
2098542
2098577
2098584
2098589
2098592
2098669
2098763
2098775
2098781
2098920
2098989
2098990
2099048
2099280
2099324
2099434
2099446
2099480
2099493
2099509
2099555
2099571
2099600
2099608
2099613
2099629
2099716
2099718
2099766
2099791
2099884
2099931
2099963
2100044
2100054
2100071
2100195
2100231
2100233
2100399
2100451
2100456
2100461
2100534
2100586
2100706
2100710
2100712
2100772
2100785
2100799
2100828
2100845
2100854
2100868
2100953
2100999
2101087
2101095
2101096
2101171
2101181
2101198
2101258
2101282
2101323
2101365
2101388
2101403
2101420
2101441
2101511
2101530
2101558
2101572
2101592
2101601
2101683
2101796
2101801
2101814
2101856
2101952
2101966
2101984
2101988
2102003
2102055
2102081
2102100
2102108
2102154
2102170
2102224
2102252
2102258
2102273
2102284
2102316
2102345
2102352
2102413
2102444
2102452
2102460
2102515
2102559
2102570
2102585
2102605
2102652
2102659
2102680
2102690
2102694
2102778
2102780
2102811
2102823
2102866
2102935
2102958
2103009
2103055
2103065
2103127
2103147
2103149
2103178
2103241
2103282
2103372
2103393
2103397
2103494
2103570
2103626
2103653
2103671
2103709
2103715
2103716
2103795
2103799
2103813
2103825
2103909
2103914
2103962
2104073
2104116
2104149
2104188
2104263
2104270
2104289
2104305
2104354
2104360
2104444
2104463
2104521
2104579
2104605
2104631
2104648
2104703
2104737
2104755
2104806
2104808
2104870
2104940
2104960
2104996
2105016
2105094
2105103
2105171
2105176
2105180
2105197
2105209
2105220
2105253
2105254
2105260
2105270
2105305
2105385
2105393
2105397
2105420
2105538
2105544
2105662
2105669
2105698
2105730
2105857
2105987
2106106
2106150
2106193
2106257
2106275
2106290
2106296
2106305
2106324
2106403
2106443
2106449
2106471
2106545
2106560
2106590
2106592
2106598
2106602
2106605
2106610
2106641
2106645
2106669
2106670
2106690
2106695
2106711
2106739
2106751
2106860
2106885
2106955
2106960
2107010
2107050
2107111
2107121
2107130
2107132
2107136
2107221
2107246
2107355
2107367
2107406
2107447
2107453
2107469
2107488
2107506
2107588
2107685
2107700
2107705
2107722
2107733
2107756
2107767
2107776
2107803
2107833
2107852
2107855
2107892
2107937
2107966
2107979
2108062
2108082
2108096
2108126
2108153
2108176
2108190
2108201
2108233
2108272
2108300
2108361
2108401
2108441
2108459
2108486
2108500
2108526
2108530
2108539
2108544
2108610
2108617
2108693
2108781
2108869
2108889
2108890
2108915
2108958
2108989
2109165
2109378
2109440
2109488
2109512
2109515
2109683
2109758
2109763
2109767
2109797
2109841
2109901
2109951
2109956
2110012
2110054
2110056
2110080
2110115
2110154
2110174
2110182
2110222
2110346
2110371
2110379
2110389
2110411
2110444
2110462
2110490
2110505
2110518
2110527
2110541
2110556
2110586
2110592
2110632
2110675
2110686
2110747
2110835
2110845
2110883
2111013
2111014
2111084
2111224
2111348
2111353
2111381
2111398
2111519
2111548
2111560
2111619
2111683
2111685
2111746
2111751
2111765
2111789
2111813
2111853
2111906
2111932
2111946
2111952
2111978
2112021
2112048
2112104
2112112
2112126
2112167
2112208
2112277
2112376
2112383
2112398
2112498
2112500
2112532
2112539
2112558
2112573
2112598
2112627
2112656
2112669
2112713
2112750
2112769
2112776
2112839
2112958
2113102
2113144
2113151
2113155
2113270
2113291
2113305
2113310
2113333
2113402
2113424
2113444
2113489
2113498
2113520
2113581
2113626
2113631
2113655
2113661
2113667
2113678
2113701
2113707
2113716
2113718
2113775
2113843
2113885
2113900
2113910
2113968
2113985
2114052
2114074
2114099
2114114
2114178
2114227
2114242
2114298
2114318
2114322
2114374
2114407
2114470
2114493
2114668
2114721
2114791
2114877
2114961
2114966
2114996
2115023
2115037
2115054
2115059
2115154
2115172
2115230
2115388
2115471
2115510
2115538
2115542
2115552
2115567
2115577
2115596
2115598
2115621
2115638
2115683
2115686
2115690
2115707
2115710
2115752
2115757
2115759
2115766
2115774
2115787
2115807
2115873
2115886
2115977
2116002
2116014
2116072
2116168
2116237
2116262
2116297
2116367
2116481
2116561
2116570
2116577
2116635
2116737
2116750
2116807
2117063
2117066
2117111
2117125
2117183
2117203
2117250
2117283
2117289
2117374
2117387
2117439
2117474
2117503
2117574
2117588
2117718
2117733
2117735
2117747
2117772
2117812
2117850
2117864
2117934
2117937
2117939
2117996
2118001
2118007
2118083
2118108
2118182
2118225
2118318
2118347
2118350
2118359
2118419
2118491
2118503
2118521
2118542
2118581
2118601
2118679
2118710
2118725
2118729
2118742
2118784
2118874
2118936
2118981
2118995
2119073
2119106
2119115
2119131
2119133
2119169
2119186
2119191
2119247
2119312
2119323
2119364
2119366
2119370
2119375
2119418
2119424
2119454
2119545
2119594
2119600
2119644
2119645
2119772
2119777
2119793
2119837
2119858
2119862
2119959
2119981
2119989
2120001
2120061
2120075
2120082
2120095
2120101
2120110
2120176
2120270
2120295
2120367
2120444
2120560
2120585
2120591
2120636
2120688
2120700
2120779
2120784
2120786
2120804
2120816
2120898
2120899
2120941
2120969
2120996
2121051
2121070
2121181
2121218
2121220
2121235
2121254
2121297
2121333
2121354
2121362
2121374
2121388
2121423
2121442
2121456
2121613
2121620
2121637
2121656
2121687
2121761
2121788
2121793
2121816
2121836
2121857
2121891
2121948
2121972
2122053
2122091
2122145
2122170
2122235
2122241
2122245
2122250
2122286
2122302
2122333
2122350
2122385
2122394
2122437
2122473
2122498
2122516
2122519
2122523
2122537
2122551
2122591
2122616
2122673
2122690
2122694
2122707
2122734
2122744
2122747
2122786
2122800
2122814
2122830
2122857
2122886
2122916
2122954
2122960
2123010
2123012
2123020
2123063
2123068
2123128
2123247
2123275
2123286
2123302
2123304
2123343
2123408
2123429
2123472
2123510
2123549
2123554
2123578
2123589
2123603
2123671
2123701
2123720
2123732
2123782
2123802
2123820
2123828
2123945
2123991
2123995
2124098
2124111
2124115
2124179
2124240
2124269
2124295
2124370
2124457
2124459
2124485
2124528
2124594
2124608
2124685
2124726
2124744
2124805
2124828
2124838
2124879
2124905
2124957
2124962
2124966
2124971
2124989
2124994
2125000
2125017
2125026
2125062
2125068
2125097
2125171
2125202
2125225
2125234
2125262
2125298
2125315
2125440
2125446
2125459
2125476
2125483
2125490
2125518
2125530
2125599
2125623
2125648
2125719
2125761
2125792
2125890
2125964
2125983
2126050
2126051
2126057
2126093
2126103
2126111
2126147
2126157
2126174
2126193
2126288
2126349
2126367
2126376
2126422
2126432
2126437
2126467
2126476
2126516
2126528
2126566
2126615
2126616
2126618
2126626
2126653
2126672
2126681
2126708
2126721
2126725
2126791
2126810
2126851
2126892
2126929
2127042
2127087
2127107
2127168
2127170
2127190
2127202
2127213
2127249
2127290
2127292
2127381
2127386
2127396
2127520
2127537
2127547
2127607
2127611
2127687
2127709
2127721
2127732
2127733
2127871
2127942
2128068
2128084
2128109
2128112
2128133
2128169
2128232
2128250
2128264
2128272
2128281
2128340
2128395
2128458
2128476
2128504
2128545
2128565
2128583
2128638
2128734
2128765
2128813
2128866
2128896
2128923
2128925
2128939
2128987
2129000
2129183
2129200
2129234
2129329
2129359
2129433
2129465
2129508
2129568
2129589
2129627
2129654
2129660
2129678
2129748
2129898
2129997
2130084
2130109
2130111
2130208
2130218
2130236
2130237
2130253
2130281
2130320
2130408
2130452
2130487
2130597
2130631
2130658
2130666
2130669
2130736
2130753
2130770
2130779
2130800
2130902
2130925
2130961
2130995
2131023
2131041
2131044
2131072
2131098
2131143
2131255
2131283
2131407
2131492
2131585
2131600
2131602
2131662
2131680
2131730
2131785
2131820
2131871
2131916
2131950
2131990
2132027
2132030
2132034
2132092
2132127
2132156
2132219
2132253
2132360
2132409
2132519
2132581
2132674
2132854
2132857
2132875
2132884
2132899
2132908
2132953
2132958
2132988
2133001
2133055
2133074
2133150
2133212
2133232
2133250
2133295
2133332
2133424
2133464
2133480
2133500
2133516
2133630
2133716
2133733
2133748
2133754
2133797
2133941
2133974
2133998
2134017
2134036
2134079
2134141
2134155
2134172
2134195
2134204
2134233
2134325
2134366
2134436
2134468
2134653
2134662
2134778
2134783
2134908
2134918
2134925
2134974
2134997
2135105
2135141
2135240
2135290
2135322
2135323
2135331
2135349
2135468
2135538
2135552
2135615
2135620
2135694
2135728
2135734
2135760
2135856
2135867
2135902
2135908
2135915
2135978
2136000
2136081
2136131
2136180
2136187
2136212
2136233
2136247
2136250
2136282
2136285
2136336
2136443
2136453
2136483
2136503
2136525
2136537
2136539
2136569
2136674
2136708
2136764
2136809
2136862
2136907
2137024
2137117
2137128
2137156
2137189
2137202
2137231
2137338
2137360
2137477
2137484
2137542
2137614
2137631
2137788
2137803
2138021
2138032
2138061
2138089
2138125
2138146
2138196
2138223
2138238
2138287
2138288
2138322
2138335
2138410
2138515
2138517
2138526
2138539
2138546
2138550
2138593
2138605
2138633
2138674
2138684
2138757
2138787
2138814
2138884
2138943
2138953
2139005
2139037
2139051
2139077
2139207
2139213
2139227
2139240
2139330
2139354
2139376
2139411
2139485
2139526
2139546
2139657
2139662
2139665
2139695
2139793
2139843
2139853
2139952
2140001
2140020
2140041
2140099
2140125
2140141
2140295
2140297
2140312
2140333
2140345
2140357
2140373
2140375
2140400
2140425
2140487
2140493
2140627
2140638
2140680
2140701
2140706
2140715
2140740
2140762
2140767
2140942
2140956
2140976
2140986
2141039
2141081
2141141
2141156
2141162
2141164
2141242
2141249
2141253
2141266
2141399
2141423
2141431
2141453
2141521
2141524
2141569
2141575
2141584
2141681
2141730
2141815
2141839
2141846
2141875
2141895
2142027
2142098
2142128
2142175
2142322
2142353
2142433
2142444
2142635
2142646
2142696
2142807
2142841
2142891
2142941
2142952
2143006
2143110
2143154
2143174
2143200
2143231
2143238
2143280
2143349
2143408
2143453
2143575
2143664
2143728
2143752
2143762
2143764
2143906
2144113
2144239
2144252
2144304
2144412
2144421
2144435
2144464
2144472
2144557
2144560
2144570
2144620
2144632
2144634
2144655
2144686
2144713
2144763
2144838
2144950
2144953
2144967
2145008
2145025
2145079
2145121
2145124
2145129
2145131
2145134
2145226
2145243
2145245
2145297
2145328
2145411
2145428
2145474
2145507
2145515
2145556
2145597
2145605
2145629
2145683
2145713
2145738
2145791
2145807
2145831
2145842
2145932
2145985
2146066
2146109
2146116
2146134
2146199
2146232
2146353
2146361
2146366
2146367
2146383
2146395
2146437
2146445
2146448
2146489
2146530
2146542
2146586
2146687
2146695
2146705
2146708
2146719
2146726
2146732
2146738
2146754
2146756
2146776
2146805
2146817
2146862
2146900
2146982
2146987
2146991
2147040
2147108
2147113
2147149
2147173
2147316
2147359
2147423
2147428
2147460
2147489
2147558
2147579
2147674
2147718
2147723
2147770
2147789
2147837
2147844
2147855
2147927
2147942
2147999
2148052
2148097
2148132
2148141
2148183
2148249
2148302
2148321
2148345
2148349
2148357
2148382
2148433
2148487
2148523
2148527
2148531
2148568
2148605
2148615
2148618
2148630
2148697
2148700
2148754
2148842
2148876
2148879
2148892
2148984
2148994
2149026
2149043
2149066
2149077
2149089
2149121
2149172
2149193
2149283
2149338
2149366
2149389
2149421
2149440
2149500
2149591
2149613
2149656
2149673
2149711
2149782
2149823
2149865
2149888
2149900
2149905
2149953
2149969
2149992
2149999
2150009
2150053
2150065
2150071
2150093
2150112
2150177
2150203
2150205
2150245
2150271
2150294
2150298
2150301
2150344
2150380
2150396
2150408
2150433
2150448
2150473
2150484
2150572
2150576
2150594
2150609
2150630
2150637
2150773
2150780
2150835
2150842
2150916
2150942
2150962
2150988
2151045
2151064
2151078
2151132
2151139
2151156
2151169
2151236
2151305
2151316
2151331
2151337
2151368
2151402
2151414
2151429
2151608
2151692
2151765
2151789
2151822
2151857
2151887
2151895
2151920
2151948
2151961
2152059
2152069
2152108
2152139
2152140
2152189
2152227
2152229
2152345
2152377
2152437
2152455
2152487
2152495
2152496
2152517
2152527
2152615
2152706
2152855
2152882
2152890
2153039
2153054
2153096
2153131
2153132
2153213
2153216
2153250
2153272
2153302
2153323
2153420
2153435
2153481
2153510
2153552
2153556
2153612
2153622
2153662
2153700
2153706
2153716
2153762
2153815
2153839
2153893
2153903
2153910
2153928
2153999
2154040
2154052
2154092
2154129
2154137
2154152
2154212
2154282
2154302
2154308
2154522
2154580
2154617
2154712
2154798
2154868
2154872
2154913
2155014
2155018
2155027
2155059
2155105
2155158
2155225
2155247
2155285
2155322
2155472
2155533
2155540
2155793
2155814
2155866
2155930
2155988
2156046
2156071
2156082
2156161
2156165
2156197
2156206
2156217
2156221
2156262
2156347
2156378
2156448
2156533
2156557
2156561
2156637
2156654
2156664
2156734
2156739
2156757
2156809
2156839
2156847
2156978
2157001
2157114
2157117
2157150
2157167
2157199
2157205
2157224
2157246
2157325
2157341
2157345
2157377
2157430
2157436
2157452
2157459
2157476
2157488
2157622
2157703
2157808
2157840
2157871
2157873
2157906
2157907
2158018
2158065
2158088
2158168
2158223
2158258
2158266
2158312
2158314
2158323
2158330
2158361
2158419
2158434
2158452
2158467
2158472
2158523
2158637
2158679
2158726
2158734
2158742
2158823
2158834
2158841
2158869
2158873
2158939
2158942
2158995
2159048
2159057
2159167
2159179
2159216
2159265
2159269
2159329
2159355
2159375
2159389
2159407
2159432
2159437
2159444
2159500
2159611
2159621
2159636
2159663
2159684
2159691
2159696
2159724
2159730
2159738
2159761
2159824
2159840
2159870
2159874
2160037
2160080
2160130
2160134
2160209
2160260
2160270
2160277
2160367
2160382
2160386
2160394
2160424
2160447
2160458
2160475
2160499
2160503
2160623
2160640
2160649
2160712
2160718
2160767
2160773
2160838
2160895
2160898
2160955
2161016
2161035
2161075
2161099
2161109
2161177
2161273
2161296
2161314
2161316
2161325
2161353
2161404
2161412
2161465
2161484
2161520
2161530
2161547
2161580
2161629
2161712
2161762
2161779
2161805
2161980
2162015
2162061
2162063
2162073
2162122
2162162
2162181
2162205
2162279
2162285
2162300
2162336
2162354
2162382
2162423
2162520
2162539
2162628
2162659
2162760
2162767
2162792
2162803
2162805
2162853
2163028
2163031
2163094
2163102
2163128
2163132
2163149
2163151
2163154
2163178
2163194
2163214
2163386
2163388
2163389
2163494
2163511
2163560
2163800
2163885
2163907
2164028
2164082
2164099
2164112
2164126
2164193
2164247
2164258
2164269
2164297
2164414
2164419
2164438
2164444
2164471
2164478
2164573
2164595
2164669
2164678
2164736
2164753
2164763
2164828
2164839
2164847
2164856
2164902
2164953
2165042
2165072
2165075
2165091
2165107
2165127
2165149
2165155
2165229
2165277
2165301
2165313
2165333
2165335
2165367
2165397
2165430
2165465
2165523
2165564
2165570
2165584
2165590
2165604
2165618
2165685
2165712
2165720
2165786
2165791
2165864
2165866
2165897
2165908
2165921
2165943
2165989
2166009
2166055
2166115
2166189
2166223
2166229
2166261
2166387
2166396
2166402
2166426
2166553
2166603
2166632
2166691
2166721
2166733
2166737
2166765
2166781
2166790
2166862
2166902
2166916
2166920
2166929
2166967
2166971
2166997
2167046
2167059
2167072
2167084
2167098
2167180
2167225
2167247
2167295
2167302
2167344
2167410
2167442
2167446
2167454
2167529
2167558
2167625
2167671
2167684
2167740
2167750
2167785
2167827
2167843
2167889
2167892
2167982
2168044
2168116
2168139
2168163
2168167
2168280
2168294
2168444
2168497
2168542
2168552
2168553
2168624
2168693
2168706
2168816
2168829
2168862
2168914
2168932
2168979
2168994
2169042
2169065
2169069
2169181
2169306
2169326
2169356
2169399
2169489
2169523
2169526
2169570
2169652
2169741
2169754
2169881
2169886
2169995
2170035
2170130
2170162
2170310
2170409
2170433
2170485
2170534
2170594
2170606
2170663
2170670
2170757
2170760
2170793
2170875
2170903
2171010
2171034
2171087
2171100
2171127
2171181
2171190
2171199
2171241
2171280
2171288
2171365
2171371
2171396
2171417
2171470
2171608
2171619
2171650
2171660
2171664
2171695
2171703
2171771
2171794
2171906
2171921
2171955
2172003
2172045
2172221
2172267
2172470
2172519
2172531
2172598
2172608
2172737
2172789
2172848
2172886
2172952
2173004
2173012
2173020
2173032
2173042
2173049
2173088
2173184
2173199
2173216
2173306
2173325
2173335
2173345
2173353
2173407
2173428
2173434
2173505
2173519
2173559
2173646
2173660
2173678
2173735
2173752
2173817
2173822
2173826
2173830
2173837
2173874
2173883
2173886
2173970
2173990
2173995
2173999
2174010
2174035
2174076
2174105
2174123
2174181
2174215
2174219
2174298
2174322
2174341
2174424
2174440
2174460
2174488
2174516
2174550
2174564
2174574
2174625
2174627
2174665
2174692
2174721
2174753
2174775
2174864
2174899
2174961
2174973
2175012
2175031
2175034
2175059
2175100
2175103
2175105
2175121
2175205
2175225
2175246
2175305
2175339
2175344
2175406
2175495
2175578
2175585
2175591
2175725
2175768
2175779
2175802
2175808
2175809
2175887
2175904
2175917
2175936
2175993
2176010
2176020
2176058
2176069
2176079
2176096
2176104
2176133
2176262
2176277
2176358
2176413
2176426
2176479
2176488
2176493
2176517
2176521
2176573
2176624
2176677
2176679
2176695
2176709
2176723
2176740
2176801
2176833
2176847
2176852
2176856
2176868
2176871
2176930
2176934
2176976
2177077
2177091
2177096
2177104
2177167
2177177
2177234
2177248
2177257
2177265
2177333
2177347
2177365
2177398
2177496
2177522
2177547
2177570
2177640
2177652
2177656
2177725
2177734
2177762
2177787
2177804
2177829
2177835
2177837
2177901
2177964
2178057
2178061
2178075
2178088
2178157
2178170
2178179
2178193
2178241
2178329
2178332
2178351
2178372
2178378
2178412
2178416
2178524
2178554
2178567
2178570
2178590
2178621
2178656
2178767
2178776
2178838
2178845
2178888
2178982
2179022
2179043
2179070
2179157
2179218
2179232
2179252
2179265
2179269
2179298
2179302
2179350
2179383
2179467
2179471
2179480
2179521
2179561
2179567
2179595
2179641
2179668
2179688
2179693
2179700
2179793
2179806
2179811
2179813
2179852
2179945
2179946
2180092
2180171
2180174
2180177
2180255
2180328
2180471
2180485
2180496
2180502
2180526
2180532
2180595
2180616
2180624
2180655
2180663
2180683
2180687
2180701
2180708
2180729
2180746
2180750
2180759
2180770
2180775
2180783
2180836
2180854
2180886
2180891
2180904
2180906
2180964
2180973
2180994
2180999
2181095
2181157
2181159
2181205
2181238
2181242
2181330
2181441
2181452
2181463
2181509
2181524
2181553
2181642
2181658
2181662
2181696
2181702
2181754
2181806
2181849
2181963
2181965
2182017
2182049
2182076
2182080
2182106
2182132
2182138
2182143
2182154
2182180
2182202
2182517
2182527
2182548
2182556
2182581
2182594
2182692
2182719
2182759
2182781
2182814
2182906
2182989
2183020
2183061
2183097
2183122
2183130
2183141
2183150
2183172
2183236
2183256
2183315
2183354
2183451
2183584
2183616
2183640
2183653
2183669
2183792
2183822
2183897
2183936
2183954
2183976
2183990
2184007
2184032
2184061
2184073
2184112
2184134
2184253
2184272
2184358
2184394
2184397
2184452
2184458
2184559
2184652
2184669
2184717
2184770
2184772
2184817
2184824
2184834
2184924
2184965
2184981
2185024
2185063
2185077
2185082
2185109
2185120
2185125
2185133
2185146
2185152
2185297
2185320
2185343
2185362
2185369
2185453
2185470
2185632
2185655
2185687
2185707
2185726
2185832
2185850
2185899
2185940
2186024
2186042
2186064
2186084
2186097
2186136
2186190
2186204
2186257
2186271
2186308
2186325
2186421
2186458
2186471
2186480
2186569
2186586
2186607
2186630
2186667
2186704
2186753
2186764
2186779
2186783
2186838
2186844
2186887
2186912
2186913
2186944
2186949
2187000
2187060
2187092
2187131
2187173
2187175
2187184
2187229
2187262
2187318
2187339
2187425
2187463
2187519
2187522
2187524
2187543
2187573
2187727
2187756
2187767
2187770
2187785
2187866
2187868
2187986
2188022
2188043
2188047
2188062
2188077
2188088
2188113
2188140
2188180
2188395
2188494
2188563
2188583
2188744
2188746
2188788
2188978
2189001
2189027
2189030
2189042
2189049
2189109
2189144
2189239
2189260
2189268
2189304
2189307
2189376
2189391
2189457
2189470
2189533
2189561
2189565
2189622
2189699
2189700
2189737
2189742
2189749
2189778
2189797
2189818
2189854
2189863
2189926
2189935
2189964
2190111
2190116
2190151
2190160
2190255
2190269
2190281
2190289
2190294
2190347
2190353
2190374
2190396
2190415
2190460
2190478
2190501
2190529
2190551
2190568
2190578
2190670
2190679
2190724
2190734
2190773
2190789
2190793
2190828
2190834
2190886
2190918
2190974
2191001
2191071
2191120
2191127
2191194
2191219
2191235
2191283
2191300
2191319
2191335
2191348
2191369
2191453
2191476
2191493
2191603
2191614
2191681
2191695
2191723
2191749
2191808
2191878
2191916
2191923
2191931
2191969
2191985
2192032
2192040
2192126
2192134
2192165
2192166
2192269
2192279
2192301
2192325
2192376
2192394
2192411
2192440
2192444
2192468
2192509
2192535
2192541
2192629
2192731
2192757
2192776
2192879
2192898
2192968
2192986
2192992
2193020
2193042
2193043
2193153
2193154
2193166
2193171
2193178
2193210
2193231
2193303
2193310
2193323
2193326
2193332
2193337
2193347
2193365
2193419
2193460
2193512
2193588
2193614
2193628
2193664
2193690
2193753
2193765
2193774
2193780
2193797
2193863
2193884
2193892
2193912
2193930
2193936
2193953
2193983
2194008
2194028
2194036
2194045
2194074
2194103
2194105
2194132
2194133
2194135
2194144
2194181
2194280
2194282
2194313
2194326
2194338
2194379
2194445
2194463
2194486
2194507
2194514
2194527
2194543
2194775
2194780
2194785
2194795
2194812
2194901
2194913
2194918
2194943
2194952
2194962
2194978
2194998
2195061
2195066
2195085
2195091
2195109
2195118
2195152
2195153
2195193
2195240
2195278
2195289
2195291
2195302
2195313
2195321
2195441
2195492
2195514
2195543
2195598
2195626
2195631
2195723
2195731
2195853
2195886
2195888
2195894
2195938
2195951
2195968
2195981
2195983
2196001
2196009
2196022
2196040
2196141
2196151
2196179
2196214
2196264
2196380
2196397
2196411
2196498
2196513
2196563
2196652
2196677
2196758
2196819
2196859
2196868
2196889
2196903
2196991
2197093
2197161
2197179
2197218
2197250
2197306
2197322
2197339
2197355
2197358
2197400
2197416
2197478
2197516
2197528
2197536
2197541
2197552
2197692
2197715
2197721
2197759
2197780
2197790
2197884
2197891
2197905
2197913
2197933
2197989
2198114
2198118
2198127
2198183
2198205
2198214
2198298
2198310
2198332
2198343
2198355
2198379
2198459
2198483
2198533
2198549
2198572
2198584
2198617
2198635
2198646
2198688
2198694
2198732
2198821
2198927
2198940
2198952
2198960
2199004
2199032
2199066
2199094
2199136
2199144
2199360
2199378
2199447
2199516
2199581
2199595
2199615
2199713
2199748
2199767
2199773
2199795
2199835
2199870
2199899
2199960
2200017
2200029
2200052
2200082
2200092
2200098
2200123
2200229
2200253
2200258
2200325
2200329
2200331
2200343
2200352
2200382
2200405
2200427
2200437
2200562
2200614
2200688
2200803
2200813
2200860
2200863
2200890
2200914
2200938
2200969
2200982
2201067
2201089
2201107
2201114
2201186
2201202
2201267
2201357
2201427
2201443
2201490
2201541
2201573
2201575
2201581
2201587
2201592
2201607
2201608
2201632
2201635
2201654
2201787
2201881
2201883
2202023
2202199
2202214
2202234
2202305
2202344
2202377
2202385
2202433
2202454
2202506
2202560
2202594
2202690
2202768
2202811
2202827
2202968
2202995
2203012
2203093
2203097
2203108
2203169
2203184
2203221
2203233
2203241
2203366
2203378
2203397
2203429
2203473
2203520
2203527
2203612
2203732
2203757
2203808
2203811
2203825
2203832
2203903
2203963
2203995
2204061
2204084
2204094
2204124
2204173
2204233
2204262
2204291
2204340
2204359
2204411
2204425
2204477
2204478
2204479
2204509
2204665
2204682
2204804
2204819
2204878
2204942
2204959
2205016
2205045
2205104
2205149
2205165
2205217
2205290
2205309
2205325
2205363
2205365
2205398
2205490
2205516
2205554
2205565
2205638
2205708
2205740
2205795
2205853
2205866
2205874
2205893
2205909
2205938
2205948
2206013
2206018
2206021
2206062
2206178
2206223
2206226
2206265
2206472
2206513
2206526
2206593
2206691
2206698
2206745
2206772
2206870
2206961
2207017
2207035
2207039
2207118
2207191
2207223
2207227
2207281
2207331
2207385
2207389
2207465
2207561
2207595
2207601
2207603
2207616
2207693
2207698
2207756
2207788
2207790
2207831
2207841
2207857
2207905
2207922
2207939
2207969
2207991
2208045
2208121
2208160
2208201
2208223
2208230
2208253
2208265
2208288
2208291
2208332
2208378
2208389
2208435
2208462
2208485
2208531
2208574
2208577
2208592
2208600
2208666
2208742
2208788
2208817
2208819
2208850
2208887
2208917
2208920
2208939
2208994
2209004
2209076
2209088
2209093
2209102
2209113
2209117
2209145
2209213
2209355
2209363
2209380
2209398
2209419
2209443
2209452
2209474
2209507
2209510
2209515
2209517
2209521
2209549
2209562
2209571
2209598
2209603
2209625
2209634
2209742
2209781
2209784
2209915
2209968
2209970
2210024
2210058
2210090
2210098
2210151
2210173
2210180
2210212
2210239
2210272
2210279
2210317
2210331
2210441
2210466
2210482
2210519
2210568
2210603
2210605
2210701
2210762
2210786
2210788
2210795
2210843
2210949
2210962
2211040
2211086
2211121
2211168
2211202
2211269
2211292
2211343
2211379
2211494
2211513
2211525
2211611
2211636
2211638
2211720
2211748
2211753
2211761
2211780
2211783
2211784
2211800
2211818
2211888
2211891
2211963
2211990
2212027
2212050
2212075
2212295
2212305
2212328
2212352
2212387
2212468
2212482
2212559
2212577
2212586
2212693
2212716
2212813
2212872
2212963
2212985
2212986
2213082
2213091
2213139
2213180
2213200
2213276
2213321
2213328
2213347
2213373
2213433
2213507
2213521
2213539
2213549
2213574
2213696
2213720
2213767
2213790
2213799
2213824
2213856
2213864
2213889
2213900
2213962
2214050
2214092
2214172
2214217
2214353
2214360
2214464
2214468
2214490
2214584
2214638
2214665
2214699
2214725
2214730
2214733
2214740
2214760
2214803
2214857
2214860
2214879
2214926
2214946
2214962
2214972
2215007
2215061
2215067
2215098
2215103
2215131
2215132
2215160
2215202
2215228
2215249
2215255
2215381
2215446
2215566
2215582
2215615
2215759
2215823
2215836
2215844
2215848
2215875
2215894
2215950
2215984
2215987
2216046
2216100
2216116
2216126
2216129
2216140
2216143
2216176
2216216
2216272
2216280
2216296
2216443
2216447
2216467
2216507
2216545
2216668
2216711
2216716
2216752
2216762
2216812
2216866
2216898
2216908
2217009
2217022
2217024
2217052
2217106
2217145
2217151
2217168
2217188
2217221
2217305
2217306
2217411
2217417
2217463
2217558
2217569
2217657
2217662
2217699
2217716
2217761
2217835
2217889
2217900
2217977
2218152
2218177
2218189
2218226
2218241
2218263
2218402
2218456
2218472
2218501
2218518
2218525
2218560
2218571
2218593
2218671
2218725
2218798
2218829
2218879
2218942
2218988
2218998
2219011
2219013
2219060
2219090
2219098
2219107
2219286
2219299
2219336
2219350
2219369
2219387
2219439
2219455
2219535
2219569
2219653
2219662
2219740
2219890
2219938
2219947
2219993
2219994
2220029
2220052
2220072
2220111
2220118
2220124
2220172
2220207
2220210
2220326
2220336
2220394
2220420
2220492
2220498
2220510
2220529
2220546
2220583
2220595
2220669
2220672
2220702
2220716
2220785
2220824
2220859
2220866
2220895
2220933
2220954
2220986
2221010
2221013
2221016
2221032
2221039
2221111
2221151
2221193
2221219
2221235
2221266
2221303
2221381
2221391
2221395
2221465
2221468
2221525
2221562
2221571
2221740
2221761
2221815
2221840
2221850
2221865
2221875
2222053
2222056
2222088
2222149
2222181
2222188
2222204
2222309
2222325
2222400
2222424
2222443
2222487
2222491
2222500
2222614
2222636
2222647
2222756
2222764
2222796
2222848
2222863
2222875
2222884
2222970
2222975
2223017
2223028
2223103
2223121
2223128
2223141
2223238
2223260
2223288
2223294
2223313
2223327
2223360
2223380
2223461
2223473
2223479
2223485
2223496
2223568
2223646
2223759
2223787
2223797
2223962
2224000
2224073
2224079
2224080
2224117
2224141
2224150
2224205
2224214
2224217
2224225
2224244
2224286
2224439
2224518
2224615
2224682
2224705
2224741
2224753
2224782
2224783
2224828
2224842
2224861
2224876
2224941
2224976
2224999
2225016
2225031
2225105
2225108
2225182
2225248
2225264
2225271
2225284
2225434
2225472
2225617
2225701
2225748
2225751
2225763
2225797
2225808
2225822
2225872
2225873
2225885
2225932
2225979
2226150
2226161
2226175
2226203
2226251
2226264
2226332
2226351
2226454
2226457
2226469
2226478
2226489
2226602
2226611
2226612
2226697
2226713
2226778
2226841
2226900
2226926
2227052
2227081
2227110
2227125
2227174
2227247
2227250
2227272
2227285
2227363
2227493
2227560
2227598
2227634
2227647
2227695
2227715
2227766
2227942
2227950
2227955
2227958
2227987
2228015
2228027
2228043
2228112
2228118
2228166
2228181
2228230
2228325
2228355
2228397
2228413
2228429
2228498
2228540
2228624
2228652
2228755
2228778
2228901
2228913
2228916
2228934
2228987
2229042
2229123
2229127
2229153
2229164
2229233
2229308
2229342
2229410
2229427
2229437
2229493
2229510
2229517
2229543
2229612
2229686
2229736
2229784
2229797
2229799
2229822
2229850
2229866
2229873
2229926
2229969
2230015
2230053
2230088
2230092
2230184
2230267
2230294
2230318
2230321
2230343
2230352
2230394
2230398
2230437
2230472
2230531
2230550
2230603
2230619
2230834
2230964
2230978
2231157
2231197
2231259
2231272
2231276
2231313
2231357
2231380
2231385
2231441
2231460
2231465
2231498
2231549
2231653
2231661
2231666
2231671
2231687
2231693
2231727
2231733
2231753
2231767
2231782
2231815
2231818
2231833
2231840
2231873
2231887
2231917
2231958
2231975
2231988
2232030
2232104
2232119
2232219
2232228
2232277
2232281
2232359
2232435
2232486
2232506
2232518
2232567
2232609
2232683
2232711
2232819
2232827
2232882
2232900
2232919
2232924
2232928
2232973
2232991
2233060
2233063
2233074
2233096
2233113
2233148
2233162
2233212
2233282
2233285
2233297
2233412
2233468
2233528
2233540
2233551
2233587
2233641
2233713
2233752
2233758
2233771
2233952
2233993
2234127
2234131
2234169
2234196
2234204
2234223
2234323
2234420
2234488
2234496
2234561
2234571
2234608
2234622
2234675
2234708
2234859
2234869
2234899
2234905
2234909
2234932
2234942
2235024
2235028
2235048
2235094
2235127
2235156
2235231
2235234
2235250
2235356
2235433
2235442
2235487
2235514
2235551
2235578
2235596
2235598
2235631
2235647
2235656
2235658
2235663
2235680
2235684
2235698
2235699
2235712
2235735
2235739
2235741
2235770
2235907
2235911
2235921
2235942
2235955
2235962
2236000
2236043
2236137
2236166
2236211
2236226
2236233
2236251
2236308
2236359
2236376
2236407
2236425
2236433
2236501
2236531
2236575
2236584
2236640
2236643
2236686
2236699
2236706
2236717
2236750
2236780
2236832
2236997
2237040
2237087
2237282
2237289
2237442
2237450
2237503
2237508
2237529
2237601
2237682
2237684
2237707
2237788
2237815
2237858
2237866
2237901
2237905
2237919
2237927
2237961
2237985
2238033
2238086
2238108
2238133
2238311
2238368
2238455
2238499
2238519
2238527
2238660
2238674
2238693
2238722
2238781
2238883
2238936
2239079
2239087
2239226
2239249
2239269
2239332
2239366
2239371
2239449
2239464
2239470
2239496
2239540
2239554
2239559
2239689
2239692
2239732
2239738
2239776
2239815
2239952
2240022
2240037
2240062
2240083
2240191
2240213
2240298
2240370
2240412
2240455
2240526
2240642
2240672
2240676
2240727
2240742
2240772
2240798
2240877
2240961
2240977
2240997
2241024
2241034
2241092
2241102
2241108
2241154
2241156
2241186
2241212
2241232
2241247
2241325
2241400
2241407
2241417
2241433
2241462
2241473
2241484
2241563
2241587
2241614
2241642
2241706
2241748
2241756
2241949
2242057
2242071
2242080
2242090
2242097
2242100
2242118
2242140
2242165
2242181
2242207
2242271
2242274
2242455
2242459
2242462
2242535
2242571
2242662
2242672
2242673
2242740
2242767
2242848
2242857
2242887
2242891
2242914
2242922
2242939
2242944
2242951
2242959
2243133
2243143
2243163
2243198
2243335
2243361
2243365
2243372
2243383
2243422
2243449
2243486
2243518
2243541
2243577
2243625
2243683
2243686
2243706
2243718
2243733
2243777
2243870
2243944
2243946
2243986
2244023
2244043
2244058
2244088
2244172
2244176
2244227
2244236
2244277
2244285
2244298
2244317
2244335
2244336
2244344
2244389
2244442
2244460
2244467
2244516
2244522
2244561
2244589
2244611
2244632
2244680
2244689
2244701
2244702
2244714
2244734
2244758
2244764
2244827
2244884
2244901
2244937
2245040
2245073
2245152
2245174
2245208
2245235
2245246
2245271
2245292
2245318
2245336
2245337
2245338
2245374
2245439
2245493
2245524
2245543
2245549
2245572
2245622
2245655
2245660
2245683
2245723
2245749
2245765
2245768
2245795
2245839
2245954
2245969
2245977
2246096
2246236
2246256
2246258
2246321
2246350
2246382
2246570
2246575
2246591
2246614
2246749
2246751
2246754
2246885
2246891
2246919
2246934
2246953
2246984
2247036
2247067
2247080
2247125
2247149
2247175
2247193
2247218
2247286
2247317
2247336
2247343
2247348
2247351
2247424
2247441
2247451
2247502
2247551
2247615
2247625
2247690
2247716
2247729
2247748
2247785
2248037
2248039
2248051
2248119
2248165
2248175
2248183
2248226
2248241
2248250
2248261
2248308
2248337
2248365
2248386
2248423
2248429
2248525
2248527
2248646
2248725
2248769
2248777
2248844
2248861
2248874
2248876
2248969
2248987
2249043
2249094
2249099
2249150
2249181
2249238
2249254
2249309
2249323
2249328
2249395
2249485
2249489
2249492
2249545
2249547
2249553
2249577
2249621
2249706
2249754
2249768
2249800
2249814
2249833
2249840
2249847
2249863
2249873
2249895
2249944
2249951
2250006
2250029
2250067
2250088
2250106
2250112
2250123
2250222
2250226
2250269
2250310
2250316
2250410
2250414
2250430
2250434
2250444
2250465
2250577
2250667
2250686
2250707
2250719
2250821
2250832
2250840
2250841
2250945
2250987
2251038
2251046
2251048
2251050
2251093
2251118
2251134
2251192
2251207
2251300
2251302
2251346
2251430
2251489
2251519
2251536
2251564
2251589
2251644
2251701
2251734
2251747
2251782
2251805
2251834
2251840
2251859
2251879
2251905
2251940
2251953
2252005
2252034
2252199
2252209
2252216
2252233
2252248
2252281
2252366
2252397
2252401
2252427
2252488
2252537
2252553
2252605
2252643
2252661
2252890
2252931
2253003
2253011
2253013
2253052
2253110
2253142
2253145
2253294
2253321
2253394
2253399
2253444
2253466
2253476
2253543
2253563
2253640
2253700
2253760
2253833
2253841
2253868
2253984
2254003
2254023
2254142
2254256
2254263
2254277
2254354
2254374
2254417
2254430
2254454
2254493
2254508
2254538
2254573
2254701
2254731
2254788
2254855
2254895
2254996
2255057
2255112
2255119
2255232
2255241
2255252
2255269
2255388
2255428
2255473
2255550
2255618
2255658
2255662
2255773
2255800
2255836
2255857
2255873
2255894
2255899
2255901
2255924
2255935
2255937
2255945
2255993
2256005
2256009
2256010
2256011
2256062
2256094
2256111
2256137
2256167
2256184
2256200
2256258
2256271
2256449
2256454
2256519
2256540
2256553
2256608
2256627
2256668
2256704
2256726
2256769
2256783
2256801
2256807
2256856
2256906
2256913
2256977
2257071
2257153
2257178
2257251
2257261
2257304
2257376
2257380
2257420
2257432
2257467
2257510
2257535
2257563
2257567
2257574
2257671
2257681
2257686
2257748
2257770
2257776
2257843
2257869
2257994
2257999
2258012
2258065
2258078
2258163
2258200
2258229
2258243
2258251
2258252
2258273
2258281
2258328
2258353
2258413
2258460
2258476
2258571
2258575
2258624
2258641
2258688
2258703
2258750
2258777
2258787
2258827
2258851
2258894
2259008
2259018
2259027
2259053
2259083
2259087
2259100
2259111
2259125
2259137
2259150
2259161
2259172
2259234
2259333
2259338
2259348
2259350
2259390
2259444
2259453
2259518
2259521
2259613
2259637
2259663
2259756
2259760
2259782
2259828
2259844
2259930
2260004
2260020
2260032
2260053
2260103
2260150
2260158
2260198
2260295
2260303
2260323
2260356
2260397
2260420
2260434
2260462
2260478
2260510
2260552
2260566
2260604
2260676
2260686
2260758
2260818
2260822
2260979
2260998
2261015
2261044
2261092
2261157
2261272
2261290
2261308
2261358
2261396
2261437
2261445
2261466
2261490
2261513
2261600
2261641
2261645
2261685
2261702
2261710
2261728
2261743
2261746
2261780
2261784
2261830
2261848
2261917
2261947
2261981
2262014
2262028
2262039
2262130
2262139
2262168
2262201
2262210
2262320
2262373
2262375
2262396
2262399
2262409
2262420
2262431
2262458
2262467
2262483
2262498
2262504
2262520
2262532
2262569
2262653
2262702
2262834
2262863
2262906
2262916
2262920
2262934
2263068
2263152
2263163
2263175
2263360
2263394
2263409
2263421
2263456
2263524
2263543
2263556
2263600
2263617
2263657
2263683
2263756
2263833
2263865
2263995
2264047
2264067
2264121
2264135
2264150
2264173
2264192
2264295
2264324
2264340
2264349
2264429
2264551
2264561
2264599
2264616
2264656
2264681
2264707
2264716
2264717
2264729
2264748
2264802
2264812
2264824
2264827
2264835
2264837
2264841
2264892
2264934
2264938
2264955
2265026
2265146
2265182
2265273
2265301
2265365
2265395
2265423
2265439
2265486
2265502
2265535
2265591
2265712
2265717
2265759
2265785
2265850
2265860
2265941
2265962
2265967
2265974
2266062
2266155
2266277
2266283
2266300
2266316
2266333
2266360
2266366
2266370
2266379
2266462
2266567
2266576
2266594
2266608
2266632
2266635
2266644
2266654
2266694
2266700
2266731
2266748
2266765
2266794
2266796
2266851
2266934
2266983
2267118
2267143
2267160
2267199
2267354
2267364
2267390
2267434
2267521
2267548
2267560
2267618
2267682
2267768
2267801
2267805
2267833
2267967
2267996
2268001
2268030
2268055
2268173
2268179
2268371
2268394
2268412
2268419
2268423
2268724
2268764
2268811
2268848
2268901
2268903
2268924
2268965
2269024
2269091
2269238
2269257
2269318
2269320
2269335
2269365
2269372
2269410
2269419
2269421
2269476
2269499
2269513
2269574
2269596
2269613
2269692
2269697
2269742
2269781
2269810
2269817
2269818
2269866
2269889
2269891
2269924
2269936
2269947
2269970
2270171
2270227
2270366
2270449
2270472
2270539
2270588
2270718
2270740
2270744
2270752
2270769
2270772
2270786
2270853
2270890
2270901
2270921
2270939
2270997
2271010
2271058
2271089
2271092
2271178
2271190
2271201
2271210
2271220
2271263
2271284
2271300
2271307
2271314
2271343
2271365
2271394
2271413
2271426
2271474
2271479
2271556
2271592
2271621
2271661
2271699
2271727
2271751
2271756
2271766
2271910
2272021
2272036
2272073
2272135
2272184
2272198
2272217
2272264
2272290
2272308
2272313
2272323
2272349
2272360
2272403
2272596
2272601
2272633
2272655
2272665
2272755
2272757
2272869
2272960
2273045
2273052
2273071
2273090
2273094
2273149
2273155
2273168
2273173
2273184
2273205
2273238
2273269
2273285
2273306
2273424
2273436
2273457
2273469
2273537
2273562
2273570
2273589
2273662
2273672
2273693
2273706
2273735
2273765
2273778
2273873
2273892
2273941
2274070
2274074
2274082
2274095
2274122
2274126
2274235
2274279
2274298
2274336
2274369
2274375
2274380
2274448
2274474
2274502
2274528
2274594
2274605
2274620
2274645
2274663
2274740
2274752
2274842
2275088
2275131
2275139
2275151
2275213
2275230
2275244
2275281
2275308
2275354
2275383
2275386
2275410
2275414
2275590
2275638
2275665
2275732
2275749
2275852
2275864
2275950
2275994
2275996
2276030
2276071
2276094
2276099
2276153
2276209
2276262
2276290
2276402
2276425
2276468
2276525
2276548
2276549
2276585
2276599
2276647
2276676
2276769
2276772
2276817
2276841
2276864
2276931
2276979
2277021
2277031
2277140
2277149
2277171
2277179
2277205
2277238
2277256
2277258
2277299
2277300
2277306
2277436
2277499
2277586
2277612
2277676
2277692
2277727
2277735
2277748
2277776
2277868
2277958
2277966
2277987
2278028
2278122
2278148
2278162
2278179
2278269
2278272
2278301
2278324
2278339
2278392
2278460
2278507
2278581
2278585
2278615
2278645
2278730
2278835
2278844
2278871
2278895
2278907
2278954
2279001
2279054
2279067
2279082
2279087
2279117
2279221
2279225
2279226
2279266
2279268
2279391
2279396
2279414
2279592
2279596
2279611
2279617
2279657
2279676
2279712
2279726
2279751
2279803
2279895
2279926
2279935
2279954
2279964
2280101
2280124
2280135
2280170
2280172
2280179
2280243
2280345
2280351
2280386
2280482
2280533
2280554
2280612
2280638
2280704
2280839
2280904
2280999
2281095
2281187
2281191
2281220
2281294
2281316
2281327
2281376
2281404
2281410
2281456
2281464
2281506
2281515
2281523
2281547
2281556
2281634
2281735
2281741
2281776
2281794
2281820
2281834
2281937
2281976
2282017
2282032
2282044
2282052
2282093
2282129
2282172
2282176
2282216
2282220
2282259
2282303
2282308
2282382
2282482
2282505
2282540
2282599
2282652
2282663
2282675
2282680
2282686
2282721
2282784
2282814
2282859
2282888
2282897
2282903
2282940
2282992
2283000
2283057
2283224
2283250
2283260
2283288
2283294
2283370
2283383
2283401
2283413
2283592
2283675
2283718
2283757
2283840
2283851
2283870
2283899
2283903
2283944
2283951
2283989
2284006
2284036
2284049
2284076
2284088
2284109
2284121
2284144
2284147
2284150
2284160
2284196
2284239
2284261
2284265
2284301
2284394
2284407
2284410
2284435
2284481
2284497
2284569
2284633
2284646
2284671
2284718
2284724
2284748
2284777
2284778
2284780
2284792
2284805
2284842
2284899
2284917
2285021
2285044
2285141
2285165
2285170
2285220
2285232
2285243
2285269
2285319
2285361
2285500
2285525
2285528
2285584
2285646
2285712
2285713
2285740
2285795
2285813
2285884
2285909
2285913
2285993
2286023
2286028
2286101
2286136
2286151
2286175
2286291
2286339
2286349
2286389
2286402
2286418
2286561
2286592
2286692
2286714
2286800
2286845
2286860
2286894
2287077
2287124
2287187
2287304
2287307
2287337
2287356
2287380
2287407
2287422
2287423
2287425
2287450
2287541
2287564
2287590
2287626
2287660
2287667
2287671
2287707
2287764
2287833
2287879
2287927
2287990
2288026
2288169
2288185
2288209
2288233
2288314
2288369
2288399
2288410
2288494
2288593
2288614
2288637
2288687
2288696
2288761
2288821
2288864
2288883
2288940
2288978
2288981
2289010
2289057
2289095
2289135
2289145
2289204
2289268
2289277
2289301
2289323
2289374
2289401
2289409
2289429
2289437
2289453
2289461
2289481
2289511
2289517
2289564
2289599
2289653
2289659
2289724
2289771
2289846
2289917
2289973
2290021
2290048
2290084
2290165
2290275
2290303
2290320
2290329
2290433
2290455
2290469
2290481
2290485
2290511
2290520
2290542
2290551
2290557
2290614
2290656
2290862
2290868
2290903
2290928
2290953
2290972
2291008
2291099
2291127
2291257
2291319
2291388
2291408
2291501
2291509
2291565
2291571
2291634
2291640
2291653
2291664
2291706
2291720
2291762
2291840
2291849
2291877
2291945
2291980
2291986
2292064
2292069
2292091
2292175
2292178
2292189
2292193
2292208
2292249
2292464
2292485
2292495
2292539
2292559
2292562
2292580
2292586
2292627
2292705
2292822
2292850
2292951
2292987
2292991
2293000
2293108
2293164
2293210
2293222
2293239
2293259
2293261
2293271
2293400
2293442
2293512
2293529
2293628
2293639
2293649
2293668
2293741
2293746
2293752
2293767
2293774
2293780
2293807
2293824
2293836
2293911
2293945
2293951
2293983
2293999
2294084
2294088
2294168
2294182
2294256
2294285
2294312
2294407
2294409
2294495
2294534
2294547
2294627
2294687
2294746
2294749
2294869
2294886
2294993
2295066
2295079
2295183
2295186
2295196
2295231
2295310
2295337
2295356
2295379
2295388
2295421
2295463
2295574
2295600
2295655
2295683
2295839
2295852
2295941
2295983
2296121
2296263
2296288
2296315
2296345
2296364
2296386
2296411
2296436
2296492
2296527
2296567
2296582
2296669
2296675
2296697
2296711
2296733
2296811
2296818
2296927
2296961
2296996
2297000
2297030
2297046
2297078
2297147
2297182
2297205
2297232
2297265
2297282
2297293
2297299
2297305
2297314
2297344
2297363
2297405
2297415
2297502
2297521
2297545
2297566
2297737
2297822
2297850
2297862
2297928
2297960
2298013
2298024
2298047
2298071
2298090
2298092
2298130
2298244
2298274
2298335
2298340
2298343
2298347
2298363
2298374
2298461
2298528
2298543
2298640
2298647
2298754
2298787
2298796
2298814
2298829
2298857
2298953
2298959
2299086
2299101
2299155
2299301
2299337
2299338
2299365
2299402
2299419
2299451
2299582
2299594
2299601
2299708
2299717
2299795
2299830
2299893
2299907
2299972
2300048
2300057
2300063
2300092
2300127
2300154
2300221
2300248
2300273
2300349
2300400
2300407
2300418
2300441
2300469
2300473
2300492
2300497
2300509
2300529
2300556
2300557
2300565
2300580
2300600
2300626
2300650
2300692
2300773
2300775
2300796
2300815
2300872
2300882
2300914
2300984
2301000
2301012
2301018
2301103
2301172
2301173
2301215
2301226
2301280
2301284
2301312
2301346
2301368
2301385
2301418
2301429
2301436
2301458
2301519
2301535
2301565
2301579
2301617
2301688
2301729
2301750
2301866
2301880
2301895
2301923
2301943
2301948
2301961
2301987
2302147
2302173
2302210
2302243
2302275
2302279
2302313
2302393
2302406
2302409
2302587
2302628
2302720
2302821
2302865
2302882
2302930
2302971
2302978
2302999
2303007
2303043
2303103
2303116
2303156
2303198
2303204
2303234
2303244
2303255
2303309
2303340
2303420
2303479
2303575
2303646
2303652
2303656
2303675
2303700
2303750
2303790
2303821
2303939
2303955
2303957
2303992
2304019
2304025
2304027
2304036
2304043
2304126
2304147
2304203
2304219
2304225
2304279
2304296
2304301
2304320
2304325
2304332
2304406
2304483
2304511
2304557
2304560
2304584
2304601
2304615
2304634
2304637
2304671
2304679
2304681
2304691
2304786
2304808
2304861
2304868
2304995
2304998
2305024
2305054
2305075
2305084
2305088
2305135
2305152
2305241
2305265
2305269
2305280
2305327
2305334
2305363
2305381
2305392
2305405
2305416
2305476
2305487
2305523
2305533
2305602
2305626
2305710
2305764
2305769
2305785
2305788
2305810
2305836
2305838
2305863
2306015
2306021
2306036
2306138
2306174
2306193
2306215
2306260
2306270
2306281
2306285
2306375
2306391
2306408
2306457
2306475
2306518
2306574
2306645
2306732
2306759
2306765
2306838
2306998
2307014
2307056
2307151
2307183
2307195
2307281
2307292
2307306
2307342
2307355
2307379
2307426
2307466
2307475
2307502
2307576
2307652
2307690
2307704
2307851
2307882
2307912
2307950
2307956
2308022
2308037
2308040
2308083
2308092
2308095
2308102
2308121
2308165
2308264
2308298
2308314
2308335
2308449
2308468
2308577
2308606
2308614
2308657
2308734
2308740
2308765
2308806
2308815
2308867
2308895
2308994
2309015
2309021
2309068
2309088
2309136
2309238
2309267
2309273
2309489
2309521
2309529
2309610
2309624
2309632
2309638
2309655
2309679
2309689
2309706
2309751
2309760
2309885
2309892
2309911
2309924
2309939
2309944
2309952
2309986
2310044
2310101
2310114
2310192
2310322
2310347
2310435
2310455
2310466
2310508
2310649
2310735
2310744
2310755
2310807
2310816
2310827
2310918
2310923
2310936
2310940
2310956
2310971
2310975
2310998
2311022
2311031
2311034
2311053
2311103
2311132
2311138
2311176
2311190
2311227
2311370
2311439
2311495
2311497
2311516
2311637
2311649
2311683
2311905
2311914
2311982
2311989
2311997
2312058
2312065
2312147
2312171
2312208
2312236
2312317
2312327
2312343
2312370
2312375
2312422
2312442
2312456
2312473
2312513
2312523
2312541
2312547
2312593
2312635
2312711
2312831
2312843
2312865
2312871
2312882
2312891
2312995
2313028
2313040
2313062
2313126
2313172
2313179
2313227
2313240
2313260
2313320
2313338
2313343
2313419
2313474
2313476
2313485
2313508
2313511
2313562
2313642
2313774
2313798
2313924
2313937
2313941
2314018
2314019
2314046
2314076
2314092
2314095
2314105
2314114
2314149
2314157
2314314
2314355
2314394
2314395
2314401
2314429
2314453
2314502
2314514
2314535
2314611
2314618
2314637
2314639
2314658
2314739
2314780
2314790
2314899
2314905
2314917
2314995
2315023
2315083
2315110
2315196
2315251
2315262
2315283
2315307
2315310
2315358
2315431
2315467
2315527
2315564
2315599
2315610
2315634
2315667
2315688
2315706
2315719
2315745
2315759
2315764
2315797
2315802
2315845
2315876
2315922
2315941
2315964
2315969
2315998
2316027
2316050
2316053
2316074
2316075
2316108
2316132
2316148
2316211
2316330
2316511
2316614
2316649
2316727
2316774
2316775
2316807
2316819
2316825
2316905
2316907
2316915
2316926
2317020
2317130
2317169
2317202
2317209
2317267
2317373
2317390
2317417
2317516
2317533
2317652
2317698
2317706
2317752
2317758
2317788
2317884
2317925
2317928
2317985
2318039
2318048
2318192
2318193
2318225
2318227
2318245
2318266
2318287
2318324
2318375
2318381
2318398
2318449
2318464
2318466
2318476
2318500
2318514
2318521
2318574
2318653
2318729
2318746
2318821
2318862
2318864
2318871
2318899
2318935
2319050
2319065
2319127
2319130
2319139
2319210
2319222
2319246
2319282
2319326
2319338
2319403
2319450
2319536
2319565
2319587
2319598
2319636
2319719
2319806
2319884
2319886
2319961
2319987
2320053
2320059
2320090
2320108
2320113
2320158
2320168
2320185
2320219
2320224
2320240
2320253
2320265
2320349
2320370
2320414
2320464
2320541
2320557
2320584
2320599
2320604
2320622
2320705
2320736
2320770
2320799
2320807
2320828
2320846
2320858
2320899
2320943
2320977
2321033
2321048
2321064
2321122
2321151
2321276
2321284
2321325
2321343
2321373
2321439
2321463
2321472
2321493
2321495
2321501
2321540
2321592
2321628
2321652
2321695
2321726
2321732
2321761
2321844
2321860
2321870
2321889
2321958
2321965
2321982
2322037
2322071
2322074
2322125
2322129
2322141
2322163
2322212
2322299
2322303
2322318
2322325
2322352
2322357
2322396
2322406
2322434
2322451
2322496
2322524
2322530
2322552
2322564
2322582
2322699
2322780
2322804
2322885
2322916
2322921
2323026
2323087
2323096
2323138
2323152
2323154
2323181
2323186
2323297
2323301
2323334
2323349
2323356
2323492
2323515
2323526
2323559
2323571
2323581
2323592
2323629
2323643
2323689
2323741
2323776
2323778
2323852
2323885
2323928
2323953
2324010
2324023
2324036
2324075
2324106
2324122
2324166
2324186
2324224
2324233
2324326
2324332
2324335
2324371
2324378
2324387
2324405
2324410
2324440
2324449
2324492
2324544
2324643
2324673
2324692
2324705
2324752
2324790
2324793
2324856
2324889
2324914
2324928
2324939
2324969
2325023
2325042
2325043
2325148
2325160
2325208
2325211
2325217
2325326
2325352
2325380
2325449
2325488
2325496
2325555
2325577
2325643
2325691
2325716
2325730
2325808
2325842
2325872
2325884
2325994
2326031
2326059
2326062
2326118
2326182
2326218
2326229
2326260
2326266
2326276
2326294
2326310
2326392
2326426
2326599
2326604
2326611
2326625
2326633
2326640
2326719
2326747
2326749
2326762
2326774
2326775
2326915
2326924
2326960
2326969
2326993
2327015
2327027
2327056
2327101
2327160
2327169
2327231
2327257
2327282
2327360
2327374
2327409
2327516
2327533
2327599
2327603
2327646
2327653
2327679
2327738
2327772
2327900
2327915
2327951
2328018
2328048
2328112
2328126
2328169
2328192
2328215
2328228
2328295
2328334
2328345
2328429
2328506
2328510
2328599
2328619
2328752
2328760
2328765
2328774
2328821
2328830
2328850
2328911
2328957
2328977
2329011
2329059
2329067
2329079
2329111
2329129
2329191
2329218
2329280
2329419
2329439
2329463
2329508
2329525
2329549
2329578
2329594
2329650
2329744
2329788
2329887
2330129
2330138
2330296
2330327
2330459
2330497
2330529
2330538
2330567
2330593
2330600
2330632
2330634
2330645
2330689
2330715
2330720
2330722
2330747
2330809
2330843
2330850
2330945
2331047
2331116
2331135
2331147
2331168
2331184
2331256
2331291
2331298
2331303
2331362
2331385
2331452
2331540
2331566
2331588
2331642
2331696
2331720
2331792
2331903
2331918
2331933
2331958
2332045
2332077
2332159
2332208
2332229
2332260
2332307
2332352
2332354
2332367
2332379
2332494
2332512
2332521
2332532
2332550
2332580
2332584
2332601
2332609
2332654
2332668
2332690
2332703
2332714
2332716
2332762
2332781
2332808
2332879
2332913
2332947
2332970
2333049
2333057
2333147
2333151
2333193
2333203
2333221
2333237
2333241
2333317
2333322
2333351
2333408
2333435
2333451
2333481
2333486
2333505
2333540
2333580
2333591
2333603
2333622
2333631
2333663
2333669
2333723
2333741
2333821
2333903
2334026
2334035
2334045
2334091
2334115
2334154
2334227
2334242
2334295
2334325
2334416
2334429
2334462
2334474
2334504
2334543
2334544
2334558
2334563
2334566
2334630
2334631
2334686
2334688
2334699
2334790
2334809
2334832
2334886
2334921
2334925
2334950
2334987
2334998
2335156
2335256
2335272
2335372
2335427
2335482
2335544
2335609
2335617
2335642
2335647
2335777
2335792
2335819
2335840
2335852
2335887
2335903
2335939
2335974
2335994
2336016
2336039
2336075
2336118
2336124
2336167
2336173
2336184
2336227
2336244
2336286
2336298
2336338
2336380
2336397
2336474
2336524
2336538
2336545
2336554
2336570
2336594
2336602
2336641
2336653
2336724
2336756
2336765
2336770
2336803
2336838
2336866
2336868
2336896
2336930
2336940
2336949
2336988
2337028
2337155
2337194
2337265
2337290
2337309
2337330
2337365
2337381
2337430
2337444
2337506
2337521
2337603
2337670
2337693
2337697
2337786
2337816
2337827
2337876
2337895
2337942
2337963
2338037
2338092
2338114
2338163
2338182
2338423
2338466
2338472
2338501
2338502
2338556
2338570
2338594
2338631
2338676
2338701
2338732
2338736
2338758
2338770
2338800
2338847
2338886
2338893
2338969
2339015
2339136
2339195
2339231
2339274
2339296
2339350
2339352
2339453
2339466
2339477
2339499
2339582
2339664
2339692
2339719
2339737
2339759
2339765
2339791
2339831
2339901
2339911
2339935
2339981
2340035
2340145
2340172
2340179
2340188
2340195
2340205
2340228
2340232
2340256
2340374
2340407
2340455
2340461
2340528
2340544
2340632
2340646
2340658
2340663
2340701
2340790
2340807
2340851
2340894
2340901
2340928
2341252
2341270
2341353
2341356
2341481
2341506
2341545
2341553
2341567
2341593
2341618
2341685
2341760
2341818
2341829
2341979
2342022
2342038
2342054
2342080
2342091
2342110
2342128
2342167
2342195
2342205
2342247
2342290
2342322
2342329
2342441
2342463
2342505
2342513
2342546
2342549
2342554
2342593
2342643
2342646
2342655
2342674
2342690
2342747
2342769
2342778
2342805
2342888
2342903
2342916
2342962
2343009
2343070
2343089
2343117
2343135
2343165
2343175
2343183
2343196
2343206
2343209
2343225
2343236
2343261
2343282
2343296
2343378
2343401
2343430
2343434
2343438
2343449
2343485
2343548
2343553
2343571
2343673
2343708
2343740
2343751
2343787
2343821
2343831
2343936
2344050
2344052
2344085
2344132
2344136
2344142
2344148
2344163
2344194
2344199
2344221
2344280
2344430
2344467
2344478
2344553
2344650
2344681
2344716
2344721
2344761
2344778
2344797
2344819
2344834
2344845
2344862
2344905
2344978
2344995
2345074
2345143
2345181
2345189
2345213
2345229
2345252
2345285
2345321
2345347
2345349
2345406
2345461
2345498
2345499
2345512
2345533
2345548
2345563
2345579
2345581
2345694
2345706
2345719
2345721
2345783
2345787
2345873
2345908
2345926
2345962
2345963
2345986
2346005
2346039
2346042
2346051
2346057
2346072
2346104
2346116
2346120
2346236
2346266
2346306
2346308
2346315
2346320
2346388
2346463
2346485
2346505
2346642
2346658
2346717
2346722
2346749
2346772
2346826
2346864
2346899
2347047
2347217
2347232
2347259
2347265
2347284
2347305
2347337
2347389
2347416
2347431
2347462
2347492
2347531
2347540
2347553
2347588
2347611
2347660
2347673
2347695
2347843
2347886
2347891
2347904
2347925
2347982
2347997
2348020
2348038
2348127
2348134
2348154
2348190
2348243
2348322
2348341
2348364
2348389
2348448
2348454
2348457
2348501
2348657
2348659
2348691
2348732
2348813
2348843
2348853
2348857
2348953
2349023
2349049
2349063
2349078
2349128
2349130
2349245
2349270
2349297
2349328
2349334
2349337
2349439
2349452
2349472
2349490
2349499
2349534
2349559
2349622
2349698
2349723
2349725
2349804
2349848
2349852
2349891
2349954
2349974
2350187
2350286
2350346
2350387
2350443
2350465
2350481
2350494
2350560
2350591
2350610
2350630
2350638
2350700
2350703
2350712
2350736
2350747
2350776
2350783
2350796
2350800
2350802
2350824
2350845
2350894
2350922
2350967
2351083
2351121
2351148
2351154
2351157
2351229
2351346
2351423
2351480
2351507
2351552
2351558
2351570
2351620
2351786
2351802
2351855
2351916
2351931
2351975
2351981
2351994
2351999
2352021
2352150
2352260
2352301
2352307
2352320
2352330
2352360
2352381
2352389
2352431
2352440
2352476
2352478
2352547
2352559
2352586
2352651
2352677
2352705
2352734
2352737
2352887
2352891
2352924
2352935
2353045
2353054
2353058
2353084
2353122
2353154
2353167
2353209
2353224
2353569
2353600
2353605
2353609
2353670
2353671
2353750
2353766
2353785
2353821
2353837
2353869
2353873
2353919
2353932
2353950
2353981
2354007
2354012
2354020
2354069
2354102
2354142
2354159
2354162
2354169
2354245
2354272
2354303
2354317
2354352
2354365
2354394
2354455
2354486
2354496
2354508
2354510
2354516
2354529
2354530
2354597
2354660
2354670
2354691
2354704
2354727
2354854
2354864
2354887
2354918
2354930
2354962
2354987
2355001
2355016
2355020
2355040
2355055
2355131
2355148
2355162
2355166
2355235
2355275
2355307
2355492
2355545
2355563
2355584
2355660
2355765
2355842
2355919
2355934
2355942
2355943
2355989
2356026
2356150
2356153
2356181
2356251
2356284
2356296
2356306
2356308
2356321
2356345
2356419
2356480
2356622
2356666
2356673
2356679
2356684
2356702
2356786
2356804
2356832
2356905
2356937
2356950
2356992
2357015
2357032
2357052
2357054
2357099
2357123
2357147
2357258
2357277
2357336
2357350
2357373
2357387
2357391
2357416
2357475
2357492
2357517
2357555
2357635
2357723
2357726
2357753
2357768
2357830
2357851
2357868
2357952
2358004
2358015
2358074
2358094
2358111
2358116
2358176
2358225
2358227
2358229
2358280
2358386
2358403
2358419
2358463
2358489
2358522
2358559
2358596
2358634
2358671
2358680
2358807
2358980
2359145
2359151
2359165
2359200
2359272
2359276
2359328
2359426
2359544
2359622
2359711
2359714
2359778
2359823
2359824
2359842
2359846
2359848
2359872
2359905
2359955
2359979
2359986
2360013
2360055
2360104
2360121
2360136
2360139
2360157
2360167
2360175
2360183
2360230
2360293
2360312
2360317
2360323
2360378
2360437
2360466
2360495
2360514
2360569
2360631
2360677
2360687
2360729
2360737
2360755
2360764
2360795
2360848
2360917
2360976
2360991
2361006
2361029
2361032
2361123
2361263
2361303
2361346
2361368
2361398
2361512
2361514
2361616
2361648
2361654
2361676
2361707
2361782
2361819
2361852
2361937
2361947
2362007
2362033
2362036
2362049
2362084
2362091
2362173
2362303
2362330
2362339
2362407
2362414
2362485
2362506
2362543
2362545
2362553
2362555
2362666
2362693
2362710
2362733
2362777
2362810
2362828
2362903
2362954
2362977
2363014
2363019
2363057
2363065
2363122
2363159
2363170
2363229
2363236
2363241
2363256
2363386
2363435
2363498
2363528
2363550
2363580
2363592
2363599
2363645
2363647
2363679
2363786
2363795
2363908
2363934
2363978
2363987
2363988
2364008
2364060
2364074
2364113
2364122
2364185
2364220
2364277
2364327
2364344
2364358
2364472
2364593
2364608
2364664
2364697
2364750
2364767
2364788
2364796
2364802
2364918
2364941
2365019
2365026
2365079
2365111
2365142
2365179
2365192
2365198
2365338
2365345
2365358
2365378
2365462
2365545
2365550
2365573
2365614
2365616
2365625
2365636
2365676
2365703
2365734
2365775
2365785
2365804
2365842
2365907
2365919
2365926
2365941
2365974
2365996
2366019
2366110
2366120
2366139
2366236
2366245
2366261
2366272
2366274
2366301
2366394
2366419
2366484
2366527
2366552
2366590
2366619
2366624
2366633
2366640
2366726
2366737
2366759
2366793
2366826
2366850
2366854
2366865
2366922
2366925
2366936
2366946
2366961
2367028
2367083
2367098
2367116
2367121
2367210
2367234
2367249
2367316
2367332
2367343
2367352
2367386
2367424
2367456
2367474
2367485
2367507
2367515
2367556
2367564
2367581
2367593
2367639
2367668
2367674
2367680
2367724
2367734
2367739
2367742
2367751
2367790
2367798
2367801
2367856
2367859
2367881
2367917
2367943
2367947
2368074
2368081
2368101
2368125
2368163
2368172
2368189
2368217
2368315
2368354
2368375
2368417
2368441
2368456
2368506
2368526
2368543
2368547
2368573
2368583
2368590
2368658
2368672
2368682
2368701
2368709
2368714
2368730
2368741
2368793
2368841
2368865
2368881
2369016
2369038
2369103
2369107
2369196
2369203
2369216
2369217
2369265
2369282
2369295
2369312
2369358
2369379
2369499
2369516
2369543
2369593
2369654
2369692
2369698
2369763
2369787
2369869
2369931
2369943
2369951
2369971
2369988
2370037
2370118
2370124
2370202
2370340
2370371
2370429
2370480
2370485
2370488
2370647
2370710
2370821
2370854
2370899
2370920
2370974
2370982
2370985
2370990
2371023
2371039
2371049
2371053
2371066
2371075
2371190
2371192
2371198
2371236
2371303
2371308
2371314
2371337
2371349
2371353
2371356
2371389
2371446
2371462
2371501
2371503
2371578
2371708
2371726
2371774
2371852
2371950
2372009
2372025
2372047
2372053
2372139
2372161
2372182
2372223
2372270
2372490
2372502
2372517
2372573
2372625
2372653
2372662
2372694
2372732
2372743
2372766
2372814
2372848
2372870
2372879
2372887
2372902
2372932
2372935
2372937
2372946
2373001
2373031
2373042
2373084
2373208
2373236
2373279
2373299
2373324
2373353
2373357
2373362
2373409
2373415
2373431
2373439
2373443
2373487
2373502
2373526
2373605
2373655
2373667
2373679
2373715
2373724
2373735
2373810
2373834
2373851
2373858
2373886
2374019
2374041
2374058
2374066
2374073
2374102
2374122
2374167
2374431
2374447
2374481
2374496
2374540
2374559
2374565
2374612
2374632
2374660
2374669
2374733
2374833
2374840
2374851
2374910
2374939
2374940
2375011
2375036
2375043
2375066
2375161
2375224
2375240
2375245
2375257
2375325
2375328
2375368
2375387
2375425
2375475
2375497
2375575
2375635
2375645
2375652
2375672
2375678
2375682
2375719
2375816
2375844
2375930
2375953
2375954
2375986
2376047
2376133
2376136
2376169
2376222
2376229
2376254
2376313
2376316
2376331
2376342
2376371
2376389
2376400
2376442
2376446
2376483
2376485
2376492
2376556
2376573
2376589
2376657
2376670
2376781
2376818
2376857
2376901
2376904
2376975
2377057
2377082
2377084
2377130
2377168
2377174
2377209
2377229
2377245
2377427
2377579
2377601
2377618
2377639
2377689
2377706
2377754
2377777
2377792
2377842
2377900
2377911
2377917
2377960
2377963
2377968
2378005
2378034
2378042
2378045
2378049
2378085
2378142
2378241
2378248
2378296
2378380
2378384
2378435
2378460
2378463
2378531
2378612
2378672
2378712
2378748
2378856
2378859
2378873
2378936
2378962
2378964
2378999
2379021
2379034
2379042
2379091
2379131
2379134
2379151
2379181
2379340
2379360
2379376
2379386
2379432
2379494
2379559
2379570
2379587
2379648
2379666
2379705
2379709
2379733
2379736
2379753
2379789
2379799
2379819
2379844
2379874
2379908
2379986
2379992
2380105
2380115
2380171
2380185
2380200
2380253
2380317
2380323
2380372
2380521
2380523
2380536
2380617
2380629
2380655
2380663
2380681
2380715
2380765
2380848
2380875
2380888
2380904
2380912
2380932
2380960
2381001
2381015
2381028
2381085
2381103
2381125
2381149
2381198
2381207
2381232
2381244
2381285
2381309
2381323
2381333
2381367
2381378
2381468
2381488
2381536
2381558
2381614
2381655
2381728
2381757
2381844
2381850
2381878
2381914
2381936
2381938
2381998
2382007
2382124
2382227
2382251
2382264
2382272
2382281
2382367
2382370
2382393
2382482
2382491
2382536
2382551
2382555
2382629
2382637
2382707
2382712
2382791
2382794
2382858
2382885
2382938
2382940
2382991
2383002
2383020
2383098
2383144
2383203
2383221
2383238
2383310
2383320
2383387
2383469
2383570
2383587
2383593
2383691
2383739
2383748
2383760
2383774
2383778
2383792
2383812
2383852
2383906
2383911
2383924
2383932
2383946
2383947
2383955
2383987
2384094
2384295
2384401
2384508
2384538
2384613
2384616
2384654
2384903
2384971
2384990
2384999
2385172
2385196
2385209
2385237
2385252
2385347
2385378
2385413
2385434
2385472
2385512
2385636
2385662
2385720
2385750
2385770
2385783
2385803
2385837
2385855
2385871
2385893
2385951
2385956
2385972
2385973
2386138
2386200
2386225
2386267
2386292
2386346
2386354
2386371
2386399
2386435
2386449
2386484
2386498
2386556
2386568
2386574
2386612
2386616
2386636
2386647
2386672
2386674
2386700
2386713
2386778
2386875
2386886
2386929
2386942
2386983
2387000
2387007
2387020
2387075
2387103
2387127
2387223
2387254
2387323
2387342
2387508
2387592
2387648
2387667
2387695
2387737
2387753
2387755
2387768
2387786
2387794
2387799
2387815
2387905
2387926
2387940
2387974
2387982
2388038
2388057
2388064
2388077
2388106
2388115
2388130
2388142
2388250
2388289
2388308
2388380
2388386
2388397
2388423
2388428
2388503
2388540
2388612
2388739
2388758
2388776
2388841
2388905
2388914
2388939
2388946
2388978
2389013
2389026
2389042
2389061
2389275
2389359
2389379
2389455
2389463
2389482
2389521
2389572
2389626
2389637
2389650
2389700
2389703
2389735
2389771
2389782
2389800
2389802
2389947
2389963
2389965
2390042
2390067
2390068
2390177
2390192
2390302
2390431
2390505
2390516
2390568
2390608
2390640
2390645
2390657
2390695
2390702
2390711
2390769
2390820
2390852
2390880
2390912
2390939
2390945
2390947
2391001
2391006
2391015
2391052
2391077
2391118
2391146
2391174
2391294
2391383
2391409
2391463
2391474
2391489
2391506
2391532
2391751
2391787
2391802
2391841
2391875
2391883
2391922
2391971
2392066
2392079
2392084
2392092
2392120
2392133
2392149
2392161
2392184
2392213
2392215
2392224
2392237
2392364
2392455
2392489
2392539
2392597
2392612
2392679
2392687
2392716
2392759
2392904
2392924
2392934
2393070
2393073
2393192
2393236
2393271
2393278
2393350
2393355
2393402
2393409
2393425
2393433
2393458
2393477
2393553
2393607
2393652
2393691
2393719
2393892
2393906
2393985
2394016
2394060
2394071
2394242
2394266
2394324
2394327
2394357
2394415
2394424
2394438
2394525
2394616
2394686
2394755
2394832
2394894
2395041
2395050
2395094
2395133
2395134
2395186
2395210
2395351
2395364
2395377
2395382
2395391
2395398
2395484
2395510
2395572
2395705
2395737
2395769
2395803
2395956
2395998
2396016
2396022
2396040
2396046
2396094
2396095
2396100
2396158
2396243
2396277
2396286
2396292
2396350
2396396
2396411
2396431
2396471
2396484
2396497
2396553
2396573
2396591
2396636
2396678
2396683
2396705
2396713
2396748
2396850
2396884
2396897
2396918
2396935
2396942
2396956
2396982
2397009
2397012
2397026
2397092
2397097
2397102
2397108
2397140
2397145
2397154
2397212
2397239
2397244
2397335
2397352
2397360
2397362
2397398
2397460
2397601
2397640
2397646
2397684
2397802
2397835
2397857
2397868
2397874
2397950
2398033
2398038
2398040
2398063
2398069
2398108
2398113
2398124
2398171
2398247
2398268
2398381
2398401
2398432
2398435
2398441
2398456
2398464
2398472
2398627
2398649
2398690
2398728
2398761
2398845
2398863
2398870
2398899
2398935
2398970
2399028
2399038
2399040
2399061
2399063
2399104
2399164
2399169
2399178
2399197
2399208
2399211
2399267
2399294
2399440
2399469
2399518
2399520
2399557
2399710
2399726
2399763
2399777
2399798
2399822
2399829
2399847
2399884
2399895
2399920
2399950
2400001
2400097
2400101
2400110
2400116
2400120
2400123
2400140
2400156
2400162
2400189
2400228
2400252
2400259
2400260
2400439
2400476
2400530
2400597
2400617
2400629
2400685
2400732
2400743
2400856
2400870
2400884
2400935
2400949
2400968
2400997
2401020
2401111
2401130
2401184
2401212
2401303
2401311
2401313
2401343
2401375
2401465
2401483
2401541
2401686
2401689
2401694
2401696
2401713
2401822
2401916
2401936
2402015
2402032
2402093
2402114
2402137
2402192
2402258
2402280
2402315
2402343
2402344
2402417
2402421
2402480
2402528
2402554
2402736
2402804
2402827
2402846
2402888
2402891
2402915
2402930
2402936
2402983
2403034
2403044
2403069
2403113
2403129
2403160
2403213
2403254
2403267
2403282
2403298
2403326
2403329
2403340
2403383
2403436
2403539
2403614
2403621
2403632
2403676
2403761
2403785
2403830
2403833
2403840
2403842
2403906
2403964
2403989
2404001
2404015
2404135
2404141
2404181
2404222
2404227
2404243
2404296
2404326
2404343
2404412
2404425
2404458
2404499
2404519
2404569
2404652
2404667
2404716
2404830
2404933
2404984
2405004
2405008
2405012
2405035
2405051
2405068
2405080
2405189
2405261
2405278
2405385
2405404
2405503
2405514
2405524
2405564
2405601
2405627
2405668
2405680
2405751
2405796
2405966
2405970
2405994
2406011
2406019
2406031
2406056
2406067
2406088
2406098
2406100
2406173
2406211
2406234
2406262
2406315
2406348
2406387
2406409
2406424
2406487
2406663
2406683
2406696
2406752
2406760
2406766
2406927
2407063
2407098
2407111
2407188
2407211
2407251
2407254
2407283
2407290
2407333
2407389
2407492
2407513
2407548
2407616
2407637
2407649
2407695
2407722
2407799
2407804
2407862
2407864
2407868
2407877
2407892
2407944
2407955
2408022
2408099
2408165
2408185
2408188
2408272
2408334
2408342
2408368
2408404
2408412
2408469
2408522
2408528
2408536
2408564
2408567
2408604
2408619
2408622
2408672
2408699
2408733
2408739
2408752
2408787
2408843
2408902
2409040
2409067
2409139
2409176
2409187
2409319
2409370
2409389
2409409
2409414
2409419
2409517
2409592
2409618
2409658
2409672
2409693
2409815
2409856
2409867
2409886
2409902
2409958
2410016
2410116
2410162
2410173
2410264
2410395
2410466
2410482
2410508
2410511
2410523
2410547
2410557
2410573
2410598
2410638
2410675
2410694
2410757
2410762
2410802
2410833
2410853
2410884
2410900
2410952
2410974
2410978
2410984
2411085
2411104
2411124
2411260
2411262
2411327
2411354
2411531
2411589
2411611
2411625
2411658
2411729
2411777
2411854
2411883
2411888
2411912
2411930
2411939
2412023
2412073
2412104
2412114
2412126
2412135
2412201
2412215
2412233
2412238
2412292
2412394
2412416
2412443
2412446
2412465
2412482
2412522
2412526
2412592
2412617
2412621
2412685
2412728
2412743
2412745
2412789
2412837
2412886
2412934
2412978
2413044
2413092
2413119
2413233
2413252
2413288
2413306
2413334
2413347
2413386
2413422
2413433
2413457
2413464
2413490
2413496
2413549
2413587
2413592
2413600
2413605
2413739
2413754
2413765
2413779
2413794
2413818
2413835
2413891
2413936
2413961
2414103
2414118
2414169
2414174
2414181
2414182
2414191
2414270
2414376
2414403
2414422
2414453
2414488
2414547
2414579
2414609
2414668
2414675
2414710
2414724
2414763
2414773
2414775
2414798
2414809
2414870
2414895
2414990
2415047
2415065
2415088
2415092
2415099
2415134
2415143
2415233
2415259
2415278
2415285
2415401
2415655
2415682
2415687
2415702
2415733
2415740
2415758
2415786
2415793
2415804
2415843
2415905
2415995
2416020
2416168
2416177
2416206
2416228
2416466
2416488
2416553
2416555
2416587
2416648
2416659
2416703
2416711
2416719
2416856
2416884
2416958
2416998
2417004
2417082
2417098
2417107
2417139
2417230
2417292
2417332
2417450
2417673
2417833
2417924
2417928
2417967
2418037
2418109
2418120
2418129
2418156
2418235
2418242
2418245
2418265
2418296
2418328
2418332
2418350
2418476
2418484
2418492
2418512
2418564
2418647
2418661
2418739
2418743
2418772
2418816
2418830
2418843
2418916
2419034
2419062
2419074
2419107
2419129
2419153
2419157
2419166
2419179
2419210
2419265
2419316
2419357
2419447
2419454
2419537
2419574
2419603
2419661
2419702
2419727
2419752
2419758
2419774
2419790
2419791
2419833
2419899
2419901
2420004
2420047
2420061
2420068
2420070
2420098
2420155
2420224
2420345
2420451
2420466
2420477
2420532
2420538
2420554
2420561
2420588
2420601
2420628
2420652
2420689
2420705
2420743
2420833
2420924
2420942
2420955
2421075
2421130
2421168
2421172
2421175
2421202
2421211
2421257
2421261
2421283
2421300
2421316
2421353
2421417
2421439
2421467
2421571
2421573
2421652
2421655
2421678
2421703
2421727
2421759
2421785
2421819
2421826
2421831
2421849
2421856
2421859
2421862
2421889
2421914
2421917
2421934
2421942
2422011
2422014
2422107
2422123
2422137
2422171
2422213
2422288
2422329
2422462
2422503
2422524
2422555
2422624
2422634
2422642
2422668
2422679
2422690
2422701
2422762
2422810
2422915
2422934
2422954
2422961
2422995
2423092
2423130
2423165
2423193
2423197
2423319
2423361
2423403
2423445
2423460
2423494
2423498
2423504
2423620
2423663
2423712
2423751
2423771
2423804
2423809
2423817
2423828
2423830
2423854
2423887
2423896
2423942
2423990
2423994
2424002
2424013
2424036
2424051
2424079
2424144
2424181
2424262
2424295
2424342
2424367
2424397
2424398
2424407
2424412
2424430
2424550
2424560
2424566
2424659
2424682
2424709
2424738
2424757
2424934
2424983
2425034
2425052
2425146
2425200
2425253
2425305
2425316
2425337
2425383
2425391
2425407
2425494
2425499
2425550
2425593
2425600
2425664
2425692
2425812
2425817
2425838
2425868
2425906
2425937
2425962
2425964
2425989
2425999
2426025
2426074
2426162
2426185
2426198
2426226
2426231
2426267
2426275
2426279
2426316
2426344
2426424
2426458
2426489
2426520
2426568
2426586
2426619
2426666
2426681
2426715
2426737
2426742
2426791
2426799
2426837
2426919
2426929
2426944
2426951
2426959
2426968
2427125
2427140
2427150
2427154
2427188
2427194
2427249
2427316
2427341
2427345
2427377
2427435
2427439
2427463
2427480
2427499
2427531
2427694
2427725
2427767
2427807
2427868
2427886
2427898
2427936
2428005
2428099
2428123
2428214
2428266
2428270
2428297
2428334
2428336
2428382
2428396
2428445
2428449
2428484
2428511
2428537
2428563
2428572
2428595
2428634
2428646
2428653
2428662
2428669
2428736
2428739
2428821
2428838
2429119
2429171
2429240
2429252
2429262
2429295
2429303
2429389
2429395
2429418
2429444
2429477
2429536
2429540
2429565
2429582
2429624
2429669
2429690
2429769
2429782
2429951
2429995
2430064
2430134
2430186
2430190
2430299
2430379
2430381
2430428
2430478
2430525
2430534
2430539
2430629
2430639
2430715
2430764
2430836
2430839
2430854
2430909
2430921
2430926
2430940
2430965
2431115
2431184
2431215
2431231
2431268
2431347
2431408
2431511
2431526
2431548
2431568
2431651
2431672
2431679
2431701
2431714
2431749
2431758
2431788
2431820
2431848
2431921
2431951
2431994
2432050
2432112
2432147
2432153
2432236
2432264
2432269
2432301
2432368
2432369
2432397
2432404
2432426
2432472
2432543
2432625
2432656
2432676
2432714
2432795
2432817
2432852
2432853
2432873
2433026
2433035
2433071
2433110
2433228
2433415
2433428
2433447
2433459
2433464
2433488
2433502
2433512
2433514
2433517
2433521
2433528
2433534
2433585
2433588
2433623
2433629
2433636
2433639
2433644
2433657
2433664
2433679
2433686
2433712
2433749
2433757
2433814
2433818
2433852
2433870
2433893
2433922
2433936
2433959
2433996
2434009
2434057
2434058
2434060
2434070
2434222
2434285
2434317
2434318
2434373
2434458
2434532
2434583
2434613
2434643
2434662
2434720
2434775
2434780
2434878
2434965
2435106
2435109
2435133
2435152
2435161
2435296
2435314
2435383
2435405
2435411
2435519
2435603
2435637
2435655
2435727
2435758
2435851
2435860
2435873
2435877
2435887
2435898
2435987
2436023
2436046
2436090
2436162
2436166
2436186
2436190
2436202
2436209
2436270
2436303
2436314
2436323
2436402
2436410
2436441
2436477
2436491
2436562
2436596
2436602
2436629
2436663
2436715
2436730
2436792
2436807
2436813
2436814
2436864
2436888
2436898
2436902
2436928
2437009
2437016
2437039
2437073
2437082
2437089
2437117
2437133
2437143
2437216
2437224
2437374
2437392
2437401
2437430
2437513
2437533
2437552
2437701
2437721
2437755
2437893
2437908
2437922
2437932
2437980
2437999
2438019
2438091
2438177
2438187
2438203
2438297
2438318
2438422
2438469
2438497
2438550
2438626
2438730
2438789
2438791
2438796
2438864
2438902
2438940
2438975
2439163
2439242
2439414
2439438
2439466
2439473
2439486
2439696
2439705
2439724
2439728
2439746
2439768
2439780
2439856
2439879
2439901
2439920
2440047
2440064
2440066
2440084
2440094
2440139
2440269
2440352
2440413
2440469
2440493
2440496
2440530
2440562
2440649
2440681
2440762
2440783
2440791
2440795
2440837
2440877
2440916
2440954
2440994
2441009
2441024
2441062
2441077
2441187
2441191
2441241
2441277
2441376
2441385
2441395
2441420
2441443
2441445
2441461
2441498
2441536
2441547
2441615
2441695
2441708
2441905
2441932
2441936
2441990
2442004
2442077
2442089
2442117
2442220
2442226
2442349
2442364
2442439
2442499
2442523
2442528
2442635
2442672
2442743
2442773
2442787
2442810
2442830
2442840
2442937
2442971
2442983
2443015
2443042
2443056
2443064
2443074
2443082
2443105
2443123
2443175
2443196
2443199
2443271
2443299
2443323
2443360
2443365
2443501
2443519
2443525
2443627
2443640
2443664
2443668
2443679
2443693
2443710
2443718
2443785
2443800
2443858
2443875
2443931
2443962
2443991
2444122
2444132
2444182
2444190
2444193
2444201
2444208
2444226
2444277
2444285
2444300
2444340
2444342
2444353
2444358
2444376
2444403
2444444
2444447
2444489
2444503
2444508
2444540
2444559
2444598
2444624
2444663
2444692
2444718
2444821
2444877
2444880
2444912
2444944
2445079
2445200
2445240
2445311
2445361
2445426
2445441
2445461
2445468
2445475
2445505
2445591
2445752
2445854
2445896
2445903
2445920
2445929
2446024
2446031
2446041
2446080
2446085
2446158
2446249
2446280
2446322
2446338
2446342
2446371
2446389
2446466
2446471
2446490
2446502
2446625
2446781
2446931
2446935
2446944
2446970
2446999
2447043
2447113
2447169
2447188
2447279
2447334
2447367
2447376
2447450
2447474
2447477
2447627
2447639
2447651
2447695
2447752
2447755
2447889
2447891
2448041
2448050
2448099
2448103
2448132
2448145
2448165
2448184
2448211
2448222
2448228
2448267
2448365
2448372
2448401
2448426
2448467
2448502
2448505
2448534
2448549
2448564
2448604
2448628
2448653
2448656
2448687
2448734
2448749
2448758
2448765
2448831
2448903
2448940
2448942
2448976
2449067
2449087
2449204
2449242
2449245
2449260
2449264
2449267
2449411
2449486
2449507
2449511
2449525
2449559
2449619
2449625
2449664
2449683
2449721
2449731
2449734
2449736
2449788
2449816
2449832
2449857
2449903
2449919
2449950
2450026
2450088
2450119
2450264
2450511
2450538
2450553
2450610
2450653
2450674
2450700
2450745
2450754
2450773
2450860
2450886
2450897
2450943
2450982
2450992
2451001
2451008
2451020
2451036
2451107
2451251
2451275
2451300
2451362
2451434
2451488
2451490
2451492
2451493
2451500
2451539
2451543
2451559
2451660
2451663
2451699
2451794
2451839
2451880
2451883
2451950
2451958
2451964
2451966
2452020
2452022
2452089
2452091
2452114
2452162
2452229
2452256
2452270
2452308
2452316
2452366
2452417
2452510
2452533
2452547
2452554
2452581
2452627
2452638
2452771
2452786
2452806
2452835
2452843
2452882
2452907
2452915
2452978
2452985
2452986
2452991
2453073
2453098
2453103
2453147
2453156
2453266
2453271
2453295
2453314
2453317
2453365
2453423
2453427
2453499
2453565
2453572
2453582
2453645
2453661
2453741
2453761
2453766
2453792
2453810
2453816
2453957
2454063
2454130
2454141
2454159
2454180
2454196
2454208
2454212
2454247
2454300
2454363
2454368
2454378
2454389
2454392
2454418
2454453
2454467
2454482
2454491
2454503
2454508
2454520
2454574
2454619
2454629
2454693
2454702
2454774
2454790
2454814
2454901
2454914
2454947
2454981
2455010
2455052
2455057
2455074
2455113
2455116
2455148
2455197
2455243
2455265
2455290
2455359
2455393
2455408
2455448
2455457
2455470
2455503
2455506
2455515
2455526
2455530
2455534
2455538
2455581
2455609
2455628
2455725
2455739
2455797
2455836
2455978
2455982
2455989
2455996
2456110
2456113
2456253
2456258
2456351
2456403
2456415
2456421
2456439
2456543
2456663
2456671
2456679
2456793
2456800
2456806
2456810
2456881
2456920
2456943
2457130
2457139
2457239
2457304
2457350
2457437
2457460
2457518
2457535
2457538
2457635
2457640
2457704
2457713
2457745
2457775
2457786
2457799
2457951
2458007
2458133
2458145
2458146
2458149
2458223
2458295
2458337
2458426
2458458
2458536
2458583
2458614
2458655
2458668
2458748
2458961
2459005
2459056
2459067
2459101
2459104
2459125
2459127
2459166
2459204
2459216
2459240
2459312
2459340
2459349
2459443
2459519
2459523
2459528
2459538
2459540
2459567
2459652
2459665
2459678
2459688
2459690
2459704
2459707
2459744
2459776
2459785
2459804
2459874
2459879
2459909
2460017
2460042
2460137
2460200
2460244
2460279
2460304
2460320
2460331
2460365
2460376
2460478
2460627
2460663
2460677
2460704
2460735
2460770
2460820
2460904
2460906
2460959
2461123
2461198
2461238
2461244
2461260
2461285
2461456
2461492
2461516
2461523
2461525
2461549
2461583
2461654
2461662
2461678
2461722
2461763
2461767
2461792
2461896
2461905
2462023
2462048
2462058
2462093
2462120
2462164
2462169
2462172
2462236
2462263
2462315
2462333
2462352
2462370
2462376
2462384
2462412
2462416
2462489
2462509
2462513
2462559
2462566
2462669
2462672
2462737
2462773
2462899
2462974
2462987
2463044
2463076
2463120
2463133
2463137
2463205
2463234
2463309
2463417
2463450
2463476
2463494
2463497
2463513
2463521
2463576
2463635
2463639
2463656
2463749
2463801
2463835
2463876
2463891
2464042
2464135
2464319
2464339
2464352
2464366
2464418
2464449
2464451
2464566
2464595
2464610
2464623
2464643
2464646
2464705
2464847
2464862
2464895
2464955
2464960
2464966
2465048
2465056
2465082
2465086
2465088
2465116
2465134
2465180
2465194
2465230
2465293
2465332
2465335
2465346
2465436
2465517
2465552
2465566
2465589
2465660
2465692
2465761
2465764
2465813
2465862
2465896
2465913
2465928
2465939
2465942
2465959
2465965
2466029
2466091
2466114
2466175
2466183
2466189
2466291
2466307
2466337
2466343
2466526
2466545
2466566
2466678
2466690
2466702
2466756
2466768
2466787
2466803
2466819
2466848
2466964
2467021
2467038
2467083
2467093
2467097
2467189
2467200
2467226
2467236
2467268
2467274
2467333
2467349
2467468
2467477
2467515
2467539
2467565
2467676
2467712
2467738
2467759
2467793
2467835
2467861
2467870
2467881
2467892
2467921
2467940
2468070
2468100
2468163
2468204
2468219
2468222
2468236
2468263
2468328
2468337
2468354
2468431
2468494
2468510
2468600
2468622
2468720
2468752
2468757
2468773
2468825
2468833
2468871
2468895
2468915
2468962
2468975
2468985
2468997
2469015
2469024
2469168
2469198
2469221
2469255
2469287
2469293
2469326
2469352
2469377
2469414
2469507
2469536
2469569
2469599
2469647
2469773
2470034
2470037
2470052
2470164
2470176
2470198
2470220
2470280
2470287
2470315
2470357
2470506
2470570
2470584
2470610
2470644
2470714
2470732
2470737
2470797
2470817
2470855
2470937
2470951
2470957
2471018
2471080
2471122
2471149
2471188
2471229
2471232
2471295
2471307
2471319
2471399
2471422
2471516
2471537
2471563
2471585
2471603
2471686
2471702
2471736
2471860
2471913
2471941
2471950
2471962
2471980
2471991
2472019
2472066
2472089
2472128
2472133
2472155
2472160
2472211
2472236
2472261
2472274
2472345
2472391
2472393
2472440
2472459
2472467
2472499
2472509
2472545
2472548
2472551
2472616
2472700
2472730
2472760
2472762
2472784
2472882
2472972
2472983
2473037
2473043
2473049
2473066
2473070
2473155
2473171
2473206
2473262
2473268
2473354
2473406
2473415
2473490
2473498
2473550
2473566
2473577
2473775
2473818
2473979
2474011
2474062
2474077
2474206
2474309
2474311
2474364
2474420
2474426
2474535
2474540
2474575
2474660
2474668
2474691
2474708
2474710
2474747
2474770
2474790
2474800
2474816
2474823
2474853
2474869
2474926
2474941
2474996
2474997
2475030
2475037
2475059
2475079
2475153
2475211
2475248
2475268
2475305
2475317
2475359
2475364
2475430
2475432
2475701
2475912
2475922
2475936
2475974
2475986
2476097
2476239
2476246
2476286
2476397
2476424
2476488
2476526
2476574
2476589
2476643
2476759
2476818
2476827
2476904
2477080
2477138
2477170
2477174
2477306
2477355
2477384
2477419
2477487
2477498
2477503
2477523
2477553
2477574
2477602
2477610
2477621
2477677
2477719
2477819
2477822
2477867
2477953
2477965
2478009
2478014
2478018
2478020
2478112
2478115
2478214
2478218
2478222
2478297
2478312
2478369
2478377
2478460
2478511
2478568
2478589
2478614
2478651
2478760
2478769
2478842
2478869
2478902
2478916
2479008
2479031
2479073
2479190
2479350
2479384
2479385
2479389
2479449
2479539
2479547
2479560
2479664
2479727
2479766
2479804
2479840
2479949
2479952
2479991
2480035
2480047
2480077
2480196
2480226
2480247
2480332
2480358
2480501
2480504
2480513
2480574
2480579
2480604
2480638
2480644
2480645
2480648
2480673
2480691
2480699
2480704
2480712
2480722
2480729
2480762
2480769
2480793
2480819
2480825
2481013
2481040
2481050
2481064
2481083
2481225
2481238
2481280
2481308
2481320
2481400
2481500
2481504
2481528
2481530
2481578
2481583
2481618
2481726
2481753
2481817
2481883
2482036
2482210
2482218
2482222
2482271
2482317
2482337
2482347
2482349
2482372
2482394
2482399
2482423
2482449
2482456
2482585
2482634
2482728
2482755
2482764
2482824
2482878
2482896
2482924
2482939
2482965
2483014
2483045
2483111
2483122
2483135
2483188
2483254
2483293
2483313
2483320
2483377
2483383
2483408
2483499
2483512
2483564
2483583
2483599
2483611
2483658
2483663
2483736
2483762
2483788
2483833
2483968
2483969
2484021
2484041
2484067
2484193
2484200
2484218
2484225
2484229
2484269
2484288
2484293
2484302
2484372
2484399
2484418
2484423
2484464
2484517
2484629
2484649
2484662
2484702
2484731
2484742
2484759
2484777
2484782
2484784
2484798
2484801
2484816
2484828
2484877
2484894
2484937
2484964
2485001
2485077
2485102
2485135
2485153
2485184
2485223
2485278
2485331
2485416
2485420
2485427
2485532
2485535
2485543
2485557
2485570
2485597
2485607
2485719
2485740
2485807
2485813
2485825
2485857
2485863
2486008
2486037
2486127
2486162
2486203
2486225
2486286
2486294
2486449
2486476
2486483
2486505
2486537
2486544
2486576
2486595
2486639
2486649
2486685
2486733
2486741
2486759
2486836
2486869
2486910
2486924
2486936
2486940
2486974
2486979
2486990
2487004
2487137
2487199
2487218
2487231
2487233
2487252
2487307
2487312
2487323
2487346
2487352
2487376
2487451
2487467
2487506
2487511
2487519
2487533
2487661
2487724
2487737
2487746
2487780
2487948
2487977
2487986
2488030
2488042
2488047
2488102
2488252
2488316
2488411
2488413
2488417
2488500
2488535
2488539
2488748
2488808
2488844
2488889
2488899
2488937
2488945
2489018
2489023
2489025
2489062
2489118
2489148
2489158
2489184
2489195
2489212
2489242
2489259
2489299
2489304
2489312
2489315
2489321
2489326
2489332
2489465
2489476
2489519
2489539
2489708
2489709
2489735
2489741
2489742
2489760
2489809
2489832
2489839
2489853
2489867
2489888
2489933
2489938
2489939
2489991
2490017
2490033
2490053
2490091
2490126
2490161
2490181
2490239
2490298
2490307
2490323
2490344
2490371
2490395
2490423
2490464
2490525
2490577
2490609
2490660
2490674
2490702
2490769
2490850
2490862
2490890
2490932
2490945
2490961
2491037
2491067
2491076
2491084
2491100
2491126
2491141
2491155
2491182
2491237
2491260
2491355
2491378
2491383
2491459
2491465
2491481
2491516
2491591
2491609
2491647
2491671
2491728
2491735
2491773
2491788
2491792
2491848
2491918
2491995
2492031
2492040
2492043
2492063
2492097
2492098
2492141
2492194
2492222
2492245
2492264
2492339
2492359
2492375
2492387
2492397
2492446
2492508
2492536
2492557
2492563
2492612
2492636
2492661
2492682
2492749
2492757
2492779
2492781
2492793
2492810
2492889
2492905
2492929
2493002
2493012
2493102
2493228
2493268
2493277
2493289
2493292
2493318
2493362
2493372
2493411
2493419
2493429
2493445
2493456
2493486
2493621
2493624
2493670
2493708
2493711
2493809
2493815
2493841
2493878
2493966
2493997
2494024
2494114
2494204
2494232
2494313
2494318
2494324
2494332
2494403
2494564
2494573
2494584
2494632
2494735
2494783
2494835
2494865
2494869
2494875
2494883
2494951
2494996
2495009
2495019
2495038
2495067
2495111
2495125
2495164
2495179
2495216
2495243
2495250
2495323
2495419
2495437
2495441
2495465
2495517
2495545
2495571
2495597
2495600
2495626
2495648
2495656
2495694
2495722
2495741
2495798
2495850
2495852
2495902
2495933
2495971
2495976
2495988
2496076
2496122
2496179
2496182
2496222
2496263
2496287
2496319
2496346
2496371
2496378
2496398
2496412
2496423
2496466
2496515
2496544
2496562
2496568
2496615
2496642
2496650
2496670
2496726
2496750
2496757
2496784
2496828
2496833
2496843
2496865
2496885
2496911
2497018
2497028
2497105
2497144
2497174
2497280
2497301
2497368
2497379
2497421
2497461
2497473
2497547
2497698
2497701
2497709
2497738
2497808
2497827
2497835
2497853
2497864
2497870
2497878
2497879
2497881
2497885
2497917
2497934
2497974
2497991
2498008
2498044
2498106
2498146
2498163
2498175
2498241
2498246
2498259
2498316
2498371
2498400
2498419
2498436
2498459
2498487
2498529
2498592
2498639
2498672
2498708
2498722
2498780
2498805
2498856
2498917
2498925
2498939
2498975
2498996
2499004
2499013
2499034
2499054
2499106
2499111
2499133
2499152
2499169
2499272
2499329
2499344
2499384
2499393
2499396
2499411
2499517
2499533
2499543
2499592
2499599
2499735
2499750
2499810
2499886
2499911
2499978
2499980
2499990
2500043
2500074
2500075
2500205
2500206
2500219
2500230
2500258
2500262
2500298
2500304
2500314
2500416
2500450
2500477
2500481
2500518
2500521
2500550
2500634
2500674
2500683
2500764
2500779
2500900
2500983
2501002
2501013
2501026
2501032
2501099
2501102
2501137
2501218
2501247
2501292
2501378
2501379
2501388
2501394
2501415
2501497
2501542
2501602
2501621
2501638
2501645
2501688
2501759
2501799
2501835
2501924
2501936
2501957
2501984
2502007
2502022
2502057
2502078
2502120
2502154
2502156
2502162
2502173
2502220
2502285
2502304
2502337
2502361
2502386
2502411
2502431
2502467
2502480
2502554
2502571
2502703
2502767
2502769
2502834
2502857
2502904
2502986
2502995
2503113
2503125
2503147
2503234
2503235
2503275
2503310
2503333
2503363
2503370
2503417
2503419
2503465
2503581
2503626
2503644
2503664
2503668
2503688
2503715
2503915
2504010
2504031
2504097
2504162
2504201
2504248
2504308
2504339
2504355
2504363
2504411
2504495
2504512
2504520
2504525
2504643
2504661
2504672
2504687
2504748
2504763
2504818
2504842
2504882
2504889
2504899
2504934
2504937
2504948
2504967
2504976
2504982
2505018
2505024
2505044
2505069
2505177
2505212
2505220
2505277
2505308
2505313
2505335
2505382
2505393
2505422
2505440
2505452
2505485
2505537
2505553
2505586
2505668
2505734
2505844
2505858
2505949
2505977
2506000
2506007
2506040
2506047
2506081
2506089
2506098
2506160
2506219
2506249
2506263
2506320
2506330
2506549
2506580
2506591
2506618
2506757
2506816
2506820
2506876
2506986
2507034
2507043
2507055
2507084
2507086
2507104
2507260
2507292
2507295
2507357
2507365
2507381
2507413
2507438
2507450
2507468
2507494
2507536
2507575
2507604
2507612
2507641
2507645
2507732
2507796
2507837
2507841
2507876
2507928
2507957
2508031
2508035
2508201
2508270
2508280
2508366
2508442
2508452
2508492
2508496
2508531
2508545
2508554
2508563
2508612
2508723
2508836
2508895
2508913
2508932
2508967
2509024
2509039
2509061
2509137
2509190
2509212
2509233
2509292
2509334
2509358
2509360
2509369
2509385
2509405
2509428
2509459
2509469
2509506
2509560
2509619
2509629
2509759
2509766
2509815
2509817
2509819
2509857
2509866
2509877
2509903
2509904
2509921
2509989
2509991
2510002
2510003
2510016
2510134
2510158
2510161
2510260
2510313
2510331
2510370
2510436
2510456
2510485
2510526
2510546
2510587
2510612
2510651
2510686
2510867
2510975
2511007
2511087
2511128
2511143
2511151
2511276
2511331
2511346
2511357
2511364
2511368
2511410
2511428
2511430
2511458
2511630
2511643
2511725
2511748
2511766
2511780
2511815
2511843
2511862
2511981
2511997
2512058
2512089
2512110
2512173
2512323
2512392
2512432
2512434
2512458
2512465
2512527
2512549
2512563
2512571
2512663
2512676
2512713
2512741
2512767
2512775
2512877
2512893
2512936
2512967
2512996
2513034
2513075
2513099
2513110
2513136
2513150
2513174
2513225
2513245
2513266
2513286
2513343
2513351
2513361
2513367
2513387
2513406
2513414
2513546
2513551
2513590
2513594
2513620
2513624
2513665
2513758
2513759
2513801
2513803
2513836
2513849
2513873
2513882
2513915
2513939
2513958
2514003
2514041
2514057
2514138
2514160
2514166
2514177
2514209
2514220
2514242
2514285
2514296
2514301
2514328
2514340
2514408
2514420
2514443
2514483
2514489
2514541
2514584
2514589
2514654
2514670
2514750
2514791
2514800
2514824
2514856
2514869
2514950
2515012
2515027
2515078
2515087
2515118
2515122
2515132
2515146
2515190
2515234
2515239
2515248
2515314
2515330
2515366
2515379
2515403
2515515
2515585
2515598
2515629
2515658
2515675
2515726
2515758
2515793
2515840
2515868
2515871
2515895
2515905
2515937
2515967
2515999
2516035
2516037
2516057
2516117
2516132
2516201
2516209
2516270
2516328
2516379
2516389
2516416
2516426
2516428
2516497
2516521
2516534
2516546
2516583
2516719
2516741
2516748
2516848
2516877
2516895
2516926
2516937
2516950
2517002
2517025
2517104
2517111
2517186
2517209
2517242
2517272
2517274
2517292
2517298
2517310
2517327
2517377
2517432
2517437
2517449
2517477
2517496
2517665
2517750
2517796
2517808
2517868
2517884
2517911
2517913
2517985
2518031
2518088
2518090
2518107
2518145
2518148
2518156
2518158
2518275
2518280
2518315
2518325
2518329
2518356
2518506
2518535
2518578
2518639
2518792
2518915
2518941
2518945
2518954
2518994
2519024
2519051
2519056
2519062
2519073
2519080
2519089
2519138
2519150
2519191
2519227
2519245
2519280
2519367
2519408
2519413
2519445
2519468
2519483
2519485
2519507
2519522
2519531
2519546
2519554
2519573
2519579
2519629
2519674
2519752
2519791
2519804
2519824
2519884
2519925
2519948
2519951
2519954
2520073
2520080
2520090
2520096
2520132
2520162
2520168
2520243
2520326
2520333
2520437
2520439
2520470
2520516
2520538
2520652
2520696
2520807
2520842
2520867
2520910
2520916
2520918
2520921
2520961
2520994
2521011
2521016
2521100
2521195
2521216
2521256
2521263
2521273
2521282
2521284
2521329
2521363
2521383
2521413
2521429
2521440
2521473
2521510
2521514
2521552
2521580
2521650
2521715
2521726
2521759
2521813
2521823
2522000
2522012
2522032
2522038
2522048
2522061
2522068
2522156
2522188
2522210
2522264
2522294
2522303
2522324
2522372
2522384
2522392
2522424
2522495
2522622
2522669
2522676
2522791
2522879
2522923
2522957
2522963
2523002
2523019
2523049
2523098
2523104
2523143
2523160
2523199
2523222
2523270
2523295
2523303
2523384
2523394
2523422
2523473
2523488
2523630
2523633
2523640
2523664
2523679
2523706
2523717
2523720
2523915
2524059
2524159
2524169
2524176
2524183
2524246
2524291
2524329
2524360
2524400
2524427
2524477
2524518
2524550
2524581
2524608
2524625
2524657
2524749
2524779
2524819
2524863
2524881
2524897
2524918
2524970
2525019
2525046
2525104
2525155
2525187
2525220
2525302
2525370
2525380
2525405
2525455
2525493
2525509
2525519
2525552
2525591
2525598
2525652
2525666
2525672
2525678
2525709
2525781
2525799
2525849
2525864
2525907
2525927
2525960
2526036
2526120
2526136
2526139
2526221
2526257
2526290
2526369
2526374
2526439
2526451
2526487
2526551
2526564
2526582
2526636
2526656
2526667
2526702
2526724
2526754
2526759
2526790
2526801
2526839
2526854
2526877
2526878
2526883
2526947
2527001
2527040
2527064
2527073
2527171
2527221
2527332
2527385
2527388
2527401
2527460
2527522
2527557
2527583
2527598
2527648
2527651
2527654
2527705
2527725
2527815
2527835
2527860
2527874
2527894
2527966
2527967
2527976
2528011
2528051
2528063
2528078
2528126
2528147
2528157
2528169
2528178
2528264
2528320
2528344
2528351
2528369
2528435
2528454
2528485
2528510
2528572
2528641
2528678
2528702
2528720
2528829
2528839
2528843
2528889
2528936
2528950
2528996
2529096
2529119
2529165
2529235
2529240
2529278
2529303
2529322
2529333
2529343
2529349
2529368
2529429
2529451
2529476
2529552
2529559
2529627
2529650
2529663
2529701
2529718
2529866
2529893
2529945
2530020
2530028
2530043
2530077
2530147
2530191
2530242
2530263
2530287
2530311
2530378
2530414
2530417
2530437
2530447
2530462
2530512
2530523
2530556
2530567
2530577
2530589
2530602
2530630
2530682
2530691
2530722
2530737
2530820
2530872
2530977
2531025
2531048
2531053
2531059
2531063
2531074
2531169
2531267
2531283
2531291
2531301
2531508
2531511
2531515
2531518
2531623
2531676
2531788
2531847
2531889
2531902
2531947
2531949
2531956
2532110
2532147
2532166
2532200
2532242
2532259
2532298
2532354
2532422
2532452
2532478
2532495
2532498
2532548
2532563
2532593
2532685
2532703
2532745
2532802
2532812
2532891
2532993
2533011
2533031
2533109
2533229
2533243
2533356
2533505
2533513
2533536
2533544
2533590
2533672
2533687
2533697
2533750
2533761
2533855
2533861
2533913
2533916
2533975
2533994
2534054
2534092
2534167
2534221
2534381
2534385
2534410
2534414
2534457
2534495
2534501
2534509
2534513
2534525
2534534
2534608
2534618
2534620
2534661
2534675
2534681
2534692
2534696
2534738
2534739
2534748
2534770
2534776
2534797
2534802
2534864
2534905
2534957
2534981
2535025
2535037
2535041
2535053
2535059
2535070
2535111
2535122
2535135
2535149
2535166
2535172
2535197
2535248
2535262
2535268
2535291
2535302
2535304
2535346
2535367
2535387
2535406
2535535
2535578
2535589
2535665
2535691
2535718
2535724
2535740
2535841
2535846
2535890
2535995
2535996
2536001
2536055
2536077
2536129
2536192
2536212
2536243
2536253
2536280
2536292
2536332
2536411
2536511
2536515
2536566
2536692
2536710
2536730
2536816
2536835
2536860
2536896
2536910
2536914
2536922
2536990
2536995
2537041
2537069
2537077
2537108
2537113
2537185
2537195
2537218
2537241
2537243
2537269
2537284
2537294
2537298
2537320
2537345
2537382
2537397
2537408
2537495
2537502
2537513
2537566
2537575
2537604
2537616
2537646
2537653
2537659
2537665
2537788
2537813
2537824
2537825
2537833
2537859
2537894
2537908
2537926
2537929
2537957
2537989
2538032
2538058
2538171
2538191
2538197
2538223
2538225
2538268
2538462
2538464
2538485
2538508
2538692
2538703
2538709
2538751
2538755
2538814
2538925
2539021
2539116
2539119
2539151
2539201
2539217
2539315
2539349
2539364
2539423
2539459
2539494
2539526
2539539
2539573
2539595
2539702
2539704
2539832
2539919
2539947
2539952
2539975
2540028
2540066
2540069
2540085
2540148
2540178
2540201
2540218
2540237
2540247
2540251
2540285
2540294
2540467
2540606
2540615
2540665
2540667
2540670
2540706
2540795
2540796
2540894
2540900
2540949
2540957
2540960
2541116
2541226
2541229
2541279
2541351
2541370
2541392
2541401
2541444
2541448
2541455
2541460
2541467
2541521
2541536
2541587
2541661
2541701
2541741
2541818
2541863
2541874
2541878
2541961
2541969
2542072
2542173
2542181
2542192
2542198
2542252
2542300
2542313
2542335
2542389
2542456
2542514
2542547
2542559
2542605
2542615
2542631
2542634
2542651
2542691
2542707
2542730
2542922
2543001
2543002
2543026
2543049
2543055
2543085
2543126
2543241
2543243
2543274
2543332
2543369
2543404
2543437
2543475
2543498
2543546
2543548
2543578
2543646
2543694
2543744
2543847
2543855
2543982
2543984
2544014
2544035
2544081
2544148
2544165
2544171
2544196
2544276
2544301
2544391
2544489
2544518
2544526
2544558
2544576
2544603
2544617
2544652
2544682
2544691
2544709
2544731
2544735
2544811
2544846
2544855
2544929
2544937
2544962
2545057
2545059
2545207
2545212
2545263
2545286
2545292
2545324
2545356
2545363
2545385
2545391
2545411
2545430
2545537
2545563
2545566
2545660
2545671
2545696
2545708
2545710
2545726
2545778
2545784
2545810
2545893
2545924
2545963
2546022
2546062
2546071
2546177
2546187
2546207
2546258
2546297
2546404
2546465
2546482
2546503
2546539
2546568
2546641
2546646
2546656
2546671
2546675
2546692
2546751
2546756
2546793
2546798
2546828
2546848
2546886
2546941
2546997
2547014
2547039
2547122
2547151
2547157
2547162
2547278
2547284
2547293
2547339
2547387
2547398
2547420
2547464
2547551
2547588
2547601
2547602
2547654
2547680
2547740
2547771
2547790
2547825
2547828
2547858
2547864
2547901
2547904
2547931
2548006
2548136
2548204
2548231
2548234
2548278
2548324
2548331
2548342
2548381
2548481
2548510
2548579
2548625
2548656
2548834
2548857
2548988
2548992
2549005
2549026
2549060
2549064
2549070
2549075
2549098
2549187
2549192
2549228
2549268
2549311
2549355
2549379
2549428
2549438
2549458
2549510
2549621
2549659
2549673
2549689
2549718
2549748
2549751
2549761
2549806
2549807
2549812
2549856
2549920
2549922
2549963
2549992
2550019
2550091
2550096
2550101
2550106
2550141
2550157
2550159
2550193
2550266
2550310
2550390
2550409
2550427
2550481
2550490
2550527
2550528
2550657
2550677
2550741
2550758
2550791
2550830
2550851
2550856
2550876
2550930
2551008
2551036
2551054
2551063
2551082
2551101
2551103
2551142
2551161
2551187
2551206
2551216
2551219
2551226
2551249
2551275
2551277
2551326
2551430
2551537
2551744
2551855
2551902
2551990
2552069
2552092
2552160
2552182
2552191
2552203
2552207
2552230
2552350
2552384
2552392
2552402
2552403
2552459
2552475
2552491
2552578
2552602
2552607
2552807
2552837
2552847
2552879
2552902
2552955
2552987
2552992
2553017
2553020
2553079
2553090
2553113
2553147
2553169
2553263
2553340
2553392
2553495
2553562
2553581
2553634
2553639
2553641
2553654
2553676
2553721
2553753
2553768
2553773
2553801
2553829
2553839
2553892
2553901
2553915
2554005
2554012
2554121
2554131
2554183
2554207
2554280
2554319
2554348
2554366
2554418
2554520
2554549
2554604
2554677
2554684
2554734
2554831
2554912
2554935
2554975
2555060
2555190
2555202
2555224
2555242
2555265
2555284
2555336
2555344
2555357
2555399
2555476
2555493
2555500
2555532
2555538
2555541
2555554
2555585
2555660
2555672
2555709
2555739
2555746
2555761
2555765
2555813
2555837
2555843
2555882
2555887
2555919
2556088
2556168
2556227
2556240
2556276
2556289
2556358
2556359
2556379
2556394
2556451
2556453
2556481
2556596
2556608
2556610
2556641
2556659
2556673
2556683
2556703
2556720
2556747
2556763
2556772
2556779
2556808
2556817
2556829
2556840
2556902
2556942
2556988
2557046
2557077
2557086
2557137
2557150
2557179
2557190
2557216
2557225
2557232
2557274
2557281
2557300
2557323
2557339
2557348
2557474
2557481
2557514
2557520
2557639
2557717
2557741
2557762
2557792
2557798
2557803
2557810
2557834
2557931
2557950
2557968
2557986
2558044
2558081
2558218
2558296
2558300
2558321
2558453
2558499
2558500
2558510
2558526
2558538
2558540
2558550
2558592
2558602
2558619
2558649
2558655
2558701
2558728
2558735
2558748
2558771
2558812
2558827
2558863
2558901
2558964
2558996
2559061
2559062
2559087
2559123
2559134
2559156
2559218
2559234
2559258
2559280
2559290
2559329
2559368
2559392
2559684
2559720
2559729
2559772
2559786
2559843
2559938
2559949
2559975
2559996
2560129
2560171
2560187
2560211
2560235
2560251
2560285
2560289
2560299
2560352
2560413
2560453
2560456
2560656
2560695
2560736
2560744
2560749
2560772
2560786
2560819
2560822
2560877
2560881
2560898
2561006
2561058
2561088
2561153
2561214
2561256
2561268
2561336
2561394
2561413
2561518
2561531
2561554
2561656
2561664
2561722
2561744
2561787
2561805
2561864
2562000
2562069
2562095
2562138
2562167
2562216
2562253
2562293
2562353
2562392
2562449
2562502
2562550
2562559
2562619
2562657
2562812
2562824
2562827
2562860
2562893
2562894
2562896
2562913
2562943
2562969
2563018
2563034
2563073
2563126
2563174
2563182
2563244
2563314
2563333
2563397
2563433
2563523
2563553
2563588
2563594
2563646
2563654
2563660
2563690
2563792
2563811
2563858
2563934
2563979
2564001
2564068
2564076
2564083
2564091
2564101
2564105
2564114
2564205
2564226
2564249
2564252
2564285
2564340
2564354
2564365
2564371
2564431
2564452
2564485
2564490
2564500
2564508
2564511
2564622
2564630
2564633
2564668
2564700
2564720
2564732
2564932
2565014
2565069
2565120
2565171
2565174
2565177
2565196
2565241
2565247
2565284
2565337
2565409
2565427
2565488
2565491
2565500
2565601
2565679
2565716
2565755
2565811
2565812
2565902
2565993
2565997
2566003
2566042
2566096
2566108
2566112
2566128
2566151
2566154
2566198
2566208
2566236
2566254
2566260
2566261
2566312
2566392
2566396
2566459
2566528
2566547
2566580
2566583
2566587
2566592
2566613
2566619
2566675
2566862
2566916
2566971
2567009
2567030
2567075
2567123
2567151
2567241
2567268
2567275
2567296
2567302
2567375
2567405
2567447
2567460
2567478
2567548
2567652
2567656
2567729
2567734
2567739
2567771
2567780
2567804
2567808
2567882
2567887
2567969
2568025
2568028
2568060
2568227
2568284
2568314
2568445
2568458
2568502
2568503
2568517
2568539
2568555
2568612
2568634
2568708
2568725
2568732
2568772
2568809
2568811
2568873
2568887
2569109
2569132
2569194
2569200
2569271
2569305
2569338
2569357
2569393
2569443
2569449
2569488
2569595
2569629
2569644
2569649
2569653
2569658
2569683
2569756
2569777
2569837
2569854
2569862
2569942
2569945
2569977
2569994
2570059
2570073
2570078
2570091
2570102
2570243
2570375
2570413
2570478
2570507
2570533
2570694
2570716
2570828
2570985
2571005
2571050
2571086
2571102
2571129
2571218
2571238
2571280
2571285
2571376
2571413
2571476
2571528
2571569
2571598
2571605
2571634
2571661
2571664
2571700
2571714
2571814
2571836
2571858
2571909
2571914
2571916
2571944
2571986
2571998
2572009
2572054
2572125
2572170
2572224
2572226
2572240
2572255
2572278
2572280
2572282
2572316
2572338
2572407
2572434
2572521
2572533
2572548
2572559
2572670
2572696
2572703
2572722
2572800
2572806
2572848
2572895
2572902
2572911
2572914
2572943
2572960
2573007
2573033
2573046
2573073
2573099
2573118
2573226
2573325
2573378
2573396
2573412
2573441
2573471
2573576
2573636
2573639
2573664
2573696
2573756
2573775
2573809
2573826
2573832
2573932
2574001
2574103
2574106
2574136
2574145
2574200
2574206
2574231
2574240
2574366
2574520
2574730
2574772
2574782
2574854
2574941
2575001
2575004
2575014
2575036
2575043
2575047
2575056
2575083
2575093
2575211
2575243
2575294
2575299
2575385
2575415
2575438
2575451
2575455
2575457
2575489
2575524
2575531
2575541
2575556
2575563
2575574
2575605
2575684
2575808
2575872
2575874
2575931
2575957
2576041
2576103
2576150
2576174
2576184
2576232
2576238
2576258
2576261
2576268
2576271
2576277
2576295
2576316
2576357
2576393
2576493
2576532
2576577
2576595
2576606
2576681
2576779
2576787
2576806
2576813
2576817
2576820
2576841
2576850
2576876
2576896
2576931
2576934
2576938
2576946
2576987
2576995
2577031
2577099
2577123
2577152
2577182
2577214
2577237
2577248
2577269
2577296
2577331
2577340
2577365
2577378
2577383
2577386
2577466
2577492
2577502
2577518
2577532
2577535
2577552
2577555
2577583
2577615
2577635
2577655
2577659
2577669
2577696
2577758
2577761
2577766
2577779
2577815
2577879
2577891
2577897
2577915
2577919
2577927
2577944
2577957
2577988
2578007
2578022
2578040
2578079
2578198
2578240
2578308
2578458
2578541
2578550
2578561
2578564
2578595
2578627
2578653
2578667
2578701
2578734
2578780
2578832
2578837
2578899
2578978
2578986
2579011
2579058
2579078
2579107
2579118
2579130
2579145
2579152
2579155
2579163
2579171
2579190
2579294
2579306
2579337
2579371
2579405
2579474
2579500
2579502
2579526
2579537
2579607
2579612
2579649
2579687
2579769
2579794
2579845
2580022
2580038
2580040
2580074
2580096
2580147
2580159
2580241
2580294
2580302
2580310
2580325
2580336
2580355
2580488
2580501
2580619
2580652
2580684
2580772
2580798
2580848
2580868
2580899
2580909
2580933
2580993
2581028
2581044
2581056
2581083
2581142
2581171
2581250
2581313
2581330
2581350
2581384
2581386
2581487
2581541
2581562
2581641
2581760
2581764
2581804
2581859
2581914
2581925
2581975
2582064
2582092
2582122
2582152
2582187
2582206
2582256
2582375
2582389
2582500
2582510
2582566
2582609
2582698
2582723
2582732
2582755
2582782
2582810
2582833
2582846
2582876
2582917
2582928
2582936
2582968
2582997
2583137
2583143
2583225
2583233
2583243
2583266
2583294
2583385
2583454
2583465
2583486
2583523
2583594
2583598
2583633
2583648
2583758
2583810
2583855
2583860
2583879
2583913
2583920
2583984
2583996
2584020
2584033
2584049
2584098
2584239
2584374
2584425
2584460
2584467
2584471
2584488
2584497
2584499
2584508
2584603
2584618
2584701
2584703
2584790
2584800
2584907
2584911
2585032
2585165
2585213
2585224
2585341
2585386
2585483
2585495
2585521
2585539
2585551
2585565
2585644
2585652
2585654
2585682
2585698
2585702
2585780
2585797
2585803
2585812
2585855
2585897
2585918
2586015
2586019
2586033
2586121
2586161
2586213
2586285
2586296
2586325
2586336
2586380
2586387
2586442
2586457
2586466
2586482
2586541
2586639
2586653
2586692
2586758
2586768
2586806
2586895
2586896
2586917
2586937
2587010
2587040
2587267
2587280
2587287
2587323
2587344
2587452
2587507
2587509
2587535
2587550
2587588
2587693
2587796
2587882
2587929
2588006
2588042
2588053
2588066
2588109
2588154
2588220
2588245
2588252
2588275
2588280
2588327
2588392
2588448
2588479
2588500
2588532
2588553
2588565
2588614
2588664
2588685
2588729
2588827
2588869
2588933
2589054
2589102
2589104
2589237
2589263
2589347
2589354
2589372
2589383
2589396
2589467
2589488
2589493
2589497
2589523
2589539
2589566
2589579
2589610
2589619
2589638
2589662
2589748
2589754
2589893
2589899
2589918
2589944
2590005
2590009
2590019
2590025
2590071
2590113
2590140
2590162
2590250
2590312
2590326
2590442
2590478
2590484
2590533
2590596
2590607
2590654
2590694
2590704
2590709
2590733
2590797
2590834
2590928
2590931
2591028
2591127
2591181
2591227
2591261
2591306
2591319
2591323
2591378
2591420
2591450
2591487
2591533
2591549
2591555
2591565
2591572
2591672
2591692
2591697
2591747
2591801
2591874
2591984
2592005
2592012
2592018
2592074
2592085
2592095
2592211
2592264
2592316
2592354
2592450
2592459
2592491
2592564
2592586
2592623
2592662
2592686
2592790
2592850
2592871
2592875
2592900
2592921
2592991
2593019
2593024
2593091
2593098
2593105
2593148
2593194
2593223
2593232
2593241
2593253
2593262
2593276
2593281
2593325
2593344
2593396
2593453
2593466
2593585
2593593
2593608
2593633
2593659
2593661
2593687
2593722
2593772
2593784
2593798
2593833
2593848
2593852
2593862
2593873
2593912
2593918
2593922
2593959
2593965
2593977
2593999
2594001
2594078
2594085
2594090
2594114
2594130
2594160
2594198
2594229
2594295
2594340
2594351
2594369
2594381
2594447
2594467
2594483
2594536
2594574
2594578
2594617
2594629
2594662
2594667
2594693
2594694
2594724
2594738
2594746
2594782
2594797
2594816
2594927
2595034
2595065
2595132
2595161
2595220
2595222
2595287
2595372
2595376
2595401
2595450
2595486
2595536
2595579
2595582
2595600
2595649
2595727
2595824
2595829
2595835
2595838
2595884
2595908
2595912
2596133
2596197
2596223
2596292
2596298
2596310
2596377
2596411
2596421
2596472
2596474
2596477
2596493
2596523
2596543
2596553
2596594
2596599
2596629
2596674
2596689
2596889
2596897
2597075
2597136
2597167
2597227
2597242
2597327
2597366
2597377
2597388
2597419
2597468
2597513
2597527
2597541
2597544
2597599
2597608
2597703
2597735
2597784
2597824
2597835
2597855
2597870
2597876
2597885
2597916
2598105
2598152
2598273
2598373
2598377
2598387
2598392
2598397
2598415
2598464
2598473
2598624
2598710
2598717
2598737
2598750
2598756
2598952
2598994
2599018
2599030
2599042
2599178
2599188
2599245
2599278
2599293
2599393
2599399
2599471
2599546
2599585
2599667
2599693
2599775
2599789
2599900
2599922
2600132
2600139
2600154
2600186
2600203
2600238
2600250
2600256
2600261
2600279
2600349
2600366
2600404
2600436
2600552
2600563
2600604
2600623
2600639
2600665
2600705
2600708
2600723
2600777
2600821
2600829
2600896
2600910
2600931
2600957
2600999
2601018
2601092
2601133
2601163
2601188
2601219
2601239
2601373
2601376
2601536
2601612
2601650
2601674
2601896
2601957
2601961
2601963
2601976
2601990
2602015
2602029
2602173
2602289
2602360
2602375
2602379
2602423
2602438
2602491
2602533
2602536
2602543
2602595
2602676
2602714
2602787
2602798
2602821
2602835
2603001
2603006
2603022
2603093
2603105
2603147
2603153
2603195
2603227
2603245
2603281
2603335
2603364
2603372
2603385
2603401
2603408
2603522
2603536
2603583
2603591
2603595
2603601
2603696
2603701
2603818
2603852
2603930
2603969
2603977
2604017
2604058
2604093
2604141
2604149
2604186
2604194
2604240
2604262
2604297
2604303
2604330
2604345
2604384
2604390
2604401
2604416
2604422
2604448
2604458
2604541
2604552
2604626
2604646
2604650
2604757
2604975
2605005
2605187
2605207
2605233
2605257
2605293
2605329
2605410
2605420
2605469
2605500
2605519
2605523
2605529
2605539
2605569
2605640
2605645
2605720
2605769
2605819
2605832
2605847
2605877
2605898
2605912
2605922
2605999
2606068
2606110
2606124
2606154
2606215
2606232
2606242
2606254
2606337
2606345
2606356
2606414
2606430
2606454
2606508
2606510
2606525
2606674
2606789
2606805
2606873
2606924
2606926
2606937
2606940
2606953
2607024
2607050
2607070
2607091
2607100
2607120
2607201
2607210
2607236
2607346
2607368
2607396
2607449
2607520
2607604
2607719
2607866
2607917
2607929
2608038
2608054
2608082
2608086
2608184
2608206
2608230
2608235
2608237
2608305
2608315
2608361
2608483
2608510
2608521
2608528
2608579
2608588
2608654
2608719
2608797
2608812
2608876
2608905
2608952
2609047
2609142
2609259
2609300
2609308
2609311
2609376
2609397
2609399
2609430
2609444
2609461
2609466
2609558
2609587
2609592
2609597
2609640
2609650
2609670
2609702
2609763
2609775
2609786
2609934
2610030
2610044
2610097
2610115
2610228
2610336
2610345
2610423
2610444
2610452
2610479
2610492
2610496
2610542
2610564
2610616
2610667
2610731
2610743
2610757
2610786
2610801
2610819
2610824
2610837
2610854
2610893
2610903
2610915
2610973
2610986
2611022
2611030
2611035
2611115
2611155
2611175
2611207
2611210
2611247
2611260
2611261
2611262
2611323
2611327
2611330
2611338
2611413
2611441
2611446
2611458
2611508
2611517
2611531
2611546
2611591
2611613
2611813
2611816
2611821
2611830
2612058
2612066
2612109
2612150
2612191
2612295
2612320
2612340
2612466
2612555
2612582
2612600
2612647
2612653
2612707
2612751
2612772
2612783
2612858
2612910
2612926
2612934
2612967
2612969
2613172
2613233
2613270
2613279
2613341
2613492
2613583
2613600
2613638
2613709
2613722
2613730
2613753
2613763
2613783
2613826
2613897
2613976
2613980
2614068
2614080
2614115
2614135
2614151
2614268
2614293
2614309
2614351
2614370
2614453
2614462
2614482
2614495
2614575
2614595
2614644
2614659
2614721
2614733
2614752
2614797
2614800
2614820
2614830
2614869
2614883
2614913
2614925
2614983
2614987
2615004
2615056
2615115
2615134
2615152
2615224
2615227
2615363
2615440
2615488
2615508
2615522
2615531
2615570
2615618
2615625
2615667
2615674
2615693
2615710
2615759
2615805
2615821
2615861
2615867
2615900
2615946
2615951
2615956
2615990
2616075
2616135
2616159
2616165
2616211
2616219
2616227
2616256
2616291
2616294
2616327
2616330
2616371
2616377
2616428
2616487
2616490
2616512
2616528
2616560
2616589
2616596
2616607
2616677
2616733
2616799
2616807
2616811
2616865
2616881
2616886
2616895
2616933
2616941
2616978
2617024
2617045
2617056
2617064
2617127
2617149
2617181
2617243
2617312
2617409
2617410
2617441
2617451
2617489
2617502
2617568
2617587
2617589
2617601
2617654
2617657
2617664
2617677
2617699
2617713
2617762
2617774
2617807
2617843
2617852
2617860
2617865
2617881
2617945
2617982
2617986
2618014
2618022
2618053
2618056
2618059
2618065
2618103
2618125
2618143
2618200
2618250
2618285
2618304
2618310
2618381
2618397
2618432
2618469
2618568
2618571
2618579
2618630
2618716
2618722
2618729
2618770
2618792
2618798
2618809
2618910
2618951
2618976
2619006
2619123
2619158
2619164
2619183
2619233
2619279
2619438
2619461
2619465
2619496
2619499
2619507
2619569
2619588
2619603
2619667
2619677
2619703
2619767
2619791
2619854
2619921
2619969
2619971
2619985
2619987
2620010
2620028
2620064
2620162
2620171
2620271
2620276
2620290
2620318
2620320
2620344
2620354
2620436
2620465
2620503
2620555
2620661
2620672
2620695
2620703
2620716
2620720
2621014
2621024
2621033
2621049
2621066
2621087
2621184
2621226
2621306
2621406
2621409
2621559
2621629
2621652
2621658
2621681
2621741
2621791
2621859
2621941
2621949
2621956
2621959
2621968
2621973
2622026
2622073
2622089
2622099
2622129
2622147
2622191
2622202
2622205
2622232
2622246
2622304
2622316
2622448
2622480
2622516
2622517
2622524
2622541
2622588
2622626
2622659
2622668
2622676
2622715
2622762
2622786
2622937
2622942
2622948
2622996
2623026
2623083
2623142
2623189
2623290
2623415
2623452
2623468
2623499
2623514
2623609
2623615
2623660
2623696
2623765
2623774
2623791
2623808
2623831
2623832
2623878
2623881
2623906
2623921
2623947
2623960
2623983
2624006
2624052
2624104
2624110
2624116
2624141
2624189
2624214
2624230
2624301
2624308
2624355
2624363
2624437
2624444
2624462
2624486
2624491
2624505
2624622
2624725
2624728
2624867
2624958
2625037
2625040
2625047
2625065
2625100
2625126
2625182
2625216
2625228
2625278
2625327
2625387
2625396
2625424
2625568
2625591
2625594
2625618
2625647
2625652
2625701
2625723
2625728
2625792
2625801
2625828
2625850
2625874
2625881
2625883
2625912
2625947
2625974
2625978
2626004
2626082
2626123
2626132
2626150
2626162
2626171
2626177
2626180
2626274
2626315
2626385
2626399
2626477
2626523
2626560
2626601
2626639
2626644
2626690
2626696
2626726
2626755
2626798
2626810
2626836
2626841
2626891
2626897
2626909
2626910
2626946
2627074
2627093
2627143
2627194
2627207
2627222
2627324
2627393
2627418
2627427
2627439
2627456
2627516
2627534
2627551
2627588
2627694
2627715
2627724
2627752
2627803
2627824
2627835
2627863
2627919
2628099
2628163
2628268
2628272
2628278
2628296
2628320
2628327
2628332
2628367
2628421
2628570
2628632
2628638
2628667
2628673
2628707
2628732
2628735
2628764
2628790
2628865
2628893
2628910
2629017
2629028
2629037
2629091
2629143
2629154
2629172
2629203
2629212
2629245
2629261
2629273
2629279
2629295
2629328
2629388
2629398
2629408
2629417
2629434
2629465
2629493
2629511
2629518
2629535
2629556
2629569
2629663
2629712
2629753
2629786
2629861
2629922
2629937
2629961
2630017
2630025
2630149
2630159
2630170
2630233
2630244
2630407
2630435
2630529
2630543
2630557
2630580
2630639
2630704
2630716
2630753
2630798
2630801
2630809
2630844
2630901
2630948
2631003
2631045
2631059
2631075
2631081
2631095
2631114
2631270
2631293
2631294
2631302
2631321
2631325
2631343
2631379
2631438
2631444
2631460
2631477
2631513
2631531
2631540
2631582
2631674
2631724
2631734
2631759
2631767
2631787
2631827
2631873
2631891
2631919
2631950
2631976
2632042
2632076
2632165
2632182
2632240
2632339
2632348
2632411
2632502
2632533
2632583
2632627
2632667
2632756
2632790
2632903
2632911
2632929
2633037
2633046
2633055
2633082
2633157
2633192
2633203
2633249
2633330
2633339
2633370
2633422
2633425
2633436
2633442
2633463
2633529
2633583
2633642
2633648
2633666
2633716
2633736
2633830
2633866
2633868
2633883
2633896
2633913
2633915
2633958
2633993
2634050
2634065
2634173
2634196
2634210
2634260
2634289
2634298
2634322
2634327
2634339
2634363
2634385
2634417
2634467
2634506
2634530
2634559
2634573
2634605
2634645
2634673
2634701
2634703
2634742
2634755
2634757
2634768
2634812
2634832
2634844
2634866
2634906
2634965
2634975
2635005
2635007
2635031
2635105
2635159
2635215
2635314
2635357
2635360
2635378
2635458
2635483
2635524
2635533
2635562
2635566
2635599
2635666
2635743
2635753
2635756
2635798
2635804
2635807
2635834
2635847
2635874
2635876
2635937
2635969
2636018
2636054
2636084
2636148
2636240
2636265
2636349
2636370
2636453
2636526
2636630
2636715
2636725
2636795
2636806
2636825
2636838
2636931
2636971
2637022
2637024
2637077
2637264
2637329
2637344
2637407
2637430
2637451
2637487
2637504
2637528
2637538
2637547
2637577
2637583
2637587
2637679
2637706
2637715
2637719
2637750
2637769
2637775
2637787
2637794
2637907
2637921
2637964
2637975
2637978
2638006
2638067
2638070
2638123
2638136
2638154
2638158
2638203
2638261
2638364
2638372
2638384
2638424
2638520
2638555
2638613
2638640
2638642
2638722
2638766
2638784
2638788
2638805
2638843
2638868
2638870
2638882
2638889
2638908
2638952
2639095
2639158
2639164
2639195
2639201
2639254
2639261
2639287
2639341
2639437
2639447
2639505
2639516
2639617
2639622
2639628
2639642
2639661
2639669
2639794
2639947
2639966
2640053
2640089
2640093
2640113
2640137
2640140
2640167
2640178
2640202
2640222
2640302
2640307
2640313
2640316
2640333
2640363
2640395
2640415
2640461
2640525
2640547
2640550
2640556
2640640
2640721
2640740
2640784
2640789
2640837
2640880
2640884
2640906
2640911
2640941
2641014
2641058
2641160
2641166
2641294
2641297
2641368
2641418
2641425
2641516
2641623
2641631
2641692
2641727
2641760
2641870
2641925
2641952
2642015
2642028
2642056
2642083
2642102
2642122
2642133
2642154
2642186
2642216
2642219
2642227
2642262
2642287
2642329
2642424
2642427
2642429
2642437
2642509
2642542
2642594
2642614
2642664
2642709
2642795
2642849
2642876
2642961
2643023
2643102
2643158
2643166
2643273
2643281
2643401
2643451
2643455
2643478
2643550
2643554
2643601
2643626
2643667
2643670
2643684
2643688
2643735
2643773
2643776
2643778
2643783
2643828
2643836
2643852
2643885
2643906
2643910
2643950
2644003
2644038
2644062
2644131
2644135
2644215
2644223
2644235
2644252
2644324
2644337
2644344
2644363
2644380
2644393
2644398
2644465
2644490
2644502
2644546
2644561
2644588
2644606
2644706
2644743
2644747
2644869
2644920
2644929
2644938
2645140
2645148
2645166
2645256
2645258
2645268
2645298
2645328
2645330
2645334
2645345
2645351
2645359
2645364
2645460
2645464
2645467
2645511
2645525
2645555
2645559
2645706
2645768
2645779
2645798
2645818
2645872
2646013
2646035
2646109
2646154
2646170
2646202
2646233
2646248
2646306
2646324
2646326
2646328
2646341
2646351
2646371
2646378
2646426
2646442
2646527
2646544
2646555
2646566
2646568
2646578
2646608
2646611
2646653
2646694
2646748
2646763
2646788
2646802
2646834
2646845
2646871
2647000
2647058
2647164
2647206
2647213
2647255
2647307
2647319
2647377
2647386
2647391
2647441
2647450
2647458
2647467
2647540
2647590
2647622
2647668
2647693
2647707
2647742
2647775
2647856
2647864
2647897
2647922
2647949
2648055
2648063
2648077
2648105
2648111
2648112
2648157
2648174
2648200
2648266
2648280
2648288
2648290
2648327
2648356
2648369
2648415
2648418
2648595
2648641
2648675
2648723
2648732
2648736
2648867
2648914
2648966
2648979
2648993
2649042
2649088
2649171
2649204
2649229
2649238
2649246
2649277
2649324
2649347
2649357
2649402
2649430
2649436
2649453
2649519
2649543
2649564
2649580
2649613
2649626
2649645
2649655
2649658
2649731
2649746
2649750
2649767
2649804
2649826
2649832
2649889
2649926
2650038
2650127
2650180
2650238
2650292
2650354
2650378
2650430
2650484
2650494
2650499
2650507
2650521
2650592
2650635
2650646
2650735
2650747
2650931
2650995
2651084
2651246
2651257
2651260
2651263
2651274
2651281
2651292
2651318
2651394
2651454
2651475
2651482
2651517
2651536
2651589
2651599
2651664
2651678
2651751
2651792
2651803
2651911
2651923
2652046
2652158
2652207
2652213
2652250
2652464
2652513
2652554
2652620
2652628
2652637
2652657
2652770
2652829
2653013
2653041
2653107
2653184
2653196
2653248
2653264
2653274
2653381
2653383
2653442
2653460
2653665
2653696
2653724
2653732
2653807
2653847
2653851
2653942
2654021
2654078
2654200
2654215
2654221
2654228
2654258
2654285
2654339
2654397
2654402
2654416
2654453
2654464
2654472
2654515
2654604
2654626
2654692
2654827
2654837
2654847
2654850
2654863
2654971
2655004
2655009
2655105
2655124
2655160
2655187
2655222
2655266
2655272
2655326
2655354
2655387
2655395
2655467
2655472
2655527
2655534
2655558
2655587
2655619
2655660
2655678
2655697
2655841
2655853
2655890
2655903
2655927
2655929
2656060
2656095
2656101
2656106
2656209
2656326
2656371
2656382
2656533
2656645
2656661
2656716
2656760
2656775
2656799
2656806
2656882
2656900
2656985
2657029
2657070
2657073
2657116
2657201
2657295
2657355
2657393
2657414
2657469
2657477
2657517
2657551
2657560
2657643
2657652
2657657
2657745
2657749
2657755
2657765
2657886
2657933
2658002
2658070
2658104
2658107
2658125
2658143
2658173
2658191
2658235
2658264
2658411
2658461
2658467
2658535
2658578
2658587
2658599
2658717
2658765
2658775
2658788
2658835
2658904
2658925
2658931
2658959
2658974
2659076
2659087
2659103
2659117
2659150
2659154
2659251
2659268
2659331
2659367
2659369
2659481
2659494
2659507
2659525
2659558
2659666
2659676
2659689
2659775
2659846
2659855
2659859
2659890
2659893
2659911
2659930
2659976
2660003
2660045
2660063
2660069
2660100
2660102
2660124
2660168
2660179
2660224
2660240
2660306
2660322
2660364
2660381
2660419
2660440
2660452
2660579
2660586
2660713
2660820
2660861
2660890
2660945
2660964
2661081
2661148
2661153
2661200
2661228
2661232
2661238
2661247
2661250
2661300
2661316
2661383
2661393
2661416
2661422
2661442
2661464
2661499
2661524
2661539
2661633
2661650
2661744
2661786
2661827
2661855
2661868
2661881
2661887
2662000
2662032
2662041
2662046
2662052
2662095
2662099
2662124
2662198
2662208
2662231
2662243
2662286
2662289
2662294
2662319
2662431
2662458
2662475
2662504
2662514
2662528
2662541
2662600
2662631
2662672
2662684
2662756
2662796
2662812
2662832
2662843
2662867
2662913
2662949
2662985
2662997
2663002
2663008
2663011
2663024
2663092
2663109
2663127
2663164
2663217
2663248
2663283
2663290
2663327
2663332
2663338
2663351
2663370
2663519
2663521
2663684
2663744
2663782
2663801
2663805
2663841
2663907
2663916
2663969
2663975
2663978
2664031
2664059
2664099
2664156
2664254
2664266
2664270
2664324
2664384
2664453
2664456
2664512
2664610
2664728
2664744
2664756
2664808
2664845
2664862
2664882
2664889
2664957
2665048
2665050
2665116
2665163
2665182
2665204
2665295
2665312
2665380
2665389
2665432
2665444
2665447
2665479
2665497
2665564
2665584
2665721
2665774
2665791
2665818
2665962
2665965
2666010
2666061
2666109
2666114
2666140
2666346
2666368
2666387
2666408
2666416
2666427
2666433
2666471
2666474
2666482
2666550
2666553
2666566
2666568
2666574
2666614
2666620
2666622
2666645
2666676
2666726
2666738
2666776
2666790
2666845
2666886
2667002
2667009
2667020
2667117
2667143
2667144
2667146
2667185
2667199
2667215
2667271
2667353
2667363
2667408
2667431
2667514
2667637
2667780
2667824
2667884
2667912
2667919
2667972
2667977
2668030
2668061
2668115
2668126
2668155
2668156
2668211
2668235
2668289
2668298
2668332
2668357
2668381
2668503
2668535
2668550
2668561
2668588
2668600
2668637
2668650
2668664
2668669
2668705
2668713
2668729
2668746
2668828
2668839
2668844
2668849
2668851
2668900
2668924
2669032
2669081
2669099
2669127
2669168
2669232
2669236
2669340
2669371
2669398
2669425
2669507
2669518
2669520
2669522
2669664
2669673
2669692
2669711
2669713
2669785
2669789
2669971
2670159
2670161
2670169
2670183
2670186
2670202
2670338
2670488
2670565
2670594
2670624
2670654
2670700
2670754
2670779
2670792
2670810
2670851
2670897
2670911
2670945
2671025
2671041
2671052
2671068
2671127
2671155
2671181
2671187
2671207
2671221
2671255
2671274
2671351
2671358
2671420
2671431
2671442
2671516
2671595
2671649
2671698
2671729
2671748
2671760
2671777
2671782
2671803
2671906
2671967
2672042
2672129
2672137
2672141
2672157
2672185
2672214
2672260
2672277
2672290
2672323
2672341
2672376
2672450
2672463
2672465
2672594
2672658
2672680
2672789
2672826
2672834
2672855
2672899
2672950
2673031
2673036
2673050
2673089
2673113
2673166
2673242
2673283
2673329
2673334
2673371
2673408
2673431
2673473
2673520
2673567
2673588
2673720
2673738
2673741
2673783
2673803
2673876
2673970
2673998
2674114
2674199
2674265
2674310
2674311
2674345
2674368
2674397
2674403
2674428
2674440
2674539
2674579
2674597
2674654
2674661
2674683
2674699
2674736
2674746
2674767
2674771
2674783
2674793
2674881
2674953
2675071
2675118
2675235
2675301
2675343
2675358
2675390
2675410
2675432
2675500
2675505
2675573
2675582
2675597
2675664
2675690
2675711
2675714
2675732
2675746
2675779
2675799
2675806
2675815
2675817
2675838
2675870
2675888
2675915
2675943
2675953
2675968
2675976
2675988
2676003
2676039
2676084
2676123
2676148
2676156
2676218
2676229
2676260
2676268
2676331
2676340
2676446
2676546
2676598
2676663
2676722
2676833
2676836
2676869
2676969
2677049
2677050
2677061
2677091
2677116
2677128
2677204
2677224
2677239
2677296
2677447
2677481
2677514
2677536
2677571
2677595
2677630
2677643
2677681
2677768
2677799
2677837
2677905
2677946
2677948
2677986
2678083
2678129
2678136
2678148
2678296
2678300
2678315
2678323
2678336
2678345
2678386
2678414
2678436
2678450
2678496
2678548
2678616
2678629
2678646
2678649
2678676
2678683
2678868
2678939
2678946
2678952
2678976
2678981
2678999
2679002
2679059
2679062
2679085
2679147
2679150
2679159
2679170
2679219
2679225
2679271
2679276
2679312
2679317
2679428
2679430
2679432
2679456
2679495
2679588
2679628
2679703
2679713
2679745
2679760
2679775
2679778
2679792
2679802
2679812
2679881
2679940
2679943
2680009
2680027
2680052
2680067
2680083
2680297
2680350
2680366
2680384
2680467
2680476
2680499
2680507
2680519
2680531
2680541
2680627
2680680
2680708
2680724
2680741
2680744
2680798
2680821
2680881
2680919
2681000
2681019
2681076
2681080
2681088
2681099
2681104
2681136
2681158
2681210
2681277
2681311
2681344
2681347
2681355
2681377
2681383
2681408
2681424
2681428
2681453
2681518
2681594
2681608
2681613
2681623
2681627
2681663
2681720
2681756
2681788
2681816
2681833
2681871
2681909
2681916
2681924
2681931
2681966
2682085
2682112
2682116
2682147
2682155
2682188
2682205
2682309
2682371
2682382
2682446
2682472
2682521
2682551
2682560
2682612
2682661
2682670
2682703
2682713
2682722
2682909
2682913
2682932
2682967
2682975
2683025
2683050
2683117
2683118
2683122
2683136
2683166
2683246
2683257
2683277
2683294
2683335
2683351
2683415
2683456
2683510
2683541
2683572
2683581
2683589
2683596
2683600
2683650
2683686
2683716
2683725
2683734
2683741
2683749
2683757
2683778
2683852
2683855
2683862
2683932
2683944
2683980
2684006
2684029
2684041
2684077
2684119
2684138
2684185
2684194
2684210
2684239
2684277
2684330
2684367
2684386
2684392
2684442
2684490
2684513
2684588
2684616
2684673
2684705
2684765
2684776
2684828
2684876
2684896
2684909
2685033
2685110
2685230
2685235
2685240
2685326
2685395
2685433
2685468
2685495
2685546
2685599
2685618
2685642
2685693
2685795
2685805
2685846
2685858
2685944
2685962
2685970
2685991
2686045
2686055
2686060
2686088
2686146
2686160
2686166
2686236
2686282
2686359
2686370
2686390
2686424
2686437
2686446
2686469
2686500
2686521
2686589
2686626
2686650
2686658
2686664
2686667
2686748
2686783
2686785
2686802
2686835
2686837
2686838
2686854
2686865
2686879
2686889
2686915
2686966
2686974
2687016
2687026
2687037
2687041
2687072
2687112
2687128
2687160
2687231
2687303
2687323
2687345
2687422
2687474
2687497
2687528
2687536
2687555
2687572
2687576
2687587
2687592
2687599
2687623
2687654
2687689
2687718
2687737
2688007
2688022
2688044
2688174
2688201
2688242
2688247
2688266
2688351
2688398
2688409
2688413
2688419
2688449
2688483
2688532
2688565
2688592
2688609
2688632
2688640
2688664
2688666
2688675
2688743
2688766
2688784
2688811
2688826
2688833
2688879
2688928
2688958
2688982
2689021
2689040
2689052
2689100
2689125
2689136
2689185
2689235
2689264
2689377
2689406
2689482
2689510
2689512
2689531
2689544
2689601
2689602
2689625
2689667
2689689
2689717
2689850
2689990
2690001
2690040
2690051
2690068
2690081
2690155
2690163
2690224
2690312
2690376
2690381
2690384
2690422
2690433
2690567
2690663
2690719
2690784
2690789
2690819
2690908
2690914
2690966
2690979
2690984
2690989
2690999
2691010
2691033
2691092
2691115
2691133
2691139
2691197
2691214
2691218
2691235
2691297
2691394
2691419
2691434
2691492
2691494
2691501
2691521
2691541
2691547
2691552
2691565
2691678
2691698
2691743
2691820
2691866
2691971
2691973
2692021
2692074
2692084
2692099
2692127
2692135
2692159
2692198
2692225
2692231
2692240
2692289
2692298
2692300
2692356
2692405
2692415
2692487
2692493
2692543
2692602
2692606
2692680
2692698
2692741
2692743
2692760
2692762
2692839
2692871
2692890
2692893
2692923
2692961
2692987
2693008
2693068
2693114
2693164
2693215
2693228
2693233
2693251
2693261
2693275
2693293
2693339
2693415
2693479
2693511
2693573
2693583
2693714
2693744
2693815
2693870
2693952
2693976
2694134
2694138
2694160
2694236
2694271
2694351
2694402
2694405
2694411
2694449
2694471
2694493
2694556
2694634
2694645
2694680
2694730
2694741
2694780
2694795
2694809
2694829
2694875
2694958
2695010
2695121
2695173
2695195
2695310
2695374
2695422
2695446
2695494
2695511
2695559
2695636
2695657
2695675
2695683
2695711
2695769
2695847
2695857
2695875
2695877
2695899
2695908
2695915
2695975
2696016
2696069
2696111
2696151
2696163
2696177
2696179
2696285
2696294
2696352
2696381
2696386
2696442
2696583
2696596
2696599
2696601
2696639
2696651
2696696
2696703
2696720
2696732
2696743
2696751
2696767
2696770
2696784
2696823
2696839
2696897
2696917
2696953
2696977
2697015
2697021
2697058
2697093
2697112
2697147
2697187
2697199
2697203
2697411
2697486
2697494
2697513
2697578
2697652
2697678
2697710
2697721
2697790
2697802
2697920
2697934
2697951
2698025
2698037
2698068
2698116
2698132
2698140
2698159
2698187
2698189
2698229
2698262
2698303
2698381
2698387
2698396
2698411
2698414
2698426
2698435
2698441
2698450
2698466
2698476
2698487
2698497
2698499
2698513
2698655
2698701
2698724
2698736
2698752
2698753
2698785
2698822
2698830
2698846
2698917
2698959
2698977
2699014
2699041
2699068
2699070
2699083
2699085
2699139
2699287
2699301
2699315
2699327
2699349
2699381
2699408
2699460
2699520
2699565
2699583
2699617
2699620
2699628
2699668
2699673
2699689
2699724
2699732
2699733
2699750
2699882
2699904
2699909
2699998
2700018
2700028
2700037
2700046
2700113
2700122
2700127
2700168
2700209
2700237
2700264
2700278
2700313
2700316
2700319
2700365
2700368
2700435
2700438
2700490
2700492
2700498
2700527
2700533
2700601
2700639
2700737
2700743
2700757
2700804
2700819
2700825
2700830
2700965
2701008
2701021
2701033
2701060
2701111
2701139
2701145
2701158
2701170
2701331
2701388
2701401
2701414
2701415
2701442
2701505
2701514
2701515
2701517
2701556
2701600
2701723
2701739
2701769
2701846
2701859
2701880
2701914
2701922
2701960
2702095
2702100
2702194
2702265
2702327
2702387
2702432
2702463
2702464
2702546
2702573
2702584
2702599
2702602
2702628
2702640
2702654
2702675
2702695
2702727
2702733
2702741
2702812
2702863
2702880
2702938
2702944
2702975
2702986
2703001
2703025
2703060
2703074
2703088
2703093
2703142
2703162
2703212
2703243
2703248
2703289
2703307
2703334
2703367
2703401
2703404
2703436
2703439
2703446
2703465
2703541
2703623
2703635
2703638
2703734
2703752
2703802
2703825
2703843
2703884
2703901
2703911
2703928
2703954
2703977
2704033
2704046
2704058
2704076
2704168
2704329
2704349
2704461
2704468
2704471
2704495
2704501
2704563
2704638
2704669
2704701
2704708
2704709
2704728
2704781
2704873
2704891
2704989
2705089
2705207
2705241
2705404
2705462
2705596
2705606
2705620
2705665
2705713
2705797
2705942
2705974
2706059
2706124
2706151
2706248
2706259
2706282
2706285
2706331
2706353
2706472
2706478
2706482
2706490
2706531
2706533
2706564
2706581
2706615
2706655
2706713
2706761
2706804
2706815
2706824
2706879
2706913
2706952
2706971
2707060
2707082
2707158
2707162
2707169
2707184
2707254
2707263
2707377
2707382
2707392
2707520
2707574
2707585
2707586
2707621
2707635
2707657
2707720
2707733
2707763
2707769
2707801
2707817
2707973
2707982
2707991
2708073
2708090
2708103
2708130
2708139
2708152
2708157
2708174
2708246
2708260
2708299
2708306
2708389
2708426
2708442
2708456
2708493
2708498
2708502
2708507
2708513
2708542
2708666
2708667
2708767
2708818
2708866
2708881
2708891
2708895
2709002
2709022
2709051
2709060
2709078
2709100
2709103
2709130
2709181
2709183
2709209
2709275
2709309
2709364
2709394
2709414
2709433
2709440
2709496
2709579
2709614
2709623
2709695
2709724
2709734
2709859
2709868
2709924
2709930
2709966
2709976
2710048
2710076
2710083
2710175
2710183
2710222
2710312
2710387
2710397
2710414
2710425
2710502
2710505
2710512
2710515
2710547
2710554
2710559
2710569
2710581
2710587
2710596
2710635
2710666
2710684
2710776
2710789
2710815
2710871
2710876
2710884
2710953
2710991
2711096
2711265
2711276
2711293
2711334
2711353
2711431
2711434
2711437
2711501
2711520
2711561
2711562
2711650
2711680
2711764
2711776
2711830
2711859
2711868
2711892
2711893
2711901
2711922
2711924
2712015
2712024
2712096
2712151
2712158
2712172
2712188
2712208
2712370
2712435
2712440
2712455
2712489
2712512
2712526
2712554
2712557
2712564
2712603
2712636
2712649
2712698
2712701
2712726
2712762
2712772
2712790
2712810
2712881
2712910
2712980
2712997
2713004
2713018
2713070
2713230
2713245
2713251
2713253
2713287
2713325
2713343
2713410
2713450
2713587
2713598
2713616
2713619
2713651
2713661
2713684
2713728
2713734
2713749
2713885
2713901
2713938
2713943
2713999
2714016
2714219
2714327
2714365
2714375
2714382
2714391
2714463
2714494
2714555
2714572
2714574
2714609
2714725
2714743
2714776
2714791
2714809
2714818
2714828
2714881
2714931
2714974
2715016
2715035
2715044
2715116
2715125
2715132
2715180
2715205
2715231
2715252
2715263
2715314
2715340
2715353
2715368
2715382
2715545
2715563
2715608
2715638
2715648
2715651
2715759
2715767
2715837
2715879
2715887
2715910
2715941
2715954
2715957
2715999
2716012
2716070
2716143
2716159
2716192
2716196
2716213
2716217
2716247
2716254
2716256
2716365
2716481
2716510
2716530
2716544
2716611
2716634
2716640
2716678
2716699
2716709
2716809
2716819
2716899
2716937
2716938
2717016
2717018
2717056
2717061
2717072
2717131
2717212
2717226
2717233
2717354
2717366
2717453
2717462
2717497
2717508
2717513
2717522
2717525
2717554
2717590
2717592
2717625
2717649
2717703
2717754
2717770
2717785
2717828
2717897
2717927
2717951
2718006
2718097
2718107
2718258
2718261
2718275
2718394
2718413
2718415
2718450
2718494
2718508
2718532
2718594
2718599
2718606
2718679
2718705
2718709
2718714
2718792
2718889
2718900
2718929
2718965
2718994
2719001
2719088
2719090
2719111
2719114
2719315
2719336
2719407
2719441
2719442
2719471
2719472
2719512
2719531
2719547
2719632
2719643
2719646
2719680
2719701
2719852
2719911
2719935
2719979
2720018
2720029
2720047
2720059
2720072
2720079
2720130
2720136
2720237
2720300
2720312
2720384
2720412
2720417
2720443
2720681
2720687
2720730
2720738
2720773
2720795
2720816
2720829
2720876
2720889
2721051
2721094
2721111
2721185
2721280
2721287
2721393
2721415
2721425
2721431
2721456
2721482
2721490
2721534
2721574
2721590
2721596
2721642
2721672
2721688
2721709
2721721
2721735
2721766
2721774
2721782
2721811
2721818
2721872
2721877
2721908
2721915
2721916
2721923
2722032
2722066
2722100
2722109
2722118
2722267
2722318
2722339
2722385
2722388
2722444
2722456
2722498
2722554
2722566
2722572
2722594
2722597
2722616
2722632
2722744
2722751
2722759
2722790
2722796
2722816
2722841
2722850
2722916
2722954
2722976
2722980
2722988
2723079
2723130
2723218
2723263
2723278
2723299
2723303
2723330
2723382
2723385
2723392
2723448
2723469
2723507
2723532
2723554
2723637
2723639
2723646
2723848
2723881
2723901
2723907
2724022
2724064
2724068
2724085
2724142
2724150
2724173
2724186
2724245
2724251
2724269
2724329
2724387
2724394
2724406
2724439
2724526
2724534
2724588
2724625
2724691
2724730
2724834
2724859
2724868
2724893
2724903
2725031
2725087
2725162
2725169
2725204
2725217
2725227
2725229
2725275
2725345
2725370
2725391
2725461
2725571
2725602
2725632
2725672
2725699
2725721
2725756
2725766
2725772
2725843
2725881
2725938
2725961
2725968
2725996
2726044
2726055
2726114
2726143
2726255
2726336
2726382
2726394
2726427
2726431
2726519
2726532
2726536
2726555
2726563
2726639
2726643
2726691
2726703
2726717
2726760
2726783
2726812
2726838
2726841
2726860
2727004
2727019
2727023
2727035
2727045
2727084
2727150
2727153
2727168
2727202
2727206
2727221
2727224
2727303
2727325
2727337
2727386
2727398
2727402
2727507
2727596
2727656
2727697
2727705
2727722
2727760
2727850
2727900
2727918
2727947
2727972
2727983
2728000
2728004
2728022
2728024
2728039
2728131
2728155
2728163
2728189
2728228
2728248
2728334
2728389
2728424
2728430
2728452
2728478
2728521
2728624
2728781
2728790
2728962
2729054
2729065
2729115
2729223
2729265
2729318
2729357
2729499
2729563
2729593
2729615
2729651
2729679
2729690
2729694
2729706
2729716
2729738
2729759
2729829
2729908
2729916
2729948
2729953
2729978
2730152
2730184
2730232
2730236
2730249
2730267
2730279
2730332
2730364
2730586
2730607
2730616
2730639
2730669
2730689
2730710
2730722
2730745
2730768
2730785
2730849
2730865
2730920
2730934
2730938
2730953
2731033
2731046
2731054
2731066
2731142
2731143
2731145
2731199
2731288
2731344
2731396
2731413
2731429
2731433
2731489
2731544
2731558
2731657
2731680
2731714
2731735
2731749
2731779
2731793
2731893
2731970
2732076
2732081
2732107
2732125
2732192
2732200
2732268
2732403
2732424
2732488
2732527
2732612
2732702
2732708
2732735
2732758
2732822
2732884
2732902
2732906
2732948
2733010
2733100
2733129
2733148
2733168
2733232
2733237
2733279
2733352
2733377
2733380
2733401
2733404
2733420
2733449
2733463
2733475
2733535
2733555
2733604
2733606
2733620
2733638
2733642
2733654
2733665
2733682
2733733
2733756
2733759
2733760
2733780
2733790
2733804
2733806
2733826
2733870
2733875
2733882
2733932
2734066
2734075
2734132
2734227
2734256
2734261
2734277
2734298
2734333
2734371
2734405
2734453
2734456
2734595
2734635
2734655
2734688
2734793
2734836
2734844
2734873
2734880
2734924
2734943
2734970
2735055
2735071
2735119
2735161
2735217
2735251
2735252
2735260
2735265
2735350
2735367
2735442
2735446
2735453
2735455
2735461
2735494
2735538
2735575
2735606
2735627
2735640
2735664
2735686
2735690
2735701
2735805
2735831
2735894
2735899
2735906
2735909
2735963
2735970
2736037
2736066
2736084
2736097
2736100
2736106
2736127
2736132
2736187
2736191
2736197
2736226
2736281
2736302
2736317
2736360
2736369
2736379
2736440
2736472
2736477
2736482
2736491
2736500
2736518
2736538
2736580
2736585
2736602
2736729
2736808
2736866
2736871
2736917
2736925
2736942
2736956
2736974
2736979
2737011
2737025
2737056
2737122
2737161
2737187
2737195
2737239
2737308
2737323
2737348
2737367
2737378
2737386
2737394
2737425
2737504
2737512
2737536
2737598
2737637
2737677
2737690
2737718
2737743
2737763
2737772
2737793
2737854
2737879
2737900
2737911
2737923
2737973
2738039
2738072
2738099
2738111
2738138
2738164
2738193
2738199
2738357
2738422
2738469
2738501
2738512
2738555
2738575
2738584
2738588
2738593
2738599
2738619
2738809
2738850
2738855
2738889
2738907
2739028
2739067
2739090
2739115
2739164
2739179
2739189
2739204
2739228
2739273
2739276
2739361
2739394
2739514
2739579
2739662
2739698
2739705
2739733
2739757
2739784
2739864
2739937
2739958
2739977
2739981
2739991
2740029
2740095
2740132
2740152
2740181
2740189
2740216
2740217
2740227
2740236
2740249
2740259
2740277
2740423
2740460
2740587
2740612
2740628
2740635
2740692
2740719
2740762
2740814
2740847
2740867
2740914
2740964
2741021
2741078
2741085
2741147
2741200
2741222
2741259
2741284
2741305
2741318
2741334
2741338
2741352
2741354
2741362
2741387
2741435
2741458
2741463
2741476
2741497
2741524
2741539
2741598
2741621
2741658
2741683
2741699
2741729
2741772
2741826
2741935
2742000
2742056
2742097
2742167
2742181
2742265
2742290
2742305
2742351
2742373
2742443
2742463
2742486
2742546
2742566
2742579
2742584
2742619
2742653
2742752
2742769
2742797
2742961
2743116
2743137
2743169
2743180
2743217
2743284
2743297
2743313
2743339
2743377
2743394
2743426
2743429
2743432
2743488
2743502
2743557
2743615
2743709
2743713
2743743
2743744
2743787
2743832
2743881
2743936
2743947
2743982
2743997
2744069
2744262
2744353
2744413
2744433
2744469
2744474
2744496
2744515
2744528
2744541
2744594
2744595
2744618
2744625
2744639
2744690
2744705
2744733
2744736
2744763
2744782
2744809
2744813
2744870
2744881
2744995
2745057
2745070
2745143
2745155
2745176
2745179
2745182
2745186
2745222
2745235
2745244
2745254
2745311
2745341
2745420
2745422
2745489
2745525
2745530
2745535
2745558
2745567
2745598
2745613
2745622
2745670
2745702
2745744
2745796
2745871
2745892
2745925
2745933
2745938
2745953
2745982
2746027
2746048
2746058
2746090
2746141
2746146
2746147
2746189
2746198
2746223
2746228
2746235
2746245
2746288
2746337
2746342
2746346
2746474
2746481
2746528
2746610
2746666
2746679
2746682
2746698
2746784
2746798
2746801
2746858
2746875
2746913
2746969
2747035
2747093
2747242
2747333
2747347
2747354
2747539
2747571
2747598
2747737
2747754
2747774
2747835
2747869
2747874
2747912
2747918
2747930
2747954
2747970
2747977
2747990
2747991
2748017
2748030
2748087
2748090
2748101
2748102
2748126
2748139
2748204
2748248
2748316
2748344
2748380
2748398
2748559
2748593
2748636
2748638
2748640
2748665
2748716
2748731
2748745
2748783
2748790
2748902
2748908
2748924
2748947
2748969
2749040
2749071
2749088
2749130
2749149
2749176
2749188
2749203
2749228
2749265
2749338
2749371
2749451
2749477
2749488
2749489
2749502
2749504
2749516
2749523
2749606
2749756
2749777
2749852
2749877
2749895
2749930
2749982
2749996
2750009
2750069
2750091
2750108
2750224
2750238
2750352
2750388
2750413
2750416
2750446
2750483
2750534
2750552
2750575
2750637
2750693
2750698
2750711
2750841
2750858
2750943
2750978
2750987
2750998
2751013
2751043
2751084
2751112
2751121
2751214
2751248
2751259
2751285
2751292
2751297
2751326
2751336
2751361
2751375
2751395
2751430
2751434
2751534
2751541
2751558
2751565
2751571
2751601
2751639
2751653
2751664
2751671
2751778
2751807
2751817
2751831
2751889
2751901
2751921
2751938
2751961
2751982
2751995
2752009
2752107
2752115
2752118
2752142
2752209
2752293
2752320
2752326
2752333
2752351
2752359
2752374
2752378
2752401
2752407
2752519
2752583
2752678
2752682
2752703
2752761
2752782
2752805
2752813
2752833
2752836
2752917
2753001
2753037
2753053
2753071
2753115
2753198
2753209
2753228
2753231
2753258
2753299
2753326
2753424
2753487
2753529
2753606
2753610
2753616
2753633
2753650
2753751
2753855
2753870
2753894
2753927
2754085
2754107
2754121
2754138
2754144
2754310
2754321
2754410
2754439
2754523
2754562
2754614
2754745
2754769
2754799
2754834
2754862
2754970
2754994
2755030
2755038
2755093
2755112
2755137
2755154
2755275
2755298
2755305
2755377
2755406
2755444
2755501
2755556
2755761
2755861
2755960
2755979
2756038
2756100
2756129
2756193
2756214
2756244
2756251
2756271
2756310
2756334
2756362
2756379
2756398
2756402
2756422
2756457
2756499
2756505
2756517
2756561
2756576
2756610
2756620
2756649
2756652
2756670
2756682
2756757
2756853
2756859
2756907
2756950
2756999
2757036
2757056
2757103
2757115
2757140
2757151
2757155
2757194
2757198
2757205
2757209
2757318
2757408
2757451
2757497
2757627
2757645
2757672
2757682
2757697
2757709
2757722
2757780
2757942
2757976
2758002
2758076
2758114
2758120
2758159
2758173
2758201
2758220
2758285
2758334
2758349
2758359
2758375
2758383
2758410
2758438
2758466
2758519
2758547
2758607
2758612
2758665
2758709
2758710
2758716
2758721
2758804
2758837
2758846
2758880
2758927
2758934
2758950
2758966
2758990
2759056
2759064
2759079
2759159
2759175
2759205
2759294
2759314
2759387
2759444
2759482
2759496
2759656
2759664
2759677
2759744
2759772
2759820
2759851
2759877
2759878
2759942
2759954
2760037
2760097
2760140
2760150
2760161
2760175
2760200
2760285
2760307
2760325
2760360
2760389
2760443
2760512
2760570
2760644
2760701
2760715
2760727
2760791
2760820
2760853
2760879
2760969
2761076
2761089
2761103
2761136
2761142
2761145
2761202
2761210
2761233
2761300
2761307
2761312
2761402
2761458
2761578
2761601
2761634
2761669
2761697
2761708
2761723
2761733
2761744
2761771
2761775
2761800
2761886
2761936
2761940
2762006
2762034
2762063
2762084
2762097
2762107
2762118
2762164
2762168
2762197
2762206
2762241
2762262
2762270
2762319
2762367
2762382
2762402
2762404
2762408
2762473
2762532
2762552
2762618
2762683
2762720
2762726
2762786
2762914
2762921
2762955
2763048
2763064
2763073
2763076
2763087
2763091
2763152
2763192
2763243
2763265
2763309
2763327
2763357
2763448
2763491
2763499
2763505
2763561
2763575
2763580
2763589
2763634
2763665
2763689
2763792
2763801
2763807
2763908
2764133
2764174
2764194
2764208
2764220
2764275
2764374
2764414
2764462
2764528
2764572
2764596
2764608
2764622
2764657
2764676
2764679
2764761
2764798
2764845
2764884
2764935
2764975
2764981
2765085
2765112
2765164
2765326
2765350
2765355
2765393
2765421
2765441
2765485
2765490
2765512
2765582
2765606
2765607
2765612
2765650
2765708
2765819
2765829
2765849
2765870
2765873
2765908
2765951
2766039
2766047
2766130
2766155
2766171
2766211
2766214
2766220
2766267
2766298
2766329
2766337
2766339
2766355
2766423
2766444
2766450
2766485
2766505
2766516
2766521
2766524
2766541
2766543
2766582
2766585
2766604
2766616
2766671
2766708
2766728
2766735
2766760
2766824
2766890
2766897
2766899
2766926
2766942
2766952
2766982
2767007
2767013
2767030
2767040
2767051
2767124
2767167
2767188
2767194
2767213
2767222
2767226
2767254
2767273
2767321
2767400
2767564
2767575
2767587
2767605
2767618
2767663
2767667
2767684
2767701
2767790
2767892
2767935
2767949
2768071
2768141
2768155
2768183
2768246
2768250
2768319
2768328
2768339
2768387
2768404
2768518
2768608
2768674
2768689
2768766
2768773
2768785
2768829
2768874
2768880
2768942
2769000
2769027
2769091
2769150
2769296
2769417
2769435
2769441
2769461
2769476
2769533
2769560
2769589
2769719
2769721
2769752
2769765
2769801
2769858
2769913
2769916
2769946
2770004
2770006
2770031
2770053
2770057
2770117
2770123
2770149
2770163
2770196
2770258
2770290
2770330
2770350
2770396
2770408
2770412
2770465
2770511
2770534
2770544
2770612
2770631
2770645
2770647
2770652
2770654
2770702
2770714
2770741
2770878
2770892
2770897
2770907
2771047
2771068
2771147
2771155
2771202
2771206
2771288
2771320
2771394
2771430
2771460
2771469
2771493
2771524
2771585
2771612
2771622
2771671
2771741
2771813
2771852
2771904
2771928
2771947
2772012
2772090
2772095
2772110
2772153
2772193
2772278
2772287
2772312
2772362
2772373
2772388
2772484
2772489
2772491
2772506
2772520
2772653
2772706
2772730
2772742
2772748
2772814
2772921
2772949
2772952
2773055
2773094
2773104
2773112
2773131
2773225
2773230
2773237
2773287
2773549
2773569
2773575
2773778
2773780
2773833
2773856
2773873
2773892
2773933
2774071
2774094
2774104
2774190
2774210
2774238
2774241
2774281
2774285
2774290
2774328
2774340
2774378
2774390
2774418
2774457
2774473
2774523
2774531
2774610
2774665
2774668
2774779
2774800
2774844
2774859
2774899
2774986
2775029
2775070
2775140
2775216
2775229
2775309
2775337
2775346
2775401
2775408
2775457
2775517
2775542
2775561
2775604
2775608
2775645
2775692
2775696
2775726
2775782
2775791
2775833
2775849
2775858
2775883
2775960
2776011
2776019
2776026
2776108
2776112
2776160
2776239
2776271
2776280
2776357
2776383
2776387
2776440
2776504
2776606
2776650
2776786
2776850
2776866
2776992
2777001
2777034
2777051
2777193
2777214
2777226
2777234
2777248
2777285
2777369
2777374
2777390
2777410
2777439
2777490
2777521
2777533
2777649
2777651
2777690
2777710
2777747
2777771
2777857
2777862
2777961
2778034
2778040
2778067
2778087
2778139
2778162
2778164
2778227
2778252
2778371
2778426
2778429
2778501
2778518
2778561
2778631
2778707
2778724
2778728
2778738
2778766
2778769
2778900
2778904
2778914
2778981
2778984
2779116
2779179
2779236
2779265
2779274
2779323
2779324
2779329
2779349
2779371
2779388
2779427
2779433
2779451
2779477
2779552
2779570
2779574
2779596
2779771
2779786
2779844
2779885
2779915
2779952
2780001
2780033
2780038
2780085
2780115
2780116
2780162
2780183
2780199
2780210
2780262
2780275
2780277
2780302
2780346
2780360
2780406
2780492
2780533
2780540
2780549
2780576
2780621
2780652
2780670
2780736
2780767
2780786
2780912
2780924
2781033
2781040
2781100
2781148
2781159
2781164
2781181
2781197
2781214
2781266
2781348
2781371
2781424
2781438
2781454
2781461
2781471
2781494
2781577
2781594
2781614
2781655
2781665
2781675
2781683
2781706
2781736
2781772
2781814
2781832
2781835
2781862
2781906
2781989
2782014
2782033
2782076
2782212
2782219
2782503
2782514
2782579
2782624
2782639
2782693
2782730
2782790
2782808
2782913
2783018
2783035
2783057
2783087
2783136
2783180
2783255
2783297
2783303
2783319
2783381
2783431
2783434
2783491
2783538
2783551
2783591
2783609
2783703
2783729
2783804
2783813
2783827
2783849
2783855
2783891
2783896
2783901
2783914
2783920
2783949
2783953
2784032
2784046
2784060
2784084
2784089
2784093
2784121
2784147
2784152
2784184
2784295
2784355
2784365
2784367
2784383
2784388
2784442
2784468
2784512
2784536
2784553
2784559
2784604
2784620
2784661
2784687
2784721
2784749
2784770
2784775
2784962
2784998
2785027
2785059
2785065
2785091
2785126
2785152
2785225
2785268
2785280
2785302
2785322
2785337
2785415
2785464
2785494
2785555
2785573
2785578
2785605
2785626
2785703
2785716
2785724
2785769
2785793
2785812
2785843
2785858
2785897
2785967
2786012
2786021
2786034
2786092
2786122
2786143
2786158
2786215
2786268
2786372
2786406
2786455
2786519
2786623
2786796
2786823
2786868
2786895
2786917
2786947
2786966
2786989
2787007
2787014
2787045
2787128
2787236
2787242
2787283
2787351
2787368
2787444
2787537
2787575
2787612
2787644
2787675
2787788
2787803
2787821
2787838
2787851
2787873
2787878
2787929
2787947
2787984
2788006
2788065
2788112
2788113
2788142
2788143
2788145
2788166
2788273
2788313
2788329
2788345
2788370
2788379
2788488
2788614
2788632
2788657
2788736
2788755
2788767
2788778
2788822
2788833
2788850
2788853
2788859
2788885
2788890
2788949
2788966
2789023
2789043
2789127
2789170
2789198
2789208
2789212
2789215
2789240
2789246
2789401
2789408
2789414
2789437
2789446
2789469
2789540
2789557
2789566
2789676
2789682
2789741
2789779
2789798
2789894
2789903
2789925
2789955
2789957
2790002
2790033
2790041
2790064
2790084
2790134
2790153
2790181
2790208
2790231
2790351
2790397
2790412
2790433
2790455
2790464
2790491
2790538
2790562
2790587
2790594
2790644
2790654
2790669
2790686
2790689
2790717
2790766
2790796
2790798
2790801
2790818
2790867
2790940
2791037
2791042
2791090
2791105
2791114
2791129
2791140
2791163
2791227
2791240
2791258
2791270
2791326
2791337
2791483
2791590
2791596
2791613
2791619
2791634
2791747
2791786
2791816
2791830
2791858
2791869
2791894
2791955
2791956
2791975
2791993
2792102
2792174
2792202
2792206
2792234
2792241
2792279
2792311
2792330
2792425
2792434
2792468
2792535
2792611
2792652
2792671
2792714
2792722
2792737
2792744
2792759
2792900
2792917
2792925
2793002
2793018
2793052
2793097
2793102
2793110
2793135
2793144
2793155
2793157
2793185
2793225
2793232
2793246
2793279
2793300
2793303
2793309
2793314
2793391
2793419
2793491
2793518
2793544
2793591
2793611
2793619
2793626
2793657
2793673
2793730
2793773
2793891
2793923
2794069
2794078
2794091
2794095
2794126
2794135
2794157
2794182
2794218
2794356
2794367
2794426
2794440
2794483
2794511
2794537
2794577
2794629
2794689
2794760
2794835
2794872
2794950
2795003
2795012
2795016
2795038
2795105
2795151
2795249
2795275
2795296
2795315
2795339
2795360
2795362
2795386
2795449
2795452
2795457
2795489
2795515
2795518
2795546
2795604
2795630
2795637
2795756
2795772
2795793
2795807
2795881
2795956
2795988
2796035
2796086
2796128
2796171
2796205
2796250
2796272
2796326
2796386
2796480
2796579
2796591
2796662
2796690
2796702
2796726
2796734
2796747
2796753
2796808
2796811
2796813
2796838
2796915
2796927
2796983
2797005
2797097
2797110
2797113
2797126
2797153
2797155
2797170
2797280
2797288
2797301
2797313
2797340
2797433
2797521
2797531
2797540
2797601
2797625
2797702
2797728
2797738
2797768
2797799
2797875
2797887
2797923
2797967
2797972
2798064
2798090
2798102
2798123
2798159
2798272
2798325
2798340
2798415
2798431
2798442
2798474
2798536
2798550
2798568
2798593
2798643
2798668
2798721
2798800
2798822
2798844
2798919
2798972
2799000
2799079
2799193
2799210
2799271
2799273
2799289
2799311
2799356
2799363
2799382
2799409
2799435
2799506
2799522
2799566
2799570
2799597
2799598
2799639
2799651
2799722
2799738
2799777
2799786
2799802
2799816
2799859
2799887
2799896
2799944
2799985
2799994
2800016
2800042
2800049
2800061
2800129
2800137
2800151
2800173
2800191
2800200
2800220
2800323
2800333
2800358
2800403
2800436
2800518
2800541
2800560
2800590
2800594
2800638
2800672
2800678
2800686
2800707
2800735
2800749
2800788
2800799
2800825
2800854
2800915
2800923
2800925
2800935
2800976
2800990
2801079
2801114
2801261
2801355
2801358
2801468
2801473
2801515
2801706
2801724
2801844
2801867
2801942
2802117
2802130
2802257
2802289
2802295
2802313
2802346
2802378
2802426
2802486
2802501
2802526
2802539
2802556
2802574
2802597
2802617
2802639
2802748
2802843
2802902
2802908
2802996
2803074
2803120
2803182
2803184
2803269
2803272
2803349
2803358
2803497
2803671
2803684
2803695
2803718
2803791
2803870
2803893
2803923
2804026
2804046
2804198
2804224
2804235
2804247
2804250
2804258
2804344
2804356
2804366
2804371
2804436
2804450
2804485
2804533
2804544
2804596
2804621
2804634
2804642
2804671
2804675
2804710
2804762
2804863
2804905
2804908
2804915
2804989
2805039
2805062
2805137
2805164
2805189
2805216
2805268
2805310
2805311
2805317
2805335
2805358
2805417
2805418
2805443
2805606
2805655
2805659
2805756
2805787
2805813
2805824
2805841
2805848
2805864
2805869
2805885
2805895
2805902
2805944
2805969
2805976
2805998
2806028
2806061
2806098
2806125
2806140
2806159
2806202
2806228
2806253
2806318
2806331
2806376
2806428
2806444
2806459
2806466
2806469
2806475
2806524
2806588
2806610
2806644
2806707
2806745
2806808
2806932
2806943
2806973
2807004
2807131
2807168
2807181
2807244
2807284
2807356
2807370
2807414
2807426
2807439
2807443
2807451
2807461
2807535
2807551
2807582
2807621
2807650
2807682
2807691
2807731
2807739
2807754
2807761
2807819
2807844
2807862
2807916
2807931
2807932
2808013
2808043
2808091
2808181
2808219
2808223
2808260
2808294
2808357
2808365
2808373
2808382
2808403
2808460
2808468
2808481
2808494
2808551
2808567
2808611
2808652
2808674
2808709
2808754
2808953
2808973
2809031
2809065
2809078
2809112
2809128
2809130
2809160
2809223
2809240
2809251
2809257
2809273
2809329
2809333
2809351
2809411
2809426
2809480
2809482
2809488
2809499
2809602
2809610
2809655
2809673
2809679
2809874
2809879
2809905
2809919
2809991
2809998
2810017
2810025
2810038
2810061
2810109
2810113
2810139
2810174
2810194
2810226
2810299
2810337
2810342
2810495
2810498
2810539
2810541
2810558
2810595
2810627
2810694
2810711
2810713
2810718
2810728
2810863
2810912
2810926
2811041
2811163
2811229
2811247
2811273
2811279
2811333
2811382
2811403
2811408
2811411
2811434
2811458
2811475
2811496
2811501
2811516
2811530
2811570
2811575
2811663
2811672
2811769
2811772
2811864
2811878
2811938
2811992
2811997
2812044
2812101
2812114
2812133
2812144
2812156
2812159
2812164
2812176
2812181
2812195
2812272
2812333
2812422
2812539
2812576
2812622
2812646
2812675
2812703
2812738
2812994
2813032
2813041
2813044
2813109
2813129
2813246
2813327
2813357
2813365
2813369
2813415
2813436
2813448
2813486
2813575
2813668
2813687
2813706
2813710
2813717
2813779
2813788
2813856
2813859
2813862
2813877
2813893
2813930
2813958
2813959
2814003
2814102
2814111
2814137
2814145
2814161
2814187
2814193
2814248
2814255
2814449
2814462
2814466
2814505
2814525
2814551
2814561
2814592
2814610
2814626
2814663
2814693
2814704
2814715
2814755
2814777
2814830
2814849
2814990
2815136
2815204
2815215
2815220
2815240
2815247
2815252
2815257
2815289
2815306
2815312
2815326
2815389
2815502
2815520
2815563
2815569
2815687
2815691
2815703
2815715
2815746
2815751
2815784
2815810
2815874
2815923
2816044
2816068
2816091
2816120
2816188
2816189
2816233
2816244
2816248
2816273
2816306
2816312
2816325
2816329
2816337
2816350
2816385
2816389
2816457
2816467
2816475
2816520
2816526
2816639
2816651
2816848
2816863
2816961
2817069
2817084
2817130
2817177
2817180
2817230
2817237
2817303
2817337
2817344
2817438
2817457
2817480
2817708
2817757
2817773
2817861
2818009
2818154
2818182
2818207
2818227
2818238
2818263
2818275
2818295
2818303
2818308
2818372
2818413
2818420
2818443
2818514
2818521
2818552
2818644
2818689
2818695
2818778
2818800
2818814
2818825
2818828
2818845
2818923
2819013
2819069
2819209
2819244
2819264
2819351
2819386
2819392
2819394
2819513
2819557
2819562
2819606
2819611
2819620
2819636
2819709
2819716
2819747
2819796
2819844
2819847
2819909
2819922
2819989
2820088
2820094
2820157
2820183
2820200
2820230
2820233
2820245
2820268
2820281
2820306
2820312
2820400
2820460
2820503
2820508
2820510
2820529
2820538
2820539
2820653
2820694
2820697
2820760
2820867
2820995
2821016
2821032
2821069
2821086
2821089
2821111
2821115
2821126
2821136
2821163
2821167
2821204
2821217
2821275
2821279
2821298
2821388
2821426
2821429
2821434
2821480
2821575
2821585
2821595
2821615
2821636
2821651
2821657
2821730
2821767
2821863
2821909
2821935
2821938
2822006
2822009
2822016
2822102
2822139
2822217
2822234
2822235
2822289
2822404
2822419
2822424
2822452
2822531
2822565
2822579
2822585
2822595
2822600
2822621
2822650
2822703
2822753
2822790
2822799
2822862
2822920
2822935
2823001
2823111
2823190
2823202
2823208
2823303
2823449
2823472
2823547
2823570
2823669
2823785
2823823
2823831
2823878
2823907
2823922
2824015
2824047
2824054
2824213
2824258
2824284
2824377
2824387
2824395
2824478
2824499
2824556
2824773
2824781
2824809
2824819
2824821
2824830
2824849
2824927
2824963
2825022
2825028
2825046
2825094
2825096
2825158
2825171
2825197
2825346
2825368
2825391
2825534
2825547
2825659
2825662
2825691
2825796
2825824
2825844
2825995
2826086
2826105
2826120
2826124
2826146
2826177
2826193
2826257
2826264
2826290
2826327
2826368
2826419
2826477
2826520
2826602
2826622
2826629
2826655
2826687
2826692
2826741
2826747
2826771
2826796
2826819
2826918
2826982
2826990
2826993
2827013
2827026
2827035
2827076
2827092
2827118
2827171
2827177
2827188
2827197
2827208
2827209
2827226
2827314
2827367
2827391
2827435
2827459
2827498
2827531
2827552
2827572
2827604
2827612
2827707
2827740
2827778
2827783
2827789
2827806
2827821
2827838
2827843
2827898
2827902
2827909
2827914
2827951
2828074
2828080
2828106
2828143
2828184
2828198
2828294
2828311
2828321
2828349
2828365
2828428
2828436
2828441
2828449
2828506
2828572
2828608
2828654
2828666
2828763
2828775
2828846
2828855
2828875
2828896
2828924
2828938
2828946
2828974
2829007
2829063
2829096
2829152
2829163
2829197
2829202
2829244
2829299
2829316
2829320
2829417
2829434
2829459
2829476
2829491
2829506
2829530
2829563
2829589
2829660
2829695
2829780
2829832
2829847
2829850
2829899
2829937
2829999
2830016
2830025
2830038
2830042
2830067
2830141
2830170
2830219
2830238
2830259
2830282
2830305
2830334
2830337
2830381
2830384
2830406
2830439
2830442
2830519
2830563
2830571
2830575
2830599
2830620
2830632
2830656
2830658
2830680
2830689
2830707
2830820
2830831
2830865
2830944
2830970
2831019
2831032
2831035
2831079
2831102
2831112
2831124
2831164
2831169
2831188
2831192
2831250
2831261
2831275
2831299
2831328
2831373
2831377
2831400
2831413
2831437
2831438
2831467
2831474
2831520
2831534
2831537
2831538
2831545
2831558
2831574
2831577
2831640
2831654
2831696
2831738
2831824
2831828
2831840
2831852
2831899
2831979
2832007
2832023
2832058
2832103
2832126
2832166
2832193
2832200
2832225
2832285
2832326
2832333
2832344
2832452
2832552
2832612
2832645
2832687
2832806
2832814
2832821
2832854
2832891
2832904
2832941
2832987
2832993
2833000
2833004
2833024
2833049
2833077
2833101
2833174
2833236
2833272
2833293
2833298
2833299
2833321
2833409
2833431
2833434
2833451
2833483
2833496
2833546
2833575
2833604
2833773
2833803
2833852
2833900
2833918
2833961
2833965
2834078
2834163
2834208
2834270
2834302
2834315
2834355
2834381
2834395
2834397
2834443
2834460
2834567
2834580
2834593
2834618
2834635
2834641
2834652
2834671
2834675
2834678
2834703
2834741
2834774
2834818
2834835
2834885
2834886
2834897
2834919
2834938
2834959
2834973
2835024
2835053
2835084
2835103
2835144
2835172
2835195
2835258
2835293
2835343
2835353
2835394
2835450
2835493
2835519
2835547
2835558
2835562
2835607
2835653
2835676
2835683
2835733
2835742
2835770
2835949
2836017
2836074
2836081
2836102
2836226
2836256
2836266
2836326
2836365
2836491
2836510
2836600
2836611
2836623
2836648
2836655
2836729
2836773
2836831
2836900
2836930
2836949
2836969
2837017
2837054
2837078
2837112
2837131
2837133
2837141
2837147
2837175
2837202
2837211
2837221
2837223
2837228
2837281
2837293
2837346
2837376
2837380
2837419
2837456
2837462
2837520
2837531
2837607
2837625
2837643
2837746
2837755
2837779
2837813
2837845
2837857
2837875
2837890
2837894
2837933
2837936
2837939
2837994
2838000
2838014
2838055
2838071
2838078
2838137
2838148
2838195
2838225
2838233
2838252
2838259
2838270
2838357
2838410
2838487
2838523
2838542
2838580
2838584
2838594
2838613
2838624
2838626
2838670
2838714
2838750
2838870
2838978
2839003
2839048
2839052
2839116
2839157
2839231
2839244
2839261
2839307
2839339
2839422
2839438
2839441
2839449
2839481
2839555
2839558
2839567
2839576
2839595
2839726
2839746
2839817
2839846
2839931
2839936
2839949
2839950
2840003
2840033
2840052
2840105
2840113
2840127
2840156
2840200
2840220
2840265
2840287
2840293
2840309
2840358
2840385
2840407
2840423
2840431
2840659
2840699
2840713
2840750
2840825
2840834
2840949
2840984
2840991
2841059
2841081
2841087
2841089
2841094
2841101
2841192
2841200
2841253
2841305
2841316
2841367
2841408
2841512
2841521
2841529
2841564
2841589
2841613
2841653
2841761
2841826
2841834
2841930
2841967
2841968
2841984
2841993
2842040
2842055
2842058
2842097
2842134
2842167
2842170
2842172
2842225
2842255
2842320
2842418
2842443
2842494
2842505
2842511
2842514
2842593
2842691
2842748
2842873
2842914
2842916
2842957
2842994
2843102
2843133
2843150
2843233
2843254
2843288
2843290
2843324
2843375
2843483
2843517
2843640
2843643
2843786
2843803
2843824
2843840
2843849
2843931
2843983
2843987
2844006
2844023
2844049
2844143
2844192
2844196
2844207
2844318
2844328
2844400
2844401
2844422
2844434
2844507
2844545
2844561
2844599
2844654
2844673
2844732
2844832
2844865
2844928
2844938
2844954
2844958
2844983
2845073
2845138
2845178
2845191
2845198
2845206
2845208
2845213
2845284
2845289
2845290
2845303
2845393
2845416
2845467
2845522
2845526
2845539
2845562
2845571
2845703
2845711
2845721
2845756
2845793
2845808
2845828
2845851
2845894
2845919
2846108
2846183
2846248
2846252
2846313
2846359
2846397
2846415
2846430
2846448
2846465
2846509
2846564
2846654
2846673
2846736
2846745
2846803
2847072
2847104
2847335
2847340
2847350
2847406
2847453
2847494
2847509
2847545
2847698
2847745
2847770
2847793
2847865
2847884
2847910
2847976
2848030
2848037
2848060
2848085
2848114
2848129
2848227
2848237
2848262
2848296
2848326
2848352
2848374
2848404
2848424
2848439
2848447
2848491
2848555
2848559
2848628
2848647
2848756
2848777
2848850
2848904
2848925
2848976
2849007
2849013
2849073
2849079
2849141
2849282
2849299
2849330
2849333
2849341
2849363
2849398
2849412
2849444
2849472
2849476
2849509
2849579
2849587
2849602
2849612
2849628
2849700
2849729
2849807
2850158
2850162
2850220
2850232
2850257
2850375
2850382
2850385
2850396
2850399
2850405
2850421
2850445
2850538
2850586
2850731
2850773
2850794
2850865
2850890
2850898
2850932
2850994
2851020
2851102
2851130
2851136
2851163
2851198
2851266
2851292
2851393
2851440
2851463
2851485
2851508
2851550
2851577
2851586
2851591
2851620
2851730
2851841
2851861
2851871
2851886
2851940
2851955
2851988
2852016
2852046
2852078
2852084
2852196
2852204
2852232
2852363
2852428
2852452
2852464
2852517
2852528
2852537
2852631
2852641
2852658
2852795
2852952
2852984
2853028
2853204
2853274
2853344
2853349
2853436
2853450
2853471
2853480
2853482
2853486
2853495
2853557
2853560
2853563
2853581
2853586
2853635
2853641
2853719
2853748
2853760
2853784
2853898
2853971
2853998
2854007
2854009
2854040
2854050
2854147
2854230
2854281
2854343
2854351
2854375
2854379
2854412
2854485
2854532
2854543
2854545
2854586
2854604
2854618
2854671
2854674
2854812
2854817
2854829
2854932
2854949
2854971
2854986
2855032
2855037
2855166
2855203
2855217
2855218
2855235
2855259
2855278
2855301
2855363
2855418
2855424
2855444
2855460
2855616
2855627
2855630
2855647
2855651
2855654
2855658
2855697
2855703
2855710
2855739
2855745
2855762
2855766
2855780
2855786
2855847
2855859
2855914
2855931
2856096
2856156
2856237
2856426
2856435
2856501
2856527
2856546
2856552
2856557
2856575
2856577
2856655
2856693
2856712
2856723
2856769
2856801
2856865
2856902
2856922
2856934
2856940
2856959
2856994
2857006
2857017
2857059
2857067
2857069
2857133
2857139
2857175
2857188
2857314
2857348
2857362
2857432
2857494
2857545
2857603
2857612
2857615
2857635
2857650
2857701
2857768
2857815
2857908
2858029
2858055
2858108
2858160
2858170
2858229
2858259
2858313
2858371
2858399
2858401
2858402
2858416
2858421
2858426
2858451
2858506
2858521
2858601
2858653
2858655
2858677
2858710
2858755
2858779
2858832
2858877
2858919
2858926
2858936
2858969
2859074
2859155
2859166
2859325
2859334
2859354
2859360
2859364
2859377
2859409
2859416
2859500
2859528
2859552
2859615
2859668
2859672
2859679
2859682
2859705
2859717
2859730
2859758
2859791
2859838
2859857
2859964
2859989
2860002
2860045
2860049
2860061
2860104
2860132
2860161
2860341
2860344
2860369
2860377
2860381
2860405
2860469
2860470
2860476
2860524
2860575
2860583
2860592
2860611
2860633
2860660
2860678
2860716
2860734
2860785
2860806
2860820
2860840
2860873
2860913
2860953
2860983
2860990
2860997
2861003
2861009
2861013
2861016
2861023
2861044
2861047
2861094
2861107
2861160
2861204
2861216
2861221
2861264
2861354
2861380
2861402
2861406
2861426
2861439
2861448
2861458
2861518
2861533
2861537
2861592
2861600
2861660
2861663
2861684
2861692
2861735
2861784
2861793
2861800
2861862
2861868
2861928
2861962
2861972
2862018
2862025
2862178
2862200
2862235
2862287
2862307
2862309
2862325
2862355
2862368
2862398
2862402
2862430
2862454
2862465
2862531
2862542
2862566
2862575
2862601
2862621
2862641
2862674
2862725
2862767
2862805
2862810
2862836
2862842
2862846
2862865
2862919
2863005
2863072
2863127
2863152
2863258
2863360
2863390
2863480
2863561
2863566
2863974
2863983
2864006
2864032
2864034
2864068
2864095
2864129
2864176
2864279
2864302
2864304
2864315
2864321
2864325
2864368
2864425
2864444
2864469
2864482
2864490
2864516
2864551
2864576
2864589
2864736
2864822
2864866
2865025
2865142
2865261
2865268
2865325
2865379
2865445
2865464
2865536
2865587
2865615
2865627
2865641
2865667
2865670
2865742
2865803
2865947
2865973
2866017
2866024
2866027
2866073
2866076
2866124
2866228
2866293
2866300
2866320
2866366
2866384
2866411
2866422
2866424
2866452
2866467
2866489
2866580
2866583
2866592
2866620
2866647
2866743
2866759
2866769
2866787
2866814
2866880
2866894
2866947
2866973
2866992
2867030
2867082
2867086
2867089
2867120
2867130
2867143
2867190
2867202
2867216
2867308
2867345
2867459
2867502
2867559
2867563
2867581
2867618
2867666
2867721
2867773
2867794
2867799
2867819
2867829
2867831
2867840
2867882
2867997
2868149
2868164
2868203
2868213
2868282
2868302
2868327
2868331
2868400
2868416
2868448
2868458
2868473
2868496
2868506
2868546
2868568
2868642
2868644
2868699
2868706
2868733
2868737
2868738
2868831
2868841
2868886
2868925
2868965
2869027
2869038
2869048
2869055
2869145
2869203
2869230
2869261
2869297
2869308
2869333
2869334
2869369
2869512
2869577
2869624
2869641
2869662
2869680
2869689
2869778
2869976
2869980
2870000
2870046
2870056
2870108
2870184
2870209
2870214
2870225
2870248
2870288
2870291
2870298
2870366
2870377
2870384
2870391
2870449
2870470
2870482
2870492
2870502
2870521
2870552
2870564
2870647
2870692
2870697
2870739
2870742
2870798
2870920
2870939
2870962
2871020
2871086
2871094
2871217
2871290
2871315
2871325
2871333
2871354
2871365
2871377
2871440
2871459
2871462
2871515
2871554
2871597
2871615
2871662
2871665
2871670
2871714
2871722
2871731
2871808
2871867
2871924
2872013
2872036
2872075
2872102
2872168
2872198
2872221
2872257
2872261
2872264
2872362
2872364
2872411
2872422
2872437
2872453
2872476
2872502
2872524
2872571
2872585
2872587
2872600
2872633
2872672
2872804
2872827
2872838
2872845
2872913
2872931
2872964
2872968
2872990
2873018
2873048
2873089
2873104
2873149
2873165
2873221
2873241
2873243
2873247
2873323
2873353
2873404
2873496
2873502
2873523
2873557
2873630
2873648
2873654
2873675
2873683
2873710
2873767
2873806
2873809
2873832
2873837
2873876
2873987
2874020
2874033
2874071
2874074
2874077
2874087
2874097
2874117
2874178
2874187
2874203
2874219
2874240
2874261
2874272
2874293
2874303
2874358
2874366
2874491
2874565
2874595
2874639
2874715
2874731
2874812
2874825
2874838
2874867
2874879
2874895
2874938
2874976
2874987
2874990
2875013
2875016
2875085
2875101
2875180
2875190
2875260
2875298
2875300
2875318
2875328
2875341
2875391
2875401
2875488
