0.0	0.031151699644834455	10.440669435521547	0.3039413925944064	2752.4213872971254	113.12878254980686
10.0	-0.04342973110097985	10.440669435521547	0.3039413925944064	2752.4213872971254	113.12878254980686
20.0	0.12399797057329726	10.440669435521547	0.3039413925944064	2752.4213872971254	113.12878254980686
30.0	827.1194317605292	10.440669435521547	0.3039413925944064	2752.4213872971254	113.12878254980686
40.0	4038.061593099948	10.440669435521547	0.3039413925944064	2752.4213872971254	113.12878254980686
50.0	2692.536478944699	10.440669435521547	0.3039413925944064	2752.4213872971254	113.12878254980686
60.0	929.643023845764	10.440669435521547	0.3039413925944064	2752.4213872971254	113.12878254980686
70.0	329.9930999492643	10.440669435521547	0.3039413925944064	2752.4213872971254	113.12878254980686
80.0	174.5440892947741	10.440669435521547	0.3039413925944064	2752.4213872971254	113.12878254980686
90.0	167.96113647894452	10.440669435521547	0.3039413925944064	2752.4213872971254	113.12878254980686
100.0	114.34013191273466	10.440669435521547	0.3039413925944064	2752.4213872971254	113.12878254980686
110.0	60.569964485032926	10.440669435521547	0.3039413925944064	2752.4213872971254	113.12878254980686
120.0	39.28533739218668	10.440669435521547	0.3039413925944064	2752.4213872971254	113.12878254980686
130.0	37.113343480466746	10.440669435521547	0.3039413925944064	2752.4213872971254	113.12878254980686
140.0	31.463419583967497	10.440669435521547	0.3039413925944064	2752.4213872971254	113.12878254980686
150.0	26.419279553526156	10.440669435521547	0.3039413925944064	2752.4213872971254	113.12878254980686
160.0	20.714561136478938	10.440669435521547	0.3039413925944064	2752.4213872971254	113.12878254980686
170.0	15.058548959918811	10.440669435521547	0.3039413925944064	2752.4213872971254	113.12878254980686
180.0	14.076813800101467	10.440669435521547	0.3039413925944064	2752.4213872971254	113.12878254980686
190.0	13.638457635717891	10.440669435521547	0.3039413925944064	2752.4213872971254	113.12878254980686
200.0	12.932217148655496	10.440669435521547	0.3039413925944064	2752.4213872971254	113.12878254980686
210.0	12.04485032978182	10.440669435521547	0.3039413925944064	2752.4213872971254	113.12878254980686
220.0	12.393404363267376	10.440669435521547	0.3039413925944064	2752.4213872971254	113.12878254980686
230.0	11.67955352612885	10.440669435521547	0.3039413925944064	2752.4213872971254	113.12878254980686
240.0	11.186402841197351	10.440669435521547	0.3039413925944064	2752.4213872971254	113.12878254980686
250.0	11.495383054287126	10.440669435521547	0.3039413925944064	2752.4213872971254	113.12878254980686
260.0	11.818061897513942	10.440669435521547	0.3039413925944064	2752.4213872971254	113.12878254980686
270.0	12.544089294774215	10.440669435521547	0.3039413925944064	2752.4213872971254	113.12878254980686
280.0	12.987011669203438	10.440669435521547	0.3039413925944064	2752.4213872971254	113.12878254980686
290.0	12.200101471334337	10.440669435521547	0.3039413925944064	2752.4213872971254	113.12878254980686
300.0	11.848503297818342	10.440669435521547	0.3039413925944064	2752.4213872971254	113.12878254980686
310.0	11.886555048198876	10.440669435521547	0.3039413925944064	2752.4213872971254	113.12878254980686
320.0	11.053982749873146	10.440669435521547	0.3039413925944064	2752.4213872971254	113.12878254980686
330.0	10.926128868594619	10.440669435521547	0.3039413925944064	2752.4213872971254	113.12878254980686
340.0	11.929173008625037	10.440669435521547	0.3039413925944064	2752.4213872971254	113.12878254980686
350.0	11.903297818366285	10.440669435521547	0.3039413925944064	2752.4213872971254	113.12878254980686
360.0	11.487772704211064	10.440669435521547	0.3039413925944064	2752.4213872971254	113.12878254980686
370.0	10.947437848807702	10.440669435521547	0.3039413925944064	2752.4213872971254	113.12878254980686
380.0	10.991577879249087	10.440669435521547	0.3039413925944064	2752.4213872971254	113.12878254980686
390.0	10.787620497209517	10.440669435521547	0.3039413925944064	2752.4213872971254	113.12878254980686
400.0	10.483206494165366	10.440669435521547	0.3039413925944064	2752.4213872971254	113.12878254980686
410.0	10.219888381532204	10.440669435521547	0.3039413925944064	2752.4213872971254	113.12878254980686
420.0	10.38427194317602	10.440669435521547	0.3039413925944064	2752.4213872971254	113.12878254980686
430.0	9.486250634195809	10.440669435521547	0.3039413925944064	2752.4213872971254	113.12878254980686
440.0	9.804363267376939	10.440669435521547	0.3039413925944064	2752.4213872971254	113.12878254980686
450.0	10.860679857940116	10.440669435521547	0.3039413925944064	2752.4213872971254	113.12878254980686
460.0	9.997666159309977	10.440669435521547	0.3039413925944064	2752.4213872971254	113.12878254980686
470.0	9.445154743784872	10.440669435521547	0.3039413925944064	2752.4213872971254	113.12878254980686
480.0	10.279249112125811	10.440669435521547	0.3039413925944064	2752.4213872971254	113.12878254980686
490.0	10.592795535261274	10.440669435521547	0.3039413925944064	2752.4213872971254	113.12878254980686
500.0	9.84545915778791	10.440669435521547	0.3039413925944064	2752.4213872971254	113.12878254980686
510.0	9.216844241501759	10.440669435521547	0.3039413925944064	2752.4213872971254	113.12878254980686
520.0	9.194013191273442	10.440669435521547	0.3039413925944064	2752.4213872971254	113.12878254980686
530.0	10.55474378488076	10.440669435521547	0.3039413925944064	2752.4213872971254	113.12878254980686
540.0	10.681075596144069	10.440669435521547	0.3039413925944064	2752.4213872971254	113.12878254980686
550.0	9.168138001014698	10.440669435521547	0.3039413925944064	2752.4213872971254	113.12878254980686
560.0	9.881988838153205	10.440669435521547	0.3039413925944064	2752.4213872971254	113.12878254980686
570.0	11.784576357179075	10.440669435521547	0.3039413925944064	2752.4213872971254	113.12878254980686
580.0	11.302080162354118	10.440669435521547	0.3039413925944064	2752.4213872971254	113.12878254980686
590.0	10.235109081684424	10.440669435521547	0.3039413925944064	2752.4213872971254	113.12878254980686
600.0	9.340131912734623	10.440669435521547	0.3039413925944064	2752.4213872971254	113.12878254980686
610.0	8.611060375443927	10.440669435521547	0.3039413925944064	2752.4213872971254	113.12878254980686
620.0	8.162049720953819	10.440669435521547	0.3039413925944064	2752.4213872971254	113.12878254980686
630.0	8.48168442415016	10.440669435521547	0.3039413925944064	2752.4213872971254	113.12878254980686
640.0	8.452765093860972	10.440669435521547	0.3039413925944064	2752.4213872971254	113.12878254980686
650.0	8.30512430238457	10.440669435521547	0.3039413925944064	2752.4213872971254	113.12878254980686
660.0	9.518214104515454	10.440669435521547	0.3039413925944064	2752.4213872971254	113.12878254980686
670.0	8.174226281075583	10.440669435521547	0.3039413925944064	2752.4213872971254	113.12878254980686
680.0	7.553221714865528	10.440669435521547	0.3039413925944064	2752.4213872971254	113.12878254980686
690.0	8.247285641806167	10.440669435521547	0.3039413925944064	2752.4213872971254	113.12878254980686
700.0	7.786098427194299	10.440669435521547	0.3039413925944064	2752.4213872971254	113.12878254980686
710.0	7.880466768137983	10.440669435521547	0.3039413925944064	2752.4213872971254	113.12878254980686
720.0	8.05702688990358	10.440669435521547	0.3039413925944064	2752.4213872971254	113.12878254980686
730.0	8.283815322171476	10.440669435521547	0.3039413925944064	2752.4213872971254	113.12878254980686
740.0	8.289903602232354	10.440669435521547	0.3039413925944064	2752.4213872971254	113.12878254980686
750.0	8.422323693556551	10.440669435521547	0.3039413925944064	2752.4213872971254	113.12878254980686
760.0	8.000710299340412	10.440669435521547	0.3039413925944064	2752.4213872971254	113.12878254980686
770.0	6.9611364789446775	10.440669435521547	0.3039413925944064	2752.4213872971254	113.12878254980686
780.0	6.760223236935559	10.440669435521547	0.3039413925944064	2752.4213872971254	113.12878254980686
790.0	7.367529173008605	10.440669435521547	0.3039413925944064	2752.4213872971254	113.12878254980686
800.0	8.745002536783346	10.440669435521547	0.3039413925944064	2752.4213872971254	113.12878254980686	7.807271422437836	12.010996718398985	80	380
810.0	7.84698122780313	10.440669435521547	0.3039413925944064	2752.4213872971254	113.12878254980686	7.778957785334474	0.8744544493723697	80	380
820.0	7.56692034500252	10.440669435521547	0.3039413925944064	2752.4213872971254	113.12878254980686	7.750746829693387	-2.3717260894991563	80	380
830.0	7.807407407407393	10.440669435521547	0.3039413925944064	2752.4213872971254	113.12878254980686	7.722638183132788	1.097671835251215	80	380
840.0	7.962658548959896	10.440669435521547	0.3039413925944064	2752.4213872971254	113.12878254980686	7.694631474621366	3.4832996904730766	80	380
850.0	7.160527650938592	10.440669435521547	0.3039413925944064	2752.4213872971254	113.12878254980686	7.666726334473375	-6.602540138398634	80	380
860.0	7.119431760527636	10.440669435521547	0.3039413925944064	2752.4213872971254	113.12878254980686	7.638922394343767	-6.800574832397666	80	380
870.0	7.4131912734652206	10.440669435521547	0.3039413925944064	2752.4213872971254	113.12878254980686	7.611219287223323	-2.601790938943574	80	380
880.0	6.606494165398255	10.440669435521547	0.3039413925944064	2752.4213872971254	113.12878254980686	7.583616647433805	-12.884650259400912	80	380
890.0	6.222932521562639	10.440669435521547	0.3039413925944064	2752.4213872971254	113.12878254980686	7.556114110623141	-17.643746104709845	80	380
900.0	7.346220192795516	10.440669435521547	0.3039413925944064	2752.4213872971254	113.12878254980686	7.528711313760602	-2.4239356957616045	80	380
910.0	6.568442415017738	10.440669435521547	0.3039413925944064	2752.4213872971254	113.12878254980686	7.5014078951320196	-12.437205030801254	80	380
920.0	7.12095383054286	10.440669435521547	0.3039413925944064	2752.4213872971254	113.12878254980686	7.474203494335008	-4.72625162078995	80	380
930.0	7.999188229325191	10.440669435521547	0.3039413925944064	2752.4213872971254	113.12878254980686	7.447097752274206	7.413498458273721	80	380
940.0	7.659766615930984	10.440669435521547	0.3039413925944064	2752.4213872971254	113.12878254980686	7.420090311156537	3.230099563802876	80	380
950.0	7.939827498731594	10.440669435521547	0.3039413925944064	2752.4213872971254	113.12878254980686	7.393180814486489	7.393930947475057	80	380
960.0	7.577574835109063	10.440669435521547	0.3039413925944064	2752.4213872971254	113.12878254980686	7.366368907061406	2.8671646874105763	80	380
970.0	7.225976661593083	10.440669435521547	0.3039413925944064	2752.4213872971254	113.12878254980686	7.339654234966799	-1.5488137415540089	80	380
980.0	6.805885337392166	10.440669435521547	0.3039413925944064	2752.4213872971254	113.12878254980686	7.313036445571679	-6.934891025828442	80	380
990.0	6.8013191273465115	10.440669435521547	0.3039413925944064	2752.4213872971254	113.12878254980686	7.286515187523895	-6.658821778182043	80	380
1000.0	6.627803145611354	10.440669435521547	0.3039413925944064	2752.4213872971254	113.12878254980686	7.260090110745501	-8.709078750941568	80	380
1010.0	6.466463723997954	10.440669435521547	0.3039413925944064	2752.4213872971254	113.12878254980686	7.2337608664281365	-10.607167649005461	80	380
1020.0	6.565398274987302	10.440669435521547	0.3039413925944064	2752.4213872971254	113.12878254980686	7.207527107028417	-8.909142102496473	80	380
1030.0	6.467985794013171	10.440669435521547	0.3039413925944064	2752.4213872971254	113.12878254980686	7.18138848626335	-9.93404957293125	80	380
1040.0	6.404058853373906	10.440669435521547	0.3039413925944064	2752.4213872971254	113.12878254980686	7.155344659105766	-10.49964525155035	80	380
1050.0	7.087468290207995	10.440669435521547	0.3039413925944064	2752.4213872971254	113.12878254980686	7.129395281779759	-0.5880862249132842	80	380
1060.0	8.455809233891406	10.440669435521547	0.3039413925944064	2752.4213872971254	113.12878254980686	7.103540011756151	19.03655388577088	80	380
1070.0	7.480162354134936	10.440669435521547	0.3039413925944064	2752.4213872971254	113.12878254980686	7.077778507747973	5.685171497617185	80	380
1080.0	6.987011669203439	10.440669435521547	0.3039413925944064	2752.4213872971254	113.12878254980686	7.052110429705957	-0.9231103391163441	80	380
1090.0	8.484728564180605	10.440669435521547	0.3039413925944064	2752.4213872971254	113.12878254980686	7.0265354388140455	20.752661650457377	80	380
1100.0	8.303602232369336	10.440669435521547	0.3039413925944064	2752.4213872971254	113.12878254980686	7.001053197484928	18.60504410039819	80	380
1110.0	8.031151699644841	10.440669435521547	0.3039413925944064	2752.4213872971254	113.12878254980686	6.9756633693555745	15.131010119067353	80	380
1120.0	7.507559614408917	10.440669435521547	0.3039413925944064	2752.4213872971254	113.12878254980686	6.950365619282801	8.016758047666745	80	380
1130.0	7.778488077118195	10.440669435521547	0.3039413925944064	2752.4213872971254	113.12878254980686	6.925159613338844	12.322148678504378	80	380
1140.0	7.232064941653965	10.440669435521547	0.3039413925944064	2752.4213872971254	113.12878254980686	6.9000450188069555	4.8118515450558155	80	380
1150.0	7.487772704211041	10.440669435521547	0.3039413925944064	2752.4213872971254	113.12878254980686	6.875021504177007	8.912716849856386	80	380
1160.0	7.0311516996448375	10.440669435521547	0.3039413925944064	2752.4213872971254	113.12878254980686	6.850088739141116	2.643220655947647	80	380
1170.0	7.515169964485012	10.440669435521547	0.3039413925944064	2752.4213872971254	113.12878254980686	6.825246394589285	10.108405323545014	80	380
1180.0	7.326433282597645	10.440669435521547	0.3039413925944064	2752.4213872971254	113.12878254980686	6.800494142605059	7.733837114829345	80	380
1190.0	7.939827498731597	10.440669435521547	0.3039413925944064	2752.4213872971254	113.12878254980686	6.775831656461197	17.178641697221835	80	380
1200.0	7.6612886859462	10.440669435521547	0.3039413925944064	2752.4213872971254	113.12878254980686	6.751258610615354	13.479413659253977	80	380
1210.0	7.175748351090798	10.440669435521547	0.3039413925944064	2752.4213872971254	113.12878254980686	6.72677468070579	6.674427072349927	80	380
1220.0	7.428411973617436	10.440669435521547	0.3039413925944064	2752.4213872971254	113.12878254980686	6.70237954354709	10.832457716742635	80	380
1230.0	9.064637239979684	10.440669435521547	0.3039413925944064	2752.4213872971254	113.12878254980686	6.678072877125886	35.737321331553495	80	380
1240.0	8.204667681379986	10.440669435521547	0.3039413925944064	2752.4213872971254	113.12878254980686	6.653854360596625	23.306992259510547	80	380
1250.0	6.569964485032956	10.440669435521547	0.3039413925944064	2752.4213872971254	113.12878254980686	6.629723674277317	-0.9013828053832927	80	380
1260.0	6.283815322171472	10.440669435521547	0.3039413925944064	2752.4213872971254	113.12878254980686	6.605680499645323	-4.87255139710636	80	380
1270.0	6.0585489599188005	10.440669435521547	0.3039413925944064	2752.4213872971254	113.12878254980686	6.581724519333151	-7.948913052765658	80	380
1280.0	5.690208016235389	10.440669435521547	0.3039413925944064	2752.4213872971254	113.12878254980686	6.557855417124264	-13.230657672372923	80	380
1290.0	5.821106037544384	10.440669435521547	0.3039413925944064	2752.4213872971254	113.12878254980686	6.5340728779489075	-10.91152262489501	80	380
1300.0	5.7343480466768	10.440669435521547	0.3039413925944064	2752.4213872971254	113.12878254980686	6.510376587879952	-11.919871772822574	80	380
1310.0	6.48320649416538	10.440669435521547	0.3039413925944064	2752.4213872971254	113.12878254980686	6.486766234128744	-0.054876957714856955	80	380
1320.0	7.996144089294761	10.440669435521547	0.3039413925944064	2752.4213872971254	113.12878254980686	6.463241505040986	23.71724131085296	80	380
1330.0	8.755657026889882	10.440669435521547	0.3039413925944064	2752.4213872971254	113.12878254980686	6.43980209009261	35.96158553319715	80	380
1340.0	7.268594622019254	10.440669435521547	0.3039413925944064	2752.4213872971254	113.12878254980686	6.416447679885694	13.280665325221516	80	380
1350.0	6.186402841197344	10.440669435521547	0.3039413925944064	2752.4213872971254	113.12878254980686	6.393177966144365	-3.234308915566201	80	380
1360.0	6.125520040588514	10.440669435521547	0.3039413925944064	2752.4213872971254	113.12878254980686	6.369992641710737	-3.8378788622362854	80	380
1370.0	5.6765093860984095	10.440669435521547	0.3039413925944064	2752.4213872971254	113.12878254980686	6.346891400540853	-10.562367813404162	80	380
1380.0	6.61562658548958	10.440669435521547	0.3039413925944064	2752.4213872971254	113.12878254980686	6.3238739377006485	4.613511443509458	80	380
1390.0	6.688685946220174	10.440669435521547	0.3039413925944064	2752.4213872971254	113.12878254980686	6.300939949361922	6.153780229210367	80	380
1400.0	6.477118214104501	10.440669435521547	0.3039413925944064	2752.4213872971254	113.12878254980686	6.278089132798331	3.1702175151733942	80	380
1410.0	6.6780314561136285	10.440669435521547	0.3039413925944064	2752.4213872971254	113.12878254980686	6.255321186381386	6.757610954534759	80	380
1420.0	6.4603754439370755	10.440669435521547	0.3039413925944064	2752.4213872971254	113.12878254980686	6.232635809576481	3.653985910915437	80	380
1430.0	5.260984271943158	10.440669435521547	0.3039413925944064	2752.4213872971254	113.12878254980686	6.210032702938918	-15.282502949567709	80	380
1440.0	4.836326737696584	10.440669435521547	0.3039413925944064	2752.4213872971254	113.12878254980686	6.187511568109957	-21.83728976568373	80	380
1450.0	7.064637239979685	10.440669435521547	0.3039413925944064	2752.4213872971254	113.12878254980686	6.165072107812878	14.591315664042364	80	380
1460.0	6.120953830542858	10.440669435521547	0.3039413925944064	2752.4213872971254	113.12878254980686	6.142714025849057	-0.3542439907609321	80	380
1470.0	5.792186707255186	10.440669435521547	0.3039413925944064	2752.4213872971254	113.12878254980686	6.120437027094054	-5.3631843344807555	80	380
1480.0	5.664332825976651	10.440669435521547	0.3039413925944064	2752.4213872971254	113.12878254980686	6.098240817493722	-7.115297747382169	80	380
1490.0	4.843937087772694	10.440669435521547	0.3039413925944064	2752.4213872971254	113.12878254980686	6.076125104060321	-20.279174559197717	80	380
1500.0	4.576052765093846	10.440669435521547	0.3039413925944064	2752.4213872971254	113.12878254980686	6.054089594868651	-24.413857882571893	80	380
1510.0	4.726737696600704	10.440669435521547	0.3039413925944064	2752.4213872971254	113.12878254980686	6.0321339990522045	-21.640704643773	80	380
1520.0	4.510603754439354	10.440669435521547	0.3039413925944064	2752.4213872971254	113.12878254980686	6.010258026799317	-24.951578878529173	80	380
1530.0	5.213800101471322	10.440669435521547	0.3039413925944064	2752.4213872971254	113.12878254980686	5.988461389349351	-12.935898514028764	80	380
1540.0	5.13465246067984	10.440669435521547	0.3039413925944064	2752.4213872971254	113.12878254980686	5.966743798988879	-13.945484611724815	80	380
1550.0	4.831760527650923	10.440669435521547	0.3039413925944064	2752.4213872971254	113.12878254980686	5.945104969047887	-18.727077943844396	80	380
1560.0	5.119431760527633	10.440669435521547	0.3039413925944064	2752.4213872971254	113.12878254980686	5.923544613895991	-13.574859409043633	80	380
1570.0	5.510603754439351	10.440669435521547	0.3039413925944064	2752.4213872971254	113.12878254980686	5.902062448938666	-6.632574593813538	80	380
1580.0	5.174226281075577	10.440669435521547	0.3039413925944064	2752.4213872971254	113.12878254980686	5.880658190613489	-12.012803442061895	80	380
1590.0	5.300558092338897	10.440669435521547	0.3039413925944064	2752.4213872971254	113.12878254980686	5.859331556386401	-9.536471160067169	80	380
1600.0	5.714561136478926	10.440669435521547	0.3039413925944064	2752.4213872971254	113.12878254980686	5.838082264747966	-2.1157825920833018	80	380
1610.0	6.786098427194289	10.440669435521547	0.3039413925944064	2752.4213872971254	113.12878254980686	5.81691003520967	16.66156750092637	80	380
1620.0	6.967224759005562	10.440669435521547	0.3039413925944064	2752.4213872971254	113.12878254980686	5.795814588300204	20.21131202281799	80	380
1630.0	7.384271943176036	10.440669435521547	0.3039413925944064	2752.4213872971254	113.12878254980686	5.774795645561787	27.870705673389672	80	380
1640.0	7.617148655504804	10.440669435521547	0.3039413925944064	2752.4213872971254	113.12878254980686	5.753852929546484	32.383443733678874	80	380
1650.0	6.923084728564166	10.440669435521547	0.3039413925944064	2752.4213872971254	113.12878254980686	5.732986163812545	20.758790109484274	80	380
1660.0	6.33708777270419	10.440669435521547	0.3039413925944064	2752.4213872971254	113.12878254980686	5.712195072920754	10.93962464177394	80	380
1670.0	6.268594622019261	10.440669435521547	0.3039413925944064	2752.4213872971254	113.12878254980686	5.691479382430802	10.139986474693622	80	380
1680.0	6.200101471334325	10.440669435521547	0.3039413925944064	2752.4213872971254	113.12878254980686	5.670838818897647	9.333057583526266	80	380
1690.0	6.776966007102972	10.440669435521547	0.3039413925944064	2752.4213872971254	113.12878254980686	5.650273109867925	19.94050332305767	80	380
1700.0	6.219888381532203	10.440669435521547	0.3039413925944064	2752.4213872971254	113.12878254980686	5.62978198387634	10.481869446204566	80	380
1710.0	5.000710299340424	10.440669435521547	0.3039413925944064	2752.4213872971254	113.12878254980686	5.609365170442083	-10.85069081094768	80	380
1720.0	4.889599188229306	10.440669435521547	0.3039413925944064	2752.4213872971254	113.12878254980686	5.589022400065268	-12.514231680799737	80	380
1730.0	6.394926433282584	10.440669435521547	0.3039413925944064	2752.4213872971254	113.12878254980686	5.568753404223363	14.835870240414092	80	380
1740.0	5.489294774226265	10.440669435521547	0.3039413925944064	2752.4213872971254	113.12878254980686	5.548557915367662	-1.068081870016309	80	380
1750.0	4.836326737696584	10.440669435521547	0.3039413925944064	2752.4213872971254	113.12878254980686	5.5284356669197345	-12.519073584675914	80	380
1760.0	3.979401319127328	10.440669435521547	0.3039413925944064	2752.4213872971254	113.12878254980686	5.50838639326792	-27.75740416484296	80	380
1770.0	5.524302384576338	10.440669435521547	0.3039413925944064	2752.4213872971254	113.12878254980686	5.488409829763819	0.6539700191095901	80	380
1780.0	5.674987316083185	10.440669435521547	0.3039413925944064	2752.4213872971254	113.12878254980686	5.468505712718799	3.7758322695749524	80	380
1790.0	5.653678335870103	10.440669435521547	0.3039413925944064	2752.4213872971254	113.12878254980686	5.448673779400509	3.7624670657407084	80	380
1800.0	5.6673769660070885	10.440669435521547	0.3039413925944064	2752.4213872971254	113.12878254980686	5.428913768029421	4.392466120607115	80	380
1810.0	5.43906646372398	10.440669435521547	0.3039413925944064	2752.4213872971254	113.12878254980686	5.4092254177753665	0.5516694839625628	80	380
1820.0	5.314256722475887	10.440669435521547	0.3039413925944064	2752.4213872971254	113.12878254980686	5.389608468754099	-1.3980931400686707	80	380
1830.0	5.3599188229325065	10.440669435521547	0.3039413925944064	2752.4213872971254	113.12878254980686	5.370062662023857	-0.18889610289067704	80	380
1840.0	5.279249112125811	10.440669435521547	0.3039413925944064	2752.4213872971254	113.12878254980686	5.350587739581956	-1.3332858169655666	80	380
1850.0	5.445154743784867	10.440669435521547	0.3039413925944064	2752.4213872971254	113.12878254980686	5.331183444361371	2.1378236298366358	80	380
1860.0	5.096600710299325	10.440669435521547	0.3039413925944064	2752.4213872971254	113.12878254980686	5.311849520227354	-4.052238473781473	80	380
1870.0	4.299036022323679	10.440669435521547	0.3039413925944064	2752.4213872971254	113.12878254980686	5.292585711974046	-18.77248180227939	80	380
1880.0	4.4253678335869955	10.440669435521547	0.3039413925944064	2752.4213872971254	113.12878254980686	5.273391765321109	-16.081185875680436	80	380
1890.0	5.022019279553511	10.440669435521547	0.3039413925944064	2752.4213872971254	113.12878254980686	5.254267426910374	-4.420181320946391	80	380
1900.0	5.224454591577864	10.440669435521547	0.3039413925944064	2752.4213872971254	113.12878254980686	5.235212444302495	-0.20549028027198926	80	380
1910.0	4.923084728564165	10.440669435521547	0.3039413925944064	2752.4213872971254	113.12878254980686	5.216226565973611	-5.619806457826493	80	380
1920.0	4.962658548959906	10.440669435521547	0.3039413925944064	2752.4213872971254	113.12878254980686	5.197309541312033	-4.514855051194249	80	380
1930.0	4.967224759005563	10.440669435521547	0.3039413925944064	2752.4213872971254	113.12878254980686	5.1784611206149345	-4.079133871807216	80	380
1940.0	4.367529173008608	10.440669435521547	0.3039413925944064	2752.4213872971254	113.12878254980686	5.159681055085053	-15.352729628428307	80	380
1950.0	4.690208016235394	10.440669435521547	0.3039413925944064	2752.4213872971254	113.12878254980686	5.1409690968274075	-8.768017704486638	80	380
1960.0	4.8743784880771015	10.440669435521547	0.3039413925944064	2752.4213872971254	113.12878254980686	5.122324998846026	-4.8405072076602496	80	380
1970.0	4.982445459157772	10.440669435521547	0.3039413925944064	2752.4213872971254	113.12878254980686	5.103748515040688	-2.376744377694895	80	380
1980.0	4.871334348046661	10.440669435521547	0.3039413925944064	2752.4213872971254	113.12878254980686	5.085239400203669	-4.206390994068852	80	380
1990.0	4.51060375443935	10.440669435521547	0.3039413925944064	2752.4213872971254	113.12878254980686	5.066797410016511	-10.977223097130866	80	380
2000.0	4.801319127346508	10.440669435521547	0.3039413925944064	2752.4213872971254	113.12878254980686	5.048422301046793	-4.894661321202237	80	380
2010.0	4.6049720953830375	10.440669435521547	0.3039413925944064	2752.4213872971254	113.12878254980686	5.030113830744922	-8.451930705093487	80	380
2020.0	4.343176052765077	10.440669435521547	0.3039413925944064	2752.4213872971254	113.12878254980686	5.011871757440925	-13.34223493813588	80	380
2030.0	4.496905124302371	10.440669435521547	0.3039413925944064	2752.4213872971254	113.12878254980686	4.993695840341267	-9.948357527617164	80	380
2040.0	4.678031456113631	10.440669435521547	0.3039413925944064	2752.4213872971254	113.12878254980686	4.975585839525663	-5.980288412437449	80	380
2050.0	5.347742262810742	10.440669435521547	0.3039413925944064	2752.4213872971254	113.12878254980686	4.957541515943922	7.870851824677566	80	380
2060.0	5.146829020801603	10.440669435521547	0.3039413925944064	2752.4213872971254	113.12878254980686	4.939562631412781	4.19604740044649	80	380
2070.0	4.467985794013174	10.440669435521547	0.3039413925944064	2752.4213872971254	113.12878254980686	4.921648948612771	-9.217706490981392	80	380
2080.0	3.968746829020787	10.440669435521547	0.3039413925944064	2752.4213872971254	113.12878254980686	4.903800231085072	-19.06793421430596	80	380
2090.0	4.4999492643328125	10.440669435521547	0.3039413925944064	2752.4213872971254	113.12878254980686	4.886016243228408	-7.901467364760614	80	380
2100.0	4.694774226281063	10.440669435521547	0.3039413925944064	2752.4213872971254	113.12878254980686	4.8682967502959205	-3.5643374452124323	80	380
2110.0	4.641501775748338	10.440669435521547	0.3039413925944064	2752.4213872971254	113.12878254980686	4.850641518392083	-4.311589340312063	80	380
2120.0	4.460375443937071	10.440669435521547	0.3039413925944064	2752.4213872971254	113.12878254980686	4.833050314469603	-7.710966083195658	80	380
2130.0	5.203145611364775	10.440669435521547	0.3039413925944064	2752.4213872971254	113.12878254980686	4.815522906326356	8.049441619915934	80	380
2140.0	5.778488077118196	10.440669435521547	0.3039413925944064	2752.4213872971254	113.12878254980686	4.798059062602312	20.433867147607195	80	380
2150.0	4.579096905124286	10.440669435521547	0.3039413925944064	2752.4213872971254	113.12878254980686	4.7806585527764875	-4.2161899961489615	80	380
2160.0	4.28381532217147	10.440669435521547	0.3039413925944064	2752.4213872971254	113.12878254980686	4.7633211471638965	-10.066628097875089	80	380
2170.0	4.638457635717891	10.440669435521547	0.3039413925944064	2752.4213872971254	113.12878254980686	4.746046616912526	-2.2669179188262176	80	380
2180.0	4.755657026889884	10.440669435521547	0.3039413925944064	2752.4213872971254	113.12878254980686	4.728834734000309	0.5672072381113834	80	380
2190.0	4.857635717909675	10.440669435521547	0.3039413925944064	2752.4213872971254	113.12878254980686	4.7116852712321196	3.0976272453654135	80	380
2200.0	4.938305428716369	10.440669435521547	0.3039413925944064	2752.4213872971254	113.12878254980686	4.694598002236767	5.191230992802488	80	380
2210.0	5.031151699644836	10.440669435521547	0.3039413925944064	2752.4213872971254	113.12878254980686	4.677572701464018	7.5590273149608604	80	380
2220.0	4.085946220192781	10.440669435521547	0.3039413925944064	2752.4213872971254	113.12878254980686	4.660609144181609	-12.330210627214848	80	380
2230.0	4.023541349568728	10.440669435521547	0.3039413925944064	2752.4213872971254	113.12878254980686	4.643707106472286	-13.354971420122205	80	380
2240.0	4.667376966007087	10.440669435521547	0.3039413925944064	2752.4213872971254	113.12878254980686	4.626866365230848	0.8755515629468068	80	380
2250.0	4.8987316083206345	10.440669435521547	0.3039413925944064	2752.4213872971254	113.12878254980686	4.610086698161199	6.2611601268706245	80	380
2260.0	4.5790969051242865	10.440669435521547	0.3039413925944064	2752.4213872971254	113.12878254980686	4.593367883773418	-0.31068660316856206	80	380
2270.0	4.358396752917285	10.440669435521547	0.3039413925944064	2752.4213872971254	113.12878254980686	4.576709701380831	-4.770085120270555	80	380
2280.0	4.314256722475884	10.440669435521547	0.3039413925944064	2752.4213872971254	113.12878254980686	4.560111931097104	-5.3914292529672805	80	380
2290.0	4.830238457635704	10.440669435521547	0.3039413925944064	2752.4213872971254	113.12878254980686	4.543574353833335	6.309220043037611	80	380
2300.0	5.114865550481971	10.440669435521547	0.3039413925944064	2752.4213872971254	113.12878254980686	4.5270967512951605	12.983349627300441	80	380
2310.0	4.569964485032964	10.440669435521547	0.3039413925944064	2752.4213872971254	113.12878254980686	4.510678905979882	1.3143382690017258	80	380
2320.0	4.446676813800081	10.440669435521547	0.3039413925944064	2752.4213872971254	113.12878254980686	4.494320601173589	-1.0600887564867403	80	380
2330.0	5.253373921867054	10.440669435521547	0.3039413925944064	2752.4213872971254	113.12878254980686	4.478021620948299	17.314617180310986	80	380
2340.0	5.125520040588521	10.440669435521547	0.3039413925944064	2752.4213872971254	113.12878254980686	4.4617817501591075	14.876081520700657	80	380
2350.0	4.33404363267375	10.440669435521547	0.3039413925944064	2752.4213872971254	113.12878254980686	4.445600774441351	-2.5093828129814315	80	380
2360.0	4.049416539827487	10.440669435521547	0.3039413925944064	2752.4213872971254	113.12878254980686	4.429478480207773	-8.580286416979241	80	380
2370.0	3.993099949264317	10.440669435521547	0.3039413925944064	2752.4213872971254	113.12878254980686	4.413414654645706	-9.523571616796804	80	380
2380.0	4.157483510908154	10.440669435521547	0.3039413925944064	2752.4213872971254	113.12878254980686	4.397409085714266	-5.456066745883406	80	380
2390.0	4.344698122780298	10.440669435521547	0.3039413925944064	2752.4213872971254	113.12878254980686	4.381461562141547	-0.8390679420517436	80	380
2400.0	3.5775748351090697	10.440669435521547	0.3039413925944064	2752.4213872971254	113.12878254980686	4.365571873421841	-18.050259190787756	80	380
2410.0	3.6399797057331136	10.440669435521547	0.3039413925944064	2752.4213872971254	113.12878254980686	4.349739809812848	-16.317300232040154	80	380
2420.0	3.944393708777255	10.440669435521547	0.3039413925944064	2752.4213872971254	113.12878254980686	4.333965162332919	-8.988799839497611	80	380
2430.0	3.684119736174513	10.440669435521547	0.3039413925944064	2752.4213872971254	113.12878254980686	4.318247722758288	-14.684845041236427	80	380
2440.0	3.9580923389142395	10.440669435521547	0.3039413925944064	2752.4213872971254	113.12878254980686	4.3025872836203325	-8.006692764085523	80	380
2450.0	3.9337392186707083	10.440669435521547	0.3039413925944064	2752.4213872971254	113.12878254980686	4.286983638202825	-8.239929268314228	80	380
2460.0	3.5547437848807566	10.440669435521547	0.3039413925944064	2752.4213872971254	113.12878254980686	4.271436580539212	-16.778729641538593	80	380
2470.0	4.480162354134942	10.440669435521547	0.3039413925944064	2752.4213872971254	113.12878254980686	4.255945905409892	5.2683105873136284	80	380
2480.0	4.133130390664628	10.440669435521547	0.3039413925944064	2752.4213872971254	113.12878254980686	4.240511408339508	-2.5322657419032293	80	380
2490.0	4.741958396752902	10.440669435521547	0.3039413925944064	2752.4213872971254	113.12878254980686	4.225132885594246	12.232171748273107	80	380
2500.0	4.501471334348034	10.440669435521547	0.3039413925944064	2752.4213872971254	113.12878254980686	4.2098101341791505	6.928131931673284	80	380
2510.0	3.9687468290207826	10.440669435521547	0.3039413925944064	2752.4213872971254	113.12878254980686	4.194542951835441	-5.38309239903849	80	380
2520.0	3.684119736174516	10.440669435521547	0.3039413925944064	2752.4213872971254	113.12878254980686	4.179331137037839	-11.849058727955006	80	380
2530.0	3.854591577879235	10.440669435521547	0.3039413925944064	2752.4213872971254	113.12878254980686	4.164174488991919	-7.434436571547927	80	380
2540.0	4.015930999492626	10.440669435521547	0.3039413925944064	2752.4213872971254	113.12878254980686	4.149072807631445	-3.2089532845489903	80	380
2550.0	4.1772704211060185	10.440669435521547	0.3039413925944064	2752.4213872971254	113.12878254980686	4.134025893615738	1.0460632952750448	80	380
2560.0	4.108777270421089	10.440669435521547	0.3039413925944064	2752.4213872971254	113.12878254980686	4.119033548327046	-0.24899719280321386	80	380
2570.0	3.69629629629628	10.440669435521547	0.3039413925944064	2752.4213872971254	113.12878254980686	4.104095573867912	-9.936398171821835	80	380
2580.0	3.8195839675291587	10.440669435521547	0.3039413925944064	2752.4213872971254	113.12878254980686	4.089211773058573	-6.593637612652752	80	380
2590.0	4.717605276509368	10.440669435521547	0.3039413925944064	2752.4213872971254	113.12878254980686	4.074381949434353	15.7870159218704	80	380
2600.0	3.306646372399778	10.440669435521547	0.3039413925944064	2752.4213872971254	113.12878254980686	4.059605907243066	-18.54760171424209	80	380
2610.0	3.1270421106037345	10.440669435521547	0.3039413925944064	2752.4213872971254	113.12878254980686	4.0448834514424385	-22.69141625110099	80	380
2620.0	3.3233891425672075	10.440669435521547	0.3039413925944064	2752.4213872971254	113.12878254980686	4.030214387697533	-17.538154974781268	80	380
2630.0	3.028107559614395	10.440669435521547	0.3039413925944064	2752.4213872971254	113.12878254980686	4.015598522378176	-24.591376783826355	80	380
2640.0	3.3112125824454424	10.440669435521547	0.3039413925944064	2752.4213872971254	113.12878254980686	4.001035662556414	-17.241113008980715	80	380
2650.0	4.123997970573297	10.440669435521547	0.3039413925944064	2752.4213872971254	113.12878254980686	3.9865256160039584	3.4484252156176924	80	380
2660.0	3.7191273465245898	10.440669435521547	0.3039413925944064	2752.4213872971254	113.12878254980686	3.972068191189651	-6.367988475779525	80	380
2670.0	3.9717909690512228	10.440669435521547	0.3039413925944064	2752.4213872971254	113.12878254980686	3.957663197276934	0.3569725636079719	80	380
2680.0	4.282293252156251	10.440669435521547	0.3039413925944064	2752.4213872971254	113.12878254980686	3.9433104441213334	8.596401750216524	80	380
2690.0	3.8743784880770993	10.440669435521547	0.3039413925944064	2752.4213872971254	113.12878254980686	3.929009742267947	-1.390458608517288	80	380
2700.0	3.7495687468290098	10.440669435521547	0.3039413925944064	2752.4213872971254	113.12878254980686	3.9147609029489465	-4.219725296518092	80	380
2710.0	3.6475900558092142	10.440669435521547	0.3039413925944064	2752.4213872971254	113.12878254980686	3.9005637380810816	-6.485567196405309	80	380
2720.0	3.813495687468272	10.440669435521547	0.3039413925944064	2752.4213872971254	113.12878254980686	3.8864180602632006	-1.8763388720458418	80	380
2730.0	4.206189751395214	10.440669435521547	0.3039413925944064	2752.4213872971254	113.12878254980686	3.872323682773775	8.62185333593518	80	380
2740.0	3.999188229325198	10.440669435521547	0.3039413925944064	2752.4213872971254	113.12878254980686	3.858280419568437	3.652088351124104	80	380
2750.0	3.958092338914241	10.440669435521547	0.3039413925944064	2752.4213872971254	113.12878254980686	3.8442880852775216	2.960346652285389	80	380
2760.0	3.7815322171486363	10.440669435521547	0.3039413925944064	2752.4213872971254	113.12878254980686	3.8303464952036186	-1.2744089370532874	80	380
2770.0	4.23967529173007	10.440669435521547	0.3039413925944064	2752.4213872971254	113.12878254980686	3.81645546531914	11.089342722764874	80	380
2780.0	4.772399797057317	10.440669435521547	0.3039413925944064	2752.4213872971254	113.12878254980686	3.802614812263882	25.50310858900996	80	380
2790.0	4.848503297818349	10.440669435521547	0.3039413925944064	2752.4213872971254	113.12878254980686	3.7888243533426165	27.968542366997063	80	380
2800.0	4.585185185185166	10.440669435521547	0.3039413925944064	2752.4213872971254	113.12878254980686	3.775083906522667	21.45915955040865	80	380
2810.0	3.643023845763554	10.440669435521547	0.3039413925944064	2752.4213872971254	113.12878254980686	3.761393290431514	-3.146957404562716	80	380
2820.0	3.3416539827498566	10.440669435521547	0.3039413925944064	2752.4213872971254	113.12878254980686	3.747752324354401	-10.835783863452075	80	380
2830.0	3.6612886859462	10.440669435521547	0.3039413925944064	2752.4213872971254	113.12878254980686	3.734160828231942	-1.9514998318978491	80	380
2840.0	3.9154743784880637	10.440669435521547	0.3039413925944064	2752.4213872971254	113.12878254980686	3.7206186226577525	5.237187027008959	80	380
2850.0	3.4984271943175895	10.440669435521547	0.3039413925944064	2752.4213872971254	113.12878254980686	3.7071255288760785	-5.6296538364526825	80	380
2860.0	3.4147133434804497	10.440669435521547	0.3039413925944064	2752.4213872971254	113.12878254980686	3.6936813687794356	-7.55257417862142	80	380
2870.0	4.355352612886846	10.440669435521547	0.3039413925944064	2752.4213872971254	113.12878254980686	3.6802859649062594	18.342777012921097	80	380
2880.0	4.431456113647882	10.440669435521547	0.3039413925944064	2752.4213872971254	113.12878254980686	3.666939140438561	20.848913601491788	80	380
2890.0	4.280771182141028	10.440669435521547	0.3039413925944064	2752.4213872971254	113.12878254980686	3.653640719199599	17.164535627323914	80	380
2900.0	3.253373921867057	10.440669435521547	0.3039413925944064	2752.4213872971254	113.12878254980686	3.640390525651547	-10.63118368915167	80	380
2910.0	2.9063419583967356	10.440669435521547	0.3039413925944064	2752.4213872971254	113.12878254980686	3.627188384893178	-19.873421228924443	80	380
2920.0	3.5182141045154576	10.440669435521547	0.3039413925944064	2752.4213872971254	113.12878254980686	3.6140341226575607	-2.6513313070669744	80	380
2930.0	3.5730086250634048	10.440669435521547	0.3039413925944064	2752.4213872971254	113.12878254980686	3.6009275653097523	-0.7753263496691849	80	380
2940.0	3.1924911212582274	10.440669435521547	0.3039413925944064	2752.4213872971254	113.12878254980686	3.58786853984451	-11.019841284469614	80	380
2950.0	3.1148655504819707	10.440669435521547	0.3039413925944064	2752.4213872971254	113.12878254980686	3.57485687388401	-12.867405315230652	80	380
2960.0	2.795230847285628	10.440669435521547	0.3039413925944064	2752.4213872971254	113.12878254980686	3.561892395675566	-21.523995203244457	80	380
2970.0	2.9367833587011507	10.440669435521547	0.3039413925944064	2752.4213872971254	113.12878254980686	3.548974934089365	-17.249814009895143	80	380
2980.0	3.1620497209538114	10.440669435521547	0.3039413925944064	2752.4213872971254	113.12878254980686	3.536104318616213	-10.578155053094719	80	380
2990.0	3.5456113647894303	10.440669435521547	0.3039413925944064	2752.4213872971254	113.12878254980686	3.523280379365275	0.6338123288439029	80	380
3000.0	3.259462201927941	10.440669435521547	0.3039413925944064	2752.4213872971254	113.12878254980686	3.5105029470618394	-7.151133296840275	80	380
3010.0	4.011364789446966	10.440669435521547	0.3039413925944064	2752.4213872971254	113.12878254980686	3.497771853045084	14.683431566720367	80	380
3020.0	4.478640284119719	10.440669435521547	0.3039413925944064	2752.4213872971254	113.12878254980686	3.4850869292658433	28.50871083044045	80	380
3030.0	3.7800101471334218	10.440669435521547	0.3039413925944064	2752.4213872971254	113.12878254980686	3.472448008284397	8.857213646259291	80	380
3040.0	3.7997970573312854	10.440669435521547	0.3039413925944064	2752.4213872971254	113.12878254980686	3.459854923268255	9.825329142469169	80	380
3050.0	3.71912734652459	10.440669435521547	0.3039413925944064	2752.4213872971254	113.12878254980686	3.4473075079899598	7.88498960143889	80	380
3060.0	3.8743784880771037	10.440669435521547	0.3039413925944064	2752.4213872971254	113.12878254980686	3.4348055968248885	12.79760611950072	80	380
3070.0	3.4542871638761885	10.440669435521547	0.3039413925944064	2752.4213872971254	113.12878254980686	3.422349024749067	0.9332227337468418	80	380
3080.0	3.6232369355656884	10.440669435521547	0.3039413925944064	2752.4213872971254	113.12878254980686	3.4099376273369955	6.255226093248805	80	380
3090.0	3.6597666159309807	10.440669435521547	0.3039413925944064	2752.4213872971254	113.12878254980686	3.397571240759473	7.717141351623233	80	380
3100.0	3.6688990360223066	10.440669435521547	0.3039413925944064	2752.4213872971254	113.12878254980686	3.385249701781436	8.378978191523197	80	380
3110.0	3.5471334348046555	10.440669435521547	0.3039413925944064	2752.4213872971254	113.12878254980686	3.3729728477598075	5.163415031950772	80	380
3120.0	3.285337392186691	10.440669435521547	0.3039413925944064	2752.4213872971254	113.12878254980686	3.3607405166413464	-2.243646127431816	80	380
3130.0	3.289903602232351	10.440669435521547	0.3039413925944064	2752.4213872971254	113.12878254980686	3.3485525469605077	-1.7514715360041966	80	380
3140.0	3.221410451547421	10.440669435521547	0.3039413925944064	2752.4213872971254	113.12878254980686	3.336408777837317	-3.446769684032501	80	380
3150.0	3.070725520040571	10.440669435521547	0.3039413925944064	2752.4213872971254	113.12878254980686	3.3243090489752385	-7.628157466672297	80	380
3160.0	2.7419583967529033	10.440669435521547	0.3039413925944064	2752.4213872971254	113.12878254980686	3.312253200659065	-17.21772972527238	80	380
3170.0	3.022019279553512	10.440669435521547	0.3039413925944064	2752.4213872971254	113.12878254980686	3.300241073752809	-8.430347601332103	80	380
3180.0	3.3979705733130237	10.440669435521547	0.3039413925944064	2752.4213872971254	113.12878254980686	3.288272509697601	3.3360393121892047	80	380
3190.0	3.64911212582444	10.440669435521547	0.3039413925944064	2752.4213872971254	113.12878254980686	3.2763473505095955	11.377449807233212	80	380
3200.0	3.37209538305427	10.440669435521547	0.3039413925944064	2752.4213872971254	113.12878254980686	3.2644654387778886	3.297015891112466	80	380
3210.0	3.471029934043615	10.440669435521547	0.3039413925944064	2752.4213872971254	113.12878254980686	3.252626617662437	6.714675308724424	80	380
3220.0	3.2244545915778637	10.440669435521547	0.3039413925944064	2752.4213872971254	113.12878254980686	3.24083073089199	-0.5053068387073365	80	380
3230.0	2.6825976661592894	10.440669435521547	0.3039413925944064	2752.4213872971254	113.12878254980686	3.229077622762025	-16.923716938563345	80	380
3240.0	3.3005580923388953	10.440669435521547	0.3039413925944064	2752.4213872971254	113.12878254980686	3.2173671381326945	2.5856842142822236	80	380
3250.0	3.6536783358701	10.440669435521547	0.3039413925944064	2752.4213872971254	113.12878254980686	3.2056991224267772	13.97446224161529	80	380
3260.0	2.9991882293252	10.440669435521547	0.3039413925944064	2752.4213872971254	113.12878254980686	3.1940734216276345	-6.101462508119964	80	380
3270.0	2.661288685946206	10.440669435521547	0.3039413925944064	2752.4213872971254	113.12878254980686	3.1824898822771845	-16.377151714871772	80	380
3280.0	3.082902080162341	10.440669435521547	0.3039413925944064	2752.4213872971254	113.12878254980686	3.1709483514738688	-2.776654223037203	80	380
3290.0	3.2077118214104376	10.440669435521547	0.3039413925944064	2752.4213872971254	113.12878254980686	3.1594486768706385	1.5275812167204665	80	380
3300.0	3.286859462201909	10.440669435521547	0.3039413925944064	2752.4213872971254	113.12878254980686	3.1479907066729433	4.4113457906530344	80	380
3310.0	3.4573313039066345	10.440669435521547	0.3039413925944064	2752.4213872971254	113.12878254980686	3.136574289636727	10.22634838682737	80	380
3320.0	2.987011669203432	10.440669435521547	0.3039413925944064	2752.4213872971254	113.12878254980686	3.1251992750664277	-4.421721423190154	80	380
3330.0	2.783054287163857	10.440669435521547	0.3039413925944064	2752.4213872971254	113.12878254980686	3.1138655128129966	-10.623812245195268	80	380
3340.0	2.7952308472856235	10.440669435521547	0.3039413925944064	2752.4213872971254	113.12878254980686	3.1025728532719086	-9.906036716016791	80	380
3350.0	3.1590055809233712	10.440669435521547	0.3039413925944064	2752.4213872971254	113.12878254980686	3.09132114738119	2.189498609664671	80	380
3360.0	3.1879249112125656	10.440669435521547	0.3039413925944064	2752.4213872971254	113.12878254980686	3.080110246619453	3.500350830345875	80	380
3370.0	3.165093860984254	10.440669435521547	0.3039413925944064	2752.4213872971254	113.12878254980686	3.068940003003932	3.133129285232182	80	380
3380.0	2.56387620497208	10.440669435521547	0.3039413925944064	2752.4213872971254	113.12878254980686	3.057810269088532	-16.153195281919285	80	380
3390.0	2.6171486555048005	10.440669435521547	0.3039413925944064	2752.4213872971254	113.12878254980686	3.0467208979618814	-14.099494402143806	80	380
3400.0	2.7921867072551807	10.440669435521547	0.3039413925944064	2752.4213872971254	113.12878254980686	3.0356717432453957	-8.020795941853331	80	380
3410.0	3.6734652460679706	10.440669435521547	0.3039413925944064	2752.4213872971254	113.12878254980686	3.0246626590913395	21.45041150379205	80	380
3420.0	3.8819888381532053	10.440669435521547	0.3039413925944064	2752.4213872971254	113.12878254980686	3.013693500180907	28.811667076302754	80	380
3430.0	4.06463723997969	10.440669435521547	0.3039413925944064	2752.4213872971254	113.12878254980686	3.002764121722301	35.36318788997412	80	380
3440.0	3.9428716387620324	10.440669435521547	0.3039413925944064	2752.4213872971254	113.12878254980686	2.991874379448823	31.786002308305683	80	380
3450.0	3.6232369355656857	10.440669435521547	0.3039413925944064	2752.4213872971254	113.12878254980686	2.981024129616967	21.543361543713395	80	380
3460.0	3.2259766615930876	10.440669435521547	0.3039413925944064	2752.4213872971254	113.12878254980686	2.970213229004525	8.61094517023219	80	380
3470.0	3.2472856418061746	10.440669435521547	0.3039413925944064	2752.4213872971254	113.12878254980686	2.959441534908693	9.726298137745186	80	380
3480.0	3.725215626585475	10.440669435521547	0.3039413925944064	2752.4213872971254	113.12878254980686	2.9487089051441884	26.333786969837103	80	380
3490.0	3.3690512430238306	10.440669435521547	0.3039413925944064	2752.4213872971254	113.12878254980686	2.9380151980413767	14.670994393419184	80	380
3500.0	3.1163876204971923	10.440669435521547	0.3039413925944064	2752.4213872971254	113.12878254980686	2.927360272444397	6.457262873727332	80	380
3510.0	2.898731608320634	10.440669435521547	0.3039413925944064	2752.4213872971254	113.12878254980686	2.9167439877093	-0.6175509220064321	80	380
3520.0	2.9443937087772563	10.440669435521547	0.3039413925944064	2752.4213872971254	113.12878254980686	2.9061662037021927	1.3153929402373885	80	380
3530.0	3.104211060375429	10.440669435521547	0.3039413925944064	2752.4213872971254	113.12878254980686	2.895626780797387	7.203424176115784	80	380
3540.0	3.1255200405885146	10.440669435521547	0.3039413925944064	2752.4213872971254	113.12878254980686	2.8851255798755577	8.332200940914527	80	380
3550.0	3.227498731608302	10.440669435521547	0.3039413925944064	2752.4213872971254	113.12878254980686	2.8746624623219077	12.2740069107593	80	380
3560.0	3.3583967529172827	10.440669435521547	0.3039413925944064	2752.4213872971254	113.12878254980686	2.864237290024335	17.252741754812824	80	380
3570.0	3.3979705733130197	10.440669435521547	0.3039413925944064	2752.4213872971254	113.12878254980686	2.853849925371609	19.06619696796281	80	380
3580.0	3.0235413495687347	10.440669435521547	0.3039413925944064	2752.4213872971254	113.12878254980686	2.8435002312515607	6.331672364166795	80	380
3590.0	2.614104515474363	10.440669435521547	0.3039413925944064	2752.4213872971254	113.12878254980686	2.8331880710492663	-7.732757236047733	80	380
3600.0	2.789142567224743	10.440669435521547	0.3039413925944064	2752.4213872971254	113.12878254980686	2.8229133086452443	-1.1963081302240954	80	380
3610.0	2.892643328259749	10.440669435521547	0.3039413925944064	2752.4213872971254	113.12878254980686	2.812675808413662	2.8431118725761833	80	380
3620.0	3.143784880771167	10.440669435521547	0.3039413925944064	2752.4213872971254	113.12878254980686	2.8024754352205448	12.17885592362961	80	380
3630.0	2.98092338914255	10.440669435521547	0.3039413925944064	2752.4213872971254	113.12878254980686	2.792312054421989	6.754665347014864	80	380
3640.0	2.924606798579385	10.440669435521547	0.3039413925944064	2752.4213872971254	113.12878254980686	2.782185531862388	5.119042748441748	80	380
3650.0	2.7023845763571614	10.440669435521547	0.3039413925944064	2752.4213872971254	113.12878254980686	2.77209573387266	-2.5147456728744055	80	380
3660.0	2.268594622019265	10.440669435521547	0.3039413925944064	2752.4213872971254	113.12878254980686	2.762042527268484	-17.86532612650295	80	380
3670.0	2.939827498731592	10.440669435521547	0.3039413925944064	2752.4213872971254	113.12878254980686	2.752025779348542	6.824126459582318	80	380
3680.0	2.7982749873160655	10.440669435521547	0.3039413925944064	2752.4213872971254	113.12878254980686	2.7420453578927657	2.0506454884652854	80	380
3690.0	2.915474378488061	10.440669435521547	0.3039413925944064	2752.4213872971254	113.12878254980686	2.732101131160593	6.711803060144085	80	380
3700.0	3.1285641806189566	10.440669435521547	0.3039413925944064	2752.4213872971254	113.12878254980686	2.7221929678892294	14.92808252476035	80	380
3710.0	2.9885337392186533	10.440669435521547	0.3039413925944064	2752.4213872971254	113.12878254980686	2.7123207372919143	10.183640825698244	80	380
3720.0	2.6552004058853176	10.440669435521547	0.3039413925944064	2752.4213872971254	113.12878254980686	2.702484309056194	-1.7496457985870695	80	380
3730.0	2.9946220192795363	10.440669435521547	0.3039413925944064	2752.4213872971254	113.12878254980686	2.692683553342201	11.213291868721983	80	380
3740.0	3.108777270421092	10.440669435521547	0.3039413925944064	2752.4213872971254	113.12878254980686	2.682918340780946	15.872973961488022	80	380
3750.0	3.028107559614394	10.440669435521547	0.3039413925944064	2752.4213872971254	113.12878254980686	2.673188542472602	13.276991559057954	80	380
3760.0	2.2396752917300686	10.440669435521547	0.3039413925944064	2752.4213872971254	113.12878254980686	2.663494029984806	-15.912133967019077	80	380
3770.0	2.078335870116674	10.440669435521547	0.3039413925944064	2752.4213872971254	113.12878254980686	2.653834675350968	-21.685556021238764	80	380
3780.0	2.4299340436326564	10.440669435521547	0.3039413925944064	2752.4213872971254	113.12878254980686	2.6442103510685753	-8.103602928160605	80	380
3790.0	2.8089294774226143	10.440669435521547	0.3039413925944064	2752.4213872971254	113.12878254980686	2.634620930097512	6.616076921496673	80	380
3800.0	3.008320649416521	10.440669435521547	0.3039413925944064	2752.4213872971254	113.12878254980686
3810.0	2.729781836631137	10.440669435521547	0.3039413925944064	2752.4213872971254	113.12878254980686
3820.0	2.783054287163861	10.440669435521547	0.3039413925944064	2752.4213872971254	113.12878254980686
3830.0	2.939827498731594	10.440669435521547	0.3039413925944064	2752.4213872971254	113.12878254980686
3840.0	2.6628107559614254	10.440669435521547	0.3039413925944064	2752.4213872971254	113.12878254980686
3850.0	2.7039066463723858	10.440669435521547	0.3039413925944064	2752.4213872971254	113.12878254980686
3860.0	2.877422628107544	10.440669435521547	0.3039413925944064	2752.4213872971254	113.12878254980686
3870.0	2.9261288685946054	10.440669435521547	0.3039413925944064	2752.4213872971254	113.12878254980686
3880.0	3.1696600710299188	10.440669435521547	0.3039413925944064	2752.4213872971254	113.12878254980686
3890.0	2.8804667681379867	10.440669435521547	0.3039413925944064	2752.4213872971254	113.12878254980686
3900.0	2.9154743784880606	10.440669435521547	0.3039413925944064	2752.4213872971254	113.12878254980686
3910.0	3.367529173008608	10.440669435521547	0.3039413925944064	2752.4213872971254	113.12878254980686
3920.0	3.71760527650937	10.440669435521547	0.3039413925944064	2752.4213872971254	113.12878254980686
3930.0	3.1970573313038906	10.440669435521547	0.3039413925944064	2752.4213872971254	113.12878254980686
3940.0	3.139218670725505	10.440669435521547	0.3039413925944064	2752.4213872971254	113.12878254980686
3950.0	2.8622019279553403	10.440669435521547	0.3039413925944064	2752.4213872971254	113.12878254980686
3960.0	3.2442415017757336	10.440669435521547	0.3039413925944064	2752.4213872971254	113.12878254980686
3970.0	2.8211060375443795	10.440669435521547	0.3039413925944064	2752.4213872971254	113.12878254980686
3980.0	2.837848807711807	10.440669435521547	0.3039413925944064	2752.4213872971254	113.12878254980686
3990.0	3.0341958396752737	10.440669435521547	0.3039413925944064	2752.4213872971254	113.12878254980686
4000.0	2.871334348046662	10.440669435521547	0.3039413925944064	2752.4213872971254	113.12878254980686
4010.0	3.02049720953829	10.440669435521547	0.3039413925944064	2752.4213872971254	113.12878254980686
4020.0	2.627803145611349	10.440669435521547	0.3039413925944064	2752.4213872971254	113.12878254980686
4030.0	2.3964485032978033	10.440669435521547	0.3039413925944064	2752.4213872971254	113.12878254980686
4040.0	2.6978183663115023	10.440669435521547	0.3039413925944064	2752.4213872971254	113.12878254980686
4050.0	2.647590055809218	10.440669435521547	0.3039413925944064	2752.4213872971254	113.12878254980686
4060.0	2.7206494165398114	10.440669435521547	0.3039413925944064	2752.4213872971254	113.12878254980686
4070.0	2.233587011669185	10.440669435521547	0.3039413925944064	2752.4213872971254	113.12878254980686
4080.0	2.4177574835108926	10.440669435521547	0.3039413925944064	2752.4213872971254	113.12878254980686
4090.0	2.3294774226280905	10.440669435521547	0.3039413925944064	2752.4213872971254	113.12878254980686
4100.0	2.437544393708759	10.440669435521547	0.3039413925944064	2752.4213872971254	113.12878254980686
4110.0	2.2716387620497067	10.440669435521547	0.3039413925944064	2752.4213872971254	113.12878254980686
4120.0	2.238153221714848	10.440669435521547	0.3039413925944064	2752.4213872971254	113.12878254980686
4130.0	2.5836631151699474	10.440669435521547	0.3039413925944064	2752.4213872971254	113.12878254980686
4140.0	2.554743784880756	10.440669435521547	0.3039413925944064	2752.4213872971254	113.12878254980686
4150.0	2.277727042110588	10.440669435521547	0.3039413925944064	2752.4213872971254	113.12878254980686
4160.0	2.379705733130374	10.440669435521547	0.3039413925944064	2752.4213872971254	113.12878254980686
4170.0	2.125520040588516	10.440669435521547	0.3039413925944064	2752.4213872971254	113.12878254980686
4180.0	2.219888381532198	10.440669435521547	0.3039413925944064	2752.4213872971254	113.12878254980686
4190.0	2.437544393708761	10.440669435521547	0.3039413925944064	2752.4213872971254	113.12878254980686
4200.0	2.225976661593084	10.440669435521547	0.3039413925944064	2752.4213872971254	113.12878254980686
4210.0	1.7678335870116528	10.440669435521547	0.3039413925944064	2752.4213872971254	113.12878254980686
4220.0	1.9398274987315915	10.440669435521547	0.3039413925944064	2752.4213872971254	113.12878254980686
4230.0	2.3157787924911024	10.440669435521547	0.3039413925944064	2752.4213872971254	113.12878254980686
4240.0	2.7480466768137894	10.440669435521547	0.3039413925944064	2752.4213872971254	113.12878254980686
4250.0	2.65063419583966	10.440669435521547	0.3039413925944064	2752.4213872971254	113.12878254980686
4260.0	2.819583967529158	10.440669435521547	0.3039413925944064	2752.4213872971254	113.12878254980686
4270.0	2.737392186707238	10.440669435521547	0.3039413925944064	2752.4213872971254	113.12878254980686
4280.0	2.83328259766614	10.440669435521547	0.3039413925944064	2752.4213872971254	113.12878254980686
4290.0	2.5547437848807575	10.440669435521547	0.3039413925944064	2752.4213872971254	113.12878254980686
4300.0	2.5106037544393565	10.440669435521547	0.3039413925944064	2752.4213872971254	113.12878254980686
4310.0	2.4710299340436164	10.440669435521547	0.3039413925944064	2752.4213872971254	113.12878254980686
4320.0	2.2290208016235256	10.440669435521547	0.3039413925944064	2752.4213872971254	113.12878254980686
4330.0	2.11029934043631	10.440669435521547	0.3039413925944064	2752.4213872971254	113.12878254980686
4340.0	2.1864028411973426	10.440669435521547	0.3039413925944064	2752.4213872971254	113.12878254980686
4350.0	2.901775748351076	10.440669435521547	0.3039413925944064	2752.4213872971254	113.12878254980686
4360.0	2.4999492643328094	10.440669435521547	0.3039413925944064	2752.4213872971254	113.12878254980686
4370.0	2.324911212582427	10.440669435521547	0.3039413925944064	2752.4213872971254	113.12878254980686
4380.0	2.7860984271943035	10.440669435521547	0.3039413925944064	2752.4213872971254	113.12878254980686
4390.0	2.8028411973617304	10.440669435521547	0.3039413925944064	2752.4213872971254	113.12878254980686
4400.0	2.5303906646372245	10.440669435521547	0.3039413925944064	2752.4213872971254	113.12878254980686
4410.0	2.4664637239979537	10.440669435521547	0.3039413925944064	2752.4213872971254	113.12878254980686
4420.0	3.0098427194317434	10.440669435521547	0.3039413925944064	2752.4213872971254	113.12878254980686
4430.0	3.0539827498731427	10.440669435521547	0.3039413925944064	2752.4213872971254	113.12878254980686
4440.0	2.988533739218655	10.440669435521547	0.3039413925944064	2752.4213872971254	113.12878254980686
4450.0	2.5958396752917148	10.440669435521547	0.3039413925944064	2752.4213872971254	113.12878254980686
4460.0	2.58670725520039	10.440669435521547	0.3039413925944064	2752.4213872971254	113.12878254980686
4470.0	2.3325215626585325	10.440669435521547	0.3039413925944064	2752.4213872971254	113.12878254980686
4480.0	2.5608320649416356	10.440669435521547	0.3039413925944064	2752.4213872971254	113.12878254980686
4490.0	2.6978183663115005	10.440669435521547	0.3039413925944064	2752.4213872971254	113.12878254980686
4500.0	2.93069507864027	10.440669435521547	0.3039413925944064	2752.4213872971254	113.12878254980686
4510.0	2.291425672247575	10.440669435521547	0.3039413925944064	2752.4213872971254	113.12878254980686
4520.0	2.148351090816825	10.440669435521547	0.3039413925944064	2752.4213872971254	113.12878254980686
4530.0	2.1042110603754267	10.440669435521547	0.3039413925944064	2752.4213872971254	113.12878254980686
4540.0	2.5684424150177407	10.440669435521547	0.3039413925944064	2752.4213872971254	113.12878254980686
4550.0	2.5456113647894325	10.440669435521547	0.3039413925944064	2752.4213872971254	113.12878254980686
4560.0	2.513647894469796	10.440669435521547	0.3039413925944064	2752.4213872971254	113.12878254980686
4570.0	2.288381532217133	10.440669435521547	0.3039413925944064	2752.4213872971254	113.12878254980686
4580.0	2.28990360223235	10.440669435521547	0.3039413925944064	2752.4213872971254	113.12878254980686
4590.0	2.2031456113647723	10.440669435521547	0.3039413925944064	2752.4213872971254	113.12878254980686
4600.0	1.988533739218652	10.440669435521547	0.3039413925944064	2752.4213872971254	113.12878254980686
4610.0	2.072247590055793	10.440669435521547	0.3039413925944064	2752.4213872971254	113.12878254980686
4620.0	2.7647894469812098	10.440669435521547	0.3039413925944064	2752.4213872971254	113.12878254980686
4630.0	2.232064941653967	10.440669435521547	0.3039413925944064	2752.4213872971254	113.12878254980686
4640.0	2.6354134956874526	10.440669435521547	0.3039413925944064	2752.4213872971254	113.12878254980686
4650.0	2.7465246067985603	10.440669435521547	0.3039413925944064	2752.4213872971254	113.12878254980686
4660.0	2.731303906646357	10.440669435521547	0.3039413925944064	2752.4213872971254	113.12878254980686
4670.0	2.3842719431760373	10.440669435521547	0.3039413925944064	2752.4213872971254	113.12878254980686
4680.0	1.8622019279553337	10.440669435521547	0.3039413925944064	2752.4213872971254	113.12878254980686
4690.0	2.0113647894469646	10.440669435521547	0.3039413925944064	2752.4213872971254	113.12878254980686
4700.0	1.988533739218654	10.440669435521547	0.3039413925944064	2752.4213872971254	113.12878254980686
4710.0	2.467985794013172	10.440669435521547	0.3039413925944064	2752.4213872971254	113.12878254980686
4720.0	3.0676813800101272	10.440669435521547	0.3039413925944064	2752.4213872971254	113.12878254980686
4730.0	2.4147133434804497	10.440669435521547	0.3039413925944064	2752.4213872971254	113.12878254980686
4740.0	2.0783358701166748	10.440669435521547	0.3039413925944064	2752.4213872971254	113.12878254980686
4750.0	2.2046676813799966	10.440669435521547	0.3039413925944064	2752.4213872971254	113.12878254980686
4760.0	2.5669203450025213	10.440669435521547	0.3039413925944064	2752.4213872971254	113.12878254980686
4770.0	2.1635717909690353	10.440669435521547	0.3039413925944064	2752.4213872971254	113.12878254980686
4780.0	2.2685946220192617	10.440669435521547	0.3039413925944064	2752.4213872971254	113.12878254980686
4790.0	2.334043632673752	10.440669435521547	0.3039413925944064	2752.4213872971254	113.12878254980686
4800.0	2.06768138001013	10.440669435521547	0.3039413925944064	2752.4213872971254	113.12878254980686
4810.0	2.308168442415002	10.440669435521547	0.3039413925944064	2752.4213872971254	113.12878254980686
4820.0	2.244241501775735	10.440669435521547	0.3039413925944064	2752.4213872971254	113.12878254980686
4830.0	1.9048198883815144	10.440669435521547	0.3039413925944064	2752.4213872971254	113.12878254980686
4840.0	2.2183663115169794	10.440669435521547	0.3039413925944064	2752.4213872971254	113.12878254980686
4850.0	2.207711821410436	10.440669435521547	0.3039413925944064	2752.4213872971254	113.12878254980686
4860.0	1.8317605276509197	10.440669435521547	0.3039413925944064	2752.4213872971254	113.12878254980686
4870.0	2.204667681379994	10.440669435521547	0.3039413925944064	2752.4213872971254	113.12878254980686
4880.0	1.9109081684423994	10.440669435521547	0.3039413925944064	2752.4213872971254	113.12878254980686
4890.0	2.1696600710299165	10.440669435521547	0.3039413925944064	2752.4213872971254	113.12878254980686
4900.0	2.194013191273446	10.440669435521547	0.3039413925944064	2752.4213872971254	113.12878254980686
4910.0	2.8500253678335703	10.440669435521547	0.3039413925944064	2752.4213872971254	113.12878254980686
4920.0	2.4816844241501608	10.440669435521547	0.3039413925944064	2752.4213872971254	113.12878254980686
4930.0	2.0676813800101317	10.440669435521547	0.3039413925944064	2752.4213872971254	113.12878254980686
4940.0	1.892643328259749	10.440669435521547	0.3039413925944064	2752.4213872971254	113.12878254980686
4950.0	2.297513952308456	10.440669435521547	0.3039413925944064	2752.4213872971254	113.12878254980686
4960.0	2.8195839675291583	10.440669435521547	0.3039413925944064	2752.4213872971254	113.12878254980686
4970.0	2.1513952308472675	10.440669435521547	0.3039413925944064	2752.4213872971254	113.12878254980686
4980.0	2.2670725520040427	10.440669435521547	0.3039413925944064	2752.4213872971254	113.12878254980686
4990.0	2.437544393708759	10.440669435521547	0.3039413925944064	2752.4213872971254	113.12878254980686
5000.0	2.343176052765078	10.440669435521547	0.3039413925944064	2752.4213872971254	113.12878254980686
5010.0	2.3020801623541156	10.440669435521547	0.3039413925944064	2752.4213872971254	113.12878254980686
5020.0	2.4390664637239805	10.440669435521547	0.3039413925944064	2752.4213872971254	113.12878254980686
5030.0	2.2198883815322	10.440669435521547	0.3039413925944064	2752.4213872971254	113.12878254980686
5040.0	1.9520040588533558	10.440669435521547	0.3039413925944064	2752.4213872971254	113.12878254980686
5050.0	1.6962962962962804	10.440669435521547	0.3039413925944064	2752.4213872971254	113.12878254980686
5060.0	1.9976661593099798	10.440669435521547	0.3039413925944064	2752.4213872971254	113.12878254980686
5070.0	2.227498731608304	10.440669435521547	0.3039413925944064	2752.4213872971254	113.12878254980686
5080.0	1.990055809233873	10.440669435521547	0.3039413925944064	2752.4213872971254	113.12878254980686
5090.0	1.6552004058853207	10.440669435521547	0.3039413925944064	2752.4213872971254	113.12878254980686
5100.0	2.017453069507848	10.440669435521547	0.3039413925944064	2752.4213872971254	113.12878254980686
5110.0	2.338609842719416	10.440669435521547	0.3039413925944064	2752.4213872971254	113.12878254980686
5120.0	2.128564180618959	10.440669435521547	0.3039413925944064	2752.4213872971254	113.12878254980686
5130.0	2.1239979705732948	10.440669435521547	0.3039413925944064	2752.4213872971254	113.12878254980686
5140.0	2.2351090816844112	10.440669435521547	0.3039413925944064	2752.4213872971254	113.12878254980686
5150.0	2.335565702688973	10.440669435521547	0.3039413925944064	2752.4213872971254	113.12878254980686
5160.0	1.9672247590055638	10.440669435521547	0.3039413925944064	2752.4213872971254	113.12878254980686
5170.0	2.180314561136463	10.440669435521547	0.3039413925944064	2752.4213872971254	113.12878254980686
5180.0	2.187924911212566	10.440669435521547	0.3039413925944064	2752.4213872971254	113.12878254980686
5190.0	1.7267376966006944	10.440669435521547	0.3039413925944064	2752.4213872971254	113.12878254980686
5200.0	1.8074074074073918	10.440669435521547	0.3039413925944064	2752.4213872971254	113.12878254980686
5210.0	2.2488077118213936	10.440669435521547	0.3039413925944064	2752.4213872971254	113.12878254980686
5220.0	2.466463723997958	10.440669435521547	0.3039413925944064	2752.4213872971254	113.12878254980686
5230.0	2.2564180618974965	10.440669435521547	0.3039413925944064	2752.4213872971254	113.12878254980686
5240.0	2.25946220192794	10.440669435521547	0.3039413925944064	2752.4213872971254	113.12878254980686
5250.0	2.506037544393691	10.440669435521547	0.3039413925944064	2752.4213872971254	113.12878254980686
5260.0	2.2685946220192648	10.440669435521547	0.3039413925944064	2752.4213872971254	113.12878254980686
5270.0	2.678031456113634	10.440669435521547	0.3039413925944064	2752.4213872971254	113.12878254980686
5280.0	2.426889903602218	10.440669435521547	0.3039413925944064	2752.4213872971254	113.12878254980686
5290.0	2.3720953830542695	10.440669435521547	0.3039413925944064	2752.4213872971254	113.12878254980686
5300.0	2.3568746829020646	10.440669435521547	0.3039413925944064	2752.4213872971254	113.12878254980686
5310.0	1.9885337392186546	10.440669435521547	0.3039413925944064	2752.4213872971254	113.12878254980686
5320.0	1.9276509386098273	10.440669435521547	0.3039413925944064	2752.4213872971254	113.12878254980686
5330.0	2.2031456113647745	10.440669435521547	0.3039413925944064	2752.4213872971254	113.12878254980686
5340.0	1.769355657026874	10.440669435521547	0.3039413925944064	2752.4213872971254	113.12878254980686
5350.0	2.003754439370859	10.440669435521547	0.3039413925944064	2752.4213872971254	113.12878254980686
5360.0	2.1361745306950617	10.440669435521547	0.3039413925944064	2752.4213872971254	113.12878254980686
5370.0	2.0570268899035855	10.440669435521547	0.3039413925944064	2752.4213872971254	113.12878254980686
5380.0	1.7419583967528993	10.440669435521547	0.3039413925944064	2752.4213872971254	113.12878254980686
5390.0	1.871334348046661	10.440669435521547	0.3039413925944064	2752.4213872971254	113.12878254980686
5400.0	1.7556570268898886	10.440669435521547	0.3039413925944064	2752.4213872971254	113.12878254980686
5410.0	1.6658548959918635	10.440669435521547	0.3039413925944064	2752.4213872971254	113.12878254980686
5420.0	2.0981227803145446	10.440669435521547	0.3039413925944064	2752.4213872971254	113.12878254980686
5430.0	1.9794013191273263	10.440669435521547	0.3039413925944064	2752.4213872971254	113.12878254980686
5440.0	2.0281075596143894	10.440669435521547	0.3039413925944064	2752.4213872971254	113.12878254980686
5450.0	1.9352612886859275	10.440669435521547	0.3039413925944064	2752.4213872971254	113.12878254980686
5460.0	2.0783358701166756	10.440669435521547	0.3039413925944064	2752.4213872971254	113.12878254980686
5470.0	1.671943176052751	10.440669435521547	0.3039413925944064	2752.4213872971254	113.12878254980686
5480.0	1.7663115169964332	10.440669435521547	0.3039413925944064	2752.4213872971254	113.12878254980686
5490.0	1.745002536783342	10.440669435521547	0.3039413925944064	2752.4213872971254	113.12878254980686
5500.0	1.6217148655504632	10.440669435521547	0.3039413925944064	2752.4213872971254	113.12878254980686
5510.0	1.6658548959918644	10.440669435521547	0.3039413925944064	2752.4213872971254	113.12878254980686
5520.0	1.821106037544376	10.440669435521547	0.3039413925944064	2752.4213872971254	113.12878254980686
5530.0	2.3568746829020633	10.440669435521547	0.3039413925944064	2752.4213872971254	113.12878254980686
5540.0	2.5516996448503133	10.440669435521547	0.3039413925944064	2752.4213872971254	113.12878254980686
5550.0	2.295991882293234	10.440669435521547	0.3039413925944064	2752.4213872971254	113.12878254980686
5560.0	2.3249112125824314	10.440669435521547	0.3039413925944064	2752.4213872971254	113.12878254980686
5570.0	2.3173008625063303	10.440669435521547	0.3039413925944064	2752.4213872971254	113.12878254980686
5580.0	1.9596144089294627	10.440669435521547	0.3039413925944064	2752.4213872971254	113.12878254980686
5590.0	2.0007102993404193	10.440669435521547	0.3039413925944064	2752.4213872971254	113.12878254980686
5600.0	1.7937087772704048	10.440669435521547	0.3039413925944064	2752.4213872971254	113.12878254980686
5610.0	1.3720953830542695	10.440669435521547	0.3039413925944064	2752.4213872971254	113.12878254980686
5620.0	1.5349568746828868	10.440669435521547	0.3039413925944064	2752.4213872971254	113.12878254980686
5630.0	2.1924911212582283	10.440669435521547	0.3039413925944064	2752.4213872971254	113.12878254980686
5640.0	2.120953830542854	10.440669435521547	0.3039413925944064	2752.4213872971254	113.12878254980686
5650.0	2.3873160832064784	10.440669435521547	0.3039413925944064	2752.4213872971254	113.12878254980686
5660.0	2.1194317605276325	10.440669435521547	0.3039413925944064	2752.4213872971254	113.12878254980686
5670.0	2.318822932521545	10.440669435521547	0.3039413925944064	2752.4213872971254	113.12878254980686
5680.0	2.1620497209538136	10.440669435521547	0.3039413925944064	2752.4213872971254	113.12878254980686
5690.0	1.5669203450025198	10.440669435521547	0.3039413925944064	2752.4213872971254	113.12878254980686
5700.0	1.5273465246067819	10.440669435521547	0.3039413925944064	2752.4213872971254	113.12878254980686
5710.0	2.0113647894469637	10.440669435521547	0.3039413925944064	2752.4213872971254	113.12878254980686
5720.0	1.9185185185185025	10.440669435521547	0.3039413925944064	2752.4213872971254	113.12878254980686
5730.0	2.3036022323693413	10.440669435521547	0.3039413925944064	2752.4213872971254	113.12878254980686
5740.0	2.4345002536783205	10.440669435521547	0.3039413925944064	2752.4213872971254	113.12878254980686
5750.0	1.6871638762049557	10.440669435521547	0.3039413925944064	2752.4213872971254	113.12878254980686
5760.0	1.5471334348046513	10.440669435521547	0.3039413925944064	2752.4213872971254	113.12878254980686
5770.0	1.6399797057331125	10.440669435521547	0.3039413925944064	2752.4213872971254	113.12878254980686
5780.0	1.4710299340436157	10.440669435521547	0.3039413925944064	2752.4213872971254	113.12878254980686
5790.0	1.8895991882293097	10.440669435521547	0.3039413925944064	2752.4213872971254	113.12878254980686
5800.0	1.819583967529155	10.440669435521547	0.3039413925944064	2752.4213872971254	113.12878254980686
5810.0	1.6902080162353958	10.440669435521547	0.3039413925944064	2752.4213872971254	113.12878254980686
5820.0	1.6232369355656864	10.440669435521547	0.3039413925944064	2752.4213872971254	113.12878254980686
5830.0	1.6262810755961268	10.440669435521547	0.3039413925944064	2752.4213872971254	113.12878254980686
5840.0	1.6993404363267197	10.440669435521547	0.3039413925944064	2752.4213872971254	113.12878254980686
5850.0	1.6841197361745148	10.440669435521547	0.3039413925944064	2752.4213872971254	113.12878254980686
5860.0	1.8622019279553363	10.440669435521547	0.3039413925944064	2752.4213872971254	113.12878254980686
5870.0	2.2533739218670554	10.440669435521547	0.3039413925944064	2752.4213872971254	113.12878254980686
5880.0	2.1042110603754267	10.440669435521547	0.3039413925944064	2752.4213872971254	113.12878254980686
5890.0	1.901775748351073	10.440669435521547	0.3039413925944064	2752.4213872971254	113.12878254980686
5900.0	1.7297818366311375	10.440669435521547	0.3039413925944064	2752.4213872971254	113.12878254980686
5910.0	1.828716387620481	10.440669435521547	0.3039413925944064	2752.4213872971254	113.12878254980686
5920.0	1.758701166920327	10.440669435521547	0.3039413925944064	2752.4213872971254	113.12878254980686
5930.0	1.6643328259766426	10.440669435521547	0.3039413925944064	2752.4213872971254	113.12878254980686
5940.0	1.6704211060375276	10.440669435521547	0.3039413925944064	2752.4213872971254	113.12878254980686
5950.0	1.557787924911196	10.440669435521547	0.3039413925944064	2752.4213872971254	113.12878254980686
5960.0	1.623236935565686	10.440669435521547	0.3039413925944064	2752.4213872971254	113.12878254980686
5970.0	1.7921867072551831	10.440669435521547	0.3039413925944064	2752.4213872971254	113.12878254980686
5980.0	1.7693556570268727	10.440669435521547	0.3039413925944064	2752.4213872971254	113.12878254980686
5990.0	1.7800101471334173	10.440669435521547	0.3039413925944064	2752.4213872971254	113.12878254980686
6000.0	1.7252156265854737	10.440669435521547	0.3039413925944064	2752.4213872971254	113.12878254980686
6010.0	1.6871638762049537	10.440669435521547	0.3039413925944064	2752.4213872971254	113.12878254980686
6020.0	1.5714865550481845	10.440669435521547	0.3039413925944064	2752.4213872971254	113.12878254980686
6030.0	1.7054287163876032	10.440669435521547	0.3039413925944064	2752.4213872971254	113.12878254980686
6040.0	1.9839675291729926	10.440669435521547	0.3039413925944064	2752.4213872971254	113.12878254980686
6050.0	1.7434804667681219	10.440669435521547	0.3039413925944064	2752.4213872971254	113.12878254980686
6060.0	1.8104515474378333	10.440669435521547	0.3039413925944064	2752.4213872971254	113.12878254980686
6070.0	2.0174530695078494	10.440669435521547	0.3039413925944064	2752.4213872971254	113.12878254980686
6080.0	2.359918822932504	10.440669435521547	0.3039413925944064	2752.4213872971254	113.12878254980686
6090.0	1.7891425672247419	10.440669435521547	0.3039413925944064	2752.4213872971254	113.12878254980686
6100.0	1.8302384576357016	10.440669435521547	0.3039413925944064	2752.4213872971254	113.12878254980686
6110.0	2.000710299340421	10.440669435521547	0.3039413925944064	2752.4213872971254	113.12878254980686
6120.0	2.247285641806174	10.440669435521547	0.3039413925944064	2752.4213872971254	113.12878254980686
6130.0	1.985489599188211	10.440669435521547	0.3039413925944064	2752.4213872971254	113.12878254980686
6140.0	1.6232369355656833	10.440669435521547	0.3039413925944064	2752.4213872971254	113.12878254980686
6150.0	1.4786402841197195	10.440669435521547	0.3039413925944064	2752.4213872971254	113.12878254980686
6160.0	1.6399797057331125	10.440669435521547	0.3039413925944064	2752.4213872971254	113.12878254980686
6170.0	2.4892947742262677	10.440669435521547	0.3039413925944064	2752.4213872971254	113.12878254980686
6180.0	2.073769660071016	10.440669435521547	0.3039413925944064	2752.4213872971254	113.12878254980686
6190.0	1.5958396752917143	10.440669435521547	0.3039413925944064	2752.4213872971254	113.12878254980686
6200.0	1.7282597666159139	10.440669435521547	0.3039413925944064	2752.4213872971254	113.12878254980686
6210.0	2.210755961440877	10.440669435521547	0.3039413925944064	2752.4213872971254	113.12878254980686
6220.0	1.2883815322171337	10.440669435521547	0.3039413925944064	2752.4213872971254	113.12878254980686
6230.0	1.2183663115169812	10.440669435521547	0.3039413925944064	2752.4213872971254	113.12878254980686
6240.0	1.6430238457635544	10.440669435521547	0.3039413925944064	2752.4213872971254	113.12878254980686
6250.0	2.0372399797057152	10.440669435521547	0.3039413925944064	2752.4213872971254	113.12878254980686
6260.0	1.7252156265854723	10.440669435521547	0.3039413925944064	2752.4213872971254	113.12878254980686
6270.0	1.4816844241501603	10.440669435521547	0.3039413925944064	2752.4213872971254	113.12878254980686
6280.0	2.0844241501775587	10.440669435521547	0.3039413925944064	2752.4213872971254	113.12878254980686
6290.0	1.9093860984271764	10.440669435521547	0.3039413925944064	2752.4213872971254	113.12878254980686
6300.0	1.9443937087772536	10.440669435521547	0.3039413925944064	2752.4213872971254	113.12878254980686
6310.0	2.0052765093860843	10.440669435521547	0.3039413925944064	2752.4213872971254	113.12878254980686
6320.0	1.6658548959918655	10.440669435521547	0.3039413925944064	2752.4213872971254	113.12878254980686
6330.0	1.9215626585489443	10.440669435521547	0.3039413925944064	2752.4213872971254	113.12878254980686
6340.0	1.6765093860984106	10.440669435521547	0.3039413925944064	2752.4213872971254	113.12878254980686
6350.0	1.6825976661592927	10.440669435521547	0.3039413925944064	2752.4213872971254	113.12878254980686
6360.0	1.6354134956874509	10.440669435521547	0.3039413925944064	2752.4213872971254	113.12878254980686
6370.0	1.729781836631134	10.440669435521547	0.3039413925944064	2752.4213872971254	113.12878254980686
6380.0	1.6019279553525958	10.440669435521547	0.3039413925944064	2752.4213872971254	113.12878254980686
6390.0	1.5973617453069358	10.440669435521547	0.3039413925944064	2752.4213872971254	113.12878254980686
6400.0	1.5684424150177416	10.440669435521547	0.3039413925944064	2752.4213872971254	113.12878254980686
6410.0	1.5608320649416365	10.440669435521547	0.3039413925944064	2752.4213872971254	113.12878254980686
6420.0	1.7602232369355473	10.440669435521547	0.3039413925944064	2752.4213872971254	113.12878254980686
6430.0	2.096600710299324	10.440669435521547	0.3039413925944064	2752.4213872971254	113.12878254980686
6440.0	1.959614408929463	10.440669435521547	0.3039413925944064	2752.4213872971254	113.12878254980686
6450.0	1.9778792491121084	10.440669435521547	0.3039413925944064	2752.4213872971254	113.12878254980686
6460.0	2.1666159309994777	10.440669435521547	0.3039413925944064	2752.4213872971254	113.12878254980686
6470.0	1.693252156265839	10.440669435521547	0.3039413925944064	2752.4213872971254	113.12878254980686
6480.0	1.3690512430238286	10.440669435521547	0.3039413925944064	2752.4213872971254	113.12878254980686
6490.0	1.4527650938609697	10.440669435521547	0.3039413925944064	2752.4213872971254	113.12878254980686
6500.0	1.4740740740740577	10.440669435521547	0.3039413925944064	2752.4213872971254	113.12878254980686
6510.0	1.5653982749872986	10.440669435521547	0.3039413925944064	2752.4213872971254	113.12878254980686
6520.0	1.7784880771181992	10.440669435521547	0.3039413925944064	2752.4213872971254	113.12878254980686
6530.0	1.5106037544393538	10.440669435521547	0.3039413925944064	2752.4213872971254	113.12878254980686
6540.0	1.2929477422627944	10.440669435521547	0.3039413925944064	2752.4213872971254	113.12878254980686
6550.0	1.6491121258244386	10.440669435521547	0.3039413925944064	2752.4213872971254	113.12878254980686
6560.0	2.02506341958395	10.440669435521547	0.3039413925944064	2752.4213872971254	113.12878254980686
6570.0	1.983967529172992	10.440669435521547	0.3039413925944064	2752.4213872971254	113.12878254980686
6580.0	2.0829020801623375	10.440669435521547	0.3039413925944064	2752.4213872971254	113.12878254980686
6590.0	2.026585489599171	10.440669435521547	0.3039413925944064	2752.4213872971254	113.12878254980686
6600.0	1.8591577879248924	10.440669435521547	0.3039413925944064	2752.4213872971254	113.12878254980686
6610.0	1.635413495687451	10.440669435521547	0.3039413925944064	2752.4213872971254	113.12878254980686
6620.0	1.299036022323678	10.440669435521547	0.3039413925944064	2752.4213872971254	113.12878254980686
6630.0	1.397970573313022	10.440669435521547	0.3039413925944064	2752.4213872971254	113.12878254980686
6640.0	1.489294774226263	10.440669435521547	0.3039413925944064	2752.4213872971254	113.12878254980686
6650.0	1.5014713343480288	10.440669435521547	0.3039413925944064	2752.4213872971254	113.12878254980686
6660.0	1.4527650938609686	10.440669435521547	0.3039413925944064	2752.4213872971254	113.12878254980686
6670.0	1.2168442415017588	10.440669435521547	0.3039413925944064	2752.4213872971254	113.12878254980686
6680.0	1.3325215626585323	10.440669435521547	0.3039413925944064	2752.4213872971254	113.12878254980686
6690.0	1.6552004058853196	10.440669435521547	0.3039413925944064	2752.4213872971254	113.12878254980686
6700.0	1.6232369355656866	10.440669435521547	0.3039413925944064	2752.4213872971254	113.12878254980686
6710.0	1.2807711821410284	10.440669435521547	0.3039413925944064	2752.4213872971254	113.12878254980686
6720.0	1.2396752917300695	10.440669435521547	0.3039413925944064	2752.4213872971254	113.12878254980686
6730.0	2.0692034500253516	10.440669435521547	0.3039413925944064	2752.4213872971254	113.12878254980686
6740.0	1.7450025367833424	10.440669435521547	0.3039413925944064	2752.4213872971254	113.12878254980686
6750.0	1.454287163876187	10.440669435521547	0.3039413925944064	2752.4213872971254	113.12878254980686
6760.0	1.560832064941635	10.440669435521547	0.3039413925944064	2752.4213872971254	113.12878254980686
6770.0	1.656722475900541	10.440669435521547	0.3039413925944064	2752.4213872971254	113.12878254980686
6780.0	1.626281075596129	10.440669435521547	0.3039413925944064	2752.4213872971254	113.12878254980686
6790.0	1.6186707255200246	10.440669435521547	0.3039413925944064	2752.4213872971254	113.12878254980686
6800.0	1.4466768138000832	10.440669435521547	0.3039413925944064	2752.4213872971254	113.12878254980686
6810.0	1.3416539827498546	10.440669435521547	0.3039413925944064	2752.4213872971254	113.12878254980686
6820.0	1.9839675291729928	10.440669435521547	0.3039413925944064	2752.4213872971254	113.12878254980686
6830.0	2.1209538305428532	10.440669435521547	0.3039413925944064	2752.4213872971254	113.12878254980686
6840.0	1.8013191273465092	10.440669435521547	0.3039413925944064	2752.4213872971254	113.12878254980686
6850.0	1.4649416539827311	10.440669435521547	0.3039413925944064	2752.4213872971254	113.12878254980686
6860.0	1.127042110603738	10.440669435521547	0.3039413925944064	2752.4213872971254	113.12878254980686
6870.0	1.467985794013174	10.440669435521547	0.3039413925944064	2752.4213872971254	113.12878254980686
6880.0	1.6430238457635555	10.440669435521547	0.3039413925944064	2752.4213872971254	113.12878254980686
6890.0	1.2366311516996276	10.440669435521547	0.3039413925944064	2752.4213872971254	113.12878254980686
6900.0	1.206189751395214	10.440669435521547	0.3039413925944064	2752.4213872971254	113.12878254980686
6910.0	1.5151699644850165	10.440669435521547	0.3039413925944064	2752.4213872971254	113.12878254980686
6920.0	1.5395230847285484	10.440669435521547	0.3039413925944064	2752.4213872971254	113.12878254980686
6930.0	1.2198883815321997	10.440669435521547	0.3039413925944064	2752.4213872971254	113.12878254980686
6940.0	1.235109081684406	10.440669435521547	0.3039413925944064	2752.4213872971254	113.12878254980686
6950.0	1.26555048198882	10.440669435521547	0.3039413925944064	2752.4213872971254	113.12878254980686
6960.0	1.4497209538305271	10.440669435521547	0.3039413925944064	2752.4213872971254	113.12878254980686
6970.0	1.2335870116691856	10.440669435521547	0.3039413925944064	2752.4213872971254	113.12878254980686
6980.0	1.1635717909690346	10.440669435521547	0.3039413925944064	2752.4213872971254	113.12878254980686
6990.0	1.2381532217148499	10.440669435521547	0.3039413925944064	2752.4213872971254	113.12878254980686
7000.0	1.513647894469796	10.440669435521547	0.3039413925944064	2752.4213872971254	113.12878254980686
7010.0	1.6810755961440724	10.440669435521547	0.3039413925944064	2752.4213872971254	113.12878254980686
7020.0	2.0265854895991704	10.440669435521547	0.3039413925944064	2752.4213872971254	113.12878254980686
7030.0	1.5790969051242842	10.440669435521547	0.3039413925944064	2752.4213872971254	113.12878254980686
7040.0	1.3964485032978027	10.440669435521547	0.3039413925944064	2752.4213872971254	113.12878254980686
7050.0	1.6201927955352442	10.440669435521547	0.3039413925944064	2752.4213872971254	113.12878254980686
7060.0	1.362962962962947	10.440669435521547	0.3039413925944064	2752.4213872971254	113.12878254980686
7070.0	1.6186707255200226	10.440669435521547	0.3039413925944064	2752.4213872971254	113.12878254980686
7080.0	1.3249112125824285	10.440669435521547	0.3039413925944064	2752.4213872971254	113.12878254980686
7090.0	1.557787924911197	10.440669435521547	0.3039413925944064	2752.4213872971254	113.12878254980686
7100.0	1.769355657026875	10.440669435521547	0.3039413925944064	2752.4213872971254	113.12878254980686
7110.0	1.726737696600694	10.440669435521547	0.3039413925944064	2752.4213872971254	113.12878254980686
7120.0	1.2092338914256557	10.440669435521547	0.3039413925944064	2752.4213872971254	113.12878254980686
7130.0	1.4725520040588382	10.440669435521547	0.3039413925944064	2752.4213872971254	113.12878254980686
7140.0	1.577574835109064	10.440669435521547	0.3039413925944064	2752.4213872971254	113.12878254980686
7150.0	2.009842719431744	10.440669435521547	0.3039413925944064	2752.4213872971254	113.12878254980686
7160.0	1.8667681380009975	10.440669435521547	0.3039413925944064	2752.4213872971254	113.12878254980686
7170.0	1.3660071029933878	10.440669435521547	0.3039413925944064	2752.4213872971254	113.12878254980686
7180.0	1.1118214104515298	10.440669435521547	0.3039413925944064	2752.4213872971254	113.12878254980686
7190.0	1.3629629629629465	10.440669435521547	0.3039413925944064	2752.4213872971254	113.12878254980686
7200.0	1.752612886859447	10.440669435521547	0.3039413925944064	2752.4213872971254	113.12878254980686
7210.0	1.5958396752917132	10.440669435521547	0.3039413925944064	2752.4213872971254	113.12878254980686
7220.0	1.5273465246067839	10.440669435521547	0.3039413925944064	2752.4213872971254	113.12878254980686
7230.0	1.3203450025367665	10.440669435521547	0.3039413925944064	2752.4213872971254	113.12878254980686
7240.0	1.2488077118213936	10.440669435521547	0.3039413925944064	2752.4213872971254	113.12878254980686
7250.0	1.259462201927939	10.440669435521547	0.3039413925944064	2752.4213872971254	113.12878254980686
7260.0	1.235109081684407	10.440669435521547	0.3039413925944064	2752.4213872971254	113.12878254980686
7270.0	1.294469812278015	10.440669435521547	0.3039413925944064	2752.4213872971254	113.12878254980686
7280.0	1.410147133434788	10.440669435521547	0.3039413925944064	2752.4213872971254	113.12878254980686
7290.0	1.3233891425672093	10.440669435521547	0.3039413925944064	2752.4213872971254	113.12878254980686
7300.0	1.343176052765078	10.440669435521547	0.3039413925944064	2752.4213872971254	113.12878254980686
7310.0	1.8987316083206338	10.440669435521547	0.3039413925944064	2752.4213872971254	113.12878254980686
7320.0	1.8819888381532066	10.440669435521547	0.3039413925944064	2752.4213872971254	113.12878254980686
7330.0	1.5227803145611196	10.440669435521547	0.3039413925944064	2752.4213872971254	113.12878254980686
7340.0	1.338609842719416	10.440669435521547	0.3039413925944064	2752.4213872971254	113.12878254980686
7350.0	1.3340436326737517	10.440669435521547	0.3039413925944064	2752.4213872971254	113.12878254980686
7360.0	1.4360223236935403	10.440669435521547	0.3039413925944064	2752.4213872971254	113.12878254980686
7370.0	1.5090816844241315	10.440669435521547	0.3039413925944064	2752.4213872971254	113.12878254980686
7380.0	1.8058853373921702	10.440669435521547	0.3039413925944064	2752.4213872971254	113.12878254980686
7390.0	1.429934043632657	10.440669435521547	0.3039413925944064	2752.4213872971254	113.12878254980686
7400.0	1.4695078640283958	10.440669435521547	0.3039413925944064	2752.4213872971254	113.12878254980686
7410.0	1.5760527650938443	10.440669435521547	0.3039413925944064	2752.4213872971254	113.12878254980686
7420.0	1.426889903602217	10.440669435521547	0.3039413925944064	2752.4213872971254	113.12878254980686
7430.0	1.5851851851851693	10.440669435521547	0.3039413925944064	2752.4213872971254	113.12878254980686
7440.0	0.9352612886859296	10.440669435521547	0.3039413925944064	2752.4213872971254	113.12878254980686
7450.0	0.8408929477422477	10.440669435521547	0.3039413925944064	2752.4213872971254	113.12878254980686
7460.0	1.2685946220192625	10.440669435521547	0.3039413925944064	2752.4213872971254	113.12878254980686
7470.0	1.6156265854895844	10.440669435521547	0.3039413925944064	2752.4213872971254	113.12878254980686
7480.0	1.3644850329781661	10.440669435521547	0.3039413925944064	2752.4213872971254	113.12878254980686
7490.0	1.527346524606782	10.440669435521547	0.3039413925944064	2752.4213872971254	113.12878254980686
7500.0	1.958092338914242	10.440669435521547	0.3039413925944064	2752.4213872971254	113.12878254980686
7510.0	1.7617453069507707	10.440669435521547	0.3039413925944064	2752.4213872971254	113.12878254980686
7520.0	1.4253678335869944	10.440669435521547	0.3039413925944064	2752.4213872971254	113.12878254980686
7530.0	1.2868594622019107	10.440669435521547	0.3039413925944064	2752.4213872971254	113.12878254980686
7540.0	0.93373921867071	10.440669435521547	0.3039413925944064	2752.4213872971254	113.12878254980686
7550.0	1.095078640284103	10.440669435521547	0.3039413925944064	2752.4213872971254	113.12878254980686
7560.0	1.1437848807711661	10.440669435521547	0.3039413925944064	2752.4213872971254	113.12878254980686
7570.0	1.291425672247575	10.440669435521547	0.3039413925944064	2752.4213872971254	113.12878254980686
7580.0	1.288381532217134	10.440669435521547	0.3039413925944064	2752.4213872971254	113.12878254980686
7590.0	1.5790969051242876	10.440669435521547	0.3039413925944064	2752.4213872971254	113.12878254980686
7600.0	1.4603754439370713	10.440669435521547	0.3039413925944064	2752.4213872971254	113.12878254980686
7610.0	1.2548959918822762	10.440669435521547	0.3039413925944064	2752.4213872971254	113.12878254980686
7620.0	1.3173008625063252	10.440669435521547	0.3039413925944064	2752.4213872971254	113.12878254980686
7630.0	1.4268899036022156	10.440669435521547	0.3039413925944064	2752.4213872971254	113.12878254980686
7640.0	1.0478944698122605	10.440669435521547	0.3039413925944064	2752.4213872971254	113.12878254980686
7650.0	0.8515474378487923	10.440669435521547	0.3039413925944064	2752.4213872971254	113.12878254980686
7660.0	1.2472856418061737	10.440669435521547	0.3039413925944064	2752.4213872971254	113.12878254980686
7670.0	1.5486555048198716	10.440669435521547	0.3039413925944064	2752.4213872971254	113.12878254980686
7680.0	1.0631151699644708	10.440669435521547	0.3039413925944064	2752.4213872971254	113.12878254980686
7690.0	0.8941653982749719	10.440669435521547	0.3039413925944064	2752.4213872971254	113.12878254980686
7700.0	1.2594622019279385	10.440669435521547	0.3039413925944064	2752.4213872971254	113.12878254980686
7710.0	1.2001014713343325	10.440669435521547	0.3039413925944064	2752.4213872971254	113.12878254980686
7720.0	1.3127346524606638	10.440669435521547	0.3039413925944064	2752.4213872971254	113.12878254980686
7730.0	1.4329781836630995	10.440669435521547	0.3039413925944064	2752.4213872971254	113.12878254980686
7740.0	1.3233891425672089	10.440669435521547	0.3039413925944064	2752.4213872971254	113.12878254980686
7750.0	1.512125824454575	10.440669435521547	0.3039413925944064	2752.4213872971254	113.12878254980686
7760.0	1.1179096905124142	10.440669435521547	0.3039413925944064	2752.4213872971254	113.12878254980686
7770.0	1.267072552004043	10.440669435521547	0.3039413925944064	2752.4213872971254	113.12878254980686
7780.0	1.5106037544393542	10.440669435521547	0.3039413925944064	2752.4213872971254	113.12878254980686
7790.0	1.4421106037544225	10.440669435521547	0.3039413925944064	2752.4213872971254	113.12878254980686
7800.0	1.1605276509385938	10.440669435521547	0.3039413925944064	2752.4213872971254	113.12878254980686
7810.0	1.2990360223236788	10.440669435521547	0.3039413925944064	2752.4213872971254	113.12878254980686
7820.0	1.6962962962962793	10.440669435521547	0.3039413925944064	2752.4213872971254	113.12878254980686
7830.0	1.4481988838153053	10.440669435521547	0.3039413925944064	2752.4213872971254	113.12878254980686
7840.0	1.1833587011669038	10.440669435521547	0.3039413925944064	2752.4213872971254	113.12878254980686
7850.0	1.2214104515474213	10.440669435521547	0.3039413925944064	2752.4213872971254	113.12878254980686
7860.0	1.5836631151699485	10.440669435521547	0.3039413925944064	2752.4213872971254	113.12878254980686
7870.0	1.2122780314560984	10.440669435521547	0.3039413925944064	2752.4213872971254	113.12878254980686
7880.0	1.3325215626585345	10.440669435521547	0.3039413925944064	2752.4213872971254	113.12878254980686
7890.0	1.5395230847285484	10.440669435521547	0.3039413925944064	2752.4213872971254	113.12878254980686
7900.0	1.8972095383054126	10.440669435521547	0.3039413925944064	2752.4213872971254	113.12878254980686
7910.0	1.582141045154728	10.440669435521547	0.3039413925944064	2752.4213872971254	113.12878254980686
7920.0	1.200101471334332	10.440669435521547	0.3039413925944064	2752.4213872971254	113.12878254980686
7930.0	1.2777270421105877	10.440669435521547	0.3039413925944064	2752.4213872971254	113.12878254980686
7940.0	1.1787924911212404	10.440669435521547	0.3039413925944064	2752.4213872971254	113.12878254980686
7950.0	1.283815322171469	10.440669435521547	0.3039413925944064	2752.4213872971254	113.12878254980686
7960.0	1.154439370877711	10.440669435521547	0.3039413925944064	2752.4213872971254	113.12878254980686
7970.0	1.031151699644833	10.440669435521547	0.3039413925944064	2752.4213872971254	113.12878254980686
7980.0	0.9717909690512262	10.440669435521547	0.3039413925944064	2752.4213872971254	113.12878254980686
7990.0	1.411669203450007	10.440669435521547	0.3039413925944064	2752.4213872971254	113.12878254980686
8000.0	1.533434804667665	10.440669435521547	0.3039413925944064	2752.4213872971254	113.12878254980686
8010.0	1.5182141045154562	10.440669435521547	0.3039413925944064	2752.4213872971254	113.12878254980686
8020.0	1.5653982749872979	10.440669435521547	0.3039413925944064	2752.4213872971254	113.12878254980686
8030.0	1.3142567224758832	10.440669435521547	0.3039413925944064	2752.4213872971254	113.12878254980686
8040.0	1.2138001014713178	10.440669435521547	0.3039413925944064	2752.4213872971254	113.12878254980686
8050.0	1.225976661593083	10.440669435521547	0.3039413925944064	2752.4213872971254	113.12878254980686
8060.0	1.133130390664622	10.440669435521547	0.3039413925944064	2752.4213872971254	113.12878254980686
8070.0	1.2533739218670557	10.440669435521547	0.3039413925944064	2752.4213872971254	113.12878254980686
8080.0	1.0402841197361588	10.440669435521547	0.3039413925944064	2752.4213872971254	113.12878254980686
8090.0	0.9185185185185013	10.440669435521547	0.3039413925944064	2752.4213872971254	113.12878254980686
8100.0	0.8530695078640124	10.440669435521547	0.3039413925944064	2752.4213872971254	113.12878254980686
8110.0	1.1757483510908013	10.440669435521547	0.3039413925944064	2752.4213872971254	113.12878254980686
8120.0	1.057026889903587	10.440669435521547	0.3039413925944064	2752.4213872971254	113.12878254980686
8130.0	1.0646372399796893	10.440669435521547	0.3039413925944064	2752.4213872971254	113.12878254980686
8140.0	1.0128868594621865	10.440669435521547	0.3039413925944064	2752.4213872971254	113.12878254980686
8150.0	1.466463723997954	10.440669435521547	0.3039413925944064	2752.4213872971254	113.12878254980686
8160.0	1.562354134956859	10.440669435521547	0.3039413925944064	2752.4213872971254	113.12878254980686
8170.0	1.2061897513952153	10.440669435521547	0.3039413925944064	2752.4213872971254	113.12878254980686
8180.0	1.3279553526128705	10.440669435521547	0.3039413925944064	2752.4213872971254	113.12878254980686
8190.0	1.3157787924911053	10.440669435521547	0.3039413925944064	2752.4213872971254	113.12878254980686
8200.0	1.617148655504804	10.440669435521547	0.3039413925944064	2752.4213872971254	113.12878254980686
8210.0	1.3720953830542701	10.440669435521547	0.3039413925944064	2752.4213872971254	113.12878254980686
8220.0	1.3705733130390496	10.440669435521547	0.3039413925944064	2752.4213872971254	113.12878254980686
8230.0	1.2731608320649246	10.440669435521547	0.3039413925944064	2752.4213872971254	113.12878254980686
8240.0	0.9580923389142401	10.440669435521547	0.3039413925944064	2752.4213872971254	113.12878254980686
8250.0	1.1392186707255034	10.440669435521547	0.3039413925944064	2752.4213872971254	113.12878254980686
8260.0	1.647590055809217	10.440669435521547	0.3039413925944064	2752.4213872971254	113.12878254980686
8270.0	1.6308472856417884	10.440669435521547	0.3039413925944064	2752.4213872971254	113.12878254980686
8280.0	1.7297818366311368	10.440669435521547	0.3039413925944064	2752.4213872971254	113.12878254980686
8290.0	1.8652460679857759	10.440669435521547	0.3039413925944064	2752.4213872971254	113.12878254980686
8300.0	1.3431760527650762	10.440669435521547	0.3039413925944064	2752.4213872971254	113.12878254980686
8310.0	0.9885337392186554	10.440669435521547	0.3039413925944064	2752.4213872971254	113.12878254980686
8320.0	0.6886859462201772	10.440669435521547	0.3039413925944064	2752.4213872971254	113.12878254980686
8330.0	0.9413495687468124	10.440669435521547	0.3039413925944064	2752.4213872971254	113.12878254980686
8340.0	1.0387620497209376	10.440669435521547	0.3039413925944064	2752.4213872971254	113.12878254980686
8350.0	1.0768138001014544	10.440669435521547	0.3039413925944064	2752.4213872971254	113.12878254980686
8360.0	1.297513952308457	10.440669435521547	0.3039413925944064	2752.4213872971254	113.12878254980686
8370.0	1.1620497209538143	10.440669435521547	0.3039413925944064	2752.4213872971254	113.12878254980686
8380.0	1.2594622019279378	10.440669435521547	0.3039413925944064	2752.4213872971254	113.12878254980686
8390.0	1.1331303906646197	10.440669435521547	0.3039413925944064	2752.4213872971254	113.12878254980686
8400.0	1.3066463723997792	10.440669435521547	0.3039413925944064	2752.4213872971254	113.12878254980686
8410.0	1.2061897513952151	10.440669435521547	0.3039413925944064	2752.4213872971254	113.12878254980686
8420.0	1.7906646372399644	10.440669435521547	0.3039413925944064	2752.4213872971254	113.12878254980686
8430.0	1.7313039066463554	10.440669435521547	0.3039413925944064	2752.4213872971254	113.12878254980686
8440.0	1.2868594622019116	10.440669435521547	0.3039413925944064	2752.4213872971254	113.12878254980686
8450.0	0.9748351090816683	10.440669435521547	0.3039413925944064	2752.4213872971254	113.12878254980686
8460.0	0.9520040588533581	10.440669435521547	0.3039413925944064	2752.4213872971254	113.12878254980686
8470.0	0.776966007102977	10.440669435521547	0.3039413925944064	2752.4213872971254	113.12878254980686
8480.0	0.994622019279537	10.440669435521547	0.3039413925944064	2752.4213872971254	113.12878254980686
8490.0	1.2046676813799932	10.440669435521547	0.3039413925944064	2752.4213872971254	113.12878254980686
8500.0	1.633891425672232	10.440669435521547	0.3039413925944064	2752.4213872971254	113.12878254980686
8510.0	1.5364789446981049	10.440669435521547	0.3039413925944064	2752.4213872971254	113.12878254980686
8520.0	1.2990360223236757	10.440669435521547	0.3039413925944064	2752.4213872971254	113.12878254980686
8530.0	1.2214104515474218	10.440669435521547	0.3039413925944064	2752.4213872971254	113.12878254980686
8540.0	1.4877727042110431	10.440669435521547	0.3039413925944064	2752.4213872971254	113.12878254980686
8550.0	1.6323693556570107	10.440669435521547	0.3039413925944064	2752.4213872971254	113.12878254980686
8560.0	1.2351090816844075	10.440669435521547	0.3039413925944064	2752.4213872971254	113.12878254980686
8570.0	1.2777270421105864	10.440669435521547	0.3039413925944064	2752.4213872971254	113.12878254980686
8580.0	1.1346524606798416	10.440669435521547	0.3039413925944064	2752.4213872971254	113.12878254980686
8590.0	1.2107559614408763	10.440669435521547	0.3039413925944064	2752.4213872971254	113.12878254980686
8600.0	1.2229325215626408	10.440669435521547	0.3039413925944064	2752.4213872971254	113.12878254980686
8610.0	1.2001014713343314	10.440669435521547	0.3039413925944064	2752.4213872971254	113.12878254980686
8620.0	1.0737696600710143	10.440669435521547	0.3039413925944064	2752.4213872971254	113.12878254980686
8630.0	0.9550481988838	10.440669435521547	0.3039413925944064	2752.4213872971254	113.12878254980686
8640.0	1.1042110603754267	10.440669435521547	0.3039413925944064	2752.4213872971254	113.12878254980686
8650.0	1.1453069507863862	10.440669435521547	0.3039413925944064	2752.4213872971254	113.12878254980686
8660.0	0.9063419583967364	10.440669435521547	0.3039413925944064	2752.4213872971254	113.12878254980686
8670.0	1.6156265854895813	10.440669435521547	0.3039413925944064	2752.4213872971254	113.12878254980686
8680.0	1.6475900558092182	10.440669435521547	0.3039413925944064	2752.4213872971254	113.12878254980686
8690.0	1.3203450025367687	10.440669435521547	0.3039413925944064	2752.4213872971254	113.12878254980686
8700.0	1.0555048198883648	10.440669435521547	0.3039413925944064	2752.4213872971254	113.12878254980686
8710.0	1.0113647894469648	10.440669435521547	0.3039413925944064	2752.4213872971254	113.12878254980686
8720.0	0.8819888381532054	10.440669435521547	0.3039413925944064	2752.4213872971254	113.12878254980686
8730.0	1.069203450025351	10.440669435521547	0.3039413925944064	2752.4213872971254	113.12878254980686
8740.0	1.2320649416539637	10.440669435521547	0.3039413925944064	2752.4213872971254	113.12878254980686
8750.0	1.055504819888363	10.440669435521547	0.3039413925944064	2752.4213872971254	113.12878254980686
8760.0	1.4527650938609684	10.440669435521547	0.3039413925944064	2752.4213872971254	113.12878254980686
8770.0	1.3857940131912578	10.440669435521547	0.3039413925944064	2752.4213872971254	113.12878254980686
8780.0	1.355352612886845	10.440669435521547	0.3039413925944064	2752.4213872971254	113.12878254980686
8790.0	1.3340436326737541	10.440669435521547	0.3039413925944064	2752.4213872971254	113.12878254980686
8800.0	1.2929477422627942	10.440669435521547	0.3039413925944064	2752.4213872971254	113.12878254980686
8810.0	1.1590055809233732	10.440669435521547	0.3039413925944064	2752.4213872971254	113.12878254980686
8820.0	1.0707255200405725	10.440669435521547	0.3039413925944064	2752.4213872971254	113.12878254980686
8830.0	1.3081684424150029	10.440669435521547	0.3039413925944064	2752.4213872971254	113.12878254980686
8840.0	1.2290208016235247	10.440669435521547	0.3039413925944064	2752.4213872971254	113.12878254980686
8850.0	1.1559614408929302	10.440669435521547	0.3039413925944064	2752.4213872971254	113.12878254980686
8860.0	0.9672247590055648	10.440669435521547	0.3039413925944064	2752.4213872971254	113.12878254980686
8870.0	1.098122780314545	10.440669435521547	0.3039413925944064	2752.4213872971254	113.12878254980686
8880.0	1.3660071029933873	10.440669435521547	0.3039413925944064	2752.4213872971254	113.12878254980686
8890.0	1.579096905124287	10.440669435521547	0.3039413925944064	2752.4213872971254	113.12878254980686
8900.0	1.7130390664637078	10.440669435521547	0.3039413925944064	2752.4213872971254	113.12878254980686
8910.0	1.571486555048183	10.440669435521547	0.3039413925944064	2752.4213872971254	113.12878254980686
8920.0	1.653678335870101	10.440669435521547	0.3039413925944064	2752.4213872971254	113.12878254980686
8930.0	1.6308472856417902	10.440669435521547	0.3039413925944064	2752.4213872971254	113.12878254980686
8940.0	1.2762049720953665	10.440669435521547	0.3039413925944064	2752.4213872971254	113.12878254980686
8950.0	1.1924911212582283	10.440669435521547	0.3039413925944064	2752.4213872971254	113.12878254980686
8960.0	1.1940131912734495	10.440669435521547	0.3039413925944064	2752.4213872971254	113.12878254980686
8970.0	1.4512430238457463	10.440669435521547	0.3039413925944064	2752.4213872971254	113.12878254980686
8980.0	1.1102993404363113	10.440669435521547	0.3039413925944064	2752.4213872971254	113.12878254980686
8990.0	1.2122780314560986	10.440669435521547	0.3039413925944064	2752.4213872971254	113.12878254980686
9000.0	1.335565702688975	10.440669435521547	0.3039413925944064	2752.4213872971254	113.12878254980686
9010.0	1.0768138001014544	10.440669435521547	0.3039413925944064	2752.4213872971254	113.12878254980686
9020.0	1.060071029934027	10.440669435521547	0.3039413925944064	2752.4213872971254	113.12878254980686
9030.0	0.8667681380009989	10.440669435521547	0.3039413925944064	2752.4213872971254	113.12878254980686
9040.0	0.7663115169964324	10.440669435521547	0.3039413925944064	2752.4213872971254	113.12878254980686
9050.0	1.026585489599171	10.440669435521547	0.3039413925944064	2752.4213872971254	113.12878254980686
9060.0	1.2762049720953652	10.440669435521547	0.3039413925944064	2752.4213872971254	113.12878254980686
9070.0	1.35078640284118	10.440669435521547	0.3039413925944064	2752.4213872971254	113.12878254980686
9080.0	1.0007102993404209	10.440669435521547	0.3039413925944064	2752.4213872971254	113.12878254980686
9090.0	0.9063419583967374	10.440669435521547	0.3039413925944064	2752.4213872971254	113.12878254980686
9100.0	0.9991882293251985	10.440669435521547	0.3039413925944064	2752.4213872971254	113.12878254980686
9110.0	0.9017757483510735	10.440669435521547	0.3039413925944064	2752.4213872971254	113.12878254980686
9120.0	1.2472856418061733	10.440669435521547	0.3039413925944064	2752.4213872971254	113.12878254980686
9130.0	1.404058853373905	10.440669435521547	0.3039413925944064	2752.4213872971254	113.12878254980686
9140.0	1.0631151699644685	10.440669435521547	0.3039413925944064	2752.4213872971254	113.12878254980686
9150.0	1.1057331303906477	10.440669435521547	0.3039413925944064	2752.4213872971254	113.12878254980686
9160.0	1.125520040588516	10.440669435521547	0.3039413925944064	2752.4213872971254	113.12878254980686
9170.0	1.1376966007102831	10.440669435521547	0.3039413925944064	2752.4213872971254	113.12878254980686
9180.0	1.0752917300862344	10.440669435521547	0.3039413925944064	2752.4213872971254	113.12878254980686
9190.0	0.9824454591577712	10.440669435521547	0.3039413925944064	2752.4213872971254	113.12878254980686
9200.0	0.9580923389142412	10.440669435521547	0.3039413925944064	2752.4213872971254	113.12878254980686
9210.0	0.7997970573312877	10.440669435521547	0.3039413925944064	2752.4213872971254	113.12878254980686
9220.0	0.9550481988837992	10.440669435521547	0.3039413925944064	2752.4213872971254	113.12878254980686
9230.0	1.0950786402841037	10.440669435521547	0.3039413925944064	2752.4213872971254	113.12878254980686
9240.0	1.0189751395230686	10.440669435521547	0.3039413925944064	2752.4213872971254	113.12878254980686
9250.0	1.1102993404363106	10.440669435521547	0.3039413925944064	2752.4213872971254	113.12878254980686
9260.0	1.040284119736158	10.440669435521547	0.3039413925944064	2752.4213872971254	113.12878254980686
9270.0	0.9139523084728398	10.440669435521547	0.3039413925944064	2752.4213872971254	113.12878254980686
9280.0	1.149873160832049	10.440669435521547	0.3039413925944064	2752.4213872971254	113.12878254980686
9290.0	1.3157787924911042	10.440669435521547	0.3039413925944064	2752.4213872971254	113.12878254980686
9300.0	1.28077118214103	10.440669435521547	0.3039413925944064	2752.4213872971254	113.12878254980686
9310.0	1.0981227803145466	10.440669435521547	0.3039413925944064	2752.4213872971254	113.12878254980686
9320.0	1.282293252156249	10.440669435521547	0.3039413925944064	2752.4213872971254	113.12878254980686
9330.0	1.3462201927955195	10.440669435521547	0.3039413925944064	2752.4213872971254	113.12878254980686
9340.0	1.2701166920344844	10.440669435521547	0.3039413925944064	2752.4213872971254	113.12878254980686
9350.0	1.2777270421105869	10.440669435521547	0.3039413925944064	2752.4213872971254	113.12878254980686
9360.0	1.1970573313038904	10.440669435521547	0.3039413925944064	2752.4213872971254	113.12878254980686
9370.0	1.4055809233891263	10.440669435521547	0.3039413925944064	2752.4213872971254	113.12878254980686
9380.0	1.2092338914256557	10.440669435521547	0.3039413925944064	2752.4213872971254	113.12878254980686
9390.0	0.7982749873160682	10.440669435521547	0.3039413925944064	2752.4213872971254	113.12878254980686
9400.0	1.0722475900557922	10.440669435521547	0.3039413925944064	2752.4213872971254	113.12878254980686
9410.0	0.9398274987315912	10.440669435521547	0.3039413925944064	2752.4213872971254	113.12878254980686
9420.0	1.3888381532216993	10.440669435521547	0.3039413925944064	2752.4213872971254	113.12878254980686
9430.0	0.8941653982749709	10.440669435521547	0.3039413925944064	2752.4213872971254	113.12878254980686
9440.0	0.7571790969051078	10.440669435521547	0.3039413925944064	2752.4213872971254	113.12878254980686
9450.0	0.8211060375443769	10.440669435521547	0.3039413925944064	2752.4213872971254	113.12878254980686
9460.0	0.8606798579401156	10.440669435521547	0.3039413925944064	2752.4213872971254	113.12878254980686
9470.0	0.8926433282597503	10.440669435521547	0.3039413925944064	2752.4213872971254	113.12878254980686
9480.0	1.4131912734652305	10.440669435521547	0.3039413925944064	2752.4213872971254	113.12878254980686
9490.0	1.448198883815305	10.440669435521547	0.3039413925944064	2752.4213872971254	113.12878254980686
9500.0	1.4923389142567065	10.440669435521547	0.3039413925944064	2752.4213872971254	113.12878254980686
9510.0	1.2168442415017602	10.440669435521547	0.3039413925944064	2752.4213872971254	113.12878254980686
9520.0	1.3446981227802979	10.440669435521547	0.3039413925944064	2752.4213872971254	113.12878254980686
9530.0	1.2183663115169807	10.440669435521547	0.3039413925944064	2752.4213872971254	113.12878254980686
9540.0	1.1924911212582268	10.440669435521547	0.3039413925944064	2752.4213872971254	113.12878254980686
9550.0	0.9459157787924749	10.440669435521547	0.3039413925944064	2752.4213872971254	113.12878254980686
9560.0	0.8743784880771014	10.440669435521547	0.3039413925944064	2752.4213872971254	113.12878254980686
9570.0	0.9063419583967357	10.440669435521547	0.3039413925944064	2752.4213872971254	113.12878254980686
9580.0	0.7373921867072398	10.440669435521547	0.3039413925944064	2752.4213872971254	113.12878254980686
9590.0	0.9794013191273306	10.440669435521547	0.3039413925944064	2752.4213872971254	113.12878254980686
9600.0	1.2001014713343312	10.440669435521547	0.3039413925944064	2752.4213872971254	113.12878254980686
9610.0	1.075291730086234	10.440669435521547	0.3039413925944064	2752.4213872971254	113.12878254980686
9620.0	0.935261288685929	10.440669435521547	0.3039413925944064	2752.4213872971254	113.12878254980686
9630.0	1.093556570268883	10.440669435521547	0.3039413925944064	2752.4213872971254	113.12878254980686
9640.0	1.3386098427194153	10.440669435521547	0.3039413925944064	2752.4213872971254	113.12878254980686
9650.0	1.1681380010146967	10.440669435521547	0.3039413925944064	2752.4213872971254	113.12878254980686
9660.0	0.8074074074073908	10.440669435521547	0.3039413925944064	2752.4213872971254	113.12878254980686
9670.0	1.2777270421105875	10.440669435521547	0.3039413925944064	2752.4213872971254	113.12878254980686
9680.0	1.7191273465245893	10.440669435521547	0.3039413925944064	2752.4213872971254	113.12878254980686
9690.0	1.4390664637239823	10.440669435521547	0.3039413925944064	2752.4213872971254	113.12878254980686
9700.0	1.1392186707255045	10.440669435521547	0.3039413925944064	2752.4213872971254	113.12878254980686
9710.0	1.0631151699644683	10.440669435521547	0.3039413925944064	2752.4213872971254	113.12878254980686
9720.0	1.0265854895991722	10.440669435521547	0.3039413925944064	2752.4213872971254	113.12878254980686
9730.0	1.0524606798579248	10.440669435521547	0.3039413925944064	2752.4213872971254	113.12878254980686
9740.0	1.4086250634195678	10.440669435521547	0.3039413925944064	2752.4213872971254	113.12878254980686
9750.0	1.0265854895991717	10.440669435521547	0.3039413925944064	2752.4213872971254	113.12878254980686
9760.0	1.1620497209538152	10.440669435521547	0.3039413925944064	2752.4213872971254	113.12878254980686
9770.0	1.2625063419583806	10.440669435521547	0.3039413925944064	2752.4213872971254	113.12878254980686
9780.0	1.0387620497209367	10.440669435521547	0.3039413925944064	2752.4213872971254	113.12878254980686
9790.0	1.009842719431744	10.440669435521547	0.3039413925944064	2752.4213872971254	113.12878254980686
9800.0	1.1057331303906488	10.440669435521547	0.3039413925944064	2752.4213872971254	113.12878254980686
9810.0	1.1361745306950637	10.440669435521547	0.3039413925944064	2752.4213872971254	113.12878254980686
9820.0	1.0463723997970409	10.440669435521547	0.3039413925944064	2752.4213872971254	113.12878254980686
9830.0	1.1422628107559438	10.440669435521547	0.3039413925944064	2752.4213872971254	113.12878254980686
9840.0	0.9794013191273298	10.440669435521547	0.3039413925944064	2752.4213872971254	113.12878254980686
9850.0	0.8926433282597506	10.440669435521547	0.3039413925944064	2752.4213872971254	113.12878254980686
9860.0	0.7556570268898879	10.440669435521547	0.3039413925944064	2752.4213872971254	113.12878254980686
9870.0	1.1620497209538134	10.440669435521547	0.3039413925944064	2752.4213872971254	113.12878254980686
9880.0	1.3766615930999326	10.440669435521547	0.3039413925944064	2752.4213872971254	113.12878254980686
9890.0	1.4801623541349416	10.440669435521547	0.3039413925944064	2752.4213872971254	113.12878254980686
9900.0	1.3127346524606613	10.440669435521547	0.3039413925944064	2752.4213872971254	113.12878254980686
9910.0	1.1848807711821248	10.440669435521547	0.3039413925944064	2752.4213872971254	113.12878254980686
9920.0	1.1437848807711641	10.440669435521547	0.3039413925944064	2752.4213872971254	113.12878254980686
9930.0	1.3842719431760364	10.440669435521547	0.3039413925944064	2752.4213872971254	113.12878254980686
9940.0	1.0265854895991715	10.440669435521547	0.3039413925944064	2752.4213872971254	113.12878254980686
9950.0	0.6415017757483347	10.440669435521547	0.3039413925944064	2752.4213872971254	113.12878254980686
9960.0	1.053982749873144	10.440669435521547	0.3039413925944064	2752.4213872971254	113.12878254980686
9970.0	1.4862506341958233	10.440669435521547	0.3039413925944064	2752.4213872971254	113.12878254980686
9980.0	1.5243023845763393	10.440669435521547	0.3039413925944064	2752.4213872971254	113.12878254980686
9990.0	1.0768138001014544	10.440669435521547	0.3039413925944064	2752.4213872971254	113.12878254980686
10000.0	1.1635717909690348	10.440669435521547	0.3039413925944064	2752.4213872971254	113.12878254980686
10010.0	0.9809233891425511	10.440669435521547	0.3039413925944064	2752.4213872971254	113.12878254980686
10020.0	0.9702688990360053	10.440669435521547	0.3039413925944064	2752.4213872971254	113.12878254980686
10030.0	1.0402841197361585	10.440669435521547	0.3039413925944064	2752.4213872971254	113.12878254980686
10040.0	1.1011669203449863	10.440669435521547	0.3039413925944064	2752.4213872971254	113.12878254980686
10050.0	1.1803145611364632	10.440669435521547	0.3039413925944064	2752.4213872971254	113.12878254980686
10060.0	1.1239979705732974	10.440669435521547	0.3039413925944064	2752.4213872971254	113.12878254980686
10070.0	1.4862506341958228	10.440669435521547	0.3039413925944064	2752.4213872971254	113.12878254980686
10080.0	1.4010147133434643	10.440669435521547	0.3039413925944064	2752.4213872971254	113.12878254980686
10090.0	1.2959918822932341	10.440669435521547	0.3039413925944064	2752.4213872971254	113.12878254980686
10100.0	0.9200405885337232	10.440669435521547	0.3039413925944064	2752.4213872971254	113.12878254980686
10110.0	1.1590055809233715	10.440669435521547	0.3039413925944064	2752.4213872971254	113.12878254980686
10120.0	1.2640284119735996	10.440669435521547	0.3039413925944064	2752.4213872971254	113.12878254980686
10130.0	1.0905124302384408	10.440669435521547	0.3039413925944064	2752.4213872971254	113.12878254980686
10140.0	0.9398274987315927	10.440669435521547	0.3039413925944064	2752.4213872971254	113.12878254980686
10150.0	1.003754439370862	10.440669435521547	0.3039413925944064	2752.4213872971254	113.12878254980686
10160.0	1.028107559614392	10.440669435521547	0.3039413925944064	2752.4213872971254	113.12878254980686
10170.0	1.0037544393708622	10.440669435521547	0.3039413925944064	2752.4213872971254	113.12878254980686
10180.0	1.3157787924911033	10.440669435521547	0.3039413925944064	2752.4213872971254	113.12878254980686
10190.0	1.232064941653967	10.440669435521547	0.3039413925944064	2752.4213872971254	113.12878254980686
10200.0	0.9565702688990194	10.440669435521547	0.3039413925944064	2752.4213872971254	113.12878254980686
10210.0	0.8591577879248963	10.440669435521547	0.3039413925944064	2752.4213872971254	113.12878254980686
10220.0	1.0037544393708615	10.440669435521547	0.3039413925944064	2752.4213872971254	113.12878254980686
10230.0	1.1711821410451377	10.440669435521547	0.3039413925944064	2752.4213872971254	113.12878254980686
10240.0	1.0631151699644672	10.440669435521547	0.3039413925944064	2752.4213872971254	113.12878254980686
10250.0	1.0707255200405723	10.440669435521547	0.3039413925944064	2752.4213872971254	113.12878254980686
10260.0	0.9398274987315912	10.440669435521547	0.3039413925944064	2752.4213872971254	113.12878254980686
10270.0	0.8241501775748179	10.440669435521547	0.3039413925944064	2752.4213872971254	113.12878254980686
10280.0	0.7617453069507697	10.440669435521547	0.3039413925944064	2752.4213872971254	113.12878254980686
10290.0	0.6567224759005416	10.440669435521547	0.3039413925944064	2752.4213872971254	113.12878254980686
10300.0	0.7541349568746676	10.440669435521547	0.3039413925944064	2752.4213872971254	113.12878254980686
10310.0	0.955048198883799	10.440669435521547	0.3039413925944064	2752.4213872971254	113.12878254980686
10320.0	1.1255200405885166	10.440669435521547	0.3039413925944064	2752.4213872971254	113.12878254980686
10330.0	1.0250634195839505	10.440669435521547	0.3039413925944064	2752.4213872971254	113.12878254980686
10340.0	0.9200405885337234	10.440669435521547	0.3039413925944064	2752.4213872971254	113.12878254980686
10350.0	1.1605276509385927	10.440669435521547	0.3039413925944064	2752.4213872971254	113.12878254980686
10360.0	1.0022323693556416	10.440669435521547	0.3039413925944064	2752.4213872971254	113.12878254980686
10370.0	1.2198883815322017	10.440669435521547	0.3039413925944064	2752.4213872971254	113.12878254980686
10380.0	1.297513952308456	10.440669435521547	0.3039413925944064	2752.4213872971254	113.12878254980686
10390.0	1.195535261288669	10.440669435521547	0.3039413925944064	2752.4213872971254	113.12878254980686
10400.0	0.8956874682901917	10.440669435521547	0.3039413925944064	2752.4213872971254	113.12878254980686
10410.0	0.6354134956874528	10.440669435521547	0.3039413925944064	2752.4213872971254	113.12878254980686
10420.0	0.8789446981227644	10.440669435521547	0.3039413925944064	2752.4213872971254	113.12878254980686
10430.0	1.3629629629629456	10.440669435521547	0.3039413925944064	2752.4213872971254	113.12878254980686
10440.0	1.4253678335869946	10.440669435521547	0.3039413925944064	2752.4213872971254	113.12878254980686
10450.0	1.3812278031455951	10.440669435521547	0.3039413925944064	2752.4213872971254	113.12878254980686
10460.0	1.4040588533739062	10.440669435521547	0.3039413925944064	2752.4213872971254	113.12878254980686
10470.0	1.0402841197361579	10.440669435521547	0.3039413925944064	2752.4213872971254	113.12878254980686
10480.0	0.8850329781836466	10.440669435521547	0.3039413925944064	2752.4213872971254	113.12878254980686
10490.0	1.3614408929477253	10.440669435521547	0.3039413925944064	2752.4213872971254	113.12878254980686
10500.0	1.2168442415017595	10.440669435521547	0.3039413925944064	2752.4213872971254	113.12878254980686
10510.0	0.997666159309979	10.440669435521547	0.3039413925944064	2752.4213872971254	113.12878254980686
10520.0	1.2427194317605117	10.440669435521547	0.3039413925944064	2752.4213872971254	113.12878254980686
10530.0	0.9428716387620338	10.440669435521547	0.3039413925944064	2752.4213872971254	113.12878254980686
10540.0	0.7967529173008471	10.440669435521547	0.3039413925944064	2752.4213872971254	113.12878254980686
10550.0	0.9383054287163721	10.440669435521547	0.3039413925944064	2752.4213872971254	113.12878254980686
10560.0	0.8606798579401163	10.440669435521547	0.3039413925944064	2752.4213872971254	113.12878254980686
10570.0	0.7571790969051085	10.440669435521547	0.3039413925944064	2752.4213872971254	113.12878254980686
10580.0	0.9185185185185025	10.440669435521547	0.3039413925944064	2752.4213872971254	113.12878254980686
10590.0	0.7404363267376809	10.440669435521547	0.3039413925944064	2752.4213872971254	113.12878254980686
10600.0	0.7404363267376802	10.440669435521547	0.3039413925944064	2752.4213872971254	113.12878254980686
10610.0	0.8606798579401153	10.440669435521547	0.3039413925944064	2752.4213872971254	113.12878254980686
10620.0	0.8013191273465087	10.440669435521547	0.3039413925944064	2752.4213872971254	113.12878254980686
10630.0	0.7845763571790799	10.440669435521547	0.3039413925944064	2752.4213872971254	113.12878254980686
10640.0	0.9017757483510757	10.440669435521547	0.3039413925944064	2752.4213872971254	113.12878254980686
10650.0	0.5912734652460524	10.440669435521547	0.3039413925944064	2752.4213872971254	113.12878254980686
10660.0	0.6186707255200249	10.440669435521547	0.3039413925944064	2752.4213872971254	113.12878254980686
10670.0	0.6201927955352451	10.440669435521547	0.3039413925944064	2752.4213872971254	113.12878254980686
10680.0	0.7967529173008471	10.440669435521547	0.3039413925944064	2752.4213872971254	113.12878254980686
10690.0	0.7891425672247432	10.440669435521547	0.3039413925944064	2752.4213872971254	113.12878254980686
10700.0	0.6460679857939979	10.440669435521547	0.3039413925944064	2752.4213872971254	113.12878254980686
10710.0	0.5593099949264176	10.440669435521547	0.3039413925944064	2752.4213872971254	113.12878254980686
10720.0	0.47102993404361715	10.440669435521547	0.3039413925944064	2752.4213872971254	113.12878254980686
10730.0	0.7723997970573161	10.440669435521547	0.3039413925944064	2752.4213872971254	113.12878254980686
10740.0	0.6430238457635568	10.440669435521547	0.3039413925944064	2752.4213872971254	113.12878254980686
10750.0	0.7465246067985626	10.440669435521547	0.3039413925944064	2752.4213872971254	113.12878254980686
10760.0	0.7845763571790809	10.440669435521547	0.3039413925944064	2752.4213872971254	113.12878254980686
10770.0	0.8682902080162184	10.440669435521547	0.3039413925944064	2752.4213872971254	113.12878254980686
10780.0	1.1955352612886698	10.440669435521547	0.3039413925944064	2752.4213872971254	113.12878254980686
10790.0	1.256418061897497	10.440669435521547	0.3039413925944064	2752.4213872971254	113.12878254980686
10800.0	0.8119736174530526	10.440669435521547	0.3039413925944064	2752.4213872971254	113.12878254980686
10810.0	0.9854895991882121	10.440669435521547	0.3039413925944064	2752.4213872971254	113.12878254980686
10820.0	1.1498731608320487	10.440669435521547	0.3039413925944064	2752.4213872971254	113.12878254980686
10830.0	0.9535261288685782	10.440669435521547	0.3039413925944064	2752.4213872971254	113.12878254980686
10840.0	1.0372399797057186	10.440669435521547	0.3039413925944064	2752.4213872971254	113.12878254980686
10850.0	0.9870116692034349	10.440669435521547	0.3039413925944064	2752.4213872971254	113.12878254980686
10860.0	0.8180618975139365	10.440669435521547	0.3039413925944064	2752.4213872971254	113.12878254980686
10870.0	0.7373921867072399	10.440669435521547	0.3039413925944064	2752.4213872971254	113.12878254980686
10880.0	0.7039066463723844	10.440669435521547	0.3039413925944064	2752.4213872971254	113.12878254980686
10890.0	0.770877727042095	10.440669435521547	0.3039413925944064	2752.4213872971254	113.12878254980686
10900.0	1.308168442415001	10.440669435521547	0.3039413925944064	2752.4213872971254	113.12878254980686
10910.0	1.330999492643311	10.440669435521547	0.3039413925944064	2752.4213872971254	113.12878254980686
10920.0	1.2959918822932348	10.440669435521547	0.3039413925944064	2752.4213872971254	113.12878254980686
10930.0	1.123997970573296	10.440669435521547	0.3039413925944064	2752.4213872971254	113.12878254980686
10940.0	0.9185185185185006	10.440669435521547	0.3039413925944064	2752.4213872971254	113.12878254980686
10950.0	1.2077118214104356	10.440669435521547	0.3039413925944064	2752.4213872971254	113.12878254980686
10960.0	1.1590055809233735	10.440669435521547	0.3039413925944064	2752.4213872971254	113.12878254980686
10970.0	1.0874682902079995	10.440669435521547	0.3039413925944064	2752.4213872971254	113.12878254980686
10980.0	0.8469812278031298	10.440669435521547	0.3039413925944064	2752.4213872971254	113.12878254980686
10990.0	1.163571790969035	10.440669435521547	0.3039413925944064	2752.4213872971254	113.12878254980686
11000.0	1.008320649416524	10.440669435521547	0.3039413925944064	2752.4213872971254	113.12878254980686
11010.0	0.8439370877726884	10.440669435521547	0.3039413925944064	2752.4213872971254	113.12878254980686
11020.0	0.9139523084728396	10.440669435521547	0.3039413925944064	2752.4213872971254	113.12878254980686
11030.0	1.2031456113647727	10.440669435521547	0.3039413925944064	2752.4213872971254	113.12878254980686
11040.0	0.8302384576357024	10.440669435521547	0.3039413925944064	2752.4213872971254	113.12878254980686
11050.0	0.7115169964484872	10.440669435521547	0.3039413925944064	2752.4213872971254	113.12878254980686
11060.0	0.5806189751395072	10.440669435521547	0.3039413925944064	2752.4213872971254	113.12878254980686
11070.0	0.7267376966006948	10.440669435521547	0.3039413925944064	2752.4213872971254	113.12878254980686
11080.0	0.9824454591577709	10.440669435521547	0.3039413925944064	2752.4213872971254	113.12878254980686
11090.0	0.9915778792490958	10.440669435521547	0.3039413925944064	2752.4213872971254	113.12878254980686
11100.0	0.7510908168442245	10.440669435521547	0.3039413925944064	2752.4213872971254	113.12878254980686
11110.0	1.1468290208016074	10.440669435521547	0.3039413925944064	2752.4213872971254	113.12878254980686
11120.0	1.082902080162337	10.440669435521547	0.3039413925944064	2752.4213872971254	113.12878254980686
11130.0	1.0022323693556405	10.440669435521547	0.3039413925944064	2752.4213872971254	113.12878254980686
11140.0	0.7967529173008459	10.440669435521547	0.3039413925944064	2752.4213872971254	113.12878254980686
11150.0	0.741958396752902	10.440669435521547	0.3039413925944064	2752.4213872971254	113.12878254980686
11160.0	0.8911212582445301	10.440669435521547	0.3039413925944064	2752.4213872971254	113.12878254980686
11170.0	0.8180618975139367	10.440669435521547	0.3039413925944064	2752.4213872971254	113.12878254980686
11180.0	0.8302384576357026	10.440669435521547	0.3039413925944064	2752.4213872971254	113.12878254980686
11190.0	0.9322171486554878	10.440669435521547	0.3039413925944064	2752.4213872971254	113.12878254980686
11200.0	0.9535261288685777	10.440669435521547	0.3039413925944064	2752.4213872971254	113.12878254980686
11210.0	0.745002536783342	10.440669435521547	0.3039413925944064	2752.4213872971254	113.12878254980686
11220.0	0.9459157787924759	10.440669435521547	0.3039413925944064	2752.4213872971254	113.12878254980686
11230.0	1.0874682902080008	10.440669435521547	0.3039413925944064	2752.4213872971254	113.12878254980686
11240.0	1.1833587011669036	10.440669435521547	0.3039413925944064	2752.4213872971254	113.12878254980686
11250.0	1.3340436326737544	10.440669435521547	0.3039413925944064	2752.4213872971254	113.12878254980686
11260.0	1.2685946220192628	10.440669435521547	0.3039413925944064	2752.4213872971254	113.12878254980686
11270.0	0.9230847285641638	10.440669435521547	0.3039413925944064	2752.4213872971254	113.12878254980686
11280.0	1.2198883815322001	10.440669435521547	0.3039413925944064	2752.4213872971254	113.12878254980686
11290.0	0.7937087772704052	10.440669435521547	0.3039413925944064	2752.4213872971254	113.12878254980686
11300.0	0.9641806189751226	10.440669435521547	0.3039413925944064	2752.4213872971254	113.12878254980686
11310.0	0.8561136478944531	10.440669435521547	0.3039413925944064	2752.4213872971254	113.12878254980686
11320.0	0.6917300862506182	10.440669435521547	0.3039413925944064	2752.4213872971254	113.12878254980686
11330.0	0.71760527650937	10.440669435521547	0.3039413925944064	2752.4213872971254	113.12878254980686
11340.0	0.8150177574834953	10.440669435521547	0.3039413925944064	2752.4213872971254	113.12878254980686
11350.0	0.976357179096889	10.440669435521547	0.3039413925944064	2752.4213872971254	113.12878254980686
11360.0	0.8941653982749712	10.440669435521547	0.3039413925944064	2752.4213872971254	113.12878254980686
11370.0	1.2503297818366137	10.440669435521547	0.3039413925944064	2752.4213872971254	113.12878254980686
11380.0	1.0448503297818197	10.440669435521547	0.3039413925944064	2752.4213872971254	113.12878254980686
11390.0	1.117909690512414	10.440669435521547	0.3039413925944064	2752.4213872971254	113.12878254980686
11400.0	1.2914256722475748	10.440669435521547	0.3039413925944064	2752.4213872971254	113.12878254980686
11410.0	0.9763571790968889	10.440669435521547	0.3039413925944064	2752.4213872971254	113.12878254980686
11420.0	0.9154743784880618	10.440669435521547	0.3039413925944064	2752.4213872971254	113.12878254980686
11430.0	1.1437848807711646	10.440669435521547	0.3039413925944064	2752.4213872971254	113.12878254980686
11440.0	0.9839675291729929	10.440669435521547	0.3039413925944064	2752.4213872971254	113.12878254980686
11450.0	1.2488077118213938	10.440669435521547	0.3039413925944064	2752.4213872971254	113.12878254980686
11460.0	0.9154743784880613	10.440669435521547	0.3039413925944064	2752.4213872971254	113.12878254980686
11470.0	0.834804667681364	10.440669435521547	0.3039413925944064	2752.4213872971254	113.12878254980686
11480.0	0.9413495687468133	10.440669435521547	0.3039413925944064	2752.4213872971254	113.12878254980686
11490.0	0.8941653982749719	10.440669435521547	0.3039413925944064	2752.4213872971254	113.12878254980686
11500.0	0.9626585489599038	10.440669435521547	0.3039413925944064	2752.4213872971254	113.12878254980686
11510.0	0.8424150177574677	10.440669435521547	0.3039413925944064	2752.4213872971254	113.12878254980686
11520.0	1.0128868594621858	10.440669435521547	0.3039413925944064	2752.4213872971254	113.12878254980686
11530.0	0.9139523084728401	10.440669435521547	0.3039413925944064	2752.4213872971254	113.12878254980686
11540.0	0.9885337392186542	10.440669435521547	0.3039413925944064	2752.4213872971254	113.12878254980686
11550.0	1.145306950786387	10.440669435521547	0.3039413925944064	2752.4213872971254	113.12878254980686
11560.0	0.9991882293252005	10.440669435521547	0.3039413925944064	2752.4213872971254	113.12878254980686
11570.0	0.8332825976661428	10.440669435521547	0.3039413925944064	2752.4213872971254	113.12878254980686
11580.0	0.6171486555048042	10.440669435521547	0.3039413925944064	2752.4213872971254	113.12878254980686
11590.0	0.6734652460679695	10.440669435521547	0.3039413925944064	2752.4213872971254	113.12878254980686
11600.0	0.8759005580923216	10.440669435521547	0.3039413925944064	2752.4213872971254	113.12878254980686
11610.0	0.9459157787924751	10.440669435521547	0.3039413925944064	2752.4213872971254	113.12878254980686
11620.0	0.772399797057314	10.440669435521547	0.3039413925944064	2752.4213872971254	113.12878254980686
11630.0	1.0159309994926276	10.440669435521547	0.3039413925944064	2752.4213872971254	113.12878254980686
11640.0	0.9246067985793854	10.440669435521547	0.3039413925944064	2752.4213872971254	113.12878254980686
11650.0	1.1711821410451373	10.440669435521547	0.3039413925944064	2752.4213872971254	113.12878254980686
11660.0	1.0235413495687302	10.440669435521547	0.3039413925944064	2752.4213872971254	113.12878254980686
11670.0	1.3629629629629447	10.440669435521547	0.3039413925944064	2752.4213872971254	113.12878254980686
11680.0	1.254895991882275	10.440669435521547	0.3039413925944064	2752.4213872971254	113.12878254980686
11690.0	0.7663115169964316	10.440669435521547	0.3039413925944064	2752.4213872971254	113.12878254980686
11700.0	0.9702688990360065	10.440669435521547	0.3039413925944064	2752.4213872971254	113.12878254980686
11710.0	0.8424150177574672	10.440669435521547	0.3039413925944064	2752.4213872971254	113.12878254980686
11720.0	0.8150177574834944	10.440669435521547	0.3039413925944064	2752.4213872971254	113.12878254980686
11730.0	0.9854895991882134	10.440669435521547	0.3039413925944064	2752.4213872971254	113.12878254980686
11740.0	0.597361745306935	10.440669435521547	0.3039413925944064	2752.4213872971254	113.12878254980686
11750.0	0.4938609842719277	10.440669435521547	0.3039413925944064	2752.4213872971254	113.12878254980686
11760.0	0.6521562658548805	10.440669435521547	0.3039413925944064	2752.4213872971254	113.12878254980686
11770.0	0.8393708777270269	10.440669435521547	0.3039413925944064	2752.4213872971254	113.12878254980686
11780.0	0.9870116692034334	10.440669435521547	0.3039413925944064	2752.4213872971254	113.12878254980686
11790.0	1.195535261288669	10.440669435521547	0.3039413925944064	2752.4213872971254	113.12878254980686
11800.0	1.0950786402841048	10.440669435521547	0.3039413925944064	2752.4213872971254	113.12878254980686
11810.0	1.168138001014696	10.440669435521547	0.3039413925944064	2752.4213872971254	113.12878254980686
11820.0	0.9428716387620331	10.440669435521547	0.3039413925944064	2752.4213872971254	113.12878254980686
11830.0	0.9322171486554887	10.440669435521547	0.3039413925944064	2752.4213872971254	113.12878254980686
11840.0	0.9032978183662955	10.440669435521547	0.3039413925944064	2752.4213872971254	113.12878254980686
11850.0	1.0265854895991722	10.440669435521547	0.3039413925944064	2752.4213872971254	113.12878254980686
11860.0	0.7800101471334194	10.440669435521547	0.3039413925944064	2752.4213872971254	113.12878254980686
11870.0	0.8180618975139369	10.440669435521547	0.3039413925944064	2752.4213872971254	113.12878254980686
11880.0	1.2290208016235242	10.440669435521547	0.3039413925944064	2752.4213872971254	113.12878254980686
11890.0	0.9215626585489436	10.440669435521547	0.3039413925944064	2752.4213872971254	113.12878254980686
11900.0	0.8804667681379844	10.440669435521547	0.3039413925944064	2752.4213872971254	113.12878254980686
11910.0	0.7510908168442254	10.440669435521547	0.3039413925944064	2752.4213872971254	113.12878254980686
11920.0	0.816539827498716	10.440669435521547	0.3039413925944064	2752.4213872971254	113.12878254980686
11930.0	1.2335870116691865	10.440669435521547	0.3039413925944064	2752.4213872971254	113.12878254980686
11940.0	0.9885337392186541	10.440669435521547	0.3039413925944064	2752.4213872971254	113.12878254980686
11950.0	0.8759005580923228	10.440669435521547	0.3039413925944064	2752.4213872971254	113.12878254980686
11960.0	0.6962962962962815	10.440669435521547	0.3039413925944064	2752.4213872971254	113.12878254980686
11970.0	0.793708777270405	10.440669435521547	0.3039413925944064	2752.4213872971254	113.12878254980686
11980.0	0.9717909690512269	10.440669435521547	0.3039413925944064	2752.4213872971254	113.12878254980686
11990.0	0.7784880771181986	10.440669435521547	0.3039413925944064	2752.4213872971254	113.12878254980686
12000.0	0.6704211060375286	10.440669435521547	0.3039413925944064	2752.4213872971254	113.12878254980686
12010.0	0.8378488077118055	10.440669435521547	0.3039413925944064	2752.4213872971254	113.12878254980686
12020.0	0.7526128868594467	10.440669435521547	0.3039413925944064	2752.4213872971254	113.12878254980686
12030.0	0.5532217148655352	10.440669435521547	0.3039413925944064	2752.4213872971254	113.12878254980686
12040.0	0.4131912734652303	10.440669435521547	0.3039413925944064	2752.4213872971254	113.12878254980686
12050.0	0.49081684424148597	10.440669435521547	0.3039413925944064	2752.4213872971254	113.12878254980686
12060.0	1.085946220192778	10.440669435521547	0.3039413925944064	2752.4213872971254	113.12878254980686
12070.0	0.9778792491121094	10.440669435521547	0.3039413925944064	2752.4213872971254	113.12878254980686
12080.0	0.7632673769659911	10.440669435521547	0.3039413925944064	2752.4213872971254	113.12878254980686
12090.0	0.7876204972095221	10.440669435521547	0.3039413925944064	2752.4213872971254	113.12878254980686
12100.0	0.8089294774226125	10.440669435521547	0.3039413925944064	2752.4213872971254	113.12878254980686
12110.0	0.8850329781836465	10.440669435521547	0.3039413925944064	2752.4213872971254	113.12878254980686
12120.0	0.6582445459157626	10.440669435521547	0.3039413925944064	2752.4213872971254	113.12878254980686
12130.0	1.058548959918806	10.440669435521547	0.3039413925944064	2752.4213872971254	113.12878254980686
12140.0	1.1392186707255052	10.440669435521547	0.3039413925944064	2752.4213872971254	113.12878254980686
12150.0	0.9246067985793851	10.440669435521547	0.3039413925944064	2752.4213872971254	113.12878254980686
12160.0	0.7495687468290051	10.440669435521547	0.3039413925944064	2752.4213872971254	113.12878254980686
12170.0	0.8759005580923225	10.440669435521547	0.3039413925944064	2752.4213872971254	113.12878254980686
12180.0	0.5303906646372241	10.440669435521547	0.3039413925944064	2752.4213872971254	113.12878254980686
12190.0	0.6247590055809079	10.440669435521547	0.3039413925944064	2752.4213872971254	113.12878254980686
12200.0	0.8134956874682743	10.440669435521547	0.3039413925944064	2752.4213872971254	113.12878254980686
12210.0	0.974835109081668	10.440669435521547	0.3039413925944064	2752.4213872971254	113.12878254980686
12220.0	0.938305428716372	10.440669435521547	0.3039413925944064	2752.4213872971254	113.12878254980686
12230.0	0.7358701166920191	10.440669435521547	0.3039413925944064	2752.4213872971254	113.12878254980686
12240.0	0.7754439370877573	10.440669435521547	0.3039413925944064	2752.4213872971254	113.12878254980686
12250.0	0.9215626585489446	10.440669435521547	0.3039413925944064	2752.4213872971254	113.12878254980686
12260.0	0.9504819888381373	10.440669435521547	0.3039413925944064	2752.4213872971254	113.12878254980686
12270.0	0.9413495687468126	10.440669435521547	0.3039413925944064	2752.4213872971254	113.12878254980686
12280.0	0.8074074074073907	10.440669435521547	0.3039413925944064	2752.4213872971254	113.12878254980686
12290.0	1.137696600710284	10.440669435521547	0.3039413925944064	2752.4213872971254	113.12878254980686
12300.0	1.0022323693556414	10.440669435521547	0.3039413925944064	2752.4213872971254	113.12878254980686
12310.0	1.1833587011669047	10.440669435521547	0.3039413925944064	2752.4213872971254	113.12878254980686
12320.0	1.3340436326737528	10.440669435521547	0.3039413925944064	2752.4213872971254	113.12878254980686
12330.0	0.9048198883815163	10.440669435521547	0.3039413925944064	2752.4213872971254	113.12878254980686
12340.0	0.8393708777270263	10.440669435521547	0.3039413925944064	2752.4213872971254	113.12878254980686
12350.0	0.9839675291729918	10.440669435521547	0.3039413925944064	2752.4213872971254	113.12878254980686
12360.0	0.9580923389142407	10.440669435521547	0.3039413925944064	2752.4213872971254	113.12878254980686
12370.0	0.6445459157787767	10.440669435521547	0.3039413925944064	2752.4213872971254	113.12878254980686
12380.0	0.9367833587011501	10.440669435521547	0.3039413925944064	2752.4213872971254	113.12878254980686
12390.0	1.075291730086235	10.440669435521547	0.3039413925944064	2752.4213872971254	113.12878254980686
12400.0	0.6354134956874524	10.440669435521547	0.3039413925944064	2752.4213872971254	113.12878254980686
12410.0	0.8622019279553367	10.440669435521547	0.3039413925944064	2752.4213872971254	113.12878254980686
12420.0	1.0326737696600559	10.440669435521547	0.3039413925944064	2752.4213872971254	113.12878254980686
12430.0	0.9611364789446819	10.440669435521547	0.3039413925944064	2752.4213872971254	113.12878254980686
12440.0	0.8789446981227642	10.440669435521547	0.3039413925944064	2752.4213872971254	113.12878254980686
12450.0	1.040284119736158	10.440669435521547	0.3039413925944064	2752.4213872971254	113.12878254980686
12460.0	1.0631151699644685	10.440669435521547	0.3039413925944064	2752.4213872971254	113.12878254980686
12470.0	0.8911212582445293	10.440669435521547	0.3039413925944064	2752.4213872971254	113.12878254980686
12480.0	0.6628107559614251	10.440669435521547	0.3039413925944064	2752.4213872971254	113.12878254980686
12490.0	0.8424150177574677	10.440669435521547	0.3039413925944064	2752.4213872971254	113.12878254980686
12500.0	0.8104515474378327	10.440669435521547	0.3039413925944064	2752.4213872971254	113.12878254980686
12510.0	0.6886859462201771	10.440669435521547	0.3039413925944064	2752.4213872971254	113.12878254980686
12520.0	0.6780314561136331	10.440669435521547	0.3039413925944064	2752.4213872971254	113.12878254980686
12530.0	0.7693556570268737	10.440669435521547	0.3039413925944064	2752.4213872971254	113.12878254980686
12540.0	0.7891425672247439	10.440669435521547	0.3039413925944064	2752.4213872971254	113.12878254980686
12550.0	0.5410451547437684	10.440669435521547	0.3039413925944064	2752.4213872971254	113.12878254980686
12560.0	0.9291730086250471	10.440669435521547	0.3039413925944064	2752.4213872971254	113.12878254980686
12570.0	0.7632673769659905	10.440669435521547	0.3039413925944064	2752.4213872971254	113.12878254980686
12580.0	1.0661593099949094	10.440669435521547	0.3039413925944064	2752.4213872971254	113.12878254980686
12590.0	0.9641806189751231	10.440669435521547	0.3039413925944064	2752.4213872971254	113.12878254980686
12600.0	0.7587011669203293	10.440669435521547	0.3039413925944064	2752.4213872971254	113.12878254980686
12610.0	0.5456113647894311	10.440669435521547	0.3039413925944064	2752.4213872971254	113.12878254980686
12620.0	0.6947742262810596	10.440669435521547	0.3039413925944064	2752.4213872971254	113.12878254980686
12630.0	1.011364789446965	10.440669435521547	0.3039413925944064	2752.4213872971254	113.12878254980686
12640.0	1.1163876204971923	10.440669435521547	0.3039413925944064	2752.4213872971254	113.12878254980686
12650.0	1.1087772704210894	10.440669435521547	0.3039413925944064	2752.4213872971254	113.12878254980686
12660.0	0.9383054287163712	10.440669435521547	0.3039413925944064	2752.4213872971254	113.12878254980686
12670.0	0.8043632673769513	10.440669435521547	0.3039413925944064	2752.4213872971254	113.12878254980686
12680.0	0.7252156265854744	10.440669435521547	0.3039413925944064	2752.4213872971254	113.12878254980686
12690.0	0.7967529173008474	10.440669435521547	0.3039413925944064	2752.4213872971254	113.12878254980686
12700.0	0.980923389142551	10.440669435521547	0.3039413925944064	2752.4213872971254	113.12878254980686
12710.0	1.0692034500253518	10.440669435521547	0.3039413925944064	2752.4213872971254	113.12878254980686
12720.0	0.9443937087772539	10.440669435521547	0.3039413925944064	2752.4213872971254	113.12878254980686
12730.0	1.206189751395214	10.440669435521547	0.3039413925944064	2752.4213872971254	113.12878254980686
12740.0	0.9063419583967359	10.440669435521547	0.3039413925944064	2752.4213872971254	113.12878254980686
12750.0	1.017453069507847	10.440669435521547	0.3039413925944064	2752.4213872971254	113.12878254980686
12760.0	0.7313039066463555	10.440669435521547	0.3039413925944064	2752.4213872971254	113.12878254980686
12770.0	0.9702688990360048	10.440669435521547	0.3039413925944064	2752.4213872971254	113.12878254980686
12780.0	0.8469812278031297	10.440669435521547	0.3039413925944064	2752.4213872971254	113.12878254980686
12790.0	0.7389142567224599	10.440669435521547	0.3039413925944064	2752.4213872971254	113.12878254980686
12800.0	0.4573313039066306	10.440669435521547	0.3039413925944064	2752.4213872971254	113.12878254980686
12810.0	0.5440892947742104	10.440669435521547	0.3039413925944064	2752.4213872971254	113.12878254980686
12820.0	0.8180618975139367	10.440669435521547	0.3039413925944064	2752.4213872971254	113.12878254980686
12830.0	1.032673769660054	10.440669435521547	0.3039413925944064	2752.4213872971254	113.12878254980686
12840.0	1.0737696600710143	10.440669435521547	0.3039413925944064	2752.4213872971254	113.12878254980686
12850.0	0.796752917300846	10.440669435521547	0.3039413925944064	2752.4213872971254	113.12878254980686
12860.0	0.9352612886859312	10.440669435521547	0.3039413925944064	2752.4213872971254	113.12878254980686
12870.0	1.1620497209538139	10.440669435521547	0.3039413925944064	2752.4213872971254	113.12878254980686
12880.0	0.8606798579401167	10.440669435521547	0.3039413925944064	2752.4213872971254	113.12878254980686
12890.0	0.8606798579401166	10.440669435521547	0.3039413925944064	2752.4213872971254	113.12878254980686
12900.0	0.9337392186707103	10.440669435521547	0.3039413925944064	2752.4213872971254	113.12878254980686
12910.0	0.9185185185185016	10.440669435521547	0.3039413925944064	2752.4213872971254	113.12878254980686
12920.0	1.0098427194317448	10.440669435521547	0.3039413925944064	2752.4213872971254	113.12878254980686
12930.0	0.7921867072551849	10.440669435521547	0.3039413925944064	2752.4213872971254	113.12878254980686
12940.0	0.6962962962962806	10.440669435521547	0.3039413925944064	2752.4213872971254	113.12878254980686
12950.0	0.9748351090816693	10.440669435521547	0.3039413925944064	2752.4213872971254	113.12878254980686
12960.0	1.031151699644834	10.440669435521547	0.3039413925944064	2752.4213872971254	113.12878254980686
12970.0	1.32643328259765	10.440669435521547	0.3039413925944064	2752.4213872971254	113.12878254980686
12980.0	1.341653982749855	10.440669435521547	0.3039413925944064	2752.4213872971254	113.12878254980686
12990.0	1.0250634195839508	10.440669435521547	0.3039413925944064	2752.4213872971254	113.12878254980686
13000.0	1.2625063419583795	10.440669435521547	0.3039413925944064	2752.4213872971254	113.12878254980686
13010.0	1.2625063419583802	10.440669435521547	0.3039413925944064	2752.4213872971254	113.12878254980686
13020.0	1.052460679857924	10.440669435521547	0.3039413925944064	2752.4213872971254	113.12878254980686
13030.0	0.7510908168442256	10.440669435521547	0.3039413925944064	2752.4213872971254	113.12878254980686
13040.0	0.990055809233875	10.440669435521547	0.3039413925944064	2752.4213872971254	113.12878254980686
13050.0	0.8728564180618811	10.440669435521547	0.3039413925944064	2752.4213872971254	113.12878254980686
13060.0	0.6765093860984114	10.440669435521547	0.3039413925944064	2752.4213872971254	113.12878254980686
13070.0	0.8850329781836465	10.440669435521547	0.3039413925944064	2752.4213872971254	113.12878254980686
13080.0	0.9870116692034332	10.440669435521547	0.3039413925944064	2752.4213872971254	113.12878254980686
13090.0	0.7450025367833428	10.440669435521547	0.3039413925944064	2752.4213872971254	113.12878254980686
13100.0	0.9611364789446817	10.440669435521547	0.3039413925944064	2752.4213872971254	113.12878254980686
13110.0	0.9930999492643169	10.440669435521547	0.3039413925944064	2752.4213872971254	113.12878254980686
13120.0	0.9398274987315914	10.440669435521547	0.3039413925944064	2752.4213872971254	113.12878254980686
13130.0	0.7982749873160677	10.440669435521547	0.3039413925944064	2752.4213872971254	113.12878254980686
13140.0	0.597361745306935	10.440669435521547	0.3039413925944064	2752.4213872971254	113.12878254980686
13150.0	0.8165398274987158	10.440669435521547	0.3039413925944064	2752.4213872971254	113.12878254980686
13160.0	0.7997970573312883	10.440669435521547	0.3039413925944064	2752.4213872971254	113.12878254980686
13170.0	0.8363267376965849	10.440669435521547	0.3039413925944064	2752.4213872971254	113.12878254980686
13180.0	0.8454591577879088	10.440669435521547	0.3039413925944064	2752.4213872971254	113.12878254980686
13190.0	0.670421106037529	10.440669435521547	0.3039413925944064	2752.4213872971254	113.12878254980686
13200.0	0.6993404363267215	10.440669435521547	0.3039413925944064	2752.4213872971254	113.12878254980686
13210.0	0.8317605276509229	10.440669435521547	0.3039413925944064	2752.4213872971254	113.12878254980686
13220.0	0.6749873160831905	10.440669435521547	0.3039413925944064	2752.4213872971254	113.12878254980686
13230.0	0.6384576357178934	10.440669435521547	0.3039413925944064	2752.4213872971254	113.12878254980686
13240.0	0.7404363267376798	10.440669435521547	0.3039413925944064	2752.4213872971254	113.12878254980686
13250.0	1.2061897513952133	10.440669435521547	0.3039413925944064	2752.4213872971254	113.12878254980686
13260.0	0.9063419583967354	10.440669435521547	0.3039413925944064	2752.4213872971254	113.12878254980686
13270.0	0.8835109081684269	10.440669435521547	0.3039413925944064	2752.4213872971254	113.12878254980686
13280.0	0.551699644850314	10.440669435521547	0.3039413925944064	2752.4213872971254	113.12878254980686
13290.0	0.6491121258244388	10.440669435521547	0.3039413925944064	2752.4213872971254	113.12878254980686
13300.0	0.8332825976661427	10.440669435521547	0.3039413925944064	2752.4213872971254	113.12878254980686
13310.0	0.9535261288685786	10.440669435521547	0.3039413925944064	2752.4213872971254	113.12878254980686
13320.0	0.9048198883815163	10.440669435521547	0.3039413925944064	2752.4213872971254	113.12878254980686
13330.0	0.6765093860984112	10.440669435521547	0.3039413925944064	2752.4213872971254	113.12878254980686
13340.0	0.9367833587011503	10.440669435521547	0.3039413925944064	2752.4213872971254	113.12878254980686
13350.0	1.32947742262809	10.440669435521547	0.3039413925944064	2752.4213872971254	113.12878254980686
13360.0	1.1148655504819733	10.440669435521547	0.3039413925944064	2752.4213872971254	113.12878254980686
13370.0	1.187924911212566	10.440669435521547	0.3039413925944064	2752.4213872971254	113.12878254980686
13380.0	0.7541349568746673	10.440669435521547	0.3039413925944064	2752.4213872971254	113.12878254980686
13390.0	0.9900558092338747	10.440669435521547	0.3039413925944064	2752.4213872971254	113.12878254980686
13400.0	0.8789446981227639	10.440669435521547	0.3039413925944064	2752.4213872971254	113.12878254980686
13410.0	0.6871638762049564	10.440669435521547	0.3039413925944064	2752.4213872971254	113.12878254980686
13420.0	0.630847285641791	10.440669435521547	0.3039413925944064	2752.4213872971254	113.12878254980686
13430.0	0.6582445459157633	10.440669435521547	0.3039413925944064	2752.4213872971254	113.12878254980686
13440.0	0.6323693556570115	10.440669435521547	0.3039413925944064	2752.4213872971254	113.12878254980686
13450.0	0.624759005580907	10.440669435521547	0.3039413925944064	2752.4213872971254	113.12878254980686
13460.0	0.7282597666159139	10.440669435521547	0.3039413925944064	2752.4213872971254	113.12878254980686
13470.0	0.8150177574834944	10.440669435521547	0.3039413925944064	2752.4213872971254	113.12878254980686
13480.0	0.6628107559614239	10.440669435521547	0.3039413925944064	2752.4213872971254	113.12878254980686
13490.0	0.6917300862506177	10.440669435521547	0.3039413925944064	2752.4213872971254	113.12878254980686
13500.0	0.7617453069507705	10.440669435521547	0.3039413925944064	2752.4213872971254	113.12878254980686
13510.0	0.7297818366311364	10.440669435521547	0.3039413925944064	2752.4213872971254	113.12878254980686
13520.0	0.8926433282597508	10.440669435521547	0.3039413925944064	2752.4213872971254	113.12878254980686
13530.0	1.00071029934042	10.440669435521547	0.3039413925944064	2752.4213872971254	113.12878254980686
13540.0	0.766311516996432	10.440669435521547	0.3039413925944064	2752.4213872971254	113.12878254980686
13550.0	0.945915778792474	10.440669435521547	0.3039413925944064	2752.4213872971254	113.12878254980686
13560.0	1.2503297818366133	10.440669435521547	0.3039413925944064	2752.4213872971254	113.12878254980686
13570.0	0.7876204972095225	10.440669435521547	0.3039413925944064	2752.4213872971254	113.12878254980686
13580.0	0.5638762049720794	10.440669435521547	0.3039413925944064	2752.4213872971254	113.12878254980686
13590.0	0.7906646372399635	10.440669435521547	0.3039413925944064	2752.4213872971254	113.12878254980686
13600.0	0.8378488077118055	10.440669435521547	0.3039413925944064	2752.4213872971254	113.12878254980686
13610.0	0.7876204972095231	10.440669435521547	0.3039413925944064	2752.4213872971254	113.12878254980686
13620.0	0.8195839675291573	10.440669435521547	0.3039413925944064	2752.4213872971254	113.12878254980686
13630.0	1.23967529173007	10.440669435521547	0.3039413925944064	2752.4213872971254	113.12878254980686
13640.0	1.0570268899035862	10.440669435521547	0.3039413925944064	2752.4213872971254	113.12878254980686
13650.0	0.643023845763556	10.440669435521547	0.3039413925944064	2752.4213872971254	113.12878254980686
13660.0	0.6110603754439213	10.440669435521547	0.3039413925944064	2752.4213872971254	113.12878254980686
13670.0	0.7282597666159154	10.440669435521547	0.3039413925944064	2752.4213872971254	113.12878254980686
13680.0	1.0798579401318966	10.440669435521547	0.3039413925944064	2752.4213872971254	113.12878254980686
13690.0	0.988533739218654	10.440669435521547	0.3039413925944064	2752.4213872971254	113.12878254980686
13700.0	0.8028411973617288	10.440669435521547	0.3039413925944064	2752.4213872971254	113.12878254980686
13710.0	0.6841197361745148	10.440669435521547	0.3039413925944064	2752.4213872971254	113.12878254980686
13720.0	0.6993404363267217	10.440669435521547	0.3039413925944064	2752.4213872971254	113.12878254980686
13730.0	0.5516996448503142	10.440669435521547	0.3039413925944064	2752.4213872971254	113.12878254980686
13740.0	0.4421106037544236	10.440669435521547	0.3039413925944064	2752.4213872971254	113.12878254980686
13750.0	0.6734652460679701	10.440669435521547	0.3039413925944064	2752.4213872971254	113.12878254980686
13760.0	0.903297818366296	10.440669435521547	0.3039413925944064	2752.4213872971254	113.12878254980686
13770.0	0.6247590055809084	10.440669435521547	0.3039413925944064	2752.4213872971254	113.12878254980686
13780.0	0.4862506341958241	10.440669435521547	0.3039413925944064	2752.4213872971254	113.12878254980686
13790.0	0.6612886859462052	10.440669435521547	0.3039413925944064	2752.4213872971254	113.12878254980686
13800.0	0.8698122780314395	10.440669435521547	0.3039413925944064	2752.4213872971254	113.12878254980686
13810.0	1.079857940131897	10.440669435521547	0.3039413925944064	2752.4213872971254	113.12878254980686
13820.0	0.7845763571790806	10.440669435521547	0.3039413925944064	2752.4213872971254	113.12878254980686
13830.0	0.6247590055809076	10.440669435521547	0.3039413925944064	2752.4213872971254	113.12878254980686
13840.0	0.7267376966006944	10.440669435521547	0.3039413925944064	2752.4213872971254	113.12878254980686
13850.0	0.8576357179096751	10.440669435521547	0.3039413925944064	2752.4213872971254	113.12878254980686
13860.0	0.7982749873160664	10.440669435521547	0.3039413925944064	2752.4213872971254	113.12878254980686
13870.0	0.7754439370877556	10.440669435521547	0.3039413925944064	2752.4213872971254	113.12878254980686
13880.0	0.8013191273465091	10.440669435521547	0.3039413925944064	2752.4213872971254	113.12878254980686
13890.0	1.1239979705732963	10.440669435521547	0.3039413925944064	2752.4213872971254	113.12878254980686
13900.0	0.9002536783358542	10.440669435521547	0.3039413925944064	2752.4213872971254	113.12878254980686
13910.0	0.7252156265854739	10.440669435521547	0.3039413925944064	2752.4213872971254	113.12878254980686
13920.0	0.7784880771181969	10.440669435521547	0.3039413925944064	2752.4213872971254	113.12878254980686
13930.0	0.6354134956874528	10.440669435521547	0.3039413925944064	2752.4213872971254	113.12878254980686
13940.0	0.822628107559599	10.440669435521547	0.3039413925944064	2752.4213872971254	113.12878254980686
13950.0	0.8302384576357024	10.440669435521547	0.3039413925944064	2752.4213872971254	113.12878254980686
13960.0	0.7343480466767971	10.440669435521547	0.3039413925944064	2752.4213872971254	113.12878254980686
13970.0	0.6628107559614256	10.440669435521547	0.3039413925944064	2752.4213872971254	113.12878254980686
13980.0	0.4953830542871484	10.440669435521547	0.3039413925944064	2752.4213872971254	113.12878254980686
13990.0	0.5897513952308318	10.440669435521547	0.3039413925944064	2752.4213872971254	113.12878254980686
14000.0	0.5532217148655346	10.440669435521547	0.3039413925944064	2752.4213872971254	113.12878254980686
14010.0	0.9763571790968885	10.440669435521547	0.3039413925944064	2752.4213872971254	113.12878254980686
14020.0	0.9763571790968898	10.440669435521547	0.3039413925944064	2752.4213872971254	113.12878254980686
14030.0	0.948959918822916	10.440669435521547	0.3039413925944064	2752.4213872971254	113.12878254980686
14040.0	0.8119736174530527	10.440669435521547	0.3039413925944064	2752.4213872971254	113.12878254980686
14050.0	0.8378488077118058	10.440669435521547	0.3039413925944064	2752.4213872971254	113.12878254980686
14060.0	0.8363267376965843	10.440669435521547	0.3039413925944064	2752.4213872971254	113.12878254980686
14070.0	0.8789446981227641	10.440669435521547	0.3039413925944064	2752.4213872971254	113.12878254980686
14080.0	0.7526128868594464	10.440669435521547	0.3039413925944064	2752.4213872971254	113.12878254980686
14090.0	0.5380010147133276	10.440669435521547	0.3039413925944064	2752.4213872971254	113.12878254980686
14100.0	0.7876204972095225	10.440669435521547	0.3039413925944064	2752.4213872971254	113.12878254980686
14110.0	0.8180618975139364	10.440669435521547	0.3039413925944064	2752.4213872971254	113.12878254980686
14120.0	0.606494165398259	10.440669435521547	0.3039413925944064	2752.4213872971254	113.12878254980686
14130.0	0.6430238457635564	10.440669435521547	0.3039413925944064	2752.4213872971254	113.12878254980686
14140.0	0.7221714865550318	10.440669435521547	0.3039413925944064	2752.4213872971254	113.12878254980686
14150.0	0.6628107559614251	10.440669435521547	0.3039413925944064	2752.4213872971254	113.12878254980686
14160.0	0.9002536783358543	10.440669435521547	0.3039413925944064	2752.4213872971254	113.12878254980686
14170.0	0.7571790969051073	10.440669435521547	0.3039413925944064	2752.4213872971254	113.12878254980686
14180.0	1.0296296296296146	10.440669435521547	0.3039413925944064	2752.4213872971254	113.12878254980686
14190.0	1.066159309994911	10.440669435521547	0.3039413925944064	2752.4213872971254	113.12878254980686
14200.0	0.8317605276509222	10.440669435521547	0.3039413925944064	2752.4213872971254	113.12878254980686
14210.0	0.7663115169964326	10.440669435521547	0.3039413925944064	2752.4213872971254	113.12878254980686
14220.0	0.6628107559614252	10.440669435521547	0.3039413925944064	2752.4213872971254	113.12878254980686
14230.0	0.4858447488584323	10.440669435521547	0.3039413925944064	2752.4213872971254	113.12878254980686
14240.0	0.1065956367326195	10.440669435521547	0.3039413925944064	2752.4213872971254	113.12878254980686
14250.0	0.0016235413495700388	10.440669435521547	0.3039413925944064	2752.4213872971254	113.12878254980686
14260.0	0.011796042617960426	10.440669435521547	0.3039413925944064	2752.4213872971254	113.12878254980686
14270.0	0.008751902587519025	10.440669435521547	0.3039413925944064	2752.4213872971254	113.12878254980686
14280.0	0.009183155758497485	10.440669435521547	0.3039413925944064	2752.4213872971254	113.12878254980686
14290.0	-0.0018772196854392326	10.440669435521547	0.3039413925944064	2752.4213872971254	113.12878254980686
14300.0	0.001902587519025875	10.440669435521547	0.3039413925944064	2752.4213872971254	113.12878254980686
14310.0	0.001902587519025875	10.440669435521547	0.3039413925944064	2752.4213872971254	113.12878254980686
14320.0	-0.0005834601725010838	10.440669435521547	0.3039413925944064	2752.4213872971254	113.12878254980686
14330.0	0.0015474378488073426	10.440669435521547	0.3039413925944064	2752.4213872971254	113.12878254980686
14340.0	0.0	10.440669435521547	0.3039413925944064	2752.4213872971254	113.12878254980686
14350.0	0.0	10.440669435521547	0.3039413925944064	2752.4213872971254	113.12878254980686
14360.0	0.0	10.440669435521547	0.3039413925944064	2752.4213872971254	113.12878254980686
14370.0	0.0	10.440669435521547	0.3039413925944064	2752.4213872971254	113.12878254980686
14380.0	0.0	10.440669435521547	0.3039413925944064	2752.4213872971254	113.12878254980686
14390.0	0.0	10.440669435521547	0.3039413925944064	2752.4213872971254	113.12878254980686
14400.0	0.0	10.440669435521547	0.3039413925944064	2752.4213872971254	113.12878254980686
14410.0	0.0	10.440669435521547	0.3039413925944064	2752.4213872971254	113.12878254980686
14420.0	0.0	10.440669435521547	0.3039413925944064	2752.4213872971254	113.12878254980686
14430.0	0.0	10.440669435521547	0.3039413925944064	2752.4213872971254	113.12878254980686
14440.0	0.0	10.440669435521547	0.3039413925944064	2752.4213872971254	113.12878254980686
14450.0	0.0	10.440669435521547	0.3039413925944064	2752.4213872971254	113.12878254980686
14460.0	0.0	10.440669435521547	0.3039413925944064	2752.4213872971254	113.12878254980686
14470.0	0.0	10.440669435521547	0.3039413925944064	2752.4213872971254	113.12878254980686
14480.0	0.0	10.440669435521547	0.3039413925944064	2752.4213872971254	113.12878254980686
14490.0	0.0	10.440669435521547	0.3039413925944064	2752.4213872971254	113.12878254980686
14500.0	0.0	10.440669435521547	0.3039413925944064	2752.4213872971254	113.12878254980686
14510.0	0.0	10.440669435521547	0.3039413925944064	2752.4213872971254	113.12878254980686
14520.0	0.0	10.440669435521547	0.3039413925944064	2752.4213872971254	113.12878254980686
14530.0	0.0	10.440669435521547	0.3039413925944064	2752.4213872971254	113.12878254980686
14540.0	0.0	10.440669435521547	0.3039413925944064	2752.4213872971254	113.12878254980686
14550.0	0.0	10.440669435521547	0.3039413925944064	2752.4213872971254	113.12878254980686
14560.0	0.0	10.440669435521547	0.3039413925944064	2752.4213872971254	113.12878254980686
14570.0	0.0	10.440669435521547	0.3039413925944064	2752.4213872971254	113.12878254980686
14580.0	0.0	10.440669435521547	0.3039413925944064	2752.4213872971254	113.12878254980686
14590.0	0.0	10.440669435521547	0.3039413925944064	2752.4213872971254	113.12878254980686
14600.0	0.0	10.440669435521547	0.3039413925944064	2752.4213872971254	113.12878254980686
14610.0	0.0	10.440669435521547	0.3039413925944064	2752.4213872971254	113.12878254980686
14620.0	0.0	10.440669435521547	0.3039413925944064	2752.4213872971254	113.12878254980686
14630.0	0.0	10.440669435521547	0.3039413925944064	2752.4213872971254	113.12878254980686
14640.0	0.0	10.440669435521547	0.3039413925944064	2752.4213872971254	113.12878254980686
14650.0	0.0	10.440669435521547	0.3039413925944064	2752.4213872971254	113.12878254980686
14660.0	0.0	10.440669435521547	0.3039413925944064	2752.4213872971254	113.12878254980686
14670.0	0.0	10.440669435521547	0.3039413925944064	2752.4213872971254	113.12878254980686
14680.0	0.0	10.440669435521547	0.3039413925944064	2752.4213872971254	113.12878254980686
14690.0	0.0	10.440669435521547	0.3039413925944064	2752.4213872971254	113.12878254980686
14700.0	0.0	10.440669435521547	0.3039413925944064	2752.4213872971254	113.12878254980686
14710.0	0.0	10.440669435521547	0.3039413925944064	2752.4213872971254	113.12878254980686
14720.0	0.0	10.440669435521547	0.3039413925944064	2752.4213872971254	113.12878254980686
14730.0	0.0	10.440669435521547	0.3039413925944064	2752.4213872971254	113.12878254980686
14740.0	0.0	10.440669435521547	0.3039413925944064	2752.4213872971254	113.12878254980686
14750.0	0.0	10.440669435521547	0.3039413925944064	2752.4213872971254	113.12878254980686
14760.0	0.0	10.440669435521547	0.3039413925944064	2752.4213872971254	113.12878254980686
14770.0	0.0	10.440669435521547	0.3039413925944064	2752.4213872971254	113.12878254980686
14780.0	0.0	10.440669435521547	0.3039413925944064	2752.4213872971254	113.12878254980686
14790.0	0.0	10.440669435521547	0.3039413925944064	2752.4213872971254	113.12878254980686
14800.0	0.0	10.440669435521547	0.3039413925944064	2752.4213872971254	113.12878254980686
14810.0	0.0	10.440669435521547	0.3039413925944064	2752.4213872971254	113.12878254980686
14820.0	0.0	10.440669435521547	0.3039413925944064	2752.4213872971254	113.12878254980686
14830.0	0.0	10.440669435521547	0.3039413925944064	2752.4213872971254	113.12878254980686
14840.0	0.0	10.440669435521547	0.3039413925944064	2752.4213872971254	113.12878254980686
14850.0	0.0	10.440669435521547	0.3039413925944064	2752.4213872971254	113.12878254980686
14860.0	0.0	10.440669435521547	0.3039413925944064	2752.4213872971254	113.12878254980686
14870.0	0.0	10.440669435521547	0.3039413925944064	2752.4213872971254	113.12878254980686
14880.0	0.0	10.440669435521547	0.3039413925944064	2752.4213872971254	113.12878254980686
14890.0	0.0	10.440669435521547	0.3039413925944064	2752.4213872971254	113.12878254980686
14900.0	0.0	10.440669435521547	0.3039413925944064	2752.4213872971254	113.12878254980686
14910.0	0.0	10.440669435521547	0.3039413925944064	2752.4213872971254	113.12878254980686
14920.0	0.0	10.440669435521547	0.3039413925944064	2752.4213872971254	113.12878254980686
14930.0	0.0	10.440669435521547	0.3039413925944064	2752.4213872971254	113.12878254980686
14940.0	0.0	10.440669435521547	0.3039413925944064	2752.4213872971254	113.12878254980686
14950.0	0.0	10.440669435521547	0.3039413925944064	2752.4213872971254	113.12878254980686
14960.0	0.0	10.440669435521547	0.3039413925944064	2752.4213872971254	113.12878254980686
14970.0	0.0	10.440669435521547	0.3039413925944064	2752.4213872971254	113.12878254980686
14980.0	0.0	10.440669435521547	0.3039413925944064	2752.4213872971254	113.12878254980686
14990.0	0.0	10.440669435521547	0.3039413925944064	2752.4213872971254	113.12878254980686
