0.0	0.039371257485028864	10.651569325297892	0.3168838617143827	2578.911772154481	103.13119376267505
10.0	-0.08338323353293525	10.651569325297892	0.3168838617143827	2578.911772154481	103.13119376267505
20.0	0.2669161676646695	10.651569325297892	0.3168838617143827	2578.911772154481	103.13119376267505
30.0	876.3776946107786	10.651569325297892	0.3168838617143827	2578.911772154481	103.13119376267505
40.0	4089.7968562874244	10.651569325297892	0.3168838617143827	2578.911772154481	103.13119376267505
50.0	2792.2190119760476	10.651569325297892	0.3168838617143827	2578.911772154481	103.13119376267505
60.0	985.6770958083838	10.651569325297892	0.3168838617143827	2578.911772154481	103.13119376267505
70.0	359.1681137724554	10.651569325297892	0.3168838617143827	2578.911772154481	103.13119376267505
80.0	167.11422155688618	10.651569325297892	0.3168838617143827	2578.911772154481	103.13119376267505
90.0	148.72200598802397	10.651569325297892	0.3168838617143827	2578.911772154481	103.13119376267505
100.0	108.82380239520955	10.651569325297892	0.3168838617143827	2578.911772154481	103.13119376267505
110.0	65.6381736526946	10.651569325297892	0.3168838617143827	2578.911772154481	103.13119376267505
120.0	36.55434131736524	10.651569325297892	0.3168838617143827	2578.911772154481	103.13119376267505
130.0	37.83877245508981	10.651569325297892	0.3168838617143827	2578.911772154481	103.13119376267505
140.0	27.093263473053902	10.651569325297892	0.3168838617143827	2578.911772154481	103.13119376267505
150.0	17.97649700598804	10.651569325297892	0.3168838617143827	2578.911772154481	103.13119376267505
160.0	14.925598802395202	10.651569325297892	0.3168838617143827	2578.911772154481	103.13119376267505
170.0	12.844760479041907	10.651569325297892	0.3168838617143827	2578.911772154481	103.13119376267505
180.0	12.012425149700602	10.651569325297892	0.3168838617143827	2578.911772154481	103.13119376267505
190.0	12.868712574850305	10.651569325297892	0.3168838617143827	2578.911772154481	103.13119376267505
200.0	13.299850299401195	10.651569325297892	0.3168838617143827	2578.911772154481	103.13119376267505
210.0	11.461526946107782	10.651569325297892	0.3168838617143827	2578.911772154481	103.13119376267505
220.0	11.365718562874244	10.651569325297892	0.3168838617143827	2578.911772154481	103.13119376267505
230.0	11.506437125748505	10.651569325297892	0.3168838617143827	2578.911772154481	103.13119376267505
240.0	12.024401197604787	10.651569325297892	0.3168838617143827	2578.911772154481	103.13119376267505
250.0	11.859730538922154	10.651569325297892	0.3168838617143827	2578.911772154481	103.13119376267505
260.0	10.18907185628742	10.651569325297892	0.3168838617143827	2578.911772154481	103.13119376267505
270.0	10.590269461077849	10.651569325297892	0.3168838617143827	2578.911772154481	103.13119376267505
280.0	11.021407185628735	10.651569325297892	0.3168838617143827	2578.911772154481	103.13119376267505
290.0	12.38667664670658	10.651569325297892	0.3168838617143827	2578.911772154481	103.13119376267505
300.0	10.793862275449097	10.651569325297892	0.3168838617143827	2578.911772154481	103.13119376267505
310.0	12.257934131736521	10.651569325297892	0.3168838617143827	2578.911772154481	103.13119376267505
320.0	12.222005988023954	10.651569325297892	0.3168838617143827	2578.911772154481	103.13119376267505
330.0	11.751946107784429	10.651569325297892	0.3168838617143827	2578.911772154481	103.13119376267505
340.0	12.00943113772455	10.651569325297892	0.3168838617143827	2578.911772154481	103.13119376267505
350.0	11.617215568862274	10.651569325297892	0.3168838617143827	2578.911772154481	103.13119376267505
360.0	11.11721556886228	10.651569325297892	0.3168838617143827	2578.911772154481	103.13119376267505
370.0	10.428592814371257	10.651569325297892	0.3168838617143827	2578.911772154481	103.13119376267505
380.0	10.380688622754494	10.651569325297892	0.3168838617143827	2578.911772154481	103.13119376267505
390.0	9.919610778443115	10.651569325297892	0.3168838617143827	2578.911772154481	103.13119376267505
400.0	9.230988023952095	10.651569325297892	0.3168838617143827	2578.911772154481	103.13119376267505
410.0	9.865718562874253	10.651569325297892	0.3168838617143827	2578.911772154481	103.13119376267505
420.0	8.748952095808386	10.651569325297892	0.3168838617143827	2578.911772154481	103.13119376267505
430.0	9.838772455089813	10.651569325297892	0.3168838617143827	2578.911772154481	103.13119376267505
440.0	9.55733532934132	10.651569325297892	0.3168838617143827	2578.911772154481	103.13119376267505
450.0	10.437574850299399	10.651569325297892	0.3168838617143827	2578.911772154481	103.13119376267505
460.0	10.778892215568856	10.651569325297892	0.3168838617143827	2578.911772154481	103.13119376267505
470.0	10.686077844311377	10.651569325297892	0.3168838617143827	2578.911772154481	103.13119376267505
480.0	8.748952095808377	10.651569325297892	0.3168838617143827	2578.911772154481	103.13119376267505
490.0	8.949550898203583	10.651569325297892	0.3168838617143827	2578.911772154481	103.13119376267505
500.0	8.883682634730542	10.651569325297892	0.3168838617143827	2578.911772154481	103.13119376267505
510.0	9.901646706586828	10.651569325297892	0.3168838617143827	2578.911772154481	103.13119376267505
520.0	9.835778443113764	10.651569325297892	0.3168838617143827	2578.911772154481	103.13119376267505
530.0	9.398652694610776	10.651569325297892	0.3168838617143827	2578.911772154481	103.13119376267505
540.0	8.931586826347305	10.651569325297892	0.3168838617143827	2578.911772154481	103.13119376267505
550.0	8.856736526946104	10.651569325297892	0.3168838617143827	2578.911772154481	103.13119376267505
560.0	10.371706586826349	10.651569325297892	0.3168838617143827	2578.911772154481	103.13119376267505
570.0	13.500449101796411	10.651569325297892	0.3168838617143827	2578.911772154481	103.13119376267505
580.0	9.620209580838317	10.651569325297892	0.3168838617143827	2578.911772154481	103.13119376267505
590.0	8.86571856287425	10.651569325297892	0.3168838617143827	2578.911772154481	103.13119376267505
600.0	8.299850299401198	10.651569325297892	0.3168838617143827	2578.911772154481	103.13119376267505
610.0	7.239970059880237	10.651569325297892	0.3168838617143827	2578.911772154481	103.13119376267505
620.0	7.3297904191616805	10.651569325297892	0.3168838617143827	2578.911772154481	103.13119376267505
630.0	6.177095808383234	10.651569325297892	0.3168838617143827	2578.911772154481	103.13119376267505
640.0	6.952544910179641	10.651569325297892	0.3168838617143827	2578.911772154481	103.13119376267505
650.0	6.841766467065867	10.651569325297892	0.3168838617143827	2578.911772154481	103.13119376267505
660.0	9.000449101796411	10.651569325297892	0.3168838617143827	2578.911772154481	103.13119376267505
670.0	9.189071856287427	10.651569325297892	0.3168838617143827	2578.911772154481	103.13119376267505
680.0	6.8896706586826335	10.651569325297892	0.3168838617143827	2578.911772154481	103.13119376267505
690.0	7.49745508982036	10.651569325297892	0.3168838617143827	2578.911772154481	103.13119376267505
700.0	8.680089820359282	10.651569325297892	0.3168838617143827	2578.911772154481	103.13119376267505
710.0	8.308832335329342	10.651569325297892	0.3168838617143827	2578.911772154481	103.13119376267505
720.0	8.629191616766466	10.651569325297892	0.3168838617143827	2578.911772154481	103.13119376267505
730.0	11.826796407185624	10.651569325297892	0.3168838617143827	2578.911772154481	103.13119376267505
740.0	9.434580838323361	10.651569325297892	0.3168838617143827	2578.911772154481	103.13119376267505
750.0	7.814820359281435	10.651569325297892	0.3168838617143827	2578.911772154481	103.13119376267505
760.0	6.222005988023951	10.651569325297892	0.3168838617143827	2578.911772154481	103.13119376267505
770.0	7.374700598802391	10.651569325297892	0.3168838617143827	2578.911772154481	103.13119376267505
780.0	6.943562874251494	10.651569325297892	0.3168838617143827	2578.911772154481	103.13119376267505
790.0	7.689071856287422	10.651569325297892	0.3168838617143827	2578.911772154481	103.13119376267505
800.0	6.745958083832336	10.651569325297892	0.3168838617143827	2578.911772154481	103.13119376267505	7.8107334606916785	-13.63220729804614	80	380
810.0	6.775898203592815	10.651569325297892	0.3168838617143827	2578.911772154481	103.13119376267505	7.780505169706333	-12.911847549757951	80	380
820.0	7.922604790419162	10.651569325297892	0.3168838617143827	2578.911772154481	103.13119376267505	7.750393865119321	2.2219635323938425	80	380
830.0	6.632185628742519	10.651569325297892	0.3168838617143827	2578.911772154481	103.13119376267505	7.7203990941820075	-14.0953006724685	80	380
840.0	9.272904191616767	10.651569325297892	0.3168838617143827	2578.911772154481	103.13119376267505	7.690520405897943	20.575769937562054	80	380
850.0	8.09625748502994	10.651569325297892	0.3168838617143827	2578.911772154481	103.13119376267505	7.660757351016074	5.684818276565086	80	380
860.0	8.317814371257489	10.651569325297892	0.3168838617143827	2578.911772154481	103.13119376267505	7.631109482023995	8.998755565637087	80	380
870.0	7.979491017964074	10.651569325297892	0.3168838617143827	2578.911772154481	103.13119376267505	7.601576353141216	4.97153020987142	80	380
880.0	6.719011976047904	10.651569325297892	0.3168838617143827	2578.911772154481	103.13119376267505	7.57215752031246	-11.266875285887492	80	380
890.0	7.883682634730537	10.651569325297892	0.3168838617143827	2578.911772154481	103.13119376267505	7.542852541200985	4.5185835420731175	80	380
900.0	7.9345808383233605	10.651569325297892	0.3168838617143827	2578.911772154481	103.13119376267505	7.513660975181937	5.602060893241613	80	380
910.0	7.275898203592814	10.651569325297892	0.3168838617143827	2578.911772154481	103.13119376267505	7.484582383335722	-2.7881873570867337	80	380
920.0	6.724999999999998	10.651569325297892	0.3168838617143827	2578.911772154481	103.13119376267505	7.455616328441407	-9.7995430056437	80	380
930.0	6.844760479041919	10.651569325297892	0.3168838617143827	2578.911772154481	103.13119376267505	7.4267623749701475	-7.836549313731987	80	380
940.0	6.398652694610775	10.651569325297892	0.3168838617143827	2578.911772154481	103.13119376267505	7.398020089078635	-13.508579085141722	80	380
950.0	5.39865269461078	10.651569325297892	0.3168838617143827	2578.911772154481	103.13119376267505	7.369389038602577	-26.742194416234792	80	380
960.0	5.799850299401201	10.651569325297892	0.3168838617143827	2578.911772154481	103.13119376267505	7.340868793050202	-20.99231762741659	80	380
970.0	8.859730538922157	10.651569325297892	0.3168838617143827	2578.911772154481	103.13119376267505	7.312458923595776	21.15938881152083	80	380
980.0	7.192065868263472	10.651569325297892	0.3168838617143827	2578.911772154481	103.13119376267505	7.284159003073171	-1.2642933078594911	80	380
990.0	7.443562874251498	10.651569325297892	0.3168838617143827	2578.911772154481	103.13119376267505	7.255968605969426	2.585378720185471	80	380
1000.0	8.608233532934129	10.651569325297892	0.3168838617143827	2578.911772154481	103.13119376267505	7.227887308418357	19.09750616764703	80	380
1010.0	7.078293413173656	10.651569325297892	0.3168838617143827	2578.911772154481	103.13119376267505	7.199914688194187	-1.689204390434727	80	380
1020.0	6.374700598802393	10.651569325297892	0.3168838617143827	2578.911772154481	103.13119376267505	7.172050324705189	-11.117458603939335	80	380
1030.0	7.186077844311373	10.651569325297892	0.3168838617143827	2578.911772154481	103.13119376267505	7.14429379898737	0.5848590007584165	80	380
1040.0	9.275898203592819	10.651569325297892	0.3168838617143827	2578.911772154481	103.13119376267505	7.1166446936981655	30.34089241249723	80	380
1050.0	8.374700598802393	10.651569325297892	0.3168838617143827	2578.911772154481	103.13119376267505	7.089102593110166	18.134848364893017	80	380
1060.0	9.081287425149695	10.651569325297892	0.3168838617143827	2578.911772154481	103.13119376267505	7.061667083104872	28.599767141059225	80	380
1070.0	7.985479041916173	10.651569325297892	0.3168838617143827	2578.911772154481	103.13119376267505	7.034337751166458	13.521404919631477	80	380
1080.0	7.503443113772453	10.651569325297892	0.3168838617143827	2578.911772154481	103.13119376267505	7.007114186375576	7.083214490237992	80	380
1090.0	6.817814371257488	10.651569325297892	0.3168838617143827	2578.911772154481	103.13119376267505	6.979995979403174	-2.323520079728664	80	380
1100.0	6.698053892215576	10.651569325297892	0.3168838617143827	2578.911772154481	103.13119376267505	6.952982722504347	-3.6664671906008937	80	380
1110.0	7.5034431137724535	10.651569325297892	0.3168838617143827	2578.911772154481	103.13119376267505	6.926074009512196	8.336167119602026	80	380
1120.0	7.482485029940119	10.651569325297892	0.3168838617143827	2578.911772154481	103.13119376267505	6.899269435831734	8.453294939887744	80	380
1130.0	5.865718562874249	10.651569325297892	0.3168838617143827	2578.911772154481	103.13119376267505	6.872568598433789	-14.650272618435478	80	380
1140.0	5.997455089820358	10.651569325297892	0.3168838617143827	2578.911772154481	103.13119376267505	6.845971095848955	-12.394384874676051	80	380
1150.0	7.317814371257481	10.651569325297892	0.3168838617143827	2578.911772154481	103.13119376267505	6.819476528161549	7.30756739227722	80	380
1160.0	7.063323353293411	10.651569325297892	0.3168838617143827	2578.911772154481	103.13119376267505	6.793084497003603	3.978146546079458	80	380
1170.0	8.213023952095808	10.651569325297892	0.3168838617143827	2578.911772154481	103.13119376267505	6.766794605548867	21.37244339234137	80	380
1180.0	7.027395209580837	10.651569325297892	0.3168838617143827	2578.911772154481	103.13119376267505	6.74060645850685	4.254643151760497	80	380
1190.0	6.392664670658682	10.651569325297892	0.3168838617143827	2578.911772154481	103.13119376267505	6.714519662116874	-4.793417960693281	80	380
1200.0	7.299850299401195	10.651569325297892	0.3168838617143827	2578.911772154481	103.13119376267505	6.688533824142151	9.139768016908393	80	380
1210.0	8.329790419161677	10.651569325297892	0.3168838617143827	2578.911772154481	103.13119376267505	6.662648553863886	25.02220928839119	80	380
1220.0	7.30284431137725	10.651569325297892	0.3168838617143827	2578.911772154481	103.13119376267505	6.636863462075407	10.03457210032138	80	380
1230.0	7.605239520958082	10.651569325297892	0.3168838617143827	2578.911772154481	103.13119376267505	6.611178161076307	15.03606975431957	80	380
1240.0	7.9824850299401175	10.651569325297892	0.3168838617143827	2578.911772154481	103.13119376267505	6.585592264666615	21.211346058701345	80	380
1250.0	9.443562874251493	10.651569325297892	0.3168838617143827	2578.911772154481	103.13119376267505	6.560105388140996	43.95443846562367	80	380
1260.0	7.961526946107786	10.651569325297892	0.3168838617143827	2578.911772154481	103.13119376267505	6.534717148282956	21.834300788362878	80	380
1270.0	6.147155688622759	10.651569325297892	0.3168838617143827	2578.911772154481	103.13119376267505	6.509427163359091	-5.565335714569807	80	380
1280.0	6.533383233532936	10.651569325297892	0.3168838617143827	2578.911772154481	103.13119376267505	6.4842350531133395	0.7579642011280628	80	380
1290.0	5.81182634730539	10.651569325297892	0.3168838617143827	2578.911772154481	103.13119376267505	6.459140438761269	-10.021675447267727	80	380
1300.0	7.102245508982032	10.651569325297892	0.3168838617143827	2578.911772154481	103.13119376267505	6.434142942984374	10.383707230597679	80	380
1310.0	7.754940119760477	10.651569325297892	0.3168838617143827	2578.911772154481	103.13119376267505	6.409242189924417	20.9962096915537	80	380
1320.0	6.491467065868262	10.651569325297892	0.3168838617143827	2578.911772154481	103.13119376267505	6.38443780517776	1.6764085414647079	80	380
1330.0	5.365718562874248	10.651569325297892	0.3168838617143827	2578.911772154481	103.13119376267505	6.359729415789748	-15.629766424458241	80	380
1340.0	6.129191616766467	10.651569325297892	0.3168838617143827	2578.911772154481	103.13119376267505	6.335116650249094	-3.250532623965656	80	380
1350.0	5.4435628742514925	10.651569325297892	0.3168838617143827	2578.911772154481	103.13119376267505	6.310599138482297	-13.739365236235349	80	380
1360.0	4.464520958083829	10.651569325297892	0.3168838617143827	2578.911772154481	103.13119376267505	6.286176511848073	-28.978752829018077	80	380
1370.0	5.332784431137723	10.651569325297892	0.3168838617143827	2578.911772154481	103.13119376267505	6.26184840313182	-14.83689658678789	80	380
1380.0	5.3477544910179615	10.651569325297892	0.3168838617143827	2578.911772154481	103.13119376267505	6.237614446540088	-14.266030116941883	80	380
1390.0	5.347754491017963	10.651569325297892	0.3168838617143827	2578.911772154481	103.13119376267505	6.213474277695088	-13.93294231191807	80	380
1400.0	5.946556886227549	10.651569325297892	0.3168838617143827	2578.911772154481	103.13119376267505	6.1894275336292	-3.923959785974618	80	380
1410.0	5.802844311377247	10.651569325297892	0.3168838617143827	2578.911772154481	103.13119376267505	6.16547385277953	-5.881616726649514	80	380
1420.0	6.808832335329342	10.651569325297892	0.3168838617143827	2578.911772154481	103.13119376267505	6.141612874982465	10.863912687573642	80	380
1430.0	6.359730538922157	10.651569325297892	0.3168838617143827	2578.911772154481	103.13119376267505	6.117844241468261	3.9537831939938943	80	380
1440.0	5.509431137724552	10.651569325297892	0.3168838617143827	2578.911772154481	103.13119376267505	6.094167594855648	-9.595017662866665	80	380
1450.0	5.0064371257485	10.651569325297892	0.3168838617143827	2578.911772154481	103.13119376267505	6.0705825791464525	-17.529544150399744	80	380
1460.0	4.608233532934131	10.651569325297892	0.3168838617143827	2578.911772154481	103.13119376267505	6.047088839720251	-23.79418171161984	80	380
1470.0	5.156137724550896	10.651569325297892	0.3168838617143827	2578.911772154481	103.13119376267505	6.023686023329035	-14.402282845059084	80	380
1480.0	4.587275449101795	10.651569325297892	0.3168838617143827	2578.911772154481	103.13119376267505	6.0003737780919	-23.550171726793092	80	380
1490.0	5.476497005988028	10.651569325297892	0.3168838617143827	2578.911772154481	103.13119376267505	5.977151753489753	-8.37614248641786	80	380
1500.0	6.575299401197607	10.651569325297892	0.3168838617143827	2578.911772154481	103.13119376267505	5.954019600360046	10.434628075460008	80	380
1510.0	5.659131736526948	10.651569325297892	0.3168838617143827	2578.911772154481	103.13119376267505	5.930976970891521	-4.583481535989007	80	380
1520.0	5.937574850299402	10.651569325297892	0.3168838617143827	2578.911772154481	103.13119376267505	5.908023518618984	0.5001898111489848	80	380
1530.0	5.5333832335329305	10.651569325297892	0.3168838617143827	2578.911772154481	103.13119376267505	5.885158898418099	-5.977335038136757	80	380
1540.0	5.236976047904189	10.651569325297892	0.3168838617143827	2578.911772154481	103.13119376267505	5.862382766500185	-10.668131773479555	80	380
1550.0	6.332784431137721	10.651569325297892	0.3168838617143827	2578.911772154481	103.13119376267505	5.839694780407065	8.44375723856384	80	380
1560.0	5.829790419161678	10.651569325297892	0.3168838617143827	2578.911772154481	103.13119376267505	5.817094599005905	0.21825019242324414	80	380
1570.0	5.39565868263473	10.651569325297892	0.3168838617143827	2578.911772154481	103.13119376267505	5.7945818824840885	-6.8844173391565455	80	380
1580.0	5.290868263473051	10.651569325297892	0.3168838617143827	2578.911772154481	103.13119376267505	5.772156292344103	-8.338097662210021	80	380
1590.0	5.147155688622753	10.651569325297892	0.3168838617143827	2578.911772154481	103.13119376267505	5.749817491398461	-10.481407517321548	80	380
1600.0	5.042365269461074	10.651569325297892	0.3168838617143827	2578.911772154481	103.13119376267505	5.727565143764616	-11.963196526005342	80	380
1610.0	5.090269461077842	10.651569325297892	0.3168838617143827	2578.911772154481	103.13119376267505	5.705398914859924	-10.781532772054803	80	380
1620.0	5.626197604790421	10.651569325297892	0.3168838617143827	2578.911772154481	103.13119376267505	5.683318471396605	-1.0050618647127771	80	380
1630.0	5.57829341317365	10.651569325297892	0.3168838617143827	2578.911772154481	103.13119376267505	5.661323481376736	-1.4666193952035806	80	380
1640.0	5.512425149700595	10.651569325297892	0.3168838617143827	2578.911772154481	103.13119376267505	5.639413614087261	-2.2518026354628176	80	380
1650.0	5.853742514970057	10.651569325297892	0.3168838617143827	2578.911772154481	103.13119376267505	5.617588540095011	4.203831825515868	80	380
1660.0	6.281886227544905	10.651569325297892	0.3168838617143827	2578.911772154481	103.13119376267505	5.595847931241757	12.25977375962952	80	380
1670.0	8.102245508982039	10.651569325297892	0.3168838617143827	2578.911772154481	103.13119376267505	5.5741914606392715	45.3528384554778	80	380
1680.0	6.503443113772451	10.651569325297892	0.3168838617143827	2578.911772154481	103.13119376267505	5.552618802664421	17.12388955373233	80	380
1690.0	5.671107784431134	10.651569325297892	0.3168838617143827	2578.911772154481	103.13119376267505	5.5311296329542605	2.530733516764629	80	380
1700.0	4.401646706586825	10.651569325297892	0.3168838617143827	2578.911772154481	103.13119376267505	5.5097236284011615	-20.111297708336846	80	380
1710.0	4.4824850299401175	10.651569325297892	0.3168838617143827	2578.911772154481	103.13119376267505	5.488400467147956	-18.328025500853474	80	380
1720.0	4.251946107784431	10.651569325297892	0.3168838617143827	2578.911772154481	103.13119376267505	5.467159828583091	-22.22751408227264	80	380
1730.0	4.329790419161672	10.651569325297892	0.3168838617143827	2578.911772154481	103.13119376267505	5.446001393335813	-20.495972981939207	80	380
1740.0	5.449550898203593	10.651569325297892	0.3168838617143827	2578.911772154481	103.13119376267505	5.424924843271362	0.453942785267799	80	380
1750.0	4.808832335329342	10.651569325297892	0.3168838617143827	2578.911772154481	103.13119376267505	5.403929861486194	-11.012310326196351	80	380
1760.0	4.55134730538922	10.651569325297892	0.3168838617143827	2578.911772154481	103.13119376267505	5.383016132303207	-15.449866886394492	80	380
1770.0	4.871706586826345	10.651569325297892	0.3168838617143827	2578.911772154481	103.13119376267505	5.362183341267005	-9.146959796506454	80	380
1780.0	5.272904191616764	10.651569325297892	0.3168838617143827	2578.911772154481	103.13119376267505	5.341431175139161	-1.2829330056960215	80	380
1790.0	4.916616766467059	10.651569325297892	0.3168838617143827	2578.911772154481	103.13119376267505	5.320759321893512	-7.595580460922435	80	380
1800.0	6.829790419161677	10.651569325297892	0.3168838617143827	2578.911772154481	103.13119376267505	5.300167470711466	28.85989842590544	80	380
1810.0	6.730988023952096	10.651569325297892	0.3168838617143827	2578.911772154481	103.13119376267505	5.279655311977332	27.48915651145439	80	380
1820.0	6.730988023952095	10.651569325297892	0.3168838617143827	2578.911772154481	103.13119376267505	5.259222537273657	27.984468735589786	80	380
1830.0	5.272904191616765	10.651569325297892	0.3168838617143827	2578.911772154481	103.13119376267505	5.238868839376595	0.6496698673643414	80	380
1840.0	5.596257485029933	10.651569325297892	0.3168838617143827	2578.911772154481	103.13119376267505	5.218593912251287	7.236883710994153	80	380
1850.0	6.769910179640714	10.651569325297892	0.3168838617143827	2578.911772154481	103.13119376267505	5.198397451047257	30.23071520391084	80	380
1860.0	6.49745508982036	10.651569325297892	0.3168838617143827	2578.911772154481	103.13119376267505	5.178279152093831	25.475180054615663	80	380
1870.0	5.389670658682632	10.651569325297892	0.3168838617143827	2578.911772154481	103.13119376267505	5.1582387128955665	4.486646676674477	80	380
1880.0	5.156137724550897	10.651569325297892	0.3168838617143827	2578.911772154481	103.13119376267505	5.138275832127713	0.3476242421923017	80	380
1890.0	5.476497005988025	10.651569325297892	0.3168838617143827	2578.911772154481	103.13119376267505	5.118390209631671	6.996473142717356	80	380
1900.0	5.853742514970063	10.651569325297892	0.3168838617143827	2578.911772154481	103.13119376267505	5.098581546410485	14.811197225848582	80	380
1910.0	5.248952095808383	10.651569325297892	0.3168838617143827	2578.911772154481	103.13119376267505	5.078849544624349	3.3492339099526314	80	380
1920.0	4.557335329341312	10.651569325297892	0.3168838617143827	2578.911772154481	103.13119376267505	5.059193907586122	-9.919734001345303	80	380
1930.0	4.266916167664669	10.651569325297892	0.3168838617143827	2578.911772154481	103.13119376267505	5.039614339756874	-15.332486178485672	80	380
1940.0	4.952544910179641	10.651569325297892	0.3168838617143827	2578.911772154481	103.13119376267505	5.020110546741435	-1.3458993767707266	80	380
1950.0	4.63817365269461	10.651569325297892	0.3168838617143827	2578.911772154481	103.13119376267505	5.000682235283979	-7.249182522168068	80	380
1960.0	3.898652694610776	10.651569325297892	0.3168838617143827	2578.911772154481	103.13119376267505	4.981329113263602	-21.734689558455862	80	380
1970.0	4.2938622754491	10.651569325297892	0.3168838617143827	2578.911772154481	103.13119376267505	4.96205088968994	-13.465976651492841	80	380
1980.0	5.135179640718563	10.651569325297892	0.3168838617143827	2578.911772154481	103.13119376267505	4.942847274698787	3.89112500004355	80	380
1990.0	4.374700598802394	10.651569325297892	0.3168838617143827	2578.911772154481	103.13119376267505	4.923717979547743	-11.150463593281957	80	380
2000.0	4.838772455089821	10.651569325297892	0.3168838617143827	2578.911772154481	103.13119376267505	4.904662716611865	-1.3434208492844413	80	380
2010.0	4.856736526946108	10.651569325297892	0.3168838617143827	2578.911772154481	103.13119376267505	4.885681199379348	-0.5924388279144538	80	380
2020.0	4.560329341317361	10.651569325297892	0.3168838617143827	2578.911772154481	103.13119376267505	4.866773142447216	-6.29665267232411	80	380
2030.0	4.859730538922154	10.651569325297892	0.3168838617143827	2578.911772154481	103.13119376267505	4.8479382615170294	0.24324314314667822	80	380
2040.0	4.171107784431136	10.651569325297892	0.3168838617143827	2578.911772154481	103.13119376267505	4.829176273390611	-13.626930385323014	80	380
2050.0	4.784880239520955	10.651569325297892	0.3168838617143827	2578.911772154481	103.13119376267505	4.810486895965786	-0.5323090364575199	80	380
2060.0	4.17709580838323	10.651569325297892	0.3168838617143827	2578.911772154481	103.13119376267505	4.791869848232145	-12.82952290692374	80	380
2070.0	3.9615269461077824	10.651569325297892	0.3168838617143827	2578.911772154481	103.13119376267505	4.773324850266816	-17.006969557365366	80	380
2080.0	4.500449101796405	10.651569325297892	0.3168838617143827	2578.911772154481	103.13119376267505	4.754851623230252	-5.350377710861487	80	380
2090.0	4.500449101796401	10.651569325297892	0.3168838617143827	2578.911772154481	103.13119376267505	4.736449889362046	-4.982651417799155	80	380
2100.0	4.455538922155684	10.651569325297892	0.3168838617143827	2578.911772154481	103.13119376267505	4.718119371976748	-5.5653625760437375	80	380
2110.0	4.35074850299401	10.651569325297892	0.3168838617143827	2578.911772154481	103.13119376267505	4.699859795459708	-7.428121426153095	80	380
2120.0	4.326796407185631	10.651569325297892	0.3168838617143827	2578.911772154481	103.13119376267505	4.681670885262932	-7.580081701052135	80	380
2130.0	4.323802395209579	10.651569325297892	0.3168838617143827	2578.911772154481	103.13119376267505	4.663552367900952	-7.2852183462087385	80	380
2140.0	5.832784431137726	10.651569325297892	0.3168838617143827	2578.911772154481	103.13119376267505	4.645503970946715	25.557624482001103	80	380
2150.0	4.85074850299401	10.651569325297892	0.3168838617143827	2578.911772154481	103.13119376267505	4.627525423027488	4.8238109909827775	80	380
2160.0	4.665119760479039	10.651569325297892	0.3168838617143827	2578.911772154481	103.13119376267505	4.609616453820778	1.2040764609006749	80	380
2170.0	5.374700598802395	10.651569325297892	0.3168838617143827	2578.911772154481	103.13119376267505	4.591776794050261	17.050563210446064	80	380
2180.0	5.0782934131736495	10.651569325297892	0.3168838617143827	2578.911772154481	103.13119376267505	4.5740061754817445	11.0250668308027	80	380
2190.0	4.686077844311373	10.651569325297892	0.3168838617143827	2578.911772154481	103.13119376267505	4.556304330919124	2.8482187309483384	80	380
2200.0	4.988473053892215	10.651569325297892	0.3168838617143827	2578.911772154481	103.13119376267505	4.538670994200371	9.910435461539576	80	380
2210.0	4.41661676646706	10.651569325297892	0.3168838617143827	2578.911772154481	103.13119376267505	4.521105900193529	-2.3111410356920934	80	380
2220.0	3.407634730538921	10.651569325297892	0.3168838617143827	2578.911772154481	103.13119376267505	4.503608784792729	-24.335463105822335	80	380
2230.0	3.802844311377244	10.651569325297892	0.3168838617143827	2578.911772154481	103.13119376267505	4.486179384914218	-15.232005118538975	80	380
2240.0	3.9315868263473037	10.651569325297892	0.3168838617143827	2578.911772154481	103.13119376267505	4.468817438492398	-12.021762346289425	80	380
2250.0	4.189071856287423	10.651569325297892	0.3168838617143827	2578.911772154481	103.13119376267505	4.451522684475896	-5.895754032743352	80	380
2260.0	3.075299401197603	10.651569325297892	0.3168838617143827	2578.911772154481	103.13119376267505	4.434294862823628	-30.647385969291562	80	380
2270.0	3.1441616766467066	10.651569325297892	0.3168838617143827	2578.911772154481	103.13119376267505	4.417133714500896	-28.818960894826027	80	380
2280.0	4.359730538922153	10.651569325297892	0.3168838617143827	2578.911772154481	103.13119376267505	4.400038981475493	-0.9160928510643176	80	380
2290.0	4.46452095808383	10.651569325297892	0.3168838617143827	2578.911772154481	103.13119376267505	4.383010406713819	1.85969331136324	80	380
2300.0	4.257934131736523	10.651569325297892	0.3168838617143827	2578.911772154481	103.13119376267505	4.366047734177019	-2.476235007560562	80	380
2310.0	4.374700598802392	10.651569325297892	0.3168838617143827	2578.911772154481	103.13119376267505	4.349150708817135	0.5874684897320267	80	380
2320.0	5.248952095808383	10.651569325297892	0.3168838617143827	2578.911772154481	103.13119376267505	4.332319076573265	21.15802190544439	80	380
2330.0	5.955538922155688	10.651569325297892	0.3168838617143827	2578.911772154481	103.13119376267505	4.3155525843677545	38.001769315208044	80	380
2340.0	4.551347305389223	10.651569325297892	0.3168838617143827	2578.911772154481	103.13119376267505	4.298850980102376	5.873577066419593	80	380
2350.0	4.446556886227543	10.651569325297892	0.3168838617143827	2578.911772154481	103.13119376267505	4.282214012654551	3.8378014991155416	80	380
2360.0	3.9764970059880236	10.651569325297892	0.3168838617143827	2578.911772154481	103.13119376267505	4.265641431873568	-6.778451271712848	80	380
2370.0	3.398652694610776	10.651569325297892	0.3168838617143827	2578.911772154481	103.13119376267505	4.2491329885768225	-20.015384226674936	80	380
2380.0	3.224999999999997	10.651569325297892	0.3168838617143827	2578.911772154481	103.13119376267505	4.232688434546073	-23.80729057025772	80	380
2390.0	3.4585329341317363	10.651569325297892	0.3168838617143827	2578.911772154481	103.13119376267505	4.216307522523705	-17.972469615745588	80	380
2400.0	4.488473053892215	10.651569325297892	0.3168838617143827	2578.911772154481	103.13119376267505	4.199990006209013	6.868660336256173	80	380
2410.0	3.9824850299401175	10.651569325297892	0.3168838617143827	2578.911772154481	103.13119376267505	4.183735640254502	-4.810308958769259	80	380
2420.0	4.793862275449099	10.651569325297892	0.3168838617143827	2578.911772154481	103.13119376267505	4.167544180262195	15.028469239826995	80	380
2430.0	4.641167664670654	10.651569325297892	0.3168838617143827	2578.911772154481	103.13119376267505	4.151415382779955	11.797236285296526	80	380
2440.0	3.8866766467065874	10.651569325297892	0.3168838617143827	2578.911772154481	103.13119376267505	4.135349005297834	-6.013334262057931	80	380
2450.0	4.066317365269457	10.651569325297892	0.3168838617143827	2578.911772154481	103.13119376267505	4.119344806244417	-1.2872785228994859	80	380
2460.0	3.4764970059880236	10.651569325297892	0.3168838617143827	2578.911772154481	103.13119376267505	4.103402544983194	-15.27770020422741	80	380
2470.0	4.365718562874253	10.651569325297892	0.3168838617143827	2578.911772154481	103.13119376267505	4.087521981808942	6.805995962918206	80	380
2480.0	4.473502994011973	10.651569325297892	0.3168838617143827	2578.911772154481	103.13119376267505	4.071702877944122	9.868109931212057	80	380
2490.0	4.922604790419157	10.651569325297892	0.3168838617143827	2578.911772154481	103.13119376267505	4.055944995535283	21.36764171698283	80	380
2500.0	3.7100299401197585	10.651569325297892	0.3168838617143827	2578.911772154481	103.13119376267505	4.040248097649494	-8.173214850886195	80	380
2510.0	2.590269461077844	10.651569325297892	0.3168838617143827	2578.911772154481	103.13119376267505	4.024611948270776	-35.63927418665083	80	380
2520.0	2.362724550898202	10.651569325297892	0.3168838617143827	2578.911772154481	103.13119376267505	4.009036312296551	-41.06502493750848	80	380
2530.0	3.8986526946107776	10.651569325297892	0.3168838617143827	2578.911772154481	103.13119376267505	3.9935209555341173	-2.3755543536556085	80	380
2540.0	4.724999999999996	10.651569325297892	0.3168838617143827	2578.911772154481	103.13119376267505	3.978065644697116	18.776320503875205	80	380
2550.0	4.075299401197603	10.651569325297892	0.3168838617143827	2578.911772154481	103.13119376267505	3.962670147402031	2.8422565998689833	80	380
2560.0	3.2639221556886193	10.651569325297892	0.3168838617143827	2578.911772154481	103.13119376267505	3.947334232164694	-17.313255890705143	80	380
2570.0	3.440568862275445	10.651569325297892	0.3168838617143827	2578.911772154481	103.13119376267505	3.932057668396799	-12.499531989868974	80	380
2580.0	3.626197604790416	10.651569325297892	0.3168838617143827	2578.911772154481	103.13119376267505	3.9168402264024427	-7.4203338612812795	80	380
2590.0	3.5303892215568835	10.651569325297892	0.3168838617143827	2578.911772154481	103.13119376267505	3.9016816773746656	-9.516215994012475	80	380
2600.0	3.090269461077842	10.651569325297892	0.3168838617143827	2578.911772154481	103.13119376267505	3.886581793392012	-20.48875785061477	80	380
2610.0	2.85074850299401	10.651569325297892	0.3168838617143827	2578.911772154481	103.13119376267505	3.8715403474151078	-26.366555758682587	80	380
2620.0	3.021407185628738	10.651569325297892	0.3168838617143827	2578.911772154481	103.13119376267505	3.8565571132832392	-21.655323728461656	80	380
2630.0	3.7699101796407173	10.651569325297892	0.3168838617143827	2578.911772154481	103.13119376267505	3.8416318657109576	-1.8669588491912157	80	380
2640.0	3.5573353293413152	10.651569325297892	0.3168838617143827	2578.911772154481	103.13119376267505	3.826764380284692	-7.040649075011318	80	380
2650.0	3.1441616766467058	10.651569325297892	0.3168838617143827	2578.911772154481	103.13119376267505	3.8119544334593716	-17.51838245890678	80	380
2660.0	3.048353293413172	10.651569325297892	0.3168838617143827	2578.911772154481	103.13119376267505	3.7972018025550667	-19.721061668042196	80	380
2670.0	2.9375748502993995	10.651569325297892	0.3168838617143827	2578.911772154481	103.13119376267505	3.782506265753643	-22.337872196119037	80	380
2680.0	4.165119760479038	10.651569325297892	0.3168838617143827	2578.911772154481	103.13119376267505	3.76786760209542	10.5431559793315	80	380
2690.0	5.102245508982033	10.651569325297892	0.3168838617143827	2578.911772154481	103.13119376267505	3.753285591475856	35.94077467938547	80	380
2700.0	5.13817365269461	10.651569325297892	0.3168838617143827	2578.911772154481	103.13119376267505	3.738760014642233	37.42988671569733	80	380
2710.0	4.733982035928141	10.651569325297892	0.3168838617143827	2578.911772154481	103.13119376267505	3.72429065319036	27.110971638930575	80	380
2720.0	4.362724550898203	10.651569325297892	0.3168838617143827	2578.911772154481	103.13119376267505	3.709877289561298	17.597543271144296	80	380
2730.0	3.108233532934131	10.651569325297892	0.3168838617143827	2578.911772154481	103.13119376267505	3.6955197070380743	-15.891842573196504	80	380
2740.0	3.647155688622753	10.651569325297892	0.3168838617143827	2578.911772154481	103.13119376267505	3.681217689742438	-0.9252916830916355	80	380
2750.0	3.596257485029939	10.651569325297892	0.3168838617143827	2578.911772154481	103.13119376267505	3.6669710226316035	-1.9283909571479771	80	380
2760.0	3.554341317365272	10.651569325297892	0.3168838617143827	2578.911772154481	103.13119376267505	3.652779491495023	-2.694884111098154	80	380
2770.0	3.4315868263473024	10.651569325297892	0.3168838617143827	2578.911772154481	103.13119376267505	3.6386428829511654	-5.690474807902218	80	380
2780.0	3.5094311377245493	10.651569325297892	0.3168838617143827	2578.911772154481	103.13119376267505	3.6245609844443054	-3.1763804558362834	80	380
2790.0	3.4375748502994012	10.651569325297892	0.3168838617143827	2578.911772154481	103.13119376267505	3.610533584241327	-4.790392608362048	80	380
2800.0	3.0663173652694597	10.651569325297892	0.3168838617143827	2578.911772154481	103.13119376267505	3.5965604714285466	-14.743061054343274	80	380
2810.0	3.1112275449101783	10.651569325297892	0.3168838617143827	2578.911772154481	103.13119376267505	3.5826414359085326	-13.158277193843906	80	380
2820.0	3.239970059880242	10.651569325297892	0.3168838617143827	2578.911772154481	103.13119376267505	3.5687762683969524	-9.213416134500516	80	380
2830.0	3.3387724550898215	10.651569325297892	0.3168838617143827	2578.911772154481	103.13119376267505	3.5549647604194243	-6.081419082874282	80	380
2840.0	2.6411676646706606	10.651569325297892	0.3168838617143827	2578.911772154481	103.13119376267505	3.5412067043083795	-25.416167843088456	80	380
2850.0	2.8417664670658658	10.651569325297892	0.3168838617143827	2578.911772154481	103.13119376267505	3.5275018931999487	-19.439689811534667	80	380
2860.0	3.3178143712574832	10.651569325297892	0.3168838617143827	2578.911772154481	103.13119376267505	3.513850121030839	-5.57894454860373	80	380
2870.0	3.3238023952095803	10.651569325297892	0.3168838617143827	2578.911772154481	103.13119376267505	3.500251182535247	-5.041032146666229	80	380
2880.0	2.9375748502994004	10.651569325297892	0.3168838617143827	2578.911772154481	103.13119376267505	3.4867048732417665	-15.74925446534315	80	380
2890.0	3.5962574850299394	10.651569325297892	0.3168838617143827	2578.911772154481	103.13119376267505	3.4732109894703127	3.542730226659568	80	380
2900.0	3.9615269461077824	10.651569325297892	0.3168838617143827	2578.911772154481	103.13119376267505	3.4597693283290676	14.502632116836644	80	380
2910.0	3.704041916167664	10.651569325297892	0.3168838617143827	2578.911772154481	103.13119376267505	3.44637968771142	7.476315780730052	80	380
2920.0	3.907634730538921	10.651569325297892	0.3168838617143827	2578.911772154481	103.13119376267505	3.433041866292931	13.824266721176498	80	380
2930.0	3.2040419161676628	10.651569325297892	0.3168838617143827	2578.911772154481	103.13119376267505	3.419755663528308	-6.307870169241399	80	380
2940.0	3.1172155688622714	10.651569325297892	0.3168838617143827	2578.911772154481	103.13119376267505	3.406520879648388	-8.492691546807071	80	380
2950.0	2.76092814371257	10.651569325297892	0.3168838617143827	2578.911772154481	103.13119376267505	3.393337315657133	-18.636790661116297	80	380
2960.0	3.057335329341317	10.651569325297892	0.3168838617143827	2578.911772154481	103.13119376267505	3.3802047733286407	-9.551771730958759	80	380
2970.0	3.3507485029940085	10.651569325297892	0.3168838617143827	2578.911772154481	103.13119376267505	3.367123055204158	-0.4863069136971788	80	380
2980.0	2.9405688622754464	10.651569325297892	0.3168838617143827	2578.911772154481	103.13119376267505	3.3540919645891214	-12.328913657688924	80	380
2990.0	2.871706586826348	10.651569325297892	0.3168838617143827	2578.911772154481	103.13119376267505	3.3411113055501906	-14.049358904747544	80	380
3000.0	3.781886227544908	10.651569325297892	0.3168838617143827	2578.911772154481	103.13119376267505	3.3281808829123083	13.632232159076253	80	380
3010.0	3.6291916167664677	10.651569325297892	0.3168838617143827	2578.911772154481	103.13119376267505	3.315300502255762	9.46795363790194	80	380
3020.0	3.4285928143712554	10.651569325297892	0.3168838617143827	2578.911772154481	103.13119376267505	3.302469969913262	3.8190459143313857	80	380
3030.0	3.0094311377245524	10.651569325297892	0.3168838617143827	2578.911772154481	103.13119376267505	3.289689092967033	-8.51928396034868	80	380
3040.0	3.5693113772455063	10.651569325297892	0.3168838617143827	2578.911772154481	103.13119376267505	3.276957679245905	8.921497517382576	80	380
3050.0	2.9645209580838294	10.651569325297892	0.3168838617143827	2578.911772154481	103.13119376267505	3.264275537322433	-9.182882260131791	80	380
3060.0	3.0244011976047895	10.651569325297892	0.3168838617143827	2578.911772154481	103.13119376267505	3.2516424765100127	-6.988507517256977	80	380
3070.0	3.704041916167662	10.651569325297892	0.3168838617143827	2578.911772154481	103.13119376267505	3.239058306860015	14.35551834071205	80	380
3080.0	3.6561377245508955	10.651569325297892	0.3168838617143827	2578.911772154481	103.13119376267505	3.226522839158934	13.31510442690529	80	380
3090.0	3.698053892215566	10.651569325297892	0.3168838617143827	2578.911772154481	103.13119376267505	3.2140358849255324	15.059508500206064	80	380
3100.0	3.2579341317365254	10.651569325297892	0.3168838617143827	2578.911772154481	103.13119376267505	3.201597256408017	1.7596490381714835	80	380
3110.0	2.80583832335329	10.651569325297892	0.3168838617143827	2578.911772154481	103.13119376267505	3.1892067665812127	-12.020808661424253	80	380
3120.0	2.587275449101796	10.651569325297892	0.3168838617143827	2578.911772154481	103.13119376267505	3.176864229143748	-18.55882837652342	80	380
3130.0	2.4944610778443126	10.651569325297892	0.3168838617143827	2578.911772154481	103.13119376267505	3.164569458515256	-21.175341210091283	80	380
3140.0	3.4735029940119735	10.651569325297892	0.3168838617143827	2578.911772154481	103.13119376267505	3.152322269833585	10.188702064251315	80	380
3150.0	4.362724550898203	10.651569325297892	0.3168838617143827	2578.911772154481	103.13119376267505	3.140122478952016	38.93485302376541	80	380
3160.0	3.946556886227545	10.651569325297892	0.3168838617143827	2578.911772154481	103.13119376267505	3.1279699024364973	26.16991241358871	80	380
3170.0	3.545359281437125	10.651569325297892	0.3168838617143827	2578.911772154481	103.13119376267505	3.115864357562882	13.78413417874771	80	380
3180.0	3.5782934131736526	10.651569325297892	0.3168838617143827	2578.911772154481	103.13119376267505	3.1038056623141856	15.287289298444371	80	380
3190.0	2.1741017964071863	10.651569325297892	0.3168838617143827	2578.911772154481	103.13119376267505	3.091793635377847	-29.68153593661531	80	380
3200.0	2.290868263473054	10.651569325297892	0.3168838617143827	2578.911772154481	103.13119376267505	3.079828096143	-25.61700874337739	80	380
3210.0	2.6531437125748463	10.651569325297892	0.3168838617143827	2578.911772154481	103.13119376267505	3.067908864697762	-13.519474352566096	80	380
3220.0	3.9585329341317346	10.651569325297892	0.3168838617143827	2578.911772154481	103.13119376267505	3.0560357618265255	29.531629949441633	80	380
3230.0	3.6381736526946082	10.651569325297892	0.3168838617143827	2578.911772154481	103.13119376267505	3.044208609007265	19.51131213314054	80	380
3240.0	2.617215568862273	10.651569325297892	0.3168838617143827	2578.911772154481	103.13119376267505	3.032427228408853	-13.692386602281164	80	380
3250.0	2.1172155688622736	10.651569325297892	0.3168838617143827	2578.911772154481	103.13119376267505	3.0206914428883844	-29.909571735741654	80	380
3260.0	2.632185628742515	10.651569325297892	0.3168838617143827	2578.911772154481	103.13119376267505	3.0090010759885146	-12.522941591910477	80	380
3270.0	2.4675149700598804	10.651569325297892	0.3168838617143827	2578.911772154481	103.13119376267505	2.997355951934808	-17.676945627125555	80	380
3280.0	2.829790419161674	10.651569325297892	0.3168838617143827	2578.911772154481	103.13119376267505	2.985755895633089	-5.223651293782172	80	380
3290.0	3.072305389221556	10.651569325297892	0.3168838617143827	2578.911772154481	103.13119376267505	2.974200732666818	3.2985216995347963	80	380
3300.0	4.730988023952094	10.651569325297892	0.3168838617143827	2578.911772154481	103.13119376267505	2.9626902892944598	59.685541247672546	80	380
3310.0	4.563323353293414	10.651569325297892	0.3168838617143827	2578.911772154481	103.13119376267505	2.951224392446877	54.624750492453614	80	380
3320.0	3.7549401197604797	10.651569325297892	0.3168838617143827	2578.911772154481	103.13119376267505	2.93980286972473	27.727615971477558	80	380
3330.0	2.7699101796407173	10.651569325297892	0.3168838617143827	2578.911772154481	103.13119376267505	2.928425549395875	-5.412989576868663	80	380
3340.0	3.1591317365269425	10.651569325297892	0.3168838617143827	2578.911772154481	103.13119376267505	2.917092260392794	8.297285602532073	80	380
3350.0	4.042365269461077	10.651569325297892	0.3168838617143827	2578.911772154481	103.13119376267505	2.9058028323100134	39.11354289126132	80	380
3360.0	3.2848802395209566	10.651569325297892	0.3168838617143827	2578.911772154481	103.13119376267505	2.894557095401545	13.484727758160329	80	380
3370.0	2.4525449101796415	10.651569325297892	0.3168838617143827	2578.911772154481	103.13119376267505	2.8833548805783367	-14.941274599964757	80	380
3380.0	3.874700598802393	10.651569325297892	0.3168838617143827	2578.911772154481	103.13119376267505	2.8721960194057248	34.903766059953405	80	380
3390.0	3.6172155688622754	10.651569325297892	0.3168838617143827	2578.911772154481	103.13119376267505	2.861080344100904	26.42831147053954	80	380
3400.0	2.9645209580838303	10.651569325297892	0.3168838617143827	2578.911772154481	103.13119376267505	2.850007687530407	4.017998655037016	80	380
3410.0	2.856736526946105	10.651569325297892	0.3168838617143827	2578.911772154481	103.13119376267505	2.838977883207586	0.6255294852263766	80	380
3420.0	4.314820359281433	10.651569325297892	0.3168838617143827	2578.911772154481	103.13119376267505	2.827990765290115	52.575475572275735	80	380
3430.0	3.27889221556886	10.651569325297892	0.3168838617143827	2578.911772154481	103.13119376267505	2.817046168577493	16.39469214750509	80	380
3440.0	2.8687125748502966	10.651569325297892	0.3168838617143827	2578.911772154481	103.13119376267505	2.80614392850856	2.2297019659640704	80	380
3450.0	3.2130239520958077	10.651569325297892	0.3168838617143827	2578.911772154481	103.13119376267505	2.7952838811590244	14.94445962188189	80	380
3460.0	2.733982035928143	10.651569325297892	0.3168838617143827	2578.911772154481	103.13119376267505	2.7844658632389963	-1.8130524772219234	80	380
3470.0	2.8148203592814363	10.651569325297892	0.3168838617143827	2578.911772154481	103.13119376267505	2.773689712090537	1.4828856671173631	80	380
3480.0	3.3627245508982013	10.651569325297892	0.3168838617143827	2578.911772154481	103.13119376267505	2.7629552656852048	21.707527901804646	80	380
3490.0	1.8507485029940112	10.651569325297892	0.3168838617143827	2578.911772154481	103.13119376267505	2.7522623626216265	-32.75537506420324	80	380
3500.0	1.7249999999999983	10.651569325297892	0.3168838617143827	2578.911772154481	103.13119376267505	2.741610842123068	-37.08078573747612	80	380
3510.0	2.6082335329341295	10.651569325297892	0.3168838617143827	2578.911772154481	103.13119376267505	2.7310005440350147	-4.4953125831128045	80	380
3520.0	3.0453592814371238	10.651569325297892	0.3168838617143827	2578.911772154481	103.13119376267505	2.7204313088227665	11.94398739496076	80	380
3530.0	2.9166167664670644	10.651569325297892	0.3168838617143827	2578.911772154481	103.13119376267505	2.709902977569039	7.628088186517331	80	380
3540.0	3.557335329341318	10.651569325297892	0.3168838617143827	2578.911772154481	103.13119376267505	2.6994153919715713	31.78169391496089	80	380
3550.0	2.8896706586826344	10.651569325297892	0.3168838617143827	2578.911772154481	103.13119376267505	2.6889683943407485	7.463913103786846	80	380
3560.0	3.072305389221554	10.651569325297892	0.3168838617143827	2578.911772154481	103.13119376267505	2.6785618275972296	14.699812323448485	80	380
3570.0	2.2160179640718547	10.651569325297892	0.3168838617143827	2578.911772154481	103.13119376267505	2.668195535269585	-16.94694280162806	80	380
3580.0	2.284880239520958	10.651569325297892	0.3168838617143827	2578.911772154481	103.13119376267505	2.6578693614919455	-14.03338807297952	80	380
3590.0	2.629191616766465	10.651569325297892	0.3168838617143827	2578.911772154481	103.13119376267505	2.647583151001658	-0.6946536968342144	80	380
3600.0	2.195059880239521	10.651569325297892	0.3168838617143827	2578.911772154481	103.13119376267505	2.637336749136949	-16.76982922420355	80	380
3610.0	2.730988023952093	10.651569325297892	0.3168838617143827	2578.911772154481	103.13119376267505	2.6271300018346033	3.953288266852523	80	380
3620.0	3.287874251497006	10.651569325297892	0.3168838617143827	2578.911772154481	103.13119376267505	2.6169627556276445	25.63702882001666	80	380
3630.0	3.458532934131735	10.651569325297892	0.3168838617143827	2578.911772154481	103.13119376267505	2.6068348576430274	32.67173116055274	80	380
3640.0	3.0573353293413157	10.651569325297892	0.3168838617143827	2578.911772154481	103.13119376267505	2.596746155599341	17.73716590467691	80	380
3650.0	2.467514970059879	10.651569325297892	0.3168838617143827	2578.911772154481	103.13119376267505	2.5866964978045166	-4.6074801526114095	80	380
3660.0	2.692065868263473	10.651569325297892	0.3168838617143827	2578.911772154481	103.13119376267505	2.576685733153551	4.477850504830895	80	380
3670.0	2.9196107784431122	10.651569325297892	0.3168838617143827	2578.911772154481	103.13119376267505	2.56671371112623	13.748984383694166	80	380
3680.0	2.6591317365269447	10.651569325297892	0.3168838617143827	2578.911772154481	103.13119376267505	2.5567802817848677	4.003138457819545	80	380
3690.0	2.7100299401197607	10.651569325297892	0.3168838617143827	2578.911772154481	103.13119376267505	2.546885295772051	6.405653392343094	80	380
3700.0	2.105239520958082	10.651569325297892	0.3168838617143827	2578.911772154481	103.13119376267505	2.5370286043083943	-17.019480293483717	80	380
3710.0	2.3118263473053893	10.651569325297892	0.3168838617143827	2578.911772154481	103.13119376267505	2.527210059190305	-8.522588421238025	80	380
3720.0	2.665119760479041	10.651569325297892	0.3168838617143827	2578.911772154481	103.13119376267505	2.517429512787749	5.866708360296559	80	380
3730.0	2.195059880239521	10.651569325297892	0.3168838617143827	2578.911772154481	103.13119376267505	2.507686818042036	-12.466745669884306	80	380
3740.0	2.2818862275449097	10.651569325297892	0.3168838617143827	2578.911772154481	103.13119376267505	2.4979818284636086	-8.650807562183477	80	380
3750.0	2.739970059880239	10.651569325297892	0.3168838617143827	2578.911772154481	103.13119376267505	2.488314398129836	10.113499401021908	80	380
3760.0	3.1471556886227523	10.651569325297892	0.3168838617143827	2578.911772154481	103.13119376267505	2.478684381682824	26.968794892962173	80	380
3770.0	2.760928143712572	10.651569325297892	0.3168838617143827	2578.911772154481	103.13119376267505	2.4690916343272256	11.81959006008562	80	380
3780.0	3.033383233532929	10.651569325297892	0.3168838617143827	2578.911772154481	103.13119376267505	2.4595360118280656	23.331523463986528	80	380
3790.0	3.976497005988024	10.651569325297892	0.3168838617143827	2578.911772154481	103.13119376267505	2.450017370508575	62.30484950245811	80	380
3800.0	3.4884730538922106	10.651569325297892	0.3168838617143827	2578.911772154481	103.13119376267505
3810.0	2.3806886227544903	10.651569325297892	0.3168838617143827	2578.911772154481	103.13119376267505
3820.0	2.2249999999999988	10.651569325297892	0.3168838617143827	2578.911772154481	103.13119376267505
3830.0	2.2519461077844314	10.651569325297892	0.3168838617143827	2578.911772154481	103.13119376267505
3840.0	2.3747005988023946	10.651569325297892	0.3168838617143827	2578.911772154481	103.13119376267505
3850.0	2.814820359281435	10.651569325297892	0.3168838617143827	2578.911772154481	103.13119376267505
3860.0	2.766916167664669	10.651569325297892	0.3168838617143827	2578.911772154481	103.13119376267505
3870.0	2.4136227544910187	10.651569325297892	0.3168838617143827	2578.911772154481	103.13119376267505
3880.0	2.488473053892214	10.651569325297892	0.3168838617143827	2578.911772154481	103.13119376267505
3890.0	2.204041916167664	10.651569325297892	0.3168838617143827	2578.911772154481	103.13119376267505
3900.0	3.3148203592814327	10.651569325297892	0.3168838617143827	2578.911772154481	103.13119376267505
3910.0	4.09026946107784	10.651569325297892	0.3168838617143827	2578.911772154481	103.13119376267505
3920.0	2.7249999999999983	10.651569325297892	0.3168838617143827	2578.911772154481	103.13119376267505
3930.0	2.0363772455089806	10.651569325297892	0.3168838617143827	2578.911772154481	103.13119376267505
3940.0	2.105239520958083	10.651569325297892	0.3168838617143827	2578.911772154481	103.13119376267505
3950.0	2.8477544910179633	10.651569325297892	0.3168838617143827	2578.911772154481	103.13119376267505
3960.0	2.557335329341315	10.651569325297892	0.3168838617143827	2578.911772154481	103.13119376267505
3970.0	1.994461077844311	10.651569325297892	0.3168838617143827	2578.911772154481	103.13119376267505
3980.0	2.1501497005987997	10.651569325297892	0.3168838617143827	2578.911772154481	103.13119376267505
3990.0	3.096257485029939	10.651569325297892	0.3168838617143827	2578.911772154481	103.13119376267505
4000.0	4.021407185628742	10.651569325297892	0.3168838617143827	2578.911772154481	103.13119376267505
4010.0	3.587275449101796	10.651569325297892	0.3168838617143827	2578.911772154481	103.13119376267505
4020.0	3.126197604790417	10.651569325297892	0.3168838617143827	2578.911772154481	103.13119376267505
4030.0	3.093263473053892	10.651569325297892	0.3168838617143827	2578.911772154481	103.13119376267505
4040.0	2.916616766467063	10.651569325297892	0.3168838617143827	2578.911772154481	103.13119376267505
4050.0	2.928592814371253	10.651569325297892	0.3168838617143827	2578.911772154481	103.13119376267505
4060.0	2.943562874251495	10.651569325297892	0.3168838617143827	2578.911772154481	103.13119376267505
4070.0	2.742964071856286	10.651569325297892	0.3168838617143827	2578.911772154481	103.13119376267505
4080.0	2.7309880239520967	10.651569325297892	0.3168838617143827	2578.911772154481	103.13119376267505
4090.0	2.784880239520955	10.651569325297892	0.3168838617143827	2578.911772154481	103.13119376267505
4100.0	3.2758982035928126	10.651569325297892	0.3168838617143827	2578.911772154481	103.13119376267505
4110.0	3.5723053892215546	10.651569325297892	0.3168838617143827	2578.911772154481	103.13119376267505
4120.0	3.159131736526942	10.651569325297892	0.3168838617143827	2578.911772154481	103.13119376267505
4130.0	2.6800898203592816	10.651569325297892	0.3168838617143827	2578.911772154481	103.13119376267505
4140.0	2.6441616766467066	10.651569325297892	0.3168838617143827	2578.911772154481	103.13119376267505
4150.0	2.638173652694612	10.651569325297892	0.3168838617143827	2578.911772154481	103.13119376267505
4160.0	2.6411676646706583	10.651569325297892	0.3168838617143827	2578.911772154481	103.13119376267505
4170.0	2.2190119760479043	10.651569325297892	0.3168838617143827	2578.911772154481	103.13119376267505
4180.0	2.25494011976048	10.651569325297892	0.3168838617143827	2578.911772154481	103.13119376267505
4190.0	2.6830838323353263	10.651569325297892	0.3168838617143827	2578.911772154481	103.13119376267505
4200.0	2.174101796407186	10.651569325297892	0.3168838617143827	2578.911772154481	103.13119376267505
4210.0	2.0932634730538897	10.651569325297892	0.3168838617143827	2578.911772154481	103.13119376267505
4220.0	2.2160179640718547	10.651569325297892	0.3168838617143827	2578.911772154481	103.13119376267505
4230.0	2.287874251497007	10.651569325297892	0.3168838617143827	2578.911772154481	103.13119376267505
4240.0	2.072305389221556	10.651569325297892	0.3168838617143827	2578.911772154481	103.13119376267505
4250.0	2.434580838323353	10.651569325297892	0.3168838617143827	2578.911772154481	103.13119376267505
4260.0	2.5034431137724544	10.651569325297892	0.3168838617143827	2578.911772154481	103.13119376267505
4270.0	1.5363772455089815	10.651569325297892	0.3168838617143827	2578.911772154481	103.13119376267505
4280.0	1.3776946107784422	10.651569325297892	0.3168838617143827	2578.911772154481	103.13119376267505
4290.0	1.8597305389221548	10.651569325297892	0.3168838617143827	2578.911772154481	103.13119376267505
4300.0	2.069311377245508	10.651569325297892	0.3168838617143827	2578.911772154481	103.13119376267505
4310.0	1.9884730538922146	10.651569325297892	0.3168838617143827	2578.911772154481	103.13119376267505
4320.0	2.024401197604789	10.651569325297892	0.3168838617143827	2578.911772154481	103.13119376267505
4330.0	2.326796407185628	10.651569325297892	0.3168838617143827	2578.911772154481	103.13119376267505
4340.0	2.204041916167664	10.651569325297892	0.3168838617143827	2578.911772154481	103.13119376267505
4350.0	2.0423652694610763	10.651569325297892	0.3168838617143827	2578.911772154481	103.13119376267505
4360.0	2.8238023952095817	10.651569325297892	0.3168838617143827	2578.911772154481	103.13119376267505
4370.0	2.3118263473053897	10.651569325297892	0.3168838617143827	2578.911772154481	103.13119376267505
4380.0	3.207035928143711	10.651569325297892	0.3168838617143827	2578.911772154481	103.13119376267505
4390.0	2.401646706586824	10.651569325297892	0.3168838617143827	2578.911772154481	103.13119376267505
4400.0	2.3836826347305373	10.651569325297892	0.3168838617143827	2578.911772154481	103.13119376267505
4410.0	2.296856287425149	10.651569325297892	0.3168838617143827	2578.911772154481	103.13119376267505
4420.0	2.0812874251496987	10.651569325297892	0.3168838617143827	2578.911772154481	103.13119376267505
4430.0	2.5184131736526933	10.651569325297892	0.3168838617143827	2578.911772154481	103.13119376267505
4440.0	1.7938622754491005	10.651569325297892	0.3168838617143827	2578.911772154481	103.13119376267505
4450.0	1.542365269461077	10.651569325297892	0.3168838617143827	2578.911772154481	103.13119376267505
4460.0	2.2699101796407177	10.651569325297892	0.3168838617143827	2578.911772154481	103.13119376267505
4470.0	2.2010479041916162	10.651569325297892	0.3168838617143827	2578.911772154481	103.13119376267505
4480.0	2.296856287425151	10.651569325297892	0.3168838617143827	2578.911772154481	103.13119376267505
4490.0	2.0124251497005976	10.651569325297892	0.3168838617143827	2578.911772154481	103.13119376267505
4500.0	1.689071856287425	10.651569325297892	0.3168838617143827	2578.911772154481	103.13119376267505
4510.0	1.6052395209580832	10.651569325297892	0.3168838617143827	2578.911772154481	103.13119376267505
4520.0	2.192065868263472	10.651569325297892	0.3168838617143827	2578.911772154481	103.13119376267505
4530.0	2.263922155688624	10.651569325297892	0.3168838617143827	2578.911772154481	103.13119376267505
4540.0	1.7878742514970052	10.651569325297892	0.3168838617143827	2578.911772154481	103.13119376267505
4550.0	2.287874251497005	10.651569325297892	0.3168838617143827	2578.911772154481	103.13119376267505
4560.0	2.039371257485028	10.651569325297892	0.3168838617143827	2578.911772154481	103.13119376267505
4570.0	2.3058383233532926	10.651569325297892	0.3168838617143827	2578.911772154481	103.13119376267505
4580.0	2.7249999999999983	10.651569325297892	0.3168838617143827	2578.911772154481	103.13119376267505
4590.0	2.814820359281433	10.651569325297892	0.3168838617143827	2578.911772154481	103.13119376267505
4600.0	2.3717065868263476	10.651569325297892	0.3168838617143827	2578.911772154481	103.13119376267505
4610.0	2.9375748502994004	10.651569325297892	0.3168838617143827	2578.911772154481	103.13119376267505
4620.0	2.46751497005988	10.651569325297892	0.3168838617143827	2578.911772154481	103.13119376267505
4630.0	2.4435628742514948	10.651569325297892	0.3168838617143827	2578.911772154481	103.13119376267505
4640.0	1.823802395209579	10.651569325297892	0.3168838617143827	2578.911772154481	103.13119376267505
4650.0	2.5723053892215537	10.651569325297892	0.3168838617143827	2578.911772154481	103.13119376267505
4660.0	2.7040419161676614	10.651569325297892	0.3168838617143827	2578.911772154481	103.13119376267505
4670.0	2.859730538922152	10.651569325297892	0.3168838617143827	2578.911772154481	103.13119376267505
4680.0	2.521407185628739	10.651569325297892	0.3168838617143827	2578.911772154481	103.13119376267505
4690.0	2.2489520958083813	10.651569325297892	0.3168838617143827	2578.911772154481	103.13119376267505
4700.0	2.2489520958083826	10.651569325297892	0.3168838617143827	2578.911772154481	103.13119376267505
4710.0	2.572305389221556	10.651569325297892	0.3168838617143827	2578.911772154481	103.13119376267505
4720.0	2.2339820359281437	10.651569325297892	0.3168838617143827	2578.911772154481	103.13119376267505
4730.0	1.8267964071856273	10.651569325297892	0.3168838617143827	2578.911772154481	103.13119376267505
4740.0	2.311826347305389	10.651569325297892	0.3168838617143827	2578.911772154481	103.13119376267505
4750.0	2.4645209580838316	10.651569325297892	0.3168838617143827	2578.911772154481	103.13119376267505
4760.0	2.6411676646706588	10.651569325297892	0.3168838617143827	2578.911772154481	103.13119376267505
4770.0	2.0872754491017957	10.651569325297892	0.3168838617143827	2578.911772154481	103.13119376267505
4780.0	2.0723053892215555	10.651569325297892	0.3168838617143827	2578.911772154481	103.13119376267505
4790.0	2.3507485029940107	10.651569325297892	0.3168838617143827	2578.911772154481	103.13119376267505
4800.0	2.0423652694610777	10.651569325297892	0.3168838617143827	2578.911772154481	103.13119376267505
4810.0	2.1142215568862257	10.651569325297892	0.3168838617143827	2578.911772154481	103.13119376267505
4820.0	2.126197604790418	10.651569325297892	0.3168838617143827	2578.911772154481	103.13119376267505
4830.0	2.1920658682634735	10.651569325297892	0.3168838617143827	2578.911772154481	103.13119376267505
4840.0	1.9675149700598795	10.651569325297892	0.3168838617143827	2578.911772154481	103.13119376267505
4850.0	1.686077844311376	10.651569325297892	0.3168838617143827	2578.911772154481	103.13119376267505
4860.0	2.174101796407186	10.651569325297892	0.3168838617143827	2578.911772154481	103.13119376267505
4870.0	2.1920658682634735	10.651569325297892	0.3168838617143827	2578.911772154481	103.13119376267505
4880.0	2.3776946107784425	10.651569325297892	0.3168838617143827	2578.911772154481	103.13119376267505
4890.0	2.3387724550898197	10.651569325297892	0.3168838617143827	2578.911772154481	103.13119376267505
4900.0	2.2249999999999988	10.651569325297892	0.3168838617143827	2578.911772154481	103.13119376267505
4910.0	2.302844311377246	10.651569325297892	0.3168838617143827	2578.911772154481	103.13119376267505
4920.0	2.5064371257485005	10.651569325297892	0.3168838617143827	2578.911772154481	103.13119376267505
4930.0	3.1411676646706543	10.651569325297892	0.3168838617143827	2578.911772154481	103.13119376267505
4940.0	2.826796407185626	10.651569325297892	0.3168838617143827	2578.911772154481	103.13119376267505
4950.0	2.970508982035924	10.651569325297892	0.3168838617143827	2578.911772154481	103.13119376267505
4960.0	2.2788922155688627	10.651569325297892	0.3168838617143827	2578.911772154481	103.13119376267505
4970.0	2.1980538922155692	10.651569325297892	0.3168838617143827	2578.911772154481	103.13119376267505
4980.0	2.2579341317365267	10.651569325297892	0.3168838617143827	2578.911772154481	103.13119376267505
4990.0	2.47949101796407	10.651569325297892	0.3168838617143827	2578.911772154481	103.13119376267505
5000.0	2.0064371257485027	10.651569325297892	0.3168838617143827	2578.911772154481	103.13119376267505
5010.0	2.2549401197604797	10.651569325297892	0.3168838617143827	2578.911772154481	103.13119376267505
5020.0	1.9315868263473046	10.651569325297892	0.3168838617143827	2578.911772154481	103.13119376267505
5030.0	1.9495508982035907	10.651569325297892	0.3168838617143827	2578.911772154481	103.13119376267505
5040.0	2.5004491017964057	10.651569325297892	0.3168838617143827	2578.911772154481	103.13119376267505
5050.0	2.039371257485028	10.651569325297892	0.3168838617143827	2578.911772154481	103.13119376267505
5060.0	2.8208083832335284	10.651569325297892	0.3168838617143827	2578.911772154481	103.13119376267505
5070.0	2.245958083832334	10.651569325297892	0.3168838617143827	2578.911772154481	103.13119376267505
5080.0	1.880688622754491	10.651569325297892	0.3168838617143827	2578.911772154481	103.13119376267505
5090.0	1.9884730538922146	10.651569325297892	0.3168838617143827	2578.911772154481	103.13119376267505
5100.0	1.8806886227544897	10.651569325297892	0.3168838617143827	2578.911772154481	103.13119376267505
5110.0	1.497455089820358	10.651569325297892	0.3168838617143827	2578.911772154481	103.13119376267505
5120.0	2.0094311377245497	10.651569325297892	0.3168838617143827	2578.911772154481	103.13119376267505
5130.0	1.8896706586826342	10.651569325297892	0.3168838617143827	2578.911772154481	103.13119376267505
5140.0	1.4705089820359278	10.651569325297892	0.3168838617143827	2578.911772154481	103.13119376267505
5150.0	1.9226047904191605	10.651569325297892	0.3168838617143827	2578.911772154481	103.13119376267505
5160.0	2.2699101796407173	10.651569325297892	0.3168838617143827	2578.911772154481	103.13119376267505
5170.0	2.5184131736526916	10.651569325297892	0.3168838617143827	2578.911772154481	103.13119376267505
5180.0	2.6471556886227536	10.651569325297892	0.3168838617143827	2578.911772154481	103.13119376267505
5190.0	2.302844311377244	10.651569325297892	0.3168838617143827	2578.911772154481	103.13119376267505
5200.0	1.6651197604790402	10.651569325297892	0.3168838617143827	2578.911772154481	103.13119376267505
5210.0	2.0184131736526947	10.651569325297892	0.3168838617143827	2578.911772154481	103.13119376267505
5220.0	1.8387724550898181	10.651569325297892	0.3168838617143827	2578.911772154481	103.13119376267505
5230.0	1.3717065868263472	10.651569325297892	0.3168838617143827	2578.911772154481	103.13119376267505
5240.0	1.979491017964072	10.651569325297892	0.3168838617143827	2578.911772154481	103.13119376267505
5250.0	2.3208083832335333	10.651569325297892	0.3168838617143827	2578.911772154481	103.13119376267505
5260.0	2.8717065868263467	10.651569325297892	0.3168838617143827	2578.911772154481	103.13119376267505
5270.0	2.7758982035928144	10.651569325297892	0.3168838617143827	2578.911772154481	103.13119376267505
5280.0	2.018413173652694	10.651569325297892	0.3168838617143827	2578.911772154481	103.13119376267505
5290.0	1.7220059880239502	10.651569325297892	0.3168838617143827	2578.911772154481	103.13119376267505
5300.0	1.8776946107784411	10.651569325297892	0.3168838617143827	2578.911772154481	103.13119376267505
5310.0	2.06931137724551	10.651569325297892	0.3168838617143827	2578.911772154481	103.13119376267505
5320.0	2.0693113772455076	10.651569325297892	0.3168838617143827	2578.911772154481	103.13119376267505
5330.0	2.4854790419161645	10.651569325297892	0.3168838617143827	2578.911772154481	103.13119376267505
5340.0	2.8447604790419136	10.651569325297892	0.3168838617143827	2578.911772154481	103.13119376267505
5350.0	2.048353293413174	10.651569325297892	0.3168838617143827	2578.911772154481	103.13119376267505
5360.0	1.7459580838323343	10.651569325297892	0.3168838617143827	2578.911772154481	103.13119376267505
5370.0	2.5393712574850276	10.651569325297892	0.3168838617143827	2578.911772154481	103.13119376267505
5380.0	2.4914670658682634	10.651569325297892	0.3168838617143827	2578.911772154481	103.13119376267505
5390.0	2.473502994011973	10.651569325297892	0.3168838617143827	2578.911772154481	103.13119376267505
5400.0	2.5034431137724558	10.651569325297892	0.3168838617143827	2578.911772154481	103.13119376267505
5410.0	2.8926646706586827	10.651569325297892	0.3168838617143827	2578.911772154481	103.13119376267505
5420.0	2.3238023952095808	10.651569325297892	0.3168838617143827	2578.911772154481	103.13119376267505
5430.0	2.817814371257486	10.651569325297892	0.3168838617143827	2578.911772154481	103.13119376267505
5440.0	2.4705089820359274	10.651569325297892	0.3168838617143827	2578.911772154481	103.13119376267505
5450.0	2.0184131736526925	10.651569325297892	0.3168838617143827	2578.911772154481	103.13119376267505
5460.0	1.9555389221556874	10.651569325297892	0.3168838617143827	2578.911772154481	103.13119376267505
5470.0	2.129191616766466	10.651569325297892	0.3168838617143827	2578.911772154481	103.13119376267505
5480.0	2.012425149700597	10.651569325297892	0.3168838617143827	2578.911772154481	103.13119376267505
5490.0	1.8387724550898188	10.651569325297892	0.3168838617143827	2578.911772154481	103.13119376267505
5500.0	1.9495508982035925	10.651569325297892	0.3168838617143827	2578.911772154481	103.13119376267505
5510.0	1.5244011976047893	10.651569325297892	0.3168838617143827	2578.911772154481	103.13119376267505
5520.0	2.2669161676646703	10.651569325297892	0.3168838617143827	2578.911772154481	103.13119376267505
5530.0	2.1621257485029943	10.651569325297892	0.3168838617143827	2578.911772154481	103.13119376267505
5540.0	2.386676646706585	10.651569325297892	0.3168838617143827	2578.911772154481	103.13119376267505
5550.0	1.967514970059879	10.651569325297892	0.3168838617143827	2578.911772154481	103.13119376267505
5560.0	2.3088323353293387	10.651569325297892	0.3168838617143827	2578.911772154481	103.13119376267505
5570.0	2.787874251497002	10.651569325297892	0.3168838617143827	2578.911772154481	103.13119376267505
5580.0	2.4705089820359265	10.651569325297892	0.3168838617143827	2578.911772154481	103.13119376267505
5590.0	2.727994011976045	10.651569325297892	0.3168838617143827	2578.911772154481	103.13119376267505
5600.0	2.8178143712574837	10.651569325297892	0.3168838617143827	2578.911772154481	103.13119376267505
5610.0	3.0094311377245493	10.651569325297892	0.3168838617143827	2578.911772154481	103.13119376267505
5620.0	2.635179640718561	10.651569325297892	0.3168838617143827	2578.911772154481	103.13119376267505
5630.0	2.2160179640718543	10.651569325297892	0.3168838617143827	2578.911772154481	103.13119376267505
5640.0	2.1112275449101805	10.651569325297892	0.3168838617143827	2578.911772154481	103.13119376267505
5650.0	1.7968562874251486	10.651569325297892	0.3168838617143827	2578.911772154481	103.13119376267505
5660.0	1.9555389221556885	10.651569325297892	0.3168838617143827	2578.911772154481	103.13119376267505
5670.0	2.0842814371257465	10.651569325297892	0.3168838617143827	2578.911772154481	103.13119376267505
5680.0	2.6052395209580834	10.651569325297892	0.3168838617143827	2578.911772154481	103.13119376267505
5690.0	1.8896706586826342	10.651569325297892	0.3168838617143827	2578.911772154481	103.13119376267505
5700.0	1.9495508982035905	10.651569325297892	0.3168838617143827	2578.911772154481	103.13119376267505
5710.0	2.4166167664670644	10.651569325297892	0.3168838617143827	2578.911772154481	103.13119376267505
5720.0	2.332784431137724	10.651569325297892	0.3168838617143827	2578.911772154481	103.13119376267505
5730.0	1.6291916167664675	10.651569325297892	0.3168838617143827	2578.911772154481	103.13119376267505
5740.0	2.2699101796407164	10.651569325297892	0.3168838617143827	2578.911772154481	103.13119376267505
5750.0	2.766916167664668	10.651569325297892	0.3168838617143827	2578.911772154481	103.13119376267505
5760.0	2.341766467065868	10.651569325297892	0.3168838617143827	2578.911772154481	103.13119376267505
5770.0	1.7160179640718556	10.651569325297892	0.3168838617143827	2578.911772154481	103.13119376267505
5780.0	1.5124251497005978	10.651569325297892	0.3168838617143827	2578.911772154481	103.13119376267505
5790.0	1.326796407185627	10.651569325297892	0.3168838617143827	2578.911772154481	103.13119376267505
5800.0	1.233982035928142	10.651569325297892	0.3168838617143827	2578.911772154481	103.13119376267505
5810.0	2.988473053892214	10.651569325297892	0.3168838617143827	2578.911772154481	103.13119376267505
5820.0	3.557335329341316	10.651569325297892	0.3168838617143827	2578.911772154481	103.13119376267505
5830.0	3.2130239520958073	10.651569325297892	0.3168838617143827	2578.911772154481	103.13119376267505
5840.0	1.805838323353293	10.651569325297892	0.3168838617143827	2578.911772154481	103.13119376267505
5850.0	0.9824850299401191	10.651569325297892	0.3168838617143827	2578.911772154481	103.13119376267505
5860.0	1.3507485029940103	10.651569325297892	0.3168838617143827	2578.911772154481	103.13119376267505
5870.0	1.811826347305388	10.651569325297892	0.3168838617143827	2578.911772154481	103.13119376267505
5880.0	1.2848802395209573	10.651569325297892	0.3168838617143827	2578.911772154481	103.13119376267505
5890.0	1.937574850299401	10.651569325297892	0.3168838617143827	2578.911772154481	103.13119376267505
5900.0	1.9465568862275437	10.651569325297892	0.3168838617143827	2578.911772154481	103.13119376267505
5910.0	1.458532934131735	10.651569325297892	0.3168838617143827	2578.911772154481	103.13119376267505
5920.0	2.0333832335329336	10.651569325297892	0.3168838617143827	2578.911772154481	103.13119376267505
5930.0	2.0872754491017944	10.651569325297892	0.3168838617143827	2578.911772154481	103.13119376267505
5940.0	2.165119760479042	10.651569325297892	0.3168838617143827	2578.911772154481	103.13119376267505
5950.0	1.7040419161676623	10.651569325297892	0.3168838617143827	2578.911772154481	103.13119376267505
5960.0	2.147155688622754	10.651569325297892	0.3168838617143827	2578.911772154481	103.13119376267505
5970.0	2.7220059880239473	10.651569325297892	0.3168838617143827	2578.911772154481	103.13119376267505
5980.0	2.0244011976047886	10.651569325297892	0.3168838617143827	2578.911772154481	103.13119376267505
5990.0	1.8417664670658664	10.651569325297892	0.3168838617143827	2578.911772154481	103.13119376267505
6000.0	1.6920658682634708	10.651569325297892	0.3168838617143827	2578.911772154481	103.13119376267505
6010.0	1.7519461077844298	10.651569325297892	0.3168838617143827	2578.911772154481	103.13119376267505
6020.0	2.536377245508981	10.651569325297892	0.3168838617143827	2578.911772154481	103.13119376267505
6030.0	2.5693113772455076	10.651569325297892	0.3168838617143827	2578.911772154481	103.13119376267505
6040.0	2.3986526946107776	10.651569325297892	0.3168838617143827	2578.911772154481	103.13119376267505
6050.0	1.8447604790419143	10.651569325297892	0.3168838617143827	2578.911772154481	103.13119376267505
6060.0	1.7669161676646705	10.651569325297892	0.3168838617143827	2578.911772154481	103.13119376267505
6070.0	1.958532934131735	10.651569325297892	0.3168838617143827	2578.911772154481	103.13119376267505
6080.0	1.4854790419161659	10.651569325297892	0.3168838617143827	2578.911772154481	103.13119376267505
6090.0	1.159131736526945	10.651569325297892	0.3168838617143827	2578.911772154481	103.13119376267505
6100.0	1.6860778443113773	10.651569325297892	0.3168838617143827	2578.911772154481	103.13119376267505
6110.0	1.5513473053892204	10.651569325297892	0.3168838617143827	2578.911772154481	103.13119376267505
6120.0	3.248952095808384	10.651569325297892	0.3168838617143827	2578.911772154481	103.13119376267505
6130.0	2.707035928143713	10.651569325297892	0.3168838617143827	2578.911772154481	103.13119376267505
6140.0	1.7369760479041902	10.651569325297892	0.3168838617143827	2578.911772154481	103.13119376267505
6150.0	1.3118263473053886	10.651569325297892	0.3168838617143827	2578.911772154481	103.13119376267505
6160.0	1.2489520958083828	10.651569325297892	0.3168838617143827	2578.911772154481	103.13119376267505
6170.0	1.539371257485028	10.651569325297892	0.3168838617143827	2578.911772154481	103.13119376267505
6180.0	1.6681137724550863	10.651569325297892	0.3168838617143827	2578.911772154481	103.13119376267505
6190.0	1.458532934131736	10.651569325297892	0.3168838617143827	2578.911772154481	103.13119376267505
6200.0	1.5244011976047882	10.651569325297892	0.3168838617143827	2578.911772154481	103.13119376267505
6210.0	1.4555389221556878	10.651569325297892	0.3168838617143827	2578.911772154481	103.13119376267505
6220.0	1.8657185628742503	10.651569325297892	0.3168838617143827	2578.911772154481	103.13119376267505
6230.0	1.5004491017964068	10.651569325297892	0.3168838617143827	2578.911772154481	103.13119376267505
6240.0	1.4585329341317352	10.651569325297892	0.3168838617143827	2578.911772154481	103.13119376267505
6250.0	1.6471556886227525	10.651569325297892	0.3168838617143827	2578.911772154481	103.13119376267505
6260.0	2.2818862275449088	10.651569325297892	0.3168838617143827	2578.911772154481	103.13119376267505
6270.0	2.2938622754491003	10.651569325297892	0.3168838617143827	2578.911772154481	103.13119376267505
6280.0	1.7998502994011976	10.651569325297892	0.3168838617143827	2578.911772154481	103.13119376267505
6290.0	1.8387724550898203	10.651569325297892	0.3168838617143827	2578.911772154481	103.13119376267505
6300.0	1.689071856287424	10.651569325297892	0.3168838617143827	2578.911772154481	103.13119376267505
6310.0	1.6621257485029923	10.651569325297892	0.3168838617143827	2578.911772154481	103.13119376267505
6320.0	1.5363772455089806	10.651569325297892	0.3168838617143827	2578.911772154481	103.13119376267505
6330.0	1.3238023952095797	10.651569325297892	0.3168838617143827	2578.911772154481	103.13119376267505
6340.0	1.3208083832335316	10.651569325297892	0.3168838617143827	2578.911772154481	103.13119376267505
6350.0	1.5214071856287412	10.651569325297892	0.3168838617143827	2578.911772154481	103.13119376267505
6360.0	1.4405688622754482	10.651569325297892	0.3168838617143827	2578.911772154481	103.13119376267505
6370.0	0.9675149700598789	10.651569325297892	0.3168838617143827	2578.911772154481	103.13119376267505
6380.0	1.2758982035928128	10.651569325297892	0.3168838617143827	2578.911772154481	103.13119376267505
6390.0	1.7040419161676634	10.651569325297892	0.3168838617143827	2578.911772154481	103.13119376267505
6400.0	1.6082335329341302	10.651569325297892	0.3168838617143827	2578.911772154481	103.13119376267505
6410.0	1.5543413173652691	10.651569325297892	0.3168838617143827	2578.911772154481	103.13119376267505
6420.0	1.883682634730538	10.651569325297892	0.3168838617143827	2578.911772154481	103.13119376267505
6430.0	1.5064371257485023	10.651569325297892	0.3168838617143827	2578.911772154481	103.13119376267505
6440.0	1.766916167664671	10.651569325297892	0.3168838617143827	2578.911772154481	103.13119376267505
6450.0	1.5423652694610754	10.651569325297892	0.3168838617143827	2578.911772154481	103.13119376267505
6460.0	1.527395209580837	10.651569325297892	0.3168838617143827	2578.911772154481	103.13119376267505
6470.0	1.515419161676645	10.651569325297892	0.3168838617143827	2578.911772154481	103.13119376267505
6480.0	1.3267964071856269	10.651569325297892	0.3168838617143827	2578.911772154481	103.13119376267505
6490.0	1.332784431137722	10.651569325297892	0.3168838617143827	2578.911772154481	103.13119376267505
6500.0	1.665119760479041	10.651569325297892	0.3168838617143827	2578.911772154481	103.13119376267505
6510.0	1.7190119760479032	10.651569325297892	0.3168838617143827	2578.911772154481	103.13119376267505
6520.0	1.8327844311377237	10.651569325297892	0.3168838617143827	2578.911772154481	103.13119376267505
6530.0	1.7878742514970034	10.651569325297892	0.3168838617143827	2578.911772154481	103.13119376267505
6540.0	1.8627245508982027	10.651569325297892	0.3168838617143827	2578.911772154481	103.13119376267505
6550.0	2.0483532934131734	10.651569325297892	0.3168838617143827	2578.911772154481	103.13119376267505
6560.0	1.9675149700598784	10.651569325297892	0.3168838617143827	2578.911772154481	103.13119376267505
6570.0	1.4255988023952089	10.651569325297892	0.3168838617143827	2578.911772154481	103.13119376267505
6580.0	1.353742514970057	10.651569325297892	0.3168838617143827	2578.911772154481	103.13119376267505
6590.0	1.5363772455089804	10.651569325297892	0.3168838617143827	2578.911772154481	103.13119376267505
6600.0	1.6082335329341306	10.651569325297892	0.3168838617143827	2578.911772154481	103.13119376267505
6610.0	1.9884730538922146	10.651569325297892	0.3168838617143827	2578.911772154481	103.13119376267505
6620.0	2.006437125748502	10.651569325297892	0.3168838617143827	2578.911772154481	103.13119376267505
6630.0	1.3327844311377213	10.651569325297892	0.3168838617143827	2578.911772154481	103.13119376267505
6640.0	1.3507485029940112	10.651569325297892	0.3168838617143827	2578.911772154481	103.13119376267505
6650.0	1.3627245508982024	10.651569325297892	0.3168838617143827	2578.911772154481	103.13119376267505
6660.0	1.2249999999999976	10.651569325297892	0.3168838617143827	2578.911772154481	103.13119376267505
6670.0	1.548353293413172	10.651569325297892	0.3168838617143827	2578.911772154481	103.13119376267505
6680.0	1.6770958083832337	10.651569325297892	0.3168838617143827	2578.911772154481	103.13119376267505
6690.0	2.335778443113772	10.651569325297892	0.3168838617143827	2578.911772154481	103.13119376267505
6700.0	2.683083832335327	10.651569325297892	0.3168838617143827	2578.911772154481	103.13119376267505
6710.0	2.242964071856287	10.651569325297892	0.3168838617143827	2578.911772154481	103.13119376267505
6720.0	1.8148203592814363	10.651569325297892	0.3168838617143827	2578.911772154481	103.13119376267505
6730.0	2.0723053892215564	10.651569325297892	0.3168838617143827	2578.911772154481	103.13119376267505
6740.0	1.2788922155688607	10.651569325297892	0.3168838617143827	2578.911772154481	103.13119376267505
6750.0	1.5034431137724527	10.651569325297892	0.3168838617143827	2578.911772154481	103.13119376267505
6760.0	1.4884730538922142	10.651569325297892	0.3168838617143827	2578.911772154481	103.13119376267505
6770.0	1.5214071856287412	10.651569325297892	0.3168838617143827	2578.911772154481	103.13119376267505
6780.0	1.2609281437125732	10.651569325297892	0.3168838617143827	2578.911772154481	103.13119376267505
6790.0	1.0393712574850285	10.651569325297892	0.3168838617143827	2578.911772154481	103.13119376267505
6800.0	2.06931137724551	10.651569325297892	0.3168838617143827	2578.911772154481	103.13119376267505
6810.0	1.7459580838323345	10.651569325297892	0.3168838617143827	2578.911772154481	103.13119376267505
6820.0	1.5124251497005978	10.651569325297892	0.3168838617143827	2578.911772154481	103.13119376267505
6830.0	1.2010479041916144	10.651569325297892	0.3168838617143827	2578.911772154481	103.13119376267505
6840.0	1.3717065868263447	10.651569325297892	0.3168838617143827	2578.911772154481	103.13119376267505
6850.0	2.1770958083832337	10.651569325297892	0.3168838617143827	2578.911772154481	103.13119376267505
6860.0	1.8088323353293403	10.651569325297892	0.3168838617143827	2578.911772154481	103.13119376267505
6870.0	1.5363772455089812	10.651569325297892	0.3168838617143827	2578.911772154481	103.13119376267505
6880.0	1.4824850299401198	10.651569325297892	0.3168838617143827	2578.911772154481	103.13119376267505
6890.0	1.1052395209580825	10.651569325297892	0.3168838617143827	2578.911772154481	103.13119376267505
6900.0	0.9735029940119744	10.651569325297892	0.3168838617143827	2578.911772154481	103.13119376267505
6910.0	1.5393712574850282	10.651569325297892	0.3168838617143827	2578.911772154481	103.13119376267505
6920.0	1.3028443113772434	10.651569325297892	0.3168838617143827	2578.911772154481	103.13119376267505
6930.0	0.9226047904191603	10.651569325297892	0.3168838617143827	2578.911772154481	103.13119376267505
6940.0	0.89565868263473	10.651569325297892	0.3168838617143827	2578.911772154481	103.13119376267505
6950.0	1.138173652694609	10.651569325297892	0.3168838617143827	2578.911772154481	103.13119376267505
6960.0	1.21002994011976	10.651569325297892	0.3168838617143827	2578.911772154481	103.13119376267505
6970.0	1.4705089820359267	10.651569325297892	0.3168838617143827	2578.911772154481	103.13119376267505
6980.0	2.0782934131736517	10.651569325297892	0.3168838617143827	2578.911772154481	103.13119376267505
6990.0	2.102245508982036	10.651569325297892	0.3168838617143827	2578.911772154481	103.13119376267505
7000.0	2.0423652694610763	10.651569325297892	0.3168838617143827	2578.911772154481	103.13119376267505
7010.0	1.7249999999999985	10.651569325297892	0.3168838617143827	2578.911772154481	103.13119376267505
7020.0	0.9106287425149694	10.651569325297892	0.3168838617143827	2578.911772154481	103.13119376267505
7030.0	1.0453592814371253	10.651569325297892	0.3168838617143827	2578.911772154481	103.13119376267505
7040.0	1.7818862275449088	10.651569325297892	0.3168838617143827	2578.911772154481	103.13119376267505
7050.0	2.108233532934132	10.651569325297892	0.3168838617143827	2578.911772154481	103.13119376267505
7060.0	1.92559880239521	10.651569325297892	0.3168838617143827	2578.911772154481	103.13119376267505
7070.0	1.4914670658682618	10.651569325297892	0.3168838617143827	2578.911772154481	103.13119376267505
7080.0	2.05134730538922	10.651569325297892	0.3168838617143827	2578.911772154481	103.13119376267505
7090.0	1.8926646706586823	10.651569325297892	0.3168838617143827	2578.911772154481	103.13119376267505
7100.0	1.838772455089818	10.651569325297892	0.3168838617143827	2578.911772154481	103.13119376267505
7110.0	1.4675149700598804	10.651569325297892	0.3168838617143827	2578.911772154481	103.13119376267505
7120.0	1.2669161676646699	10.651569325297892	0.3168838617143827	2578.911772154481	103.13119376267505
7130.0	1.2489520958083813	10.651569325297892	0.3168838617143827	2578.911772154481	103.13119376267505
7140.0	1.0363772455089806	10.651569325297892	0.3168838617143827	2578.911772154481	103.13119376267505
7150.0	1.6232035928143687	10.651569325297892	0.3168838617143827	2578.911772154481	103.13119376267505
7160.0	1.7369760479041905	10.651569325297892	0.3168838617143827	2578.911772154481	103.13119376267505
7170.0	1.6681137724550885	10.651569325297892	0.3168838617143827	2578.911772154481	103.13119376267505
7180.0	2.0004491017964066	10.651569325297892	0.3168838617143827	2578.911772154481	103.13119376267505
7190.0	1.722005988023951	10.651569325297892	0.3168838617143827	2578.911772154481	103.13119376267505
7200.0	1.0992514970059861	10.651569325297892	0.3168838617143827	2578.911772154481	103.13119376267505
7210.0	0.955538922155688	10.651569325297892	0.3168838617143827	2578.911772154481	103.13119376267505
7220.0	1.2100299401197583	10.651569325297892	0.3168838617143827	2578.911772154481	103.13119376267505
7230.0	1.0872754491017953	10.651569325297892	0.3168838617143827	2578.911772154481	103.13119376267505
7240.0	1.0693113772455083	10.651569325297892	0.3168838617143827	2578.911772154481	103.13119376267505
7250.0	1.3986526946107767	10.651569325297892	0.3168838617143827	2578.911772154481	103.13119376267505
7260.0	1.2908682634730522	10.651569325297892	0.3168838617143827	2578.911772154481	103.13119376267505
7270.0	1.299850299401196	10.651569325297892	0.3168838617143827	2578.911772154481	103.13119376267505
7280.0	1.3178143712574828	10.651569325297892	0.3168838617143827	2578.911772154481	103.13119376267505
7290.0	1.3747005988023935	10.651569325297892	0.3168838617143827	2578.911772154481	103.13119376267505
7300.0	1.521407185628742	10.651569325297892	0.3168838617143827	2578.911772154481	103.13119376267505
7310.0	1.614221556886226	10.651569325297892	0.3168838617143827	2578.911772154481	103.13119376267505
7320.0	1.6082335329341297	10.651569325297892	0.3168838617143827	2578.911772154481	103.13119376267505
7330.0	1.3537425149700588	10.651569325297892	0.3168838617143827	2578.911772154481	103.13119376267505
7340.0	1.1651197604790402	10.651569325297892	0.3168838617143827	2578.911772154481	103.13119376267505
7350.0	0.8926646706586815	10.651569325297892	0.3168838617143827	2578.911772154481	103.13119376267505
7360.0	1.1950598802395196	10.651569325297892	0.3168838617143827	2578.911772154481	103.13119376267505
7370.0	1.6351796407185624	10.651569325297892	0.3168838617143827	2578.911772154481	103.13119376267505
7380.0	1.4016467065868257	10.651569325297892	0.3168838617143827	2578.911772154481	103.13119376267505
7390.0	2.042365269461077	10.651569325297892	0.3168838617143827	2578.911772154481	103.13119376267505
7400.0	2.105239520958084	10.651569325297892	0.3168838617143827	2578.911772154481	103.13119376267505
7410.0	2.1711077844311366	10.651569325297892	0.3168838617143827	2578.911772154481	103.13119376267505
7420.0	1.5962574850299378	10.651569325297892	0.3168838617143827	2578.911772154481	103.13119376267505
7430.0	1.3208083832335322	10.651569325297892	0.3168838617143827	2578.911772154481	103.13119376267505
7440.0	1.0244011976047884	10.651569325297892	0.3168838617143827	2578.911772154481	103.13119376267505
7450.0	0.9226047904191603	10.651569325297892	0.3168838617143827	2578.911772154481	103.13119376267505
7460.0	0.9944610778443109	10.651569325297892	0.3168838617143827	2578.911772154481	103.13119376267505
7470.0	1.1052395209580832	10.651569325297892	0.3168838617143827	2578.911772154481	103.13119376267505
7480.0	0.7609281437125738	10.651569325297892	0.3168838617143827	2578.911772154481	103.13119376267505
7490.0	1.371706586826347	10.651569325297892	0.3168838617143827	2578.911772154481	103.13119376267505
7500.0	1.455538922155687	10.651569325297892	0.3168838617143827	2578.911772154481	103.13119376267505
7510.0	0.9525449101796397	10.651569325297892	0.3168838617143827	2578.911772154481	103.13119376267505
7520.0	0.5872754491017947	10.651569325297892	0.3168838617143827	2578.911772154481	103.13119376267505
7530.0	0.4914670658682624	10.651569325297892	0.3168838617143827	2578.911772154481	103.13119376267505
7540.0	0.6291916167664663	10.651569325297892	0.3168838617143827	2578.911772154481	103.13119376267505
7550.0	1.2399700598802375	10.651569325297892	0.3168838617143827	2578.911772154481	103.13119376267505
7560.0	1.5363772455089797	10.651569325297892	0.3168838617143827	2578.911772154481	103.13119376267505
7570.0	1.4375748502994001	10.651569325297892	0.3168838617143827	2578.911772154481	103.13119376267505
7580.0	1.2818862275449099	10.651569325297892	0.3168838617143827	2578.911772154481	103.13119376267505
7590.0	1.5004491017964061	10.651569325297892	0.3168838617143827	2578.911772154481	103.13119376267505
7600.0	2.144161676646706	10.651569325297892	0.3168838617143827	2578.911772154481	103.13119376267505
7610.0	1.68008982035928	10.651569325297892	0.3168838617143827	2578.911772154481	103.13119376267505
7620.0	0.988473053892215	10.651569325297892	0.3168838617143827	2578.911772154481	103.13119376267505
7630.0	1.7249999999999979	10.651569325297892	0.3168838617143827	2578.911772154481	103.13119376267505
7640.0	2.0633233532934128	10.651569325297892	0.3168838617143827	2578.911772154481	103.13119376267505
7650.0	1.8477544910179655	10.651569325297892	0.3168838617143827	2578.911772154481	103.13119376267505
7660.0	1.760928143712574	10.651569325297892	0.3168838617143827	2578.911772154481	103.13119376267505
7670.0	1.7369760479041902	10.651569325297892	0.3168838617143827	2578.911772154481	103.13119376267505
7680.0	2.374700598802395	10.651569325297892	0.3168838617143827	2578.911772154481	103.13119376267505
7690.0	1.5303892215568855	10.651569325297892	0.3168838617143827	2578.911772154481	103.13119376267505
7700.0	1.560329341317365	10.651569325297892	0.3168838617143827	2578.911772154481	103.13119376267505
7710.0	1.5303892215568862	10.651569325297892	0.3168838617143827	2578.911772154481	103.13119376267505
7720.0	3.0752994011976025	10.651569325297892	0.3168838617143827	2578.911772154481	103.13119376267505
7730.0	2.2788922155688627	10.651569325297892	0.3168838617143827	2578.911772154481	103.13119376267505
7740.0	2.0812874251497018	10.651569325297892	0.3168838617143827	2578.911772154481	103.13119376267505
7750.0	1.9255988023952082	10.651569325297892	0.3168838617143827	2578.911772154481	103.13119376267505
7760.0	1.4914670658682616	10.651569325297892	0.3168838617143827	2578.911772154481	103.13119376267505
7770.0	1.4974550898203582	10.651569325297892	0.3168838617143827	2578.911772154481	103.13119376267505
7780.0	1.7908682634730528	10.651569325297892	0.3168838617143827	2578.911772154481	103.13119376267505
7790.0	1.3627245508982024	10.651569325297892	0.3168838617143827	2578.911772154481	103.13119376267505
7800.0	0.8747005988023944	10.651569325297892	0.3168838617143827	2578.911772154481	103.13119376267505
7810.0	0.8896706586826332	10.651569325297892	0.3168838617143827	2578.911772154481	103.13119376267505
7820.0	1.0214071856287408	10.651569325297892	0.3168838617143827	2578.911772154481	103.13119376267505
7830.0	1.2130239520958073	10.651569325297892	0.3168838617143827	2578.911772154481	103.13119376267505
7840.0	1.0573353293413164	10.651569325297892	0.3168838617143827	2578.911772154481	103.13119376267505
7850.0	1.0693113772455083	10.651569325297892	0.3168838617143827	2578.911772154481	103.13119376267505
7860.0	1.919610778443112	10.651569325297892	0.3168838617143827	2578.911772154481	103.13119376267505
7870.0	1.7190119760479032	10.651569325297892	0.3168838617143827	2578.911772154481	103.13119376267505
7880.0	1.6261976047904196	10.651569325297892	0.3168838617143827	2578.911772154481	103.13119376267505
7890.0	1.132185628742514	10.651569325297892	0.3168838617143827	2578.911772154481	103.13119376267505
7900.0	1.0034431137724542	10.651569325297892	0.3168838617143827	2578.911772154481	103.13119376267505
7910.0	1.5214071856287408	10.651569325297892	0.3168838617143827	2578.911772154481	103.13119376267505
7920.0	1.5333832335329325	10.651569325297892	0.3168838617143827	2578.911772154481	103.13119376267505
7930.0	1.695059880239518	10.651569325297892	0.3168838617143827	2578.911772154481	103.13119376267505
7940.0	1.371706586826346	10.651569325297892	0.3168838617143827	2578.911772154481	103.13119376267505
7950.0	1.515419161676645	10.651569325297892	0.3168838617143827	2578.911772154481	103.13119376267505
7960.0	1.3447604790419152	10.651569325297892	0.3168838617143827	2578.911772154481	103.13119376267505
7970.0	1.9854790419161674	10.651569325297892	0.3168838617143827	2578.911772154481	103.13119376267505
7980.0	1.5244011976047898	10.651569325297892	0.3168838617143827	2578.911772154481	103.13119376267505
7990.0	1.0543413173652678	10.651569325297892	0.3168838617143827	2578.911772154481	103.13119376267505
8000.0	0.9675149700598787	10.651569325297892	0.3168838617143827	2578.911772154481	103.13119376267505
8010.0	1.0004491017964061	10.651569325297892	0.3168838617143827	2578.911772154481	103.13119376267505
8020.0	1.0124251497005978	10.651569325297892	0.3168838617143827	2578.911772154481	103.13119376267505
8030.0	1.724999999999998	10.651569325297892	0.3168838617143827	2578.911772154481	103.13119376267505
8040.0	1.659131736526946	10.651569325297892	0.3168838617143827	2578.911772154481	103.13119376267505
8050.0	1.2010479041916156	10.651569325297892	0.3168838617143827	2578.911772154481	103.13119376267505
8060.0	1.2549401197604784	10.651569325297892	0.3168838617143827	2578.911772154481	103.13119376267505
8070.0	1.8747005988023933	10.651569325297892	0.3168838617143827	2578.911772154481	103.13119376267505
8080.0	2.0633233532934128	10.651569325297892	0.3168838617143827	2578.911772154481	103.13119376267505
8090.0	1.5214071856287419	10.651569325297892	0.3168838617143827	2578.911772154481	103.13119376267505
8100.0	0.9465568862275446	10.651569325297892	0.3168838617143827	2578.911772154481	103.13119376267505
8110.0	1.4764970059880222	10.651569325297892	0.3168838617143827	2578.911772154481	103.13119376267505
8120.0	1.3567365269461067	10.651569325297892	0.3168838617143827	2578.911772154481	103.13119376267505
8130.0	1.144161676646705	10.651569325297892	0.3168838617143827	2578.911772154481	103.13119376267505
8140.0	1.4495508982035916	10.651569325297892	0.3168838617143827	2578.911772154481	103.13119376267505
8150.0	1.5842814371257476	10.651569325297892	0.3168838617143827	2578.911772154481	103.13119376267505
8160.0	1.5303892215568855	10.651569325297892	0.3168838617143827	2578.911772154481	103.13119376267505
8170.0	0.8687125748502978	10.651569325297892	0.3168838617143827	2578.911772154481	103.13119376267505
8180.0	1.105239520958082	10.651569325297892	0.3168838617143827	2578.911772154481	103.13119376267505
8190.0	1.4884730538922148	10.651569325297892	0.3168838617143827	2578.911772154481	103.13119376267505
8200.0	1.7070359281437117	10.651569325297892	0.3168838617143827	2578.911772154481	103.13119376267505
8210.0	1.4645209580838314	10.651569325297892	0.3168838617143827	2578.911772154481	103.13119376267505
8220.0	1.3297904191616734	10.651569325297892	0.3168838617143827	2578.911772154481	103.13119376267505
8230.0	1.6770958083832326	10.651569325297892	0.3168838617143827	2578.911772154481	103.13119376267505
8240.0	1.4465568862275444	10.651569325297892	0.3168838617143827	2578.911772154481	103.13119376267505
8250.0	1.724999999999999	10.651569325297892	0.3168838617143827	2578.911772154481	103.13119376267505
8260.0	1.766916167664669	10.651569325297892	0.3168838617143827	2578.911772154481	103.13119376267505
8270.0	1.5154191616766453	10.651569325297892	0.3168838617143827	2578.911772154481	103.13119376267505
8280.0	1.4705089820359278	10.651569325297892	0.3168838617143827	2578.911772154481	103.13119376267505
8290.0	1.7160179640718551	10.651569325297892	0.3168838617143827	2578.911772154481	103.13119376267505
8300.0	1.898652694610777	10.651569325297892	0.3168838617143827	2578.911772154481	103.13119376267505
8310.0	1.3866766467065852	10.651569325297892	0.3168838617143827	2578.911772154481	103.13119376267505
8320.0	0.7639221556886217	10.651569325297892	0.3168838617143827	2578.911772154481	103.13119376267505
8330.0	2.0752994011976034	10.651569325297892	0.3168838617143827	2578.911772154481	103.13119376267505
8340.0	3.0723053892215564	10.651569325297892	0.3168838617143827	2578.911772154481	103.13119376267505
8350.0	1.853742514970059	10.651569325297892	0.3168838617143827	2578.911772154481	103.13119376267505
8360.0	1.698053892215567	10.651569325297892	0.3168838617143827	2578.911772154481	103.13119376267505
8370.0	1.976497005988022	10.651569325297892	0.3168838617143827	2578.911772154481	103.13119376267505
8380.0	2.476497005988023	10.651569325297892	0.3168838617143827	2578.911772154481	103.13119376267505
8390.0	1.9974550898203585	10.651569325297892	0.3168838617143827	2578.911772154481	103.13119376267505
8400.0	1.506437125748502	10.651569325297892	0.3168838617143827	2578.911772154481	103.13119376267505
8410.0	1.6112275449101772	10.651569325297892	0.3168838617143827	2578.911772154481	103.13119376267505
8420.0	1.1980538922155672	10.651569325297892	0.3168838617143827	2578.911772154481	103.13119376267505
8430.0	0.5842814371257473	10.651569325297892	0.3168838617143827	2578.911772154481	103.13119376267505
8440.0	0.557335329341316	10.651569325297892	0.3168838617143827	2578.911772154481	103.13119376267505
8450.0	0.7818862275449087	10.651569325297892	0.3168838617143827	2578.911772154481	103.13119376267505
8460.0	1.1561377245508977	10.651569325297892	0.3168838617143827	2578.911772154481	103.13119376267505
8470.0	1.2040419161676632	10.651569325297892	0.3168838617143827	2578.911772154481	103.13119376267505
8480.0	1.048353293413173	10.651569325297892	0.3168838617143827	2578.911772154481	103.13119376267505
8490.0	1.3866766467065863	10.651569325297892	0.3168838617143827	2578.911772154481	103.13119376267505
8500.0	1.6980538922155672	10.651569325297892	0.3168838617143827	2578.911772154481	103.13119376267505
8510.0	1.4315868263473046	10.651569325297892	0.3168838617143827	2578.911772154481	103.13119376267505
8520.0	0.8956586826347296	10.651569325297892	0.3168838617143827	2578.911772154481	103.13119376267505
8530.0	1.2279940119760473	10.651569325297892	0.3168838617143827	2578.911772154481	103.13119376267505
8540.0	1.5633233532934123	10.651569325297892	0.3168838617143827	2578.911772154481	103.13119376267505
8550.0	0.9854790419161669	10.651569325297892	0.3168838617143827	2578.911772154481	103.13119376267505
8560.0	1.132185628742513	10.651569325297892	0.3168838617143827	2578.911772154481	103.13119376267505
8570.0	1.1022455089820344	10.651569325297892	0.3168838617143827	2578.911772154481	103.13119376267505
8580.0	0.9046407185628733	10.651569325297892	0.3168838617143827	2578.911772154481	103.13119376267505
8590.0	1.177095808383231	10.651569325297892	0.3168838617143827	2578.911772154481	103.13119376267505
8600.0	1.1321856287425138	10.651569325297892	0.3168838617143827	2578.911772154481	103.13119376267505
8610.0	1.114221556886226	10.651569325297892	0.3168838617143827	2578.911772154481	103.13119376267505
8620.0	1.3477544910179626	10.651569325297892	0.3168838617143827	2578.911772154481	103.13119376267505
8630.0	1.332784431137723	10.651569325297892	0.3168838617143827	2578.911772154481	103.13119376267505
8640.0	1.3747005988023941	10.651569325297892	0.3168838617143827	2578.911772154481	103.13119376267505
8650.0	1.5633233532934134	10.651569325297892	0.3168838617143827	2578.911772154481	103.13119376267505
8660.0	1.368712574850299	10.651569325297892	0.3168838617143827	2578.911772154481	103.13119376267505
8670.0	1.204041916167663	10.651569325297892	0.3168838617143827	2578.911772154481	103.13119376267505
8680.0	1.320808383233531	10.651569325297892	0.3168838617143827	2578.911772154481	103.13119376267505
8690.0	1.0932634730538904	10.651569325297892	0.3168838617143827	2578.911772154481	103.13119376267505
8700.0	0.9645209580838314	10.651569325297892	0.3168838617143827	2578.911772154481	103.13119376267505
8710.0	1.3866766467065856	10.651569325297892	0.3168838617143827	2578.911772154481	103.13119376267505
8720.0	1.4525449101796388	10.651569325297892	0.3168838617143827	2578.911772154481	103.13119376267505
8730.0	1.186077844311375	10.651569325297892	0.3168838617143827	2578.911772154481	103.13119376267505
8740.0	0.9046407185628742	10.651569325297892	0.3168838617143827	2578.911772154481	103.13119376267505
8750.0	1.2279940119760466	10.651569325297892	0.3168838617143827	2578.911772154481	103.13119376267505
8760.0	1.3417664670658676	10.651569325297892	0.3168838617143827	2578.911772154481	103.13119376267505
8770.0	1.6741017964071863	10.651569325297892	0.3168838617143827	2578.911772154481	103.13119376267505
8780.0	1.6351796407185608	10.651569325297892	0.3168838617143827	2578.911772154481	103.13119376267505
8790.0	1.5483532934131723	10.651569325297892	0.3168838617143827	2578.911772154481	103.13119376267505
8800.0	1.0393712574850285	10.651569325297892	0.3168838617143827	2578.911772154481	103.13119376267505
8810.0	0.8208083832335313	10.651569325297892	0.3168838617143827	2578.911772154481	103.13119376267505
8820.0	0.988473053892215	10.651569325297892	0.3168838617143827	2578.911772154481	103.13119376267505
8830.0	1.9226047904191617	10.651569325297892	0.3168838617143827	2578.911772154481	103.13119376267505
8840.0	1.476497005988023	10.651569325297892	0.3168838617143827	2578.911772154481	103.13119376267505
8850.0	1.4315868263473042	10.651569325297892	0.3168838617143827	2578.911772154481	103.13119376267505
8860.0	1.5363772455089817	10.651569325297892	0.3168838617143827	2578.911772154481	103.13119376267505
8870.0	2.159131736526946	10.651569325297892	0.3168838617143827	2578.911772154481	103.13119376267505
8880.0	1.8148203592814365	10.651569325297892	0.3168838617143827	2578.911772154481	103.13119376267505
8890.0	1.2519461077844296	10.651569325297892	0.3168838617143827	2578.911772154481	103.13119376267505
8900.0	1.8028443113772443	10.651569325297892	0.3168838617143827	2578.911772154481	103.13119376267505
8910.0	1.434580838323353	10.651569325297892	0.3168838617143827	2578.911772154481	103.13119376267505
8920.0	1.338772455089819	10.651569325297892	0.3168838617143827	2578.911772154481	103.13119376267505
8930.0	1.6621257485029928	10.651569325297892	0.3168838617143827	2578.911772154481	103.13119376267505
8940.0	1.2998502994011953	10.651569325297892	0.3168838617143827	2578.911772154481	103.13119376267505
8950.0	0.9615269461077832	10.651569325297892	0.3168838617143827	2578.911772154481	103.13119376267505
8960.0	0.6112275449101786	10.651569325297892	0.3168838617143827	2578.911772154481	103.13119376267505
8970.0	1.204041916167663	10.651569325297892	0.3168838617143827	2578.911772154481	103.13119376267505
8980.0	0.9405688622754484	10.651569325297892	0.3168838617143827	2578.911772154481	103.13119376267505
8990.0	0.8836826347305374	10.651569325297892	0.3168838617143827	2578.911772154481	103.13119376267505
9000.0	1.024401197604789	10.651569325297892	0.3168838617143827	2578.911772154481	103.13119376267505
9010.0	1.5064371257485014	10.651569325297892	0.3168838617143827	2578.911772154481	103.13119376267505
9020.0	1.5273952095808394	10.651569325297892	0.3168838617143827	2578.911772154481	103.13119376267505
9030.0	0.9495508982035915	10.651569325297892	0.3168838617143827	2578.911772154481	103.13119376267505
9040.0	0.8687125748502988	10.651569325297892	0.3168838617143827	2578.911772154481	103.13119376267505
9050.0	0.7489520958083815	10.651569325297892	0.3168838617143827	2578.911772154481	103.13119376267505
9060.0	0.7579341317365259	10.651569325297892	0.3168838617143827	2578.911772154481	103.13119376267505
9070.0	1.0483532934131725	10.651569325297892	0.3168838617143827	2578.911772154481	103.13119376267505
9080.0	1.2040419161676637	10.651569325297892	0.3168838617143827	2578.911772154481	103.13119376267505
9090.0	1.213023952095807	10.651569325297892	0.3168838617143827	2578.911772154481	103.13119376267505
9100.0	1.1770958083832326	10.651569325297892	0.3168838617143827	2578.911772154481	103.13119376267505
9110.0	1.590269461077845	10.651569325297892	0.3168838617143827	2578.911772154481	103.13119376267505
9120.0	1.1172155688622747	10.651569325297892	0.3168838617143827	2578.911772154481	103.13119376267505
9130.0	1.473502994011975	10.651569325297892	0.3168838617143827	2578.911772154481	103.13119376267505
9140.0	0.9974550898203576	10.651569325297892	0.3168838617143827	2578.911772154481	103.13119376267505
9150.0	2.2788922155688605	10.651569325297892	0.3168838617143827	2578.911772154481	103.13119376267505
9160.0	1.9944610778443104	10.651569325297892	0.3168838617143827	2578.911772154481	103.13119376267505
9170.0	1.413622754491016	10.651569325297892	0.3168838617143827	2578.911772154481	103.13119376267505
9180.0	0.9525449101796395	10.651569325297892	0.3168838617143827	2578.911772154481	103.13119376267505
9190.0	0.994461077844311	10.651569325297892	0.3168838617143827	2578.911772154481	103.13119376267505
9200.0	1.3687125748502984	10.651569325297892	0.3168838617143827	2578.911772154481	103.13119376267505
9210.0	0.8986526946107776	10.651569325297892	0.3168838617143827	2578.911772154481	103.13119376267505
9220.0	0.6950598802395203	10.651569325297892	0.3168838617143827	2578.911772154481	103.13119376267505
9230.0	1.0273952095808372	10.651569325297892	0.3168838617143827	2578.911772154481	103.13119376267505
9240.0	0.8088323353293403	10.651569325297892	0.3168838617143827	2578.911772154481	103.13119376267505
9250.0	1.0333832335329332	10.651569325297892	0.3168838617143827	2578.911772154481	103.13119376267505
9260.0	1.0842814371257472	10.651569325297892	0.3168838617143827	2578.911772154481	103.13119376267505
9270.0	1.401646706586825	10.651569325297892	0.3168838617143827	2578.911772154481	103.13119376267505
9280.0	1.509431137724549	10.651569325297892	0.3168838617143827	2578.911772154481	103.13119376267505
9290.0	1.1681137724550885	10.651569325297892	0.3168838617143827	2578.911772154481	103.13119376267505
9300.0	1.3477544910179629	10.651569325297892	0.3168838617143827	2578.911772154481	103.13119376267505
9310.0	1.7609281437125721	10.651569325297892	0.3168838617143827	2578.911772154481	103.13119376267505
9320.0	1.0962574850299398	10.651569325297892	0.3168838617143827	2578.911772154481	103.13119376267505
9330.0	0.8507485029940105	10.651569325297892	0.3168838617143827	2578.911772154481	103.13119376267505
9340.0	1.3178143712574837	10.651569325297892	0.3168838617143827	2578.911772154481	103.13119376267505
9350.0	1.003443113772454	10.651569325297892	0.3168838617143827	2578.911772154481	103.13119376267505
9360.0	0.6920658682634718	10.651569325297892	0.3168838617143827	2578.911772154481	103.13119376267505
9370.0	1.0423652694610772	10.651569325297892	0.3168838617143827	2578.911772154481	103.13119376267505
9380.0	1.0184131736526936	10.651569325297892	0.3168838617143827	2578.911772154481	103.13119376267505
9390.0	0.9615269461077833	10.651569325297892	0.3168838617143827	2578.911772154481	103.13119376267505
9400.0	1.1291916167664655	10.651569325297892	0.3168838617143827	2578.911772154481	103.13119376267505
9410.0	1.530389221556885	10.651569325297892	0.3168838617143827	2578.911772154481	103.13119376267505
9420.0	2.4824850299401207	10.651569325297892	0.3168838617143827	2578.911772154481	103.13119376267505
9430.0	1.4525449101796397	10.651569325297892	0.3168838617143827	2578.911772154481	103.13119376267505
9440.0	1.3148203592814363	10.651569325297892	0.3168838617143827	2578.911772154481	103.13119376267505
9450.0	1.2489520958083824	10.651569325297892	0.3168838617143827	2578.911772154481	103.13119376267505
9460.0	1.2070359281437113	10.651569325297892	0.3168838617143827	2578.911772154481	103.13119376267505
9470.0	1.1741017964071843	10.651569325297892	0.3168838617143827	2578.911772154481	103.13119376267505
9480.0	0.9914670658682622	10.651569325297892	0.3168838617143827	2578.911772154481	103.13119376267505
9490.0	0.6980538922155671	10.651569325297892	0.3168838617143827	2578.911772154481	103.13119376267505
9500.0	1.2040419161676637	10.651569325297892	0.3168838617143827	2578.911772154481	103.13119376267505
9510.0	1.2010479041916147	10.651569325297892	0.3168838617143827	2578.911772154481	103.13119376267505
9520.0	1.0214071856287414	10.651569325297892	0.3168838617143827	2578.911772154481	103.13119376267505
9530.0	1.1651197604790406	10.651569325297892	0.3168838617143827	2578.911772154481	103.13119376267505
9540.0	1.1651197604790406	10.651569325297892	0.3168838617143827	2578.911772154481	103.13119376267505
9550.0	1.4226047904191612	10.651569325297892	0.3168838617143827	2578.911772154481	103.13119376267505
9560.0	1.536377245508982	10.651569325297892	0.3168838617143827	2578.911772154481	103.13119376267505
9570.0	1.710029940119759	10.651569325297892	0.3168838617143827	2578.911772154481	103.13119376267505
9580.0	1.2968562874251486	10.651569325297892	0.3168838617143827	2578.911772154481	103.13119376267505
9590.0	1.572305389221556	10.651569325297892	0.3168838617143827	2578.911772154481	103.13119376267505
9600.0	1.2788922155688611	10.651569325297892	0.3168838617143827	2578.911772154481	103.13119376267505
9610.0	1.4495508982035918	10.651569325297892	0.3168838617143827	2578.911772154481	103.13119376267505
9620.0	1.1471556886227534	10.651569325297892	0.3168838617143827	2578.911772154481	103.13119376267505
9630.0	0.9106287425149685	10.651569325297892	0.3168838617143827	2578.911772154481	103.13119376267505
9640.0	1.0244011976047884	10.651569325297892	0.3168838617143827	2578.911772154481	103.13119376267505
9650.0	0.934580838323352	10.651569325297892	0.3168838617143827	2578.911772154481	103.13119376267505
9660.0	1.1022455089820349	10.651569325297892	0.3168838617143827	2578.911772154481	103.13119376267505
9670.0	1.0124251497005972	10.651569325297892	0.3168838617143827	2578.911772154481	103.13119376267505
9680.0	0.8657185628742502	10.651569325297892	0.3168838617143827	2578.911772154481	103.13119376267505
9690.0	0.7669161676646693	10.651569325297892	0.3168838617143827	2578.911772154481	103.13119376267505
9700.0	1.0723053892215557	10.651569325297892	0.3168838617143827	2578.911772154481	103.13119376267505
9710.0	1.024401197604789	10.651569325297892	0.3168838617143827	2578.911772154481	103.13119376267505
9720.0	0.6770958083832321	10.651569325297892	0.3168838617143827	2578.911772154481	103.13119376267505
9730.0	0.8687125748502983	10.651569325297892	0.3168838617143827	2578.911772154481	103.13119376267505
9740.0	1.096257485029938	10.651569325297892	0.3168838617143827	2578.911772154481	103.13119376267505
9750.0	1.6651197604790406	10.651569325297892	0.3168838617143827	2578.911772154481	103.13119376267505
9760.0	2.3776946107784434	10.651569325297892	0.3168838617143827	2578.911772154481	103.13119376267505
9770.0	1.4735029940119757	10.651569325297892	0.3168838617143827	2578.911772154481	103.13119376267505
9780.0	1.1920658682634722	10.651569325297892	0.3168838617143827	2578.911772154481	103.13119376267505
9790.0	1.0812874251496998	10.651569325297892	0.3168838617143827	2578.911772154481	103.13119376267505
9800.0	1.4884730538922146	10.651569325297892	0.3168838617143827	2578.911772154481	103.13119376267505
9810.0	1.5034431137724524	10.651569325297892	0.3168838617143827	2578.911772154481	103.13119376267505
9820.0	1.2100299401197594	10.651569325297892	0.3168838617143827	2578.911772154481	103.13119376267505
9830.0	1.4465568862275446	10.651569325297892	0.3168838617143827	2578.911772154481	103.13119376267505
9840.0	1.2429640718562864	10.651569325297892	0.3168838617143827	2578.911772154481	103.13119376267505
9850.0	0.9705089820359266	10.651569325297892	0.3168838617143827	2578.911772154481	103.13119376267505
9860.0	0.9944610778443094	10.651569325297892	0.3168838617143827	2578.911772154481	103.13119376267505
9870.0	1.0184131736526933	10.651569325297892	0.3168838617143827	2578.911772154481	103.13119376267505
9880.0	1.1471556886227527	10.651569325297892	0.3168838617143827	2578.911772154481	103.13119376267505
9890.0	0.9196107784431123	10.651569325297892	0.3168838617143827	2578.911772154481	103.13119376267505
9900.0	1.2010479041916162	10.651569325297892	0.3168838617143827	2578.911772154481	103.13119376267505
9910.0	1.1531437125748505	10.651569325297892	0.3168838617143827	2578.911772154481	103.13119376267505
9920.0	1.1711077844311366	10.651569325297892	0.3168838617143827	2578.911772154481	103.13119376267505
9930.0	1.2609281437125737	10.651569325297892	0.3168838617143827	2578.911772154481	103.13119376267505
9940.0	1.1980538922155675	10.651569325297892	0.3168838617143827	2578.911772154481	103.13119376267505
9950.0	0.7878742514970047	10.651569325297892	0.3168838617143827	2578.911772154481	103.13119376267505
9960.0	1.4136227544910172	10.651569325297892	0.3168838617143827	2578.911772154481	103.13119376267505
9970.0	1.0423652694610772	10.651569325297892	0.3168838617143827	2578.911772154481	103.13119376267505
9980.0	1.0872754491017953	10.651569325297892	0.3168838617143827	2578.911772154481	103.13119376267505
9990.0	1.1770958083832326	10.651569325297892	0.3168838617143827	2578.911772154481	103.13119376267505
10000.0	0.5663173652694602	10.651569325297892	0.3168838617143827	2578.911772154481	103.13119376267505
10010.0	1.4615269461077816	10.651569325297892	0.3168838617143827	2578.911772154481	103.13119376267505
10020.0	1.3567365269461074	10.651569325297892	0.3168838617143827	2578.911772154481	103.13119376267505
10030.0	1.668113772455088	10.651569325297892	0.3168838617143827	2578.911772154481	103.13119376267505
10040.0	1.5992514970059875	10.651569325297892	0.3168838617143827	2578.911772154481	103.13119376267505
10050.0	1.2938622754490994	10.651569325297892	0.3168838617143827	2578.911772154481	103.13119376267505
10060.0	0.8956586826347294	10.651569325297892	0.3168838617143827	2578.911772154481	103.13119376267505
10070.0	0.8866766467065856	10.651569325297892	0.3168838617143827	2578.911772154481	103.13119376267505
10080.0	0.9585329341317355	10.651569325297892	0.3168838617143827	2578.911772154481	103.13119376267505
10090.0	0.9735029940119743	10.651569325297892	0.3168838617143827	2578.911772154481	103.13119376267505
10100.0	1.1351796407185624	10.651569325297892	0.3168838617143827	2578.911772154481	103.13119376267505
10110.0	1.0812874251496996	10.651569325297892	0.3168838617143827	2578.911772154481	103.13119376267505
10120.0	0.9675149700598791	10.651569325297892	0.3168838617143827	2578.911772154481	103.13119376267505
10130.0	0.8986526946107778	10.651569325297892	0.3168838617143827	2578.911772154481	103.13119376267505
10140.0	0.8267964071856277	10.651569325297892	0.3168838617143827	2578.911772154481	103.13119376267505
10150.0	0.8687125748502985	10.651569325297892	0.3168838617143827	2578.911772154481	103.13119376267505
10160.0	1.000449101796406	10.651569325297892	0.3168838617143827	2578.911772154481	103.13119376267505
10170.0	0.8447604790419148	10.651569325297892	0.3168838617143827	2578.911772154481	103.13119376267505
10180.0	0.8896706586826335	10.651569325297892	0.3168838617143827	2578.911772154481	103.13119376267505
10190.0	1.1531437125748496	10.651569325297892	0.3168838617143827	2578.911772154481	103.13119376267505
10200.0	1.5483532934131723	10.651569325297892	0.3168838617143827	2578.911772154481	103.13119376267505
10210.0	1.27889221556886	10.651569325297892	0.3168838617143827	2578.911772154481	103.13119376267505
10220.0	1.0573353293413161	10.651569325297892	0.3168838617143827	2578.911772154481	103.13119376267505
10230.0	1.3178143712574824	10.651569325297892	0.3168838617143827	2578.911772154481	103.13119376267505
10240.0	1.144161676646706	10.651569325297892	0.3168838617143827	2578.911772154481	103.13119376267505
10250.0	0.6501497005988012	10.651569325297892	0.3168838617143827	2578.911772154481	103.13119376267505
10260.0	0.8747005988023939	10.651569325297892	0.3168838617143827	2578.911772154481	103.13119376267505
10270.0	0.7130239520958072	10.651569325297892	0.3168838617143827	2578.911772154481	103.13119376267505
10280.0	0.6291916167664656	10.651569325297892	0.3168838617143827	2578.911772154481	103.13119376267505
10290.0	0.6202095808383223	10.651569325297892	0.3168838617143827	2578.911772154481	103.13119376267505
10300.0	0.8357784431137713	10.651569325297892	0.3168838617143827	2578.911772154481	103.13119376267505
10310.0	1.2100299401197587	10.651569325297892	0.3168838617143827	2578.911772154481	103.13119376267505
10320.0	1.290868263473052	10.651569325297892	0.3168838617143827	2578.911772154481	103.13119376267505
10330.0	0.8238023952095803	10.651569325297892	0.3168838617143827	2578.911772154481	103.13119376267505
10340.0	0.8477544910179624	10.651569325297892	0.3168838617143827	2578.911772154481	103.13119376267505
10350.0	1.1052395209580834	10.651569325297892	0.3168838617143827	2578.911772154481	103.13119376267505
10360.0	1.0992514970059861	10.651569325297892	0.3168838617143827	2578.911772154481	103.13119376267505
10370.0	1.0453592814371249	10.651569325297892	0.3168838617143827	2578.911772154481	103.13119376267505
10380.0	1.162125748502992	10.651569325297892	0.3168838617143827	2578.911772154481	103.13119376267505
10390.0	0.9405688622754478	10.651569325297892	0.3168838617143827	2578.911772154481	103.13119376267505
10400.0	1.0633233532934112	10.651569325297892	0.3168838617143827	2578.911772154481	103.13119376267505
10410.0	1.2369760479041902	10.651569325297892	0.3168838617143827	2578.911772154481	103.13119376267505
10420.0	1.1651197604790398	10.651569325297892	0.3168838617143827	2578.911772154481	103.13119376267505
10430.0	1.0244011976047895	10.651569325297892	0.3168838617143827	2578.911772154481	103.13119376267505
10440.0	1.3028443113772457	10.651569325297892	0.3168838617143827	2578.911772154481	103.13119376267505
10450.0	1.1830838323353277	10.651569325297892	0.3168838617143827	2578.911772154481	103.13119376267505
10460.0	0.8747005988023937	10.651569325297892	0.3168838617143827	2578.911772154481	103.13119376267505
10470.0	0.707035928143711	10.651569325297892	0.3168838617143827	2578.911772154481	103.13119376267505
10480.0	0.9525449101796389	10.651569325297892	0.3168838617143827	2578.911772154481	103.13119376267505
10490.0	1.1232035928143693	10.651569325297892	0.3168838617143827	2578.911772154481	103.13119376267505
10500.0	1.033383233532933	10.651569325297892	0.3168838617143827	2578.911772154481	103.13119376267505
10510.0	0.8657185628742505	10.651569325297892	0.3168838617143827	2578.911772154481	103.13119376267505
10520.0	1.0603293413173642	10.651569325297892	0.3168838617143827	2578.911772154481	103.13119376267505
10530.0	1.0363772455089815	10.651569325297892	0.3168838617143827	2578.911772154481	103.13119376267505
10540.0	0.7130239520958072	10.651569325297892	0.3168838617143827	2578.911772154481	103.13119376267505
10550.0	1.0842814371257476	10.651569325297892	0.3168838617143827	2578.911772154481	103.13119376267505
10560.0	1.0992514970059863	10.651569325297892	0.3168838617143827	2578.911772154481	103.13119376267505
10570.0	1.0393712574850282	10.651569325297892	0.3168838617143827	2578.911772154481	103.13119376267505
10580.0	1.1351796407185613	10.651569325297892	0.3168838617143827	2578.911772154481	103.13119376267505
10590.0	2.4136227544910165	10.651569325297892	0.3168838617143827	2578.911772154481	103.13119376267505
10600.0	1.6860778443113769	10.651569325297892	0.3168838617143827	2578.911772154481	103.13119376267505
10610.0	0.820808383233532	10.651569325297892	0.3168838617143827	2578.911772154481	103.13119376267505
10620.0	0.4345808383233519	10.651569325297892	0.3168838617143827	2578.911772154481	103.13119376267505
10630.0	0.49745508982035813	10.651569325297892	0.3168838617143827	2578.911772154481	103.13119376267505
10640.0	0.7998502994011965	10.651569325297892	0.3168838617143827	2578.911772154481	103.13119376267505
10650.0	0.802844311377244	10.651569325297892	0.3168838617143827	2578.911772154481	103.13119376267505
10660.0	1.2938622754491003	10.651569325297892	0.3168838617143827	2578.911772154481	103.13119376267505
10670.0	1.4585329341317361	10.651569325297892	0.3168838617143827	2578.911772154481	103.13119376267505
10680.0	1.224999999999998	10.651569325297892	0.3168838617143827	2578.911772154481	103.13119376267505
10690.0	1.3028443113772439	10.651569325297892	0.3168838617143827	2578.911772154481	103.13119376267505
10700.0	1.3657185628742514	10.651569325297892	0.3168838617143827	2578.911772154481	103.13119376267505
10710.0	1.4166167664670646	10.651569325297892	0.3168838617143827	2578.911772154481	103.13119376267505
10720.0	1.3896706586826337	10.651569325297892	0.3168838617143827	2578.911772154481	103.13119376267505
10730.0	1.4854790419161654	10.651569325297892	0.3168838617143827	2578.911772154481	103.13119376267505
10740.0	1.6112275449101787	10.651569325297892	0.3168838617143827	2578.911772154481	103.13119376267505
10750.0	1.2639221556886213	10.651569325297892	0.3168838617143827	2578.911772154481	103.13119376267505
10760.0	0.9405688622754479	10.651569325297892	0.3168838617143827	2578.911772154481	103.13119376267505
10770.0	1.2399700598802381	10.651569325297892	0.3168838617143827	2578.911772154481	103.13119376267505
10780.0	1.434580838323351	10.651569325297892	0.3168838617143827	2578.911772154481	103.13119376267505
10790.0	1.8747005988023948	10.651569325297892	0.3168838617143827	2578.911772154481	103.13119376267505
10800.0	1.4345808383233525	10.651569325297892	0.3168838617143827	2578.911772154481	103.13119376267505
10810.0	1.3208083832335318	10.651569325297892	0.3168838617143827	2578.911772154481	103.13119376267505
10820.0	1.3896706586826335	10.651569325297892	0.3168838617143827	2578.911772154481	103.13119376267505
10830.0	1.2429640718562875	10.651569325297892	0.3168838617143827	2578.911772154481	103.13119376267505
10840.0	0.8297904191616762	10.651569325297892	0.3168838617143827	2578.911772154481	103.13119376267505
10850.0	0.7100299401197592	10.651569325297892	0.3168838617143827	2578.911772154481	103.13119376267505
10860.0	0.8567365269461067	10.651569325297892	0.3168838617143827	2578.911772154481	103.13119376267505
10870.0	0.8956586826347305	10.651569325297892	0.3168838617143827	2578.911772154481	103.13119376267505
10880.0	0.9375748502994002	10.651569325297892	0.3168838617143827	2578.911772154481	103.13119376267505
10890.0	1.2040419161676639	10.651569325297892	0.3168838617143827	2578.911772154481	103.13119376267505
10900.0	2.308832335329339	10.651569325297892	0.3168838617143827	2578.911772154481	103.13119376267505
10910.0	1.1950598802395196	10.651569325297892	0.3168838617143827	2578.911772154481	103.13119376267505
10920.0	0.6591317365269442	10.651569325297892	0.3168838617143827	2578.911772154481	103.13119376267505
10930.0	0.4735029940119749	10.651569325297892	0.3168838617143827	2578.911772154481	103.13119376267505
10940.0	0.5333832335329327	10.651569325297892	0.3168838617143827	2578.911772154481	103.13119376267505
10950.0	0.6830838323353283	10.651569325297892	0.3168838617143827	2578.911772154481	103.13119376267505
10960.0	0.8926646706586824	10.651569325297892	0.3168838617143827	2578.911772154481	103.13119376267505
10970.0	0.6741017964071847	10.651569325297892	0.3168838617143827	2578.911772154481	103.13119376267505
10980.0	1.395658682634729	10.651569325297892	0.3168838617143827	2578.911772154481	103.13119376267505
10990.0	1.1621257485029926	10.651569325297892	0.3168838617143827	2578.911772154481	103.13119376267505
11000.0	0.9076347305389204	10.651569325297892	0.3168838617143827	2578.911772154481	103.13119376267505
11010.0	1.0513473053892204	10.651569325297892	0.3168838617143827	2578.911772154481	103.13119376267505
11020.0	1.3238023952095797	10.651569325297892	0.3168838617143827	2578.911772154481	103.13119376267505
11030.0	1.1561377245508981	10.651569325297892	0.3168838617143827	2578.911772154481	103.13119376267505
11040.0	0.9854790419161662	10.651569325297892	0.3168838617143827	2578.911772154481	103.13119376267505
11050.0	1.3357784431137718	10.651569325297892	0.3168838617143827	2578.911772154481	103.13119376267505
11060.0	1.4166167664670646	10.651569325297892	0.3168838617143827	2578.911772154481	103.13119376267505
11070.0	1.3747005988023941	10.651569325297892	0.3168838617143827	2578.911772154481	103.13119376267505
11080.0	0.8866766467065857	10.651569325297892	0.3168838617143827	2578.911772154481	103.13119376267505
11090.0	0.4495508982035916	10.651569325297892	0.3168838617143827	2578.911772154481	103.13119376267505
11100.0	0.8058383233532928	10.651569325297892	0.3168838617143827	2578.911772154481	103.13119376267505
11110.0	1.0034431137724529	10.651569325297892	0.3168838617143827	2578.911772154481	103.13119376267505
11120.0	0.9136227544910163	10.651569325297892	0.3168838617143827	2578.911772154481	103.13119376267505
11130.0	0.775898203592813	10.651569325297892	0.3168838617143827	2578.911772154481	103.13119376267505
11140.0	1.36571856287425	10.651569325297892	0.3168838617143827	2578.911772154481	103.13119376267505
11150.0	1.1860778443113749	10.651569325297892	0.3168838617143827	2578.911772154481	103.13119376267505
11160.0	1.2369760479041905	10.651569325297892	0.3168838617143827	2578.911772154481	103.13119376267505
11170.0	1.0723053892215553	10.651569325297892	0.3168838617143827	2578.911772154481	103.13119376267505
11180.0	1.1291916167664657	10.651569325297892	0.3168838617143827	2578.911772154481	103.13119376267505
11190.0	0.8627245508982025	10.651569325297892	0.3168838617143827	2578.911772154481	103.13119376267505
11200.0	1.0902694610778432	10.651569325297892	0.3168838617143827	2578.911772154481	103.13119376267505
11210.0	1.2309880239520945	10.651569325297892	0.3168838617143827	2578.911772154481	103.13119376267505
11220.0	0.8567365269461067	10.651569325297892	0.3168838617143827	2578.911772154481	103.13119376267505
11230.0	0.8747005988023947	10.651569325297892	0.3168838617143827	2578.911772154481	103.13119376267505
11240.0	0.9046407185628735	10.651569325297892	0.3168838617143827	2578.911772154481	103.13119376267505
11250.0	1.1890718562874232	10.651569325297892	0.3168838617143827	2578.911772154481	103.13119376267505
11260.0	1.4076347305389203	10.651569325297892	0.3168838617143827	2578.911772154481	103.13119376267505
11270.0	1.039371257485029	10.651569325297892	0.3168838617143827	2578.911772154481	103.13119376267505
11280.0	0.6411676646706573	10.651569325297892	0.3168838617143827	2578.911772154481	103.13119376267505
11290.0	0.6860778443113759	10.651569325297892	0.3168838617143827	2578.911772154481	103.13119376267505
11300.0	1.108233532934131	10.651569325297892	0.3168838617143827	2578.911772154481	103.13119376267505
11310.0	1.2130239520958075	10.651569325297892	0.3168838617143827	2578.911772154481	103.13119376267505
11320.0	0.8627245508982023	10.651569325297892	0.3168838617143827	2578.911772154481	103.13119376267505
11330.0	0.5273952095808371	10.651569325297892	0.3168838617143827	2578.911772154481	103.13119376267505
11340.0	0.9106287425149688	10.651569325297892	0.3168838617143827	2578.911772154481	103.13119376267505
11350.0	1.0663173652694597	10.651569325297892	0.3168838617143827	2578.911772154481	103.13119376267505
11360.0	0.8297904191616754	10.651569325297892	0.3168838617143827	2578.911772154481	103.13119376267505
11370.0	0.9226047904191604	10.651569325297892	0.3168838617143827	2578.911772154481	103.13119376267505
11380.0	0.8297904191616764	10.651569325297892	0.3168838617143827	2578.911772154481	103.13119376267505
11390.0	1.2309880239520947	10.651569325297892	0.3168838617143827	2578.911772154481	103.13119376267505
11400.0	1.1531437125748496	10.651569325297892	0.3168838617143827	2578.911772154481	103.13119376267505
11410.0	0.9615269461077832	10.651569325297892	0.3168838617143827	2578.911772154481	103.13119376267505
11420.0	0.9735029940119755	10.651569325297892	0.3168838617143827	2578.911772154481	103.13119376267505
11430.0	1.0902694610778432	10.651569325297892	0.3168838617143827	2578.911772154481	103.13119376267505
11440.0	0.9525449101796394	10.651569325297892	0.3168838617143827	2578.911772154481	103.13119376267505
11450.0	0.8238023952095794	10.651569325297892	0.3168838617143827	2578.911772154481	103.13119376267505
11460.0	1.1321856287425134	10.651569325297892	0.3168838617143827	2578.911772154481	103.13119376267505
11470.0	1.1770958083832324	10.651569325297892	0.3168838617143827	2578.911772154481	103.13119376267505
11480.0	0.9884730538922148	10.651569325297892	0.3168838617143827	2578.911772154481	103.13119376267505
11490.0	0.692065868263472	10.651569325297892	0.3168838617143827	2578.911772154481	103.13119376267505
11500.0	0.6471556886227534	10.651569325297892	0.3168838617143827	2578.911772154481	103.13119376267505
11510.0	0.9345808383233525	10.651569325297892	0.3168838617143827	2578.911772154481	103.13119376267505
11520.0	1.039371257485029	10.651569325297892	0.3168838617143827	2578.911772154481	103.13119376267505
11530.0	1.1531437125748492	10.651569325297892	0.3168838617143827	2578.911772154481	103.13119376267505
11540.0	0.9764970059880227	10.651569325297892	0.3168838617143827	2578.911772154481	103.13119376267505
11550.0	1.1202095808383223	10.651569325297892	0.3168838617143827	2578.911772154481	103.13119376267505
11560.0	1.0333832335329336	10.651569325297892	0.3168838617143827	2578.911772154481	103.13119376267505
11570.0	1.1681137724550879	10.651569325297892	0.3168838617143827	2578.911772154481	103.13119376267505
11580.0	1.0812874251496989	10.651569325297892	0.3168838617143827	2578.911772154481	103.13119376267505
11590.0	0.6681137724550892	10.651569325297892	0.3168838617143827	2578.911772154481	103.13119376267505
11600.0	0.7399700598802383	10.651569325297892	0.3168838617143827	2578.911772154481	103.13119376267505
11610.0	1.1711077844311373	10.651569325297892	0.3168838617143827	2578.911772154481	103.13119376267505
11620.0	1.4345808383233516	10.651569325297892	0.3168838617143827	2578.911772154481	103.13119376267505
11630.0	1.4974550898203585	10.651569325297892	0.3168838617143827	2578.911772154481	103.13119376267505
11640.0	1.7309880239520934	10.651569325297892	0.3168838617143827	2578.911772154481	103.13119376267505
11650.0	1.1830838323353279	10.651569325297892	0.3168838617143827	2578.911772154481	103.13119376267505
11660.0	1.120209580838322	10.651569325297892	0.3168838617143827	2578.911772154481	103.13119376267505
11670.0	0.5872754491017955	10.651569325297892	0.3168838617143827	2578.911772154481	103.13119376267505
11680.0	0.6920658682634718	10.651569325297892	0.3168838617143827	2578.911772154481	103.13119376267505
11690.0	0.7160179640718554	10.651569325297892	0.3168838617143827	2578.911772154481	103.13119376267505
11700.0	0.9944610778443099	10.651569325297892	0.3168838617143827	2578.911772154481	103.13119376267505
11710.0	1.1741017964071847	10.651569325297892	0.3168838617143827	2578.911772154481	103.13119376267505
11720.0	1.1621257485029923	10.651569325297892	0.3168838617143827	2578.911772154481	103.13119376267505
11730.0	1.2010479041916158	10.651569325297892	0.3168838617143827	2578.911772154481	103.13119376267505
11740.0	0.6890718562874236	10.651569325297892	0.3168838617143827	2578.911772154481	103.13119376267505
11750.0	0.6142215568862264	10.651569325297892	0.3168838617143827	2578.911772154481	103.13119376267505
11760.0	0.7788922155688611	10.651569325297892	0.3168838617143827	2578.911772154481	103.13119376267505
11770.0	1.0154191616766448	10.651569325297892	0.3168838617143827	2578.911772154481	103.13119376267505
11780.0	1.0094311377245502	10.651569325297892	0.3168838617143827	2578.911772154481	103.13119376267505
11790.0	0.6381736526946097	10.651569325297892	0.3168838617143827	2578.911772154481	103.13119376267505
11800.0	0.6681137724550884	10.651569325297892	0.3168838617143827	2578.911772154481	103.13119376267505
11810.0	0.7459580838323339	10.651569325297892	0.3168838617143827	2578.911772154481	103.13119376267505
11820.0	1.0603293413173647	10.651569325297892	0.3168838617143827	2578.911772154481	103.13119376267505
11830.0	1.269910179640717	10.651569325297892	0.3168838617143827	2578.911772154481	103.13119376267505
11840.0	0.8896706586826333	10.651569325297892	0.3168838617143827	2578.911772154481	103.13119376267505
11850.0	0.8297904191616764	10.651569325297892	0.3168838617143827	2578.911772154481	103.13119376267505
11860.0	0.8148203592814358	10.651569325297892	0.3168838617143827	2578.911772154481	103.13119376267505
11870.0	1.1142215568862264	10.651569325297892	0.3168838617143827	2578.911772154481	103.13119376267505
11880.0	0.7489520958083821	10.651569325297892	0.3168838617143827	2578.911772154481	103.13119376267505
11890.0	1.162125748502993	10.651569325297892	0.3168838617143827	2578.911772154481	103.13119376267505
11900.0	1.1441616766467058	10.651569325297892	0.3168838617143827	2578.911772154481	103.13119376267505
11910.0	1.1501497005988006	10.651569325297892	0.3168838617143827	2578.911772154481	103.13119376267505
11920.0	1.2249999999999985	10.651569325297892	0.3168838617143827	2578.911772154481	103.13119376267505
11930.0	0.9675149700598789	10.651569325297892	0.3168838617143827	2578.911772154481	103.13119376267505
11940.0	0.7699101796407177	10.651569325297892	0.3168838617143827	2578.911772154481	103.13119376267505
11950.0	0.8747005988023936	10.651569325297892	0.3168838617143827	2578.911772154481	103.13119376267505
11960.0	0.7758982035928136	10.651569325297892	0.3168838617143827	2578.911772154481	103.13119376267505
11970.0	1.2908682634730533	10.651569325297892	0.3168838617143827	2578.911772154481	103.13119376267505
11980.0	0.9914670658682623	10.651569325297892	0.3168838617143827	2578.911772154481	103.13119376267505
11990.0	0.7998502994011962	10.651569325297892	0.3168838617143827	2578.911772154481	103.13119376267505
12000.0	0.7758982035928129	10.651569325297892	0.3168838617143827	2578.911772154481	103.13119376267505
12010.0	0.35973053892215445	10.651569325297892	0.3168838617143827	2578.911772154481	103.13119376267505
12020.0	0.4046407185628731	10.651569325297892	0.3168838617143827	2578.911772154481	103.13119376267505
12030.0	0.8028443113772447	10.651569325297892	0.3168838617143827	2578.911772154481	103.13119376267505
12040.0	0.7699101796407172	10.651569325297892	0.3168838617143827	2578.911772154481	103.13119376267505
12050.0	1.1351796407185617	10.651569325297892	0.3168838617143827	2578.911772154481	103.13119376267505
12060.0	0.8806886227544903	10.651569325297892	0.3168838617143827	2578.911772154481	103.13119376267505
12070.0	0.7699101796407176	10.651569325297892	0.3168838617143827	2578.911772154481	103.13119376267505
12080.0	1.1591317365269445	10.651569325297892	0.3168838617143827	2578.911772154481	103.13119376267505
12090.0	1.0034431137724535	10.651569325297892	0.3168838617143827	2578.911772154481	103.13119376267505
12100.0	0.8387724550898196	10.651569325297892	0.3168838617143827	2578.911772154481	103.13119376267505
12110.0	0.6411676646706571	10.651569325297892	0.3168838617143827	2578.911772154481	103.13119376267505
12120.0	0.7369760479041905	10.651569325297892	0.3168838617143827	2578.911772154481	103.13119376267505
12130.0	0.536377245508981	10.651569325297892	0.3168838617143827	2578.911772154481	103.13119376267505
12140.0	0.6022455089820344	10.651569325297892	0.3168838617143827	2578.911772154481	103.13119376267505
12150.0	0.6531437125748492	10.651569325297892	0.3168838617143827	2578.911772154481	103.13119376267505
12160.0	0.7070359281437117	10.651569325297892	0.3168838617143827	2578.911772154481	103.13119376267505
12170.0	0.500449101796406	10.651569325297892	0.3168838617143827	2578.911772154481	103.13119376267505
12180.0	0.8926646706586812	10.651569325297892	0.3168838617143827	2578.911772154481	103.13119376267505
12190.0	1.0124251497005965	10.651569325297892	0.3168838617143827	2578.911772154481	103.13119376267505
12200.0	0.811826347305388	10.651569325297892	0.3168838617143827	2578.911772154481	103.13119376267505
12210.0	0.8267964071856272	10.651569325297892	0.3168838617143827	2578.911772154481	103.13119376267505
12220.0	0.49146706586826244	10.651569325297892	0.3168838617143827	2578.911772154481	103.13119376267505
12230.0	0.5633233532934125	10.651569325297892	0.3168838617143827	2578.911772154481	103.13119376267505
12240.0	0.6950598802395204	10.651569325297892	0.3168838617143827	2578.911772154481	103.13119376267505
12250.0	0.8507485029940105	10.651569325297892	0.3168838617143827	2578.911772154481	103.13119376267505
12260.0	0.6860778443113763	10.651569325297892	0.3168838617143827	2578.911772154481	103.13119376267505
12270.0	1.233982035928142	10.651569325297892	0.3168838617143827	2578.911772154481	103.13119376267505
12280.0	1.045359281437125	10.651569325297892	0.3168838617143827	2578.911772154481	103.13119376267505
12290.0	0.8238023952095803	10.651569325297892	0.3168838617143827	2578.911772154481	103.13119376267505
12300.0	0.719011976047903	10.651569325297892	0.3168838617143827	2578.911772154481	103.13119376267505
12310.0	0.6112275449101781	10.651569325297892	0.3168838617143827	2578.911772154481	103.13119376267505
12320.0	0.7519461077844298	10.651569325297892	0.3168838617143827	2578.911772154481	103.13119376267505
12330.0	0.5214071856287413	10.651569325297892	0.3168838617143827	2578.911772154481	103.13119376267505
12340.0	0.7519461077844302	10.651569325297892	0.3168838617143827	2578.911772154481	103.13119376267505
12350.0	0.9914670658682625	10.651569325297892	0.3168838617143827	2578.911772154481	103.13119376267505
12360.0	2.251946107784432	10.651569325297892	0.3168838617143827	2578.911772154481	103.13119376267505
12370.0	1.7579341317365274	10.651569325297892	0.3168838617143827	2578.911772154481	103.13119376267505
12380.0	1.341766467065867	10.651569325297892	0.3168838617143827	2578.911772154481	103.13119376267505
12390.0	1.0483532934131718	10.651569325297892	0.3168838617143827	2578.911772154481	103.13119376267505
12400.0	0.9285928143712567	10.651569325297892	0.3168838617143827	2578.911772154481	103.13119376267505
12410.0	0.7489520958083821	10.651569325297892	0.3168838617143827	2578.911772154481	103.13119376267505
12420.0	0.9675149700598793	10.651569325297892	0.3168838617143827	2578.911772154481	103.13119376267505
12430.0	0.8776946107784418	10.651569325297892	0.3168838617143827	2578.911772154481	103.13119376267505
12440.0	0.9196107784431137	10.651569325297892	0.3168838617143827	2578.911772154481	103.13119376267505
12450.0	0.7788922155688615	10.651569325297892	0.3168838617143827	2578.911772154481	103.13119376267505
12460.0	0.9705089820359263	10.651569325297892	0.3168838617143827	2578.911772154481	103.13119376267505
12470.0	1.4615269461077824	10.651569325297892	0.3168838617143827	2578.911772154481	103.13119376267505
12480.0	1.084281437125747	10.651569325297892	0.3168838617143827	2578.911772154481	103.13119376267505
12490.0	0.7848802395209569	10.651569325297892	0.3168838617143827	2578.911772154481	103.13119376267505
12500.0	0.9345808383233518	10.651569325297892	0.3168838617143827	2578.911772154481	103.13119376267505
12510.0	0.9255988023952082	10.651569325297892	0.3168838617143827	2578.911772154481	103.13119376267505
12520.0	0.7459580838323343	10.651569325297892	0.3168838617143827	2578.911772154481	103.13119376267505
12530.0	0.554341317365268	10.651569325297892	0.3168838617143827	2578.911772154481	103.13119376267505
12540.0	0.6860778443113763	10.651569325297892	0.3168838617143827	2578.911772154481	103.13119376267505
12550.0	1.0902694610778427	10.651569325297892	0.3168838617143827	2578.911772154481	103.13119376267505
12560.0	0.9106287425149686	10.651569325297892	0.3168838617143827	2578.911772154481	103.13119376267505
12570.0	0.6711077844311364	10.651569325297892	0.3168838617143827	2578.911772154481	103.13119376267505
12580.0	0.4465568862275435	10.651569325297892	0.3168838617143827	2578.911772154481	103.13119376267505
12590.0	0.6770958083832326	10.651569325297892	0.3168838617143827	2578.911772154481	103.13119376267505
12600.0	0.8417664670658679	10.651569325297892	0.3168838617143827	2578.911772154481	103.13119376267505
12610.0	0.5124251497005975	10.651569325297892	0.3168838617143827	2578.911772154481	103.13119376267505
12620.0	0.6770958083832324	10.651569325297892	0.3168838617143827	2578.911772154481	103.13119376267505
12630.0	1.0333832335329332	10.651569325297892	0.3168838617143827	2578.911772154481	103.13119376267505
12640.0	0.8747005988023948	10.651569325297892	0.3168838617143827	2578.911772154481	103.13119376267505
12650.0	1.1411676646706574	10.651569325297892	0.3168838617143827	2578.911772154481	103.13119376267505
12660.0	0.8028443113772445	10.651569325297892	0.3168838617143827	2578.911772154481	103.13119376267505
12670.0	0.6920658682634718	10.651569325297892	0.3168838617143827	2578.911772154481	103.13119376267505
12680.0	0.5812874251496994	10.651569325297892	0.3168838617143827	2578.911772154481	103.13119376267505
12690.0	0.5782934131736513	10.651569325297892	0.3168838617143827	2578.911772154481	103.13119376267505
12700.0	0.8836826347305375	10.651569325297892	0.3168838617143827	2578.911772154481	103.13119376267505
12710.0	0.8208083832335312	10.651569325297892	0.3168838617143827	2578.911772154481	103.13119376267505
12720.0	1.1291916167664655	10.651569325297892	0.3168838617143827	2578.911772154481	103.13119376267505
12730.0	0.8747005988023944	10.651569325297892	0.3168838617143827	2578.911772154481	103.13119376267505
12740.0	1.0752994011976036	10.651569325297892	0.3168838617143827	2578.911772154481	103.13119376267505
12750.0	1.1800898203592793	10.651569325297892	0.3168838617143827	2578.911772154481	103.13119376267505
12760.0	0.6890718562874241	10.651569325297892	0.3168838617143827	2578.911772154481	103.13119376267505
12770.0	0.7818862275449096	10.651569325297892	0.3168838617143827	2578.911772154481	103.13119376267505
12780.0	0.6830838323353281	10.651569325297892	0.3168838617143827	2578.911772154481	103.13119376267505
12790.0	0.5543413173652683	10.651569325297892	0.3168838617143827	2578.911772154481	103.13119376267505
12800.0	0.6681137724550887	10.651569325297892	0.3168838617143827	2578.911772154481	103.13119376267505
12810.0	0.5723053892215555	10.651569325297892	0.3168838617143827	2578.911772154481	103.13119376267505
12820.0	1.0094311377245493	10.651569325297892	0.3168838617143827	2578.911772154481	103.13119376267505
12830.0	0.9495508982035926	10.651569325297892	0.3168838617143827	2578.911772154481	103.13119376267505
12840.0	0.874700598802394	10.651569325297892	0.3168838617143827	2578.911772154481	103.13119376267505
12850.0	0.7878742514970041	10.651569325297892	0.3168838617143827	2578.911772154481	103.13119376267505
12860.0	1.0902694610778423	10.651569325297892	0.3168838617143827	2578.911772154481	103.13119376267505
12870.0	0.6770958083832327	10.651569325297892	0.3168838617143827	2578.911772154481	103.13119376267505
12880.0	0.7998502994011973	10.651569325297892	0.3168838617143827	2578.911772154481	103.13119376267505
12890.0	0.9525449101796395	10.651569325297892	0.3168838617143827	2578.911772154481	103.13119376267505
12900.0	0.9705089820359276	10.651569325297892	0.3168838617143827	2578.911772154481	103.13119376267505
12910.0	0.656137724550897	10.651569325297892	0.3168838617143827	2578.911772154481	103.13119376267505
12920.0	0.7519461077844304	10.651569325297892	0.3168838617143827	2578.911772154481	103.13119376267505
12930.0	0.8567365269461067	10.651569325297892	0.3168838617143827	2578.911772154481	103.13119376267505
12940.0	0.6052395209580824	10.651569325297892	0.3168838617143827	2578.911772154481	103.13119376267505
12950.0	0.5004491017964062	10.651569325297892	0.3168838617143827	2578.911772154481	103.13119376267505
12960.0	0.5872754491017945	10.651569325297892	0.3168838617143827	2578.911772154481	103.13119376267505
12970.0	0.5812874251496994	10.651569325297892	0.3168838617143827	2578.911772154481	103.13119376267505
12980.0	0.8238023952095802	10.651569325297892	0.3168838617143827	2578.911772154481	103.13119376267505
12990.0	0.7848802395209571	10.651569325297892	0.3168838617143827	2578.911772154481	103.13119376267505
13000.0	0.8597305389221549	10.651569325297892	0.3168838617143827	2578.911772154481	103.13119376267505
13010.0	0.7339820359281426	10.651569325297892	0.3168838617143827	2578.911772154481	103.13119376267505
13020.0	0.6321856287425144	10.651569325297892	0.3168838617143827	2578.911772154481	103.13119376267505
13030.0	0.5663173652694606	10.651569325297892	0.3168838617143827	2578.911772154481	103.13119376267505
13040.0	0.5633233532934117	10.651569325297892	0.3168838617143827	2578.911772154481	103.13119376267505
13050.0	0.8836826347305384	10.651569325297892	0.3168838617143827	2578.911772154481	103.13119376267505
13060.0	0.7549401197604777	10.651569325297892	0.3168838617143827	2578.911772154481	103.13119376267505
13070.0	0.5453592814371248	10.651569325297892	0.3168838617143827	2578.911772154481	103.13119376267505
13080.0	0.8776946107784417	10.651569325297892	0.3168838617143827	2578.911772154481	103.13119376267505
13090.0	1.048353293413173	10.651569325297892	0.3168838617143827	2578.911772154481	103.13119376267505
13100.0	0.7938622754491	10.651569325297892	0.3168838617143827	2578.911772154481	103.13119376267505
13110.0	0.7998502994011965	10.651569325297892	0.3168838617143827	2578.911772154481	103.13119376267505
13120.0	0.9824850299401183	10.651569325297892	0.3168838617143827	2578.911772154481	103.13119376267505
13130.0	0.5543413173652681	10.651569325297892	0.3168838617143827	2578.911772154481	103.13119376267505
13140.0	0.46452095808383087	10.651569325297892	0.3168838617143827	2578.911772154481	103.13119376267505
13150.0	0.5273952095808371	10.651569325297892	0.3168838617143827	2578.911772154481	103.13119376267505
13160.0	0.4315868263473043	10.651569325297892	0.3168838617143827	2578.911772154481	103.13119376267505
13170.0	0.5393712574850285	10.651569325297892	0.3168838617143827	2578.911772154481	103.13119376267505
13180.0	0.4884730538922144	10.651569325297892	0.3168838617143827	2578.911772154481	103.13119376267505
13190.0	0.5543413173652684	10.651569325297892	0.3168838617143827	2578.911772154481	103.13119376267505
13200.0	0.8926646706586804	10.651569325297892	0.3168838617143827	2578.911772154481	103.13119376267505
13210.0	1.0752994011976031	10.651569325297892	0.3168838617143827	2578.911772154481	103.13119376267505
13220.0	0.7220059880239508	10.651569325297892	0.3168838617143827	2578.911772154481	103.13119376267505
13230.0	0.5992514970059873	10.651569325297892	0.3168838617143827	2578.911772154481	103.13119376267505
13240.0	0.8118263473053877	10.651569325297892	0.3168838617143827	2578.911772154481	103.13119376267505
13250.0	0.7549401197604778	10.651569325297892	0.3168838617143827	2578.911772154481	103.13119376267505
13260.0	0.3986526946107774	10.651569325297892	0.3168838617143827	2578.911772154481	103.13119376267505
13270.0	0.5453592814371248	10.651569325297892	0.3168838617143827	2578.911772154481	103.13119376267505
13280.0	1.027395209580837	10.651569325297892	0.3168838617143827	2578.911772154481	103.13119376267505
13290.0	0.6681137724550887	10.651569325297892	0.3168838617143827	2578.911772154481	103.13119376267505
13300.0	0.6830838323353289	10.651569325297892	0.3168838617143827	2578.911772154481	103.13119376267505
13310.0	0.9106287425149697	10.651569325297892	0.3168838617143827	2578.911772154481	103.13119376267505
13320.0	1.0333832335329325	10.651569325297892	0.3168838617143827	2578.911772154481	103.13119376267505
13330.0	1.051347305389221	10.651569325297892	0.3168838617143827	2578.911772154481	103.13119376267505
13340.0	0.6531437125748488	10.651569325297892	0.3168838617143827	2578.911772154481	103.13119376267505
13350.0	0.6890718562874235	10.651569325297892	0.3168838617143827	2578.911772154481	103.13119376267505
13360.0	0.6142215568862265	10.651569325297892	0.3168838617143827	2578.911772154481	103.13119376267505
13370.0	0.7220059880239508	10.651569325297892	0.3168838617143827	2578.911772154481	103.13119376267505
13380.0	1.1142215568862266	10.651569325297892	0.3168838617143827	2578.911772154481	103.13119376267505
13390.0	1.2549401197604775	10.651569325297892	0.3168838617143827	2578.911772154481	103.13119376267505
13400.0	1.0303892215568853	10.651569325297892	0.3168838617143827	2578.911772154481	103.13119376267505
13410.0	0.8297904191616761	10.651569325297892	0.3168838617143827	2578.911772154481	103.13119376267505
13420.0	0.9435628742514965	10.651569325297892	0.3168838617143827	2578.911772154481	103.13119376267505
13430.0	1.1112275449101783	10.651569325297892	0.3168838617143827	2578.911772154481	103.13119376267505
13440.0	0.9106287425149687	10.651569325297892	0.3168838617143827	2578.911772154481	103.13119376267505
13450.0	1.0423652694610768	10.651569325297892	0.3168838617143827	2578.911772154481	103.13119376267505
13460.0	0.6501497005988012	10.651569325297892	0.3168838617143827	2578.911772154481	103.13119376267505
13470.0	0.6890718562874241	10.651569325297892	0.3168838617143827	2578.911772154481	103.13119376267505
13480.0	1.201047904191616	10.651569325297892	0.3168838617143827	2578.911772154481	103.13119376267505
13490.0	0.8896706586826338	10.651569325297892	0.3168838617143827	2578.911772154481	103.13119376267505
13500.0	0.7938622754491018	10.651569325297892	0.3168838617143827	2578.911772154481	103.13119376267505
13510.0	0.8028443113772449	10.651569325297892	0.3168838617143827	2578.911772154481	103.13119376267505
13520.0	1.4016467065868257	10.651569325297892	0.3168838617143827	2578.911772154481	103.13119376267505
13530.0	1.6531437125748494	10.651569325297892	0.3168838617143827	2578.911772154481	103.13119376267505
13540.0	0.9196107784431127	10.651569325297892	0.3168838617143827	2578.911772154481	103.13119376267505
13550.0	0.42859281437125607	10.651569325297892	0.3168838617143827	2578.911772154481	103.13119376267505
13560.0	0.5094311377245496	10.651569325297892	0.3168838617143827	2578.911772154481	103.13119376267505
13570.0	0.6830838323353277	10.651569325297892	0.3168838617143827	2578.911772154481	103.13119376267505
13580.0	0.7190119760479032	10.651569325297892	0.3168838617143827	2578.911772154481	103.13119376267505
13590.0	0.662125748502993	10.651569325297892	0.3168838617143827	2578.911772154481	103.13119376267505
13600.0	0.7190119760479033	10.651569325297892	0.3168838617143827	2578.911772154481	103.13119376267505
13610.0	0.6441616766467055	10.651569325297892	0.3168838617143827	2578.911772154481	103.13119376267505
13620.0	0.5812874251496991	10.651569325297892	0.3168838617143827	2578.911772154481	103.13119376267505
13630.0	0.6830838323353278	10.651569325297892	0.3168838617143827	2578.911772154481	103.13119376267505
13640.0	0.38667664670658575	10.651569325297892	0.3168838617143827	2578.911772154481	103.13119376267505
13650.0	0.6381736526946092	10.651569325297892	0.3168838617143827	2578.911772154481	103.13119376267505
13660.0	0.9285928143712553	10.651569325297892	0.3168838617143827	2578.911772154481	103.13119376267505
13670.0	0.8387724550898187	10.651569325297892	0.3168838617143827	2578.911772154481	103.13119376267505
13680.0	0.8866766467065859	10.651569325297892	0.3168838617143827	2578.911772154481	103.13119376267505
13690.0	0.6351796407185618	10.651569325297892	0.3168838617143827	2578.911772154481	103.13119376267505
13700.0	0.8447604790419141	10.651569325297892	0.3168838617143827	2578.911772154481	103.13119376267505
13710.0	0.5693113772455081	10.651569325297892	0.3168838617143827	2578.911772154481	103.13119376267505
13720.0	0.8417664670658669	10.651569325297892	0.3168838617143827	2578.911772154481	103.13119376267505
13730.0	1.1232035928143702	10.651569325297892	0.3168838617143827	2578.911772154481	103.13119376267505
13740.0	1.162125748502992	10.651569325297892	0.3168838617143827	2578.911772154481	103.13119376267505
13750.0	0.8267964071856267	10.651569325297892	0.3168838617143827	2578.911772154481	103.13119376267505
13760.0	0.8028443113772441	10.651569325297892	0.3168838617143827	2578.911772154481	103.13119376267505
13770.0	1.0244011976047895	10.651569325297892	0.3168838617143827	2578.911772154481	103.13119376267505
13780.0	1.1830838323353283	10.651569325297892	0.3168838617143827	2578.911772154481	103.13119376267505
13790.0	1.144161676646705	10.651569325297892	0.3168838617143827	2578.911772154481	103.13119376267505
13800.0	0.6142215568862266	10.651569325297892	0.3168838617143827	2578.911772154481	103.13119376267505
13810.0	0.9764970059880237	10.651569325297892	0.3168838617143827	2578.911772154481	103.13119376267505
13820.0	0.6172155688622741	10.651569325297892	0.3168838617143827	2578.911772154481	103.13119376267505
13830.0	0.647155688622754	10.651569325297892	0.3168838617143827	2578.911772154481	103.13119376267505
13840.0	0.6351796407185615	10.651569325297892	0.3168838617143827	2578.911772154481	103.13119376267505
13850.0	0.6471556886227535	10.651569325297892	0.3168838617143827	2578.911772154481	103.13119376267505
13860.0	0.4136227544910167	10.651569325297892	0.3168838617143827	2578.911772154481	103.13119376267505
13870.0	1.05134730538922	10.651569325297892	0.3168838617143827	2578.911772154481	103.13119376267505
13880.0	1.6232035928143707	10.651569325297892	0.3168838617143827	2578.911772154481	103.13119376267505
13890.0	0.9136227544910162	10.651569325297892	0.3168838617143827	2578.911772154481	103.13119376267505
13900.0	0.5962574850299388	10.651569325297892	0.3168838617143827	2578.911772154481	103.13119376267505
13910.0	0.40164670658682505	10.651569325297892	0.3168838617143827	2578.911772154481	103.13119376267505
13920.0	0.7998502994011973	10.651569325297892	0.3168838617143827	2578.911772154481	103.13119376267505
13930.0	0.8058383233532918	10.651569325297892	0.3168838617143827	2578.911772154481	103.13119376267505
13940.0	0.6261976047904187	10.651569325297892	0.3168838617143827	2578.911772154481	103.13119376267505
13950.0	0.9525449101796388	10.651569325297892	0.3168838617143827	2578.911772154481	103.13119376267505
13960.0	0.6830838323353281	10.651569325297892	0.3168838617143827	2578.911772154481	103.13119376267505
13970.0	0.8776946107784417	10.651569325297892	0.3168838617143827	2578.911772154481	103.13119376267505
13980.0	0.7729041916167654	10.651569325297892	0.3168838617143827	2578.911772154481	103.13119376267505
13990.0	0.9974550898203585	10.651569325297892	0.3168838617143827	2578.911772154481	103.13119376267505
14000.0	0.8657185628742503	10.651569325297892	0.3168838617143827	2578.911772154481	103.13119376267505
14010.0	1.1232035928143693	10.651569325297892	0.3168838617143827	2578.911772154481	103.13119376267505
14020.0	0.8267964071856281	10.651569325297892	0.3168838617143827	2578.911772154481	103.13119376267505
14030.0	0.8238023952095803	10.651569325297892	0.3168838617143827	2578.911772154481	103.13119376267505
14040.0	0.739970059880238	10.651569325297892	0.3168838617143827	2578.911772154481	103.13119376267505
14050.0	0.5004491017964061	10.651569325297892	0.3168838617143827	2578.911772154481	103.13119376267505
14060.0	1.1321856287425143	10.651569325297892	0.3168838617143827	2578.911772154481	103.13119376267505
14070.0	1.2070359281437109	10.651569325297892	0.3168838617143827	2578.911772154481	103.13119376267505
14080.0	0.698053892215568	10.651569325297892	0.3168838617143827	2578.911772154481	103.13119376267505
14090.0	0.6471556886227532	10.651569325297892	0.3168838617143827	2578.911772154481	103.13119376267505
14100.0	0.6471556886227532	10.651569325297892	0.3168838617143827	2578.911772154481	103.13119376267505
14110.0	0.6591317365269449	10.651569325297892	0.3168838617143827	2578.911772154481	103.13119376267505
14120.0	0.7818862275449098	10.651569325297892	0.3168838617143827	2578.911772154481	103.13119376267505
14130.0	0.46751497005987935	10.651569325297892	0.3168838617143827	2578.911772154481	103.13119376267505
14140.0	0.68008982035928	10.651569325297892	0.3168838617143827	2578.911772154481	103.13119376267505
14150.0	0.8806886227544901	10.651569325297892	0.3168838617143827	2578.911772154481	103.13119376267505
14160.0	0.7100299401197588	10.651569325297892	0.3168838617143827	2578.911772154481	103.13119376267505
14170.0	0.4854790419161666	10.651569325297892	0.3168838617143827	2578.911772154481	103.13119376267505
14180.0	0.5214071856287413	10.651569325297892	0.3168838617143827	2578.911772154481	103.13119376267505
14190.0	0.5184131736526936	10.651569325297892	0.3168838617143827	2578.911772154481	103.13119376267505
14200.0	0.31781437125748385	10.651569325297892	0.3168838617143827	2578.911772154481	103.13119376267505
14210.0	0.8178143712574845	10.651569325297892	0.3168838617143827	2578.911772154481	103.13119376267505
14220.0	0.7010479041916154	10.651569325297892	0.3168838617143827	2578.911772154481	103.13119376267505
14230.0	0.49600798403193413	10.651569325297892	0.3168838617143827	2578.911772154481	103.13119376267505
14240.0	0.015918163672657235	10.651569325297892	0.3168838617143827	2578.911772154481	103.13119376267505
14250.0	0.005189620758483758	10.651569325297892	0.3168838617143827	2578.911772154481	103.13119376267505
14260.0	0.0021956087824358556	10.651569325297892	0.3168838617143827	2578.911772154481	103.13119376267505
14270.0	0.0004990019960061687	10.651569325297892	0.3168838617143827	2578.911772154481	103.13119376267505
14280.0	0.0034930139720540728	10.651569325297892	0.3168838617143827	2578.911772154481	103.13119376267505
14290.0	0.0011477045908180007	10.651569325297892	0.3168838617143827	2578.911772154481	103.13119376267505
14300.0	0.010129740518961714	10.651569325297892	0.3168838617143827	2578.911772154481	103.13119376267505
14310.0	0.0036926147704598082	10.651569325297892	0.3168838617143827	2578.911772154481	103.13119376267505
14320.0	0.006487025948101977	10.651569325297892	0.3168838617143827	2578.911772154481	103.13119376267505
14330.0	0.0	10.651569325297892	0.3168838617143827	2578.911772154481	103.13119376267505
14340.0	0.0	10.651569325297892	0.3168838617143827	2578.911772154481	103.13119376267505
14350.0	0.0	10.651569325297892	0.3168838617143827	2578.911772154481	103.13119376267505
14360.0	0.0	10.651569325297892	0.3168838617143827	2578.911772154481	103.13119376267505
14370.0	0.0	10.651569325297892	0.3168838617143827	2578.911772154481	103.13119376267505
14380.0	0.0	10.651569325297892	0.3168838617143827	2578.911772154481	103.13119376267505
14390.0	0.0	10.651569325297892	0.3168838617143827	2578.911772154481	103.13119376267505
14400.0	0.0	10.651569325297892	0.3168838617143827	2578.911772154481	103.13119376267505
14410.0	0.0	10.651569325297892	0.3168838617143827	2578.911772154481	103.13119376267505
14420.0	0.0	10.651569325297892	0.3168838617143827	2578.911772154481	103.13119376267505
14430.0	0.0	10.651569325297892	0.3168838617143827	2578.911772154481	103.13119376267505
14440.0	0.0	10.651569325297892	0.3168838617143827	2578.911772154481	103.13119376267505
14450.0	0.0	10.651569325297892	0.3168838617143827	2578.911772154481	103.13119376267505
14460.0	0.0	10.651569325297892	0.3168838617143827	2578.911772154481	103.13119376267505
14470.0	0.0	10.651569325297892	0.3168838617143827	2578.911772154481	103.13119376267505
14480.0	0.0	10.651569325297892	0.3168838617143827	2578.911772154481	103.13119376267505
14490.0	0.0	10.651569325297892	0.3168838617143827	2578.911772154481	103.13119376267505
14500.0	0.0	10.651569325297892	0.3168838617143827	2578.911772154481	103.13119376267505
14510.0	0.0	10.651569325297892	0.3168838617143827	2578.911772154481	103.13119376267505
14520.0	0.0	10.651569325297892	0.3168838617143827	2578.911772154481	103.13119376267505
14530.0	0.0	10.651569325297892	0.3168838617143827	2578.911772154481	103.13119376267505
14540.0	0.0	10.651569325297892	0.3168838617143827	2578.911772154481	103.13119376267505
14550.0	0.0	10.651569325297892	0.3168838617143827	2578.911772154481	103.13119376267505
14560.0	0.0	10.651569325297892	0.3168838617143827	2578.911772154481	103.13119376267505
14570.0	0.0	10.651569325297892	0.3168838617143827	2578.911772154481	103.13119376267505
14580.0	0.0	10.651569325297892	0.3168838617143827	2578.911772154481	103.13119376267505
14590.0	0.0	10.651569325297892	0.3168838617143827	2578.911772154481	103.13119376267505
14600.0	0.0	10.651569325297892	0.3168838617143827	2578.911772154481	103.13119376267505
14610.0	0.0	10.651569325297892	0.3168838617143827	2578.911772154481	103.13119376267505
14620.0	0.0	10.651569325297892	0.3168838617143827	2578.911772154481	103.13119376267505
14630.0	0.0	10.651569325297892	0.3168838617143827	2578.911772154481	103.13119376267505
14640.0	0.0	10.651569325297892	0.3168838617143827	2578.911772154481	103.13119376267505
14650.0	0.0	10.651569325297892	0.3168838617143827	2578.911772154481	103.13119376267505
14660.0	0.0	10.651569325297892	0.3168838617143827	2578.911772154481	103.13119376267505
14670.0	0.0	10.651569325297892	0.3168838617143827	2578.911772154481	103.13119376267505
14680.0	0.0	10.651569325297892	0.3168838617143827	2578.911772154481	103.13119376267505
14690.0	0.0	10.651569325297892	0.3168838617143827	2578.911772154481	103.13119376267505
14700.0	0.0	10.651569325297892	0.3168838617143827	2578.911772154481	103.13119376267505
14710.0	0.0	10.651569325297892	0.3168838617143827	2578.911772154481	103.13119376267505
14720.0	0.0	10.651569325297892	0.3168838617143827	2578.911772154481	103.13119376267505
14730.0	0.0	10.651569325297892	0.3168838617143827	2578.911772154481	103.13119376267505
14740.0	0.0	10.651569325297892	0.3168838617143827	2578.911772154481	103.13119376267505
14750.0	0.0	10.651569325297892	0.3168838617143827	2578.911772154481	103.13119376267505
14760.0	0.0	10.651569325297892	0.3168838617143827	2578.911772154481	103.13119376267505
14770.0	0.0	10.651569325297892	0.3168838617143827	2578.911772154481	103.13119376267505
14780.0	0.0	10.651569325297892	0.3168838617143827	2578.911772154481	103.13119376267505
14790.0	0.0	10.651569325297892	0.3168838617143827	2578.911772154481	103.13119376267505
14800.0	0.0	10.651569325297892	0.3168838617143827	2578.911772154481	103.13119376267505
14810.0	0.0	10.651569325297892	0.3168838617143827	2578.911772154481	103.13119376267505
14820.0	0.0	10.651569325297892	0.3168838617143827	2578.911772154481	103.13119376267505
14830.0	0.0	10.651569325297892	0.3168838617143827	2578.911772154481	103.13119376267505
14840.0	0.0	10.651569325297892	0.3168838617143827	2578.911772154481	103.13119376267505
14850.0	0.0	10.651569325297892	0.3168838617143827	2578.911772154481	103.13119376267505
14860.0	0.0	10.651569325297892	0.3168838617143827	2578.911772154481	103.13119376267505
14870.0	0.0	10.651569325297892	0.3168838617143827	2578.911772154481	103.13119376267505
14880.0	0.0	10.651569325297892	0.3168838617143827	2578.911772154481	103.13119376267505
14890.0	0.0	10.651569325297892	0.3168838617143827	2578.911772154481	103.13119376267505
14900.0	0.0	10.651569325297892	0.3168838617143827	2578.911772154481	103.13119376267505
14910.0	0.0	10.651569325297892	0.3168838617143827	2578.911772154481	103.13119376267505
14920.0	0.0	10.651569325297892	0.3168838617143827	2578.911772154481	103.13119376267505
14930.0	0.0	10.651569325297892	0.3168838617143827	2578.911772154481	103.13119376267505
14940.0	0.0	10.651569325297892	0.3168838617143827	2578.911772154481	103.13119376267505
14950.0	0.0	10.651569325297892	0.3168838617143827	2578.911772154481	103.13119376267505
14960.0	0.0	10.651569325297892	0.3168838617143827	2578.911772154481	103.13119376267505
14970.0	0.0	10.651569325297892	0.3168838617143827	2578.911772154481	103.13119376267505
14980.0	0.0	10.651569325297892	0.3168838617143827	2578.911772154481	103.13119376267505
14990.0	0.0	10.651569325297892	0.3168838617143827	2578.911772154481	103.13119376267505
