0.0	0.023688822130428045	50.04678471034863	0.6307115723776152	1267.2095122511462	13.382865402938725
10.0	0.08878726105537925	50.04678471034863	0.6307115723776152	1267.2095122511462	13.382865402938725
20.0	0.6559242172272536	50.04678471034863	0.6307115723776152	1267.2095122511462	13.382865402938725
30.0	68.74693328326413	50.04678471034863	0.6307115723776152	1267.2095122511462	13.382865402938725
40.0	2386.9129383259365	50.04678471034863	0.6307115723776152	1267.2095122511462	13.382865402938725
50.0	8124.4077347424645	50.04678471034863	0.6307115723776152	1267.2095122511462	13.382865402938725
60.0	7269.574222591769	50.04678471034863	0.6307115723776152	1267.2095122511462	13.382865402938725
70.0	3621.832095023538	50.04678471034863	0.6307115723776152	1267.2095122511462	13.382865402938725
80.0	1684.1707034672745	50.04678471034863	0.6307115723776152	1267.2095122511462	13.382865402938725
90.0	934.4096659692774	50.04678471034863	0.6307115723776152	1267.2095122511462	13.382865402938725
100.0	690.1223423278464	50.04678471034863	0.6307115723776152	1267.2095122511462	13.382865402938725
110.0	517.5482314968808	50.04678471034863	0.6307115723776152	1267.2095122511462	13.382865402938725
120.0	365.3762181928717	50.04678471034863	0.6307115723776152	1267.2095122511462	13.382865402938725
130.0	271.7840021100443	50.04678471034863	0.6307115723776152	1267.2095122511462	13.382865402938725
140.0	220.0170636410766	50.04678471034863	0.6307115723776152	1267.2095122511462	13.382865402938725
150.0	183.57677073833727	50.04678471034863	0.6307115723776152	1267.2095122511462	13.382865402938725
160.0	146.918517425745	50.04678471034863	0.6307115723776152	1267.2095122511462	13.382865402938725
170.0	120.46639575845397	50.04678471034863	0.6307115723776152	1267.2095122511462	13.382865402938725
180.0	103.69495109346722	50.04678471034863	0.6307115723776152	1267.2095122511462	13.382865402938725
190.0	93.03141372959266	50.04678471034863	0.6307115723776152	1267.2095122511462	13.382865402938725
200.0	85.94442805285844	50.04678471034863	0.6307115723776152	1267.2095122511462	13.382865402938725
210.0	80.6643733347634	50.04678471034863	0.6307115723776152	1267.2095122511462	13.382865402938725
220.0	75.89899057632822	50.04678471034863	0.6307115723776152	1267.2095122511462	13.382865402938725
230.0	72.00772937789448	50.04678471034863	0.6307115723776152	1267.2095122511462	13.382865402938725
240.0	68.96575201616491	50.04678471034863	0.6307115723776152	1267.2095122511462	13.382865402938725
250.0	65.76624555191914	50.04678471034863	0.6307115723776152	1267.2095122511462	13.382865402938725
260.0	62.631435187668544	50.04678471034863	0.6307115723776152	1267.2095122511462	13.382865402938725
270.0	60.3598832323011	50.04678471034863	0.6307115723776152	1267.2095122511462	13.382865402938725
280.0	58.60463941491003	50.04678471034863	0.6307115723776152	1267.2095122511462	13.382865402938725
290.0	57.227245498274655	50.04678471034863	0.6307115723776152	1267.2095122511462	13.382865402938725
300.0	55.67129356436489	50.04678471034863	0.6307115723776152	1267.2095122511462	13.382865402938725
310.0	54.17381488832829	50.04678471034863	0.6307115723776152	1267.2095122511462	13.382865402938725
320.0	52.366964397474945	50.04678471034863	0.6307115723776152	1267.2095122511462	13.382865402938725
330.0	51.32453105162477	50.04678471034863	0.6307115723776152	1267.2095122511462	13.382865402938725
340.0	50.30503102480251	50.04678471034863	0.6307115723776152	1267.2095122511462	13.382865402938725
350.0	49.19795522414751	50.04678471034863	0.6307115723776152	1267.2095122511462	13.382865402938725
360.0	48.549089819931076	50.04678471034863	0.6307115723776152	1267.2095122511462	13.382865402938725
370.0	47.879490549505825	50.04678471034863	0.6307115723776152	1267.2095122511462	13.382865402938725
380.0	46.74661141212064	50.04678471034863	0.6307115723776152	1267.2095122511462	13.382865402938725
390.0	46.143210307029385	50.04678471034863	0.6307115723776152	1267.2095122511462	13.382865402938725
400.0	45.54471773688806	50.04678471034863	0.6307115723776152	1267.2095122511462	13.382865402938725
410.0	44.73362927596884	50.04678471034863	0.6307115723776152	1267.2095122511462	13.382865402938725
420.0	44.10115247751386	50.04678471034863	0.6307115723776152	1267.2095122511462	13.382865402938725
430.0	43.645195179085455	50.04678471034863	0.6307115723776152	1267.2095122511462	13.382865402938725
440.0	43.25903027376944	50.04678471034863	0.6307115723776152	1267.2095122511462	13.382865402938725
450.0	42.7163555245603	50.04678471034863	0.6307115723776152	1267.2095122511462	13.382865402938725
460.0	41.903657707919415	50.04678471034863	0.6307115723776152	1267.2095122511462	13.382865402938725
470.0	41.19725783666832	50.04678471034863	0.6307115723776152	1267.2095122511462	13.382865402938725
480.0	40.14216422581028	50.04678471034863	0.6307115723776152	1267.2095122511462	13.382865402938725
490.0	39.183953829372705	50.04678471034863	0.6307115723776152	1267.2095122511462	13.382865402938725
500.0	38.54131126727839	50.04678471034863	0.6307115723776152	1267.2095122511462	13.382865402938725
510.0	38.213190458308816	50.04678471034863	0.6307115723776152	1267.2095122511462	13.382865402938725
520.0	37.72523380362285	50.04678471034863	0.6307115723776152	1267.2095122511462	13.382865402938725
530.0	37.40655454821793	50.04678471034863	0.6307115723776152	1267.2095122511462	13.382865402938725
540.0	36.702085903832234	50.04678471034863	0.6307115723776152	1267.2095122511462	13.382865402938725
550.0	36.78405575523483	50.04678471034863	0.6307115723776152	1267.2095122511462	13.382865402938725
560.0	37.76353646978902	50.04678471034863	0.6307115723776152	1267.2095122511462	13.382865402938725
570.0	40.50121148722365	50.04678471034863	0.6307115723776152	1267.2095122511462	13.382865402938725
580.0	41.99289648266357	50.04678471034863	0.6307115723776152	1267.2095122511462	13.382865402938725
590.0	40.32023943636798	50.04678471034863	0.6307115723776152	1267.2095122511462	13.382865402938725
600.0	38.25302201240967	50.04678471034863	0.6307115723776152	1267.2095122511462	13.382865402938725
610.0	36.41505731094511	50.04678471034863	0.6307115723776152	1267.2095122511462	13.382865402938725
620.0	35.17850884251563	50.04678471034863	0.6307115723776152	1267.2095122511462	13.382865402938725
630.0	33.94753947391921	50.04678471034863	0.6307115723776152	1267.2095122511462	13.382865402938725
640.0	33.00912415285283	50.04678471034863	0.6307115723776152	1267.2095122511462	13.382865402938725
650.0	32.147448277095506	50.04678471034863	0.6307115723776152	1267.2095122511462	13.382865402938725
660.0	31.78260733508542	50.04678471034863	0.6307115723776152	1267.2095122511462	13.382865402938725
670.0	31.56794610446511	50.04678471034863	0.6307115723776152	1267.2095122511462	13.382865402938725
680.0	31.217616186541914	50.04678471034863	0.6307115723776152	1267.2095122511462	13.382865402938725
690.0	30.56888489530232	50.04678471034863	0.6307115723776152	1267.2095122511462	13.382865402938725
700.0	30.017868318938223	50.04678471034863	0.6307115723776152	1267.2095122511462	13.382865402938725
710.0	29.78748904744003	50.04678471034863	0.6307115723776152	1267.2095122511462	13.382865402938725
720.0	29.707584535879555	50.04678471034863	0.6307115723776152	1267.2095122511462	13.382865402938725
730.0	29.558289970137604	50.04678471034863	0.6307115723776152	1267.2095122511462	13.382865402938725
740.0	29.223436689733862	50.04678471034863	0.6307115723776152	1267.2095122511462	13.382865402938725
750.0	28.87141694830396	50.04678471034863	0.6307115723776152	1267.2095122511462	13.382865402938725
760.0	28.660430413246676	50.04678471034863	0.6307115723776152	1267.2095122511462	13.382865402938725
770.0	28.33483092824047	50.04678471034863	0.6307115723776152	1267.2095122511462	13.382865402938725
780.0	27.89099744291247	50.04678471034863	0.6307115723776152	1267.2095122511462	13.382865402938725
790.0	27.794355631850934	50.04678471034863	0.6307115723776152	1267.2095122511462	13.382865402938725
800.0	27.50013858340915	50.04678471034863	0.6307115723776152	1267.2095122511462	13.382865402938725	26.619655453970907	3.3076428466954475	80	380
810.0	27.11786295441966	50.04678471034863	0.6307115723776152	1267.2095122511462	13.382865402938725	26.41041697870524	2.6786626515016247	80	380
820.0	26.985332510773496	50.04678471034863	0.6307115723776152	1267.2095122511462	13.382865402938725	26.20282318060705	2.9863550380540174	80	380
830.0	26.66608998086655	50.04678471034863	0.6307115723776152	1267.2095122511462	13.382865402938725	25.996861132020566	2.574267891217402	80	380
840.0	26.3172353056879	50.04678471034863	0.6307115723776152	1267.2095122511462	13.382865402938725	25.792518006905254	2.0343779488383604	80	380
850.0	26.073927543229008	50.04678471034863	0.6307115723776152	1267.2095122511462	13.382865402938725	25.589781080037092	1.891952344874121	80	380
860.0	25.527524453265844	50.04678471034863	0.6307115723776152	1267.2095122511462	13.382865402938725	25.388637726216164	0.5470428486451112	80	380
870.0	25.269356972980724	50.04678471034863	0.6307115723776152	1267.2095122511462	13.382865402938725	25.189075419480393	0.31871576135043084	80	380
880.0	25.094661409437975	50.04678471034863	0.6307115723776152	1267.2095122511462	13.382865402938725	24.991081732325515	0.4144665613993081	80	380
890.0	24.852265615221015	50.04678471034863	0.6307115723776152	1267.2095122511462	13.382865402938725	24.794644334931192	0.23239405861791126	80	380
900.0	24.78620156286321	50.04678471034863	0.6307115723776152	1267.2095122511462	13.382865402938725	24.59975099439317	0.7579368120943011	80	380
910.0	24.268445004738616	50.04678471034863	0.6307115723776152	1267.2095122511462	13.382865402938725	24.40638957396148	-0.5651985878732056	80	380
920.0	23.679528101139187	50.04678471034863	0.6307115723776152	1267.2095122511462	13.382865402938725	24.214548032284654	-2.209497903624457	80	380
930.0	23.56480786080844	50.04678471034863	0.6307115723776152	1267.2095122511462	13.382865402938725	24.02421442265986	-1.9122646583527974	80	380
940.0	23.589082309604365	50.04678471034863	0.6307115723776152	1267.2095122511462	13.382865402938725	23.83537689228893	-1.033315243126052	80	380
950.0	23.134546608729927	50.04678471034863	0.6307115723776152	1267.2095122511462	13.382865402938725	23.648023681540245	-2.171331861491412	80	380
960.0	22.651739892351852	50.04678471034863	0.6307115723776152	1267.2095122511462	13.382865402938725	23.46214312321642	-3.4540886849447845	80	380
970.0	22.60565867353302	50.04678471034863	0.6307115723776152	1267.2095122511462	13.382865402938725	23.277723641827738	-2.88715932294635	80	380
980.0	22.478117232623443	50.04678471034863	0.6307115723776152	1267.2095122511462	13.382865402938725	23.0947537528713	-2.67002855646898	80	380
990.0	22.438232033331186	50.04678471034863	0.6307115723776152	1267.2095122511462	13.382865402938725	22.913222062115846	-2.0729953539358257	80	380
1000.0	22.277671977540628	50.04678471034863	0.6307115723776152	1267.2095122511462	13.382865402938725	22.733117264892194	-2.003444059363258	80	380
1010.0	22.171266741769667	50.04678471034863	0.6307115723776152	1267.2095122511462	13.382865402938725	22.554428145389256	-1.6988300530151879	80	380
1020.0	22.12223503746218	50.04678471034863	0.6307115723776152	1267.2095122511462	13.382865402938725	22.377143575955564	-1.1391469050915273	80	380
1030.0	22.0412039768965	50.04678471034863	0.6307115723776152	1267.2095122511462	13.382865402938725	22.20125251640635	-0.7208986943037333	80	380
1040.0	21.690605833020484	50.04678471034863	0.6307115723776152	1267.2095122511462	13.382865402938725	22.026744013335996	-1.5260457020429279	80	380
1050.0	21.591067181660488	50.04678471034863	0.6307115723776152	1267.2095122511462	13.382865402938725	21.85360719943594	-1.2013578142020869	80	380
1060.0	21.475971424995187	50.04678471034863	0.6307115723776152	1267.2095122511462	13.382865402938725	21.681831292817936	-0.949457935736912	80	380
1070.0	21.41057793752106	50.04678471034863	0.6307115723776152	1267.2095122511462	13.382865402938725	21.511405596342588	-0.46871720385705024	80	380
1080.0	21.165821754912983	50.04678471034863	0.6307115723776152	1267.2095122511462	13.382865402938725	21.342319496953245	-0.8269848179597244	80	380
1090.0	21.14876258426753	50.04678471034863	0.6307115723776152	1267.2095122511462	13.382865402938725	21.174562465015057	-0.12184374902742122	80	380
1100.0	21.01344259070502	50.04678471034863	0.6307115723776152	1267.2095122511462	13.382865402938725	21.008124053659266	0.025316572922779796	80	380
1110.0	20.856396294905593	50.04678471034863	0.6307115723776152	1267.2095122511462	13.382865402938725	20.842993898132626	0.06430168736060639	80	380
1120.0	20.785477352788593	50.04678471034863	0.6307115723776152	1267.2095122511462	13.382865402938725	20.679161715151974	0.5141196683941021	80	380
1130.0	20.587446131287642	50.04678471034863	0.6307115723776152	1267.2095122511462	13.382865402938725	20.516617302263818	0.3452266422886831	80	380
1140.0	20.61654864724705	50.04678471034863	0.6307115723776152	1267.2095122511462	13.382865402938725	20.35535053720903	1.2831914123048718	80	380
1150.0	20.74505570158957	50.04678471034863	0.6307115723776152	1267.2095122511462	13.382865402938725	20.195351377292457	2.7219349345671615	80	380
1160.0	20.41961715215572	50.04678471034863	0.6307115723776152	1267.2095122511462	13.382865402938725	20.036609858757558	1.9115374112590102	80	380
1170.0	20.52207946640902	50.04678471034863	0.6307115723776152	1267.2095122511462	13.382865402938725	19.879116096165898	3.234365990584119	80	380
1180.0	20.73043738712153	50.04678471034863	0.6307115723776152	1267.2095122511462	13.382865402938725	19.722860281781543	5.108676383367725	80	380
1190.0	20.832819233588975	50.04678471034863	0.6307115723776152	1267.2095122511462	13.382865402938725	19.567832684960333	6.464622674338888	80	380
1200.0	20.605229512007643	50.04678471034863	0.6307115723776152	1267.2095122511462	13.382865402938725	19.414023651543857	6.135801016030273	80	380
1210.0	20.129664896375207	50.04678471034863	0.6307115723776152	1267.2095122511462	13.382865402938725	19.261423603258304	4.507669375850438	80	380
1220.0	19.651364376016677	50.04678471034863	0.6307115723776152	1267.2095122511462	13.382865402938725	19.110023037117962	2.832761309849032	80	380
1230.0	19.503303649661195	50.04678471034863	0.6307115723776152	1267.2095122511462	13.382865402938725	18.959812524833442	2.8665427156301875	80	380
1240.0	18.941102051034317	50.04678471034863	0.6307115723776152	1267.2095122511462	13.382865402938725	18.81078271222453	0.6927906233540033	80	380
1250.0	18.550860111224164	50.04678471034863	0.6307115723776152	1267.2095122511462	13.382865402938725	18.662924318637675	-0.6004643511392153	80	380
1260.0	18.414708617205605	50.04678471034863	0.6307115723776152	1267.2095122511462	13.382865402938725	18.516228136368046	-0.5482732142570899	80	380
1270.0	18.201790855283043	50.04678471034863	0.6307115723776152	1267.2095122511462	13.382865402938725	18.37068503008614	-0.91936786530548	80	380
1280.0	17.84169751265131	50.04678471034863	0.6307115723776152	1267.2095122511462	13.382865402938725	18.22628593626888	-2.110075661944202	80	380
1290.0	17.69159826904853	50.04678471034863	0.6307115723776152	1267.2095122511462	13.382865402938725	18.083021862635192	-2.16459171791114	80	380
1300.0	17.49938755073961	50.04678471034863	0.6307115723776152	1267.2095122511462	13.382865402938725	17.940883887586036	-2.4608393856888777	80	380
1310.0	17.204687695581466	50.04678471034863	0.6307115723776152	1267.2095122511462	13.382865402938725	17.79986315964882	-3.3437080876923737	80	380
1320.0	17.064351876687542	50.04678471034863	0.6307115723776152	1267.2095122511462	13.382865402938725	17.659950896926166	-3.3725972609713843	80	380
1330.0	17.08125011176079	50.04678471034863	0.6307115723776152	1267.2095122511462	13.382865402938725	17.521138386549055	-2.510614693426339	80	380
1340.0	17.031521019974047	50.04678471034863	0.6307115723776152	1267.2095122511462	13.382865402938725	17.383416984134225	-2.0243198703761878	80	380
1350.0	16.836172058008394	50.04678471034863	0.6307115723776152	1267.2095122511462	13.382865402938725	17.24677811324587	-2.380769628630653	80	380
1360.0	16.754255851796305	50.04678471034863	0.6307115723776152	1267.2095122511462	13.382865402938725	17.111213264861533	-2.0861022975983365	80	380
1370.0	16.762624501546796	50.04678471034863	0.6307115723776152	1267.2095122511462	13.382865402938725	16.976713996842218	-1.2610773518081537	80	380
1380.0	16.762463565974787	50.04678471034863	0.6307115723776152	1267.2095122511462	13.382865402938725	16.843271933406694	-0.47976644770326565	80	380
1390.0	16.77729646120556	50.04678471034863	0.6307115723776152	1267.2095122511462	13.382865402938725	16.71087876460986	0.39745184877026635	80	380
1400.0	16.52666613021474	50.04678471034863	0.6307115723776152	1267.2095122511462	13.382865402938725	16.579526245825292	-0.31882766025273584	80	380
1410.0	16.367474026786947	50.04678471034863	0.6307115723776152	1267.2095122511462	13.382865402938725	16.449206197231792	-0.49687607696594605	80	380
1420.0	16.338586091590052	50.04678471034863	0.6307115723776152	1267.2095122511462	13.382865402938725	16.31991050330402	0.11443437929547642	80	380
1430.0	16.003357294851785	50.04678471034863	0.6307115723776152	1267.2095122511462	13.382865402938725	16.19163111230709	-1.162784750649359	80	380
1440.0	15.856423117500857	50.04678471034863	0.6307115723776152	1267.2095122511462	13.382865402938725	16.06436003579516	-1.2943990164001087	80	380
1450.0	15.84470164333091	50.04678471034863	0.6307115723776152	1267.2095122511462	13.382865402938725	15.938089348114	-0.5859404019098517	80	380
1460.0	15.713136813117954	50.04678471034863	0.6307115723776152	1267.2095122511462	13.382865402938725	15.812811185907362	-0.6303393597606473	80	380
1470.0	15.800176135042866	50.04678471034863	0.6307115723776152	1267.2095122511462	13.382865402938725	15.688517747627351	0.7117204391880914	80	380
1480.0	15.399634318616629	50.04678471034863	0.6307115723776152	1267.2095122511462	13.382865402938725	15.565201293048586	-1.0636995392144373	80	380
1490.0	15.289527564687301	50.04678471034863	0.6307115723776152	1267.2095122511462	13.382865402938725	15.442854142786173	-0.9928642508774536	80	380
1500.0	15.11810435777768	50.04678471034863	0.6307115723776152	1267.2095122511462	13.382865402938725	15.321468677817474	-1.3273160968845406	80	380
1510.0	14.837754591134244	50.04678471034863	0.6307115723776152	1267.2095122511462	13.382865402938725	15.201037339007675	-2.389854980101942	80	380
1520.0	14.40861988806038	50.04678471034863	0.6307115723776152	1267.2095122511462	13.382865402938725	15.081552626639017	-4.4619592905177	80	380
1530.0	14.339015253115887	50.04678471034863	0.6307115723776152	1267.2095122511462	13.382865402938725	14.963007099943772	-4.170230239550105	80	380
1540.0	14.354170019491084	50.04678471034863	0.6307115723776152	1267.2095122511462	13.382865402938725	14.845393376640878	-3.3089278585418316	80	380
1550.0	14.236982100388063	50.04678471034863	0.6307115723776152	1267.2095122511462	13.382865402938725	14.728704132476224	-3.3385288187297664	80	380
1560.0	14.089189599985568	50.04678471034863	0.6307115723776152	1267.2095122511462	13.382865402938725	14.612932100766521	-3.5841027465903315	80	380
1570.0	13.848644564848085	50.04678471034863	0.6307115723776152	1267.2095122511462	13.382865402938725	14.498070071946794	-4.479392801082691	80	380
1580.0	13.773138958925639	50.04678471034863	0.6307115723776152	1267.2095122511462	13.382865402938725	14.384110893121417	-4.247547441308652	80	380
1590.0	13.675933873361616	50.04678471034863	0.6307115723776152	1267.2095122511462	13.382865402938725	14.271047467618661	-4.170076482524296	80	380
1600.0	13.695246142016778	50.04678471034863	0.6307115723776152	1267.2095122511462	13.382865402938725	14.158872754548767	-3.2744599133645127	80	380
1610.0	13.681995779911693	50.04678471034863	0.6307115723776152	1267.2095122511462	13.382865402938725	14.04757976836549	-2.602469567583981	80	380
1620.0	14.097799653094457	50.04678471034863	0.6307115723776152	1267.2095122511462	13.382865402938725	13.937161578431057	1.152588163374676	80	380
1630.0	14.386276666130312	50.04678471034863	0.6307115723776152	1267.2095122511462	13.382865402938725	13.827611308584599	4.040215949654855	80	380
1640.0	15.076153818643414	50.04678471034863	0.6307115723776152	1267.2095122511462	13.382865402938725	13.718922136713932	9.893136417017216	80	380
1650.0	15.90569622516677	50.04678471034863	0.6307115723776152	1267.2095122511462	13.382865402938725	13.611087294330716	16.858380827458237	80	380
1660.0	16.143183484433774	50.04678471034863	0.6307115723776152	1267.2095122511462	13.382865402938725	13.504100066148961	19.542830735535375	80	380
1670.0	15.818066806144179	50.04678471034863	0.6307115723776152	1267.2095122511462	13.382865402938725	13.397953789666834	18.063303206373615	80	380
1680.0	15.156836185469285	50.04678471034863	0.6307115723776152	1267.2095122511462	13.382865402938725	13.292641854751778	14.024257563601658	80	380
1690.0	14.515802979096255	50.04678471034863	0.6307115723776152	1267.2095122511462	13.382865402938725	13.18815770322885	10.066950257520496	80	380
1700.0	14.234997228331723	50.04678471034863	0.6307115723776152	1267.2095122511462	13.382865402938725	13.084494828472323	8.792868314303327	80	380
1710.0	13.98106771811238	50.04678471034863	0.6307115723776152	1267.2095122511462	13.382865402938725	12.981646775000515	7.698722361145319	80	380
1720.0	13.81954204888862	50.04678471034863	0.6307115723776152	1267.2095122511462	13.382865402938725	12.879607138073755	7.297853892113661	80	380
1730.0	13.523125547628037	50.04678471034863	0.6307115723776152	1267.2095122511462	13.382865402938725	12.778369563295549	5.828255167010649	80	380
1740.0	13.161583784846913	50.04678471034863	0.6307115723776152	1267.2095122511462	13.382865402938725	12.677927746216872	3.8149455361454123	80	380
1750.0	13.21158110258748	50.04678471034863	0.6307115723776152	1267.2095122511462	13.382865402938725	12.578275431943545	5.0349165437704135	80	380
1760.0	12.95960964182911	50.04678471034863	0.6307115723776152	1267.2095122511462	13.382865402938725	12.479406414746745	3.8479652887569653	80	380
1770.0	12.643559000768825	50.04678471034863	0.6307115723776152	1267.2095122511462	13.382865402938725	12.381314537676534	2.1180663999309335	80	380
1780.0	12.428817302362138	50.04678471034863	0.6307115723776152	1267.2095122511462	13.382865402938725	12.28399369217845	1.1789619387048398	80	380
1790.0	12.226467643009046	50.04678471034863	0.6307115723776152	1267.2095122511462	13.382865402938725	12.1874378177131	0.3202463543175654	80	380
1800.0	12.028677824866268	50.04678471034863	0.6307115723776152	1267.2095122511462	13.382865402938725	12.09164090137874	-0.5207157326785429	80	380
1810.0	11.944562165835162	50.04678471034863	0.6307115723776152	1267.2095122511462	13.382865402938725	11.996596977536854	-0.4337464349192079	80	380
1820.0	11.870290399299165	50.04678471034863	0.6307115723776152	1267.2095122511462	13.382865402938725	11.902300127440617	-0.2689373297490077	80	380
1830.0	11.679393988162191	50.04678471034863	0.6307115723776152	1267.2095122511462	13.382865402938725	11.808744478866336	-1.0953788604337928	80	380
1840.0	11.439680453480682	50.04678471034863	0.6307115723776152	1267.2095122511462	13.382865402938725	11.715924205747763	-2.3578485778489244	80	380
1850.0	11.340141802120826	50.04678471034863	0.6307115723776152	1267.2095122511462	13.382865402938725	11.62383352781327	-2.4406038250086115	80	380
1860.0	11.040721170180435	50.04678471034863	0.6307115723776152	1267.2095122511462	13.382865402938725	11.532466710225897	-4.264010054409514	80	380
1870.0	11.036456377519126	50.04678471034863	0.6307115723776152	1267.2095122511462	13.382865402938725	11.44181806322623	-3.5428083497493024	80	380
1880.0	10.80465550846704	50.04678471034863	0.6307115723776152	1267.2095122511462	13.382865402938725	11.351881941778062	-4.820578967590196	80	380
1890.0	10.696319045830977	50.04678471034863	0.6307115723776152	1267.2095122511462	13.382865402938725	11.262652745216872	-5.028421919750754	80	380
1900.0	10.639803837419363	50.04678471034863	0.6307115723776152	1267.2095122511462	13.382865402938725	11.174124916901032	-4.781771131567545	80	380
1910.0	10.601796219802173	50.04678471034863	0.6307115723776152	1267.2095122511462	13.382865402938725	11.086292943865795	-4.370232019998178	80	380
1920.0	10.34239490013051	50.04678471034863	0.6307115723776152	1267.2095122511462	13.382865402938725	10.99915135647996	-5.97097389665916	80	380
1930.0	10.353955438728237	50.04678471034863	0.6307115723776152	1267.2095122511462	13.382865402938725	10.912694728105269	-5.120085398687255	80	380
1940.0	10.220942188366166	50.04678471034863	0.6307115723776152	1267.2095122511462	13.382865402938725	10.826917674758478	-5.596934460904451	80	380
1950.0	10.1735734849703	50.04678471034863	0.6307115723776152	1267.2095122511462	13.382865402938725	10.741814854776056	-5.289994079102035	80	380
1960.0	10.12092073028986	50.04678471034863	0.6307115723776152	1267.2095122511462	13.382865402938725	10.657380968481549	-5.033696738234579	80	380
1970.0	10.038468072170621	50.04678471034863	0.6307115723776152	1267.2095122511462	13.382865402938725	10.573610757855558	-5.061115809349781	80	380
1980.0	9.913662535986978	50.04678471034863	0.6307115723776152	1267.2095122511462	13.382865402938725	10.490499006208287	-5.498656163829164	80	380
1990.0	9.864979525418851	50.04678471034863	0.6307115723776152	1267.2095122511462	13.382865402938725	10.408040537854681	-5.21770654582564	80	380
2000.0	9.63484165727877	50.04678471034863	0.6307115723776152	1267.2095122511462	13.382865402938725	10.326230217792137	-6.695459484547437	80	380
2010.0	9.816430627827543	50.04678471034863	0.6307115723776152	1267.2095122511462	13.382865402938725	10.245062951380701	-4.183793946286999	80	380
2020.0	9.845720901954456	50.04678471034863	0.6307115723776152	1267.2095122511462	13.382865402938725	10.164533684025818	-3.1365214773442625	80	380
2030.0	9.742641668007781	50.04678471034863	0.6307115723776152	1267.2095122511462	13.382865402938725	10.084637400863562	-3.3912546307960936	80	380
2040.0	9.729471773688779	50.04678471034863	0.6307115723776152	1267.2095122511462	13.382865402938725	10.005369126448345	-2.7574929947387425	80	380
2050.0	9.612793483897558	50.04678471034863	0.6307115723776152	1267.2095122511462	13.382865402938725	9.926723924443074	-3.1624778016895267	80	380
2060.0	9.481523702233416	50.04678471034863	0.6307115723776152	1267.2095122511462	13.382865402938725	9.84869689731174	-3.728139863645783	80	380
2070.0	9.489060851527999	50.04678471034863	0.6307115723776152	1267.2095122511462	13.382865402938725	9.771283186014443	-2.888283238893201	80	380
2080.0	9.451696976199385	50.04678471034863	0.6307115723776152	1267.2095122511462	13.382865402938725	9.694477969704787	-2.504322504668039	80	380
2090.0	9.497992775780926	50.04678471034863	0.6307115723776152	1267.2095122511462	13.382865402938725	9.618276465429677	-1.2505742591313391	80	380
2100.0	9.274185040144472	50.04678471034863	0.6307115723776152	1267.2095122511462	13.382865402938725	9.542673927831467	-2.8135603261465363	80	380
2110.0	9.147019115569618	50.04678471034863	0.6307115723776152	1267.2095122511462	13.382865402938725	9.467665648852446	-3.3867538755098785	80	380
2120.0	9.10522951200756	50.04678471034863	0.6307115723776152	1267.2095122511462	13.382865402938725	9.39324695744164	-3.0662181750252375	80	380
2130.0	9.104719882695946	50.04678471034863	0.6307115723776152	1267.2095122511462	13.382865402938725	9.319413219263941	-2.303721613332991	80	380
2140.0	8.95502297802337	50.04678471034863	0.6307115723776152	1267.2095122511462	13.382865402938725	9.24615983641151	-3.14873270134957	80	380
2150.0	8.881394953775676	50.04678471034863	0.6307115723776152	1267.2095122511462	13.382865402938725	9.173482247117438	-3.1840394462369392	80	380
2160.0	8.70331974321838	50.04678471034863	0.6307115723776152	1267.2095122511462	13.382865402938725	9.101375925471666	-4.373582472725496	80	380
2170.0	8.679849972283368	50.04678471034863	0.6307115723776152	1267.2095122511462	13.382865402938725	9.029836381139162	-3.8758887103073096	80	380
2180.0	8.53484702179784	50.04678471034863	0.6307115723776152	1267.2095122511462	13.382865402938725	8.958859159080257	-4.732880936661003	80	380
2190.0	8.395476816336778	50.04678471034863	0.6307115723776152	1267.2095122511462	13.382865402938725	8.888439839273238	-5.546114187085126	80	380
2200.0	8.263911986123771	50.04678471034863	0.6307115723776152	1267.2095122511462	13.382865402938725	8.818574036439085	-6.289702258249501	80	380
2210.0	8.386786295441988	50.04678471034863	0.6307115723776152	1267.2095122511462	13.382865402938725	8.749257399768393	-4.142878506877621	80	380
2220.0	8.116065840530828	50.04678471034863	0.6307115723776152	1267.2095122511462	13.382865402938725	8.680485612650413	-6.502168165534818	80	380
2230.0	7.990750675035328	50.04678471034863	0.6307115723776152	1267.2095122511462	13.382865402938725	8.61225439240426	-7.216504402344162	80	380
2240.0	7.927583462975863	50.04678471034863	0.6307115723776152	1267.2095122511462	13.382865402938725	8.544559490012205	-7.220688530023449	80	380
2250.0	7.860902490925047	50.04678471034863	0.6307115723776152	1267.2095122511462	13.382865402938725	8.477396689855064	-7.272211287078011	80	380
2260.0	7.9159156339967085	50.04678471034863	0.6307115723776152	1267.2095122511462	13.382865402938725	8.410761809449692	-5.8834881627132996	80	380
2270.0	7.879141855765975	50.04678471034863	0.6307115723776152	1267.2095122511462	13.382865402938725	8.344650699188517	-5.578530009264621	80	380
2280.0	7.756616240187458	50.04678471034863	0.6307115723776152	1267.2095122511462	13.382865402938725	8.27905924208112	-6.31041506791217	80	380
2290.0	7.664319689573149	50.04678471034863	0.6307115723776152	1267.2095122511462	13.382865402938725	8.213983353497865	-6.691803967324156	80	380
2300.0	7.697821111170726	50.04678471034863	0.6307115723776152	1267.2095122511462	13.382865402938725	8.14941898091553	-5.5414732118003185	80	380
2310.0	7.705304615274557	50.04678471034863	0.6307115723776152	1267.2095122511462	13.382865402938725	8.085362103664947	-4.700562368358457	80	380
2320.0	7.804628685871608	50.04678471034863	0.6307115723776152	1267.2095122511462	13.382865402938725	8.0218087326806	-2.707370046411207	80	380
2330.0	7.719949752338091	50.04678471034863	0.6307115723776152	1267.2095122511462	13.382865402938725	7.958754910252234	-3.000534136395147	80	380
2340.0	7.697821111170713	50.04678471034863	0.6307115723776152	1267.2095122511462	13.382865402938725	7.896196709778383	-2.5122930177513036	80	380
2350.0	7.593427570051713	50.04678471034863	0.6307115723776152	1267.2095122511462	13.382865402938725	7.834130235521846	-3.0724874138386	80	380
2360.0	7.489919174579304	50.04678471034863	0.6307115723776152	1267.2095122511462	13.382865402938725	7.772551622367076	-3.6362891045257286	80	380
2370.0	7.495095935482792	50.04678471034863	0.6307115723776152	1267.2095122511462	13.382865402938725	7.711457035579508	-2.805709726429884	80	380
2380.0	7.475998247590449	50.04678471034863	0.6307115723776152	1267.2095122511462	13.382865402938725	7.650842670566729	-2.2852962804857753	80	380
2390.0	7.544208107576484	50.04678471034863	0.6307115723776152	1267.2095122511462	13.382865402938725	7.590704752641568	-0.6125471425944143	80	380
2400.0	7.501399245391059	50.04678471034863	0.6307115723776152	1267.2095122511462	13.382865402938725	7.531039536787031	-0.39357503371463315	80	380
2410.0	7.5419818321621195	50.04678471034863	0.6307115723776152	1267.2095122511462	13.382865402938725	7.471843307423073	0.9387044381587366	80	380
2420.0	7.512906138797975	50.04678471034863	0.6307115723776152	1267.2095122511462	13.382865402938725	7.413112378175224	1.3461789803234485	80	380
2430.0	7.442738229351054	50.04678471034863	0.6307115723776152	1267.2095122511462	13.382865402938725	7.354843091645032	1.195064756797728	80	380
2440.0	7.340544141051085	50.04678471034863	0.6307115723776152	1267.2095122511462	13.382865402938725	7.2970318191822825	0.5963016600039789	80	380
2450.0	7.2072894873308115	50.04678471034863	0.6307115723776152	1267.2095122511462	13.382865402938725	7.239674960659041	-0.4473332505149029	80	380
2460.0	7.1983575630777255	50.04678471034863	0.6307115723776152	1267.2095122511462	13.382865402938725	7.182768944245467	0.21702798674524298	80	380
2470.0	7.0018820521074305	50.04678471034863	0.6307115723776152	1267.2095122511462	13.382865402938725	7.126310226187368	-1.746039256369943	80	380
2480.0	7.070065089498027	50.04678471034863	0.6307115723776152	1267.2095122511462	13.382865402938725	7.070295290585517	-0.0032558907093522735	80	380
2490.0	6.974415714464541	50.04678471034863	0.6307115723776152	1267.2095122511462	13.382865402938725	7.014720649176719	-0.5745764760697656	80	380
2500.0	6.750151994707032	50.04678471034863	0.6307115723776152	1267.2095122511462	13.382865402938725	6.959582841116569	-3.009244249127108	80	380
2510.0	6.677516406487481	50.04678471034863	0.6307115723776152	1267.2095122511462	13.382865402938725	6.9048784327639385	-3.2927737756774307	80	380
2520.0	6.620840262503804	50.04678471034863	0.6307115723776152	1267.2095122511462	13.382865402938725	6.850604017467145	-3.353919659894323	80	380
2530.0	6.462023675410864	50.04678471034863	0.6307115723776152	1267.2095122511462	13.382865402938725	6.796756215351815	-4.92488665673915	80	380
2540.0	6.326810972229669	50.04678471034863	0.6307115723776152	1267.2095122511462	13.382865402938725	6.743331673110395	-6.176779091878835	80	380
2550.0	6.311548915473034	50.04678471034863	0.6307115723776152	1267.2095122511462	13.382865402938725	6.690327063793342	-5.661578943878188	80	380
2560.0	6.190954526759951	50.04678471034863	0.6307115723776152	1267.2095122511462	13.382865402938725	6.637739086601925	-6.730975020452293	80	380
2570.0	6.177328648320068	50.04678471034863	0.6307115723776152	1267.2095122511462	13.382865402938725	6.585564466682689	-6.198949542259346	80	380
2580.0	6.03744881354715	50.04678471034863	0.6307115723776152	1267.2095122511462	13.382865402938725	6.5337999549235075	-7.596668780811615	80	380
2590.0	6.130442751640665	50.04678471034863	0.6307115723776152	1267.2095122511462	13.382865402938725	6.482442327751245	-5.430045626532991	80	380
2600.0	6.17220553260734	50.04678471034863	0.6307115723776152	1267.2095122511462	13.382865402938725	6.431488386931022	-4.031459573969727	80	380
2610.0	6.1464021958764965	50.04678471034863	0.6307115723776152	1267.2095122511462	13.382865402938725	6.380934959367047	-3.675523492780043	80	380
2620.0	6.156058330204023	50.04678471034863	0.6307115723776152	1267.2095122511462	13.382865402938725	6.330778896905005	-2.7598589296239586	80	380
2630.0	6.05786080861186	50.04678471034863	0.6307115723776152	1267.2095122511462	13.382865402938725	6.2810170761360276	-3.552868346306893	80	380
2640.0	6.127277685388773	50.04678471034863	0.6307115723776152	1267.2095122511462	13.382865402938725	6.231646398202165	-1.674817634766677	80	380
2650.0	6.076931673908752	50.04678471034863	0.6307115723776152	1267.2095122511462	13.382865402938725	6.182663788603431	-1.7101385148837682	80	380
2660.0	6.131864349194383	50.04678471034863	0.6307115723776152	1267.2095122511462	13.382865402938725	6.134066197006331	-0.0358954034930808	80	380
2670.0	6.056251452890551	50.04678471034863	0.6307115723776152	1267.2095122511462	13.382865402938725	6.085850597053895	-0.48636001970985476	80	380
2680.0	6.041767251399261	50.04678471034863	0.6307115723776152	1267.2095122511462	13.382865402938725	6.03801398617724	0.062160591721271544	80	380
2690.0	6.004644779428878	50.04678471034863	0.6307115723776152	1267.2095122511462	13.382865402938725	5.990553385408568	0.23522691667571682	80	380
2700.0	6.0160980276451195	50.04678471034863	0.6307115723776152	1267.2095122511462	13.382865402938725	5.943465839195661	1.2220510795311934	80	380
2710.0	6.106731577347441	50.04678471034863	0.6307115723776152	1267.2095122511462	13.382865402938725	5.89674841521783	3.560999170113882	80	380
2720.0	6.011162670099918	50.04678471034863	0.6307115723776152	1267.2095122511462	13.382865402938725	5.85039820420331	2.747923479483927	80	380
2730.0	5.886866763228027	50.04678471034863	0.6307115723776152	1267.2095122511462	13.382865402938725	5.804412319748072	1.4205476616370698	80	380
2740.0	5.817637644618495	50.04678471034863	0.6307115723776152	1267.2095122511462	13.382865402938725	5.7587878981361	1.0219120329373965	80	380
2750.0	5.7842703359977525	50.04678471034863	0.6307115723776152	1267.2095122511462	13.382865402938725	5.713522098161044	1.2382596342714702	80	380
2760.0	5.717482073565499	50.04678471034863	0.6307115723776152	1267.2095122511462	13.382865402938725	5.66861210094928	0.8621153069908507	80	380
2770.0	5.772736619995384	50.04678471034863	0.6307115723776152	1267.2095122511462	13.382865402938725	5.624055109784383	2.6436709333152586	80	380
2780.0	5.7504470432559	50.04678471034863	0.6307115723776152	1267.2095122511462	13.382865402938725	5.579848349932958	3.0574073455776096	80	380
2790.0	5.676711728626872	50.04678471034863	0.6307115723776152	1267.2095122511462	13.382865402938725	5.535989068471841	2.5419605858050516	80	380
2800.0	5.6712130965792	50.04678471034863	0.6307115723776152	1267.2095122511462	13.382865402938725	5.492474534116675	3.2542447188837116	80	380
2810.0	5.614268726641978	50.04678471034863	0.6307115723776152	1267.2095122511462	13.382865402938725	5.449302037051818	3.027299431532522	80	380
2820.0	5.473450101031774	50.04678471034863	0.6307115723776152	1267.2095122511462	13.382865402938725	5.406468888761585	1.2389086786279833	80	380
2830.0	5.367581317168226	50.04678471034863	0.6307115723776152	1267.2095122511462	13.382865402938725	5.363972421862836	0.06728027330418723	80	380
2840.0	5.161047332939954	50.04678471034863	0.6307115723776152	1267.2095122511462	13.382865402938725	5.3218099899388625	-3.0208266981128267	80	380
2850.0	5.129584428589331	50.04678471034863	0.6307115723776152	1267.2095122511462	13.382865402938725	5.279978967374581	-2.848392762822553	80	380
2860.0	5.037153764998274	50.04678471034863	0.6307115723776152	1267.2095122511462	13.382865402938725	5.238476749193037	-3.8431588767818075	80	380
2870.0	5.088626325483296	50.04678471034863	0.6307115723776152	1267.2095122511462	13.382865402938725	5.197300750893167	-2.0909781946175556	80	380
2880.0	5.081625628095818	50.04678471034863	0.6307115723776152	1267.2095122511462	13.382865402938725	5.156448408288867	-1.4510526290299575	80	380
2890.0	5.018002431915342	50.04678471034863	0.6307115723776152	1267.2095122511462	13.382865402938725	5.115917177349306	-1.9139235847578138	80	380
2900.0	5.020443288092564	50.04678471034863	0.6307115723776152	1267.2095122511462	13.382865402938725	5.075704534040493	-1.08874040199377	80	380
2910.0	4.904113692040827	50.04678471034863	0.6307115723776152	1267.2095122511462	13.382865402938725	5.0358079741681046	-2.615156948057236	80	380
2920.0	4.874340611197501	50.04678471034863	0.6307115723776152	1267.2095122511462	13.382865402938725	4.996225013221537	-2.439529879088564	80	380
2930.0	4.956256817409656	50.04678471034863	0.6307115723776152	1267.2095122511462	13.382865402938725	4.956953186219179	-0.014048323301880794	80	380
2940.0	4.850844017667155	50.04678471034863	0.6307115723776152	1267.2095122511462	13.382865402938725	4.917990047554921	-1.3653144727519162	80	380
2950.0	4.878578581263544	50.04678471034863	0.6307115723776152	1267.2095122511462	13.382865402938725	4.87933317084585	-0.015465014498598382	80	380
2960.0	4.983830445433913	50.04678471034863	0.6307115723776152	1267.2095122511462	13.382865402938725	4.840980148781144	2.950854832336708	80	380
2970.0	4.857147327575393	50.04678471034863	0.6307115723776152	1267.2095122511462	13.382865402938725	4.802928592972172	1.1288682218293957	80	380
2980.0	4.885686569032426	50.04678471034863	0.6307115723776152	1267.2095122511462	13.382865402938725	4.765176133803756	2.5289817594312938	80	380
2990.0	4.889361264595942	50.04678471034863	0.6307115723776152	1267.2095122511462	13.382865402938725	4.727720420286595	3.4190017585589048	80	380
3000.0	4.863665218246516	50.04678471034863	0.6307115723776152	1267.2095122511462	13.382865402938725	4.6905591199108745	3.6905216182187424	80	380
3010.0	4.961943207624811	50.04678471034863	0.6307115723776152	1267.2095122511462	13.382865402938725	4.653689918501012	6.623846765086787	80	380
3020.0	4.960387497094237	50.04678471034863	0.6307115723776152	1267.2095122511462	13.382865402938725	4.6171105200715274	7.434887588902492	80	380
3030.0	4.821634211326315	50.04678471034863	0.6307115723776152	1267.2095122511462	13.382865402938725	4.580818646684084	5.257042096974311	80	380
3040.0	4.803770362820321	50.04678471034863	0.6307115723776152	1267.2095122511462	13.382865402938725	4.544812038305623	5.697888544830606	80	380
3050.0	4.799290989396146	50.04678471034863	0.6307115723776152	1267.2095122511462	13.382865402938725	4.5090884526676165	6.435946860985695	80	380
3060.0	4.779066752498933	50.04678471034863	0.6307115723776152	1267.2095122511462	13.382865402938725	4.473645665126447	6.827118422751825	80	380
3070.0	4.735077696117885	50.04678471034863	0.6307115723776152	1267.2095122511462	13.382865402938725	4.438481468524861	6.68238066771963	80	380
3080.0	4.708013697405358	50.04678471034863	0.6307115723776152	1267.2095122511462	13.382865402938725	4.4035936730545195	6.912990774184656	80	380
3090.0	4.693609963700114	50.04678471034863	0.6307115723776152	1267.2095122511462	13.382865402938725	4.36898010611964	7.430334991129034	80	380
3100.0	4.706592099851585	50.04678471034863	0.6307115723776152	1267.2095122511462	13.382865402938725	4.334638612201687	8.580957282179815	80	380
3110.0	4.593132521502828	50.04678471034863	0.6307115723776152	1267.2095122511462	13.382865402938725	4.300567052725153	6.802950987411864	80	380
3120.0	4.48187239597305	50.04678471034863	0.6307115723776152	1267.2095122511462	13.382865402938725	4.266763305924376	5.041505108802182	80	380
3130.0	4.422460347263198	50.04678471034863	0.6307115723776152	1267.2095122511462	13.382865402938725	4.2332252667114005	4.470234127153015	80	380
3140.0	4.494076676859264	50.04678471034863	0.6307115723776152	1267.2095122511462	13.382865402938725	4.199950846544904	7.0030779183123935	80	380
3150.0	4.362753250004494	50.04678471034863	0.6307115723776152	1267.2095122511462	13.382865402938725	4.166937973300119	4.699260655163876	80	380
3160.0	4.271717361371872	50.04678471034863	0.6307115723776152	1267.2095122511462	13.382865402938725	4.134184591139798	3.3267205950800562	80	380
3170.0	4.265092180319377	50.04678471034863	0.6307115723776152	1267.2095122511462	13.382865402938725	4.1016886603861975	3.9838108999183386	80	380
3180.0	4.136933819716387	50.04678471034863	0.6307115723776152	1267.2095122511462	13.382865402938725	4.06944815739405	1.65834923341431	80	380
3190.0	4.099248073243608	50.04678471034863	0.6307115723776152	1267.2095122511462	13.382865402938725	4.037461074424544	1.5303428981756815	80	380
3200.0	4.042330525901733	50.04678471034863	0.6307115723776152	1267.2095122511462	13.382865402938725	4.005725419520299	0.913819659306973	80	380
3210.0	4.028034082577819	50.04678471034863	0.6307115723776152	1267.2095122511462	13.382865402938725	3.9742392163813216	1.3535890334623484	80	380
3220.0	4.025968742735524	50.04678471034863	0.6307115723776152	1267.2095122511462	13.382865402938725	3.943000504241919	2.1041904104335623	80	380
3230.0	3.8496906460669127	50.04678471034863	0.6307115723776152	1267.2095122511462	13.382865402938725	3.9120073377486126	-1.5929594783828716	80	380
3240.0	3.8641748475582656	50.04678471034863	0.6307115723776152	1267.2095122511462	13.382865402938725	3.8812577868389857	-0.44013925945983084	80	380
3250.0	3.9416653255369134	50.04678471034863	0.6307115723776152	1267.2095122511462	13.382865402938725	3.850749936621485	2.360978781062959	80	380
3260.0	3.9673077266956196	50.04678471034863	0.6307115723776152	1267.2095122511462	13.382865402938725	3.8204818872561845	3.8431235580306145	80	380
3270.0	3.9443744076676808	50.04678471034863	0.6307115723776152	1267.2095122511462	13.382865402938725	3.79045175383647	4.0607997100983875	80	380
3280.0	3.920207249253459	50.04678471034863	0.6307115723776152	1267.2095122511462	13.382865402938725	3.7606576662716535	4.242597894851312	80	380
3290.0	4.029884841657276	50.04678471034863	0.6307115723776152	1267.2095122511462	13.382865402938725	3.7310977691705256	8.008020453271993	80	380
3300.0	4.097236378592036	50.04678471034863	0.6307115723776152	1267.2095122511462	13.382865402938725	3.701770221725808	10.683163275376302	80	380
3310.0	3.998582872878771	50.04678471034863	0.6307115723776152	1267.2095122511462	13.382865402938725	3.6726731975995155	8.873908941646977	80	380
3320.0	3.9191343454392458	50.04678471034863	0.6307115723776152	1267.2095122511462	13.382865402938725	3.643804884809233	7.556097797053902	80	380
3330.0	4.0036523434007485	50.04678471034863	0.6307115723776152	1267.2095122511462	13.382865402938725	3.6151634856152635	10.746093761216672	80	380
3340.0	3.989490013053668	50.04678471034863	0.6307115723776152	1267.2095122511462	13.382865402938725	3.5867472164086895	11.228636208386984	80	380
3350.0	3.942067664467205	50.04678471034863	0.6307115723776152	1267.2095122511462	13.382865402938725	3.5585543076002932	10.77722366208691	80	380
3360.0	3.988899915955858	50.04678471034863	0.6307115723776152	1267.2095122511462	13.382865402938725	3.5305830035103556	12.981337982701755	80	380
3370.0	3.9066618385994656	50.04678471034863	0.6307115723776152	1267.2095122511462	13.382865402938725	3.50283156225933	11.528680987437056	80	380
3380.0	3.9406460669134384	50.04678471034863	0.6307115723776152	1267.2095122511462	13.382865402938725	3.475298255659366	13.39015465784194	80	380
3390.0	3.7877840959891014	50.04678471034863	0.6307115723776152	1267.2095122511462	13.382865402938725	3.4479813691066834	9.855120736062892	80	380
3400.0	3.790439532929235	50.04678471034863	0.6307115723776152	1267.2095122511462	13.382865402938725	3.420879201474806	10.80308042725112	80	380
3410.0	3.780407882266716	50.04678471034863	0.6307115723776152	1267.2095122511462	13.382865402938725	3.3939900650086225	11.385354990928995	80	380
3420.0	3.699457289487338	50.04678471034863	0.6307115723776152	1267.2095122511462	13.382865402938725	3.367312285219278	9.863801635684368	80	380
3430.0	3.6612082685120813	50.04678471034863	0.6307115723776152	1267.2095122511462	13.382865402938725	3.340844200779907	9.58931481023229	80	380
3440.0	3.608796917189713	50.04678471034863	0.6307115723776152	1267.2095122511462	13.382865402938725	3.3145841634221713	8.876309644337983	80	380
3450.0	3.632910430413254	50.04678471034863	0.6307115723776152	1267.2095122511462	13.382865402938725	3.2885305378336125	10.4721512729667	80	380
3460.0	3.5244398548003506	50.04678471034863	0.6307115723776152	1267.2095122511462	13.382865402938725	3.2626817015558207	8.022791592563554	80	380
3470.0	3.5814378699282736	50.04678471034863	0.6307115723776152	1267.2095122511462	13.382865402938725	3.2370360448833977	10.639418908827187	80	380
3480.0	3.6020376231604065	50.04678471034863	0.6307115723776152	1267.2095122511462	13.382865402938725	3.2115919707637084	12.157386615456357	80	380
3490.0	3.4781708778141565	50.04678471034863	0.6307115723776152	1267.2095122511462	13.382865402938725	3.1863478946974326	9.158541149959227	80	380
3500.0	3.366186542209786	50.04678471034863	0.6307115723776152	1267.2095122511462	13.382865402938725	3.161302244639893	6.481009461125777	80	380
3510.0	3.252083221572524	50.04678471034863	0.6307115723776152	1267.2095122511462	13.382865402938725	3.1364534609031467	3.6866404080512547	80	380
3520.0	3.3212586949913376	50.04678471034863	0.6307115723776152	1267.2095122511462	13.382865402938725	3.1117999960588736	6.731110585440763	80	380
3530.0	3.292692630938947	50.04678471034863	0.6307115723776152	1267.2095122511462	13.382865402938725	3.0873403148420033	6.651431172318064	80	380
3540.0	3.219198719668135	50.04678471034863	0.6307115723776152	1267.2095122511462	13.382865402938725	3.0630728940551037	5.097032653582761	80	380
3550.0	3.16000125172113	50.04678471034863	0.6307115723776152	1267.2095122511462	13.382865402938725	3.038996222473539	3.9817433254030448	80	380
3560.0	3.1464021958764916	50.04678471034863	0.6307115723776152	1267.2095122511462	13.382865402938725	3.0151088007513445	4.354515999304229	80	380
3570.0	3.1234688768485444	50.04678471034863	0.6307115723776152	1267.2095122511462	13.382865402938725	2.9914091413278707	4.414633013458434	80	380
3580.0	3.175558357026635	50.04678471034863	0.6307115723776152	1267.2095122511462	13.382865402938725	2.967895768335139	6.996963670593652	80	380
3590.0	3.1524372798311857	50.04678471034863	0.6307115723776152	1267.2095122511462	13.382865402938725	2.944567217505934	7.0594436115918935	80	380
3600.0	3.128860218514754	50.04678471034863	0.6307115723776152	1267.2095122511462	13.382865402938725	2.921422036082621	7.100589366070838	80	380
3610.0	3.174431808021753	50.04678471034863	0.6307115723776152	1267.2095122511462	13.382865402938725	2.8984587827266783	9.521371390193009	80	380
3620.0	3.1963190458308843	50.04678471034863	0.6307115723776152	1267.2095122511462	13.382865402938725	2.875676027428932	11.150178787303489	80	380
3630.0	3.1762825671012123	50.04678471034863	0.6307115723776152	1267.2095122511462	13.382865402938725	2.853072351420513	11.328496997974002	80	380
3640.0	3.0825644189331625	50.04678471034863	0.6307115723776152	1267.2095122511462	13.382865402938725	2.830646347084503	8.89966604652428	80	380
3650.0	3.180761940525363	50.04678471034863	0.6307115723776152	1267.2095122511462	13.382865402938725	2.8083966178682687	13.25900053745758	80	380
3660.0	3.1799036174740416	50.04678471034863	0.6307115723776152	1267.2095122511462	13.382865402938725	2.7863217781965033	14.125498438744257	80	380
3670.0	3.1296917189707276	50.04678471034863	0.6307115723776152	1267.2095122511462	13.382865402938725	2.764420453384939	13.213303538487665	80	380
3680.0	3.1656339967455382	50.04678471034863	0.6307115723776152	1267.2095122511462	13.382865402938725	2.7426912795547334	15.420719070484237	80	380
3690.0	3.1763630348872898	50.04678471034863	0.6307115723776152	1267.2095122511462	13.382865402938725	2.721132903547545	16.729433933427522	80	380
3700.0	3.1108354344366576	50.04678471034863	0.6307115723776152	1267.2095122511462	13.382865402938725	2.6997439828412637	15.227053165343223	80	380
3710.0	3.1944682867514205	50.04678471034863	0.6307115723776152	1267.2095122511462	13.382865402938725	2.6785231854664007	19.26229737657396	80	380
3720.0	3.130684154998858	50.04678471034863	0.6307115723776152	1267.2095122511462	13.382865402938725	2.657469189923151	17.80697841653592	80	380
3730.0	3.0900747456323643	50.04678471034863	0.6307115723776152	1267.2095122511462	13.382865402938725	2.636580685099094	17.200082785110222	80	380
3740.0	3.0643518766876197	50.04678471034863	0.6307115723776152	1267.2095122511462	13.382865402938725	2.6158563701875432	17.14526499281463	80	380
3750.0	3.0425182840691707	50.04678471034863	0.6307115723776152	1267.2095122511462	13.382865402938725	2.5952949546065467	17.23208102681432	80	380
3760.0	2.894967187024999	50.04678471034863	0.6307115723776152	1267.2095122511462	13.382865402938725	2.5748951579185118	12.4304878248024	80	380
3770.0	2.939278114550368	50.04678471034863	0.6307115723776152	1267.2095122511462	13.382865402938725	2.5546557097504676	15.05574325854929	80	380
3780.0	2.895262235573932	50.04678471034863	0.6307115723776152	1267.2095122511462	13.382865402938725	2.5345753497149595	14.230663369291264	80	380
3790.0	2.9250084938218692	50.04678471034863	0.6307115723776152	1267.2095122511462	13.382865402938725	2.514652827331552	16.31858131787401	80	380
3800.0	2.912455519196064	50.04678471034863	0.6307115723776152	1267.2095122511462	13.382865402938725
3810.0	2.892419040466344	50.04678471034863	0.6307115723776152	1267.2095122511462	13.382865402938725
3820.0	2.806184396402201	50.04678471034863	0.6307115723776152	1267.2095122511462	13.382865402938725
3830.0	2.7111519410618192	50.04678471034863	0.6307115723776152	1267.2095122511462	13.382865402938725
3840.0	2.7108568925129077	50.04678471034863	0.6307115723776152	1267.2095122511462	13.382865402938725
3850.0	2.662254349730887	50.04678471034863	0.6307115723776152	1267.2095122511462	13.382865402938725
3860.0	2.6426470325268654	50.04678471034863	0.6307115723776152	1267.2095122511462	13.382865402938725
3870.0	2.7051168571070923	50.04678471034863	0.6307115723776152	1267.2095122511462	13.382865402938725
3880.0	2.564298231496869	50.04678471034863	0.6307115723776152	1267.2095122511462	13.382865402938725
3890.0	2.544905495055711	50.04678471034863	0.6307115723776152	1267.2095122511462	13.382865402938725
3900.0	2.6114523541298063	50.04678471034863	0.6307115723776152	1267.2095122511462	13.382865402938725
3910.0	2.6365583033814564	50.04678471034863	0.6307115723776152	1267.2095122511462	13.382865402938725
3920.0	2.6314620102641317	50.04678471034863	0.6307115723776152	1267.2095122511462	13.382865402938725
3930.0	2.561776907533588	50.04678471034863	0.6307115723776152	1267.2095122511462	13.382865402938725
3940.0	2.5601675518123064	50.04678471034863	0.6307115723776152	1267.2095122511462	13.382865402938725
3950.0	2.547292706042254	50.04678471034863	0.6307115723776152	1267.2095122511462	13.382865402938725
3960.0	2.492333208161227	50.04678471034863	0.6307115723776152	1267.2095122511462	13.382865402938725
3970.0	2.5899674552509735	50.04678471034863	0.6307115723776152	1267.2095122511462	13.382865402938725
3980.0	2.6087700945943735	50.04678471034863	0.6307115723776152	1267.2095122511462	13.382865402938725
3990.0	2.6442295656527874	50.04678471034863	0.6307115723776152	1267.2095122511462	13.382865402938725
4000.0	2.5710038803354878	50.04678471034863	0.6307115723776152	1267.2095122511462	13.382865402938725
4010.0	2.61180104786938	50.04678471034863	0.6307115723776152	1267.2095122511462	13.382865402938725
4020.0	2.6809765212881853	50.04678471034863	0.6307115723776152	1267.2095122511462	13.382865402938725
4030.0	2.6321862203386828	50.04678471034863	0.6307115723776152	1267.2095122511462	13.382865402938725
4040.0	2.5386826529334914	50.04678471034863	0.6307115723776152	1267.2095122511462	13.382865402938725
4050.0	2.5497872074101977	50.04678471034863	0.6307115723776152	1267.2095122511462	13.382865402938725
4060.0	2.480987250326346	50.04678471034863	0.6307115723776152	1267.2095122511462	13.382865402938725
4070.0	2.403711353110526	50.04678471034863	0.6307115723776152	1267.2095122511462	13.382865402938725
4080.0	2.3265427462761292	50.04678471034863	0.6307115723776152	1267.2095122511462	13.382865402938725
4090.0	2.309778624179667	50.04678471034863	0.6307115723776152	1267.2095122511462	13.382865402938725
4100.0	2.35103177583462	50.04678471034863	0.6307115723776152	1267.2095122511462	13.382865402938725
4110.0	2.347786241796767	50.04678471034863	0.6307115723776152	1267.2095122511462	13.382865402938725
4120.0	2.2812662053180124	50.04678471034863	0.6307115723776152	1267.2095122511462	13.382865402938725
4130.0	2.235694615811037	50.04678471034863	0.6307115723776152	1267.2095122511462	13.382865402938725
4140.0	2.302992507555037	50.04678471034863	0.6307115723776152	1267.2095122511462	13.382865402938725
4150.0	2.2893398065196697	50.04678471034863	0.6307115723776152	1267.2095122511462	13.382865402938725
4160.0	2.2562675464478152	50.04678471034863	0.6307115723776152	1267.2095122511462	13.382865402938725
4170.0	2.1719641292491296	50.04678471034863	0.6307115723776152	1267.2095122511462	13.382865402938725
4180.0	2.086909679380563	50.04678471034863	0.6307115723776152	1267.2095122511462	13.382865402938725
4190.0	2.1592770416465528	50.04678471034863	0.6307115723776152	1267.2095122511462	13.382865402938725
4200.0	2.074705398494339	50.04678471034863	0.6307115723776152	1267.2095122511462	13.382865402938725
4210.0	2.063225327682696	50.04678471034863	0.6307115723776152	1267.2095122511462	13.382865402938725
4220.0	2.033613182411516	50.04678471034863	0.6307115723776152	1267.2095122511462	13.382865402938725
4230.0	2.0241716288468155	50.04678471034863	0.6307115723776152	1267.2095122511462	13.382865402938725
4240.0	2.1051758668168548	50.04678471034863	0.6307115723776152	1267.2095122511462	13.382865402938725
4250.0	2.108796917189712	50.04678471034863	0.6307115723776152	1267.2095122511462	13.382865402938725
4260.0	2.0998381703413673	50.04678471034863	0.6307115723776152	1267.2095122511462	13.382865402938725
4270.0	2.057807163421111	50.04678471034863	0.6307115723776152	1267.2095122511462	13.382865402938725
4280.0	2.0965658137081244	50.04678471034863	0.6307115723776152	1267.2095122511462	13.382865402938725
4290.0	2.1356463351393784	50.04678471034863	0.6307115723776152	1267.2095122511462	13.382865402938725
4300.0	2.14267385512222	50.04678471034863	0.6307115723776152	1267.2095122511462	13.382865402938725
4310.0	2.022320869767358	50.04678471034863	0.6307115723776152	1267.2095122511462	13.382865402938725
4320.0	2.0574852922768585	50.04678471034863	0.6307115723776152	1267.2095122511462	13.382865402938725
4330.0	2.0986311535504067	50.04678471034863	0.6307115723776152	1267.2095122511462	13.382865402938725
4340.0	2.0720767841496306	50.04678471034863	0.6307115723776152	1267.2095122511462	13.382865402938725
4350.0	2.126097491193234	50.04678471034863	0.6307115723776152	1267.2095122511462	13.382865402938725
4360.0	2.1266875882910523	50.04678471034863	0.6307115723776152	1267.2095122511462	13.382865402938725
4370.0	2.1546099100548557	50.04678471034863	0.6307115723776152	1267.2095122511462	13.382865402938725
4380.0	2.1845975716610133	50.04678471034863	0.6307115723776152	1267.2095122511462	13.382865402938725
4390.0	2.106490173989234	50.04678471034863	0.6307115723776152	1267.2095122511462	13.382865402938725
4400.0	2.027846324410325	50.04678471034863	0.6307115723776152	1267.2095122511462	13.382865402938725
4410.0	1.9697754054682286	50.04678471034863	0.6307115723776152	1267.2095122511462	13.382865402938725
4420.0	1.931284981134761	50.04678471034863	0.6307115723776152	1267.2095122511462	13.382865402938725
4430.0	1.898936931137447	50.04678471034863	0.6307115723776152	1267.2095122511462	13.382865402938725
4440.0	1.8169134345439188	50.04678471034863	0.6307115723776152	1267.2095122511462	13.382865402938725
4450.0	1.8955304615274526	50.04678471034863	0.6307115723776152	1267.2095122511462	13.382865402938725
4460.0	1.8649527028235038	50.04678471034863	0.6307115723776152	1267.2095122511462	13.382865402938725
4470.0	1.8471156769128767	50.04678471034863	0.6307115723776152	1267.2095122511462	13.382865402938725
4480.0	1.8230021636893428	50.04678471034863	0.6307115723776152	1267.2095122511462	13.382865402938725
4490.0	1.8009271677127314	50.04678471034863	0.6307115723776152	1267.2095122511462	13.382865402938725
4500.0	1.7456189760921184	50.04678471034863	0.6307115723776152	1267.2095122511462	13.382865402938725
4510.0	1.7123589578527505	50.04678471034863	0.6307115723776152	1267.2095122511462	13.382865402938725
4520.0	1.7160604760116467	50.04678471034863	0.6307115723776152	1267.2095122511462	13.382865402938725
4530.0	1.7355873254296013	50.04678471034863	0.6307115723776152	1267.2095122511462	13.382865402938725
4540.0	1.733709743754785	50.04678471034863	0.6307115723776152	1267.2095122511462	13.382865402938725
4550.0	1.7317248716985705	50.04678471034863	0.6307115723776152	1267.2095122511462	13.382865402938725
4560.0	1.6601890098885936	50.04678471034863	0.6307115723776152	1267.2095122511462	13.382865402938725
4570.0	1.6417887094755077	50.04678471034863	0.6307115723776152	1267.2095122511462	13.382865402938725
4580.0	1.6443100334388225	50.04678471034863	0.6307115723776152	1267.2095122511462	13.382865402938725
4590.0	1.6667873683457517	50.04678471034863	0.6307115723776152	1267.2095122511462	13.382865402938725
4600.0	1.7077722940471631	50.04678471034863	0.6307115723776152	1267.2095122511462	13.382865402938725
4610.0	1.7108032473221984	50.04678471034863	0.6307115723776152	1267.2095122511462	13.382865402938725
4620.0	1.6720982422259065	50.04678471034863	0.6307115723776152	1267.2095122511462	13.382865402938725
4630.0	1.7243754805715013	50.04678471034863	0.6307115723776152	1267.2095122511462	13.382865402938725
4640.0	1.7145584106718053	50.04678471034863	0.6307115723776152	1267.2095122511462	13.382865402938725
4650.0	1.722980705613054	50.04678471034863	0.6307115723776152	1267.2095122511462	13.382865402938725
4660.0	1.7823391091321774	50.04678471034863	0.6307115723776152	1267.2095122511462	13.382865402938725
4670.0	1.7904127103338434	50.04678471034863	0.6307115723776152	1267.2095122511462	13.382865402938725
4680.0	1.7325831947499015	50.04678471034863	0.6307115723776152	1267.2095122511462	13.382865402938725
4690.0	1.672232355202688	50.04678471034863	0.6307115723776152	1267.2095122511462	13.382865402938725
4700.0	1.684490281279598	50.04678471034863	0.6307115723776152	1267.2095122511462	13.382865402938725
4710.0	1.6796890367111887	50.04678471034863	0.6307115723776152	1267.2095122511462	13.382865402938725
4720.0	1.7049022763442438	50.04678471034863	0.6307115723776152	1267.2095122511462	13.382865402938725
4730.0	1.6502646496074858	50.04678471034863	0.6307115723776152	1267.2095122511462	13.382865402938725
4740.0	1.557163421132626	50.04678471034863	0.6307115723776152	1267.2095122511462	13.382865402938725
4750.0	1.6222082148668702	50.04678471034863	0.6307115723776152	1267.2095122511462	13.382865402938725
4760.0	1.555929581746313	50.04678471034863	0.6307115723776152	1267.2095122511462	13.382865402938725
4770.0	1.5351420703467191	50.04678471034863	0.6307115723776152	1267.2095122511462	13.382865402938725
4780.0	1.4799411691075066	50.04678471034863	0.6307115723776152	1267.2095122511462	13.382865402938725
4790.0	1.4437306653791748	50.04678471034863	0.6307115723776152	1267.2095122511462	13.382865402938725
4800.0	1.4912871269424097	50.04678471034863	0.6307115723776152	1267.2095122511462	13.382865402938725
4810.0	1.4856812045133567	50.04678471034863	0.6307115723776152	1267.2095122511462	13.382865402938725
4820.0	1.4024775137242143	50.04678471034863	0.6307115723776152	1267.2095122511462	13.382865402938725
4830.0	1.3511390662160583	50.04678471034863	0.6307115723776152	1267.2095122511462	13.382865402938725
4840.0	1.318281386906995	50.04678471034863	0.6307115723776152	1267.2095122511462	13.382865402938725
4850.0	1.3425290131073093	50.04678471034863	0.6307115723776152	1267.2095122511462	13.382865402938725
4860.0	1.3320950235144648	50.04678471034863	0.6307115723776152	1267.2095122511462	13.382865402938725
4870.0	1.3269450852064468	50.04678471034863	0.6307115723776152	1267.2095122511462	13.382865402938725
4880.0	1.3503880335461256	50.04678471034863	0.6307115723776152	1267.2095122511462	13.382865402938725
4890.0	1.3292250058115611	50.04678471034863	0.6307115723776152	1267.2095122511462	13.382865402938725
4900.0	1.3066940257139323	50.04678471034863	0.6307115723776152	1267.2095122511462	13.382865402938725
4910.0	1.3146066913434566	50.04678471034863	0.6307115723776152	1267.2095122511462	13.382865402938725
4920.0	1.4393049371457083	50.04678471034863	0.6307115723776152	1267.2095122511462	13.382865402938725
4930.0	1.4140648749172922	50.04678471034863	0.6307115723776152	1267.2095122511462	13.382865402938725
4940.0	1.4190807002485522	50.04678471034863	0.6307115723776152	1267.2095122511462	13.382865402938725
4950.0	1.4775003129302764	50.04678471034863	0.6307115723776152	1267.2095122511462	13.382865402938725
4960.0	1.5384948947660035	50.04678471034863	0.6307115723776152	1267.2095122511462	13.382865402938725
4970.0	1.4701509218031874	50.04678471034863	0.6307115723776152	1267.2095122511462	13.382865402938725
4980.0	1.520443288092557	50.04678471034863	0.6307115723776152	1267.2095122511462	13.382865402938725
4990.0	1.5195313198504825	50.04678471034863	0.6307115723776152	1267.2095122511462	13.382865402938725
5000.0	1.4524748314646885	50.04678471034863	0.6307115723776152	1267.2095122511462	13.382865402938725
5010.0	1.4566859789353246	50.04678471034863	0.6307115723776152	1267.2095122511462	13.382865402938725
5020.0	1.3932237183269809	50.04678471034863	0.6307115723776152	1267.2095122511462	13.382865402938725
5030.0	1.3570936823846993	50.04678471034863	0.6307115723776152	1267.2095122511462	13.382865402938725
5040.0	1.3409464799813968	50.04678471034863	0.6307115723776152	1267.2095122511462	13.382865402938725
5050.0	1.3504685013321764	50.04678471034863	0.6307115723776152	1267.2095122511462	13.382865402938725
5060.0	1.3393371242601382	50.04678471034863	0.6307115723776152	1267.2095122511462	13.382865402938725
5070.0	1.2839752874488068	50.04678471034863	0.6307115723776152	1267.2095122511462	13.382865402938725
5080.0	1.2818831250111706	50.04678471034863	0.6307115723776152	1267.2095122511462	13.382865402938725
5090.0	1.2803005918852672	50.04678471034863	0.6307115723776152	1267.2095122511462	13.382865402938725
5100.0	1.2776719775405387	50.04678471034863	0.6307115723776152	1267.2095122511462	13.382865402938725
5110.0	1.2093816497684142	50.04678471034863	0.6307115723776152	1267.2095122511462	13.382865402938725
5120.0	1.1348416572787503	50.04678471034863	0.6307115723776152	1267.2095122511462	13.382865402938725
5130.0	1.1071607388730869	50.04678471034863	0.6307115723776152	1267.2095122511462	13.382865402938725
5140.0	1.0742762369686862	50.04678471034863	0.6307115723776152	1267.2095122511462	13.382865402938725
5150.0	1.094366360889085	50.04678471034863	0.6307115723776152	1267.2095122511462	13.382865402938725
5160.0	1.0548298553367952	50.04678471034863	0.6307115723776152	1267.2095122511462	13.382865402938725
5170.0	1.0747053984943586	50.04678471034863	0.6307115723776152	1267.2095122511462	13.382865402938725
5180.0	1.0212479659531897	50.04678471034863	0.6307115723776152	1267.2095122511462	13.382865402938725
5190.0	1.027443985480041	50.04678471034863	0.6307115723776152	1267.2095122511462	13.382865402938725
5200.0	1.0917913917350606	50.04678471034863	0.6307115723776152	1267.2095122511462	13.382865402938725
5210.0	1.1023594943046606	50.04678471034863	0.6307115723776152	1267.2095122511462	13.382865402938725
5220.0	1.1161731309121403	50.04678471034863	0.6307115723776152	1267.2095122511462	13.382865402938725
5230.0	1.1682894336855958	50.04678471034863	0.6307115723776152	1267.2095122511462	13.382865402938725
5240.0	1.167082416894643	50.04678471034863	0.6307115723776152	1267.2095122511462	13.382865402938725
5250.0	1.2341120826851144	50.04678471034863	0.6307115723776152	1267.2095122511462	13.382865402938725
5260.0	1.180896053502131	50.04678471034863	0.6307115723776152	1267.2095122511462	13.382865402938725
5270.0	1.1615837848470196	50.04678471034863	0.6307115723776152	1267.2095122511462	13.382865402938725
5280.0	1.1436394685549705	50.04678471034863	0.6307115723776152	1267.2095122511462	13.382865402938725
5290.0	1.164024641024258	50.04678471034863	0.6307115723776152	1267.2095122511462	13.382865402938725
5300.0	1.1817007313627659	50.04678471034863	0.6307115723776152	1267.2095122511462	13.382865402938725
5310.0	1.168477191853083	50.04678471034863	0.6307115723776152	1267.2095122511462	13.382865402938725
5320.0	1.1918396724066964	50.04678471034863	0.6307115723776152	1267.2095122511462	13.382865402938725
5330.0	1.159518445004734	50.04678471034863	0.6307115723776152	1267.2095122511462	13.382865402938725
5340.0	1.1367192389535554	50.04678471034863	0.6307115723776152	1267.2095122511462	13.382865402938725
5350.0	1.1254537489047276	50.04678471034863	0.6307115723776152	1267.2095122511462	13.382865402938725
5360.0	1.1351635284230017	50.04678471034863	0.6307115723776152	1267.2095122511462	13.382865402938725
5370.0	1.1162804212935633	50.04678471034863	0.6307115723776152	1267.2095122511462	13.382865402938725
5380.0	1.0730692201777405	50.04678471034863	0.6307115723776152	1267.2095122511462	13.382865402938725
5390.0	1.0135230584911368	50.04678471034863	0.6307115723776152	1267.2095122511462	13.382865402938725
5400.0	1.0599261484541167	50.04678471034863	0.6307115723776152	1267.2095122511462	13.382865402938725
5410.0	1.046032044060573	50.04678471034863	0.6307115723776152	1267.2095122511462	13.382865402938725
5420.0	1.0016674713445242	50.04678471034863	0.6307115723776152	1267.2095122511462	13.382865402938725
5430.0	0.9619700302201173	50.04678471034863	0.6307115723776152	1267.2095122511462	13.382865402938725
5440.0	0.9607898360245368	50.04678471034863	0.6307115723776152	1267.2095122511462	13.382865402938725
5450.0	0.9111412120236726	50.04678471034863	0.6307115723776152	1267.2095122511462	13.382865402938725
5460.0	0.862136330311315	50.04678471034863	0.6307115723776152	1267.2095122511462	13.382865402938725
5470.0	0.8413756415070754	50.04678471034863	0.6307115723776152	1267.2095122511462	13.382865402938725
5480.0	0.8160819340879347	50.04678471034863	0.6307115723776152	1267.2095122511462	13.382865402938725
5490.0	0.8563962949054907	50.04678471034863	0.6307115723776152	1267.2095122511462	13.382865402938725
5500.0	0.8976762691557995	50.04678471034863	0.6307115723776152	1267.2095122511462	13.382865402938725
5510.0	0.8816900023246264	50.04678471034863	0.6307115723776152	1267.2095122511462	13.382865402938725
5520.0	0.8923117500849371	50.04678471034863	0.6307115723776152	1267.2095122511462	13.382865402938725
5530.0	0.9286831893853976	50.04678471034863	0.6307115723776152	1267.2095122511462	13.382865402938725
5540.0	0.9434087942349298	50.04678471034863	0.6307115723776152	1267.2095122511462	13.382865402938725
5550.0	0.8925799760384807	50.04678471034863	0.6307115723776152	1267.2095122511462	13.382865402938725
5560.0	0.9178736834576067	50.04678471034863	0.6307115723776152	1267.2095122511462	13.382865402938725
5570.0	0.8941625091643844	50.04678471034863	0.6307115723776152	1267.2095122511462	13.382865402938725
5580.0	0.8523460830069836	50.04678471034863	0.6307115723776152	1267.2095122511462	13.382865402938725
5590.0	0.9746034726320073	50.04678471034863	0.6307115723776152	1267.2095122511462	13.382865402938725
5600.0	1.001801584321296	50.04678471034863	0.6307115723776152	1267.2095122511462	13.382865402938725
5610.0	1.003893746758942	50.04678471034863	0.6307115723776152	1267.2095122511462	13.382865402938725
5620.0	0.9858153174901186	50.04678471034863	0.6307115723776152	1267.2095122511462	13.382865402938725
5630.0	0.9836963324571298	50.04678471034863	0.6307115723776152	1267.2095122511462	13.382865402938725
5640.0	0.9789219104840576	50.04678471034863	0.6307115723776152	1267.2095122511462	13.382865402938725
5650.0	1.0059322640058606	50.04678471034863	0.6307115723776152	1267.2095122511462	13.382865402938725
5660.0	0.9519115569622504	50.04678471034863	0.6307115723776152	1267.2095122511462	13.382865402938725
5670.0	0.9533867997067383	50.04678471034863	0.6307115723776152	1267.2095122511462	13.382865402938725
5680.0	0.9673881944817011	50.04678471034863	0.6307115723776152	1267.2095122511462	13.382865402938725
5690.0	0.9797802335353938	50.04678471034863	0.6307115723776152	1267.2095122511462	13.382865402938725
5700.0	0.9452863759097297	50.04678471034863	0.6307115723776152	1267.2095122511462	13.382865402938725
5710.0	0.9202608944441428	50.04678471034863	0.6307115723776152	1267.2095122511462	13.382865402938725
5720.0	0.9020215296031969	50.04678471034863	0.6307115723776152	1267.2095122511462	13.382865402938725
5730.0	0.8510854210253341	50.04678471034863	0.6307115723776152	1267.2095122511462	13.382865402938725
5740.0	0.7891252257568503	50.04678471034863	0.6307115723776152	1267.2095122511462	13.382865402938725
5750.0	0.768445004738656	50.04678471034863	0.6307115723776152	1267.2095122511462	13.382865402938725
5760.0	0.7400935214491254	50.04678471034863	0.6307115723776152	1267.2095122511462	13.382865402938725
5770.0	0.7673184557337692	50.04678471034863	0.6307115723776152	1267.2095122511462	13.382865402938725
5780.0	0.7135927972390474	50.04678471034863	0.6307115723776152	1267.2095122511462	13.382865402938725
5790.0	0.7119297963270853	50.04678471034863	0.6307115723776152	1267.2095122511462	13.382865402938725
5800.0	0.7097839886987496	50.04678471034863	0.6307115723776152	1267.2095122511462	13.382865402938725
5810.0	0.7367943422205526	50.04678471034863	0.6307115723776152	1267.2095122511462	13.382865402938725
5820.0	0.7635901149795268	50.04678471034863	0.6307115723776152	1267.2095122511462	13.382865402938725
5830.0	0.7506884466140826	50.04678471034863	0.6307115723776152	1267.2095122511462	13.382865402938725
5840.0	0.7372503263415721	50.04678471034863	0.6307115723776152	1267.2095122511462	13.382865402938725
5850.0	0.7323417913917408	50.04678471034863	0.6307115723776152	1267.2095122511462	13.382865402938725
5860.0	0.7295522414748753	50.04678471034863	0.6307115723776152	1267.2095122511462	13.382865402938725
5870.0	0.7250192228599984	50.04678471034863	0.6307115723776152	1267.2095122511462	13.382865402938725
5880.0	0.7479793644833042	50.04678471034863	0.6307115723776152	1267.2095122511462	13.382865402938725
5890.0	0.7598349516299134	50.04678471034863	0.6307115723776152	1267.2095122511462	13.382865402938725
5900.0	0.7409786670958187	50.04678471034863	0.6307115723776152	1267.2095122511462	13.382865402938725
5910.0	0.7605323391091315	50.04678471034863	0.6307115723776152	1267.2095122511462	13.382865402938725
5920.0	0.7467723476923597	50.04678471034863	0.6307115723776152	1267.2095122511462	13.382865402938725
5930.0	0.7589498059832251	50.04678471034863	0.6307115723776152	1267.2095122511462	13.382865402938725
5940.0	0.7218273340128427	50.04678471034863	0.6307115723776152	1267.2095122511462	13.382865402938725
5950.0	0.7713418450369269	50.04678471034863	0.6307115723776152	1267.2095122511462	13.382865402938725
5960.0	0.786416143626052	50.04678471034863	0.6307115723776152	1267.2095122511462	13.382865402938725
5970.0	0.7736217656420407	50.04678471034863	0.6307115723776152	1267.2095122511462	13.382865402938725
5980.0	0.7842971585930605	50.04678471034863	0.6307115723776152	1267.2095122511462	13.382865402938725
5990.0	0.7852895946211736	50.04678471034863	0.6307115723776152	1267.2095122511462	13.382865402938725
6000.0	0.7536925772937788	50.04678471034863	0.6307115723776152	1267.2095122511462	13.382865402938725
6010.0	0.7655749870357406	50.04678471034863	0.6307115723776152	1267.2095122511462	13.382865402938725
6020.0	0.7457799116642421	50.04678471034863	0.6307115723776152	1267.2095122511462	13.382865402938725
6030.0	0.6969091429286585	50.04678471034863	0.6307115723776152	1267.2095122511462	13.382865402938725
6040.0	0.6896133969922925	50.04678471034863	0.6307115723776152	1267.2095122511462	13.382865402938725
6050.0	0.6833637322747311	50.04678471034863	0.6307115723776152	1267.2095122511462	13.382865402938725
6060.0	0.6938245444629164	50.04678471034863	0.6307115723776152	1267.2095122511462	13.382865402938725
6070.0	0.6940927704164608	50.04678471034863	0.6307115723776152	1267.2095122511462	13.382865402938725
6080.0	0.7152826207463764	50.04678471034863	0.6307115723776152	1267.2095122511462	13.382865402938725
6090.0	0.6915178012624479	50.04678471034863	0.6307115723776152	1267.2095122511462	13.382865402938725
6100.0	0.620759794717733	50.04678471034863	0.6307115723776152	1267.2095122511462	13.382865402938725
6110.0	0.6050149312447363	50.04678471034863	0.6307115723776152	1267.2095122511462	13.382865402938725
6120.0	0.6240857965416652	50.04678471034863	0.6307115723776152	1267.2095122511462	13.382865402938725
6130.0	0.6626835112565458	50.04678471034863	0.6307115723776152	1267.2095122511462	13.382865402938725
6140.0	0.5968608622570263	50.04678471034863	0.6307115723776152	1267.2095122511462	13.382865402938725
6150.0	0.5495189814566454	50.04678471034863	0.6307115723776152	1267.2095122511462	13.382865402938725
6160.0	0.548204674284282	50.04678471034863	0.6307115723776152	1267.2095122511462	13.382865402938725
6170.0	0.543188848953028	50.04678471034863	0.6307115723776152	1267.2095122511462	13.382865402938725
6180.0	0.5929447633352908	50.04678471034863	0.6307115723776152	1267.2095122511462	13.382865402938725
6190.0	0.6266071205049799	50.04678471034863	0.6307115723776152	1267.2095122511462	13.382865402938725
6200.0	0.6639173506428399	50.04678471034863	0.6307115723776152	1267.2095122511462	13.382865402938725
6210.0	0.6860996370008725	50.04678471034863	0.6307115723776152	1267.2095122511462	13.382865402938725
6220.0	0.6334200597249722	50.04678471034863	0.6307115723776152	1267.2095122511462	13.382865402938725
6230.0	0.655655991273712	50.04678471034863	0.6307115723776152	1267.2095122511462	13.382865402938725
6240.0	0.609869821003874	50.04678471034863	0.6307115723776152	1267.2095122511462	13.382865402938725
6250.0	0.6647220285034785	50.04678471034863	0.6307115723776152	1267.2095122511462	13.382865402938725
6260.0	0.6573458147810365	50.04678471034863	0.6307115723776152	1267.2095122511462	13.382865402938725
6270.0	0.6691477567369369	50.04678471034863	0.6307115723776152	1267.2095122511462	13.382865402938725
6280.0	0.6683162562809588	50.04678471034863	0.6307115723776152	1267.2095122511462	13.382865402938725
6290.0	0.6472336963324518	50.04678471034863	0.6307115723776152	1267.2095122511462	13.382865402938725
6300.0	0.5864536952595482	50.04678471034863	0.6307115723776152	1267.2095122511462	13.382865402938725
6310.0	0.6349489476601748	50.04678471034863	0.6307115723776152	1267.2095122511462	13.382865402938725
6320.0	0.6228787797507276	50.04678471034863	0.6307115723776152	1267.2095122511462	13.382865402938725
6330.0	0.5753491407828614	50.04678471034863	0.6307115723776152	1267.2095122511462	13.382865402938725
6340.0	0.5829399352681359	50.04678471034863	0.6307115723776152	1267.2095122511462	13.382865402938725
6350.0	0.5950369257729308	50.04678471034863	0.6307115723776152	1267.2095122511462	13.382865402938725
6360.0	0.5754027859735673	50.04678471034863	0.6307115723776152	1267.2095122511462	13.382865402938725
6370.0	0.5179487867246014	50.04678471034863	0.6307115723776152	1267.2095122511462	13.382865402938725
6380.0	0.5309041002807424	50.04678471034863	0.6307115723776152	1267.2095122511462	13.382865402938725
6390.0	0.5246007903724698	50.04678471034863	0.6307115723776152	1267.2095122511462	13.382865402938725
6400.0	0.4933256441893297	50.04678471034863	0.6307115723776152	1267.2095122511462	13.382865402938725
6410.0	0.5202555299250744	50.04678471034863	0.6307115723776152	1267.2095122511462	13.382865402938725
6420.0	0.5594969869284555	50.04678471034863	0.6307115723776152	1267.2095122511462	13.382865402938725
6430.0	0.5828862900774263	50.04678471034863	0.6307115723776152	1267.2095122511462	13.382865402938725
6440.0	0.5336668276022367	50.04678471034863	0.6307115723776152	1267.2095122511462	13.382865402938725
6450.0	0.5193703842783812	50.04678471034863	0.6307115723776152	1267.2095122511462	13.382865402938725
6460.0	0.5262101460937354	50.04678471034863	0.6307115723776152	1267.2095122511462	13.382865402938725
6470.0	0.5126110902490907	50.04678471034863	0.6307115723776152	1267.2095122511462	13.382865402938725
6480.0	0.48683457611358594	50.04678471034863	0.6307115723776152	1267.2095122511462	13.382865402938725
6490.0	0.49222591777980323	50.04678471034863	0.6307115723776152	1267.2095122511462	13.382865402938725
6500.0	0.518753464585231	50.04678471034863	0.6307115723776152	1267.2095122511462	13.382865402938725
6510.0	0.5315746651646006	50.04678471034863	0.6307115723776152	1267.2095122511462	13.382865402938725
6520.0	0.547158593065468	50.04678471034863	0.6307115723776152	1267.2095122511462	13.382865402938725
6530.0	0.5402651860593973	50.04678471034863	0.6307115723776152	1267.2095122511462	13.382865402938725
6540.0	0.5082390072063382	50.04678471034863	0.6307115723776152	1267.2095122511462	13.382865402938725
6550.0	0.5753491407828645	50.04678471034863	0.6307115723776152	1267.2095122511462	13.382865402938725
6560.0	0.5501090785544414	50.04678471034863	0.6307115723776152	1267.2095122511462	13.382865402938725
6570.0	0.5329694401230242	50.04678471034863	0.6307115723776152	1267.2095122511462	13.382865402938725
6580.0	0.5657466516460161	50.04678471034863	0.6307115723776152	1267.2095122511462	13.382865402938725
6590.0	0.5951978613450556	50.04678471034863	0.6307115723776152	1267.2095122511462	13.382865402938725
6600.0	0.5702796702608925	50.04678471034863	0.6307115723776152	1267.2095122511462	13.382865402938725
6610.0	0.5802308531373449	50.04678471034863	0.6307115723776152	1267.2095122511462	13.382865402938725
6620.0	0.5646737478318373	50.04678471034863	0.6307115723776152	1267.2095122511462	13.382865402938725
6630.0	0.578809255583569	50.04678471034863	0.6307115723776152	1267.2095122511462	13.382865402938725
6640.0	0.5700919120934108	50.04678471034863	0.6307115723776152	1267.2095122511462	13.382865402938725
6650.0	0.5613477460078996	50.04678471034863	0.6307115723776152	1267.2095122511462	13.382865402938725
6660.0	0.5229914346512138	50.04678471034863	0.6307115723776152	1267.2095122511462	13.382865402938725
6670.0	0.5559027591509734	50.04678471034863	0.6307115723776152	1267.2095122511462	13.382865402938725
6680.0	0.5276049210521581	50.04678471034863	0.6307115723776152	1267.2095122511462	13.382865402938725
6690.0	0.5358394578259371	50.04678471034863	0.6307115723776152	1267.2095122511462	13.382865402938725
6700.0	0.4976172594460232	50.04678471034863	0.6307115723776152	1267.2095122511462	13.382865402938725
6710.0	0.48712962466247783	50.04678471034863	0.6307115723776152	1267.2095122511462	13.382865402938725
6720.0	0.453547735278864	50.04678471034863	0.6307115723776152	1267.2095122511462	13.382865402938725
6730.0	0.4151646013268267	50.04678471034863	0.6307115723776152	1267.2095122511462	13.382865402938725
6740.0	0.3969252364858832	50.04678471034863	0.6307115723776152	1267.2095122511462	13.382865402938725
6750.0	0.38077803408257666	50.04678471034863	0.6307115723776152	1267.2095122511462	13.382865402938725
6760.0	0.41256280957745384	50.04678471034863	0.6307115723776152	1267.2095122511462	13.382865402938725
6770.0	0.44515226293296095	50.04678471034863	0.6307115723776152	1267.2095122511462	13.382865402938725
6780.0	0.42026089444414716	50.04678471034863	0.6307115723776152	1267.2095122511462	13.382865402938725
6790.0	0.4169080700248543	50.04678471034863	0.6307115723776152	1267.2095122511462	13.382865402938725
6800.0	0.3734554655508482	50.04678471034863	0.6307115723776152	1267.2095122511462	13.382865402938725
6810.0	0.3812608407989572	50.04678471034863	0.6307115723776152	1267.2095122511462	13.382865402938725
6820.0	0.40253115891493374	50.04678471034863	0.6307115723776152	1267.2095122511462	13.382865402938725
6830.0	0.42302362176564395	50.04678471034863	0.6307115723776152	1267.2095122511462	13.382865402938725
6840.0	0.42771757595264925	50.04678471034863	0.6307115723776152	1267.2095122511462	13.382865402938725
6850.0	0.43176778785114805	50.04678471034863	0.6307115723776152	1267.2095122511462	13.382865402938725
6860.0	0.4621577883876031	50.04678471034863	0.6307115723776152	1267.2095122511462	13.382865402938725
6870.0	0.5199336587808208	50.04678471034863	0.6307115723776152	1267.2095122511462	13.382865402938725
6880.0	0.4884707544301954	50.04678471034863	0.6307115723776152	1267.2095122511462	13.382865402938725
6890.0	0.4956592099851573	50.04678471034863	0.6307115723776152	1267.2095122511462	13.382865402938725
6900.0	0.46663716181177484	50.04678471034863	0.6307115723776152	1267.2095122511462	13.382865402938725
6910.0	0.44383795576059837	50.04678471034863	0.6307115723776152	1267.2095122511462	13.382865402938725
6920.0	0.420153604062728	50.04678471034863	0.6307115723776152	1267.2095122511462	13.382865402938725
6930.0	0.46223825617366654	50.04678471034863	0.6307115723776152	1267.2095122511462	13.382865402938725
6940.0	0.47312822988752146	50.04678471034863	0.6307115723776152	1267.2095122511462	13.382865402938725
6950.0	0.477902651860597	50.04678471034863	0.6307115723776152	1267.2095122511462	13.382865402938725
6960.0	0.4386611948572143	50.04678471034863	0.6307115723776152	1267.2095122511462	13.382865402938725
6970.0	0.4566591563399696	50.04678471034863	0.6307115723776152	1267.2095122511462	13.382865402938725
6980.0	0.474603472632011	50.04678471034863	0.6307115723776152	1267.2095122511462	13.382865402938725
6990.0	0.4358179997496554	50.04678471034863	0.6307115723776152	1267.2095122511462	13.382865402938725
7000.0	0.441075228439098	50.04678471034863	0.6307115723776152	1267.2095122511462	13.382865402938725
7010.0	0.434852386316897	50.04678471034863	0.6307115723776152	1267.2095122511462	13.382865402938725
7020.0	0.42385512222162686	50.04678471034863	0.6307115723776152	1267.2095122511462	13.382865402938725
7030.0	0.4413970995833564	50.04678471034863	0.6307115723776152	1267.2095122511462	13.382865402938725
7040.0	0.41253598698210164	50.04678471034863	0.6307115723776152	1267.2095122511462	13.382865402938725
7050.0	0.4232382025284778	50.04678471034863	0.6307115723776152	1267.2095122511462	13.382865402938725
7060.0	0.4260813976360335	50.04678471034863	0.6307115723776152	1267.2095122511462	13.382865402938725
7070.0	0.4264300913756406	50.04678471034863	0.6307115723776152	1267.2095122511462	13.382865402938725
7080.0	0.3780153067610842	50.04678471034863	0.6307115723776152	1267.2095122511462	13.382865402938725
7090.0	0.3420730289862836	50.04678471034863	0.6307115723776152	1267.2095122511462	13.382865402938725
7100.0	0.35644994009619835	50.04678471034863	0.6307115723776152	1267.2095122511462	13.382865402938725
7110.0	0.3623240884787972	50.04678471034863	0.6307115723776152	1267.2095122511462	13.382865402938725
7120.0	0.40363088532446	50.04678471034863	0.6307115723776152	1267.2095122511462	13.382865402938725
7130.0	0.41057793752123045	50.04678471034863	0.6307115723776152	1267.2095122511462	13.382865402938725
7140.0	0.35543068147273826	50.04678471034863	0.6307115723776152	1267.2095122511462	13.382865402938725
7150.0	0.3408123670046287	50.04678471034863	0.6307115723776152	1267.2095122511462	13.382865402938725
7160.0	0.32882266688124717	50.04678471034863	0.6307115723776152	1267.2095122511462	13.382865402938725
7170.0	0.36589149366092477	50.04678471034863	0.6307115723776152	1267.2095122511462	13.382865402938725
7180.0	0.38587432719989856	50.04678471034863	0.6307115723776152	1267.2095122511462	13.382865402938725
7190.0	0.4102024211862743	50.04678471034863	0.6307115723776152	1267.2095122511462	13.382865402938725
7200.0	0.40693945246142027	50.04678471034863	0.6307115723776152	1267.2095122511462	13.382865402938725
7210.0	0.438911092037263	50.04678471034863	0.6307115723776152	1267.2095122511462	13.382865402938725
7220.0	0.38861872574789985	50.04678471034863	0.6307115723776152	1267.2095122511462	13.382865402938725
7230.0	0.3985699086243561	50.04678471034863	0.6307115723776152	1267.2095122511462	13.382865402938725
7240.0	0.3959144716842825	50.04678471034863	0.6307115723776152	1267.2095122511462	13.382865402938725
7250.0	0.3862851599520748	50.04678471034863	0.6307115723776152	1267.2095122511462	13.382865402938725
7260.0	0.4096476405056972	50.04678471034863	0.6307115723776152	1267.2095122511462	13.382865402938725
7270.0	0.40245918495073335	50.04678471034863	0.6307115723776152	1267.2095122511462	13.382865402938725
7280.0	0.38706301521735315	50.04678471034863	0.6307115723776152	1267.2095122511462	13.382865402938725
7290.0	0.37877483325286493	50.04678471034863	0.6307115723776152	1267.2095122511462	13.382865402938725
7300.0	0.36367371206837734	50.04678471034863	0.6307115723776152	1267.2095122511462	13.382865402938725
7310.0	0.3786407202760921	50.04678471034863	0.6307115723776152	1267.2095122511462	13.382865402938725
7320.0	0.3925348246696375	50.04678471034863	0.6307115723776152	1267.2095122511462	13.382865402938725
7330.0	0.5673645011891333	50.04678471034863	0.6307115723776152	1267.2095122511462	13.382865402938725
7340.0	0.6217607245677024	50.04678471034863	0.6307115723776152	1267.2095122511462	13.382865402938725
7350.0	0.4986986570820601	50.04678471034863	0.6307115723776152	1267.2095122511462	13.382865402938725
7360.0	0.42914766732829124	50.04678471034863	0.6307115723776152	1267.2095122511462	13.382865402938725
7370.0	0.3904158396366417	50.04678471034863	0.6307115723776152	1267.2095122511462	13.382865402938725
7380.0	0.37161320029325684	50.04678471034863	0.6307115723776152	1267.2095122511462	13.382865402938725
7390.0	0.3577459184950736	50.04678471034863	0.6307115723776152	1267.2095122511462	13.382865402938725
7400.0	0.3084728108291719	50.04678471034863	0.6307115723776152	1267.2095122511462	13.382865402938725
7410.0	0.3306819197825565	50.04678471034863	0.6307115723776152	1267.2095122511462	13.382865402938725
7420.0	0.33151342023853836	50.04678471034863	0.6307115723776152	1267.2095122511462	13.382865402938725
7430.0	0.32480777139995826	50.04678471034863	0.6307115723776152	1267.2095122511462	13.382865402938725
7440.0	0.3021695009209083	50.04678471034863	0.6307115723776152	1267.2095122511462	13.382865402938725
7450.0	0.31279124868121777	50.04678471034863	0.6307115723776152	1267.2095122511462	13.382865402938725
7460.0	0.30093566153460977	50.04678471034863	0.6307115723776152	1267.2095122511462	13.382865402938725
7470.0	0.29487375498452895	50.04678471034863	0.6307115723776152	1267.2095122511462	13.382865402938725
7480.0	0.28352779714965276	50.04678471034863	0.6307115723776152	1267.2095122511462	13.382865402938725
7490.0	0.305736906103035	50.04678471034863	0.6307115723776152	1267.2095122511462	13.382865402938725
7500.0	0.3227960767483828	50.04678471034863	0.6307115723776152	1267.2095122511462	13.382865402938725
7510.0	0.3002114514600415	50.04678471034863	0.6307115723776152	1267.2095122511462	13.382865402938725
7520.0	0.3122011515834265	50.04678471034863	0.6307115723776152	1267.2095122511462	13.382865402938725
7530.0	0.3697624412138106	50.04678471034863	0.6307115723776152	1267.2095122511462	13.382865402938725
7540.0	0.3592748064302708	50.04678471034863	0.6307115723776152	1267.2095122511462	13.382865402938725
7550.0	0.3758779929545968	50.04678471034863	0.6307115723776152	1267.2095122511462	13.382865402938725
7560.0	0.3499673658423202	50.04678471034863	0.6307115723776152	1267.2095122511462	13.382865402938725
7570.0	0.3649343740500341	50.04678471034863	0.6307115723776152	1267.2095122511462	13.382865402938725
7580.0	0.3556537560574381	50.04678471034863	0.6307115723776152	1267.2095122511462	13.382865402938725
7590.0	0.349645494698062	50.04678471034863	0.6307115723776152	1267.2095122511462	13.382865402938725
7600.0	0.36608774565026925	50.04678471034863	0.6307115723776152	1267.2095122511462	13.382865402938725
7610.0	0.3461049121112982	50.04678471034863	0.6307115723776152	1267.2095122511462	13.382865402938725
7620.0	0.3502892369865703	50.04678471034863	0.6307115723776152	1267.2095122511462	13.382865402938725
7630.0	0.3570217084205057	50.04678471034863	0.6307115723776152	1267.2095122511462	13.382865402938725
7640.0	0.5125927614756002	50.04678471034863	0.6307115723776152	1267.2095122511462	13.382865402938725
7650.0	0.5418830356025196	50.04678471034863	0.6307115723776152	1267.2095122511462	13.382865402938725
7660.0	0.8420547002127949	50.04678471034863	0.6307115723776152	1267.2095122511462	13.382865402938725
7670.0	0.8061124224379881	50.04678471034863	0.6307115723776152	1267.2095122511462	13.382865402938725
7680.0	0.7323502852136005	50.04678471034863	0.6307115723776152	1267.2095122511462	13.382865402938725
7690.0	0.7086391109203726	50.04678471034863	0.6307115723776152	1267.2095122511462	13.382865402938725
7700.0	0.6130970262682569	50.04678471034863	0.6307115723776152	1267.2095122511462	13.382865402938725
7710.0	0.5342654185218917	50.04678471034863	0.6307115723776152	1267.2095122511462	13.382865402938725
7720.0	0.5113857446846536	50.04678471034863	0.6307115723776152	1267.2095122511462	13.382865402938725
7730.0	0.5109565831589841	50.04678471034863	0.6307115723776152	1267.2095122511462	13.382865402938725
7740.0	0.4418884001215936	50.04678471034863	0.6307115723776152	1267.2095122511462	13.382865402938725
7750.0	0.41930377483325376	50.04678471034863	0.6307115723776152	1267.2095122511462	13.382865402938725
7760.0	0.41171298034797565	50.04678471034863	0.6307115723776152	1267.2095122511462	13.382865402938725
7770.0	0.41393925576238333	50.04678471034863	0.6307115723776152	1267.2095122511462	13.382865402938725
7780.0	0.3955389553493158	50.04678471034863	0.6307115723776152	1267.2095122511462	13.382865402938725
7790.0	0.4240781968063257	50.04678471034863	0.6307115723776152	1267.2095122511462	13.382865402938725
7800.0	0.42676045634174975	50.04678471034863	0.6307115723776152	1267.2095122511462	13.382865402938725
7810.0	0.45052527582568214	50.04678471034863	0.6307115723776152	1267.2095122511462	13.382865402938725
7820.0	0.4953458326627682	50.04678471034863	0.6307115723776152	1267.2095122511462	13.382865402938725
7830.0	0.4514372440677334	50.04678471034863	0.6307115723776152	1267.2095122511462	13.382865402938725
7840.0	0.4154144985068741	50.04678471034863	0.6307115723776152	1267.2095122511462	13.382865402938725
7850.0	0.43647023586001926	50.04678471034863	0.6307115723776152	1267.2095122511462	13.382865402938725
7860.0	0.40892343043112833	50.04678471034863	0.6307115723776152	1267.2095122511462	13.382865402938725
7870.0	0.4612811365627725	50.04678471034863	0.6307115723776152	1267.2095122511462	13.382865402938725
7880.0	0.44899638789049334	50.04678471034863	0.6307115723776152	1267.2095122511462	13.382865402938725
7890.0	0.40103758739695944	50.04678471034863	0.6307115723776152	1267.2095122511462	13.382865402938725
7900.0	0.4048732185326225	50.04678471034863	0.6307115723776152	1267.2095122511462	13.382865402938725
7910.0	0.42614353664860793	50.04678471034863	0.6307115723776152	1267.2095122511462	13.382865402938725
7920.0	0.42166416322443406	50.04678471034863	0.6307115723776152	1267.2095122511462	13.382865402938725
7930.0	0.4174798383491597	50.04678471034863	0.6307115723776152	1267.2095122511462	13.382865402938725
7940.0	0.43284918548718593	50.04678471034863	0.6307115723776152	1267.2095122511462	13.382865402938725
7950.0	0.4094062371475072	50.04678471034863	0.6307115723776152	1267.2095122511462	13.382865402938725
7960.0	0.413375981259944	50.04678471034863	0.6307115723776152	1267.2095122511462	13.382865402938725
7970.0	0.3978993437405	50.04678471034863	0.6307115723776152	1267.2095122511462	13.382865402938725
7980.0	0.38660703109632694	50.04678471034863	0.6307115723776152	1267.2095122511462	13.382865402938725
7990.0	0.361796130393575	50.04678471034863	0.6307115723776152	1267.2095122511462	13.382865402938725
8000.0	0.3828250451513715	50.04678471034863	0.6307115723776152	1267.2095122511462	13.382865402938725
8010.0	0.4075286554727033	50.04678471034863	0.6307115723776152	1267.2095122511462	13.382865402938725
8020.0	0.3458635087531054	50.04678471034863	0.6307115723776152	1267.2095122511462	13.382865402938725
8030.0	0.31689510577043295	50.04678471034863	0.6307115723776152	1267.2095122511462	13.382865402938725
8040.0	0.2986557409294895	50.04678471034863	0.6307115723776152	1267.2095122511462	13.382865402938725
8050.0	0.2966976914686263	50.04678471034863	0.6307115723776152	1267.2095122511462	13.382865402938725
8060.0	0.31552715340736337	50.04678471034863	0.6307115723776152	1267.2095122511462	13.382865402938725
8070.0	0.3773800582944391	50.04678471034863	0.6307115723776152	1267.2095122511462	13.382865402938725
8080.0	0.3387018757935	50.04678471034863	0.6307115723776152	1267.2095122511462	13.382865402938725
8090.0	0.32491506178137586	50.04678471034863	0.6307115723776152	1267.2095122511462	13.382865402938725
8100.0	0.32877751551240025	50.04678471034863	0.6307115723776152	1267.2095122511462	13.382865402938725
8110.0	0.32043568835720193	50.04678471034863	0.6307115723776152	1267.2095122511462	13.382865402938725
8120.0	0.30860692380594273	50.04678471034863	0.6307115723776152	1267.2095122511462	13.382865402938725
8130.0	0.3163586538633484	50.04678471034863	0.6307115723776152	1267.2095122511462	13.382865402938725
8140.0	0.3549295459828682	50.04678471034863	0.6307115723776152	1267.2095122511462	13.382865402938725
8150.0	0.37241787815388977	50.04678471034863	0.6307115723776152	1267.2095122511462	13.382865402938725
8160.0	0.36107192031901014	50.04678471034863	0.6307115723776152	1267.2095122511462	13.382865402938725
8170.0	0.3328277274109025	50.04678471034863	0.6307115723776152	1267.2095122511462	13.382865402938725
8180.0	0.332586324052713	50.04678471034863	0.6307115723776152	1267.2095122511462	13.382865402938725
8190.0	0.38252999660247233	50.04678471034863	0.6307115723776152	1267.2095122511462	13.382865402938725
8200.0	0.3920251953579043	50.04678471034863	0.6307115723776152	1267.2095122511462	13.382865402938725
8210.0	0.3720691844142814	50.04678471034863	0.6307115723776152	1267.2095122511462	13.382865402938725
8220.0	0.37035253831160664	50.04678471034863	0.6307115723776152	1267.2095122511462	13.382865402938725
8230.0	0.3899866781109722	50.04678471034863	0.6307115723776152	1267.2095122511462	13.382865402938725
8240.0	0.366490084580583	50.04678471034863	0.6307115723776152	1267.2095122511462	13.382865402938725
8250.0	0.3641296961894026	50.04678471034863	0.6307115723776152	1267.2095122511462	13.382865402938725
8260.0	0.3474192192836559	50.04678471034863	0.6307115723776152	1267.2095122511462	13.382865402938725
8270.0	0.35468814262467585	50.04678471034863	0.6307115723776152	1267.2095122511462	13.382865402938725
8280.0	0.35863106414176316	50.04678471034863	0.6307115723776152	1267.2095122511462	13.382865402938725
8290.0	0.3393456180820051	50.04678471034863	0.6307115723776152	1267.2095122511462	13.382865402938725
8300.0	0.3289384510845261	50.04678471034863	0.6307115723776152	1267.2095122511462	13.382865402938725
8310.0	0.329930887112635	50.04678471034863	0.6307115723776152	1267.2095122511462	13.382865402938725
8320.0	0.30562961572161756	50.04678471034863	0.6307115723776152	1267.2095122511462	13.382865402938725
8330.0	0.2813283443305971	50.04678471034863	0.6307115723776152	1267.2095122511462	13.382865402938725
8340.0	0.2929693507143746	50.04678471034863	0.6307115723776152	1267.2095122511462	13.382865402938725
8350.0	0.2981192890224051	50.04678471034863	0.6307115723776152	1267.2095122511462	13.382865402938725
8360.0	0.24222100030398883	50.04678471034863	0.6307115723776152	1267.2095122511462	13.382865402938725
8370.0	0.2861832340897297	50.04678471034863	0.6307115723776152	1267.2095122511462	13.382865402938725
8380.0	0.28441294279634155	50.04678471034863	0.6307115723776152	1267.2095122511462	13.382865402938725
8390.0	0.2938544963610651	50.04678471034863	0.6307115723776152	1267.2095122511462	13.382865402938725
8400.0	0.2953565617009099	50.04678471034863	0.6307115723776152	1267.2095122511462	13.382865402938725
8410.0	0.31367639432791244	50.04678471034863	0.6307115723776152	1267.2095122511462	13.382865402938725
8420.0	0.3109673121971259	50.04678471034863	0.6307115723776152	1267.2095122511462	13.382865402938725
8430.0	0.30034556443681315	50.04678471034863	0.6307115723776152	1267.2095122511462	13.382865402938725
8440.0	0.28980428446256234	50.04678471034863	0.6307115723776152	1267.2095122511462	13.382865402938725
8450.0	0.2733888561057154	50.04678471034863	0.6307115723776152	1267.2095122511462	13.382865402938725
8460.0	0.2900456878207544	50.04678471034863	0.6307115723776152	1267.2095122511462	13.382865402938725
8470.0	0.30922384349909554	50.04678471034863	0.6307115723776152	1267.2095122511462	13.382865402938725
8480.0	0.32590749780948514	50.04678471034863	0.6307115723776152	1267.2095122511462	13.382865402938725
8490.0	0.3546344974339701	50.04678471034863	0.6307115723776152	1267.2095122511462	13.382865402938725
8500.0	0.3009356615346071	50.04678471034863	0.6307115723776152	1267.2095122511462	13.382865402938725
8510.0	0.2950883357473665	50.04678471034863	0.6307115723776152	1267.2095122511462	13.382865402938725
8520.0	0.31370321692327074	50.04678471034863	0.6307115723776152	1267.2095122511462	13.382865402938725
8530.0	0.33843364983995666	50.04678471034863	0.6307115723776152	1267.2095122511462	13.382865402938725
8540.0	0.3458635087531032	50.04678471034863	0.6307115723776152	1267.2095122511462	13.382865402938725
8550.0	0.3529714965220039	50.04678471034863	0.6307115723776152	1267.2095122511462	13.382865402938725
8560.0	0.3003187418414574	50.04678471034863	0.6307115723776152	1267.2095122511462	13.382865402938725
8570.0	0.28186479623768096	50.04678471034863	0.6307115723776152	1267.2095122511462	13.382865402938725
8580.0	0.30165987160917523	50.04678471034863	0.6307115723776152	1267.2095122511462	13.382865402938725
8590.0	0.3046640022888605	50.04678471034863	0.6307115723776152	1267.2095122511462	13.382865402938725
8600.0	0.3053613897680721	50.04678471034863	0.6307115723776152	1267.2095122511462	13.382865402938725
8610.0	0.3145883625699597	50.04678471034863	0.6307115723776152	1267.2095122511462	13.382865402938725
8620.0	0.28594183073153895	50.04678471034863	0.6307115723776152	1267.2095122511462	13.382865402938725
8630.0	0.25750987965595673	50.04678471034863	0.6307115723776152	1267.2095122511462	13.382865402938725
8640.0	0.25008002074280505	50.04678471034863	0.6307115723776152	1267.2095122511462	13.382865402938725
8650.0	0.27810963288807783	50.04678471034863	0.6307115723776152	1267.2095122511462	13.382865402938725
8660.0	0.26569077123902474	50.04678471034863	0.6307115723776152	1267.2095122511462	13.382865402938725
8670.0	0.28508350768019936	50.04678471034863	0.6307115723776152	1267.2095122511462	13.382865402938725
8680.0	0.24793421311445923	50.04678471034863	0.6307115723776152	1267.2095122511462	13.382865402938725
8690.0	0.2437498882391846	50.04678471034863	0.6307115723776152	1267.2095122511462	13.382865402938725
8700.0	0.26394730254099247	50.04678471034863	0.6307115723776152	1267.2095122511462	13.382865402938725
8710.0	0.2660394649786315	50.04678471034863	0.6307115723776152	1267.2095122511462	13.382865402938725
8720.0	0.25332555478068	50.04678471034863	0.6307115723776152	1267.2095122511462	13.382865402938725
8730.0	0.2733888561057147	50.04678471034863	0.6307115723776152	1267.2095122511462	13.382865402938725
8740.0	0.2414431450387136	50.04678471034863	0.6307115723776152	1267.2095122511462	13.382865402938725
8750.0	0.24873889097508917	50.04678471034863	0.6307115723776152	1267.2095122511462	13.382865402938725
8760.0	0.24227464549469588	50.04678471034863	0.6307115723776152	1267.2095122511462	13.382865402938725
8770.0	0.23221617223682328	50.04678471034863	0.6307115723776152	1267.2095122511462	13.382865402938725
8780.0	0.2436694204531228	50.04678471034863	0.6307115723776152	1267.2095122511462	13.382865402938725
8790.0	0.2525745221107586	50.04678471034863	0.6307115723776152	1267.2095122511462	13.382865402938725
8800.0	0.2541302326413118	50.04678471034863	0.6307115723776152	1267.2095122511462	13.382865402938725
8810.0	0.2813819895213079	50.04678471034863	0.6307115723776152	1267.2095122511462	13.382865402938725
8820.0	0.25142115051052194	50.04678471034863	0.6307115723776152	1267.2095122511462	13.382865402938725
8830.0	0.25651744362784545	50.04678471034863	0.6307115723776152	1267.2095122511462	13.382865402938725
8840.0	0.22492042630044703	50.04678471034863	0.6307115723776152	1267.2095122511462	13.382865402938725
8850.0	0.24911440731004886	50.04678471034863	0.6307115723776152	1267.2095122511462	13.382865402938725
8860.0	0.25045553707776425	50.04678471034863	0.6307115723776152	1267.2095122511462	13.382865402938725
8870.0	0.2565174436278469	50.04678471034863	0.6307115723776152	1267.2095122511462	13.382865402938725
8880.0	0.24305250075997087	50.04678471034863	0.6307115723776152	1267.2095122511462	13.382865402938725
8890.0	0.2465930833467438	50.04678471034863	0.6307115723776152	1267.2095122511462	13.382865402938725
8900.0	0.24447409831375205	50.04678471034863	0.6307115723776152	1267.2095122511462	13.382865402938725
8910.0	0.23143831697154807	50.04678471034863	0.6307115723776152	1267.2095122511462	13.382865402938725
8920.0	0.25973615507036196	50.04678471034863	0.6307115723776152	1267.2095122511462	13.382865402938725
8930.0	0.2383853691683185	50.04678471034863	0.6307115723776152	1267.2095122511462	13.382865402938725
8940.0	0.21027528923698507	50.04678471034863	0.6307115723776152	1267.2095122511462	13.382865402938725
8950.0	0.22851465407792781	50.04678471034863	0.6307115723776152	1267.2095122511462	13.382865402938725
8960.0	0.21081174114407109	50.04678471034863	0.6307115723776152	1267.2095122511462	13.382865402938725
8970.0	0.20394515673336375	50.04678471034863	0.6307115723776152	1267.2095122511462	13.382865402938725
8980.0	0.21110678969297	50.04678471034863	0.6307115723776152	1267.2095122511462	13.382865402938725
8990.0	0.20590320619422872	50.04678471034863	0.6307115723776152	1267.2095122511462	13.382865402938725
9000.0	0.1769616258069137	50.04678471034863	0.6307115723776152	1267.2095122511462	13.382865402938725
9010.0	0.18723467982761818	50.04678471034863	0.6307115723776152	1267.2095122511462	13.382865402938725
9020.0	0.2093633209949362	50.04678471034863	0.6307115723776152	1267.2095122511462	13.382865402938725
9030.0	0.21781243853155147	50.04678471034863	0.6307115723776152	1267.2095122511462	13.382865402938725
9040.0	0.2256178137796581	50.04678471034863	0.6307115723776152	1267.2095122511462	13.382865402938725
9050.0	0.2255909911843067	50.04678471034863	0.6307115723776152	1267.2095122511462	13.382865402938725
9060.0	0.22245274752784974	50.04678471034863	0.6307115723776152	1267.2095122511462	13.382865402938725
9070.0	0.2053667542871432	50.04678471034863	0.6307115723776152	1267.2095122511462	13.382865402938725
9080.0	0.20560815764533114	50.04678471034863	0.6307115723776152	1267.2095122511462	13.382865402938725
9090.0	0.19039974607943067	50.04678471034863	0.6307115723776152	1267.2095122511462	13.382865402938725
9100.0	0.20874640130178784	50.04678471034863	0.6307115723776152	1267.2095122511462	13.382865402938725
9110.0	0.19670305598769564	50.04678471034863	0.6307115723776152	1267.2095122511462	13.382865402938725
9120.0	0.19345752194982416	50.04678471034863	0.6307115723776152	1267.2095122511462	13.382865402938725
9130.0	0.20179934910501907	50.04678471034863	0.6307115723776152	1267.2095122511462	13.382865402938725
9140.0	0.20799536863186643	50.04678471034863	0.6307115723776152	1267.2095122511462	13.382865402938725
9150.0	0.20625189993383486	50.04678471034863	0.6307115723776152	1267.2095122511462	13.382865402938725
9160.0	0.189246374479194	50.04678471034863	0.6307115723776152	1267.2095122511462	13.382865402938725
9170.0	0.21711505105233905	50.04678471034863	0.6307115723776152	1267.2095122511462	13.382865402938725
9180.0	0.21394998480053004	50.04678471034863	0.6307115723776152	1267.2095122511462	13.382865402938725
9190.0	0.20346235001698593	50.04678471034863	0.6307115723776152	1267.2095122511462	13.382865402938725
9200.0	0.22596650751926808	50.04678471034863	0.6307115723776152	1267.2095122511462	13.382865402938725
9210.0	0.20652012588737892	50.04678471034863	0.6307115723776152	1267.2095122511462	13.382865402938725
9220.0	0.1998412996441516	50.04678471034863	0.6307115723776152	1267.2095122511462	13.382865402938725
9230.0	0.21893898753643304	50.04678471034863	0.6307115723776152	1267.2095122511462	13.382865402938725
9240.0	0.20472301199864032	50.04678471034863	0.6307115723776152	1267.2095122511462	13.382865402938725
9250.0	0.20568862543139518	50.04678471034863	0.6307115723776152	1267.2095122511462	13.382865402938725
9260.0	0.20072644529084543	50.04678471034863	0.6307115723776152	1267.2095122511462	13.382865402938725
9270.0	0.21507653380541092	50.04678471034863	0.6307115723776152	1267.2095122511462	13.382865402938725
9280.0	0.20780761046438528	50.04678471034863	0.6307115723776152	1267.2095122511462	13.382865402938725
9290.0	0.1994121381184836	50.04678471034863	0.6307115723776152	1267.2095122511462	13.382865402938725
9300.0	0.17698844840226538	50.04678471034863	0.6307115723776152	1267.2095122511462	13.382865402938725
9310.0	0.18237979006848723	50.04678471034863	0.6307115723776152	1267.2095122511462	13.382865402938725
9320.0	0.1705778481125832	50.04678471034863	0.6307115723776152	1267.2095122511462	13.382865402938725
9330.0	0.17419889848541706	50.04678471034863	0.6307115723776152	1267.2095122511462	13.382865402938725
9340.0	0.1643281833950254	50.04678471034863	0.6307115723776152	1267.2095122511462	13.382865402938725
9350.0	0.15402830677896326	50.04678471034863	0.6307115723776152	1267.2095122511462	13.382865402938725
9360.0	0.14222636482305984	50.04678471034863	0.6307115723776152	1267.2095122511462	13.382865402938725
9370.0	0.13283845644904543	50.04678471034863	0.6307115723776152	1267.2095122511462	13.382865402938725
9380.0	0.15083641793179675	50.04678471034863	0.6307115723776152	1267.2095122511462	13.382865402938725
9390.0	0.16408678003683538	50.04678471034863	0.6307115723776152	1267.2095122511462	13.382865402938725
9400.0	0.1618605046224279	50.04678471034863	0.6307115723776152	1267.2095122511462	13.382865402938725
9410.0	0.158856373942743	50.04678471034863	0.6307115723776152	1267.2095122511462	13.382865402938725
9420.0	0.16802970155392213	50.04678471034863	0.6307115723776152	1267.2095122511462	13.382865402938725
9430.0	0.18431101693399804	50.04678471034863	0.6307115723776152	1267.2095122511462	13.382865402938725
9440.0	0.19259919889848542	50.04678471034863	0.6307115723776152	1267.2095122511462	13.382865402938725
9450.0	0.18141417663573028	50.04678471034863	0.6307115723776152	1267.2095122511462	13.382865402938725
9460.0	0.1910434883679331	50.04678471034863	0.6307115723776152	1267.2095122511462	13.382865402938725
9470.0	0.1880125350928958	50.04678471034863	0.6307115723776152	1267.2095122511462	13.382865402938725
9480.0	0.1895414230280908	50.04678471034863	0.6307115723776152	1267.2095122511462	13.382865402938725
9490.0	0.22229181195572187	50.04678471034863	0.6307115723776152	1267.2095122511462	13.382865402938725
9500.0	0.21148230602793106	50.04678471034863	0.6307115723776152	1267.2095122511462	13.382865402938725
9510.0	0.1869396312787198	50.04678471034863	0.6307115723776152	1267.2095122511462	13.382865402938725
9520.0	0.19402079645226564	50.04678471034863	0.6307115723776152	1267.2095122511462	13.382865402938725
9530.0	0.22545687820753435	50.04678471034863	0.6307115723776152	1267.2095122511462	13.382865402938725
9540.0	0.19713221751336577	50.04678471034863	0.6307115723776152	1267.2095122511462	13.382865402938725
9550.0	0.20834406237147327	50.04678471034863	0.6307115723776152	1267.2095122511462	13.382865402938725
9560.0	0.17827593297927333	50.04678471034863	0.6307115723776152	1267.2095122511462	13.382865402938725
9570.0	0.2053131090964354	50.04678471034863	0.6307115723776152	1267.2095122511462	13.382865402938725
9580.0	0.1870737442554933	50.04678471034863	0.6307115723776152	1267.2095122511462	13.382865402938725
9590.0	0.17680069023478587	50.04678471034863	0.6307115723776152	1267.2095122511462	13.382865402938725
9600.0	0.1888708581442342	50.04678471034863	0.6307115723776152	1267.2095122511462	13.382865402938725
9610.0	0.19056068165155526	50.04678471034863	0.6307115723776152	1267.2095122511462	13.382865402938725
9620.0	0.17580825420667642	50.04678471034863	0.6307115723776152	1267.2095122511462	13.382865402938725
9630.0	0.18573261448777686	50.04678471034863	0.6307115723776152	1267.2095122511462	13.382865402938725
9640.0	0.15746159898431827	50.04678471034863	0.6307115723776152	1267.2095122511462	13.382865402938725
9650.0	0.15944647104053805	50.04678471034863	0.6307115723776152	1267.2095122511462	13.382865402938725
9660.0	0.13104134256030547	50.04678471034863	0.6307115723776152	1267.2095122511462	13.382865402938725
9670.0	0.12554271051266885	50.04678471034863	0.6307115723776152	1267.2095122511462	13.382865402938725
9680.0	0.14793957763353005	50.04678471034863	0.6307115723776152	1267.2095122511462	13.382865402938725
9690.0	0.15477933944888436	50.04678471034863	0.6307115723776152	1267.2095122511462	13.382865402938725
9700.0	0.15569130769093348	50.04678471034863	0.6307115723776152	1267.2095122511462	13.382865402938725
9710.0	0.16196779500384317	50.04678471034863	0.6307115723776152	1267.2095122511462	13.382865402938725
9720.0	0.17672022244872507	50.04678471034863	0.6307115723776152	1267.2095122511462	13.382865402938725
9730.0	0.16636670064195255	50.04678471034863	0.6307115723776152	1267.2095122511462	13.382865402938725
9740.0	0.15448429089998683	50.04678471034863	0.6307115723776152	1267.2095122511462	13.382865402938725
9750.0	0.1576761797471508	50.04678471034863	0.6307115723776152	1267.2095122511462	13.382865402938725
9760.0	0.15781029272392427	50.04678471034863	0.6307115723776152	1267.2095122511462	13.382865402938725
9770.0	0.15260670922518516	50.04678471034863	0.6307115723776152	1267.2095122511462	13.382865402938725
9780.0	0.1529554029647911	50.04678471034863	0.6307115723776152	1267.2095122511462	13.382865402938725
9790.0	0.15475251685353125	50.04678471034863	0.6307115723776152	1267.2095122511462	13.382865402938725
9800.0	0.1356280063658962	50.04678471034863	0.6307115723776152	1267.2095122511462	13.382865402938725
9810.0	0.13291892423510887	50.04678471034863	0.6307115723776152	1267.2095122511462	13.382865402938725
9820.0	0.13337490835613233	50.04678471034863	0.6307115723776152	1267.2095122511462	13.382865402938725
9830.0	0.16478416751604863	50.04678471034863	0.6307115723776152	1267.2095122511462	13.382865402938725
9840.0	0.1599292777569162	50.04678471034863	0.6307115723776152	1267.2095122511462	13.382865402938725
9850.0	0.16886120200990823	50.04678471034863	0.6307115723776152	1267.2095122511462	13.382865402938725
9860.0	0.1489051910662869	50.04678471034863	0.6307115723776152	1267.2095122511462	13.382865402938725
9870.0	0.14128757398565722	50.04678471034863	0.6307115723776152	1267.2095122511462	13.382865402938725
9880.0	0.1270984210432184	50.04678471034863	0.6307115723776152	1267.2095122511462	13.382865402938725
9890.0	0.12699113066180198	50.04678471034863	0.6307115723776152	1267.2095122511462	13.382865402938725
9900.0	0.1413412191763655	50.04678471034863	0.6307115723776152	1267.2095122511462	13.382865402938725
9910.0	0.16296023103195287	50.04678471034863	0.6307115723776152	1267.2095122511462	13.382865402938725
9920.0	0.14633022191227174	50.04678471034863	0.6307115723776152	1267.2095122511462	13.382865402938725
9930.0	0.15257988662983002	50.04678471034863	0.6307115723776152	1267.2095122511462	13.382865402938725
9940.0	0.1324629401140849	50.04678471034863	0.6307115723776152	1267.2095122511462	13.382865402938725
9950.0	0.12221670868873186	50.04678471034863	0.6307115723776152	1267.2095122511462	13.382865402938725
9960.0	0.11170225130983547	50.04678471034863	0.6307115723776152	1267.2095122511462	13.382865402938725
9970.0	0.12151932120951926	50.04678471034863	0.6307115723776152	1267.2095122511462	13.382865402938725
9980.0	0.09778132432094035	50.04678471034863	0.6307115723776152	1267.2095122511462	13.382865402938725
9990.0	0.125194016773062	50.04678471034863	0.6307115723776152	1267.2095122511462	13.382865402938725
10000.0	0.16703726552581225	50.04678471034863	0.6307115723776152	1267.2095122511462	13.382865402938725
10010.0	0.16355032812974948	50.04678471034863	0.6307115723776152	1267.2095122511462	13.382865402938725
10020.0	0.16019750371045816	50.04678471034863	0.6307115723776152	1267.2095122511462	13.382865402938725
10030.0	0.15367961303935693	50.04678471034863	0.6307115723776152	1267.2095122511462	13.382865402938725
10040.0	0.13707642651502872	50.04678471034863	0.6307115723776152	1267.2095122511462	13.382865402938725
10050.0	0.14600835076801924	50.04678471034863	0.6307115723776152	1267.2095122511462	13.382865402938725
10060.0	0.11926622319975516	50.04678471034863	0.6307115723776152	1267.2095122511462	13.382865402938725
10070.0	0.13112181034636766	50.04678471034863	0.6307115723776152	1267.2095122511462	13.382865402938725
10080.0	0.13817615292455562	50.04678471034863	0.6307115723776152	1267.2095122511462	13.382865402938725
10090.0	0.1357889419380218	50.04678471034863	0.6307115723776152	1267.2095122511462	13.382865402938725
10100.0	0.13466239293313903	50.04678471034863	0.6307115723776152	1267.2095122511462	13.382865402938725
10110.0	0.16231648874345103	50.04678471034863	0.6307115723776152	1267.2095122511462	13.382865402938725
10120.0	0.15925871287305746	50.04678471034863	0.6307115723776152	1267.2095122511462	13.382865402938725
10130.0	0.15703243745864806	50.04678471034863	0.6307115723776152	1267.2095122511462	13.382865402938725
10140.0	0.1645964093485681	50.04678471034863	0.6307115723776152	1267.2095122511462	13.382865402938725
10150.0	0.1568178566958144	50.04678471034863	0.6307115723776152	1267.2095122511462	13.382865402938725
10160.0	0.1420922518462877	50.04678471034863	0.6307115723776152	1267.2095122511462	13.382865402938725
10170.0	0.1512387568621148	50.04678471034863	0.6307115723776152	1267.2095122511462	13.382865402938725
10180.0	0.13401865064463517	50.04678471034863	0.6307115723776152	1267.2095122511462	13.382865402938725
10190.0	0.134796505909912	50.04678471034863	0.6307115723776152	1267.2095122511462	13.382865402938725
10200.0	0.12514037158235447	50.04678471034863	0.6307115723776152	1267.2095122511462	13.382865402938725
10210.0	0.15035361121542118	50.04678471034863	0.6307115723776152	1267.2095122511462	13.382865402938725
10220.0	0.15003174007116893	50.04678471034863	0.6307115723776152	1267.2095122511462	13.382865402938725
10230.0	0.12412111295888997	50.04678471034863	0.6307115723776152	1267.2095122511462	13.382865402938725
10240.0	0.11585975358975667	50.04678471034863	0.6307115723776152	1267.2095122511462	13.382865402938725
10250.0	0.12353101586109332	50.04678471034863	0.6307115723776152	1267.2095122511462	13.382865402938725
10260.0	0.11097804123526991	50.04678471034863	0.6307115723776152	1267.2095122511462	13.382865402938725
10270.0	0.11671807664109546	50.04678471034863	0.6307115723776152	1267.2095122511462	13.382865402938725
10280.0	0.11771051266920392	50.04678471034863	0.6307115723776152	1267.2095122511462	13.382865402938725
10290.0	0.1343405217888875	50.04678471034863	0.6307115723776152	1267.2095122511462	13.382865402938725
10300.0	0.1268301950896759	50.04678471034863	0.6307115723776152	1267.2095122511462	13.382865402938725
10310.0	0.13466239293313859	50.04678471034863	0.6307115723776152	1267.2095122511462	13.382865402938725
10320.0	0.11529647908731562	50.04678471034863	0.6307115723776152	1267.2095122511462	13.382865402938725
10330.0	0.10775932979275062	50.04678471034863	0.6307115723776152	1267.2095122511462	13.382865402938725
10340.0	0.11532330168267034	50.04678471034863	0.6307115723776152	1267.2095122511462	13.382865402938725
10350.0	0.12522083936841566	50.04678471034863	0.6307115723776152	1267.2095122511462	13.382865402938725
10360.0	0.13015619691361263	50.04678471034863	0.6307115723776152	1267.2095122511462	13.382865402938725
10370.0	0.14557918924234964	50.04678471034863	0.6307115723776152	1267.2095122511462	13.382865402938725
10380.0	0.14217271963235076	50.04678471034863	0.6307115723776152	1267.2095122511462	13.382865402938725
10390.0	0.13187284301628915	50.04678471034863	0.6307115723776152	1267.2095122511462	13.382865402938725
10400.0	0.11398217191495437	50.04678471034863	0.6307115723776152	1267.2095122511462	13.382865402938725
10410.0	0.1505413693829014	50.04678471034863	0.6307115723776152	1267.2095122511462	13.382865402938725
10420.0	0.13273116606762767	50.04678471034863	0.6307115723776152	1267.2095122511462	13.382865402938725
10430.0	0.1489856588523497	50.04678471034863	0.6307115723776152	1267.2095122511462	13.382865402938725
10440.0	0.11594022137581893	50.04678471034863	0.6307115723776152	1267.2095122511462	13.382865402938725
10450.0	0.1265619691361322	50.04678471034863	0.6307115723776152	1267.2095122511462	13.382865402938725
10460.0	0.12615963020581833	50.04678471034863	0.6307115723776152	1267.2095122511462	13.382865402938725
10470.0	0.1407779446739263	50.04678471034863	0.6307115723776152	1267.2095122511462	13.382865402938725
10480.0	0.14421123687928042	50.04678471034863	0.6307115723776152	1267.2095122511462	13.382865402938725
10490.0	0.14222636482306	50.04678471034863	0.6307115723776152	1267.2095122511462	13.382865402938725
10500.0	0.12792992149920324	50.04678471034863	0.6307115723776152	1267.2095122511462	13.382865402938725
10510.0	0.17891967526777874	50.04678471034863	0.6307115723776152	1267.2095122511462	13.382865402938725
10520.0	0.3514157859914508	50.04678471034863	0.6307115723776152	1267.2095122511462	13.382865402938725
10530.0	0.30841916563846467	50.04678471034863	0.6307115723776152	1267.2095122511462	13.382865402938725
10540.0	0.2288097026268258	50.04678471034863	0.6307115723776152	1267.2095122511462	13.382865402938725
10550.0	0.17559367344384338	50.04678471034863	0.6307115723776152	1267.2095122511462	13.382865402938725
10560.0	0.12868095416912467	50.04678471034863	0.6307115723776152	1267.2095122511462	13.382865402938725
10570.0	0.1241747581495988	50.04678471034863	0.6307115723776152	1267.2095122511462	13.382865402938725
10580.0	0.13892718559447817	50.04678471034863	0.6307115723776152	1267.2095122511462	13.382865402938725
10590.0	0.13613763567762724	50.04678471034863	0.6307115723776152	1267.2095122511462	13.382865402938725
10600.0	0.11913211022298424	50.04678471034863	0.6307115723776152	1267.2095122511462	13.382865402938725
10610.0	0.1218948375444801	50.04678471034863	0.6307115723776152	1267.2095122511462	13.382865402938725
10620.0	0.10129508431235675	50.04678471034863	0.6307115723776152	1267.2095122511462	13.382865402938725
10630.0	0.11328478443574073	50.04678471034863	0.6307115723776152	1267.2095122511462	13.382865402938725
10640.0	0.11408946229637092	50.04678471034863	0.6307115723776152	1267.2095122511462	13.382865402938725
10650.0	0.121975305330543	50.04678471034863	0.6307115723776152	1267.2095122511462	13.382865402938725
10660.0	0.1054257639969231	50.04678471034863	0.6307115723776152	1267.2095122511462	13.382865402938725
10670.0	0.09684253348353933	50.04678471034863	0.6307115723776152	1267.2095122511462	13.382865402938725
10680.0	0.10893952398834054	50.04678471034863	0.6307115723776152	1267.2095122511462	13.382865402938725
10690.0	0.11585975358975537	50.04678471034863	0.6307115723776152	1267.2095122511462	13.382865402938725
10700.0	0.10231434293582191	50.04678471034863	0.6307115723776152	1267.2095122511462	13.382865402938725
10710.0	0.09818366325125504	50.04678471034863	0.6307115723776152	1267.2095122511462	13.382865402938725
10720.0	0.08884940006795002	50.04678471034863	0.6307115723776152	1267.2095122511462	13.382865402938725
10730.0	0.09705711424637344	50.04678471034863	0.6307115723776152	1267.2095122511462	13.382865402938725
10740.0	0.09051240097991718	50.04678471034863	0.6307115723776152	1267.2095122511462	13.382865402938725
10750.0	0.10344089194070515	50.04678471034863	0.6307115723776152	1267.2095122511462	13.382865402938725
10760.0	0.09322148311070541	50.04678471034863	0.6307115723776152	1267.2095122511462	13.382865402938725
10770.0	0.10708876490889144	50.04678471034863	0.6307115723776152	1267.2095122511462	13.382865402938725
10780.0	0.1121850580262126	50.04678471034863	0.6307115723776152	1267.2095122511462	13.382865402938725
10790.0	0.11269468733794577	50.04678471034863	0.6307115723776152	1267.2095122511462	13.382865402938725
10800.0	0.11438451084526945	50.04678471034863	0.6307115723776152	1267.2095122511462	13.382865402938725
10810.0	0.1363522164404614	50.04678471034863	0.6307115723776152	1267.2095122511462	13.382865402938725
10820.0	0.12385288700534544	50.04678471034863	0.6307115723776152	1267.2095122511462	13.382865402938725
10830.0	0.1315241492766834	50.04678471034863	0.6307115723776152	1267.2095122511462	13.382865402938725
10840.0	0.11097804123526946	50.04678471034863	0.6307115723776152	1267.2095122511462	13.382865402938725
10850.0	0.10660595819251416	50.04678471034863	0.6307115723776152	1267.2095122511462	13.382865402938725
10860.0	0.11376759115211946	50.04678471034863	0.6307115723776152	1267.2095122511462	13.382865402938725
10870.0	0.11602068916188261	50.04678471034863	0.6307115723776152	1267.2095122511462	13.382865402938725
10880.0	0.10644502262038846	50.04678471034863	0.6307115723776152	1267.2095122511462	13.382865402938725
10890.0	0.11189000947731609	50.04678471034863	0.6307115723776152	1267.2095122511462	13.382865402938725
10900.0	0.0970571142463737	50.04678471034863	0.6307115723776152	1267.2095122511462	13.382865402938725
10910.0	0.10818849131841911	50.04678471034863	0.6307115723776152	1267.2095122511462	13.382865402938725
10920.0	0.09676206569747631	50.04678471034863	0.6307115723776152	1267.2095122511462	13.382865402938725
10930.0	0.10931504032330103	50.04678471034863	0.6307115723776152	1267.2095122511462	13.382865402938725
10940.0	0.08992230388212323	50.04678471034863	0.6307115723776152	1267.2095122511462	13.382865402938725
10950.0	0.08686452801172823	50.04678471034863	0.6307115723776152	1267.2095122511462	13.382865402938725
10960.0	0.07492847307905436	50.04678471034863	0.6307115723776152	1267.2095122511462	13.382865402938725
10970.0	0.07860316864259595	50.04678471034863	0.6307115723776152	1267.2095122511462	13.382865402938725
10980.0	0.08442367183448639	50.04678471034863	0.6307115723776152	1267.2095122511462	13.382865402938725
10990.0	0.10443332796881385	50.04678471034863	0.6307115723776152	1267.2095122511462	13.382865402938725
11000.0	0.10177789102873486	50.04678471034863	0.6307115723776152	1267.2095122511462	13.382865402938725
11010.0	0.1065523130018053	50.04678471034863	0.6307115723776152	1267.2095122511462	13.382865402938725
11020.0	0.09204128891511493	50.04678471034863	0.6307115723776152	1267.2095122511462	13.382865402938725
11030.0	0.09083427212417096	50.04678471034863	0.6307115723776152	1267.2095122511462	13.382865402938725
11040.0	0.09123661105448529	50.04678471034863	0.6307115723776152	1267.2095122511462	13.382865402938725
11050.0	0.10467473132700336	50.04678471034863	0.6307115723776152	1267.2095122511462	13.382865402938725
11060.0	0.10346771453605762	50.04678471034863	0.6307115723776152	1267.2095122511462	13.382865402938725
11070.0	0.09542093592975942	50.04678471034863	0.6307115723776152	1267.2095122511462	13.382865402938725
11080.0	0.08318983244818663	50.04678471034863	0.6307115723776152	1267.2095122511462	13.382865402938725
11090.0	0.1224312894515669	50.04678471034863	0.6307115723776152	1267.2095122511462	13.382865402938725
11100.0	0.10145601988448202	50.04678471034863	0.6307115723776152	1267.2095122511462	13.382865402938725
11110.0	0.11990996548825998	50.04678471034863	0.6307115723776152	1267.2095122511462	13.382865402938725
11120.0	0.11476002718022967	50.04678471034863	0.6307115723776152	1267.2095122511462	13.382865402938725
11130.0	0.10851036246267076	50.04678471034863	0.6307115723776152	1267.2095122511462	13.382865402938725
11140.0	0.11830060976700008	50.04678471034863	0.6307115723776152	1267.2095122511462	13.382865402938725
11150.0	0.1218143697584175	50.04678471034863	0.6307115723776152	1267.2095122511462	13.382865402938725
11160.0	0.1030117304150347	50.04678471034863	0.6307115723776152	1267.2095122511462	13.382865402938725
11170.0	0.11626209252007227	50.04678471034863	0.6307115723776152	1267.2095122511462	13.382865402938725
11180.0	0.11135355757023026	50.04678471034863	0.6307115723776152	1267.2095122511462	13.382865402938725
11190.0	0.11382123634282786	50.04678471034863	0.6307115723776152	1267.2095122511462	13.382865402938725
11200.0	0.1025289236986572	50.04678471034863	0.6307115723776152	1267.2095122511462	13.382865402938725
11210.0	0.11097804123526936	50.04678471034863	0.6307115723776152	1267.2095122511462	13.382865402938725
11220.0	0.0819559930618869	50.04678471034863	0.6307115723776152	1267.2095122511462	13.382865402938725
11230.0	0.08793743182590191	50.04678471034863	0.6307115723776152	1267.2095122511462	13.382865402938725
11240.0	0.07213892316220413	50.04678471034863	0.6307115723776152	1267.2095122511462	13.382865402938725
11250.0	0.08809836739802823	50.04678471034863	0.6307115723776152	1267.2095122511462	13.382865402938725
11260.0	0.07506258605582607	50.04678471034863	0.6307115723776152	1267.2095122511462	13.382865402938725
11270.0	0.0814731863455091	50.04678471034863	0.6307115723776152	1267.2095122511462	13.382865402938725
11280.0	0.06934937324535348	50.04678471034863	0.6307115723776152	1267.2095122511462	13.382865402938725
11290.0	0.08525517229046897	50.04678471034863	0.6307115723776152	1267.2095122511462	13.382865402938725
11300.0	0.07409697262306962	50.04678471034863	0.6307115723776152	1267.2095122511462	13.382865402938725
11310.0	0.06977853477102344	50.04678471034863	0.6307115723776152	1267.2095122511462	13.382865402938725
11320.0	0.06940301843606257	50.04678471034863	0.6307115723776152	1267.2095122511462	13.382865402938725
11330.0	0.09397251578062585	50.04678471034863	0.6307115723776152	1267.2095122511462	13.382865402938725
11340.0	0.09641337195786992	50.04678471034863	0.6307115723776152	1267.2095122511462	13.382865402938725
11350.0	0.10317266598715993	50.04678471034863	0.6307115723776152	1267.2095122511462	13.382865402938725
11360.0	0.0830825420667689	50.04678471034863	0.6307115723776152	1267.2095122511462	13.382865402938725
11370.0	0.07905915276362083	50.04678471034863	0.6307115723776152	1267.2095122511462	13.382865402938725
11380.0	0.08278749351787235	50.04678471034863	0.6307115723776152	1267.2095122511462	13.382865402938725
11390.0	0.08970772311928821	50.04678471034863	0.6307115723776152	1267.2095122511462	13.382865402938725
11400.0	0.1019120040055067	50.04678471034863	0.6307115723776152	1267.2095122511462	13.382865402938725
11410.0	0.1019388266008612	50.04678471034863	0.6307115723776152	1267.2095122511462	13.382865402938725
11420.0	0.08318983244818666	50.04678471034863	0.6307115723776152	1267.2095122511462	13.382865402938725
11430.0	0.09311419272928774	50.04678471034863	0.6307115723776152	1267.2095122511462	13.382865402938725
11440.0	0.10191200400550743	50.04678471034863	0.6307115723776152	1267.2095122511462	13.382865402938725
11450.0	0.1040578116338527	50.04678471034863	0.6307115723776152	1267.2095122511462	13.382865402938725
11460.0	0.09638654936251498	50.04678471034863	0.6307115723776152	1267.2095122511462	13.382865402938725
11470.0	0.09949797042361767	50.04678471034863	0.6307115723776152	1267.2095122511462	13.382865402938725
11480.0	0.09354335425495744	50.04678471034863	0.6307115723776152	1267.2095122511462	13.382865402938725
11490.0	0.09343606387354024	50.04678471034863	0.6307115723776152	1267.2095122511462	13.382865402938725
11500.0	0.09389204799456301	50.04678471034863	0.6307115723776152	1267.2095122511462	13.382865402938725
11510.0	0.08656947946283226	50.04678471034863	0.6307115723776152	1267.2095122511462	13.382865402938725
11520.0	0.08498694633692634	50.04678471034863	0.6307115723776152	1267.2095122511462	13.382865402938725
11530.0	0.09729851760456193	50.04678471034863	0.6307115723776152	1267.2095122511462	13.382865402938725
11540.0	0.09442849990164953	50.04678471034863	0.6307115723776152	1267.2095122511462	13.382865402938725
11550.0	0.08099037962913185	50.04678471034863	0.6307115723776152	1267.2095122511462	13.382865402938725
11560.0	0.08522834969511478	50.04678471034863	0.6307115723776152	1267.2095122511462	13.382865402938725
11570.0	0.06983217996173163	50.04678471034863	0.6307115723776152	1267.2095122511462	13.382865402938725
11580.0	0.06202680471362315	50.04678471034863	0.6307115723776152	1267.2095122511462	13.382865402938725
11590.0	0.06639888775637821	50.04678471034863	0.6307115723776152	1267.2095122511462	13.382865402938725
11600.0	0.07272902026	50.04678471034863	0.6307115723776152	1267.2095122511462	13.382865402938725
11610.0	0.06822282424047266	50.04678471034863	0.6307115723776152	1267.2095122511462	13.382865402938725
11620.0	0.07074414820377894	50.04678471034863	0.6307115723776152	1267.2095122511462	13.382865402938725
11630.0	0.06929572805464532	50.04678471034863	0.6307115723776152	1267.2095122511462	13.382865402938725
11640.0	0.06218774028574833	50.04678471034863	0.6307115723776152	1267.2095122511462	13.382865402938725
11650.0	0.07350687552527516	50.04678471034863	0.6307115723776152	1267.2095122511462	13.382865402938725
11660.0	0.0694030184360627	50.04678471034863	0.6307115723776152	1267.2095122511462	13.382865402938725
11670.0	0.09319466051535132	50.04678471034863	0.6307115723776152	1267.2095122511462	13.382865402938725
11680.0	0.08131225077338415	50.04678471034863	0.6307115723776152	1267.2095122511462	13.382865402938725
11690.0	0.10539894140156998	50.04678471034863	0.6307115723776152	1267.2095122511462	13.382865402938725
11700.0	0.09984666416322283	50.04678471034863	0.6307115723776152	1267.2095122511462	13.382865402938725
11710.0	0.0887957548772413	50.04678471034863	0.6307115723776152	1267.2095122511462	13.382865402938725
11720.0	0.08705228617920985	50.04678471034863	0.6307115723776152	1267.2095122511462	13.382865402938725
11730.0	0.08179505748976126	50.04678471034863	0.6307115723776152	1267.2095122511462	13.382865402938725
11740.0	0.0889835130447209	50.04678471034863	0.6307115723776152	1267.2095122511462	13.382865402938725
11750.0	0.10231434293582264	50.04678471034863	0.6307115723776152	1267.2095122511462	13.382865402938725
11760.0	0.10073180980991615	50.04678471034863	0.6307115723776152	1267.2095122511462	13.382865402938725
11770.0	0.10180471362408973	50.04678471034863	0.6307115723776152	1267.2095122511462	13.382865402938725
11780.0	0.09161212738944455	50.04678471034863	0.6307115723776152	1267.2095122511462	13.382865402938725
11790.0	0.08386039733204437	50.04678471034863	0.6307115723776152	1267.2095122511462	13.382865402938725
11800.0	0.07948831428928953	50.04678471034863	0.6307115723776152	1267.2095122511462	13.382865402938725
11810.0	0.0916389499847987	50.04678471034863	0.6307115723776152	1267.2095122511462	13.382865402938725
11820.0	0.07913962054968363	50.04678471034863	0.6307115723776152	1267.2095122511462	13.382865402938725
11830.0	0.08573797900684799	50.04678471034863	0.6307115723776152	1267.2095122511462	13.382865402938725
11840.0	0.07755708742377791	50.04678471034863	0.6307115723776152	1267.2095122511462	13.382865402938725
11850.0	0.08890304525865814	50.04678471034863	0.6307115723776152	1267.2095122511462	13.382865402938725
11860.0	0.07696699032598245	50.04678471034863	0.6307115723776152	1267.2095122511462	13.382865402938725
11870.0	0.08560386603007661	50.04678471034863	0.6307115723776152	1267.2095122511462	13.382865402938725
11880.0	0.0801052339824383	50.04678471034863	0.6307115723776152	1267.2095122511462	13.382865402938725
11890.0	0.07956878207535249	50.04678471034863	0.6307115723776152	1267.2095122511462	13.382865402938725
11900.0	0.08101720222448573	50.04678471034863	0.6307115723776152	1267.2095122511462	13.382865402938725
11910.0	0.09075380433810808	50.04678471034863	0.6307115723776152	1267.2095122511462	13.382865402938725
11920.0	0.07712792589810871	50.04678471034863	0.6307115723776152	1267.2095122511462	13.382865402938725
11930.0	0.06894703431503872	50.04678471034863	0.6307115723776152	1267.2095122511462	13.382865402938725
11940.0	0.06999311553385804	50.04678471034863	0.6307115723776152	1267.2095122511462	13.382865402938725
11950.0	0.06114165906693041	50.04678471034863	0.6307115723776152	1267.2095122511462	13.382865402938725
11960.0	0.0790055075729124	50.04678471034863	0.6307115723776152	1267.2095122511462	13.382865402938725
11970.0	0.058888561057166895	50.04678471034863	0.6307115723776152	1267.2095122511462	13.382865402938725
11980.0	0.052209734813939486	50.04678471034863	0.6307115723776152	1267.2095122511462	13.382865402938725
11990.0	0.056554995261340384	50.04678471034863	0.6307115723776152	1267.2095122511462	13.382865402938725
12000.0	0.0654064517282682	50.04678471034863	0.6307115723776152	1267.2095122511462	13.382865402938725
12010.0	0.05996146487133998	50.04678471034863	0.6307115723776152	1267.2095122511462	13.382865402938725
12020.0	0.06041744899236306	50.04678471034863	0.6307115723776152	1267.2095122511462	13.382865402938725
12030.0	0.06130259463905612	50.04678471034863	0.6307115723776152	1267.2095122511462	13.382865402938725
12040.0	0.053309461223466824	50.04678471034863	0.6307115723776152	1267.2095122511462	13.382865402938725
12050.0	0.076028199488581	50.04678471034863	0.6307115723776152	1267.2095122511462	13.382865402938725
12060.0	0.07626960284677035	50.04678471034863	0.6307115723776152	1267.2095122511462	13.382865402938725
12070.0	0.04982252382740458	50.04678471034863	0.6307115723776152	1267.2095122511462	13.382865402938725
12080.0	0.06645253294708647	50.04678471034863	0.6307115723776152	1267.2095122511462	13.382865402938725
12090.0	0.06379709600700749	50.04678471034863	0.6307115723776152	1267.2095122511462	13.382865402938725
12100.0	0.0827874935178712	50.04678471034863	0.6307115723776152	1267.2095122511462	13.382865402938725
12110.0	0.0837799295459812	50.04678471034863	0.6307115723776152	1267.2095122511462	13.382865402938725
12120.0	0.08187552527582428	50.04678471034863	0.6307115723776152	1267.2095122511462	13.382865402938725
12130.0	0.08007841138708409	50.04678471034863	0.6307115723776152	1267.2095122511462	13.382865402938725
12140.0	0.05658181785669448	50.04678471034863	0.6307115723776152	1267.2095122511462	13.382865402938725
12150.0	0.07001993812921219	50.04678471034863	0.6307115723776152	1267.2095122511462	13.382865402938725
12160.0	0.07868363642865948	50.04678471034863	0.6307115723776152	1267.2095122511462	13.382865402938725
12170.0	0.07879092681007713	50.04678471034863	0.6307115723776152	1267.2095122511462	13.382865402938725
12180.0	0.07101237415732235	50.04678471034863	0.6307115723776152	1267.2095122511462	13.382865402938725
12190.0	0.07366781109740038	50.04678471034863	0.6307115723776152	1267.2095122511462	13.382865402938725
12200.0	0.06682804928204754	50.04678471034863	0.6307115723776152	1267.2095122511462	13.382865402938725
12210.0	0.059505480750315684	50.04678471034863	0.6307115723776152	1267.2095122511462	13.382865402938725
12220.0	0.07420426300448739	50.04678471034863	0.6307115723776152	1267.2095122511462	13.382865402938725
12230.0	0.07487482788834567	50.04678471034863	0.6307115723776152	1267.2095122511462	13.382865402938725
12240.0	0.053604509772364126	50.04678471034863	0.6307115723776152	1267.2095122511462	13.382865402938725
12250.0	0.07015405110598465	50.04678471034863	0.6307115723776152	1267.2095122511462	13.382865402938725
12260.0	0.059961464871339874	50.04678471034863	0.6307115723776152	1267.2095122511462	13.382865402938725
12270.0	0.061758578760080056	50.04678471034863	0.6307115723776152	1267.2095122511462	13.382865402938725
12280.0	0.05239749298141993	50.04678471034863	0.6307115723776152	1267.2095122511462	13.382865402938725
12290.0	0.06379709600700821	50.04678471034863	0.6307115723776152	1267.2095122511462	13.382865402938725
12300.0	0.061034368685512964	50.04678471034863	0.6307115723776152	1267.2095122511462	13.382865402938725
12310.0	0.06830329202653544	50.04678471034863	0.6307115723776152	1267.2095122511462	13.382865402938725
12320.0	0.05792294762441112	50.04678471034863	0.6307115723776152	1267.2095122511462	13.382865402938725
12330.0	0.06827646943118179	50.04678471034863	0.6307115723776152	1267.2095122511462	13.382865402938725
12340.0	0.06146353021118202	50.04678471034863	0.6307115723776152	1267.2095122511462	13.382865402938725
12350.0	0.06181222395078846	50.04678471034863	0.6307115723776152	1267.2095122511462	13.382865402938725
12360.0	0.061999982118268265	50.04678471034863	0.6307115723776152	1267.2095122511462	13.382865402938725
12370.0	0.06505775798866141	50.04678471034863	0.6307115723776152	1267.2095122511462	13.382865402938725
12380.0	0.06698898485417346	50.04678471034863	0.6307115723776152	1267.2095122511462	13.382865402938725
12390.0	0.06942984103141625	50.04678471034863	0.6307115723776152	1267.2095122511462	13.382865402938725
12400.0	0.06921526026858232	50.04678471034863	0.6307115723776152	1267.2095122511462	13.382865402938725
12410.0	0.08605985015110021	50.04678471034863	0.6307115723776152	1267.2095122511462	13.382865402938725
12420.0	0.08176823489440782	50.04678471034863	0.6307115723776152	1267.2095122511462	13.382865402938725
12430.0	0.09898834111188622	50.04678471034863	0.6307115723776152	1267.2095122511462	13.382865402938725
12440.0	0.07862999123795088	50.04678471034863	0.6307115723776152	1267.2095122511462	13.382865402938725
12450.0	0.07610866727464409	50.04678471034863	0.6307115723776152	1267.2095122511462	13.382865402938725
12460.0	0.07946149169393478	50.04678471034863	0.6307115723776152	1267.2095122511462	13.382865402938725
12470.0	0.08807154480267355	50.04678471034863	0.6307115723776152	1267.2095122511462	13.382865402938725
12480.0	0.08227786420613974	50.04678471034863	0.6307115723776152	1267.2095122511462	13.382865402938725
12490.0	0.09743263058133352	50.04678471034863	0.6307115723776152	1267.2095122511462	13.382865402938725
12500.0	0.07793260375873838	50.04678471034863	0.6307115723776152	1267.2095122511462	13.382865402938725
12510.0	0.08187552527582431	50.04678471034863	0.6307115723776152	1267.2095122511462	13.382865402938725
12520.0	0.08112449260590471	50.04678471034863	0.6307115723776152	1267.2095122511462	13.382865402938725
12530.0	0.08681088282102033	50.04678471034863	0.6307115723776152	1267.2095122511462	13.382865402938725
12540.0	0.06191951433220528	50.04678471034863	0.6307115723776152	1267.2095122511462	13.382865402938725
12550.0	0.06360933783952841	50.04678471034863	0.6307115723776152	1267.2095122511462	13.382865402938725
12560.0	0.06221456288110309	50.04678471034863	0.6307115723776152	1267.2095122511462	13.382865402938725
12570.0	0.05993464227598556	50.04678471034863	0.6307115723776152	1267.2095122511462	13.382865402938725
12580.0	0.053416751604883794	50.04678471034863	0.6307115723776152	1267.2095122511462	13.382865402938725
12590.0	0.05733285052661618	50.04678471034863	0.6307115723776152	1267.2095122511462	13.382865402938725
12600.0	0.05330946122346677	50.04678471034863	0.6307115723776152	1267.2095122511462	13.382865402938725
12610.0	0.058888561057166756	50.04678471034863	0.6307115723776152	1267.2095122511462	13.382865402938725
12620.0	0.049420184897089665	50.04678471034863	0.6307115723776152	1267.2095122511462	13.382865402938725
12630.0	0.0691079698871657	50.04678471034863	0.6307115723776152	1267.2095122511462	13.382865402938725
12640.0	0.05819117357795408	50.04678471034863	0.6307115723776152	1267.2095122511462	13.382865402938725
12650.0	0.05853986731756084	50.04678471034863	0.6307115723776152	1267.2095122511462	13.382865402938725
12660.0	0.059022674033938446	50.04678471034863	0.6307115723776152	1267.2095122511462	13.382865402938725
12670.0	0.06205362730897686	50.04678471034863	0.6307115723776152	1267.2095122511462	13.382865402938725
12680.0	0.0631533537185047	50.04678471034863	0.6307115723776152	1267.2095122511462	13.382865402938725
12690.0	0.05966641632244244	50.04678471034863	0.6307115723776152	1267.2095122511462	13.382865402938725
12700.0	0.05735967312196994	50.04678471034863	0.6307115723776152	1267.2095122511462	13.382865402938725
12710.0	0.0558039625914193	50.04678471034863	0.6307115723776152	1267.2095122511462	13.382865402938725
12720.0	0.07103919675267636	50.04678471034863	0.6307115723776152	1267.2095122511462	13.382865402938725
12730.0	0.08740097991881618	50.04678471034863	0.6307115723776152	1267.2095122511462	13.382865402938725
12740.0	0.05204879924181304	50.04678471034863	0.6307115723776152	1267.2095122511462	13.382865402938725
12750.0	0.07238032652039345	50.04678471034863	0.6307115723776152	1267.2095122511462	13.382865402938725
12760.0	0.0705027448455899	50.04678471034863	0.6307115723776152	1267.2095122511462	13.382865402938725
12770.0	0.08705228617920921	50.04678471034863	0.6307115723776152	1267.2095122511462	13.382865402938725
12780.0	0.08681088282102054	50.04678471034863	0.6307115723776152	1267.2095122511462	13.382865402938725
12790.0	0.09373111242243726	50.04678471034863	0.6307115723776152	1267.2095122511462	13.382865402938725
12800.0	0.07034180927346362	50.04678471034863	0.6307115723776152	1267.2095122511462	13.382865402938725
12810.0	0.08243879977826538	50.04678471034863	0.6307115723776152	1267.2095122511462	13.382865402938725
12820.0	0.07348005292991988	50.04678471034863	0.6307115723776152	1267.2095122511462	13.382865402938725
12830.0	0.08198281565724194	50.04678471034863	0.6307115723776152	1267.2095122511462	13.382865402938725
12840.0	0.08276067092251765	50.04678471034863	0.6307115723776152	1267.2095122511462	13.382865402938725
12850.0	0.06623795218425144	50.04678471034863	0.6307115723776152	1267.2095122511462	13.382865402938725
12860.0	0.04791811955724722	50.04678471034863	0.6307115723776152	1267.2095122511462	13.382865402938725
12870.0	0.0686251631707878	50.04678471034863	0.6307115723776152	1267.2095122511462	13.382865402938725
12880.0	0.0654332743236226	50.04678471034863	0.6307115723776152	1267.2095122511462	13.382865402938725
12890.0	0.048159522915436126	50.04678471034863	0.6307115723776152	1267.2095122511462	13.382865402938725
12900.0	0.07044909965488064	50.04678471034863	0.6307115723776152	1267.2095122511462	13.382865402938725
12910.0	0.06454812867692963	50.04678471034863	0.6307115723776152	1267.2095122511462	13.382865402938725
12920.0	0.04665745757559387	50.04678471034863	0.6307115723776152	1267.2095122511462	13.382865402938725
12930.0	0.0665330007331496	50.04678471034863	0.6307115723776152	1267.2095122511462	13.382865402938725
12940.0	0.05473105877724596	50.04678471034863	0.6307115723776152	1267.2095122511462	13.382865402938725
12950.0	0.05974688410850496	50.04678471034863	0.6307115723776152	1267.2095122511462	13.382865402938725
12960.0	0.04563819895212955	50.04678471034863	0.6307115723776152	1267.2095122511462	13.382865402938725
12970.0	0.06154399799724506	50.04678471034863	0.6307115723776152	1267.2095122511462	13.382865402938725
12980.0	0.06709627523559067	50.04678471034863	0.6307115723776152	1267.2095122511462	13.382865402938725
12990.0	0.060471094183071984	50.04678471034863	0.6307115723776152	1267.2095122511462	13.382865402938725
13000.0	0.05671593083346631	50.04678471034863	0.6307115723776152	1267.2095122511462	13.382865402938725
13010.0	0.07278266545070705	50.04678471034863	0.6307115723776152	1267.2095122511462	13.382865402938725
13020.0	0.05086860504622366	50.04678471034863	0.6307115723776152	1267.2095122511462	13.382865402938725
13030.0	0.05534797847039607	50.04678471034863	0.6307115723776152	1267.2095122511462	13.382865402938725
13040.0	0.058593512508269344	50.04678471034863	0.6307115723776152	1267.2095122511462	13.382865402938725
13050.0	0.053041235269923985	50.04678471034863	0.6307115723776152	1267.2095122511462	13.382865402938725
13060.0	0.04249995529567318	50.04678471034863	0.6307115723776152	1267.2095122511462	13.382865402938725
13070.0	0.05773518945693057	50.04678471034863	0.6307115723776152	1267.2095122511462	13.382865402938725
13080.0	0.05481152656330932	50.04678471034863	0.6307115723776152	1267.2095122511462	13.382865402938725
13090.0	0.06897385691039305	50.04678471034863	0.6307115723776152	1267.2095122511462	13.382865402938725
13100.0	0.05237067038606534	50.04678471034863	0.6307115723776152	1267.2095122511462	13.382865402938725
13110.0	0.061222126852993046	50.04678471034863	0.6307115723776152	1267.2095122511462	13.382865402938725
13120.0	0.0644140157001587	50.04678471034863	0.6307115723776152	1267.2095122511462	13.382865402938725
13130.0	0.08496012374157304	50.04678471034863	0.6307115723776152	1267.2095122511462	13.382865402938725
13140.0	0.05972006151315097	50.04678471034863	0.6307115723776152	1267.2095122511462	13.382865402938725
13150.0	0.058217996173308556	50.04678471034863	0.6307115723776152	1267.2095122511462	13.382865402938725
13160.0	0.061222126852993074	50.04678471034863	0.6307115723776152	1267.2095122511462	13.382865402938725
13170.0	0.06012240044346551	50.04678471034863	0.6307115723776152	1267.2095122511462	13.382865402938725
13180.0	0.05261207374425399	50.04678471034863	0.6307115723776152	1267.2095122511462	13.382865402938725
13190.0	0.06551374210968554	50.04678471034863	0.6307115723776152	1267.2095122511462	13.382865402938725
13200.0	0.04660381238488485	50.04678471034863	0.6307115723776152	1267.2095122511462	13.382865402938725
13210.0	0.05972006151315035	50.04678471034863	0.6307115723776152	1267.2095122511462	13.382865402938725
13220.0	0.058191173577954926	50.04678471034863	0.6307115723776152	1267.2095122511462	13.382865402938725
13230.0	0.0541677842748053	50.04678471034863	0.6307115723776152	1267.2095122511462	13.382865402938725
13240.0	0.056930511596300956	50.04678471034863	0.6307115723776152	1267.2095122511462	13.382865402938725
13250.0	0.06650617813779515	50.04678471034863	0.6307115723776152	1267.2095122511462	13.382865402938725
13260.0	0.10936868551400897	50.04678471034863	0.6307115723776152	1267.2095122511462	13.382865402938725
13270.0	0.10226069774511298	50.04678471034863	0.6307115723776152	1267.2095122511462	13.382865402938725
13280.0	0.07339958514385717	50.04678471034863	0.6307115723776152	1267.2095122511462	13.382865402938725
13290.0	0.07291677842747968	50.04678471034863	0.6307115723776152	1267.2095122511462	13.382865402938725
13300.0	0.06889338912433095	50.04678471034863	0.6307115723776152	1267.2095122511462	13.382865402938725
13310.0	0.08144636375015517	50.04678471034863	0.6307115723776152	1267.2095122511462	13.382865402938725
13320.0	0.047730361389766725	50.04678471034863	0.6307115723776152	1267.2095122511462	13.382865402938725
13330.0	0.05744014090803314	50.04678471034863	0.6307115723776152	1267.2095122511462	13.382865402938725
13340.0	0.07254126209251904	50.04678471034863	0.6307115723776152	1267.2095122511462	13.382865402938725
13350.0	0.07763755520984118	50.04678471034863	0.6307115723776152	1267.2095122511462	13.382865402938725
13360.0	0.05878127067574965	50.04678471034863	0.6307115723776152	1267.2095122511462	13.382865402938725
13370.0	0.07997112100566761	50.04678471034863	0.6307115723776152	1267.2095122511462	13.382865402938725
13380.0	0.1013219069077128	50.04678471034863	0.6307115723776152	1267.2095122511462	13.382865402938725
13390.0	0.3395333762494856	50.04678471034863	0.6307115723776152	1267.2095122511462	13.382865402938725
13400.0	0.32799966024713006	50.04678471034863	0.6307115723776152	1267.2095122511462	13.382865402938725
13410.0	0.20284543032383748	50.04678471034863	0.6307115723776152	1267.2095122511462	13.382865402938725
13420.0	0.13147050408597546	50.04678471034863	0.6307115723776152	1267.2095122511462	13.382865402938725
13430.0	0.0910488528870044	50.04678471034863	0.6307115723776152	1267.2095122511462	13.382865402938725
13440.0	0.09056604617062715	50.04678471034863	0.6307115723776152	1267.2095122511462	13.382865402938725
13450.0	0.09070015914739846	50.04678471034863	0.6307115723776152	1267.2095122511462	13.382865402938725
13460.0	0.06806188866834652	50.04678471034863	0.6307115723776152	1267.2095122511462	13.382865402938725
13470.0	0.05451647801441127	50.04678471034863	0.6307115723776152	1267.2095122511462	13.382865402938725
13480.0	0.05325581603275837	50.04678471034863	0.6307115723776152	1267.2095122511462	13.382865402938725
13490.0	0.06438719310480359	50.04678471034863	0.6307115723776152	1267.2095122511462	13.382865402938725
13500.0	0.051351411762600725	50.04678471034863	0.6307115723776152	1267.2095122511462	13.382865402938725
13510.0	0.05634041449850614	50.04678471034863	0.6307115723776152	1267.2095122511462	13.382865402938725
13520.0	0.05301441267456935	50.04678471034863	0.6307115723776152	1267.2095122511462	13.382865402938725
13530.0	0.06677440409133854	50.04678471034863	0.6307115723776152	1267.2095122511462	13.382865402938725
13540.0	0.046791570552365574	50.04678471034863	0.6307115723776152	1267.2095122511462	13.382865402938725
13550.0	0.05687686640559226	50.04678471034863	0.6307115723776152	1267.2095122511462	13.382865402938725
13560.0	0.051834218478978386	50.04678471034863	0.6307115723776152	1267.2095122511462	13.382865402938725
13570.0	0.06036380380165471	50.04678471034863	0.6307115723776152	1267.2095122511462	13.382865402938725
13580.0	0.04086377697905945	50.04678471034863	0.6307115723776152	1267.2095122511462	13.382865402938725
13590.0	0.056635463047403106	50.04678471034863	0.6307115723776152	1267.2095122511462	13.382865402938725
13600.0	0.06747179157055049	50.04678471034863	0.6307115723776152	1267.2095122511462	13.382865402938725
13610.0	0.07664511918173102	50.04678471034863	0.6307115723776152	1267.2095122511462	13.382865402938725
13620.0	0.08268020313645455	50.04678471034863	0.6307115723776152	1267.2095122511462	13.382865402938725
13630.0	0.07618913506070747	50.04678471034863	0.6307115723776152	1267.2095122511462	13.382865402938725
13640.0	0.060149223038820136	50.04678471034863	0.6307115723776152	1267.2095122511462	13.382865402938725
13650.0	0.057171914954489936	50.04678471034863	0.6307115723776152	1267.2095122511462	13.382865402938725
13660.0	0.049661588255278784	50.04678471034863	0.6307115723776152	1267.2095122511462	13.382865402938725
13670.0	0.07549174758149409	50.04678471034863	0.6307115723776152	1267.2095122511462	13.382865402938725
13680.0	0.07862999123795109	50.04678471034863	0.6307115723776152	1267.2095122511462	13.382865402938725
13690.0	0.07307771399960585	50.04678471034863	0.6307115723776152	1267.2095122511462	13.382865402938725
13700.0	0.05982735189456808	50.04678471034863	0.6307115723776152	1267.2095122511462	13.382865402938725
13710.0	0.07034180927346353	50.04678471034863	0.6307115723776152	1267.2095122511462	13.382865402938725
13720.0	0.06248278883464678	50.04678471034863	0.6307115723776152	1267.2095122511462	13.382865402938725
13730.0	0.07310453659495975	50.04678471034863	0.6307115723776152	1267.2095122511462	13.382865402938725
13740.0	0.06433354791409543	50.04678471034863	0.6307115723776152	1267.2095122511462	13.382865402938725
13750.0	0.05038579832984495	50.04678471034863	0.6307115723776152	1267.2095122511462	13.382865402938725
13760.0	0.06417261234196908	50.04678471034863	0.6307115723776152	1267.2095122511462	13.382865402938725
13770.0	0.05803023800582823	50.04678471034863	0.6307115723776152	1267.2095122511462	13.382865402938725
13780.0	0.059639593727087964	50.04678471034863	0.6307115723776152	1267.2095122511462	13.382865402938725
13790.0	0.0619999821182692	50.04678471034863	0.6307115723776152	1267.2095122511462	13.382865402938725
13800.0	0.051941508860395766	50.04678471034863	0.6307115723776152	1267.2095122511462	13.382865402938725
13810.0	0.06285830516960715	50.04678471034863	0.6307115723776152	1267.2095122511462	13.382865402938725
13820.0	0.057762012052284976	50.04678471034863	0.6307115723776152	1267.2095122511462	13.382865402938725
13830.0	0.05430189725157688	50.04678471034863	0.6307115723776152	1267.2095122511462	13.382865402938725
13840.0	0.05497246213543526	50.04678471034863	0.6307115723776152	1267.2095122511462	13.382865402938725
13850.0	0.05575031740071047	50.04678471034863	0.6307115723776152	1267.2095122511462	13.382865402938725
13860.0	0.06368980562559137	50.04678471034863	0.6307115723776152	1267.2095122511462	13.382865402938725
13870.0	0.047354845054806284	50.04678471034863	0.6307115723776152	1267.2095122511462	13.382865402938725
13880.0	0.04295593941669671	50.04678471034863	0.6307115723776152	1267.2095122511462	13.382865402938725
13890.0	0.05789612502905684	50.04678471034863	0.6307115723776152	1267.2095122511462	13.382865402938725
13900.0	0.05022486275771921	50.04678471034863	0.6307115723776152	1267.2095122511462	13.382865402938725
13910.0	0.04494081147291681	50.04678471034863	0.6307115723776152	1267.2095122511462	13.382865402938725
13920.0	0.045182214831106064	50.04678471034863	0.6307115723776152	1267.2095122511462	13.382865402938725
13930.0	0.06910796988716562	50.04678471034863	0.6307115723776152	1267.2095122511462	13.382865402938725
13940.0	0.04665745757559375	50.04678471034863	0.6307115723776152	1267.2095122511462	13.382865402938725
13950.0	0.0601224004434662	50.04678471034863	0.6307115723776152	1267.2095122511462	13.382865402938725
13960.0	0.05746696350338749	50.04678471034863	0.6307115723776152	1267.2095122511462	13.382865402938725
13970.0	0.0723803265203924	50.04678471034863	0.6307115723776152	1267.2095122511462	13.382865402938725
13980.0	0.04373379468197244	50.04678471034863	0.6307115723776152	1267.2095122511462	13.382865402938725
13990.0	0.04866915222716832	50.04678471034863	0.6307115723776152	1267.2095122511462	13.382865402938725
14000.0	0.06173175616472583	50.04678471034863	0.6307115723776152	1267.2095122511462	13.382865402938725
14010.0	0.06875927614755863	50.04678471034863	0.6307115723776152	1267.2095122511462	13.382865402938725
14020.0	0.052075621837167	50.04678471034863	0.6307115723776152	1267.2095122511462	13.382865402938725
14030.0	0.07042227705952706	50.04678471034863	0.6307115723776152	1267.2095122511462	13.382865402938725
14040.0	0.05961277113173363	50.04678471034863	0.6307115723776152	1267.2095122511462	13.382865402938725
14050.0	0.10580128033188338	50.04678471034863	0.6307115723776152	1267.2095122511462	13.382865402938725
14060.0	0.083243477638895	50.04678471034863	0.6307115723776152	1267.2095122511462	13.382865402938725
14070.0	0.07216574575755745	50.04678471034863	0.6307115723776152	1267.2095122511462	13.382865402938725
14080.0	0.05824481876866276	50.04678471034863	0.6307115723776152	1267.2095122511462	13.382865402938725
14090.0	0.07221939094826696	50.04678471034863	0.6307115723776152	1267.2095122511462	13.382865402938725
14100.0	0.06540645172826849	50.04678471034863	0.6307115723776152	1267.2095122511462	13.382865402938725
14110.0	0.050358975734490614	50.04678471034863	0.6307115723776152	1267.2095122511462	13.382865402938725
14120.0	0.06014922303881986	50.04678471034863	0.6307115723776152	1267.2095122511462	13.382865402938725
14130.0	0.06073932013661517	50.04678471034863	0.6307115723776152	1267.2095122511462	13.382865402938725
14140.0	0.047864474366538214	50.04678471034863	0.6307115723776152	1267.2095122511462	13.382865402938725
14150.0	0.04558455376142065	50.04678471034863	0.6307115723776152	1267.2095122511462	13.382865402938725
14160.0	0.03040296479087207	50.04678471034863	0.6307115723776152	1267.2095122511462	13.382865402938725
14170.0	0.043814262468035624	50.04678471034863	0.6307115723776152	1267.2095122511462	13.382865402938725
14180.0	0.05601854335425346	50.04678471034863	0.6307115723776152	1267.2095122511462	13.382865402938725
14190.0	0.03708179103409895	50.04678471034863	0.6307115723776152	1267.2095122511462	13.382865402938725
14200.0	0.03855703377858737	50.04678471034863	0.6307115723776152	1267.2095122511462	13.382865402938725
14210.0	0.04429706918441348	50.04678471034863	0.6307115723776152	1267.2095122511462	13.382865402938725
14220.0	0.048508216655042534	50.04678471034863	0.6307115723776152	1267.2095122511462	13.382865402938725
14230.0	0.05070901060386458	50.04678471034863	0.6307115723776152	1267.2095122511462	13.382865402938725
14240.0	0.017476709046364714	50.04678471034863	0.6307115723776152	1267.2095122511462	13.382865402938725
14250.0	0.0027193641256729453	50.04678471034863	0.6307115723776152	1267.2095122511462	13.382865402938725
14260.0	0.0017103874970943594	50.04678471034863	0.6307115723776152	1267.2095122511462	13.382865402938725
14270.0	0.0039482860361568775	50.04678471034863	0.6307115723776152	1267.2095122511462	13.382865402938725
14280.0	0.0012199810453658098	50.04678471034863	0.6307115723776152	1267.2095122511462	13.382865402938725
14290.0	0.002098421043219998	50.04678471034863	0.6307115723776152	1267.2095122511462	13.382865402938725
14300.0	0.0008382061048227028	50.04678471034863	0.6307115723776152	1267.2095122511462	13.382865402938725
14310.0	0.0015664395686927053	50.04678471034863	0.6307115723776152	1267.2095122511462	13.382865402938725
14320.0	-2.7269638610323157e-05	50.04678471034863	0.6307115723776152	1267.2095122511462	13.382865402938725
14330.0	0.000227097973999782	50.04678471034863	0.6307115723776152	1267.2095122511462	13.382865402938725
14340.0	0.00022262754144084152	50.04678471034863	0.6307115723776152	1267.2095122511462	13.382865402938725
14350.0	9.38790837401427e-05	50.04678471034863	0.6307115723776152	1267.2095122511462	13.382865402938725
14360.0	8.493821862226156e-06	50.04678471034863	0.6307115723776152	1267.2095122511462	13.382865402938725
14370.0	-4.515136884642681e-05	50.04678471034863	0.6307115723776152	1267.2095122511462	13.382865402938725
14380.0	-7.197396420075331e-05	50.04678471034863	0.6307115723776152	1267.2095122511462	13.382865402938725
14390.0	-4.828067163776816e-05	50.04678471034863	0.6307115723776152	1267.2095122511462	13.382865402938725
14400.0	0.0	50.04678471034863	0.6307115723776152	1267.2095122511462	13.382865402938725
14410.0	0.0	50.04678471034863	0.6307115723776152	1267.2095122511462	13.382865402938725
14420.0	0.0	50.04678471034863	0.6307115723776152	1267.2095122511462	13.382865402938725
14430.0	0.0	50.04678471034863	0.6307115723776152	1267.2095122511462	13.382865402938725
14440.0	0.0	50.04678471034863	0.6307115723776152	1267.2095122511462	13.382865402938725
14450.0	0.0	50.04678471034863	0.6307115723776152	1267.2095122511462	13.382865402938725
14460.0	0.0	50.04678471034863	0.6307115723776152	1267.2095122511462	13.382865402938725
14470.0	0.0	50.04678471034863	0.6307115723776152	1267.2095122511462	13.382865402938725
14480.0	0.0	50.04678471034863	0.6307115723776152	1267.2095122511462	13.382865402938725
14490.0	0.0	50.04678471034863	0.6307115723776152	1267.2095122511462	13.382865402938725
14500.0	0.0	50.04678471034863	0.6307115723776152	1267.2095122511462	13.382865402938725
14510.0	0.0	50.04678471034863	0.6307115723776152	1267.2095122511462	13.382865402938725
14520.0	0.0	50.04678471034863	0.6307115723776152	1267.2095122511462	13.382865402938725
14530.0	0.0	50.04678471034863	0.6307115723776152	1267.2095122511462	13.382865402938725
14540.0	0.0	50.04678471034863	0.6307115723776152	1267.2095122511462	13.382865402938725
14550.0	0.0	50.04678471034863	0.6307115723776152	1267.2095122511462	13.382865402938725
14560.0	0.0	50.04678471034863	0.6307115723776152	1267.2095122511462	13.382865402938725
14570.0	0.0	50.04678471034863	0.6307115723776152	1267.2095122511462	13.382865402938725
14580.0	0.0	50.04678471034863	0.6307115723776152	1267.2095122511462	13.382865402938725
14590.0	0.0	50.04678471034863	0.6307115723776152	1267.2095122511462	13.382865402938725
14600.0	0.0	50.04678471034863	0.6307115723776152	1267.2095122511462	13.382865402938725
14610.0	0.0	50.04678471034863	0.6307115723776152	1267.2095122511462	13.382865402938725
14620.0	0.0	50.04678471034863	0.6307115723776152	1267.2095122511462	13.382865402938725
14630.0	0.0	50.04678471034863	0.6307115723776152	1267.2095122511462	13.382865402938725
14640.0	0.0	50.04678471034863	0.6307115723776152	1267.2095122511462	13.382865402938725
14650.0	0.0	50.04678471034863	0.6307115723776152	1267.2095122511462	13.382865402938725
14660.0	0.0	50.04678471034863	0.6307115723776152	1267.2095122511462	13.382865402938725
14670.0	0.0	50.04678471034863	0.6307115723776152	1267.2095122511462	13.382865402938725
14680.0	0.0	50.04678471034863	0.6307115723776152	1267.2095122511462	13.382865402938725
14690.0	0.0	50.04678471034863	0.6307115723776152	1267.2095122511462	13.382865402938725
14700.0	0.0	50.04678471034863	0.6307115723776152	1267.2095122511462	13.382865402938725
14710.0	0.0	50.04678471034863	0.6307115723776152	1267.2095122511462	13.382865402938725
14720.0	0.0	50.04678471034863	0.6307115723776152	1267.2095122511462	13.382865402938725
14730.0	0.0	50.04678471034863	0.6307115723776152	1267.2095122511462	13.382865402938725
14740.0	0.0	50.04678471034863	0.6307115723776152	1267.2095122511462	13.382865402938725
14750.0	0.0	50.04678471034863	0.6307115723776152	1267.2095122511462	13.382865402938725
14760.0	0.0	50.04678471034863	0.6307115723776152	1267.2095122511462	13.382865402938725
14770.0	0.0	50.04678471034863	0.6307115723776152	1267.2095122511462	13.382865402938725
14780.0	0.0	50.04678471034863	0.6307115723776152	1267.2095122511462	13.382865402938725
14790.0	0.0	50.04678471034863	0.6307115723776152	1267.2095122511462	13.382865402938725
14800.0	0.0	50.04678471034863	0.6307115723776152	1267.2095122511462	13.382865402938725
14810.0	0.0	50.04678471034863	0.6307115723776152	1267.2095122511462	13.382865402938725
14820.0	0.0	50.04678471034863	0.6307115723776152	1267.2095122511462	13.382865402938725
14830.0	0.0	50.04678471034863	0.6307115723776152	1267.2095122511462	13.382865402938725
14840.0	0.0	50.04678471034863	0.6307115723776152	1267.2095122511462	13.382865402938725
14850.0	0.0	50.04678471034863	0.6307115723776152	1267.2095122511462	13.382865402938725
14860.0	0.0	50.04678471034863	0.6307115723776152	1267.2095122511462	13.382865402938725
14870.0	0.0	50.04678471034863	0.6307115723776152	1267.2095122511462	13.382865402938725
14880.0	0.0	50.04678471034863	0.6307115723776152	1267.2095122511462	13.382865402938725
14890.0	0.0	50.04678471034863	0.6307115723776152	1267.2095122511462	13.382865402938725
14900.0	0.0	50.04678471034863	0.6307115723776152	1267.2095122511462	13.382865402938725
14910.0	0.0	50.04678471034863	0.6307115723776152	1267.2095122511462	13.382865402938725
14920.0	0.0	50.04678471034863	0.6307115723776152	1267.2095122511462	13.382865402938725
14930.0	0.0	50.04678471034863	0.6307115723776152	1267.2095122511462	13.382865402938725
14940.0	0.0	50.04678471034863	0.6307115723776152	1267.2095122511462	13.382865402938725
14950.0	0.0	50.04678471034863	0.6307115723776152	1267.2095122511462	13.382865402938725
14960.0	0.0	50.04678471034863	0.6307115723776152	1267.2095122511462	13.382865402938725
14970.0	0.0	50.04678471034863	0.6307115723776152	1267.2095122511462	13.382865402938725
14980.0	0.0	50.04678471034863	0.6307115723776152	1267.2095122511462	13.382865402938725
14990.0	0.0	50.04678471034863	0.6307115723776152	1267.2095122511462	13.382865402938725
