0.0	-0.011330911048312695	67.36225855498978	0.6094395168757804	1300.1953024612706	10.010690140048318
10.0	-0.00734423361593489	67.36225855498978	0.6094395168757804	1300.1953024612706	10.010690140048318
20.0	0.5524811600053715	67.36225855498978	0.6094395168757804	1300.1953024612706	10.010690140048318
30.0	70.12530110348568	67.36225855498978	0.6094395168757804	1300.1953024612706	10.010690140048318
40.0	2299.9374983178623	67.36225855498978	0.6094395168757804	1300.1953024612706	10.010690140048318
50.0	7948.573247207596	67.36225855498978	0.6094395168757804	1300.1953024612706	10.010690140048318
60.0	7867.444411923009	67.36225855498978	0.6094395168757804	1300.1953024612706	10.010690140048318
70.0	4866.185530211267	67.36225855498978	0.6094395168757804	1300.1953024612706	10.010690140048318
80.0	2968.0803374377797	67.36225855498978	0.6094395168757804	1300.1953024612706	10.010690140048318
90.0	2023.647480150713	67.36225855498978	0.6094395168757804	1300.1953024612706	10.010690140048318
100.0	1559.7162377203688	67.36225855498978	0.6094395168757804	1300.1953024612706	10.010690140048318
110.0	1211.719795451486	67.36225855498978	0.6094395168757804	1300.1953024612706	10.010690140048318
120.0	920.0391333602486	67.36225855498978	0.6094395168757804	1300.1953024612706	10.010690140048318
130.0	712.5439022338853	67.36225855498978	0.6094395168757804	1300.1953024612706	10.010690140048318
140.0	561.1434430090188	67.36225855498978	0.6094395168757804	1300.1953024612706	10.010690140048318
150.0	447.22910610953926	67.36225855498978	0.6094395168757804	1300.1953024612706	10.010690140048318
160.0	362.2136135782535	67.36225855498978	0.6094395168757804	1300.1953024612706	10.010690140048318
170.0	299.1974397793041	67.36225855498978	0.6094395168757804	1300.1953024612706	10.010690140048318
180.0	251.81020219351223	67.36225855498978	0.6094395168757804	1300.1953024612706	10.010690140048318
190.0	215.616646480959	67.36225855498978	0.6094395168757804	1300.1953024612706	10.010690140048318
200.0	187.59507300498024	67.36225855498978	0.6094395168757804	1300.1953024612706	10.010690140048318
210.0	166.30296057058246	67.36225855498978	0.6094395168757804	1300.1953024612706	10.010690140048318
220.0	148.86207946440757	67.36225855498978	0.6094395168757804	1300.1953024612706	10.010690140048318
230.0	134.97461478939525	67.36225855498978	0.6094395168757804	1300.1953024612706	10.010690140048318
240.0	123.48432916162194	67.36225855498978	0.6094395168757804	1300.1953024612706	10.010690140048318
250.0	113.83371854393724	67.36225855498978	0.6094395168757804	1300.1953024612706	10.010690140048318
260.0	105.68936549589503	67.36225855498978	0.6094395168757804	1300.1953024612706	10.010690140048318
270.0	99.07122863679085	67.36225855498978	0.6094395168757804	1300.1953024612706	10.010690140048318
280.0	93.67886892746694	67.36225855498978	0.6094395168757804	1300.1953024612706	10.010690140048318
290.0	89.09739436145885	67.36225855498978	0.6094395168757804	1300.1953024612706	10.010690140048318
300.0	84.40091172116814	67.36225855498978	0.6094395168757804	1300.1953024612706	10.010690140048318
310.0	80.89594099044531	67.36225855498978	0.6094395168757804	1300.1953024612706	10.010690140048318
320.0	77.81658592383228	67.36225855498978	0.6094395168757804	1300.1953024612706	10.010690140048318
330.0	74.7421511236712	67.36225855498978	0.6094395168757804	1300.1953024612706	10.010690140048318
340.0	72.62954010227418	67.36225855498978	0.6094395168757804	1300.1953024612706	10.010690140048318
350.0	71.0896733279506	67.36225855498978	0.6094395168757804	1300.1953024612706	10.010690140048318
360.0	69.19925649306909	67.36225855498978	0.6094395168757804	1300.1953024612706	10.010690140048318
370.0	67.54084914547171	67.36225855498978	0.6094395168757804	1300.1953024612706	10.010690140048318
380.0	65.8870845108335	67.36225855498978	0.6094395168757804	1300.1953024612706	10.010690140048318
390.0	64.15401527385232	67.36225855498978	0.6094395168757804	1300.1953024612706	10.010690140048318
400.0	62.65293029202008	67.36225855498978	0.6094395168757804	1300.1953024612706	10.010690140048318
410.0	61.59585520118374	67.36225855498978	0.6094395168757804	1300.1953024612706	10.010690140048318
420.0	60.61730251648473	67.36225855498978	0.6094395168757804	1300.1953024612706	10.010690140048318
430.0	60.054297873772164	67.36225855498978	0.6094395168757804	1300.1953024612706	10.010690140048318
440.0	59.28522237922238	67.36225855498978	0.6094395168757804	1300.1953024612706	10.010690140048318
450.0	58.09073307764743	67.36225855498978	0.6094395168757804	1300.1953024612706	10.010690140048318
460.0	56.62812710267778	67.36225855498978	0.6094395168757804	1300.1953024612706	10.010690140048318
470.0	55.62038083703382	67.36225855498978	0.6094395168757804	1300.1953024612706	10.010690140048318
480.0	54.61238225003406	67.36225855498978	0.6094395168757804	1300.1953024612706	10.010690140048318
490.0	53.617428677163936	67.36225855498978	0.6094395168757804	1300.1953024612706	10.010690140048318
500.0	52.95657381240725	67.36225855498978	0.6094395168757804	1300.1953024612706	10.010690140048318
510.0	52.21338648903285	67.36225855498978	0.6094395168757804	1300.1953024612706	10.010690140048318
520.0	51.516929080877425	67.36225855498978	0.6094395168757804	1300.1953024612706	10.010690140048318
530.0	50.47241959359413	67.36225855498978	0.6094395168757804	1300.1953024612706	10.010690140048318
540.0	49.80003364284743	67.36225855498978	0.6094395168757804	1300.1953024612706	10.010690140048318
550.0	49.74714708652909	67.36225855498978	0.6094395168757804	1300.1953024612706	10.010690140048318
560.0	50.803313820481634	67.36225855498978	0.6094395168757804	1300.1953024612706	10.010690140048318
570.0	53.51400215314177	67.36225855498978	0.6094395168757804	1300.1953024612706	10.010690140048318
580.0	54.28070582694139	67.36225855498978	0.6094395168757804	1300.1953024612706	10.010690140048318
590.0	53.14758107926263	67.36225855498978	0.6094395168757804	1300.1953024612706	10.010690140048318
600.0	50.91822096622292	67.36225855498978	0.6094395168757804	1300.1953024612706	10.010690140048318
610.0	49.12073408693273	67.36225855498978	0.6094395168757804	1300.1953024612706	10.010690140048318
620.0	47.51402738527814	67.36225855498978	0.6094395168757804	1300.1953024612706	10.010690140048318
630.0	46.02616404252387	67.36225855498978	0.6094395168757804	1300.1953024612706	10.010690140048318
640.0	45.22663336024747	67.36225855498978	0.6094395168757804	1300.1953024612706	10.010690140048318
650.0	44.52472581079289	67.36225855498978	0.6094395168757804	1300.1953024612706	10.010690140048318
660.0	43.82498822500332	67.36225855498978	0.6094395168757804	1300.1953024612706	10.010690140048318
670.0	42.93136690889499	67.36225855498978	0.6094395168757804	1300.1953024612706	10.010690140048318
680.0	42.13660510025567	67.36225855498978	0.6094395168757804	1300.1953024612706	10.010690140048318
690.0	41.69423529807552	67.36225855498978	0.6094395168757804	1300.1953024612706	10.010690140048318
700.0	41.007845512044334	67.36225855498978	0.6094395168757804	1300.1953024612706	10.010690140048318
710.0	40.71987114789365	67.36225855498978	0.6094395168757804	1300.1953024612706	10.010690140048318
720.0	40.59931200376823	67.36225855498978	0.6094395168757804	1300.1953024612706	10.010690140048318
730.0	40.22696137801123	67.36225855498978	0.6094395168757804	1300.1953024612706	10.010690140048318
740.0	39.7137649710671	67.36225855498978	0.6094395168757804	1300.1953024612706	10.010690140048318
750.0	39.08525770421163	67.36225855498978	0.6094395168757804	1300.1953024612706	10.010690140048318
760.0	38.81426456735266	67.36225855498978	0.6094395168757804	1300.1953024612706	10.010690140048318
770.0	38.52240445431277	67.36225855498978	0.6094395168757804	1300.1953024612706	10.010690140048318
780.0	38.01064627910066	67.36225855498978	0.6094395168757804	1300.1953024612706	10.010690140048318
790.0	37.87017897994874	67.36225855498978	0.6094395168757804	1300.1953024612706	10.010690140048318
800.0	37.297182411519216	67.36225855498978	0.6094395168757804	1300.1953024612706	10.010690140048318	36.40815254518038	2.4418428406539	80	380
810.0	36.68217433723584	67.36225855498978	0.6094395168757804	1300.1953024612706	10.010690140048318	36.129205986824985	1.5305300388071221	80	380
820.0	36.12608329969065	67.36225855498978	0.6094395168757804	1300.1953024612706	10.010690140048318	35.852396619647365	0.7633706693217305	80	380
830.0	36.02290909702587	67.36225855498978	0.6094395168757804	1300.1953024612706	10.010690140048318	35.577708069234575	1.2513482513402108	80	380
840.0	35.918927466020634	67.36225855498978	0.6094395168757804	1300.1953024612706	10.010690140048318	35.30512408662875	1.7385674042266017	80	380
850.0	35.366621248822646	67.36225855498978	0.6094395168757804	1300.1953024612706	10.010690140048318	35.03462854736583	0.9476130195243104	80	380
860.0	34.64705120441378	67.36225855498978	0.6094395168757804	1300.1953024612706	10.010690140048318	34.766205450521795	-0.3427300867723232	80	380
870.0	34.46442100659406	67.36225855498978	0.6094395168757804	1300.1953024612706	10.010690140048318	34.49983891776612	-0.10266109142272625	80	380
880.0	34.02043634773246	67.36225855498978	0.6094395168757804	1300.1953024612706	10.010690140048318	34.235513192422495	-0.6282273132030498	80	380
890.0	33.5482926254877	67.36225855498978	0.6094395168757804	1300.1953024612706	10.010690140048318	33.973212638536765	-1.250750164755008	80	380
900.0	33.11202900013467	67.36225855498978	0.6094395168757804	1300.1953024612706	10.010690140048318	33.71292173995201	-1.7823810835868394	80	380
910.0	33.006281119634174	67.36225855498978	0.6094395168757804	1300.1953024612706	10.010690140048318	33.45462509939068	-1.3401554446493382	80	380
920.0	32.778611559682425	67.36225855498978	0.6094395168757804	1300.1953024612706	10.010690140048318	33.19830743754381	-1.2642086607908032	80	380
930.0	32.724665253666885	67.36225855498978	0.6094395168757804	1300.1953024612706	10.010690140048318	32.94395359216714	-0.6656406247257302	80	380
940.0	32.514784349348	67.36225855498978	0.6094395168757804	1300.1953024612706	10.010690140048318	32.69154851718425	-0.5407029518449943	80	380
950.0	32.06706533440969	67.36225855498978	0.6094395168757804	1300.1953024612706	10.010690140048318	32.4410772817965	-1.1528962005114405	80	380
960.0	31.48834107118858	67.36225855498978	0.6094395168757804	1300.1953024612706	10.010690140048318	32.19252506959984	-2.187414615314651	80	380
970.0	31.482007805140928	67.36225855498978	0.6094395168757804	1300.1953024612706	10.010690140048318	31.945877177708287	-1.4520476929994752	80	380
980.0	30.832860651325444	67.36225855498978	0.6094395168757804	1300.1953024612706	10.010690140048318	31.7011190158843	-2.7388886938779726	80	380
990.0	30.730620037679905	67.36225855498978	0.6094395168757804	1300.1953024612706	10.010690140048318	31.458236105675603	-2.312958887941028	80	380
1000.0	30.387891939173755	67.36225855498978	0.6094395168757804	1300.1953024612706	10.010690140048318	31.217214079558786	-2.6566180385970957	80	380
1010.0	30.283355201184257	67.36225855498978	0.6094395168757804	1300.1953024612706	10.010690140048318	30.978038680089384	-2.242503103825042	80	380
1020.0	30.205085116403954	67.36225855498978	0.6094395168757804	1300.1953024612706	10.010690140048318	30.740695759058497	-1.7423504232063853	80	380
1030.0	30.255675548378314	67.36225855498978	0.6094395168757804	1300.1953024612706	10.010690140048318	30.50517127665587	-0.8178801096208962	80	380
1040.0	30.125326335621082	67.36225855498978	0.6094395168757804	1300.1953024612706	10.010690140048318	30.27145130063936	-0.482715425722555	80	380
1050.0	29.777980756291182	67.36225855498978	0.6094395168757804	1300.1953024612706	10.010690140048318	30.03952200551082	-0.8706571601627214	80	380
1060.0	29.28257300497917	67.36225855498978	0.6094395168757804	1300.1953024612706	10.010690140048318	29.809369671698217	-1.7672184032096507	80	380
1070.0	29.00852677970662	67.36225855498978	0.6094395168757804	1300.1953024612706	10.010690140048318	29.580980684744127	-1.9352093533962476	80	380
1080.0	29.128783138205005	67.36225855498978	0.6094395168757804	1300.1953024612706	10.010690140048318	29.354341534500318	-0.768398759788948	80	380
1090.0	29.03216929080889	67.36225855498978	0.6094395168757804	1300.1953024612706	10.010690140048318	29.12943881432861	-0.3339217213888475	80	380
1100.0	29.002975709864156	67.36225855498978	0.6094395168757804	1300.1953024612706	10.010690140048318	28.9062592203078	0.3345866679574016	80	380
1110.0	29.021041918987947	67.36225855498978	0.6094395168757804	1300.1953024612706	10.010690140048318	28.684789550446702	1.1722323008502222	80	380
1120.0	28.587629524963116	67.36225855498978	0.6094395168757804	1300.1953024612706	10.010690140048318	28.46501670390316	0.4307491625084603	80	380
1130.0	28.30742665859255	67.36225855498978	0.6094395168757804	1300.1953024612706	10.010690140048318	28.246927680209108	0.21417896865941485	80	380
1140.0	28.228929484591742	67.36225855498978	0.6094395168757804	1300.1953024612706	10.010690140048318	28.030509578501526	0.707871205603758	80	380
1150.0	28.239955927869783	67.36225855498978	0.6094395168757804	1300.1953024612706	10.010690140048318	27.815749596759307	1.5250580597687657	80	380
1160.0	28.138396581886784	67.36225855498978	0.6094395168757804	1300.1953024612706	10.010690140048318	27.60263503104596	1.9409797297911184	80	380
1170.0	28.15048277486179	67.36225855498978	0.6094395168757804	1300.1953024612706	10.010690140048318	27.39115327475812	2.772170607374228	80	380
1180.0	28.382694119230067	67.36225855498978	0.6094395168757804	1300.1953024612706	10.010690140048318	27.181291817879824	4.419960277825947	80	380
1190.0	28.479964002153324	67.36225855498978	0.6094395168757804	1300.1953024612706	10.010690140048318	26.973038246242478	5.586785374913301	80	380
1200.0	28.3634672318666	67.36225855498978	0.6094395168757804	1300.1953024612706	10.010690140048318	26.76638024079052	5.9667649368673485	80	380
1210.0	27.845401022742603	67.36225855498978	0.6094395168757804	1300.1953024612706	10.010690140048318	26.561305576852686	4.834459067437427	80	380
1220.0	27.3844351365901	67.36225855498978	0.6094395168757804	1300.1953024612706	10.010690140048318	26.35780212341888	3.8949871782331003	80	380
1230.0	27.065172924236325	67.36225855498978	0.6094395168757804	1300.1953024612706	10.010690140048318	26.155857842422577	3.4765255542065088	80	380
1240.0	26.61165051810003	67.36225855498978	0.6094395168757804	1300.1953024612706	10.010690140048318	25.955460788028713	2.5281374714563687	80	380
1250.0	26.259712690082036	67.36225855498978	0.6094395168757804	1300.1953024612706	10.010690140048318	25.756599105927037	1.9533385680535125	80	380
1260.0	25.660323307764926	67.36225855498978	0.6094395168757804	1300.1953024612706	10.010690140048318	25.559261032630896	0.3954037442827717	80	380
1270.0	25.076426456735515	67.36225855498978	0.6094395168757804	1300.1953024612706	10.010690140048318	25.363434894781363	-1.131583475331655	80	380
1280.0	24.56893251244777	67.36225855498978	0.6094395168757804	1300.1953024612706	10.010690140048318	25.169109108456702	-2.384576241545537	80	380
1290.0	24.66822096622257	67.36225855498978	0.6094395168757804	1300.1953024612706	10.010690140048318	24.97627217848716	-1.2333754615707813	80	380
1300.0	24.454832795047995	67.36225855498978	0.6094395168757804	1300.1953024612706	10.010690140048318	24.784912697774953	-1.331777548510753	80	380
1310.0	24.16448661014653	67.36225855498978	0.6094395168757804	1300.1953024612706	10.010690140048318	24.5950193466195	-1.7504874885660455	80	380
1320.0	23.93641333602478	67.36225855498978	0.6094395168757804	1300.1953024612706	10.010690140048318	24.406580892047824	-1.9263966472920964	80	380
1330.0	23.764759117211746	67.36225855498978	0.6094395168757804	1300.1953024612706	10.010690140048318	24.219586187150046	-1.87793080535626	80	380
1340.0	23.794507805140714	67.36225855498978	0.6094395168757804	1300.1953024612706	10.010690140048318	24.03402417042004	-0.9965720412901585	80	380
1350.0	23.520158794240412	67.36225855498978	0.6094395168757804	1300.1953024612706	10.010690140048318	23.84988386510108	-1.3825017879569068	80	380
1360.0	23.15711882653768	67.36225855498978	0.6094395168757804	1300.1953024612706	10.010690140048318	23.667154378536495	-2.1550353871919685	80	380
1370.0	23.230569573408744	67.36225855498978	0.6094395168757804	1300.1953024612706	10.010690140048318	23.48582490152538	-1.0868484679031116	80	380
1380.0	23.24704615798682	67.36225855498978	0.6094395168757804	1300.1953024612706	10.010690140048318	23.30588470768313	-0.25246220186146506	80	380
1390.0	23.42990344502732	67.36225855498978	0.6094395168757804	1300.1953024612706	10.010690140048318	23.127323152806976	1.30832388262634	80	380
1400.0	23.06307865697755	67.36225855498978	0.6094395168757804	1300.1953024612706	10.010690140048318	22.95012967424629	0.4921496494113683	80	380
1410.0	22.7771985600861	67.36225855498978	0.6094395168757804	1300.1953024612706	10.010690140048318	22.774293790277817	0.01275459882546194	80	380
1420.0	22.650836024761148	67.36225855498978	0.6094395168757804	1300.1953024612706	10.010690140048318	22.59980509948558	0.22580250161861148	80	380
1430.0	22.4015425245592	67.36225855498978	0.6094395168757804	1300.1953024612706	10.010690140048318	22.426653280145636	-0.11196835868803677	80	380
1440.0	22.30899105100246	67.36225855498978	0.6094395168757804	1300.1953024612706	10.010690140048318	22.254828089615486	0.24337622905408388	80	380
1450.0	22.159919593594285	67.36225855498978	0.6094395168757804	1300.1953024612706	10.010690140048318	22.08431936372819	0.34232537856820455	80	380
1460.0	22.155024559278548	67.36225855498978	0.6094395168757804	1300.1953024612706	10.010690140048318	21.91511701619109	1.0947125808646712	80	380
1470.0	22.08836125689672	67.36225855498978	0.6094395168757804	1300.1953024612706	10.010690140048318	21.7472110379892	1.5687079060923381	80	380
1480.0	21.894856008612823	67.36225855498978	0.6094395168757804	1300.1953024612706	10.010690140048318	21.580591496793097	1.456236785105848	80	380
1490.0	21.484430090162714	67.36225855498978	0.6094395168757804	1300.1953024612706	10.010690140048318	21.415248536371426	0.32304810132738626	80	380
1500.0	21.33984995290013	67.36225855498978	0.6094395168757804	1300.1953024612706	10.010690140048318	21.251172376007805	0.4172832224185517	80	380
1510.0	21.060530211277328	67.36225855498978	0.6094395168757804	1300.1953024612706	10.010690140048318	21.08835330992231	-0.13193585215538076	80	380
1520.0	20.539511842282405	67.36225855498978	0.6094395168757804	1300.1953024612706	10.010690140048318	20.926781706697305	-1.850594467141407	80	380
1530.0	20.158986004575507	67.36225855498978	0.6094395168757804	1300.1953024612706	10.010690140048318	20.766448008707716	-2.9252089903747156	80	380
1540.0	20.053061499125487	67.36225855498978	0.6094395168757804	1300.1953024612706	10.010690140048318	20.60734273155566	-2.689726859258827	80	380
1550.0	19.84863073610555	67.36225855498978	0.6094395168757804	1300.1953024612706	10.010690140048318	20.449456463509406	-2.9381012080980513	80	380
1560.0	19.653914345310145	67.36225855498978	0.6094395168757804	1300.1953024612706	10.010690140048318	20.292779864946603	-3.148240526375702	80	380
1570.0	19.556417373166482	67.36225855498978	0.6094395168757804	1300.1953024612706	10.010690140048318	20.13730366780186	-2.8846279731291613	80	380
1580.0	19.346839254474315	67.36225855498978	0.6094395168757804	1300.1953024612706	10.010690140048318	19.983018675018446	-3.183600190192707	80	380
1590.0	19.23218443009011	67.36225855498978	0.6094395168757804	1300.1953024612706	10.010690140048318	19.829915760004262	-3.014290817713601	80	380
1600.0	19.469820683622853	67.36225855498978	0.6094395168757804	1300.1953024612706	10.010690140048318	19.67798586609201	-1.0578581765720951	80	380
1610.0	19.446178172520405	67.36225855498978	0.6094395168757804	1300.1953024612706	10.010690140048318	19.527220006003372	-0.4150198208349771	80	380
1620.0	19.63668079666246	67.36225855498978	0.6094395168757804	1300.1953024612706	10.010690140048318	19.377609261317446	1.3369633573022168	80	380
1630.0	19.78958753868933	67.36225855498978	0.6094395168757804	1300.1953024612706	10.010690140048318	19.229144781943152	2.9145485308969774	80	380
1640.0	20.461367918180688	67.36225855498978	0.6094395168757804	1300.1953024612706	10.010690140048318	19.08181778559572	7.229657824457098	80	380
1650.0	21.677203606513345	67.36225855498978	0.6094395168757804	1300.1953024612706	10.010690140048318	18.935619557277175	14.47844915210365	80	380
1660.0	22.36107017897961	67.36225855498978	0.6094395168757804	1300.1953024612706	10.010690140048318	18.790541448760827	19.001734143505733	80	380
1670.0	21.91481462791027	67.36225855498978	0.6094395168757804	1300.1953024612706	10.010690140048318	18.646574878079665	17.52729265937546	80	380
1680.0	21.21025770421212	67.36225855498978	0.6094395168757804	1300.1953024612706	10.010690140048318	18.50371132901873	14.627046039941208	80	380
1690.0	20.391071188265375	67.36225855498978	0.6094395168757804	1300.1953024612706	10.010690140048318	18.36194235061132	11.050730902586139	80	380
1700.0	19.898766989638048	67.36225855498978	0.6094395168757804	1300.1953024612706	10.010690140048318	18.22125955663909	9.206319836367964	80	380
1710.0	19.715354595612997	67.36225855498978	0.6094395168757804	1300.1953024612706	10.010690140048318	18.081654625135975	9.03512429778387	80	380
1720.0	19.453091777687913	67.36225855498978	0.6094395168757804	1300.1953024612706	10.010690140048318	17.943119297895915	8.415328765991447	80	380
1730.0	19.22464002153139	67.36225855498978	0.6094395168757804	1300.1953024612706	10.010690140048318	17.805645379984337	7.969352479310693	80	380
1740.0	18.921551608128244	67.36225855498978	0.6094395168757804	1300.1953024612706	10.010690140048318	17.6692247392534	7.0876163915257235	80	380
1750.0	18.51965415152712	67.36225855498978	0.6094395168757804	1300.1953024612706	10.010690140048318	17.53384930586094	5.62229564352798	80	380
1760.0	18.115889516888743	67.36225855498978	0.6094395168757804	1300.1953024612706	10.010690140048318	17.399511071793103	4.117233192011831	80	380
1770.0	17.57276779706644	67.36225855498978	0.6094395168757804	1300.1953024612706	10.010690140048318	17.266202090390642	1.7755248378936463	80	380
1780.0	17.422207643654964	67.36225855498978	0.6094395168757804	1300.1953024612706	10.010690140048318	17.13391447587886	1.682587876704783	80	380
1790.0	17.07531624276676	67.36225855498978	0.6094395168757804	1300.1953024612706	10.010690140048318	17.002640402901083	0.42743855156330524	80	380
1800.0	16.80785560489848	67.36225855498978	0.6094395168757804	1300.1953024612706	10.010690140048318	16.872372106055806	-0.38237955369754206	80	380
1810.0	16.773110954111143	67.36225855498978	0.6094395168757804	1300.1953024612706	10.010690140048318	16.743101879437322	0.17923246773452192	80	380
1820.0	16.45480756291215	67.36225855498978	0.6094395168757804	1300.1953024612706	10.010690140048318	16.61482207617988	-0.9630829179756104	80	380
1830.0	16.1199518907279	67.36225855498978	0.6094395168757804	1300.1953024612706	10.010690140048318	16.48752510800534	-2.229402016794914	80	380
1840.0	15.981705019512884	67.36225855498978	0.6094395168757804	1300.1953024612706	10.010690140048318	16.361203444774315	-2.3195019030378305	80	380
1850.0	15.821127708249229	67.36225855498978	0.6094395168757804	1300.1953024612706	10.010690140048318	16.2358496140407	-2.5543591228685716	80	380
1860.0	15.462427667877725	67.36225855498978	0.6094395168757804	1300.1953024612706	10.010690140048318	16.111456200609677	-4.028366676796057	80	380
1870.0	15.371566747409606	67.36225855498978	0.6094395168757804	1300.1953024612706	10.010690140048318	15.988015846099058	-3.8556948193159366	80	380
1880.0	15.351557663840602	67.36225855498978	0.6094395168757804	1300.1953024612706	10.010690140048318	15.865521248504017	-3.2395001501250853	80	380
1890.0	15.100094199973107	67.36225855498978	0.6094395168757804	1300.1953024612706	10.010690140048318	15.743965161765129	-4.0896366015575865	80	380
1900.0	14.915899609742967	67.36225855498978	0.6094395168757804	1300.1953024612706	10.010690140048318	15.623340395339762	-4.528101978804835	80	380
1910.0	14.922106715112387	67.36225855498978	0.6094395168757804	1300.1953024612706	10.010690140048318	15.503639813776697	-3.7509456208312733	80	380
1920.0	14.875250639214025	67.36225855498978	0.6094395168757804	1300.1953024612706	10.010690140048318	15.38485633629407	-3.312385152910688	80	380
1930.0	14.53761943210872	67.36225855498978	0.6094395168757804	1300.1953024612706	10.010690140048318	15.266982936360472	-4.7773912323873144	80	380
1940.0	14.482588144260648	67.36225855498978	0.6094395168757804	1300.1953024612706	10.010690140048318	15.150012641279352	-4.40543854861327	80	380
1950.0	14.251158996097516	67.36225855498978	0.6094395168757804	1300.1953024612706	10.010690140048318	15.033938531776503	-5.206749608723384	80	380
1960.0	13.955034652133131	67.36225855498978	0.6094395168757804	1300.1953024612706	10.010690140048318	14.918753741590805	-6.459782808606852	80	380
1970.0	13.819992262145043	67.36225855498978	0.6094395168757804	1300.1953024612706	10.010690140048318	14.804451457068012	-6.649751243927139	80	380
1980.0	13.750200174942723	67.36225855498978	0.6094395168757804	1300.1953024612706	10.010690140048318	14.691024916757739	-6.40407832091985	80	380
1990.0	14.005145673529661	67.36225855498978	0.6094395168757804	1300.1953024612706	10.010690140048318	14.578467411013454	-3.9326612415422435	80	380
2000.0	14.051244785358866	67.36225855498978	0.6094395168757804	1300.1953024612706	10.010690140048318	14.466772281595613	-2.8722889124713324	80	380
2010.0	13.93172015879434	67.36225855498978	0.6094395168757804	1300.1953024612706	10.010690140048318	14.355932921277768	-2.9549647857066654	80	380
2020.0	13.62141535459558	67.36225855498978	0.6094395168757804	1300.1953024612706	10.010690140048318	14.245942773455742	-4.383896726188134	80	380
2030.0	13.4123671107523	67.36225855498978	0.6094395168757804	1300.1953024612706	10.010690140048318	14.136795331759764	-5.124416135387926	80	380
2040.0	13.43401628313819	67.36225855498978	0.6094395168757804	1300.1953024612706	10.010690140048318	14.028484139669605	-4.237577279289815	80	380
2050.0	13.44181301305347	67.36225855498978	0.6094395168757804	1300.1953024612706	10.010690140048318	13.921002790132626	-3.4422073201422814	80	380
2060.0	13.519427062306516	67.36225855498978	0.6094395168757804	1300.1953024612706	10.010690140048318	13.81434492518481	-2.134866795895857	80	380
2070.0	13.423570178979894	67.36225855498978	0.6094395168757804	1300.1953024612706	10.010690140048318	13.70850423557463	-2.078520396523713	80	380
2080.0	13.064870138608418	67.36225855498978	0.6094395168757804	1300.1953024612706	10.010690140048318	13.60347446038984	-3.959314389494485	80	380
2090.0	12.92866707038084	67.36225855498978	0.6094395168757804	1300.1953024612706	10.010690140048318	13.49924938668712	-4.22677068896131	80	380
2100.0	12.822843493473224	67.36225855498978	0.6094395168757804	1300.1953024612706	10.010690140048318	13.395822849124562	-4.277298693068212	80	380
2110.0	12.679196945229483	67.36225855498978	0.6094395168757804	1300.1953024612706	10.010690140048318	13.293188729596945	-4.618845010455806	80	380
2120.0	12.670441394159665	67.36225855498978	0.6094395168757804	1300.1953024612706	10.010690140048318	13.191340956873836	-3.948799173769642	80	380
2130.0	12.513497510429335	67.36225855498978	0.6094395168757804	1300.1953024612706	10.010690140048318	13.090273506240461	-4.406141671036607	80	380
2140.0	12.38034753061504	67.36225855498978	0.6094395168757804	1300.1953024612706	10.010690140048318	12.989980399141293	-4.69310075761587	80	380
2150.0	12.294406876598048	67.36225855498978	0.6094395168757804	1300.1953024612706	10.010690140048318	12.890455702826427	-4.623954652725636	80	380
2160.0	12.220956129726847	67.36225855498978	0.6094395168757804	1300.1953024612706	10.010690140048318	12.791693530000602	-4.46178138129399	80	380
2170.0	12.117378212891975	67.36225855498978	0.6094395168757804	1300.1953024612706	10.010690140048318	12.69368803847497	-4.5401291085473545	80	380
2180.0	11.892761741353796	67.36225855498978	0.6094395168757804	1300.1953024612706	10.010690140048318	12.596433430821488	-5.586277205624872	80	380
2190.0	11.80220360651327	67.36225855498978	0.6094395168757804	1300.1953024612706	10.010690140048318	12.499923954029992	-5.581796737985559	80	380
2200.0	11.843205826941155	67.36225855498978	0.6094395168757804	1300.1953024612706	10.010690140048318	12.404153899167857	-4.52225985574344	80	380
2210.0	11.660298075629115	67.36225855498978	0.6094395168757804	1300.1953024612706	10.010690140048318	12.30911760104233	-5.271048229795717	80	380
2220.0	11.455614991252887	67.36225855498978	0.6094395168757804	1300.1953024612706	10.010690140048318	12.21480943786537	-6.215360546346418	80	380
2230.0	11.449584510833013	67.36225855498978	0.6094395168757804	1300.1953024612706	10.010690140048318	12.12122383092112	-5.541019037819949	80	380
2240.0	11.409414950881466	67.36225855498978	0.6094395168757804	1300.1953024612706	10.010690140048318	12.0283552442359	-5.145676867591987	80	380
2250.0	11.259611761539494	67.36225855498978	0.6094395168757804	1300.1953024612706	10.010690140048318	11.936198184250724	-5.668357816008411	80	380
2260.0	11.178868927466011	67.36225855498978	0.6094395168757804	1300.1953024612706	10.010690140048318	11.844747199496338	-5.621717887390969	80	380
2270.0	11.061514264567457	67.36225855498978	0.6094395168757804	1300.1953024612706	10.010690140048318	11.753996880270746	-5.891465028935233	80	380
2280.0	10.821077243977898	67.36225855498978	0.6094395168757804	1300.1953024612706	10.010690140048318	11.663941858319198	-7.226241562067928	80	380
2290.0	10.679625891535458	67.36225855498978	0.6094395168757804	1300.1953024612706	10.010690140048318	11.574576806516639	-7.732040055903479	80	380
2300.0	10.792312609339264	67.36225855498978	0.6094395168757804	1300.1953024612706	10.010690140048318	11.485896438552585	-6.0385694135748595	80	380
2310.0	10.854863073610543	67.36225855498978	0.6094395168757804	1300.1953024612706	10.010690140048318	11.397895508618424	-4.764321927651215	80	380
2320.0	10.65063416767591	67.36225855498978	0.6094395168757804	1300.1953024612706	10.010690140048318	11.310568811097092	-5.834672459387737	80	380
2330.0	10.594391737316776	67.36225855498978	0.6094395168757804	1300.1953024612706	10.010690140048318	11.22391118025515	-5.6087350730805	80	380
2340.0	10.659894361458782	67.36225855498978	0.6094395168757804	1300.1953024612706	10.010690140048318	11.137917489937202	-4.291853741153137	80	380
2350.0	10.6954969048581	67.36225855498978	0.6094395168757804	1300.1953024612706	10.010690140048318	11.052582653262675	-3.230790120344996	80	380
2360.0	10.591742363073577	67.36225855498978	0.6094395168757804	1300.1953024612706	10.010690140048318	10.967901622324886	-3.4296374293296634	80	380
2370.0	10.478399609742949	67.36225855498978	0.6094395168757804	1300.1953024612706	10.010690140048318	10.883869387892464	-3.725419367863521	80	380
2380.0	10.544507805140482	67.36225855498978	0.6094395168757804	1300.1953024612706	10.010690140048318	10.800480979113008	-2.3700164323010364	80	380
2390.0	10.537089557260105	67.36225855498978	0.6094395168757804	1300.1953024612706	10.010690140048318	10.717731463219067	-1.6854490764103063	80	380
2400.0	10.48859339254475	67.36225855498978	0.6094395168757804	1300.1953024612706	10.010690140048318	10.635615945236323	-1.3823604899669537	80	380
2410.0	10.367580069977112	67.36225855498978	0.6094395168757804	1300.1953024612706	10.010690140048318	10.554129567694046	-1.7675498156471146	80	380
2420.0	10.318453101870539	67.36225855498978	0.6094395168757804	1300.1953024612706	10.010690140048318	10.473267510337749	-1.4781863283297125	80	380
2430.0	10.282270219351323	67.36225855498978	0.6094395168757804	1300.1953024612706	10.010690140048318	10.39302498984406	-1.0656644297590407	80	380
2440.0	10.18510126497108	67.36225855498978	0.6094395168757804	1300.1953024612706	10.010690140048318	10.31339725953775	-1.2439741371159079	80	380
2450.0	10.044129323105908	67.36225855498978	0.6094395168757804	1300.1953024612706	10.010690140048318	10.23437960911097	-1.8589332550816784	80	380
2460.0	9.821380029605747	67.36225855498978	0.6094395168757804	1300.1953024612706	10.010690140048318	10.155967364344596	-3.2944900543252316	80	380
2470.0	9.788174539092962	67.36225855498978	0.6094395168757804	1300.1953024612706	10.010690140048318	10.07815588683175	-2.87732548489036	80	380
2480.0	9.796400215314199	67.36225855498978	0.6094395168757804	1300.1953024612706	10.010690140048318	10.000940573703398	-2.045211216703157	80	380
2490.0	9.72792019916563	67.36225855498978	0.6094395168757804	1300.1953024612706	10.010690140048318	9.924316857356093	-1.9789438508796622	80	380
2500.0	9.549857017897999	67.36225855498978	0.6094395168757804	1300.1953024612706	10.010690140048318	9.84828020518176	-3.0302060975757317	80	380
2510.0	9.45977829363478	67.36225855498978	0.6094395168757804	1300.1953024612706	10.010690140048318	9.772826119299596	-3.2032476772159266	80	380
2520.0	9.209929686448644	67.36225855498978	0.6094395168757804	1300.1953024612706	10.010690140048318	9.697950136289984	-5.032202094081248	80	380
2530.0	9.051774660207178	67.36225855498978	0.6094395168757804	1300.1953024612706	10.010690140048318	9.623647826930473	-5.942374212021614	80	380
2540.0	9.003303727627424	67.36225855498978	0.6094395168757804	1300.1953024612706	10.010690140048318	9.549914795933766	-5.723727174394084	80	380
2550.0	8.958062508410647	67.36225855498978	0.6094395168757804	1300.1953024612706	10.010690140048318	9.476746681687727	-5.47323032575465	80	380
2560.0	8.910020522136946	67.36225855498978	0.6094395168757804	1300.1953024612706	10.010690140048318	9.404139155997369	-5.254267569459608	80	380
2570.0	8.891298277486248	67.36225855498978	0.6094395168757804	1300.1953024612706	10.010690140048318	9.332087923828823	-4.72337648273812	80	380
2580.0	8.853979948862774	67.36225855498978	0.6094395168757804	1300.1953024612706	10.010690140048318	9.26058872305527	-4.3907443290316674	80	380
2590.0	8.767963598438858	67.36225855498978	0.6094395168757804	1300.1953024612706	10.010690140048318	9.189637324204822	-4.588578535687231	80	380
2600.0	8.637437760732073	67.36225855498978	0.6094395168757804	1300.1953024612706	10.010690140048318	9.119229530210328	-5.283250825984447	80	380
2610.0	8.574130332391308	67.36225855498978	0.6094395168757804	1300.1953024612706	10.010690140048318	9.0493611761611	-5.251540241555405	80	380
2620.0	8.505776476921016	67.36225855498978	0.6094395168757804	1300.1953024612706	10.010690140048318	8.980028129056539	-5.281182255999782	80	380
2630.0	8.47007300497911	67.36225855498978	0.6094395168757804	1300.1953024612706	10.010690140048318	8.911226287561659	-4.950533948378278	80	380
2640.0	8.411458753868924	67.36225855498978	0.6094395168757804	1300.1953024612706	10.010690140048318	8.842951581764467	-4.879511370223351	80	380
2650.0	8.357033037276324	67.36225855498978	0.6094395168757804	1300.1953024612706	10.010690140048318	8.775199972935221	-4.765326567469942	80	380
2660.0	8.394275669492664	67.36225855498978	0.6094395168757804	1300.1953024612706	10.010690140048318	8.707967453287514	-3.602353654599639	80	380
2670.0	8.302607320683629	67.36225855498978	0.6094395168757804	1300.1953024612706	10.010690140048318	8.641250045741197	-3.91890899192839	80	380
2680.0	8.344467433723628	67.36225855498978	0.6094395168757804	1300.1953024612706	10.010690140048318	8.57504380368712	-2.6889235232168507	80	380
2690.0	8.380927869734894	67.36225855498978	0.6094395168757804	1300.1953024612706	10.010690140048318	8.509344810753685	-1.5091284214561913	80	380
2700.0	8.355317252052112	67.36225855498978	0.6094395168757804	1300.1953024612706	10.010690140048318	8.444149180575158	-1.0519938317455835	80	380
2710.0	8.274599650114306	67.36225855498978	0.6094395168757804	1300.1953024612706	10.010690140048318	8.37945305656178	-1.251315637664042	80	380
2720.0	8.294356412326735	67.36225855498978	0.6094395168757804	1300.1953024612706	10.010690140048318	8.315252611671642	-0.25129963358631435	80	380
2730.0	8.216868523751822	67.36225855498978	0.6094395168757804	1300.1953024612706	10.010690140048318	8.2515440481843	-0.42023073778668163	80	380
2740.0	8.26874579464409	67.36225855498978	0.6094395168757804	1300.1953024612706	10.010690140048318	8.188323597476108	0.98215704607437	80	380
2750.0	8.188810388911353	67.36225855498978	0.6094395168757804	1300.1953024612706	10.010690140048318	8.125587519797305	0.7780713574250575	80	380
2760.0	8.097369129323067	67.36225855498978	0.6094395168757804	1300.1953024612706	10.010690140048318	8.063332104050781	0.4221210888137181	80	380
2770.0	8.073852778899155	67.36225855498978	0.6094395168757804	1300.1953024612706	10.010690140048318	8.00155366757257	0.903563411935718	80	380
2780.0	7.917085520118408	67.36225855498978	0.6094395168757804	1300.1953024612706	10.010690140048318	7.940248555913978	-0.2917167596512865	80	380
2790.0	7.910979343291623	67.36225855498978	0.6094395168757804	1300.1953024612706	10.010690140048318	7.87941314262543	0.40061613847138444	80	380
2800.0	7.923746803929515	67.36225855498978	0.6094395168757804	1300.1953024612706	10.010690140048318	7.819043829041936	1.3390764545747327	80	380
2810.0	7.768796258915332	67.36225855498978	0.6094395168757804	1300.1953024612706	10.010690140048318	7.75913704407023	0.1244882619064405	80	380
2820.0	7.6810136589960765	67.36225855498978	0.6094395168757804	1300.1953024612706	10.010690140048318	7.699689243977509	-0.24254985350272057	80	380
2830.0	7.613744785358576	67.36225855498978	0.6094395168757804	1300.1953024612706	10.010690140048318	7.640696912181815	-0.3527443521580865	80	380
2840.0	7.476582895976314	67.36225855498978	0.6094395168757804	1300.1953024612706	10.010690140048318	7.5821565590440105	-1.392396243015689	80	380
2850.0	7.380145673529859	67.36225855498978	0.6094395168757804	1300.1953024612706	10.010690140048318	7.524064721661368	-1.9127832289530138	80	380
2860.0	7.308107926254884	67.36225855498978	0.6094395168757804	1300.1953024612706	10.010690140048318	7.4664179636627	-2.1202943389758437	80	380
2870.0	7.1875487821289425	67.36225855498978	0.6094395168757804	1300.1953024612706	10.010690140048318	7.409212875005098	-2.991736053689816	80	380
2880.0	7.237760732068348	67.36225855498978	0.6094395168757804	1300.1953024612706	10.010690140048318	7.35244607177221	-1.5598256496455838	80	380
2890.0	7.1471269008208305	67.36225855498978	0.6094395168757804	1300.1953024612706	10.010690140048318	7.29611419597408	-2.0420088166308994	80	380
2900.0	7.0875285964204275	67.36225855498978	0.6094395168757804	1300.1953024612706	10.010690140048318	7.240213915348491	-2.1088509360805854	80	380
2910.0	6.984909500740112	67.36225855498978	0.6094395168757804	1300.1953024612706	10.010690140048318	7.184741923163855	-2.7813444736195345	80	380
2920.0	6.825240546359818	67.36225855498978	0.6094395168757804	1300.1953024612706	10.010690140048318	7.12969493802361	-4.270230273669862	80	380
2930.0	6.7511085318261355	67.36225855498978	0.6094395168757804	1300.1953024612706	10.010690140048318	7.075069703672113	-4.578911380588016	80	380
2940.0	6.731023751850356	67.36225855498978	0.6094395168757804	1300.1953024612706	10.010690140048318	7.02086298880201	-4.128256560681161	80	380
2950.0	6.680837034046556	67.36225855498978	0.6094395168757804	1300.1953024612706	10.010690140048318	6.9670715868630975	-4.108391154703458	80	380
2960.0	6.665243574216074	67.36225855498978	0.6094395168757804	1300.1953024612706	10.010690140048318	6.9136923158726376	-3.5935753329110165	80	380
2970.0	6.863038285560481	67.36225855498978	0.6094395168757804	1300.1953024612706	10.010690140048318	6.860722018227144	0.03376127654177833	80	380
2980.0	6.682653747813184	67.36225855498978	0.6094395168757804	1300.1953024612706	10.010690140048318	6.808157560515575	-1.8434328463586054	80	380
2990.0	6.624064728838634	67.36225855498978	0.6094395168757804	1300.1953024612706	10.010690140048318	6.755995833333995	-1.9528002643876001	80	380
3000.0	6.732941394159601	67.36225855498978	0.6094395168757804	1300.1953024612706	10.010690140048318	6.704233751101634	0.42820170244288347	80	380
3010.0	6.730115394967032	67.36225855498978	0.6094395168757804	1300.1953024612706	10.010690140048318	6.652868251878372	1.1611103687022495	80	380
3020.0	6.788578253263329	67.36225855498978	0.6094395168757804	1300.1953024612706	10.010690140048318	6.6018962971836	2.8277020370551376	80	380
3030.0	6.752975709864054	67.36225855498978	0.6094395168757804	1300.1953024612706	10.010690140048318	6.551314871816486	3.0781734963633816	80	380
3040.0	6.791252859642047	67.36225855498978	0.6094395168757804	1300.1953024612706	10.010690140048318	6.501120983677614	4.4627976727839425	80	380
3050.0	6.806114587538645	67.36225855498978	0.6094395168757804	1300.1953024612706	10.010690140048318	6.451311663591996	5.499702114051954	80	380
3060.0	6.801471874579458	67.36225855498978	0.6094395168757804	1300.1953024612706	10.010690140048318	6.401883965133422	6.241723711680994	80	380
3070.0	6.787493271430534	67.36225855498978	0.6094395168757804	1300.1953024612706	10.010690140048318	6.35283496445017	6.841958108665942	80	380
3080.0	6.759233279504771	67.36225855498978	0.6094395168757804	1300.1953024612706	10.010690140048318	6.304161760092048	7.218588873996139	80	380
3090.0	6.661383057461924	67.36225855498978	0.6094395168757804	1300.1953024612706	10.010690140048318	6.255861472838771	6.48226605374521	80	380
3100.0	6.604484591575805	67.36225855498978	0.6094395168757804	1300.1953024612706	10.010690140048318	6.207931245529628	6.387850160739735	80	380
3110.0	6.512109742968556	67.36225855498978	0.6094395168757804	1300.1953024612706	10.010690140048318	6.160368242894478	5.709747959950043	80	380
3120.0	6.5722883864889905	67.36225855498978	0.6094395168757804	1300.1953024612706	10.010690140048318	6.113169651386027	7.5103221615789515	80	380
3130.0	6.504363477324661	67.36225855498978	0.6094395168757804	1300.1953024612706	10.010690140048318	6.066332679013407	7.220685403994241	80	380
3140.0	6.362457946440535	67.36225855498978	0.6094395168757804	1300.1953024612706	10.010690140048318	6.019854555177002	5.691223735113307	80	380
3150.0	6.085913739738914	67.36225855498978	0.6094395168757804	1300.1953024612706	10.010690140048318	5.9737325305045665	1.877908136353611	80	380
3160.0	5.907169290808788	67.36225855498978	0.6094395168757804	1300.1953024612706	10.010690140048318	5.927963876688583	-0.35078799925837156	80	380
3170.0	5.97913134167677	67.36225855498978	0.6094395168757804	1300.1953024612706	10.010690140048318	5.882545886324874	1.6418988855901255	80	380
3180.0	6.098605503969811	67.36225855498978	0.6094395168757804	1300.1953024612706	10.010690140048318	5.837475872752456	4.473331229277163	80	380
3190.0	5.979080877405479	67.36225855498978	0.6094395168757804	1300.1953024612706	10.010690140048318	5.7927511698945935	3.216601266756564	80	380
3200.0	5.970880433319862	67.36225855498978	0.6094395168757804	1300.1953024612706	10.010690140048318	5.748369132101106	3.8708596491510407	80	380
3210.0	5.937725407078424	67.36225855498978	0.6094395168757804	1300.1953024612706	10.010690140048318	5.704327133991859	4.0916004219981374	80	380
3220.0	5.722318665051782	67.36225855498978	0.6094395168757804	1300.1953024612706	10.010690140048318	5.660622570301468	1.0899171245580508	80	380
3230.0	5.726557663840681	67.36225855498978	0.6094395168757804	1300.1953024612706	10.010690140048318	5.617252855725179	1.9458765863476586	80	380
3240.0	5.701931099448265	67.36225855498978	0.6094395168757804	1300.1953024612706	10.010690140048318	5.574215424765944	2.291186560800771	80	380
3250.0	5.7207290405059545	67.36225855498978	0.6094395168757804	1300.1953024612706	10.010690140048318	5.531507731582652	3.4207908242254885	80	380
3260.0	5.729711680796651	67.36225855498978	0.6094395168757804	1300.1953024612706	10.010690140048318	5.489127249839547	4.3829268298368635	80	380
3270.0	5.673797268200796	67.36225855498978	0.6094395168757804	1300.1953024612706	10.010690140048318	5.447071472556769	4.162342954123304	80	380
3280.0	5.673292625487841	67.36225855498978	0.6094395168757804	1300.1953024612706	10.010690140048318	5.405337911962064	4.957224097549765	80	380
3290.0	5.647076436549565	67.36225855498978	0.6094395168757804	1300.1953024612706	10.010690140048318	5.363924099343621	5.278828185517997	80	380
3300.0	5.547333804333233	67.36225855498978	0.6094395168757804	1300.1953024612706	10.010690140048318	5.322827584904042	4.217799954030231	80	380
3310.0	5.585005382855598	67.36225855498978	0.6094395168757804	1300.1953024612706	10.010690140048318	5.282045937615413	5.7356457860901555	80	380
3320.0	5.6458400619028115	67.36225855498978	0.6094395168757804	1300.1953024612706	10.010690140048318	5.241576745075516	7.712628021846717	80	380
3330.0	5.677203606513258	67.36225855498978	0.6094395168757804	1300.1953024612706	10.010690140048318	5.201417613365107	9.14723693643849	80	380
3340.0	5.569739940788562	67.36225855498978	0.6094395168757804	1300.1953024612706	10.010690140048318	5.161566166906329	7.907944230169162	80	380
3350.0	5.590405059884249	67.36225855498978	0.6094395168757804	1300.1953024612706	10.010690140048318	5.122020048322162	9.144536865206481	80	380
3360.0	5.624645067958508	67.36225855498978	0.6094395168757804	1300.1953024612706	10.010690140048318	5.082776918296991	10.660868229547885	80	380
3370.0	5.569639012245988	67.36225855498978	0.6094395168757804	1300.1953024612706	10.010690140048318	5.043834455438218	10.424698935962336	80	380
3380.0	5.542564930695708	67.36225855498978	0.6094395168757804	1300.1953024612706	10.010690140048318	5.005190356138952	10.736346398846882	80	380
3390.0	5.466414345310161	67.36225855498978	0.6094395168757804	1300.1953024612706	10.010690140048318	4.966842334441724	10.058141113202652	80	380
3400.0	5.486246803929471	67.36225855498978	0.6094395168757804	1300.1953024612706	10.010690140048318	4.928788121903281	11.310258591739256	80	380
3410.0	5.443629726820004	67.36225855498978	0.6094395168757804	1300.1953024612706	10.010690140048318	4.891025467460384	11.298331260715228	80	380
3420.0	5.312725407078415	67.36225855498978	0.6094395168757804	1300.1953024612706	10.010690140048318	4.853552137296664	9.46056118885129	80	380
3430.0	5.326981563719531	67.36225855498978	0.6094395168757804	1300.1953024612706	10.010690140048318	4.816365914710466	10.601678901711109	80	380
3440.0	5.379161620239492	67.36225855498978	0.6094395168757804	1300.1953024612706	10.010690140048318	4.779464599983731	12.547368177134357	80	380
3450.0	5.355392948459151	67.36225855498978	0.6094395168757804	1300.1953024612706	10.010690140048318	4.742846010251871	12.91517660247104	80	380
3460.0	5.323978939577407	67.36225855498978	0.6094395168757804	1300.1953024612706	10.010690140048318	4.706507979374649	13.119513722460557	80	380
3470.0	5.293877001749458	67.36225855498978	0.6094395168757804	1300.1953024612706	10.010690140048318	4.670448357808036	13.348368211783699	80	380
3480.0	5.208945633158375	67.36225855498978	0.6094395168757804	1300.1953024612706	10.010690140048318	4.634665012477058	12.390984443002623	80	380
3490.0	5.000074014264537	67.36225855498978	0.6094395168757804	1300.1953024612706	10.010690140048318	4.599155826649616	8.717212521737515	80	380
3500.0	4.890440384874199	67.36225855498978	0.6094395168757804	1300.1953024612706	10.010690140048318	4.563918699811278	7.154415022257575	80	380
3510.0	4.858748822500387	67.36225855498978	0.6094395168757804	1300.1953024612706	10.010690140048318	4.52895154754102	7.28197843358315	80	380
3520.0	4.863366303323909	67.36225855498978	0.6094395168757804	1300.1953024612706	10.010690140048318	4.494252301387918	8.213023595092816	80	380
3530.0	4.857234894361482	67.36225855498978	0.6094395168757804	1300.1953024612706	10.010690140048318	4.459818908748802	8.911034141612147	80	380
3540.0	4.888270421208449	67.36225855498978	0.6094395168757804	1300.1953024612706	10.010690140048318	4.425649332746835	10.453179944432739	80	380
3550.0	4.868387498317847	67.36225855498978	0.6094395168757804	1300.1953024612706	10.010690140048318	4.391741552111012	10.853233063719838	80	380
3560.0	4.731856412326716	67.36225855498978	0.6094395168757804	1300.1953024612706	10.010690140048318	4.358093561056605	8.57629250115259	80	380
3570.0	4.712099650114364	67.36225855498978	0.6094395168757804	1300.1953024612706	10.010690140048318	4.324703369166505	8.957753812893806	80	380
3580.0	4.641676759520957	67.36225855498978	0.6094395168757804	1300.1953024612706	10.010690140048318	4.291569001273492	8.15803632991972	80	380
3590.0	4.614047570986372	67.36225855498978	0.6094395168757804	1300.1953024612706	10.010690140048318	4.258688497343381	8.344331215224319	80	380
3600.0	4.592499327143052	67.36225855498978	0.6094395168757804	1300.1953024612706	10.010690140048318	4.226059912359085	8.670946990418123	80	380
3610.0	4.554146480958169	67.36225855498978	0.6094395168757804	1300.1953024612706	10.010690140048318	4.193681316205561	8.595435312637349	80	380
3620.0	4.651921006593986	67.36225855498978	0.6094395168757804	1300.1953024612706	10.010690140048318	4.161550793555636	11.78335282601169	80	380
3630.0	4.642307562912092	67.36225855498978	0.6094395168757804	1300.1953024612706	10.010690140048318	4.129666443756702	12.413620473644045	80	380
3640.0	4.472066343695301	67.36225855498978	0.6094395168757804	1300.1953024612706	10.010690140048318	4.098026380718289	9.127319549159468	80	380
3650.0	4.499619835822922	67.36225855498978	0.6094395168757804	1300.1953024612706	10.010690140048318	4.066628732800492	10.647421524616284	80	380
3660.0	4.564315031624252	67.36225855498978	0.6094395168757804	1300.1953024612706	10.010690140048318	4.035471642703263	13.104871889688951	80	380
3670.0	4.61288689274661	67.36225855498978	0.6094395168757804	1300.1953024612706	10.010690140048318	4.004553267356535	15.191048408544331	80	380
3680.0	4.559218140223424	67.36225855498978	0.6094395168757804	1300.1953024612706	10.010690140048318	3.9738717778111994	14.72987542478365	80	380
3690.0	4.526315435338457	67.36225855498978	0.6094395168757804	1300.1953024612706	10.010690140048318	3.94342535913092	14.781313784927288	80	380
3700.0	4.517282330776518	67.36225855498978	0.6094395168757804	1300.1953024612706	10.010690140048318	3.9132122102847666	15.436681887686149	80	380
3710.0	4.4865243574216125	67.36225855498978	0.6094395168757804	1300.1953024612706	10.010690140048318	3.8832305440406847	15.53587422994392	80	380
3720.0	4.516500134571436	67.36225855498978	0.6094395168757804	1300.1953024612706	10.010690140048318	3.8534785868597634	17.205792967750096	80	380
3730.0	4.532573004979136	67.36225855498978	0.6094395168757804	1300.1953024612706	10.010690140048318	3.8239545787913283	18.531036694786984	80	380
3740.0	4.420845108329975	67.36225855498978	0.6094395168757804	1300.1953024612706	10.010690140048318	3.794656773368833	16.501843838836123	80	380
3750.0	4.473378414748989	67.36225855498978	0.6094395168757804	1300.1953024612706	10.010690140048318	3.765583437506552	18.79642262584192	80	380
3760.0	4.523640828959768	67.36225855498978	0.6094395168757804	1300.1953024612706	10.010690140048318	3.7367328513970524	21.058716500659504	80	380
3770.0	4.368690283945624	67.36225855498978	0.6094395168757804	1300.1953024612706	10.010690140048318	3.7081033084094694	17.814686393392392	80	380
3780.0	4.295769411923037	67.36225855498978	0.6094395168757804	1300.1953024612706	10.010690140048318	3.679693114988545	16.742599931092624	80	380
3790.0	4.1843190687660305	67.36225855498978	0.6094395168757804	1300.1953024612706	10.010690140048318	3.6515005905544546	14.591767548657883	80	380
3800.0	4.184975104292854	67.36225855498978	0.6094395168757804	1300.1953024612706	10.010690140048318
3810.0	4.110666464809577	67.36225855498978	0.6094395168757804	1300.1953024612706	10.010690140048318
3820.0	4.1128616606109825	67.36225855498978	0.6094395168757804	1300.1953024612706	10.010690140048318
3830.0	4.056240748216942	67.36225855498978	0.6094395168757804	1300.1953024612706	10.010690140048318
3840.0	4.0447853586327565	67.36225855498978	0.6094395168757804	1300.1953024612706	10.010690140048318
3850.0	4.031160005382852	67.36225855498978	0.6094395168757804	1300.1953024612706	10.010690140048318
3860.0	4.001461781725204	67.36225855498978	0.6094395168757804	1300.1953024612706	10.010690140048318
3870.0	3.997601264971082	67.36225855498978	0.6094395168757804	1300.1953024612706	10.010690140048318
3880.0	4.013421814022321	67.36225855498978	0.6094395168757804	1300.1953024612706	10.010690140048318
3890.0	3.980872359036467	67.36225855498978	0.6094395168757804	1300.1953024612706	10.010690140048318
3900.0	3.883223994078848	67.36225855498978	0.6094395168757804	1300.1953024612706	10.010690140048318
3910.0	3.815652334813635	67.36225855498978	0.6094395168757804	1300.1953024612706	10.010690140048318
3920.0	3.9757502354999428	67.36225855498978	0.6094395168757804	1300.1953024612706	10.010690140048318
3930.0	3.8062407482169376	67.36225855498978	0.6094395168757804	1300.1953024612706	10.010690140048318
3940.0	3.7149508814425967	67.36225855498978	0.6094395168757804	1300.1953024612706	10.010690140048318
3950.0	3.7081886690889423	67.36225855498978	0.6094395168757804	1300.1953024612706	10.010690140048318
3960.0	3.6864133360247875	67.36225855498978	0.6094395168757804	1300.1953024612706	10.010690140048318
3970.0	3.816863477324732	67.36225855498978	0.6094395168757804	1300.1953024612706	10.010690140048318
3980.0	3.8098237114789506	67.36225855498978	0.6094395168757804	1300.1953024612706	10.010690140048318
3990.0	3.703318866908896	67.36225855498978	0.6094395168757804	1300.1953024612706	10.010690140048318
4000.0	3.7525972278293693	67.36225855498978	0.6094395168757804	1300.1953024612706	10.010690140048318
4010.0	3.7587286367918358	67.36225855498978	0.6094395168757804	1300.1953024612706	10.010690140048318
4020.0	3.7451032835419427	67.36225855498978	0.6094395168757804	1300.1953024612706	10.010690140048318
4030.0	3.694563315839075	67.36225855498978	0.6094395168757804	1300.1953024612706	10.010690140048318
4040.0	3.6690031624276713	67.36225855498978	0.6094395168757804	1300.1953024612706	10.010690140048318
4050.0	3.7058420804736736	67.36225855498978	0.6094395168757804	1300.1953024612706	10.010690140048318
4060.0	3.600144664244369	67.36225855498978	0.6094395168757804	1300.1953024612706	10.010690140048318
4070.0	3.6016585923832847	67.36225855498978	0.6094395168757804	1300.1953024612706	10.010690140048318
4080.0	3.670971269008223	67.36225855498978	0.6094395168757804	1300.1953024612706	10.010690140048318
4090.0	3.706523348136199	67.36225855498978	0.6094395168757804	1300.1953024612706	10.010690140048318
4100.0	3.6115495895572716	67.36225855498978	0.6094395168757804	1300.1953024612706	10.010690140048318
4110.0	3.483067554837846	67.36225855498978	0.6094395168757804	1300.1953024612706	10.010690140048318
4120.0	3.505675548378426	67.36225855498978	0.6094395168757804	1300.1953024612706	10.010690140048318
4130.0	3.3447702193513744	67.36225855498978	0.6094395168757804	1300.1953024612706	10.010690140048318
4140.0	3.4052011842282375	67.36225855498978	0.6094395168757804	1300.1953024612706	10.010690140048318
4150.0	3.439390728031241	67.36225855498978	0.6094395168757804	1300.1953024612706	10.010690140048318
4160.0	3.37154151527386	67.36225855498978	0.6094395168757804	1300.1953024612706	10.010690140048318
4170.0	3.225068967837441	67.36225855498978	0.6094395168757804	1300.1953024612706	10.010690140048318
4180.0	3.2380887498318045	67.36225855498978	0.6094395168757804	1300.1953024612706	10.010690140048318
4190.0	3.2905211277082493	67.36225855498978	0.6094395168757804	1300.1953024612706	10.010690140048318
4200.0	3.2327143049387717	67.36225855498978	0.6094395168757804	1300.1953024612706	10.010690140048318
4210.0	3.1372359036468636	67.36225855498978	0.6094395168757804	1300.1953024612706	10.010690140048318
4220.0	3.172737518503555	67.36225855498978	0.6094395168757804	1300.1953024612706	10.010690140048318
4230.0	3.22103182613376	67.36225855498978	0.6094395168757804	1300.1953024612706	10.010690140048318
4240.0	3.14742968644868	67.36225855498978	0.6094395168757804	1300.1953024612706	10.010690140048318
4250.0	3.0757956533440947	67.36225855498978	0.6094395168757804	1300.1953024612706	10.010690140048318
4260.0	3.046980554434141	67.36225855498978	0.6094395168757804	1300.1953024612706	10.010690140048318
4270.0	3.061438568160402	67.36225855498978	0.6094395168757804	1300.1953024612706	10.010690140048318
4280.0	3.0865445431301293	67.36225855498978	0.6094395168757804	1300.1953024612706	10.010690140048318
4290.0	3.1439981160005614	67.36225855498978	0.6094395168757804	1300.1953024612706	10.010690140048318
4300.0	3.240939981160032	67.36225855498978	0.6094395168757804	1300.1953024612706	10.010690140048318
4310.0	3.267105705826953	67.36225855498978	0.6094395168757804	1300.1953024612706	10.010690140048318
4320.0	3.1816444623872973	67.36225855498978	0.6094395168757804	1300.1953024612706	10.010690140048318
4330.0	3.050361660610957	67.36225855498978	0.6094395168757804	1300.1953024612706	10.010690140048318
4340.0	3.048418786166053	67.36225855498978	0.6094395168757804	1300.1953024612706	10.010690140048318
4350.0	3.2427062306553687	67.36225855498978	0.6094395168757804	1300.1953024612706	10.010690140048318
4360.0	3.1914345310187078	67.36225855498978	0.6094395168757804	1300.1953024612706	10.010690140048318
4370.0	3.206599044543145	67.36225855498978	0.6094395168757804	1300.1953024612706	10.010690140048318
4380.0	3.1755887498317867	67.36225855498978	0.6094395168757804	1300.1953024612706	10.010690140048318
4390.0	3.1095057865697577	67.36225855498978	0.6094395168757804	1300.1953024612706	10.010690140048318
4400.0	3.1139971067151144	67.36225855498978	0.6094395168757804	1300.1953024612706	10.010690140048318
4410.0	3.0801860449468434	67.36225855498978	0.6094395168757804	1300.1953024612706	10.010690140048318
4420.0	3.0081482976719247	67.36225855498978	0.6094395168757804	1300.1953024612706	10.010690140048318
4430.0	2.986928071591953	67.36225855498978	0.6094395168757804	1300.1953024612706	10.010690140048318
4440.0	2.926799892342899	67.36225855498978	0.6094395168757804	1300.1953024612706	10.010690140048318
4450.0	2.9022994886286964	67.36225855498978	0.6094395168757804	1300.1953024612706	10.010690140048318
4460.0	2.845325326335604	67.36225855498978	0.6094395168757804	1300.1953024612706	10.010690140048318
4470.0	2.8477476113578093	67.36225855498978	0.6094395168757804	1300.1953024612706	10.010690140048318
4480.0	2.74119230251649	67.36225855498978	0.6094395168757804	1300.1953024612706	10.010690140048318
4490.0	2.7823459157583055	67.36225855498978	0.6094395168757804	1300.1953024612706	10.010690140048318
4500.0	2.777627506392123	67.36225855498978	0.6094395168757804	1300.1953024612706	10.010690140048318
4510.0	2.7111155968240874	67.36225855498978	0.6094395168757804	1300.1953024612706	10.010690140048318
4520.0	2.6413235096218566	67.36225855498978	0.6094395168757804	1300.1953024612706	10.010690140048318
4530.0	2.673317857623474	67.36225855498978	0.6094395168757804	1300.1953024612706	10.010690140048318
4540.0	2.7425296057058213	67.36225855498978	0.6094395168757804	1300.1953024612706	10.010690140048318
4550.0	2.651845310187056	67.36225855498978	0.6094395168757804	1300.1953024612706	10.010690140048318
4560.0	2.5230352577042026	67.36225855498978	0.6094395168757804	1300.1953024612706	10.010690140048318
4570.0	2.489325124478539	67.36225855498978	0.6094395168757804	1300.1953024612706	10.010690140048318
4580.0	2.6047621450679808	67.36225855498978	0.6094395168757804	1300.1953024612706	10.010690140048318
4590.0	2.613694321087354	67.36225855498978	0.6094395168757804	1300.1953024612706	10.010690140048318
4600.0	2.565172924236307	67.36225855498978	0.6094395168757804	1300.1953024612706	10.010690140048318
4610.0	2.635621046965425	67.36225855498978	0.6094395168757804	1300.1953024612706	10.010690140048318
4620.0	2.60180998519714	67.36225855498978	0.6094395168757804	1300.1953024612706	10.010690140048318
4630.0	2.6309278697348764	67.36225855498978	0.6094395168757804	1300.1953024612706	10.010690140048318
4640.0	2.6191444623872844	67.36225855498978	0.6094395168757804	1300.1953024612706	10.010690140048318
4650.0	2.685303122056237	67.36225855498978	0.6094395168757804	1300.1953024612706	10.010690140048318
4660.0	2.810025568564116	67.36225855498978	0.6094395168757804	1300.1953024612706	10.010690140048318
4670.0	2.738921410308163	67.36225855498978	0.6094395168757804	1300.1953024612706	10.010690140048318
4680.0	2.646067151123655	67.36225855498978	0.6094395168757804	1300.1953024612706	10.010690140048318
4690.0	2.6038033239133496	67.36225855498978	0.6094395168757804	1300.1953024612706	10.010690140048318
4700.0	2.586897793029195	67.36225855498978	0.6094395168757804	1300.1953024612706	10.010690140048318
4710.0	2.577864688467244	67.36225855498978	0.6094395168757804	1300.1953024612706	10.010690140048318
4720.0	2.5438770017494345	67.36225855498978	0.6094395168757804	1300.1953024612706	10.010690140048318
4730.0	2.6129625891535286	67.36225855498978	0.6094395168757804	1300.1953024612706	10.010690140048318
4740.0	2.507694119230224	67.36225855498978	0.6094395168757804	1300.1953024612706	10.010690140048318
4750.0	2.581523348136158	67.36225855498978	0.6094395168757804	1300.1953024612706	10.010690140048318
4760.0	2.5749125285964003	67.36225855498978	0.6094395168757804	1300.1953024612706	10.010690140048318
4770.0	2.553692302516479	67.36225855498978	0.6094395168757804	1300.1953024612706	10.010690140048318
4780.0	2.5621955322298375	67.36225855498978	0.6094395168757804	1300.1953024612706	10.010690140048318
4790.0	2.508375386892725	67.36225855498978	0.6094395168757804	1300.1953024612706	10.010690140048318
4800.0	2.4204413941595933	67.36225855498978	0.6094395168757804	1300.1953024612706	10.010690140048318
4810.0	2.3650316242766825	67.36225855498978	0.6094395168757804	1300.1953024612706	10.010690140048318
4820.0	2.3240294038487455	67.36225855498978	0.6094395168757804	1300.1953024612706	10.010690140048318
4830.0	2.185303122056252	67.36225855498978	0.6094395168757804	1300.1953024612706	10.010690140048318
4840.0	2.20561499125286	67.36225855498978	0.6094395168757804	1300.1953024612706	10.010690140048318
4850.0	2.142761741353799	67.36225855498978	0.6094395168757804	1300.1953024612706	10.010690140048318
4860.0	2.149776275063912	67.36225855498978	0.6094395168757804	1300.1953024612706	10.010690140048318
4870.0	2.159793432916169	67.36225855498978	0.6094395168757804	1300.1953024612706	10.010690140048318
4880.0	2.158784147490252	67.36225855498978	0.6094395168757804	1300.1953024612706	10.010690140048318
4890.0	2.2346824115193136	67.36225855498978	0.6094395168757804	1300.1953024612706	10.010690140048318
4900.0	2.1809127304534797	67.36225855498978	0.6094395168757804	1300.1953024612706	10.010690140048318
4910.0	2.1688770017494163	67.36225855498978	0.6094395168757804	1300.1953024612706	10.010690140048318
4920.0	2.1187155160812794	67.36225855498978	0.6094395168757804	1300.1953024612706	10.010690140048318
4930.0	2.183410711882643	67.36225855498978	0.6094395168757804	1300.1953024612706	10.010690140048318
4940.0	2.1760681604090895	67.36225855498978	0.6094395168757804	1300.1953024612706	10.010690140048318
4950.0	2.2317807159197947	67.36225855498978	0.6094395168757804	1300.1953024612706	10.010690140048318
4960.0	2.2310994482572903	67.36225855498978	0.6094395168757804	1300.1953024612706	10.010690140048318
4970.0	2.2526729242363013	67.36225855498978	0.6094395168757804	1300.1953024612706	10.010690140048318
4980.0	2.3064678374377485	67.36225855498978	0.6094395168757804	1300.1953024612706	10.010690140048318
4990.0	2.33730150719957	67.36225855498978	0.6094395168757804	1300.1953024612706	10.010690140048318
5000.0	2.3007401426456573	67.36225855498978	0.6094395168757804	1300.1953024612706	10.010690140048318
5010.0	2.2509319068765854	67.36225855498978	0.6094395168757804	1300.1953024612706	10.010690140048318
5020.0	2.247298479343285	67.36225855498978	0.6094395168757804	1300.1953024612706	10.010690140048318
5030.0	2.3279908491454617	67.36225855498978	0.6094395168757804	1300.1953024612706	10.010690140048318
5040.0	2.2561044946844073	67.36225855498978	0.6094395168757804	1300.1953024612706	10.010690140048318
5050.0	2.1554030413133933	67.36225855498978	0.6094395168757804	1300.1953024612706	10.010690140048318
5060.0	2.064113174539072	67.36225855498978	0.6094395168757804	1300.1953024612706	10.010690140048318
5070.0	2.0245996501143644	67.36225855498978	0.6094395168757804	1300.1953024612706	10.010690140048318
5080.0	2.0435994482572877	67.36225855498978	0.6094395168757804	1300.1953024612706	10.010690140048318
5090.0	2.0041868523751747	67.36225855498978	0.6094395168757804	1300.1953024612706	10.010690140048318
5100.0	1.9815031624276633	67.36225855498978	0.6094395168757804	1300.1953024612706	10.010690140048318
5110.0	1.9698206836226408	67.36225855498978	0.6094395168757804	1300.1953024612706	10.010690140048318
5120.0	1.9020976315435312	67.36225855498978	0.6094395168757804	1300.1953024612706	10.010690140048318
5130.0	1.8892292423630552	67.36225855498978	0.6094395168757804	1300.1953024612706	10.010690140048318
5140.0	1.8538537881846275	67.36225855498978	0.6094395168757804	1300.1953024612706	10.010690140048318
5150.0	1.767509419997298	67.36225855498978	0.6094395168757804	1300.1953024612706	10.010690140048318
5160.0	1.7482825326335452	67.36225855498978	0.6094395168757804	1300.1953024612706	10.010690140048318
5170.0	1.7765677566949185	67.36225855498978	0.6094395168757804	1300.1953024612706	10.010690140048318
5180.0	1.7487114789395708	67.36225855498978	0.6094395168757804	1300.1953024612706	10.010690140048318
5190.0	1.7729847934329046	67.36225855498978	0.6094395168757804	1300.1953024612706	10.010690140048318
5200.0	1.792337841474907	67.36225855498978	0.6094395168757804	1300.1953024612706	10.010690140048318
5210.0	1.7364991252859523	67.36225855498978	0.6094395168757804	1300.1953024612706	10.010690140048318
5220.0	1.7963749831785814	67.36225855498978	0.6094395168757804	1300.1953024612706	10.010690140048318
5230.0	1.8395976315435332	67.36225855498978	0.6094395168757804	1300.1953024612706	10.010690140048318
5240.0	1.7561297268200797	67.36225855498978	0.6094395168757804	1300.1953024612706	10.010690140048318
5250.0	1.807502354999294	67.36225855498978	0.6094395168757804	1300.1953024612706	10.010690140048318
5260.0	1.879212084510818	67.36225855498978	0.6094395168757804	1300.1953024612706	10.010690140048318
5270.0	1.9016939173731542	67.36225855498978	0.6094395168757804	1300.1953024612706	10.010690140048318
5280.0	1.8366959359440052	67.36225855498978	0.6094395168757804	1300.1953024612706	10.010690140048318
5290.0	1.797939375588746	67.36225855498978	0.6094395168757804	1300.1953024612706	10.010690140048318
5300.0	1.8000336428475128	67.36225855498978	0.6094395168757804	1300.1953024612706	10.010690140048318
5310.0	1.7936499125285719	67.36225855498978	0.6094395168757804	1300.1953024612706	10.010690140048318
5320.0	1.8118422823307396	67.36225855498978	0.6094395168757804	1300.1953024612706	10.010690140048318
5330.0	1.8286973489435852	67.36225855498978	0.6094395168757804	1300.1953024612706	10.010690140048318
5340.0	1.8613729646077282	67.36225855498978	0.6094395168757804	1300.1953024612706	10.010690140048318
5350.0	1.8673277486206195	67.36225855498978	0.6094395168757804	1300.1953024612706	10.010690140048318
5360.0	1.879666262952488	67.36225855498978	0.6094395168757804	1300.1953024612706	10.010690140048318
5370.0	1.8497157179383568	67.36225855498978	0.6094395168757804	1300.1953024612706	10.010690140048318
5380.0	1.8463598438971782	67.36225855498978	0.6094395168757804	1300.1953024612706	10.010690140048318
5390.0	1.7223186650517932	67.36225855498978	0.6094395168757804	1300.1953024612706	10.010690140048318
5400.0	1.7663992060287796	67.36225855498978	0.6094395168757804	1300.1953024612706	10.010690140048318
5410.0	1.7481816040909615	67.36225855498978	0.6094395168757804	1300.1953024612706	10.010690140048318
5420.0	1.6736458753868797	67.36225855498978	0.6094395168757804	1300.1953024612706	10.010690140048318
5430.0	1.615460570582672	67.36225855498978	0.6094395168757804	1300.1953024612706	10.010690140048318
5440.0	1.5138759924639966	67.36225855498978	0.6094395168757804	1300.1953024612706	10.010690140048318
5450.0	1.579302920199152	67.36225855498978	0.6094395168757804	1300.1953024612706	10.010690140048318
5460.0	1.6135681604090961	67.36225855498978	0.6094395168757804	1300.1953024612706	10.010690140048318
5470.0	1.538754878212894	67.36225855498978	0.6094395168757804	1300.1953024612706	10.010690140048318
5480.0	1.4802920199165663	67.36225855498978	0.6094395168757804	1300.1953024612706	10.010690140048318
5490.0	1.4930847126900741	67.36225855498978	0.6094395168757804	1300.1953024612706	10.010690140048318
5500.0	1.4509218140223288	67.36225855498978	0.6094395168757804	1300.1953024612706	10.010690140048318
5510.0	1.5230100255685557	67.36225855498978	0.6094395168757804	1300.1953024612706	10.010690140048318
5520.0	1.4871299286771456	67.36225855498978	0.6094395168757804	1300.1953024612706	10.010690140048318
5530.0	1.4898549993271413	67.36225855498978	0.6094395168757804	1300.1953024612706	10.010690140048318
5540.0	1.4407027990848897	67.36225855498978	0.6094395168757804	1300.1953024612706	10.010690140048318
5550.0	1.4644462387296358	67.36225855498978	0.6094395168757804	1300.1953024612706	10.010690140048318
5560.0	1.4544795451487031	67.36225855498978	0.6094395168757804	1300.1953024612706	10.010690140048318
5570.0	1.5019411923025048	67.36225855498978	0.6094395168757804	1300.1953024612706	10.010690140048318
5580.0	1.5249781321490987	67.36225855498978	0.6094395168757804	1300.1953024612706	10.010690140048318
5590.0	1.4705019512851396	67.36225855498978	0.6094395168757804	1300.1953024612706	10.010690140048318
5600.0	1.465102274256483	67.36225855498978	0.6094395168757804	1300.1953024612706	10.010690140048318
5610.0	1.5037831382047977	67.36225855498978	0.6094395168757804	1300.1953024612706	10.010690140048318
5620.0	1.5263911317453827	67.36225855498978	0.6094395168757804	1300.1953024612706	10.010690140048318
5630.0	1.4632603283541814	67.36225855498978	0.6094395168757804	1300.1953024612706	10.010690140048318
5640.0	1.5104696541515112	67.36225855498978	0.6094395168757804	1300.1953024612706	10.010690140048318
5650.0	1.50287478132148	67.36225855498978	0.6094395168757804	1300.1953024612706	10.010690140048318
5660.0	1.4192050195128312	67.36225855498978	0.6094395168757804	1300.1953024612706	10.010690140048318
5670.0	1.5045401022742428	67.36225855498978	0.6094395168757804	1300.1953024612706	10.010690140048318
5680.0	1.412039092988816	67.36225855498978	0.6094395168757804	1300.1953024612706	10.010690140048318
5690.0	1.4031573812407312	67.36225855498978	0.6094395168757804	1300.1953024612706	10.010690140048318
5700.0	1.4654050598842578	67.36225855498978	0.6094395168757804	1300.1953024612706	10.010690140048318
5710.0	1.4724448257300289	67.36225855498978	0.6094395168757804	1300.1953024612706	10.010690140048318
5720.0	1.4617716323509444	67.36225855498978	0.6094395168757804	1300.1953024612706	10.010690140048318
5730.0	1.4025770421208275	67.36225855498978	0.6094395168757804	1300.1953024612706	10.010690140048318
5740.0	1.3448206836226484	67.36225855498978	0.6094395168757804	1300.1953024612706	10.010690140048318
5750.0	1.3618523751850293	67.36225855498978	0.6094395168757804	1300.1953024612706	10.010690140048318
5760.0	1.290546359843889	67.36225855498978	0.6094395168757804	1300.1953024612706	10.010690140048318
5770.0	1.2401073206836146	67.36225855498978	0.6094395168757804	1300.1953024612706	10.010690140048318
5780.0	1.1886589960974145	67.36225855498978	0.6094395168757804	1300.1953024612706	10.010690140048318
5790.0	1.1903495491858427	67.36225855498978	0.6094395168757804	1300.1953024612706	10.010690140048318
5800.0	1.1845461579868026	67.36225855498978	0.6094395168757804	1300.1953024612706	10.010690140048318
5810.0	1.1717534652132855	67.36225855498978	0.6094395168757804	1300.1953024612706	10.010690140048318
5820.0	1.1987518503566137	67.36225855498978	0.6094395168757804	1300.1953024612706	10.010690140048318
5830.0	1.1856059076840266	67.36225855498978	0.6094395168757804	1300.1953024612706	10.010690140048318
5840.0	1.1374377607320718	67.36225855498978	0.6094395168757804	1300.1953024612706	10.010690140048318
5850.0	1.1259066747409465	67.36225855498978	0.6094395168757804	1300.1953024612706	10.010690140048318
5860.0	1.183107926254872	67.36225855498978	0.6094395168757804	1300.1953024612706	10.010690140048318
5870.0	1.1562357017897895	67.36225855498978	0.6094395168757804	1300.1953024612706	10.010690140048318
5880.0	1.2402334813618558	67.36225855498978	0.6094395168757804	1300.1953024612706	10.010690140048318
5890.0	1.2522187457946352	67.36225855498978	0.6094395168757804	1300.1953024612706	10.010690140048318
5900.0	1.2181048983985867	67.36225855498978	0.6094395168757804	1300.1953024612706	10.010690140048318
5910.0	1.1990294038487295	67.36225855498978	0.6094395168757804	1300.1953024612706	10.010690140048318
5920.0	1.2334208047369084	67.36225855498978	0.6094395168757804	1300.1953024612706	10.010690140048318
5930.0	1.1884823711478854	67.36225855498978	0.6094395168757804	1300.1953024612706	10.010690140048318
5940.0	1.2733885076032676	67.36225855498978	0.6094395168757804	1300.1953024612706	10.010690140048318
5950.0	1.3044492665859049	67.36225855498978	0.6094395168757804	1300.1953024612706	10.010690140048318
5960.0	1.293700376799878	67.36225855498978	0.6094395168757804	1300.1953024612706	10.010690140048318
5970.0	1.2549185843089652	67.36225855498978	0.6094395168757804	1300.1953024612706	10.010690140048318
5980.0	1.2395017494280633	67.36225855498978	0.6094395168757804	1300.1953024612706	10.010690140048318
5990.0	1.2406119633965649	67.36225855498978	0.6094395168757804	1300.1953024612706	10.010690140048318
6000.0	1.2123772036065004	67.36225855498978	0.6094395168757804	1300.1953024612706	10.010690140048318
6010.0	1.2514113174539045	67.36225855498978	0.6094395168757804	1300.1953024612706	10.010690140048318
6020.0	1.2399811600053678	67.36225855498978	0.6094395168757804	1300.1953024612706	10.010690140048318
6030.0	1.1800548378414666	67.36225855498978	0.6094395168757804	1300.1953024612706	10.010690140048318
6040.0	1.2000639214102953	67.36225855498978	0.6094395168757804	1300.1953024612706	10.010690140048318
6050.0	1.1820734086932994	67.36225855498978	0.6094395168757804	1300.1953024612706	10.010690140048318
6060.0	1.1298428879020221	67.36225855498978	0.6094395168757804	1300.1953024612706	10.010690140048318
6070.0	1.1478334006190254	67.36225855498978	0.6094395168757804	1300.1953024612706	10.010690140048318
6080.0	1.1158895168886973	67.36225855498978	0.6094395168757804	1300.1953024612706	10.010690140048318
6090.0	1.0983027183420766	67.36225855498978	0.6094395168757804	1300.1953024612706	10.010690140048318
6100.0	1.0372409500740143	67.36225855498978	0.6094395168757804	1300.1953024612706	10.010690140048318
6110.0	1.059319068765975	67.36225855498978	0.6094395168757804	1300.1953024612706	10.010690140048318
6120.0	1.078697348943609	67.36225855498978	0.6094395168757804	1300.1953024612706	10.010690140048318
6130.0	1.0106967433723584	67.36225855498978	0.6094395168757804	1300.1953024612706	10.010690140048318
6140.0	0.9637145067958531	67.36225855498978	0.6094395168757804	1300.1953024612706	10.010690140048318
6150.0	0.9332340869331257	67.36225855498978	0.6094395168757804	1300.1953024612706	10.010690140048318
6160.0	1.0459460368725633	67.36225855498978	0.6094395168757804	1300.1953024612706	10.010690140048318
6170.0	1.045315233481368	67.36225855498978	0.6094395168757804	1300.1953024612706	10.010690140048318
6180.0	1.063356210469659	67.36225855498978	0.6094395168757804	1300.1953024612706	10.010690140048318
6190.0	1.1110449468442847	67.36225855498978	0.6094395168757804	1300.1953024612706	10.010690140048318
6200.0	1.0534399811600075	67.36225855498978	0.6094395168757804	1300.1953024612706	10.010690140048318
6210.0	0.9871551608128082	67.36225855498978	0.6094395168757804	1300.1953024612706	10.010690140048318
6220.0	0.9717635580675531	67.36225855498978	0.6094395168757804	1300.1953024612706	10.010690140048318
6230.0	0.9498368321894786	67.36225855498978	0.6094395168757804	1300.1953024612706	10.010690140048318
6240.0	0.9973741757502398	67.36225855498978	0.6094395168757804	1300.1953024612706	10.010690140048318
6250.0	1.0126396178172614	67.36225855498978	0.6094395168757804	1300.1953024612706	10.010690140048318
6260.0	0.9940435338446987	67.36225855498978	0.6094395168757804	1300.1953024612706	10.010690140048318
6270.0	0.9487013860853182	67.36225855498978	0.6094395168757804	1300.1953024612706	10.010690140048318
6280.0	0.9796612165253664	67.36225855498978	0.6094395168757804	1300.1953024612706	10.010690140048318
6290.0	1.020537276275057	67.36225855498978	0.6094395168757804	1300.1953024612706	10.010690140048318
6300.0	1.0377203606513188	67.36225855498978	0.6094395168757804	1300.1953024612706	10.010690140048318
6310.0	1.0269967030009342	67.36225855498978	0.6094395168757804	1300.1953024612706	10.010690140048318
6320.0	1.0246501143856752	67.36225855498978	0.6094395168757804	1300.1953024612706	10.010690140048318
6330.0	1.0393352173327932	67.36225855498978	0.6094395168757804	1300.1953024612706	10.010690140048318
6340.0	1.0261892746602006	67.36225855498978	0.6094395168757804	1300.1953024612706	10.010690140048318
6350.0	0.996062104696544	67.36225855498978	0.6094395168757804	1300.1953024612706	10.010690140048318
6360.0	1.0065334409904425	67.36225855498978	0.6094395168757804	1300.1953024612706	10.010690140048318
6370.0	1.005524155564527	67.36225855498978	0.6094395168757804	1300.1953024612706	10.010690140048318
6380.0	1.0085015475709886	67.36225855498978	0.6094395168757804	1300.1953024612706	10.010690140048318
6390.0	0.953142241959353	67.36225855498978	0.6094395168757804	1300.1953024612706	10.010690140048318
6400.0	0.9793331987619356	67.36225855498978	0.6094395168757804	1300.1953024612706	10.010690140048318
6410.0	0.9685590768402635	67.36225855498978	0.6094395168757804	1300.1953024612706	10.010690140048318
6420.0	0.8936953303727608	67.36225855498978	0.6094395168757804	1300.1953024612706	10.010690140048318
6430.0	0.8552920199165717	67.36225855498978	0.6094395168757804	1300.1953024612706	10.010690140048318
6440.0	0.8609944825730126	67.36225855498978	0.6094395168757804	1300.1953024612706	10.010690140048318
6450.0	0.8129020320279974	67.36225855498978	0.6094395168757804	1300.1953024612706	10.010690140048318
6460.0	0.7804030413134156	67.36225855498978	0.6094395168757804	1300.1953024612706	10.010690140048318
6470.0	0.8309934732875798	67.36225855498978	0.6094395168757804	1300.1953024612706	10.010690140048318
6480.0	0.8465112367110742	67.36225855498978	0.6094395168757804	1300.1953024612706	10.010690140048318
6490.0	0.8442655766384057	67.36225855498978	0.6094395168757804	1300.1953024612706	10.010690140048318
6500.0	0.8031371955322251	67.36225855498978	0.6094395168757804	1300.1953024612706	10.010690140048318
6510.0	0.8157532633562158	67.36225855498978	0.6094395168757804	1300.1953024612706	10.010690140048318
6520.0	0.8200174942807125	67.36225855498978	0.6094395168757804	1300.1953024612706	10.010690140048318
6530.0	0.8622308572197573	67.36225855498978	0.6094395168757804	1300.1953024612706	10.010690140048318
6540.0	0.8455524155564429	67.36225855498978	0.6094395168757804	1300.1953024612706	10.010690140048318
6550.0	0.8177718342080502	67.36225855498978	0.6094395168757804	1300.1953024612706	10.010690140048318
6560.0	0.844921612165247	67.36225855498978	0.6094395168757804	1300.1953024612706	10.010690140048318
6570.0	0.8679837841474831	67.36225855498978	0.6094395168757804	1300.1953024612706	10.010690140048318
6580.0	0.8858481361862374	67.36225855498978	0.6094395168757804	1300.1953024612706	10.010690140048318
6590.0	0.9489537074417935	67.36225855498978	0.6094395168757804	1300.1953024612706	10.010690140048318
6600.0	0.9594250437357009	67.36225855498978	0.6094395168757804	1300.1953024612706	10.010690140048318
6610.0	0.956245794644054	67.36225855498978	0.6094395168757804	1300.1953024612706	10.010690140048318
6620.0	0.8868826537478016	67.36225855498978	0.6094395168757804	1300.1953024612706	10.010690140048318
6630.0	0.8656119633965758	67.36225855498978	0.6094395168757804	1300.1953024612706	10.010690140048318
6640.0	0.8746703000941917	67.36225855498978	0.6094395168757804	1300.1953024612706	10.010690140048318
6650.0	0.8478485399004173	67.36225855498978	0.6094395168757804	1300.1953024612706	10.010690140048318
6660.0	0.8427516484995287	67.36225855498978	0.6094395168757804	1300.1953024612706	10.010690140048318
6670.0	0.8373015071995709	67.36225855498978	0.6094395168757804	1300.1953024612706	10.010690140048318
6680.0	0.7990243574216056	67.36225855498978	0.6094395168757804	1300.1953024612706	10.010690140048318
6690.0	0.8457542726416385	67.36225855498978	0.6094395168757804	1300.1953024612706	10.010690140048318
6700.0	0.8090415152738514	67.36225855498978	0.6094395168757804	1300.1953024612706	10.010690140048318
6710.0	0.7791414345310229	67.36225855498978	0.6094395168757804	1300.1953024612706	10.010690140048318
6720.0	0.7822954514870092	67.36225855498978	0.6094395168757804	1300.1953024612706	10.010690140048318
6730.0	0.8129777284349277	67.36225855498978	0.6094395168757804	1300.1953024612706	10.010690140048318
6740.0	0.84590566545552	67.36225855498978	0.6094395168757804	1300.1953024612706	10.010690140048318
6750.0	0.8127254070784529	67.36225855498978	0.6094395168757804	1300.1953024612706	10.010690140048318
6760.0	0.727970663436945	67.36225855498978	0.6094395168757804	1300.1953024612706	10.010690140048318
6770.0	0.7004424034450238	67.36225855498978	0.6094395168757804	1300.1953024612706	10.010690140048318
6780.0	0.6923681200376736	67.36225855498978	0.6094395168757804	1300.1953024612706	10.010690140048318
6790.0	0.6923933521733282	67.36225855498978	0.6094395168757804	1300.1953024612706	10.010690140048318
6800.0	0.7326133763961746	67.36225855498978	0.6094395168757804	1300.1953024612706	10.010690140048318
6810.0	0.717978737720356	67.36225855498978	0.6094395168757804	1300.1953024612706	10.010690140048318
6820.0	0.7059177768806352	67.36225855498978	0.6094395168757804	1300.1953024612706	10.010690140048318
6830.0	0.7118977930292001	67.36225855498978	0.6094395168757804	1300.1953024612706	10.010690140048318
6840.0	0.691459763154357	67.36225855498978	0.6094395168757804	1300.1953024612706	10.010690140048318
6850.0	0.7217383259318991	67.36225855498978	0.6094395168757804	1300.1953024612706	10.010690140048318
6860.0	0.7599397793029257	67.36225855498978	0.6094395168757804	1300.1953024612706	10.010690140048318
6870.0	0.7487871753465174	67.36225855498978	0.6094395168757804	1300.1953024612706	10.010690140048318
6880.0	0.7400820885479787	67.36225855498978	0.6094395168757804	1300.1953024612706	10.010690140048318
6890.0	0.732689072803115	67.36225855498978	0.6094395168757804	1300.1953024612706	10.010690140048318
6900.0	0.7450780514062739	67.36225855498978	0.6094395168757804	1300.1953024612706	10.010690140048318
6910.0	0.7522692100659368	67.36225855498978	0.6094395168757804	1300.1953024612706	10.010690140048318
6920.0	0.7760126497106661	67.36225855498978	0.6094395168757804	1300.1953024612706	10.010690140048318
6930.0	0.7744482573004937	67.36225855498978	0.6094395168757804	1300.1953024612706	10.010690140048318
6940.0	0.7148247207643631	67.36225855498978	0.6094395168757804	1300.1953024612706	10.010690140048318
6950.0	0.7236559682411573	67.36225855498978	0.6094395168757804	1300.1953024612706	10.010690140048318
6960.0	0.7328909298883048	67.36225855498978	0.6094395168757804	1300.1953024612706	10.010690140048318
6970.0	0.7350608935540285	67.36225855498978	0.6094395168757804	1300.1953024612706	10.010690140048318
6980.0	0.7410661418382419	67.36225855498978	0.6094395168757804	1300.1953024612706	10.010690140048318
6990.0	0.7263558067554823	67.36225855498978	0.6094395168757804	1300.1953024612706	10.010690140048318
7000.0	0.6808370340465633	67.36225855498978	0.6094395168757804	1300.1953024612706	10.010690140048318
7010.0	0.6844452294442198	67.36225855498978	0.6094395168757804	1300.1953024612706	10.010690140048318
7020.0	0.7473489436145868	67.36225855498978	0.6094395168757804	1300.1953024612706	10.010690140048318
7030.0	0.7114183824518874	67.36225855498978	0.6094395168757804	1300.1953024612706	10.010690140048318
7040.0	0.6690031624276686	67.36225855498978	0.6094395168757804	1300.1953024612706	10.010690140048318
7050.0	0.6915859238325924	67.36225855498978	0.6094395168757804	1300.1953024612706	10.010690140048318
7060.0	0.6606008612568973	67.36225855498978	0.6094395168757804	1300.1953024612706	10.010690140048318
7070.0	0.6299942807159188	67.36225855498978	0.6094395168757804	1300.1953024612706	10.010690140048318
7080.0	0.6172520522137053	67.36225855498978	0.6094395168757804	1300.1953024612706	10.010690140048318
7090.0	0.6154605705826938	67.36225855498978	0.6094395168757804	1300.1953024612706	10.010690140048318
7100.0	0.609884268604497	67.36225855498978	0.6094395168757804	1300.1953024612706	10.010690140048318
7110.0	0.6369835822904083	67.36225855498978	0.6094395168757804	1300.1953024612706	10.010690140048318
7120.0	0.6137700174942821	67.36225855498978	0.6094395168757804	1300.1953024612706	10.010690140048318
7130.0	0.5952496299286902	67.36225855498978	0.6094395168757804	1300.1953024612706	10.010690140048318
7140.0	0.6281271026779724	67.36225855498978	0.6094395168757804	1300.1953024612706	10.010690140048318
7150.0	0.610893554030415	67.36225855498978	0.6094395168757804	1300.1953024612706	10.010690140048318
7160.0	0.5921713093796215	67.36225855498978	0.6094395168757804	1300.1953024612706	10.010690140048318
7170.0	0.5973186650518132	67.36225855498978	0.6094395168757804	1300.1953024612706	10.010690140048318
7180.0	0.5963598438971844	67.36225855498978	0.6094395168757804	1300.1953024612706	10.010690140048318
7190.0	0.6168580103619963	67.36225855498978	0.6094395168757804	1300.1953024612706	10.010690140048318
7200.0	0.6193055275198532	67.36225855498978	0.6094395168757804	1300.1953024612706	10.010690140048318
7210.0	0.5979305443412695	67.36225855498978	0.6094395168757804	1300.1953024612706	10.010690140048318
7220.0	0.587534904454308	67.36225855498978	0.6094395168757804	1300.1953024612706	10.010690140048318
7230.0	0.6402953000941993	67.36225855498978	0.6094395168757804	1300.1953024612706	10.010690140048318
7240.0	0.647536923025161	67.36225855498978	0.6094395168757804	1300.1953024612706	10.010690140048318
7250.0	0.6561158491454726	67.36225855498978	0.6094395168757804	1300.1953024612706	10.010690140048318
7260.0	0.675090415152741	67.36225855498978	0.6094395168757804	1300.1953024612706	10.010690140048318
7270.0	0.6428942100659419	67.36225855498978	0.6094395168757804	1300.1953024612706	10.010690140048318
7280.0	0.6510946541515265	67.36225855498978	0.6094395168757804	1300.1953024612706	10.010690140048318
7290.0	0.6604305443412708	67.36225855498978	0.6094395168757804	1300.1953024612706	10.010690140048318
7300.0	0.6227085015475674	67.36225855498978	0.6094395168757804	1300.1953024612706	10.010690140048318
7310.0	0.6337601769613815	67.36225855498978	0.6094395168757804	1300.1953024612706	10.010690140048318
7320.0	0.6019172217736526	67.36225855498978	0.6094395168757804	1300.1953024612706	10.010690140048318
7330.0	0.5940447954514873	67.36225855498978	0.6094395168757804	1300.1953024612706	10.010690140048318
7340.0	0.5825641737316615	67.36225855498978	0.6094395168757804	1300.1953024612706	10.010690140048318
7350.0	0.5415871854393728	67.36225855498978	0.6094395168757804	1300.1953024612706	10.010690140048318
7360.0	0.5528911822096614	67.36225855498978	0.6094395168757804	1300.1953024612706	10.010690140048318
7370.0	0.6150127001749441	67.36225855498978	0.6094395168757804	1300.1953024612706	10.010690140048318
7380.0	0.5437823812407457	67.36225855498978	0.6094395168757804	1300.1953024612706	10.010690140048318
7390.0	0.5243536367918197	67.36225855498978	0.6094395168757804	1300.1953024612706	10.010690140048318
7400.0	0.5129739436145884	67.36225855498978	0.6094395168757804	1300.1953024612706	10.010690140048318
7410.0	0.5321755988426824	67.36225855498978	0.6094395168757804	1300.1953024612706	10.010690140048318
7420.0	0.5414862568967799	67.36225855498978	0.6094395168757804	1300.1953024612706	10.010690140048318
7430.0	0.5474662730453485	67.36225855498978	0.6094395168757804	1300.1953024612706	10.010690140048318
7440.0	0.4868839153545923	67.36225855498978	0.6094395168757804	1300.1953024612706	10.010690140048318
7450.0	0.5185502455927847	67.36225855498978	0.6094395168757804	1300.1953024612706	10.010690140048318
7460.0	0.5075742665859194	67.36225855498978	0.6094395168757804	1300.1953024612706	10.010690140048318
7470.0	0.5239499226214501	67.36225855498978	0.6094395168757804	1300.1953024612706	10.010690140048318
7480.0	0.5400480251648477	67.36225855498978	0.6094395168757804	1300.1953024612706	10.010690140048318
7490.0	0.531368170501951	67.36225855498978	0.6094395168757804	1300.1953024612706	10.010690140048318
7500.0	0.5171372459964988	67.36225855498978	0.6094395168757804	1300.1953024612706	10.010690140048318
7510.0	0.5433029706634351	67.36225855498978	0.6094395168757804	1300.1953024612706	10.010690140048318
7520.0	0.544715970259721	67.36225855498978	0.6094395168757804	1300.1953024612706	10.010690140048318
7530.0	0.5986622762750657	67.36225855498978	0.6094395168757804	1300.1953024612706	10.010690140048318
7540.0	0.5644222682007792	67.36225855498978	0.6094395168757804	1300.1953024612706	10.010690140048318
7550.0	0.5478447550800695	67.36225855498978	0.6094395168757804	1300.1953024612706	10.010690140048318
7560.0	0.5322512952496348	67.36225855498978	0.6094395168757804	1300.1953024612706	10.010690140048318
7570.0	0.5763066040909709	67.36225855498978	0.6094395168757804	1300.1953024612706	10.010690140048318
7580.0	0.5605112871753518	67.36225855498978	0.6094395168757804	1300.1953024612706	10.010690140048318
7590.0	0.538281775669496	67.36225855498978	0.6094395168757804	1300.1953024612706	10.010690140048318
7600.0	0.5420161317453904	67.36225855498978	0.6094395168757804	1300.1953024612706	10.010690140048318
7610.0	0.5759533541919005	67.36225855498978	0.6094395168757804	1300.1953024612706	10.010690140048318
7620.0	0.556928323913337	67.36225855498978	0.6094395168757804	1300.1953024612706	10.010690140048318
7630.0	0.5314943311801934	67.36225855498978	0.6094395168757804	1300.1953024612706	10.010690140048318
7640.0	0.534194169694521	67.36225855498978	0.6094395168757804	1300.1953024612706	10.010690140048318
7650.0	0.5214267090566542	67.36225855498978	0.6094395168757804	1300.1953024612706	10.010690140048318
7660.0	0.47805266787781076	67.36225855498978	0.6094395168757804	1300.1953024612706	10.010690140048318
7670.0	0.4840074518907304	67.36225855498978	0.6094395168757804	1300.1953024612706	10.010690140048318
7680.0	0.49985323307764623	67.36225855498978	0.6094395168757804	1300.1953024612706	10.010690140048318
7690.0	0.4846382552819244	67.36225855498978	0.6094395168757804	1300.1953024612706	10.010690140048318
7700.0	0.47189602677970366	67.36225855498978	0.6094395168757804	1300.1953024612706	10.010690140048318
7710.0	0.4881959864082884	67.36225855498978	0.6094395168757804	1300.1953024612706	10.010690140048318
7720.0	0.45534374579464026	67.36225855498978	0.6094395168757804	1300.1953024612706	10.010690140048318
7730.0	0.4689690990445446	67.36225855498978	0.6094395168757804	1300.1953024612706	10.010690140048318
7740.0	0.553597682007804	67.36225855498978	0.6094395168757804	1300.1953024612706	10.010690140048318
7750.0	0.5735815334409867	67.36225855498978	0.6094395168757804	1300.1953024612706	10.010690140048318
7760.0	0.4484049084914509	67.36225855498978	0.6094395168757804	1300.1953024612706	10.010690140048318
7770.0	0.46624402839456086	67.36225855498978	0.6094395168757804	1300.1953024612706	10.010690140048318
7780.0	0.4717446339658101	67.36225855498978	0.6094395168757804	1300.1953024612706	10.010690140048318
7790.0	0.4677327243977907	67.36225855498978	0.6094395168757804	1300.1953024612706	10.010690140048318
7800.0	0.45612594199972795	67.36225855498978	0.6094395168757804	1300.1953024612706	10.010690140048318
7810.0	0.47189602677970327	67.36225855498978	0.6094395168757804	1300.1953024612706	10.010690140048318
7820.0	0.5016699468443009	67.36225855498978	0.6094395168757804	1300.1953024612706	10.010690140048318
7830.0	0.4828720057865689	67.36225855498978	0.6094395168757804	1300.1953024612706	10.010690140048318
7840.0	0.4915770925851134	67.36225855498978	0.6094395168757804	1300.1953024612706	10.010690140048318
7850.0	0.48605125487821216	67.36225855498978	0.6094395168757804	1300.1953024612706	10.010690140048318
7860.0	0.545043988023147	67.36225855498978	0.6094395168757804	1300.1953024612706	10.010690140048318
7870.0	0.5510997005786572	67.36225855498978	0.6094395168757804	1300.1953024612706	10.010690140048318
7880.0	0.4886753969855959	67.36225855498978	0.6094395168757804	1300.1953024612706	10.010690140048318
7890.0	0.508810641232672	67.36225855498978	0.6094395168757804	1300.1953024612706	10.010690140048318
7900.0	0.504521178172519	67.36225855498978	0.6094395168757804	1300.1953024612706	10.010690140048318
7910.0	0.4985411620239495	67.36225855498978	0.6094395168757804	1300.1953024612706	10.010690140048318
7920.0	0.470735348539897	67.36225855498978	0.6094395168757804	1300.1953024612706	10.010690140048318
7930.0	0.5386097934329173	67.36225855498978	0.6094395168757804	1300.1953024612706	10.010690140048318
7940.0	0.5005597328757909	67.36225855498978	0.6094395168757804	1300.1953024612706	10.010690140048318
7950.0	0.49344427062306484	67.36225855498978	0.6094395168757804	1300.1953024612706	10.010690140048318
7960.0	0.4630143150316234	67.36225855498978	0.6094395168757804	1300.1953024612706	10.010690140048318
7970.0	0.4828972379222183	67.36225855498978	0.6094395168757804	1300.1953024612706	10.010690140048318
7980.0	0.43500664446238635	67.36225855498978	0.6094395168757804	1300.1953024612706	10.010690140048318
7990.0	0.3986219048580288	67.36225855498978	0.6094395168757804	1300.1953024612706	10.010690140048318
8000.0	0.4187571491050934	67.36225855498978	0.6094395168757804	1300.1953024612706	10.010690140048318
8010.0	0.471593241151931	67.36225855498978	0.6094395168757804	1300.1953024612706	10.010690140048318
8020.0	0.4318273953707447	67.36225855498978	0.6094395168757804	1300.1953024612706	10.010690140048318
8030.0	0.42216348741757476	67.36225855498978	0.6094395168757804	1300.1953024612706	10.010690140048318
8040.0	0.4259230756291167	67.36225855498978	0.6094395168757804	1300.1953024612706	10.010690140048318
8050.0	0.4810048277486174	67.36225855498978	0.6094395168757804	1300.1953024612706	10.010690140048318
8060.0	0.40384495693714684	67.36225855498978	0.6094395168757804	1300.1953024612706	10.010690140048318
8070.0	0.4019273146279098	67.36225855498978	0.6094395168757804	1300.1953024612706	10.010690140048318
8080.0	0.37646808975911356	67.36225855498978	0.6094395168757804	1300.1953024612706	10.010690140048318
8090.0	0.41552743574216044	67.36225855498978	0.6094395168757804	1300.1953024612706	10.010690140048318
8100.0	0.41159122258107445	67.36225855498978	0.6094395168757804	1300.1953024612706	10.010690140048318
8110.0	0.40631770623065033	67.36225855498978	0.6094395168757804	1300.1953024612706	10.010690140048318
8120.0	0.402860903646885	67.36225855498978	0.6094395168757804	1300.1953024612706	10.010690140048318
8130.0	0.44888431906876475	67.36225855498978	0.6094395168757804	1300.1953024612706	10.010690140048318
8140.0	0.4181263457138976	67.36225855498978	0.6094395168757804	1300.1953024612706	10.010690140048318
8150.0	0.43154984187861356	67.36225855498978	0.6094395168757804	1300.1953024612706	10.010690140048318
8160.0	0.461197601264973	67.36225855498978	0.6094395168757804	1300.1953024612706	10.010690140048318
8170.0	0.466016939173729	67.36225855498978	0.6094395168757804	1300.1953024612706	10.010690140048318
8180.0	0.46722808168482866	67.36225855498978	0.6094395168757804	1300.1953024612706	10.010690140048318
8190.0	0.4573118523751853	67.36225855498978	0.6094395168757804	1300.1953024612706	10.010690140048318
8200.0	0.45910333400618797	67.36225855498978	0.6094395168757804	1300.1953024612706	10.010690140048318
8210.0	0.47850684631947565	67.36225855498978	0.6094395168757804	1300.1953024612706	10.010690140048318
8220.0	0.4384382149105079	67.36225855498978	0.6094395168757804	1300.1953024612706	10.010690140048318
8230.0	0.43238250235500386	67.36225855498978	0.6094395168757804	1300.1953024612706	10.010690140048318
8240.0	0.398546208451083	67.36225855498978	0.6094395168757804	1300.1953024612706	10.010690140048318
8250.0	0.40929509823711163	67.36225855498978	0.6094395168757804	1300.1953024612706	10.010690140048318
8260.0	0.3686965919795438	67.36225855498978	0.6094395168757804	1300.1953024612706	10.010690140048318
8270.0	0.34142065334409893	67.36225855498978	0.6094395168757804	1300.1953024612706	10.010690140048318
8280.0	0.34656800901627993	67.36225855498978	0.6094395168757804	1300.1953024612706	10.010690140048318
8290.0	0.3528003465213295	67.36225855498978	0.6094395168757804	1300.1953024612706	10.010690140048318
8300.0	0.3424551709056637	67.36225855498978	0.6094395168757804	1300.1953024612706	10.010690140048318
8310.0	0.39438290606916937	67.36225855498978	0.6094395168757804	1300.1953024612706	10.010690140048318
8320.0	0.3607232371147866	67.36225855498978	0.6094395168757804	1300.1953024612706	10.010690140048318
8330.0	0.36173252254070754	67.36225855498978	0.6094395168757804	1300.1953024612706	10.010690140048318
8340.0	0.33362392342887714	67.36225855498978	0.6094395168757804	1300.1953024612706	10.010690140048318
8350.0	0.3447008309783369	67.36225855498978	0.6094395168757804	1300.1953024612706	10.010690140048318
8360.0	0.3311259419997271	67.36225855498978	0.6094395168757804	1300.1953024612706	10.010690140048318
8370.0	0.3384937256089339	67.36225855498978	0.6094395168757804	1300.1953024612706	10.010690140048318
8380.0	0.3647603788184599	67.36225855498978	0.6094395168757804	1300.1953024612706	10.010690140048318
8390.0	0.3657948963800277	67.36225855498978	0.6094395168757804	1300.1953024612706	10.010690140048318
8400.0	0.3420009924640008	67.36225855498978	0.6094395168757804	1300.1953024612706	10.010690140048318
8410.0	0.36306982573004754	67.36225855498978	0.6094395168757804	1300.1953024612706	10.010690140048318
8420.0	0.3637258612568968	67.36225855498978	0.6094395168757804	1300.1953024612706	10.010690140048318
8430.0	0.3303689779302903	67.36225855498978	0.6094395168757804	1300.1953024612706	10.010690140048318
8440.0	0.3622119331180171	67.36225855498978	0.6094395168757804	1300.1953024612706	10.010690140048318
8450.0	0.4064943311801888	67.36225855498978	0.6094395168757804	1300.1953024612706	10.010690140048318
8460.0	0.5958867413537898	67.36225855498978	0.6094395168757804	1300.1953024612706	10.010690140048318
8470.0	0.5846836731260941	67.36225855498978	0.6094395168757804	1300.1953024612706	10.010690140048318
8480.0	0.4828215415152751	67.36225855498978	0.6094395168757804	1300.1953024612706	10.010690140048318
8490.0	0.47116429484591393	67.36225855498978	0.6094395168757804	1300.1953024612706	10.010690140048318
8500.0	0.4454022843493475	67.36225855498978	0.6094395168757804	1300.1953024612706	10.010690140048318
8510.0	0.4426015172924238	67.36225855498978	0.6094395168757804	1300.1953024612706	10.010690140048318
8520.0	0.38423958753868664	67.36225855498978	0.6094395168757804	1300.1953024612706	10.010690140048318
8530.0	0.36516409298882957	67.36225855498978	0.6094395168757804	1300.1953024612706	10.010690140048318
8540.0	0.348132401426455	67.36225855498978	0.6094395168757804	1300.1953024612706	10.010690140048318
8550.0	0.33221092383259127	67.36225855498978	0.6094395168757804	1300.1953024612706	10.010690140048318
8560.0	0.3561057562912167	67.36225855498978	0.6094395168757804	1300.1953024612706	10.010690140048318
8570.0	0.36233809379626103	67.36225855498978	0.6094395168757804	1300.1953024612706	10.010690140048318
8580.0	0.32060414143453203	67.36225855498978	0.6094395168757804	1300.1953024612706	10.010690140048318
8590.0	0.3297129424034444	67.36225855498978	0.6094395168757804	1300.1953024612706	10.010690140048318
8600.0	0.36667802112770853	67.36225855498978	0.6094395168757804	1300.1953024612706	10.010690140048318
8610.0	0.3489902940384856	67.36225855498978	0.6094395168757804	1300.1953024612706	10.010690140048318
8620.0	0.33238754878212734	67.36225855498978	0.6094395168757804	1300.1953024612706	10.010690140048318
8630.0	0.32040228434934437	67.36225855498978	0.6094395168757804	1300.1953024612706	10.010690140048318
8640.0	0.3194434631947236	67.36225855498978	0.6094395168757804	1300.1953024612706	10.010690140048318
8650.0	0.32572626497106366	67.36225855498978	0.6094395168757804	1300.1953024612706	10.010690140048318
8660.0	0.31051128717534277	67.36225855498978	0.6094395168757804	1300.1953024612706	10.010690140048318
8670.0	0.3127317151123659	67.36225855498978	0.6094395168757804	1300.1953024612706	10.010690140048318
8680.0	0.3094515374781311	67.36225855498978	0.6094395168757804	1300.1953024612706	10.010690140048318
8690.0	0.3227488729646058	67.36225855498978	0.6094395168757804	1300.1953024612706	10.010690140048318
8700.0	0.2807373671107517	67.36225855498978	0.6094395168757804	1300.1953024612706	10.010690140048318
8710.0	0.3297129424034439	67.36225855498978	0.6094395168757804	1300.1953024612706	10.010690140048318
8720.0	0.3075086630332386	67.36225855498978	0.6094395168757804	1300.1953024612706	10.010690140048318
8730.0	0.2901489537074398	67.36225855498978	0.6094395168757804	1300.1953024612706	10.010690140048318
8740.0	0.27579186852375137	67.36225855498978	0.6094395168757804	1300.1953024612706	10.010690140048318
8750.0	0.2843707946440555	67.36225855498978	0.6094395168757804	1300.1953024612706	10.010690140048318
8760.0	0.32484314022338806	67.36225855498978	0.6094395168757804	1300.1953024612706	10.010690140048318
8770.0	0.29244507805140585	67.36225855498978	0.6094395168757804	1300.1953024612706	10.010690140048318
8780.0	0.31575957139012134	67.36225855498978	0.6094395168757804	1300.1953024612706	10.010690140048318
8790.0	0.29900543331987633	67.36225855498978	0.6094395168757804	1300.1953024612706	10.010690140048318
8800.0	0.2851277587134976	67.36225855498978	0.6094395168757804	1300.1953024612706	10.010690140048318
8810.0	0.2695847631543534	67.36225855498978	0.6094395168757804	1300.1953024612706	10.010690140048318
8820.0	0.3001156472883883	67.36225855498978	0.6094395168757804	1300.1953024612706	10.010690140048318
8830.0	0.32279933723590426	67.36225855498978	0.6094395168757804	1300.1953024612706	10.010690140048318
8840.0	0.3103598943614576	67.36225855498978	0.6094395168757804	1300.1953024612706	10.010690140048318
8850.0	0.3036986105504005	67.36225855498978	0.6094395168757804	1300.1953024612706	10.010690140048318
8860.0	0.29905589759117374	67.36225855498978	0.6094395168757804	1300.1953024612706	10.010690140048318
8870.0	0.2751862972682	67.36225855498978	0.6094395168757804	1300.1953024612706	10.010690140048318
8880.0	0.3127064829767199	67.36225855498978	0.6094395168757804	1300.1953024612706	10.010690140048318
8890.0	0.31535585721975457	67.36225855498978	0.6094395168757804	1300.1953024612706	10.010690140048318
8900.0	0.3072311095411115	67.36225855498978	0.6094395168757804	1300.1953024612706	10.010690140048318
8910.0	0.2823269916565736	67.36225855498978	0.6094395168757804	1300.1953024612706	10.010690140048318
8920.0	0.27304156573812094	67.36225855498978	0.6094395168757804	1300.1953024612706	10.010690140048318
8930.0	0.2819232774862041	67.36225855498978	0.6094395168757804	1300.1953024612706	10.010690140048318
8940.0	0.26458880029605614	67.36225855498978	0.6094395168757804	1300.1953024612706	10.010690140048318
8950.0	0.2719061196339626	67.36225855498978	0.6094395168757804	1300.1953024612706	10.010690140048318
8960.0	0.2823269916565726	67.36225855498978	0.6094395168757804	1300.1953024612706	10.010690140048318
8970.0	0.2579527486206438	67.36225855498978	0.6094395168757804	1300.1953024612706	10.010690140048318
8980.0	0.22583223994078883	67.36225855498978	0.6094395168757804	1300.1953024612706	10.010690140048318
8990.0	0.2337803626698941	67.36225855498978	0.6094395168757804	1300.1953024612706	10.010690140048318
9000.0	0.2763469755080052	67.36225855498978	0.6094395168757804	1300.1953024612706	10.010690140048318
9010.0	0.28588472278293325	67.36225855498978	0.6094395168757804	1300.1953024612706	10.010690140048318
9020.0	0.293782381240745	67.36225855498978	0.6094395168757804	1300.1953024612706	10.010690140048318
9030.0	0.27637220764365383	67.36225855498978	0.6094395168757804	1300.1953024612706	10.010690140048318
9040.0	0.263579514870135	67.36225855498978	0.6094395168757804	1300.1953024612706	10.010690140048318
9050.0	0.25086251850356667	67.36225855498978	0.6094395168757804	1300.1953024612706	10.010690140048318
9060.0	0.23019739940788303	67.36225855498978	0.6094395168757804	1300.1953024612706	10.010690140048318
9070.0	0.24336857421612004	67.36225855498978	0.6094395168757804	1300.1953024612706	10.010690140048318
9080.0	0.20816974498721494	67.36225855498978	0.6094395168757804	1300.1953024612706	10.010690140048318
9090.0	0.22386413336024572	67.36225855498978	0.6094395168757804	1300.1953024612706	10.010690140048318
9100.0	0.22883486408289602	67.36225855498978	0.6094395168757804	1300.1953024612706	10.010690140048318
9110.0	0.23539521935136634	67.36225855498978	0.6094395168757804	1300.1953024612706	10.010690140048318
9120.0	0.2508120542322696	67.36225855498978	0.6094395168757804	1300.1953024612706	10.010690140048318
9130.0	0.2695595310187018	67.36225855498978	0.6094395168757804	1300.1953024612706	10.010690140048318
9140.0	0.2614852476113579	67.36225855498978	0.6094395168757804	1300.1953024612706	10.010690140048318
9150.0	0.2566911418382439	67.36225855498978	0.6094395168757804	1300.1953024612706	10.010690140048318
9160.0	0.25835646279100805	67.36225855498978	0.6094395168757804	1300.1953024612706	10.010690140048318
9170.0	0.2645635681604072	67.36225855498978	0.6094395168757804	1300.1953024612706	10.010690140048318
9180.0	0.24452925245592722	67.36225855498978	0.6094395168757804	1300.1953024612706	10.010690140048318
9190.0	0.281822348943612	67.36225855498978	0.6094395168757804	1300.1953024612706	10.010690140048318
9200.0	0.2865155261741333	67.36225855498978	0.6094395168757804	1300.1953024612706	10.010690140048318
9210.0	0.2801570279908491	67.36225855498978	0.6094395168757804	1300.1953024612706	10.010690140048318
9220.0	0.2888873469250412	67.36225855498978	0.6094395168757804	1300.1953024612706	10.010690140048318
9230.0	0.2785169391737302	67.36225855498978	0.6094395168757804	1300.1953024612706	10.010690140048318
9240.0	0.27349574417978795	67.36225855498978	0.6094395168757804	1300.1953024612706	10.010690140048318
9250.0	0.2776085822904013	67.36225855498978	0.6094395168757804	1300.1953024612706	10.010690140048318
9260.0	0.256943463194724	67.36225855498978	0.6094395168757804	1300.1953024612706	10.010690140048318
9270.0	0.26297394361458726	67.36225855498978	0.6094395168757804	1300.1953024612706	10.010690140048318
9280.0	0.2458917877809169	67.36225855498978	0.6094395168757804	1300.1953024612706	10.010690140048318
9290.0	0.23279630937962678	67.36225855498978	0.6094395168757804	1300.1953024612706	10.010690140048318
9300.0	0.23072727425649028	67.36225855498978	0.6094395168757804	1300.1953024612706	10.010690140048318
9310.0	0.21190410106311255	67.36225855498978	0.6094395168757804	1300.1953024612706	10.010690140048318
9320.0	0.18346748418785933	67.36225855498978	0.6094395168757804	1300.1953024612706	10.010690140048318
9330.0	0.18202925245592605	67.36225855498978	0.6094395168757804	1300.1953024612706	10.010690140048318
9340.0	0.18071718140223328	67.36225855498978	0.6094395168757804	1300.1953024612706	10.010690140048318
9350.0	0.19098666061095382	67.36225855498978	0.6094395168757804	1300.1953024612706	10.010690140048318
9360.0	0.19585646279101002	67.36225855498978	0.6094395168757804	1300.1953024612706	10.010690140048318
9370.0	0.19250058874982973	67.36225855498978	0.6094395168757804	1300.1953024612706	10.010690140048318
9380.0	0.20302238931503014	67.36225855498978	0.6094395168757804	1300.1953024612706	10.010690140048318
9390.0	0.22298100861256906	67.36225855498978	0.6094395168757804	1300.1953024612706	10.010690140048318
9400.0	0.21306477930291878	67.36225855498978	0.6094395168757804	1300.1953024612706	10.010690140048318
9410.0	0.19451915960166663	67.36225855498978	0.6094395168757804	1300.1953024612706	10.010690140048318
9420.0	0.20837160207239624	67.36225855498978	0.6094395168757804	1300.1953024612706	10.010690140048318
9430.0	0.21127329767191338	67.36225855498978	0.6094395168757804	1300.1953024612706	10.010690140048318
9440.0	0.22444447248015045	67.36225855498978	0.6094395168757804	1300.1953024612706	10.010690140048318
9450.0	0.2537137498317824	67.36225855498978	0.6094395168757804	1300.1953024612706	10.010690140048318
9460.0	0.2777095108329977	67.36225855498978	0.6094395168757804	1300.1953024612706	10.010690140048318
9470.0	0.27564047570986366	67.36225855498978	0.6094395168757804	1300.1953024612706	10.010690140048318
9480.0	0.2558584813618621	67.36225855498978	0.6094395168757804	1300.1953024612706	10.010690140048318
9490.0	0.25323433925447236	67.36225855498978	0.6094395168757804	1300.1953024612706	10.010690140048318
9500.0	0.22065965213295685	67.36225855498978	0.6094395168757804	1300.1953024612706	10.010690140048318
9510.0	0.22744709662225535	67.36225855498978	0.6094395168757804	1300.1953024612706	10.010690140048318
9520.0	0.24278823509621913	67.36225855498978	0.6094395168757804	1300.1953024612706	10.010690140048318
9530.0	0.2519979646077232	67.36225855498978	0.6094395168757804	1300.1953024612706	10.010690140048318
9540.0	0.2396089860045736	67.36225855498978	0.6094395168757804	1300.1953024612706	10.010690140048318
9550.0	0.24412553828555825	67.36225855498978	0.6094395168757804	1300.1953024612706	10.010690140048318
9560.0	0.2489196440586725	67.36225855498978	0.6094395168757804	1300.1953024612706	10.010690140048318
9570.0	0.22918811398196715	67.36225855498978	0.6094395168757804	1300.1953024612706	10.010690140048318
9580.0	0.21336756493069375	67.36225855498978	0.6094395168757804	1300.1953024612706	10.010690140048318
9590.0	0.2533857320683617	67.36225855498978	0.6094395168757804	1300.1953024612706	10.010690140048318
9600.0	0.2025429787377179	67.36225855498978	0.6094395168757804	1300.1953024612706	10.010690140048318
9610.0	0.20206356816040696	67.36225855498978	0.6094395168757804	1300.1953024612706	10.010690140048318
9620.0	0.20627733481361857	67.36225855498978	0.6094395168757804	1300.1953024612706	10.010690140048318
9630.0	0.2020131038891123	67.36225855498978	0.6094395168757804	1300.1953024612706	10.010690140048318
9640.0	0.16903470259722653	67.36225855498978	0.6094395168757804	1300.1953024612706	10.010690140048318
9650.0	0.19012876799892342	67.36225855498978	0.6094395168757804	1300.1953024612706	10.010690140048318
9660.0	0.18548605503969684	67.36225855498978	0.6094395168757804	1300.1953024612706	10.010690140048318
9670.0	0.18710091172116547	67.36225855498978	0.6094395168757804	1300.1953024612706	10.010690140048318
9680.0	0.16113704413941396	67.36225855498978	0.6094395168757804	1300.1953024612706	10.010690140048318
9690.0	0.1730213800296027	67.36225855498978	0.6094395168757804	1300.1953024612706	10.010690140048318
9700.0	0.18944750033642652	67.36225855498978	0.6094395168757804	1300.1953024612706	10.010690140048318
9710.0	0.18377026981563638	67.36225855498978	0.6094395168757804	1300.1953024612706	10.010690140048318
9720.0	0.16388734692504112	67.36225855498978	0.6094395168757804	1300.1953024612706	10.010690140048318
9730.0	0.20110474700578598	67.36225855498978	0.6094395168757804	1300.1953024612706	10.010690140048318
9740.0	0.19966651527385265	67.36225855498978	0.6094395168757804	1300.1953024612706	10.010690140048318
9750.0	0.19865722984793227	67.36225855498978	0.6094395168757804	1300.1953024612706	10.010690140048318
9760.0	0.20635303122056042	67.36225855498978	0.6094395168757804	1300.1953024612706	10.010690140048318
9770.0	0.21425068967837244	67.36225855498978	0.6094395168757804	1300.1953024612706	10.010690140048318
9780.0	0.21657204615798567	67.36225855498978	0.6094395168757804	1300.1953024612706	10.010690140048318
9790.0	0.2080435843089745	67.36225855498978	0.6094395168757804	1300.1953024612706	10.010690140048318
9800.0	0.19684051608127937	67.36225855498978	0.6094395168757804	1300.1953024612706	10.010690140048318
9810.0	0.18816066141838206	67.36225855498978	0.6094395168757804	1300.1953024612706	10.010690140048318
9820.0	0.19015400013457026	67.36225855498978	0.6094395168757804	1300.1953024612706	10.010690140048318
9830.0	0.18679812609339203	67.36225855498978	0.6094395168757804	1300.1953024612706	10.010690140048318
9840.0	0.18533466222580844	67.36225855498978	0.6094395168757804	1300.1953024612706	10.010690140048318
9850.0	0.20627733481361746	67.36225855498978	0.6094395168757804	1300.1953024612706	10.010690140048318
9860.0	0.17968266384066733	67.36225855498978	0.6094395168757804	1300.1953024612706	10.010690140048318
9870.0	0.21684959965011288	67.36225855498978	0.6094395168757804	1300.1953024612706	10.010690140048318
9880.0	0.2223502052213683	67.36225855498978	0.6094395168757804	1300.1953024612706	10.010690140048318
9890.0	0.21066772641636558	67.36225855498978	0.6094395168757804	1300.1953024612706	10.010690140048318
9900.0	0.18419921612165285	67.36225855498978	0.6094395168757804	1300.1953024612706	10.010690140048318
9910.0	0.16391257906069082	67.36225855498978	0.6094395168757804	1300.1953024612706	10.010690140048318
9920.0	0.15780640223388312	67.36225855498978	0.6094395168757804	1300.1953024612706	10.010690140048318
9930.0	0.16068286569775125	67.36225855498978	0.6094395168757804	1300.1953024612706	10.010690140048318
9940.0	0.15780640223388467	67.36225855498978	0.6094395168757804	1300.1953024612706	10.010690140048318
9950.0	0.17138129121248702	67.36225855498978	0.6094395168757804	1300.1953024612706	10.010690140048318
9960.0	0.16850482774861933	67.36225855498978	0.6094395168757804	1300.1953024612706	10.010690140048318
9970.0	0.1768062003767994	67.36225855498978	0.6094395168757804	1300.1953024612706	10.010690140048318
9980.0	0.1542991353788174	67.36225855498978	0.6094395168757804	1300.1953024612706	10.010690140048318
9990.0	0.17150745189072752	67.36225855498978	0.6094395168757804	1300.1953024612706	10.010690140048318
10000.0	0.16358456129726706	67.36225855498978	0.6094395168757804	1300.1953024612706	10.010690140048318
10010.0	0.18758032229847688	67.36225855498978	0.6094395168757804	1300.1953024612706	10.010690140048318
10020.0	0.17958173529807547	67.36225855498978	0.6094395168757804	1300.1953024612706	10.010690140048318
10030.0	0.1847795552415556	67.36225855498978	0.6094395168757804	1300.1953024612706	10.010690140048318
10040.0	0.18432537679989064	67.36225855498978	0.6094395168757804	1300.1953024612706	10.010690140048318
10050.0	0.1864701083299684	67.36225855498978	0.6094395168757804	1300.1953024612706	10.010690140048318
10060.0	0.18899332189476561	67.36225855498978	0.6094395168757804	1300.1953024612706	10.010690140048318
10070.0	0.17150745189072822	67.36225855498978	0.6094395168757804	1300.1953024612706	10.010690140048318
10080.0	0.18260959157583	67.36225855498978	0.6094395168757804	1300.1953024612706	10.010690140048318
10090.0	0.19103712488224878	67.36225855498978	0.6094395168757804	1300.1953024612706	10.010690140048318
10100.0	0.1870504474498705	67.36225855498978	0.6094395168757804	1300.1953024612706	10.010690140048318
10110.0	0.18074241353788292	67.36225855498978	0.6094395168757804	1300.1953024612706	10.010690140048318
10120.0	0.17705852173328032	67.36225855498978	0.6094395168757804	1300.1953024612706	10.010690140048318
10130.0	0.20690813820481715	67.36225855498978	0.6094395168757804	1300.1953024612706	10.010690140048318
10140.0	0.19348464204010157	67.36225855498978	0.6094395168757804	1300.1953024612706	10.010690140048318
10150.0	0.17766409298882868	67.36225855498978	0.6094395168757804	1300.1953024612706	10.010690140048318
10160.0	0.19250058874982856	67.36225855498978	0.6094395168757804	1300.1953024612706	10.010690140048318
10170.0	0.18546082290405044	67.36225855498978	0.6094395168757804	1300.1953024612706	10.010690140048318
10180.0	0.18765601870542176	67.36225855498978	0.6094395168757804	1300.1953024612706	10.010690140048318
10190.0	0.17922848539900252	67.36225855498978	0.6094395168757804	1300.1953024612706	10.010690140048318
10200.0	0.1876560187054212	67.36225855498978	0.6094395168757804	1300.1953024612706	10.010690140048318
10210.0	0.16499756089355233	67.36225855498978	0.6094395168757804	1300.1953024612706	10.010690140048318
10220.0	0.1588661519310981	67.36225855498978	0.6094395168757804	1300.1953024612706	10.010690140048318
10230.0	0.1574026880635163	67.36225855498978	0.6094395168757804	1300.1953024612706	10.010690140048318
10240.0	0.15750361660610834	67.36225855498978	0.6094395168757804	1300.1953024612706	10.010690140048318
10250.0	0.16535081079262273	67.36225855498978	0.6094395168757804	1300.1953024612706	10.010690140048318
10260.0	0.13769639012246032	67.36225855498978	0.6094395168757804	1300.1953024612706	10.010690140048318
10270.0	0.14965642241959226	67.36225855498978	0.6094395168757804	1300.1953024612706	10.010690140048318
10280.0	0.1497825830978321	67.36225855498978	0.6094395168757804	1300.1953024612706	10.010690140048318
10290.0	0.1770837538689257	67.36225855498978	0.6094395168757804	1300.1953024612706	10.010690140048318
10300.0	0.17832012851567688	67.36225855498978	0.6094395168757804	1300.1953024612706	10.010690140048318
10310.0	0.14592206634369306	67.36225855498978	0.6094395168757804	1300.1953024612706	10.010690140048318
10320.0	0.14627531624276482	67.36225855498978	0.6094395168757804	1300.1953024612706	10.010690140048318
10330.0	0.16749554232270017	67.36225855498978	0.6094395168757804	1300.1953024612706	10.010690140048318
10340.0	0.16638532835418943	67.36225855498978	0.6094395168757804	1300.1953024612706	10.010690140048318
10350.0	0.14435767393351961	67.36225855498978	0.6094395168757804	1300.1953024612706	10.010690140048318
10360.0	0.15212917171309284	67.36225855498978	0.6094395168757804	1300.1953024612706	10.010690140048318
10370.0	0.15576259924639876	67.36225855498978	0.6094395168757804	1300.1953024612706	10.010690140048318
10380.0	0.16880761337639533	67.36225855498978	0.6094395168757804	1300.1953024612706	10.010690140048318
10390.0	0.1513469755080057	67.36225855498978	0.6094395168757804	1300.1953024612706	10.010690140048318
10400.0	0.13936171107522374	67.36225855498978	0.6094395168757804	1300.1953024612706	10.010690140048318
10410.0	0.15482901022742449	67.36225855498978	0.6094395168757804	1300.1953024612706	10.010690140048318
10420.0	0.13918508612568772	67.36225855498978	0.6094395168757804	1300.1953024612706	10.010690140048318
10430.0	0.14650240546359664	67.36225855498978	0.6094395168757804	1300.1953024612706	10.010690140048318
10440.0	0.16514895370744195	67.36225855498978	0.6094395168757804	1300.1953024612706	10.010690140048318
10450.0	0.1604810086125672	67.36225855498978	0.6094395168757804	1300.1953024612706	10.010690140048318
10460.0	0.15745315233481347	67.36225855498978	0.6094395168757804	1300.1953024612706	10.010690140048318
10470.0	0.16812634571390028	67.36225855498978	0.6094395168757804	1300.1953024612706	10.010690140048318
10480.0	0.16714229242362988	67.36225855498978	0.6094395168757804	1300.1953024612706	10.010690140048318
10490.0	0.15485424236307282	67.36225855498978	0.6094395168757804	1300.1953024612706	10.010690140048318
10500.0	0.1654517393352169	67.36225855498978	0.6094395168757804	1300.1953024612706	10.010690140048318
10510.0	0.17622586125689652	67.36225855498978	0.6094395168757804	1300.1953024612706	10.010690140048318
10520.0	0.13666187256089218	67.36225855498978	0.6094395168757804	1300.1953024612706	10.010690140048318
10530.0	0.14029530009419944	67.36225855498978	0.6094395168757804	1300.1953024612706	10.010690140048318
10540.0	0.163862114789395	67.36225855498978	0.6094395168757804	1300.1953024612706	10.010690140048318
10550.0	0.18922041111559662	67.36225855498978	0.6094395168757804	1300.1953024612706	10.010690140048318
10560.0	0.16762170300094165	67.36225855498978	0.6094395168757804	1300.1953024612706	10.010690140048318
10570.0	0.16996829161620117	67.36225855498978	0.6094395168757804	1300.1953024612706	10.010690140048318
10580.0	0.14978258309783318	67.36225855498978	0.6094395168757804	1300.1953024612706	10.010690140048318
10590.0	0.13047999932714213	67.36225855498978	0.6094395168757804	1300.1953024612706	10.010690140048318
10600.0	0.12038714506795702	67.36225855498978	0.6094395168757804	1300.1953024612706	10.010690140048318
10610.0	0.13123696339658167	67.36225855498978	0.6094395168757804	1300.1953024612706	10.010690140048318
10620.0	0.1229860550396966	67.36225855498978	0.6094395168757804	1300.1953024612706	10.010690140048318
10630.0	0.14466045956129578	67.36225855498978	0.6094395168757804	1300.1953024612706	10.010690140048318
10640.0	0.13353308774054568	67.36225855498978	0.6094395168757804	1300.1953024612706	10.010690140048318
10650.0	0.10963825528192594	67.36225855498978	0.6094395168757804	1300.1953024612706	10.010690140048318
10660.0	0.11107648701385991	67.36225855498978	0.6094395168757804	1300.1953024612706	10.010690140048318
10670.0	0.1160219856008591	67.36225855498978	0.6094395168757804	1300.1953024612706	10.010690140048318
10680.0	0.10502077445834912	67.36225855498978	0.6094395168757804	1300.1953024612706	10.010690140048318
10690.0	0.1388570683622645	67.36225855498978	0.6094395168757804	1300.1953024612706	10.010690140048318
10700.0	0.16855529201991584	67.36225855498978	0.6094395168757804	1300.1953024612706	10.010690140048318
10710.0	0.15154883259318996	67.36225855498978	0.6094395168757804	1300.1953024612706	10.010690140048318
10720.0	0.1381001042928274	67.36225855498978	0.6094395168757804	1300.1953024612706	10.010690140048318
10730.0	0.13653571188265237	67.36225855498978	0.6094395168757804	1300.1953024612706	10.010690140048318
10740.0	0.1310351063113976	67.36225855498978	0.6094395168757804	1300.1953024612706	10.010690140048318
10750.0	0.12629146480958076	67.36225855498978	0.6094395168757804	1300.1953024612706	10.010690140048318
10760.0	0.13850381846319404	67.36225855498978	0.6094395168757804	1300.1953024612706	10.010690140048318
10770.0	0.16040531220562304	67.36225855498978	0.6094395168757804	1300.1953024612706	10.010690140048318
10780.0	0.1318677667877799	67.36225855498978	0.6094395168757804	1300.1953024612706	10.010690140048318
10790.0	0.12482800094199888	67.36225855498978	0.6094395168757804	1300.1953024612706	10.010690140048318
10800.0	0.15273474296864298	67.36225855498978	0.6094395168757804	1300.1953024612706	10.010690140048318
10810.0	0.15578783138204655	67.36225855498978	0.6094395168757804	1300.1953024612706	10.010690140048318
10820.0	0.16792448862871656	67.36225855498978	0.6094395168757804	1300.1953024612706	10.010690140048318
10830.0	0.13401249831785614	67.36225855498978	0.6094395168757804	1300.1953024612706	10.010690140048318
10840.0	0.13368448055443288	67.36225855498978	0.6094395168757804	1300.1953024612706	10.010690140048318
10850.0	0.14804156573812244	67.36225855498978	0.6094395168757804	1300.1953024612706	10.010690140048318
10860.0	0.14261665657381065	67.36225855498978	0.6094395168757804	1300.1953024612706	10.010690140048318
10870.0	0.1296978031220555	67.36225855498978	0.6094395168757804	1300.1953024612706	10.010690140048318
10880.0	0.1310098741757495	67.36225855498978	0.6094395168757804	1300.1953024612706	10.010690140048318
10890.0	0.1364347833400602	67.36225855498978	0.6094395168757804	1300.1953024612706	10.010690140048318
10900.0	0.138478586327545	67.36225855498978	0.6094395168757804	1300.1953024612706	10.010690140048318
10910.0	0.11841903848741682	67.36225855498978	0.6094395168757804	1300.1953024612706	10.010690140048318
10920.0	0.10262372157179138	67.36225855498978	0.6094395168757804	1300.1953024612706	10.010690140048318
10930.0	0.10706457744583392	67.36225855498978	0.6094395168757804	1300.1953024612706	10.010690140048318
10940.0	0.1264933218947638	67.36225855498978	0.6094395168757804	1300.1953024612706	10.010690140048318
10950.0	0.11978157381240542	67.36225855498978	0.6094395168757804	1300.1953024612706	10.010690140048318
10960.0	0.09038613578253023	67.36225855498978	0.6094395168757804	1300.1953024612706	10.010690140048318
10970.0	0.09775391939173587	67.36225855498978	0.6094395168757804	1300.1953024612706	10.010690140048318
10980.0	0.0841033340061893	67.36225855498978	0.6094395168757804	1300.1953024612706	10.010690140048318
10990.0	0.10542448862871562	67.36225855498978	0.6094395168757804	1300.1953024612706	10.010690140048318
11000.0	0.09058799286771489	67.36225855498978	0.6094395168757804	1300.1953024612706	10.010690140048318
11010.0	0.10799816646480857	67.36225855498978	0.6094395168757804	1300.1953024612706	10.010690140048318
11020.0	0.09906599044542982	67.36225855498978	0.6094395168757804	1300.1953024612706	10.010690140048318
11030.0	0.12679610752253886	67.36225855498978	0.6094395168757804	1300.1953024612706	10.010690140048318
11040.0	0.12911746400215118	67.36225855498978	0.6094395168757804	1300.1953024612706	10.010690140048318
11050.0	0.11978157381240515	67.36225855498978	0.6094395168757804	1300.1953024612706	10.010690140048318
11060.0	0.13063139214103	67.36225855498978	0.6094395168757804	1300.1953024612706	10.010690140048318
11070.0	0.13444144462387117	67.36225855498978	0.6094395168757804	1300.1953024612706	10.010690140048318
11080.0	0.12076562710267637	67.36225855498978	0.6094395168757804	1300.1953024612706	10.010690140048318
11090.0	0.12550926860449335	67.36225855498978	0.6094395168757804	1300.1953024612706	10.010690140048318
11100.0	0.12104318059480325	67.36225855498978	0.6094395168757804	1300.1953024612706	10.010690140048318
11110.0	0.14602299488628798	67.36225855498978	0.6094395168757804	1300.1953024612706	10.010690140048318
11120.0	0.15248242161216485	67.36225855498978	0.6094395168757804	1300.1953024612706	10.010690140048318
11130.0	0.1680254171713092	67.36225855498978	0.6094395168757804	1300.1953024612706	10.010690140048318
11140.0	0.14781447651729054	67.36225855498978	0.6094395168757804	1300.1953024612706	10.010690140048318
11150.0	0.13413865899609714	67.36225855498978	0.6094395168757804	1300.1953024612706	10.010690140048318
11160.0	0.13683849751042873	67.36225855498978	0.6094395168757804	1300.1953024612706	10.010690140048318
11170.0	0.12518125084107082	67.36225855498978	0.6094395168757804	1300.1953024612706	10.010690140048318
11180.0	0.12043760933925278	67.36225855498978	0.6094395168757804	1300.1953024612706	10.010690140048318
11190.0	0.12338976921006459	67.36225855498978	0.6094395168757804	1300.1953024612706	10.010690140048318
11200.0	0.11465945027586923	67.36225855498978	0.6094395168757804	1300.1953024612706	10.010690140048318
11210.0	0.140623317857621	67.36225855498978	0.6094395168757804	1300.1953024612706	10.010690140048318
11220.0	0.1359301406271018	67.36225855498978	0.6094395168757804	1300.1953024612706	10.010690140048318
11230.0	0.12248141232673716	67.36225855498978	0.6094395168757804	1300.1953024612706	10.010690140048318
11240.0	0.11372586125689563	67.36225855498978	0.6094395168757804	1300.1953024612706	10.010690140048318
11250.0	0.10696364890324205	67.36225855498978	0.6094395168757804	1300.1953024612706	10.010690140048318
11260.0	0.10524786367918004	67.36225855498978	0.6094395168757804	1300.1953024612706	10.010690140048318
11270.0	0.12046284147490123	67.36225855498978	0.6094395168757804	1300.1953024612706	10.010690140048318
11280.0	0.09533163436953215	67.36225855498978	0.6094395168757804	1300.1953024612706	10.010690140048318
11290.0	0.08511261943210777	67.36225855498978	0.6094395168757804	1300.1953024612706	10.010690140048318
11300.0	0.07953631745390852	67.36225855498978	0.6094395168757804	1300.1953024612706	10.010690140048318
11310.0	0.09058799286771475	67.36225855498978	0.6094395168757804	1300.1953024612706	10.010690140048318
11320.0	0.09641661620239371	67.36225855498978	0.6094395168757804	1300.1953024612706	10.010690140048318
11330.0	0.11352400417171125	67.36225855498978	0.6094395168757804	1300.1953024612706	10.010690140048318
11340.0	0.09124402839456121	67.36225855498978	0.6094395168757804	1300.1953024612706	10.010690140048318
11350.0	0.10194245390929778	67.36225855498978	0.6094395168757804	1300.1953024612706	10.010690140048318
11360.0	0.10590389920602723	67.36225855498978	0.6094395168757804	1300.1953024612706	10.010690140048318
11370.0	0.11089986206432437	67.36225855498978	0.6094395168757804	1300.1953024612706	10.010690140048318
11380.0	0.1264176254878198	67.36225855498978	0.6094395168757804	1300.1953024612706	10.010690140048318
11390.0	0.12810817857623455	67.36225855498978	0.6094395168757804	1300.1953024612706	10.010690140048318
11400.0	0.12813341071188203	67.36225855498978	0.6094395168757804	1300.1953024612706	10.010690140048318
11410.0	0.12939501749427934	67.36225855498978	0.6094395168757804	1300.1953024612706	10.010690140048318
11420.0	0.12629146480958023	67.36225855498978	0.6094395168757804	1300.1953024612706	10.010690140048318
11430.0	0.13873090768402513	67.36225855498978	0.6094395168757804	1300.1953024612706	10.010690140048318
11440.0	0.12621576840263707	67.36225855498978	0.6094395168757804	1300.1953024612706	10.010690140048318
11450.0	0.12641762548781968	67.36225855498978	0.6094395168757804	1300.1953024612706	10.010690140048318
11460.0	0.10724120239536956	67.36225855498978	0.6094395168757804	1300.1953024612706	10.010690140048318
11470.0	0.12788108935540146	67.36225855498978	0.6094395168757804	1300.1953024612706	10.010690140048318
11480.0	0.12866328556048912	67.36225855498978	0.6094395168757804	1300.1953024612706	10.010690140048318
11490.0	0.10817479141434343	67.36225855498978	0.6094395168757804	1300.1953024612706	10.010690140048318
11500.0	0.10315359642039948	67.36225855498978	0.6094395168757804	1300.1953024612706	10.010690140048318
11510.0	0.11175775467635306	67.36225855498978	0.6094395168757804	1300.1953024612706	10.010690140048318
11520.0	0.11082416565737968	67.36225855498978	0.6094395168757804	1300.1953024612706	10.010690140048318
11530.0	0.11836857421611942	67.36225855498978	0.6094395168757804	1300.1953024612706	10.010690140048318
11540.0	0.10878036266989419	67.36225855498978	0.6094395168757804	1300.1953024612706	10.010690140048318
11550.0	0.10668609541111444	67.36225855498978	0.6094395168757804	1300.1953024612706	10.010690140048318
11560.0	0.08173151325528002	67.36225855498978	0.6094395168757804	1300.1953024612706	10.010690140048318
11570.0	0.08584435136589855	67.36225855498978	0.6094395168757804	1300.1953024612706	10.010690140048318
11580.0	0.09444850962185279	67.36225855498978	0.6094395168757804	1300.1953024612706	10.010690140048318
11590.0	0.09482699165657199	67.36225855498978	0.6094395168757804	1300.1953024612706	10.010690140048318
11600.0	0.08771152940384706	67.36225855498978	0.6094395168757804	1300.1953024612706	10.010690140048318
11610.0	0.09583627708249058	67.36225855498978	0.6094395168757804	1300.1953024612706	10.010690140048318
11620.0	0.10042852577042041	67.36225855498978	0.6094395168757804	1300.1953024612706	10.010690140048318
11630.0	0.10673655968240994	67.36225855498978	0.6094395168757804	1300.1953024612706	10.010690140048318
11640.0	0.0980819371551594	67.36225855498978	0.6094395168757804	1300.1953024612706	10.010690140048318
11650.0	0.10363300699771152	67.36225855498978	0.6094395168757804	1300.1953024612706	10.010690140048318
11660.0	0.10302743574215892	67.36225855498978	0.6094395168757804	1300.1953024612706	10.010690140048318
11670.0	0.10729166666666504	67.36225855498978	0.6094395168757804	1300.1953024612706	10.010690140048318
11680.0	0.10025190082088391	67.36225855498978	0.6094395168757804	1300.1953024612706	10.010690140048318
11690.0	0.10676179181805691	67.36225855498978	0.6094395168757804	1300.1953024612706	10.010690140048318
11700.0	0.10171536468846618	67.36225855498978	0.6094395168757804	1300.1953024612706	10.010690140048318
11710.0	0.10645900619028274	67.36225855498978	0.6094395168757804	1300.1953024612706	10.010690140048318
11720.0	0.09911645471672592	67.36225855498978	0.6094395168757804	1300.1953024612706	10.010690140048318
11730.0	0.104869381644461	67.36225855498978	0.6094395168757804	1300.1953024612706	10.010690140048318
11740.0	0.10681225608935363	67.36225855498978	0.6094395168757804	1300.1953024612706	10.010690140048318
11750.0	0.10978964809581347	67.36225855498978	0.6094395168757804	1300.1953024612706	10.010690140048318
11760.0	0.1072916666666644	67.36225855498978	0.6094395168757804	1300.1953024612706	10.010690140048318
11770.0	0.12563542928273275	67.36225855498978	0.6094395168757804	1300.1953024612706	10.010690140048318
11780.0	0.09543256291212347	67.36225855498978	0.6094395168757804	1300.1953024612706	10.010690140048318
11790.0	0.1080738628717517	67.36225855498978	0.6094395168757804	1300.1953024612706	10.010690140048318
11800.0	0.11236332593190551	67.36225855498978	0.6094395168757804	1300.1953024612706	10.010690140048318
11810.0	0.12889037478131973	67.36225855498978	0.6094395168757804	1300.1953024612706	10.010690140048318
11820.0	0.09727450881442476	67.36225855498978	0.6094395168757804	1300.1953024612706	10.010690140048318
11830.0	0.10232093594401694	67.36225855498978	0.6094395168757804	1300.1953024612706	10.010690140048318
11840.0	0.10544972076436439	67.36225855498978	0.6094395168757804	1300.1953024612706	10.010690140048318
11850.0	0.10055468644865946	67.36225855498978	0.6094395168757804	1300.1953024612706	10.010690140048318
11860.0	0.08844326133763807	67.36225855498978	0.6094395168757804	1300.1953024612706	10.010690140048318
11870.0	0.1100419694522934	67.36225855498978	0.6094395168757804	1300.1953024612706	10.010690140048318
11880.0	0.10527309581482779	67.36225855498978	0.6094395168757804	1300.1953024612706	10.010690140048318
11890.0	0.11329691495088015	67.36225855498978	0.6094395168757804	1300.1953024612706	10.010690140048318
11900.0	0.09492792019916453	67.36225855498978	0.6094395168757804	1300.1953024612706	10.010690140048318
11910.0	0.08241278091777593	67.36225855498978	0.6094395168757804	1300.1953024612706	10.010690140048318
11920.0	0.08564249428071376	67.36225855498978	0.6094395168757804	1300.1953024612706	10.010690140048318
11930.0	0.08571819068765839	67.36225855498978	0.6094395168757804	1300.1953024612706	10.010690140048318
11940.0	0.0801166565738105	67.36225855498978	0.6094395168757804	1300.1953024612706	10.010690140048318
11950.0	0.08703026174135264	67.36225855498978	0.6094395168757804	1300.1953024612706	10.010690140048318
11960.0	0.06654176759520745	67.36225855498978	0.6094395168757804	1300.1953024612706	10.010690140048318
11970.0	0.07448989032431504	67.36225855498978	0.6094395168757804	1300.1953024612706	10.010690140048318
11980.0	0.0672230352577026	67.36225855498978	0.6094395168757804	1300.1953024612706	10.010690140048318
11990.0	0.08443135176961218	67.36225855498978	0.6094395168757804	1300.1953024612706	10.010690140048318
12000.0	0.07804762145067766	67.36225855498978	0.6094395168757804	1300.1953024612706	10.010690140048318
12010.0	0.08147919189880168	67.36225855498978	0.6094395168757804	1300.1953024612706	10.010690140048318
12020.0	0.09694649105100148	67.36225855498978	0.6094395168757804	1300.1953024612706	10.010690140048318
12030.0	0.0918748317857595	67.36225855498978	0.6094395168757804	1300.1953024612706	10.010690140048318
12040.0	0.09025997510429173	67.36225855498978	0.6094395168757804	1300.1953024612706	10.010690140048318
12050.0	0.08062129928677013	67.36225855498978	0.6094395168757804	1300.1953024612706	10.010690140048318
12060.0	0.10179106109540896	67.36225855498978	0.6094395168757804	1300.1953024612706	10.010690140048318
12070.0	0.1074682916162012	67.36225855498978	0.6094395168757804	1300.1953024612706	10.010690140048318
12080.0	0.09964632956533297	67.36225855498978	0.6094395168757804	1300.1953024612706	10.010690140048318
12090.0	0.09028520723993975	67.36225855498978	0.6094395168757804	1300.1953024612706	10.010690140048318
12100.0	0.19313139214103067	67.36225855498978	0.6094395168757804	1300.1953024612706	10.010690140048318
12110.0	0.34790531220562515	67.36225855498978	0.6094395168757804	1300.1953024612706	10.010690140048318
12120.0	0.2907797570986386	67.36225855498978	0.6094395168757804	1300.1953024612706	10.010690140048318
12130.0	0.2308029706634373	67.36225855498978	0.6094395168757804	1300.1953024612706	10.010690140048318
12140.0	0.18735323307764531	67.36225855498978	0.6094395168757804	1300.1953024612706	10.010690140048318
12150.0	0.16850482774862002	67.36225855498978	0.6094395168757804	1300.1953024612706	10.010690140048318
12160.0	0.16260050800699719	67.36225855498978	0.6094395168757804	1300.1953024612706	10.010690140048318
12170.0	0.15735222379222022	67.36225855498978	0.6094395168757804	1300.1953024612706	10.010690140048318
12180.0	0.12149735903646819	67.36225855498978	0.6094395168757804	1300.1953024612706	10.010690140048318
12190.0	0.11920123469250382	67.36225855498978	0.6094395168757804	1300.1953024612706	10.010690140048318
12200.0	0.09664370542322505	67.36225855498978	0.6094395168757804	1300.1953024612706	10.010690140048318
12210.0	0.08867035055846914	67.36225855498978	0.6094395168757804	1300.1953024612706	10.010690140048318
12220.0	0.09212715314224017	67.36225855498978	0.6094395168757804	1300.1953024612706	10.010690140048318
12230.0	0.08173151325528083	67.36225855498978	0.6094395168757804	1300.1953024612706	10.010690140048318
12240.0	0.0764832290405049	67.36225855498978	0.6094395168757804	1300.1953024612706	10.010690140048318
12250.0	0.10401148903243122	67.36225855498978	0.6094395168757804	1300.1953024612706	10.010690140048318
12260.0	0.07234515879423871	67.36225855498978	0.6094395168757804	1300.1953024612706	10.010690140048318
12270.0	0.07529731866505057	67.36225855498978	0.6094395168757804	1300.1953024612706	10.010690140048318
12280.0	0.06666792827344832	67.36225855498978	0.6094395168757804	1300.1953024612706	10.010690140048318
12290.0	0.07272364082895871	67.36225855498978	0.6094395168757804	1300.1953024612706	10.010690140048318
12300.0	0.06868649912528393	67.36225855498978	0.6094395168757804	1300.1953024612706	10.010690140048318
12310.0	0.065406321491049	67.36225855498978	0.6094395168757804	1300.1953024612706	10.010690140048318
12320.0	0.05753389516888516	67.36225855498978	0.6094395168757804	1300.1953024612706	10.010690140048318
12330.0	0.08168104898398518	67.36225855498978	0.6094395168757804	1300.1953024612706	10.010690140048318
12340.0	0.08925068967837282	67.36225855498978	0.6094395168757804	1300.1953024612706	10.010690140048318
12350.0	0.09260656371955127	67.36225855498978	0.6094395168757804	1300.1953024612706	10.010690140048318
12360.0	0.0725722480150702	67.36225855498978	0.6094395168757804	1300.1953024612706	10.010690140048318
12370.0	0.0850621551608112	67.36225855498978	0.6094395168757804	1300.1953024612706	10.010690140048318
12380.0	0.08024281725205064	67.36225855498978	0.6094395168757804	1300.1953024612706	10.010690140048318
12390.0	0.0997724902435736	67.36225855498978	0.6094395168757804	1300.1953024612706	10.010690140048318
12400.0	0.101437811196338	67.36225855498978	0.6094395168757804	1300.1953024612706	10.010690140048318
12410.0	0.10618145269815359	67.36225855498978	0.6094395168757804	1300.1953024612706	10.010690140048318
12420.0	0.10423857825326258	67.36225855498978	0.6094395168757804	1300.1953024612706	10.010690140048318
12430.0	0.11221193311801797	67.36225855498978	0.6094395168757804	1300.1953024612706	10.010690140048318
12440.0	0.11072323711478745	67.36225855498978	0.6094395168757804	1300.1953024612706	10.010690140048318
12450.0	0.11597152132956409	67.36225855498978	0.6094395168757804	1300.1953024612706	10.010690140048318
12460.0	0.12394487619431957	67.36225855498978	0.6094395168757804	1300.1953024612706	10.010690140048318
12470.0	0.10428904252455769	67.36225855498978	0.6094395168757804	1300.1953024612706	10.010690140048318
12480.0	0.10285081079262405	67.36225855498978	0.6094395168757804	1300.1953024612706	10.010690140048318
12490.0	0.10401148903242971	67.36225855498978	0.6094395168757804	1300.1953024612706	10.010690140048318
12500.0	0.09041136791817847	67.36225855498978	0.6094395168757804	1300.1953024612706	10.010690140048318
12510.0	0.0926570279908472	67.36225855498978	0.6094395168757804	1300.1953024612706	10.010690140048318
12520.0	0.08725735096218354	67.36225855498978	0.6094395168757804	1300.1953024612706	10.010690140048318
12530.0	0.0833968342080461	67.36225855498978	0.6094395168757804	1300.1953024612706	10.010690140048318
12540.0	0.07295073004979065	67.36225855498978	0.6094395168757804	1300.1953024612706	10.010690140048318
12550.0	0.06641560691696792	67.36225855498978	0.6094395168757804	1300.1953024612706	10.010690140048318
12560.0	0.06646607118826388	67.36225855498978	0.6094395168757804	1300.1953024612706	10.010690140048318
12570.0	0.07956154958955608	67.36225855498978	0.6094395168757804	1300.1953024612706	10.010690140048318
12580.0	0.07739158592383084	67.36225855498978	0.6094395168757804	1300.1953024612706	10.010690140048318
12590.0	0.06321112568967703	67.36225855498978	0.6094395168757804	1300.1953024612706	10.010690140048318
12600.0	0.07522162225810602	67.36225855498978	0.6094395168757804	1300.1953024612706	10.010690140048318
12610.0	0.07181528394563126	67.36225855498978	0.6094395168757804	1300.1953024612706	10.010690140048318
12620.0	0.06962008814425918	67.36225855498978	0.6094395168757804	1300.1953024612706	10.010690140048318
12630.0	0.08052037074417831	67.36225855498978	0.6094395168757804	1300.1953024612706	10.010690140048318
12640.0	0.07360676557663748	67.36225855498978	0.6094395168757804	1300.1953024612706	10.010690140048318
12650.0	0.08639945835015304	67.36225855498978	0.6094395168757804	1300.1953024612706	10.010690140048318
12660.0	0.06495214304938611	67.36225855498978	0.6094395168757804	1300.1953024612706	10.010690140048318
12670.0	0.0696957845512031	67.36225855498978	0.6094395168757804	1300.1953024612706	10.010690140048318
12680.0	0.07062937357017764	67.36225855498978	0.6094395168757804	1300.1953024612706	10.010690140048318
12690.0	0.0747169795451476	67.36225855498978	0.6094395168757804	1300.1953024612706	10.010690140048318
12700.0	0.08586958350154596	67.36225855498978	0.6094395168757804	1300.1953024612706	10.010690140048318
12710.0	0.10292650719956692	67.36225855498978	0.6094395168757804	1300.1953024612706	10.010690140048318
12720.0	0.10116025770420992	67.36225855498978	0.6094395168757804	1300.1953024612706	10.010690140048318
12730.0	0.1071150417171294	67.36225855498978	0.6094395168757804	1300.1953024612706	10.010690140048318
12740.0	0.10358254272641484	67.36225855498978	0.6094395168757804	1300.1953024612706	10.010690140048318
12750.0	0.1160976820078042	67.36225855498978	0.6094395168757804	1300.1953024612706	10.010690140048318
12760.0	0.10923454111155809	67.36225855498978	0.6094395168757804	1300.1953024612706	10.010690140048318
12770.0	0.09974725810792423	67.36225855498978	0.6094395168757804	1300.1953024612706	10.010690140048318
12780.0	0.07428803323913105	67.36225855498978	0.6094395168757804	1300.1953024612706	10.010690140048318
12790.0	0.09230377809177628	67.36225855498978	0.6094395168757804	1300.1953024612706	10.010690140048318
12800.0	0.1025227930292	67.36225855498978	0.6094395168757804	1300.1953024612706	10.010690140048318
12810.0	0.10615622056250693	67.36225855498978	0.6094395168757804	1300.1953024612706	10.010690140048318
12820.0	0.08980579666262738	67.36225855498978	0.6094395168757804	1300.1953024612706	10.010690140048318
12830.0	0.090411367918179	67.36225855498978	0.6094395168757804	1300.1953024612706	10.010690140048318
12840.0	0.07181528394563144	67.36225855498978	0.6094395168757804	1300.1953024612706	10.010690140048318
12850.0	0.07143680191091285	67.36225855498978	0.6094395168757804	1300.1953024612706	10.010690140048318
12860.0	0.06868649912528421	67.36225855498978	0.6094395168757804	1300.1953024612706	10.010690140048318
12870.0	0.0812521026779696	67.36225855498978	0.6094395168757804	1300.1953024612706	10.010690140048318
12880.0	0.0715124983178566	67.36225855498978	0.6094395168757804	1300.1953024612706	10.010690140048318
12890.0	0.06633991051002457	67.36225855498978	0.6094395168757804	1300.1953024612706	10.010690140048318
12900.0	0.06247939375588613	67.36225855498978	0.6094395168757804	1300.1953024612706	10.010690140048318
12910.0	0.06404378616605938	67.36225855498978	0.6094395168757804	1300.1953024612706	10.010690140048318
12920.0	0.06936776678777956	67.36225855498978	0.6094395168757804	1300.1953024612706	10.010690140048318
12930.0	0.07287503364284618	67.36225855498978	0.6094395168757804	1300.1953024612706	10.010690140048318
12940.0	0.06843417776880455	67.36225855498978	0.6094395168757804	1300.1953024612706	10.010690140048318
12950.0	0.0647250538285543	67.36225855498978	0.6094395168757804	1300.1953024612706	10.010690140048318
12960.0	0.06358960772439627	67.36225855498978	0.6094395168757804	1300.1953024612706	10.010690140048318
12970.0	0.07120971269008064	67.36225855498978	0.6094395168757804	1300.1953024612706	10.010690140048318
12980.0	0.09260656371955209	67.36225855498978	0.6094395168757804	1300.1953024612706	10.010690140048318
12990.0	0.07549917575023436	67.36225855498978	0.6094395168757804	1300.1953024612706	10.010690140048318
13000.0	0.07923353182613192	67.36225855498978	0.6094395168757804	1300.1953024612706	10.010690140048318
13010.0	0.07837563921410332	67.36225855498978	0.6094395168757804	1300.1953024612706	10.010690140048318
13020.0	0.07736635378818234	67.36225855498978	0.6094395168757804	1300.1953024612706	10.010690140048318
13030.0	0.09608859843897116	67.36225855498978	0.6094395168757804	1300.1953024612706	10.010690140048318
13040.0	0.09651754474498517	67.36225855498978	0.6094395168757804	1300.1953024612706	10.010690140048318
13050.0	0.1054749529000124	67.36225855498978	0.6094395168757804	1300.1953024612706	10.010690140048318
13060.0	0.08059606715112294	67.36225855498978	0.6094395168757804	1300.1953024612706	10.010690140048318
13070.0	0.08738351164042346	67.36225855498978	0.6094395168757804	1300.1953024612706	10.010690140048318
13080.0	0.09793054434127108	67.36225855498978	0.6094395168757804	1300.1953024612706	10.010690140048318
13090.0	0.08983102879827584	67.36225855498978	0.6094395168757804	1300.1953024612706	10.010690140048318
13100.0	0.08879651123670979	67.36225855498978	0.6094395168757804	1300.1953024612706	10.010690140048318
13110.0	0.09248040304131137	67.36225855498978	0.6094395168757804	1300.1953024612706	10.010690140048318
13120.0	0.07320305140626986	67.36225855498978	0.6094395168757804	1300.1953024612706	10.010690140048318
13130.0	0.06876219553222838	67.36225855498978	0.6094395168757804	1300.1953024612706	10.010690140048318
13140.0	0.05753389516888563	67.36225855498978	0.6094395168757804	1300.1953024612706	10.010690140048318
13150.0	0.06719780312205502	67.36225855498978	0.6094395168757804	1300.1953024612706	10.010690140048318
13160.0	0.08180720966222381	67.36225855498978	0.6094395168757804	1300.1953024612706	10.010690140048318
13170.0	0.07797192504373417	67.36225855498978	0.6094395168757804	1300.1953024612706	10.010690140048318
13180.0	0.06202521531422265	67.36225855498978	0.6094395168757804	1300.1953024612706	10.010690140048318
13190.0	0.07088169492665707	67.36225855498978	0.6094395168757804	1300.1953024612706	10.010690140048318
13200.0	0.05924968039294704	67.36225855498978	0.6094395168757804	1300.1953024612706	10.010690140048318
13210.0	0.07809808572197419	67.36225855498978	0.6094395168757804	1300.1953024612706	10.010690140048318
13220.0	0.06263078656977393	67.36225855498978	0.6094395168757804	1300.1953024612706	10.010690140048318
13230.0	0.059804787377201366	67.36225855498978	0.6094395168757804	1300.1953024612706	10.010690140048318
13240.0	0.06782860651325326	67.36225855498978	0.6094395168757804	1300.1953024612706	10.010690140048318
13250.0	0.08581911923024987	67.36225855498978	0.6094395168757804	1300.1953024612706	10.010690140048318
13260.0	0.09212715314224075	67.36225855498978	0.6094395168757804	1300.1953024612706	10.010690140048318
13270.0	0.0975520623065508	67.36225855498978	0.6094395168757804	1300.1953024612706	10.010690140048318
13280.0	0.08872081482976636	67.36225855498978	0.6094395168757804	1300.1953024612706	10.010690140048318
13290.0	0.07580196137800888	67.36225855498978	0.6094395168757804	1300.1953024612706	10.010690140048318
13300.0	0.0700742665859225	67.36225855498978	0.6094395168757804	1300.1953024612706	10.010690140048318
13310.0	0.1056768099851962	67.36225855498978	0.6094395168757804	1300.1953024612706	10.010690140048318
13320.0	0.11435666464809381	67.36225855498978	0.6094395168757804	1300.1953024612706	10.010690140048318
13330.0	0.1060552920199152	67.36225855498978	0.6094395168757804	1300.1953024612706	10.010690140048318
13340.0	0.08420426254878051	67.36225855498978	0.6094395168757804	1300.1953024612706	10.010690140048318
13350.0	0.08175674539092753	67.36225855498978	0.6094395168757804	1300.1953024612706	10.010690140048318
13360.0	0.06979671309379464	67.36225855498978	0.6094395168757804	1300.1953024612706	10.010690140048318
13370.0	0.07448989032431565	67.36225855498978	0.6094395168757804	1300.1953024612706	10.010690140048318
13380.0	0.07920829969048412	67.36225855498978	0.6094395168757804	1300.1953024612706	10.010690140048318
13390.0	0.07789622863679044	67.36225855498978	0.6094395168757804	1300.1953024612706	10.010690140048318
13400.0	0.0997472581079251	67.36225855498978	0.6094395168757804	1300.1953024612706	10.010690140048318
13410.0	0.1011350255685624	67.36225855498978	0.6094395168757804	1300.1953024612706	10.010690140048318
13420.0	0.09639138406674434	67.36225855498978	0.6094395168757804	1300.1953024612706	10.010690140048318
13430.0	0.0960633663033226	67.36225855498978	0.6094395168757804	1300.1953024612706	10.010690140048318
13440.0	0.08036897793029041	67.36225855498978	0.6094395168757804	1300.1953024612706	10.010690140048318
13450.0	0.05718064526981397	67.36225855498978	0.6094395168757804	1300.1953024612706	10.010690140048318
13460.0	0.06240369734894151	67.36225855498978	0.6094395168757804	1300.1953024612706	10.010690140048318
13470.0	0.0848098338043315	67.36225855498978	0.6094395168757804	1300.1953024612706	10.010690140048318
13480.0	0.07633183622661646	67.36225855498978	0.6094395168757804	1300.1953024612706	10.010690140048318
13490.0	0.06787907078454916	67.36225855498978	0.6094395168757804	1300.1953024612706	10.010690140048318
13500.0	0.05569194926658415	67.36225855498978	0.6094395168757804	1300.1953024612706	10.010690140048318
13510.0	0.07459081886690634	67.36225855498978	0.6094395168757804	1300.1953024612706	10.010690140048318
13520.0	0.0587955019512832	67.36225855498978	0.6094395168757804	1300.1953024612706	10.010690140048318
13530.0	0.075574872157178	67.36225855498978	0.6094395168757804	1300.1953024612706	10.010690140048318
13540.0	0.06530539294845718	67.36225855498978	0.6094395168757804	1300.1953024612706	10.010690140048318
13550.0	0.2251005080069955	67.36225855498978	0.6094395168757804	1300.1953024612706	10.010690140048318
13560.0	0.2877771329565326	67.36225855498978	0.6094395168757804	1300.1953024612706	10.010690140048318
13570.0	0.2227034551204398	67.36225855498978	0.6094395168757804	1300.1953024612706	10.010690140048318
13580.0	0.13242287377203532	67.36225855498978	0.6094395168757804	1300.1953024612706	10.010690140048318
13590.0	0.11897414547167064	67.36225855498978	0.6094395168757804	1300.1953024612706	10.010690140048318
13600.0	0.10459182815233319	67.36225855498978	0.6094395168757804	1300.1953024612706	10.010690140048318
13610.0	0.09449897389314861	67.36225855498978	0.6094395168757804	1300.1953024612706	10.010690140048318
13620.0	0.08677794038487277	67.36225855498978	0.6094395168757804	1300.1953024612706	10.010690140048318
13630.0	0.09399433118019	67.36225855498978	0.6094395168757804	1300.1953024612706	10.010690140048318
13640.0	0.09399433118018995	67.36225855498978	0.6094395168757804	1300.1953024612706	10.010690140048318
13650.0	0.08422949468442868	67.36225855498978	0.6094395168757804	1300.1953024612706	10.010690140048318
13660.0	0.06780337437760621	67.36225855498978	0.6094395168757804	1300.1953024612706	10.010690140048318
13670.0	0.08034374579464282	67.36225855498978	0.6094395168757804	1300.1953024612706	10.010690140048318
13680.0	0.08208476315435173	67.36225855498978	0.6094395168757804	1300.1953024612706	10.010690140048318
13690.0	0.09497838447046052	67.36225855498978	0.6094395168757804	1300.1953024612706	10.010690140048318
13700.0	0.10464229242362982	67.36225855498978	0.6094395168757804	1300.1953024612706	10.010690140048318
13710.0	0.09904075830978216	67.36225855498978	0.6094395168757804	1300.1953024612706	10.010690140048318
13720.0	0.07999049589557132	67.36225855498978	0.6094395168757804	1300.1953024612706	10.010690140048318
13730.0	0.10885605907683889	67.36225855498978	0.6094395168757804	1300.1953024612706	10.010690140048318
13740.0	0.09871274054635854	67.36225855498978	0.6094395168757804	1300.1953024612706	10.010690140048318
13750.0	0.10267418584308866	67.36225855498978	0.6094395168757804	1300.1953024612706	10.010690140048318
13760.0	0.08571819068765775	67.36225855498978	0.6094395168757804	1300.1953024612706	10.010690140048318
13770.0	0.08725735096218352	67.36225855498978	0.6094395168757804	1300.1953024612706	10.010690140048318
13780.0	0.09560918786165935	67.36225855498978	0.6094395168757804	1300.1953024612706	10.010690140048318
13790.0	0.0769878717534632	67.36225855498978	0.6094395168757804	1300.1953024612706	10.010690140048318
13800.0	0.07103308774054448	67.36225855498978	0.6094395168757804	1300.1953024612706	10.010690140048318
13810.0	0.07963724599650054	67.36225855498978	0.6094395168757804	1300.1953024612706	10.010690140048318
13820.0	0.0732282835419177	67.36225855498978	0.6094395168757804	1300.1953024612706	10.010690140048318
13830.0	0.06131871551607998	67.36225855498978	0.6094395168757804	1300.1953024612706	10.010690140048318
13840.0	0.06288310792625361	67.36225855498978	0.6094395168757804	1300.1953024612706	10.010690140048318
13850.0	0.05473312811196181	67.36225855498978	0.6094395168757804	1300.1953024612706	10.010690140048318
13860.0	0.06406901830170718	67.36225855498978	0.6094395168757804	1300.1953024612706	10.010690140048318
13870.0	0.05975432310590598	67.36225855498978	0.6094395168757804	1300.1953024612706	10.010690140048318
13880.0	0.05980478737720178	67.36225855498978	0.6094395168757804	1300.1953024612706	10.010690140048318
13890.0	0.06480075023549842	67.36225855498978	0.6094395168757804	1300.1953024612706	10.010690140048318
13900.0	0.055212538689272964	67.36225855498978	0.6094395168757804	1300.1953024612706	10.010690140048318
13910.0	0.06676885681603928	67.36225855498978	0.6094395168757804	1300.1953024612706	10.010690140048318
13920.0	0.07554964002152977	67.36225855498978	0.6094395168757804	1300.1953024612706	10.010690140048318
13930.0	0.0785270320279896	67.36225855498978	0.6094395168757804	1300.1953024612706	10.010690140048318
13940.0	0.06770244583501354	67.36225855498978	0.6094395168757804	1300.1953024612706	10.010690140048318
13950.0	0.05877026981563602	67.36225855498978	0.6094395168757804	1300.1953024612706	10.010690140048318
13960.0	0.0728498015071975	67.36225855498978	0.6094395168757804	1300.1953024612706	10.010690140048318
13970.0	0.10608052415556275	67.36225855498978	0.6094395168757804	1300.1953024612706	10.010690140048318
13980.0	0.09084031422419489	67.36225855498978	0.6094395168757804	1300.1953024612706	10.010690140048318
13990.0	0.0885441898802289	67.36225855498978	0.6094395168757804	1300.1953024612706	10.010690140048318
14000.0	0.07875412124882099	67.36225855498978	0.6094395168757804	1300.1953024612706	10.010690140048318
14010.0	0.09232901022742443	67.36225855498978	0.6094395168757804	1300.1953024612706	10.010690140048318
14020.0	0.08889743977930169	67.36225855498978	0.6094395168757804	1300.1953024612706	10.010690140048318
14030.0	0.09273272439779175	67.36225855498978	0.6094395168757804	1300.1953024612706	10.010690140048318
14040.0	0.07507022944421872	67.36225855498978	0.6094395168757804	1300.1953024612706	10.010690140048318
14050.0	0.08657608329968952	67.36225855498978	0.6094395168757804	1300.1953024612706	10.010690140048318
14060.0	0.08932638608531682	67.36225855498978	0.6094395168757804	1300.1953024612706	10.010690140048318
14070.0	0.0918748317857616	67.36225855498978	0.6094395168757804	1300.1953024612706	10.010690140048318
14080.0	0.08967963598438891	67.36225855498978	0.6094395168757804	1300.1953024612706	10.010690140048318
14090.0	0.0924299387700157	67.36225855498978	0.6094395168757804	1300.1953024612706	10.010690140048318
14100.0	0.09245517090566407	67.36225855498978	0.6094395168757804	1300.1953024612706	10.010690140048318
14110.0	0.06464935742161068	67.36225855498978	0.6094395168757804	1300.1953024612706	10.010690140048318
14120.0	0.05808900215314077	67.36225855498978	0.6094395168757804	1300.1953024612706	10.010690140048318
14130.0	0.06212614385681489	67.36225855498978	0.6094395168757804	1300.1953024612706	10.010690140048318
14140.0	0.0638166969452281	67.36225855498978	0.6094395168757804	1300.1953024612706	10.010690140048318
14150.0	0.06293357219754898	67.36225855498978	0.6094395168757804	1300.1953024612706	10.010690140048318
14160.0	0.05740773449064521	67.36225855498978	0.6094395168757804	1300.1953024612706	10.010690140048318
14170.0	0.06003187659803373	67.36225855498978	0.6094395168757804	1300.1953024612706	10.010690140048318
14180.0	0.05569194926658425	67.36225855498978	0.6094395168757804	1300.1953024612706	10.010690140048318
14190.0	0.05084737922217569	67.36225855498978	0.6094395168757804	1300.1953024612706	10.010690140048318
14200.0	0.05453127102677811	67.36225855498978	0.6094395168757804	1300.1953024612706	10.010690140048318
14210.0	0.0644222682007784	67.36225855498978	0.6094395168757804	1300.1953024612706	10.010690140048318
14220.0	0.06464935742161033	67.36225855498978	0.6094395168757804	1300.1953024612706	10.010690140048318
14230.0	0.05524744314358595	67.36225855498978	0.6094395168757804	1300.1953024612706	10.010690140048318
14240.0	-0.00776098438971797	67.36225855498978	0.6094395168757804	1300.1953024612706	10.010690140048318
14250.0	0.0038340230117076372	67.36225855498978	0.6094395168757804	1300.1953024612706	10.010690140048318
14260.0	0.0026704010227422124	67.36225855498978	0.6094395168757804	1300.1953024612706	10.010690140048318
14270.0	0.002212858296325809	67.36225855498978	0.6094395168757804	1300.1953024612706	10.010690140048318
14280.0	0.0011421746736640982	67.36225855498978	0.6094395168757804	1300.1953024612706	10.010690140048318
14290.0	0.0012140862602607967	67.36225855498978	0.6094395168757804	1300.1953024612706	10.010690140048318
14300.0	9.293836630311902e-05	67.36225855498978	0.6094395168757804	1300.1953024612706	10.010690140048318
14310.0	0.0011076907549452603	67.36225855498978	0.6094395168757804	1300.1953024612706	10.010690140048318
14320.0	0.000672436415018158	67.36225855498978	0.6094395168757804	1300.1953024612706	10.010690140048318
14330.0	-0.0001299454985869912	67.36225855498978	0.6094395168757804	1300.1953024612706	10.010690140048318
14340.0	1.2616067823980621e-05	67.36225855498978	0.6094395168757804	1300.1953024612706	10.010690140048318
14350.0	0.0	67.36225855498978	0.6094395168757804	1300.1953024612706	10.010690140048318
14360.0	0.0	67.36225855498978	0.6094395168757804	1300.1953024612706	10.010690140048318
14370.0	0.0	67.36225855498978	0.6094395168757804	1300.1953024612706	10.010690140048318
14380.0	0.0	67.36225855498978	0.6094395168757804	1300.1953024612706	10.010690140048318
14390.0	0.0	67.36225855498978	0.6094395168757804	1300.1953024612706	10.010690140048318
14400.0	0.0	67.36225855498978	0.6094395168757804	1300.1953024612706	10.010690140048318
14410.0	0.0	67.36225855498978	0.6094395168757804	1300.1953024612706	10.010690140048318
14420.0	0.0	67.36225855498978	0.6094395168757804	1300.1953024612706	10.010690140048318
14430.0	0.0	67.36225855498978	0.6094395168757804	1300.1953024612706	10.010690140048318
14440.0	0.0	67.36225855498978	0.6094395168757804	1300.1953024612706	10.010690140048318
14450.0	0.0	67.36225855498978	0.6094395168757804	1300.1953024612706	10.010690140048318
14460.0	0.0	67.36225855498978	0.6094395168757804	1300.1953024612706	10.010690140048318
14470.0	0.0	67.36225855498978	0.6094395168757804	1300.1953024612706	10.010690140048318
14480.0	0.0	67.36225855498978	0.6094395168757804	1300.1953024612706	10.010690140048318
14490.0	0.0	67.36225855498978	0.6094395168757804	1300.1953024612706	10.010690140048318
14500.0	0.0	67.36225855498978	0.6094395168757804	1300.1953024612706	10.010690140048318
14510.0	0.0	67.36225855498978	0.6094395168757804	1300.1953024612706	10.010690140048318
14520.0	0.0	67.36225855498978	0.6094395168757804	1300.1953024612706	10.010690140048318
14530.0	0.0	67.36225855498978	0.6094395168757804	1300.1953024612706	10.010690140048318
14540.0	0.0	67.36225855498978	0.6094395168757804	1300.1953024612706	10.010690140048318
14550.0	0.0	67.36225855498978	0.6094395168757804	1300.1953024612706	10.010690140048318
14560.0	0.0	67.36225855498978	0.6094395168757804	1300.1953024612706	10.010690140048318
14570.0	0.0	67.36225855498978	0.6094395168757804	1300.1953024612706	10.010690140048318
14580.0	0.0	67.36225855498978	0.6094395168757804	1300.1953024612706	10.010690140048318
14590.0	0.0	67.36225855498978	0.6094395168757804	1300.1953024612706	10.010690140048318
14600.0	0.0	67.36225855498978	0.6094395168757804	1300.1953024612706	10.010690140048318
14610.0	0.0	67.36225855498978	0.6094395168757804	1300.1953024612706	10.010690140048318
14620.0	0.0	67.36225855498978	0.6094395168757804	1300.1953024612706	10.010690140048318
14630.0	0.0	67.36225855498978	0.6094395168757804	1300.1953024612706	10.010690140048318
14640.0	0.0	67.36225855498978	0.6094395168757804	1300.1953024612706	10.010690140048318
14650.0	0.0	67.36225855498978	0.6094395168757804	1300.1953024612706	10.010690140048318
14660.0	0.0	67.36225855498978	0.6094395168757804	1300.1953024612706	10.010690140048318
14670.0	0.0	67.36225855498978	0.6094395168757804	1300.1953024612706	10.010690140048318
14680.0	0.0	67.36225855498978	0.6094395168757804	1300.1953024612706	10.010690140048318
14690.0	0.0	67.36225855498978	0.6094395168757804	1300.1953024612706	10.010690140048318
14700.0	0.0	67.36225855498978	0.6094395168757804	1300.1953024612706	10.010690140048318
14710.0	0.0	67.36225855498978	0.6094395168757804	1300.1953024612706	10.010690140048318
14720.0	0.0	67.36225855498978	0.6094395168757804	1300.1953024612706	10.010690140048318
14730.0	0.0	67.36225855498978	0.6094395168757804	1300.1953024612706	10.010690140048318
14740.0	0.0	67.36225855498978	0.6094395168757804	1300.1953024612706	10.010690140048318
14750.0	0.0	67.36225855498978	0.6094395168757804	1300.1953024612706	10.010690140048318
14760.0	0.0	67.36225855498978	0.6094395168757804	1300.1953024612706	10.010690140048318
14770.0	0.0	67.36225855498978	0.6094395168757804	1300.1953024612706	10.010690140048318
14780.0	0.0	67.36225855498978	0.6094395168757804	1300.1953024612706	10.010690140048318
14790.0	0.0	67.36225855498978	0.6094395168757804	1300.1953024612706	10.010690140048318
14800.0	0.0	67.36225855498978	0.6094395168757804	1300.1953024612706	10.010690140048318
14810.0	0.0	67.36225855498978	0.6094395168757804	1300.1953024612706	10.010690140048318
14820.0	0.0	67.36225855498978	0.6094395168757804	1300.1953024612706	10.010690140048318
14830.0	0.0	67.36225855498978	0.6094395168757804	1300.1953024612706	10.010690140048318
14840.0	0.0	67.36225855498978	0.6094395168757804	1300.1953024612706	10.010690140048318
14850.0	0.0	67.36225855498978	0.6094395168757804	1300.1953024612706	10.010690140048318
14860.0	0.0	67.36225855498978	0.6094395168757804	1300.1953024612706	10.010690140048318
14870.0	0.0	67.36225855498978	0.6094395168757804	1300.1953024612706	10.010690140048318
14880.0	0.0	67.36225855498978	0.6094395168757804	1300.1953024612706	10.010690140048318
14890.0	0.0	67.36225855498978	0.6094395168757804	1300.1953024612706	10.010690140048318
14900.0	0.0	67.36225855498978	0.6094395168757804	1300.1953024612706	10.010690140048318
14910.0	0.0	67.36225855498978	0.6094395168757804	1300.1953024612706	10.010690140048318
14920.0	0.0	67.36225855498978	0.6094395168757804	1300.1953024612706	10.010690140048318
14930.0	0.0	67.36225855498978	0.6094395168757804	1300.1953024612706	10.010690140048318
14940.0	0.0	67.36225855498978	0.6094395168757804	1300.1953024612706	10.010690140048318
14950.0	0.0	67.36225855498978	0.6094395168757804	1300.1953024612706	10.010690140048318
14960.0	0.0	67.36225855498978	0.6094395168757804	1300.1953024612706	10.010690140048318
14970.0	0.0	67.36225855498978	0.6094395168757804	1300.1953024612706	10.010690140048318
14980.0	0.0	67.36225855498978	0.6094395168757804	1300.1953024612706	10.010690140048318
14990.0	0.0	67.36225855498978	0.6094395168757804	1300.1953024612706	10.010690140048318
