0.0	0.11659468108328547	651.4608721531707	0.5753025953973753	1359.593302925293	1.04972787672913
10.0	0.4595939359808687	651.4608721531707	0.5753025953973753	1359.593302925293	1.04972787672913
20.0	3.8385342668070055	651.4608721531707	0.5753025953973753	1359.593302925293	1.04972787672913
30.0	1244.3906113799617	651.4608721531707	0.5753025953973753	1359.593302925293	1.04972787672913
40.0	6766.67620280423	651.4608721531707	0.5753025953973753	1359.593302925293	1.04972787672913
50.0	7726.67102422305	651.4608721531707	0.5753025953973753	1359.593302925293	1.04972787672913
60.0	5075.356307943913	651.4608721531707	0.5753025953973753	1359.593302925293	1.04972787672913
70.0	3287.3076170624217	651.4608721531707	0.5753025953973753	1359.593302925293	1.04972787672913
80.0	2395.1489943763527	651.4608721531707	0.5753025953973753	1359.593302925293	1.04972787672913
90.0	1974.0861894421769	651.4608721531707	0.5753025953973753	1359.593302925293	1.04972787672913
100.0	1675.134171261247	651.4608721531707	0.5753025953973753	1359.593302925293	1.04972787672913
110.0	1417.4983803124173	651.4608721531707	0.5753025953973753	1359.593302925293	1.04972787672913
120.0	1229.1776898701162	651.4608721531707	0.5753025953973753	1359.593302925293	1.04972787672913
130.0	1100.7088863494819	651.4608721531707	0.5753025953973753	1359.593302925293	1.04972787672913
140.0	1024.9090166557467	651.4608721531707	0.5753025953973753	1359.593302925293	1.04972787672913
150.0	972.7498731796646	651.4608721531707	0.5753025953973753	1359.593302925293	1.04972787672913
160.0	926.1964530522073	651.4608721531707	0.5753025953973753	1359.593302925293	1.04972787672913
170.0	895.9478963459516	651.4608721531707	0.5753025953973753	1359.593302925293	1.04972787672913
180.0	883.3131412228253	651.4608721531707	0.5753025953973753	1359.593302925293	1.04972787672913
190.0	906.8780902798774	651.4608721531707	0.5753025953973753	1359.593302925293	1.04972787672913
200.0	923.417749147835	651.4608721531707	0.5753025953973753	1359.593302925293	1.04972787672913
210.0	873.1621689837417	651.4608721531707	0.5753025953973753	1359.593302925293	1.04972787672913
220.0	795.4217527063875	651.4608721531707	0.5753025953973753	1359.593302925293	1.04972787672913
230.0	734.7870837937564	651.4608721531707	0.5753025953973753	1359.593302925293	1.04972787672913
240.0	696.4806668593853	651.4608721531707	0.5753025953973753	1359.593302925293	1.04972787672913
250.0	670.3743919248334	651.4608721531707	0.5753025953973753	1359.593302925293	1.04972787672913
260.0	648.2207326227818	651.4608721531707	0.5753025953973753	1359.593302925293	1.04972787672913
270.0	631.1143337824692	651.4608721531707	0.5753025953973753	1359.593302925293	1.04972787672913
280.0	616.0435108912268	651.4608721531707	0.5753025953973753	1359.593302925293	1.04972787672913
290.0	603.8998219811933	651.4608721531707	0.5753025953973753	1359.593302925293	1.04972787672913
300.0	592.1479173001123	651.4608721531707	0.5753025953973753	1359.593302925293	1.04972787672913
310.0	583.1693541970022	651.4608721531707	0.5753025953973753	1359.593302925293	1.04972787672913
320.0	573.2679614112732	651.4608721531707	0.5753025953973753	1359.593302925293	1.04972787672913
330.0	563.294696952077	651.4608721531707	0.5753025953973753	1359.593302925293	1.04972787672913
340.0	556.1032205533634	651.4608721531707	0.5753025953973753	1359.593302925293	1.04972787672913
350.0	549.4451178312285	651.4608721531707	0.5753025953973753	1359.593302925293	1.04972787672913
360.0	542.9773986616542	651.4608721531707	0.5753025953973753	1359.593302925293	1.04972787672913
370.0	538.400106464883	651.4608721531707	0.5753025953973753	1359.593302925293	1.04972787672913
380.0	532.4846566355342	651.4608721531707	0.5753025953973753	1359.593302925293	1.04972787672913
390.0	527.3263580332499	651.4608721531707	0.5753025953973753	1359.593302925293	1.04972787672913
400.0	522.0577762874167	651.4608721531707	0.5753025953973753	1359.593302925293	1.04972787672913
410.0	517.6788587062046	651.4608721531707	0.5753025953973753	1359.593302925293	1.04972787672913
420.0	509.9013586516992	651.4608721531707	0.5753025953973753	1359.593302925293	1.04972787672913
430.0	502.72082402048295	651.4608721531707	0.5753025953973753	1359.593302925293	1.04972787672913
440.0	497.47359262569	651.4608721531707	0.5753025953973753	1359.593302925293	1.04972787672913
450.0	493.44758651728324	651.4608721531707	0.5753025953973753	1359.593302925293	1.04972787672913
460.0	489.76539279067333	651.4608721531707	0.5753025953973753	1359.593302925293	1.04972787672913
470.0	485.5330749032326	651.4608721531707	0.5753025953973753	1359.593302925293	1.04972787672913
480.0	481.4286975835333	651.4608721531707	0.5753025953973753	1359.593302925293	1.04972787672913
490.0	478.5123931647184	651.4608721531707	0.5753025953973753	1359.593302925293	1.04972787672913
500.0	473.74114399655446	651.4608721531707	0.5753025953973753	1359.593302925293	1.04972787672913
510.0	469.078354074409	651.4608721531707	0.5753025953973753	1359.593302925293	1.04972787672913
520.0	464.0776510314062	651.4608721531707	0.5753025953973753	1359.593302925293	1.04972787672913
530.0	458.56187339804313	651.4608721531707	0.5753025953973753	1359.593302925293	1.04972787672913
540.0	455.0369009917223	651.4608721531707	0.5753025953973753	1359.593302925293	1.04972787672913
550.0	453.5042172553963	651.4608721531707	0.5753025953973753	1359.593302925293	1.04972787672913
560.0	452.4698161944253	651.4608721531707	0.5753025953973753	1359.593302925293	1.04972787672913
570.0	450.9727960908842	651.4608721531707	0.5753025953973753	1359.593302925293	1.04972787672913
580.0	446.04005522889184	651.4608721531707	0.5753025953973753	1359.593302925293	1.04972787672913
590.0	440.80696916521	651.4608721531707	0.5753025953973753	1359.593302925293	1.04972787672913
600.0	436.1938927216395	651.4608721531707	0.5753025953973753	1359.593302925293	1.04972787672913
610.0	432.41110814223305	651.4608721531707	0.5753025953973753	1359.593302925293	1.04972787672913
620.0	428.3830625489718	651.4608721531707	0.5753025953973753	1359.593302925293	1.04972787672913
630.0	423.65594657142736	651.4608721531707	0.5753025953973753	1359.593302925293	1.04972787672913
640.0	419.1370012823068	651.4608721531707	0.5753025953973753	1359.593302925293	1.04972787672913
650.0	415.5606483809397	651.4608721531707	0.5753025953973753	1359.593302925293	1.04972787672913
660.0	413.01274562123757	651.4608721531707	0.5753025953973753	1359.593302925293	1.04972787672913
670.0	409.11447034303	651.4608721531707	0.5753025953973753	1359.593302925293	1.04972787672913
680.0	405.25833688017406	651.4608721531707	0.5753025953973753	1359.593302925293	1.04972787672913
690.0	401.90549724094984	651.4608721531707	0.5753025953973753	1359.593302925293	1.04972787672913
700.0	398.7943137435576	651.4608721531707	0.5753025953973753	1359.593302925293	1.04972787672913
710.0	394.77737594651205	651.4608721531707	0.5753025953973753	1359.593302925293	1.04972787672913
720.0	391.5578200365492	651.4608721531707	0.5753025953973753	1359.593302925293	1.04972787672913
730.0	388.3693275154726	651.4608721531707	0.5753025953973753	1359.593302925293	1.04972787672913
740.0	386.1331096668033	651.4608721531707	0.5753025953973753	1359.593302925293	1.04972787672913
750.0	381.679487798229	651.4608721531707	0.5753025953973753	1359.593302925293	1.04972787672913
760.0	378.0592972217002	651.4608721531707	0.5753025953973753	1359.593302925293	1.04972787672913
770.0	374.72226386010436	651.4608721531707	0.5753025953973753	1359.593302925293	1.04972787672913
780.0	371.33304658807407	651.4608721531707	0.5753025953973753	1359.593302925293	1.04972787672913
790.0	371.0655794564129	651.4608721531707	0.5753025953973753	1359.593302925293	1.04972787672913
800.0	367.10590568553374	651.4608721531707	0.5753025953973753	1359.593302925293	1.04972787672913	361.6967244362127	1.4955018621615863	80	380
810.0	362.1118120254245	651.4608721531707	0.5753025953973753	1359.593302925293	1.04972787672913	359.04615375663883	0.8538340368529844	80	380
820.0	358.7154113776898	651.4608721531707	0.5753025953973753	1359.593302925293	1.04972787672913	356.41500687731747	0.6454286312260039	80	380
830.0	356.98813737601677	651.4608721531707	0.5753025953973753	1359.593302925293	1.04972787672913	353.8031414575749	0.9002169696177752	80	380
840.0	353.7666158080523	651.4608721531707	0.5753025953973753	1359.593302925293	1.04972787672913	351.2104161998322	0.7278256823583653	80	380
850.0	349.0947837310252	651.4608721531707	0.5753025953973753	1359.593302925293	1.04972787672913	348.63669084196164	0.1313954902328986	80	380
860.0	346.66818578328895	651.4608721531707	0.5753025953973753	1359.593302925293	1.04972787672913	346.0818261496984	0.1694280338595256	80	380
870.0	346.2214170793641	651.4608721531707	0.5753025953973753	1359.593302925293	1.04972787672913	343.5456839091082	0.7788580371057059	80	380
880.0	343.9793425255542	651.4608721531707	0.5753025953973753	1359.593302925293	1.04972787672913	341.02812691911066	0.8653877417986584	80	380
890.0	340.1717812735892	651.4608721531707	0.5753025953973753	1359.593302925293	1.04972787672913	338.5290189840561	0.48526483622086936	80	380
900.0	338.16725741418765	651.4608721531707	0.5753025953973753	1359.593302925293	1.04972787672913	336.0482249063583	0.6305739327799786	80	380
910.0	336.29902185535224	651.4608721531707	0.5753025953973753	1359.593302925293	1.04972787672913	333.5856104791804	0.813407800256779	80	380
920.0	332.8435404783037	651.4608721531707	0.5753025953973753	1359.593302925293	1.04972787672913	331.14104247917413	0.5141307723087876	80	380
930.0	329.47540523581756	651.4608721531707	0.5753025953973753	1359.593302925293	1.04972787672913	328.7143886592731	0.23151301032134156	80	380
940.0	326.62847052912934	651.4608721531707	0.5753025953973753	1359.593302925293	1.04972787672913	326.3055177415384	0.098972518094766	80	380
950.0	322.3542234864514	651.4608721531707	0.5753025953973753	1359.593302925293	1.04972787672913	323.91429941005634	-0.4816323102889518	80	380
960.0	320.77141312020984	651.4608721531707	0.5753025953973753	1359.593302925293	1.04972787672913	321.540604303889	-0.23922054427445677	80	380
970.0	319.6255638496074	651.4608721531707	0.5753025953973753	1359.593302925293	1.04972787672913	319.1843040100757	0.13824609606045174	80	380
980.0	316.9250343773968	651.4608721531707	0.5753025953973753	1359.593302925293	1.04972787672913	316.8452710566864	0.025174218458239934	80	380
990.0	314.52997537289394	651.4608721531707	0.5753025953973753	1359.593302925293	1.04972787672913	314.5233789059252	0.0020972898713254727	80	380
1000.0	311.9680292914139	651.4608721531707	0.5753025953973753	1359.593302925293	1.04972787672913	312.21850194728535	-0.08022351472101714	80	380
1010.0	310.5620377280223	651.4608721531707	0.5753025953973753	1359.593302925293	1.04972787672913	309.93051549075363	0.20376252279278886	80	380
1020.0	307.47521123550604	651.4608721531707	0.5753025953973753	1359.593302925293	1.04972787672913	307.6592957600649	-0.059833889986670094	80	380
1030.0	305.3527954765105	651.4608721531707	0.5753025953973753	1359.593302925293	1.04972787672913	305.40471988600615	-0.017001835962140943	80	380
1040.0	302.3135080911104	651.4608721531707	0.5753025953973753	1359.593302925293	1.04972787672913	303.1666658997692	-0.28141544062132207	80	380
1050.0	300.67742905364884	651.4608721531707	0.5753025953973753	1359.593302925293	1.04972787672913	300.9450127263527	-0.08891447320549152	80	380
1060.0	298.78672437956186	651.4608721531707	0.5753025953973753	1359.593302925293	1.04972787672913	298.73964017801177	0.015760948738518844	80	380
1070.0	296.670632634209	651.4608721531707	0.5753025953973753	1359.593302925293	1.04972787672913	296.5504289477566	0.04053397827781188	80	380
1080.0	295.0494633616107	651.4608721531707	0.5753025953973753	1359.593302925293	1.04972787672913	294.3772606028976	0.22834737891657314	80	380
1090.0	292.4145734486205	651.4608721531707	0.5753025953973753	1359.593302925293	1.04972787672913	292.2200175786387	0.06657855666217029	80	380
1100.0	289.2155480363947	651.4608721531707	0.5753025953973753	1359.593302925293	1.04972787672913	290.07858317171724	-0.29751770223300444	80	380
1110.0	287.532565972207	651.4608721531707	0.5753025953973753	1359.593302925293	1.04972787672913	287.95284153409045	-0.14595291355500897	80	380
1120.0	286.84493024956885	651.4608721531707	0.5753025953973753	1359.593302925293	1.04972787672913	285.84267766666835	0.35063084039160164	80	380
1130.0	284.2358271412459	651.4608721531707	0.5753025953973753	1359.593302925293	1.04972787672913	283.74797741309237	0.1719306451454688	80	380
1140.0	281.5903971309131	651.4608721531707	0.5753025953973753	1359.593302925293	1.04972787672913	281.66862745355974	-0.027773885701742412	80	380
1150.0	279.1776092877329	651.4608721531707	0.5753025953973753	1359.593302925293	1.04972787672913	279.6045152986931	-0.1526820875922504	80	380
1160.0	276.9099797489611	651.4608721531707	0.5753025953973753	1359.593302925293	1.04972787672913	277.5555292834552	-0.23258392155279634	80	380
1170.0	273.8109467708658	651.4608721531707	0.5753025953973753	1359.593302925293	1.04972787672913	275.5215585611075	-0.6208631365092534	80	380
1180.0	273.97707197005735	651.4608721531707	0.5753025953973753	1359.593302925293	1.04972787672913	273.502493097214	0.17351902992512727	80	380
1190.0	273.1180529200125	651.4608721531707	0.5753025953973753	1359.593302925293	1.04972787672913	271.49822366368846	0.5966260973885902	80	380
1200.0	270.8664541331199	651.4608721531707	0.5753025953973753	1359.593302925293	1.04972787672913	269.50864183288513	0.5038103012209467	80	380
1210.0	268.0419434497414	651.4608721531707	0.5753025953973753	1359.593302925293	1.04972787672913	267.5336399717334	0.18999609845762935	80	380
1220.0	266.01904324500117	651.4608721531707	0.5753025953973753	1359.593302925293	1.04972787672913	265.57311123591455	0.16791308691281143	80	380
1230.0	263.22556018145013	651.4608721531707	0.5753025953973753	1359.593302925293	1.04972787672913	263.6269495640821	-0.1522565819980429	80	380
1240.0	261.02972875877	651.4608721531707	0.5753025953973753	1359.593302925293	1.04972787672913	261.6950496721236	-0.2542351925216837	80	380
1250.0	259.404548915857	651.4608721531707	0.5753025953973753	1359.593302925293	1.04972787672913	259.7773070474655	-0.14349141418284536	80	380
1260.0	257.03187090847774	651.4608721531707	0.5753025953973753	1359.593302925293	1.04972787672913	257.87361794341865	-0.3264184377036974	80	380
1270.0	255.0927629217485	651.4608721531707	0.5753025953973753	1359.593302925293	1.04972787672913	255.98387937356605	-0.34811428516446924	80	380
1280.0	253.32795318731723	651.4608721531707	0.5753025953973753	1359.593302925293	1.04972787672913	254.10798910619152	-0.3069702458462705	80	380
1290.0	250.22891323065522	651.4608721531707	0.5753025953973753	1359.593302925293	1.04972787672913	252.24584565874895	-0.7995899487765336	80	380
1300.0	248.16583771091743	651.4608721531707	0.5753025953973753	1359.593302925293	1.04972787672913	250.3973482923723	-0.8911877848040484	80	380
1310.0	246.98394167301998	651.4608721531707	0.5753025953973753	1359.593302925293	1.04972787672913	248.562397006426	-0.635033839557485	80	380
1320.0	245.12262384441934	651.4608721531707	0.5753025953973753	1359.593302925293	1.04972787672913	246.74089253309472	-0.6558575159803848	80	380
1330.0	243.96234903057473	651.4608721531707	0.5753025953973753	1359.593302925293	1.04972787672913	244.93273633201355	-0.3961852204694397	80	380
1340.0	241.33169833867575	651.4608721531707	0.5753025953973753	1359.593302925293	1.04972787672913	243.1378305849367	-0.7428429553376301	80	380
1350.0	239.201525065883	651.4608721531707	0.5753025953973753	1359.593302925293	1.04972787672913	241.35607819044614	-0.8926864990170456	80	380
1360.0	237.65602243838453	651.4608721531707	0.5753025953973753	1359.593302925293	1.04972787672913	239.58738275869817	-0.8061193782724463	80	380
1370.0	236.33531866363967	651.4608721531707	0.5753025953973753	1359.593302925293	1.04972787672913	237.83164860620926	-0.6291550982969228	80	380
1380.0	235.59806506672177	651.4608721531707	0.5753025953973753	1359.593302925293	1.04972787672913	236.08878075067935	-0.2078521827243427	80	380
1390.0	233.36744809036455	651.4608721531707	0.5753025953973753	1359.593302925293	1.04972787672913	234.35868490585383	-0.4229571504412074	80	380
1400.0	231.24610052504738	651.4608721531707	0.5753025953973753	1359.593302925293	1.04972787672913	232.6412674764226	-0.5997074235836563	80	380
1410.0	229.4164177820126	651.4608721531707	0.5753025953973753	1359.593302925293	1.04972787672913	230.9364355529567	-0.6581974677597214	80	380
1420.0	228.88275209178218	651.4608721531707	0.5753025953973753	1359.593302925293	1.04972787672913	229.24409690688222	-0.15762447974693813	80	380
1430.0	227.98699584796617	651.4608721531707	0.5753025953973753	1359.593302925293	1.04972787672913	227.56415998549068	0.18580951521647976	80	380
1440.0	225.74467182005756	651.4608721531707	0.5753025953973753	1359.593302925293	1.04972787672913	225.89653390698646	-0.06722639090665754	80	380
1450.0	223.61224177524437	651.4608721531707	0.5753025953973753	1359.593302925293	1.04972787672913	224.2411284555699	-0.2804510861396868	80	380
1460.0	221.55442493804753	651.4608721531707	0.5753025953973753	1359.593302925293	1.04972787672913	222.59785407655713	-0.46875076259752824	80	380
1470.0	220.70499546510135	651.4608721531707	0.5753025953973753	1359.593302925293	1.04972787672913	220.96662187153495	-0.11840087168717736	80	380
1480.0	218.31477397344312	651.4608721531707	0.5753025953973753	1359.593302925293	1.04972787672913	219.34734359355193	-0.470746352881365	80	380
1490.0	215.7541923839913	651.4608721531707	0.5753025953973753	1359.593302925293	1.04972787672913	217.73993164234412	-0.9119775336453048	80	380
1500.0	215.1106882098828	651.4608721531707	0.5753025953973753	1359.593302925293	1.04972787672913	216.14429905959622	-0.47820407672581483	80	380
1510.0	214.99659131057481	651.4608721531707	0.5753025953973753	1359.593302925293	1.04972787672913	214.56035952423713	0.20331425026737446	80	380
1520.0	212.33714198372473	651.4608721531707	0.5753025953973753	1359.593302925293	1.04972787672913	212.98802734777016	-0.3055971606247361	80	380
1530.0	210.51409122717837	651.4608721531707	0.5753025953973753	1359.593302925293	1.04972787672913	211.42721746963747	-0.4318867993380425	80	380
1540.0	208.96795071675285	651.4608721531707	0.5753025953973753	1359.593302925293	1.04972787672913	209.87784545261846	-0.43353539002811137	80	380
1550.0	206.360646199793	651.4608721531707	0.5753025953973753	1359.593302925293	1.04972787672913	208.3398274782618	-0.9499774010686088	80	380
1560.0	204.9580737728734	651.4608721531707	0.5753025953973753	1359.593302925293	1.04972787672913	206.81308034235087	-0.8969483779298469	80	380
1570.0	203.98478812136966	651.4608721531707	0.5753025953973753	1359.593302925293	1.04972787672913	205.29752145040283	-0.6394297017123531	80	380
1580.0	202.0044391021496	651.4608721531707	0.5753025953973753	1359.593302925293	1.04972787672913	203.79306881320016	-0.8776695505233528	80	380
1590.0	200.76284297922004	651.4608721531707	0.5753025953973753	1359.593302925293	1.04972787672913	202.29964104235538	-0.7596642560594448	80	380
1600.0	199.52838785078472	651.4608721531707	0.5753025953973753	1359.593302925293	1.04972787672913	200.8171573459078	-0.6417626422742135	80	380
1610.0	198.90504390372814	651.4608721531707	0.5753025953973753	1359.593302925293	1.04972787672913	199.34553752395303	-0.22096989262774736	80	380
1620.0	197.44366117209398	651.4608721531707	0.5753025953973753	1359.593302925293	1.04972787672913	197.88470196430433	-0.2228776594816825	80	380
1630.0	196.6293547879967	651.4608721531707	0.5753025953973753	1359.593302925293	1.04972787672913	196.43457163818553	0.0991593018411979	80	380
1640.0	195.74804368809245	651.4608721531707	0.5753025953973753	1359.593302925293	1.04972787672913	194.99506809595576	0.3861510957631803	80	380
1650.0	194.44067456683095	651.4608721531707	0.5753025953973753	1359.593302925293	1.04972787672913	193.5661134628657	0.4518151903344524	80	380
1660.0	194.64573775284686	651.4608721531707	0.5753025953973753	1359.593302925293	1.04972787672913	192.14763043484422	1.3000979051103767	80	380
1670.0	193.8014264093168	651.4608721531707	0.5753025953973753	1359.593302925293	1.04972787672913	190.7395422743168	1.6052697298583687	80	380
1680.0	190.82036462846006	651.4608721531707	0.5753025953973753	1359.593302925293	1.04972787672913	189.34177280605388	0.7809115761901737	80	380
1690.0	189.43179580927935	651.4608721531707	0.5753025953973753	1359.593302925293	1.04972787672913	187.95424641305007	0.7861218484961503	80	380
1700.0	188.10021941496447	651.4608721531707	0.5753025953973753	1359.593302925293	1.04972787672913	186.57688803243337	0.8164630671009427	80	380
1710.0	185.8852546191921	651.4608721531707	0.5753025953973753	1359.593302925293	1.04972787672913	185.20962315140426	0.3647928527102104	80	380
1720.0	184.28713160666152	651.4608721531707	0.5753025953973753	1359.593302925293	1.04972787672913	183.8523778032048	0.23646895876542573	80	380
1730.0	182.78189139423952	651.4608721531707	0.5753025953973753	1359.593302925293	1.04972787672913	182.50507856311714	0.15167404288240255	80	380
1740.0	180.39875935975473	651.4608721531707	0.5753025953973753	1359.593302925293	1.04972787672913	181.16765254449132	-0.4244097519272974	80	380
1750.0	179.2884212230159	651.4608721531707	0.5753025953973753	1359.593302925293	1.04972787672913	179.84002739480235	-0.3067204669489516	80	380
1760.0	178.51528497125776	651.4608721531707	0.5753025953973753	1359.593302925293	1.04972787672913	178.5221312917358	-0.0038349981755814106	80	380
1770.0	177.35808832408682	651.4608721531707	0.5753025953973753	1359.593302925293	1.04972787672913	177.21389293930264	0.0813679911842867	80	380
1780.0	175.61623363466958	651.4608721531707	0.5753025953973753	1359.593302925293	1.04972787672913	175.915241563982	-0.1699727247361098	80	380
1790.0	174.88595881295902	651.4608721531707	0.5753025953973753	1359.593302925293	1.04972787672913	174.62610691089262	0.1488047272330233	80	380
1800.0	174.50438217648647	651.4608721531707	0.5753025953973753	1359.593302925293	1.04972787672913	173.34641923999206	0.6680051088284984	80	380
1810.0	172.48713730445348	651.4608721531707	0.5753025953973753	1359.593302925293	1.04972787672913	172.0761093223039	0.23886406065802118	80	380
1820.0	168.89894050409575	651.4608721531707	0.5753025953973753	1359.593302925293	1.04972787672913	170.81510843617264	-1.121778951299785	80	380
1830.0	167.3238374053003	651.4608721531707	0.5753025953973753	1359.593302925293	1.04972787672913	169.56334836354586	-1.3207517897346588	80	380
1840.0	167.54655398926593	651.4608721531707	0.5753025953973753	1359.593302925293	1.04972787672913	168.3207613862838	-0.4599595383490014	80	380
1850.0	166.99306599692716	651.4608721531707	0.5753025953973753	1359.593302925293	1.04972787672913	167.08728028249598	-0.056386270342982214	80	380
1860.0	164.58168377849924	651.4608721531707	0.5753025953973753	1359.593302925293	1.04972787672913	165.86283832290445	-0.7724180758989782	80	380
1870.0	163.6215094736338	651.4608721531707	0.5753025953973753	1359.593302925293	1.04972787672913	164.64736926723396	-0.6230647948799638	80	380
1880.0	162.92343113440606	651.4608721531707	0.5753025953973753	1359.593302925293	1.04972787672913	163.44080736062853	-0.31655266183364345	80	380
1890.0	162.24005403564303	651.4608721531707	0.5753025953973753	1359.593302925293	1.04972787672913	162.24308733009406	-0.0018695985763989712	80	380
1900.0	161.08185156401484	651.4608721531707	0.5753025953973753	1359.593302925293	1.04972787672913	161.05414438096727	0.01720364486990626	80	380
1910.0	159.018333692943	651.4608721531707	0.5753025953973753	1359.593302925293	1.04972787672913	159.87391419341046	-0.5351595379296209	80	380
1920.0	156.90728432913102	651.4608721531707	0.5753025953973753	1359.593302925293	1.04972787672913	158.70233291893172	-1.1310788926572657	80	380
1930.0	156.48146336664635	651.4608721531707	0.5753025953973753	1359.593302925293	1.04972787672913	157.5393371769311	-0.671498198000324	80	380
1940.0	155.9958501192477	651.4608721531707	0.5753025953973753	1359.593302925293	1.04972787672913	156.38486405127162	-0.24875420929251438	80	380
1950.0	154.03831498364454	651.4608721531707	0.5753025953973753	1359.593302925293	1.04972787672913	155.2388510868757	-0.7733477121389678	80	380
1960.0	153.06540748924976	651.4608721531707	0.5753025953973753	1359.593302925293	1.04972787672913	154.10123628634642	-0.6721742291359096	80	380
1970.0	150.96762522351875	651.4608721531707	0.5753025953973753	1359.593302925293	1.04972787672913	152.97195810661356	-1.310261637428925	80	380
1980.0	149.11834349115966	651.4608721531707	0.5753025953973753	1359.593302925293	1.04972787672913	151.8509554556042	-1.799535575028675	80	380
1990.0	148.357977643684	651.4608721531707	0.5753025953973753	1359.593302925293	1.04972787672913	150.73816768893786	-1.579022806065688	80	380
2000.0	147.41557320199692	651.4608721531707	0.5753025953973753	1359.593302925293	1.04972787672913	149.6335346066456	-1.4822622552352547	80	380
2010.0	147.05549644498362	651.4608721531707	0.5753025953973753	1359.593302925293	1.04972787672913	148.5369964499134	-0.9973946157106698	80	380
2020.0	146.3654614432464	651.4608721531707	0.5753025953973753	1359.593302925293	1.04972787672913	147.44849389784912	-0.7345157796952677	80	380
2030.0	145.3141406108216	651.4608721531707	0.5753025953973753	1359.593302925293	1.04972787672913	146.36796806427364	-0.7199850263612892	80	380
2040.0	143.97035786907932	651.4608721531707	0.5753025953973753	1359.593302925293	1.04972787672913	145.29536049453495	-0.9119373261099156	80	380
2050.0	143.25268687021094	651.4608721531707	0.5753025953973753	1359.593302925293	1.04972787672913	144.2306131623461	-0.6780296295588768	80	380
2060.0	141.22225373501823	651.4608721531707	0.5753025953973753	1359.593302925293	1.04972787672913	143.17366846664567	-1.3629704068678294	80	380
2070.0	140.08951533837592	651.4608721531707	0.5753025953973753	1359.593302925293	1.04972787672913	142.12446922848213	-1.4318110745833474	80	380
2080.0	138.46909595019108	651.4608721531707	0.5753025953973753	1359.593302925293	1.04972787672913	141.08295868792027	-1.8527132986423507	80	380
2090.0	137.51424054439306	651.4608721531707	0.5753025953973753	1359.593302925293	1.04972787672913	140.04908050097066	-1.809965440337204	80	380
2100.0	136.98044081286926	651.4608721531707	0.5753025953973753	1359.593302925293	1.04972787672913	139.02277873654145	-1.4690671142047704	80	380
2110.0	136.2741242265795	651.4608721531707	0.5753025953973753	1359.593302925293	1.04972787672913	138.00399787341271	-1.2534953142589333	80	380
2120.0	136.0634726430736	651.4608721531707	0.5753025953973753	1359.593302925293	1.04972787672913	136.9926827972328	-0.6782918147055684	80	380
2130.0	134.9920475882857	651.4608721531707	0.5753025953973753	1359.593302925293	1.04972787672913	135.98877879753667	-0.7329510699812509	80	380
2140.0	133.59494170009475	651.4608721531707	0.5753025953973753	1359.593302925293	1.04972787672913	134.9922315647862	-1.0350890925311238	80	380
2150.0	132.738595928899	651.4608721531707	0.5753025953973753	1359.593302925293	1.04972787672913	134.0029871874323	-0.943554531933507	80	380
2160.0	131.19054342691723	651.4608721531707	0.5753025953973753	1359.593302925293	1.04972787672913	133.02099214899795	-1.376060043237699	80	380
2170.0	130.47650115829504	651.4608721531707	0.5753025953973753	1359.593302925293	1.04972787672913	132.0461933251835	-1.1887447319460933	80	380
2180.0	130.8301271925424	651.4608721531707	0.5753025953973753	1359.593302925293	1.04972787672913	131.07853798099254	-0.18951293802663996	80	380
2190.0	130.04184671675546	651.4608721531707	0.5753025953973753	1359.593302925293	1.04972787672913	130.11797376787896	-0.058506176294530955	80	380
2200.0	129.7813193957424	651.4608721531707	0.5753025953973753	1359.593302925293	1.04972787672913	129.16444872091515	0.47758549735316325	80	380
2210.0	128.65874905215634	651.4608721531707	0.5753025953973753	1359.593302925293	1.04972787672913	128.21791125598062	0.34381919956222295	80	380
2220.0	127.32153238413416	651.4608721531707	0.5753025953973753	1359.593302925293	1.04972787672913	127.27831016697148	0.033958823860858536	80	380
2230.0	126.14165046936203	651.4608721531707	0.5753025953973753	1359.593302925293	1.04972787672913	126.34559462303025	-0.16141770061450383	80	380
2240.0	124.5321906900055	651.4608721531707	0.5753025953973753	1359.593302925293	1.04972787672913	125.41971416579601	-0.7076427192436897	80	380
2250.0	123.43589151112181	651.4608721531707	0.5753025953973753	1359.593302925293	1.04972787672913	124.50061870667469	-0.8551983167741436	80	380
2260.0	122.46425364204143	651.4608721531707	0.5753025953973753	1359.593302925293	1.04972787672913	123.58825852412924	-0.9094754594898412	80	380
2270.0	121.29526692751307	651.4608721531707	0.5753025953973753	1359.593302925293	1.04972787672913	122.68258426098997	-1.130818479113203	80	380
2280.0	120.40755944656006	651.4608721531707	0.5753025953973753	1359.593302925293	1.04972787672913	121.78354692178435	-1.1298631958125034	80	380
2290.0	119.65911831699029	651.4608721531707	0.5753025953973753	1359.593302925293	1.04972787672913	120.89109787008631	-1.019082111753135	80	380
2300.0	118.5780076664212	651.4608721531707	0.5753025953973753	1359.593302925293	1.04972787672913	120.00518882588523	-1.1892662087592856	80	380
2310.0	117.66195992046599	651.4608721531707	0.5753025953973753	1359.593302925293	1.04972787672913	119.12577186297406	-1.228795347653102	80	380
2320.0	117.01689456443427	651.4608721531707	0.5753025953973753	1359.593302925293	1.04972787672913	118.25279940635652	-1.0451379148118622	80	380
2330.0	117.14902803445031	651.4608721531707	0.5753025953973753	1359.593302925293	1.04972787672913	117.38622422967337	-0.20206476252185648	80	380
2340.0	116.53754314525891	651.4608721531707	0.5753025953973753	1359.593302925293	1.04972787672913	116.52599945264774	0.009906538167785294	80	380
2350.0	115.53308508089034	651.4608721531707	0.5753025953973753	1359.593302925293	1.04972787672913	115.67207853854863	-0.12016163227495454	80	380
2360.0	115.22964239101067	651.4608721531707	0.5753025953973753	1359.593302925293	1.04972787672913	114.82441529167367	0.352910222366603	80	380
2370.0	113.67880692537081	651.4608721531707	0.5753025953973753	1359.593302925293	1.04972787672913	113.98296385484984	-0.26684420126709435	80	380
2380.0	112.70186758932653	651.4608721531707	0.5753025953973753	1359.593302925293	1.04972787672913	113.14767870695277	-0.3940081871064091	80	380
2390.0	111.78488906027624	651.4608721531707	0.5753025953973753	1359.593302925293	1.04972787672913	112.31851466044402	-0.47510030005383574	80	380
2400.0	110.99178598139108	651.4608721531707	0.5753025953973753	1359.593302925293	1.04972787672913	111.4954268589266	-0.45171438122998536	80	380
2410.0	110.37846056987165	651.4608721531707	0.5753025953973753	1359.593302925293	1.04972787672913	110.67837077471823	-0.2709745388799038	80	380
2420.0	110.50639509695395	651.4608721531707	0.5753025953973753	1359.593302925293	1.04972787672913	109.86730220644259	0.58169526117106	80	380
2430.0	109.82649515999724	651.4608721531707	0.5753025953973753	1359.593302925293	1.04972787672913	109.06217727663794	0.7008093020374906	80	380
2440.0	108.75485983015271	651.4608721531707	0.5753025953973753	1359.593302925293	1.04972787672913	108.26295242938356	0.454363556259013	80	380
2450.0	107.30284408062442	651.4608721531707	0.5753025953973753	1359.593302925293	1.04972787672913	107.4695844279434	-0.15515119762166252	80	380
2460.0	106.07256092264686	651.4608721531707	0.5753025953973753	1359.593302925293	1.04972787672913	106.68203035242693	-0.5712953041544847	80	380
2470.0	105.37397292220024	651.4608721531707	0.5753025953973753	1359.593302925293	1.04972787672913	105.9002475974675	-0.4969532056881094	80	380
2480.0	104.3997545539064	651.4608721531707	0.5753025953973753	1359.593302925293	1.04972787672913	105.12419386991718	-0.6891271070360924	80	380
2490.0	103.51823537381092	651.4608721531707	0.5753025953973753	1359.593302925293	1.04972787672913	104.35382718655902	-0.8007294368363308	80	380
2500.0	102.7237550966828	651.4608721531707	0.5753025953973753	1359.593302925293	1.04972787672913	103.58910587183561	-0.8353685147388611	80	380
2510.0	101.86360780006918	651.4608721531707	0.5753025953973753	1359.593302925293	1.04972787672913	102.82998855559467	-0.9397849490209966	80	380
2520.0	100.47834065633829	651.4608721531707	0.5753025953973753	1359.593302925293	1.04972787672913	102.07643417085087	-1.56558516908787	80	380
2530.0	100.30336944077438	651.4608721531707	0.5753025953973753	1359.593302925293	1.04972787672913	101.3284019515643	-1.0115944701071078	80	380
2540.0	99.33850058275851	651.4608721531707	0.5753025953973753	1359.593302925293	1.04972787672913	100.58585143043494	-1.2400857873526037	80	380
2550.0	98.29995869181909	651.4608721531707	0.5753025953973753	1359.593302925293	1.04972787672913	99.84874243671364	-1.5511299462546597	80	380
2560.0	97.84279857038322	651.4608721531707	0.5753025953973753	1359.593302925293	1.04972787672913	99.11703509402868	-1.2855878128685294	80	380
2570.0	98.29330316362615	651.4608721531707	0.5753025953973753	1359.593302925293	1.04972787672913	98.39068981822882	-0.09897954245730871	80	380
2580.0	96.74150455470692	651.4608721531707	0.5753025953973753	1359.593302925293	1.04972787672913	97.66966731524171	-0.9503081008139628	80	380
2590.0	95.7086914007459	651.4608721531707	0.5753025953973753	1359.593302925293	1.04972787672913	96.95392857894808	-1.2843596917150157	80	380
2600.0	95.3891135616539	651.4608721531707	0.5753025953973753	1359.593302925293	1.04972787672913	96.24343488907179	-0.8876671207782284	80	380
2610.0	94.66322147091377	651.4608721531707	0.5753025953973753	1359.593302925293	1.04972787672913	95.53814780908488	-0.915787419198752	80	380
2620.0	93.63321811108787	651.4608721531707	0.5753025953973753	1359.593302925293	1.04972787672913	94.83802918412837	-1.2703881379708533	80	380
2630.0	93.3716408184274	651.4608721531707	0.5753025953973753	1359.593302925293	1.04972787672913	94.14304113894813	-0.8193917587410534	80	380
2640.0	93.04683213974282	651.4608721531707	0.5753025953973753	1359.593302925293	1.04972787672913	93.45314607584585	-0.4347782318353104	80	380
2650.0	92.18648663035377	651.4608721531707	0.5753025953973753	1359.593302925293	1.04972787672913	92.76830667264511	-0.6271754472617789	80	380
2660.0	92.57136980910995	651.4608721531707	0.5753025953973753	1359.593302925293	1.04972787672913	92.08848588067221	0.5243694950783122	80	380
2670.0	92.17982311095054	651.4608721531707	0.5753025953973753	1359.593302925293	1.04972787672913	91.41364692275208	0.8381420214488378	80	380
2680.0	91.1311473586292	651.4608721531707	0.5753025953973753	1359.593302925293	1.04972787672913	90.74375329121854	0.42690990107872984	80	380
2690.0	90.31641134436825	651.4608721531707	0.5753025953973753	1359.593302925293	1.04972787672913	90.07876874593934	0.26381643725521986	80	380
2700.0	88.9084472089296	651.4608721531707	0.5753025953973753	1359.593302925293	1.04972787672913	89.41865731235569	-0.5705857354174227	80	380
2710.0	88.15141251765695	651.4608721531707	0.5753025953973753	1359.593302925293	1.04972787672913	88.763383279536	-0.6894405545041196	80	380
2720.0	88.1115387536341	651.4608721531707	0.5753025953973753	1359.593302925293	1.04972787672913	88.11291119824405	-0.001557597622518733	80	380
2730.0	87.83293951466862	651.4608721531707	0.5753025953973753	1359.593302925293	1.04972787672913	87.46720587902114	0.4181380118090725	80	380
2740.0	86.99529783869416	651.4608721531707	0.5753025953973753	1359.593302925293	1.04972787672913	86.8262323902826	0.19471701553467358	80	380
2750.0	86.16151202093488	651.4608721531707	0.5753025953973753	1359.593302925293	1.04972787672913	86.18995605642783	-0.03300156630121828	80	380
2760.0	85.06252727014031	651.4608721531707	0.5753025953973753	1359.593302925293	1.04972787672913	85.55834245596458	-0.5795053662703409	80	380
2770.0	84.75633219963777	651.4608721531707	0.5753025953973753	1359.593302925293	1.04972787672913	84.93135741964662	-0.2060784442005878	80	380
2780.0	84.67319733884048	651.4608721531707	0.5753025953973753	1359.593302925293	1.04972787672913	84.3089670286255	0.43201847093122464	80	380
2790.0	84.13189998160293	651.4608721531707	0.5753025953973753	1359.593302925293	1.04972787672913	83.69113761261526	0.5266535759471195	80	380
2800.0	82.92550718752688	651.4608721531707	0.5753025953973753	1359.593302925293	1.04972787672913	83.07783574807131	-0.18335643817968533	80	380
2810.0	82.21266573324402	651.4608721531707	0.5753025953973753	1359.593302925293	1.04972787672913	82.4690282563819	-0.31085915350050464	80	380
2820.0	82.66324557327883	651.4608721531707	0.5753025953973753	1359.593302925293	1.04972787672913	81.86468220207344	0.9754675028655568	80	380
2830.0	81.7432041994042	651.4608721531707	0.5753025953973753	1359.593302925293	1.04972787672913	81.26476489102878	0.5887413924312546	80	380
2840.0	80.95418966486942	651.4608721531707	0.5753025953973753	1359.593302925293	1.04972787672913	80.66924386871823	0.35322730508657635	80	380
2850.0	80.65557053608082	651.4608721531707	0.5753025953973753	1359.593302925293	1.04972787672913	80.07808691844421	0.7211506166783709	80	380
2860.0	79.74971499523082	651.4608721531707	0.5753025953973753	1359.593302925293	1.04972787672913	79.49126205959806	0.325133768085085	80	380
2870.0	79.45746834262933	651.4608721531707	0.5753025953973753	1359.593302925293	1.04972787672913	78.90873754593012	0.6953992850028878	80	380
2880.0	78.16866334247655	651.4608721531707	0.5753025953973753	1359.593302925293	1.04972787672913	78.33048186383223	-0.20658435580287313	80	380
2890.0	77.9783922483133	651.4608721531707	0.5753025953973753	1359.593302925293	1.04972787672913	77.75646373063299	0.28541488004023013	80	380
2900.0	77.32079587103884	651.4608721531707	0.5753025953973753	1359.593302925293	1.04972787672913	77.18665209290525	0.1737914192367482	80	380
2910.0	76.88152747268732	651.4608721531707	0.5753025953973753	1359.593302925293	1.04972787672913	76.62101612478631	0.33999986045178837	80	380
2920.0	75.85263412070077	651.4608721531707	0.5753025953973753	1359.593302925293	1.04972787672913	76.05952522631033	-0.2720120918372364	80	380
2930.0	75.3943841834862	651.4608721531707	0.5753025953973753	1359.593302925293	1.04972787672913	75.50214902175273	-0.1427308224504778	80	380
2940.0	74.95889515676362	651.4608721531707	0.5753025953973753	1359.593302925293	1.04972787672913	74.94885735798717	0.013392864321475894	80	380
2950.0	74.78670144336913	651.4608721531707	0.5753025953973753	1359.593302925293	1.04972787672913	74.39962030285403	0.5202730053452227	80	380
2960.0	74.3762909635098	651.4608721531707	0.5753025953973753	1359.593302925293	1.04972787672913	73.8544081435414	0.7066373329457597	80	380
2970.0	73.76635094289837	651.4608721531707	0.5753025953973753	1359.593302925293	1.04972787672913	73.31319138497749	0.6181146248855569	80	380
2980.0	73.69628806632375	651.4608721531707	0.5753025953973753	1359.593302925293	1.04972787672913	72.77594074823507	1.2646312897178082	80	380
2990.0	73.8330146632542	651.4608721531707	0.5753025953973753	1359.593302925293	1.04972787672913	72.24262716894746	2.201453015527024	80	380
3000.0	72.78179793065466	651.4608721531707	0.5753025953973753	1359.593302925293	1.04972787672913	71.71322179573635	1.4900685092101775	80	380
3010.0	71.63474684695252	651.4608721531707	0.5753025953973753	1359.593302925293	1.04972787672913	71.18769598865077	0.627988941197117	80	380
3020.0	71.82779377287527	651.4608721531707	0.5753025953973753	1359.593302925293	1.04972787672913	70.66602131761788	1.6440326391599864	80	380
3030.0	70.93519025087056	651.4608721531707	0.5753025953973753	1359.593302925293	1.04972787672913	70.14816956090492	1.121940451036754	80	380
3040.0	70.72806502384482	651.4608721531707	0.5753025953973753	1359.593302925293	1.04972787672913	69.6341127035924	1.5710005883308835	80	380
3050.0	70.30147634320076	651.4608721531707	0.5753025953973753	1359.593302925293	1.04972787672913	69.12382293605863	1.7036867423138498	80	380
3060.0	69.8824408821294	651.4608721531707	0.5753025953973753	1359.593302925293	1.04972787672913	68.61727265247517	1.8438043086642542	80	380
3070.0	68.88699156209996	651.4608721531707	0.5753025953973753	1359.593302925293	1.04972787672913	68.11443444931348	1.1342046939571606	80	380
3080.0	68.80844601018524	651.4608721531707	0.5753025953973753	1359.593302925293	1.04972787672913	67.61528112386237	1.7646379139312298	80	380
3090.0	68.87134092057322	651.4608721531707	0.5753025953973753	1359.593302925293	1.04972787672913	67.11978567275648	2.6095960084802314	80	380
3100.0	68.88196261833072	651.4608721531707	0.5753025953973753	1359.593302925293	1.04972787672913	66.62792129051527	3.3830281421916646	80	380
3110.0	68.25400873413263	651.4608721531707	0.5753025953973753	1359.593302925293	1.04972787672913	66.13966136809304	3.196791943448898	80	380
3120.0	67.15935043305642	651.4608721531707	0.5753025953973753	1359.593302925293	1.04972787672913	65.65497949143945	2.291328020006646	80	380
3130.0	66.66244748116202	651.4608721531707	0.5753025953973753	1359.593302925293	1.04972787672913	65.17384944007033	2.2840419184699385	80	380
3140.0	65.82724911846682	651.4608721531707	0.5753025953973753	1359.593302925293	1.04972787672913	64.69624518564952	1.7481755387377247	80	380
3150.0	64.96748951033416	651.4608721531707	0.5753025953973753	1359.593302925293	1.04972787672913	64.22214089058049	1.1605789053709223	80	380
3160.0	64.50027446493856	651.4608721531707	0.5753025953973753	1359.593302925293	1.04972787672913	63.75151090660879	1.174503235580794	80	380
3170.0	64.2085927571338	651.4608721531707	0.5753025953973753	1359.593302925293	1.04972787672913	63.28432977343435	1.4604926480353417	80	380
3180.0	63.84262675960636	651.4608721531707	0.5753025953973753	1359.593302925293	1.04972787672913	62.82057221733427	1.6269424269746924	80	380
3190.0	63.242131323511956	651.4608721531707	0.5753025953973753	1359.593302925293	1.04972787672913	62.360213149795385	1.4142321348359028	80	380
3200.0	62.503821929208726	651.4608721531707	0.5753025953973753	1359.593302925293	1.04972787672913	61.90322766615724	0.9702147782834128	80	380
3210.0	62.16141536592022	651.4608721531707	0.5753025953973753	1359.593302925293	1.04972787672913	61.449591044264544	1.158387402680876	80	380
3220.0	61.505029023856295	651.4608721531707	0.5753025953973753	1359.593302925293	1.04972787672913	60.9992787431299	0.8291086241464067	80	380
3230.0	61.1112653512256	651.4608721531707	0.5753025953973753	1359.593302925293	1.04972787672913	60.55226640160619	0.9231676745374142	80	380
3240.0	60.88621017930194	651.4608721531707	0.5753025953973753	1359.593302925293	1.04972787672913	60.10852983706854	1.2937936501548108	80	380
3250.0	61.1925320701349	651.4608721531707	0.5753025953973753	1359.593302925293	1.04972787672913	59.66804504410626	2.5549471662792924	80	380
3260.0	60.72963603837323	651.4608721531707	0.5753025953973753	1359.593302925293	1.04972787672913	59.230788193224	2.530521525831555	80	380
3270.0	60.54995191076662	651.4608721531707	0.5753025953973753	1359.593302925293	1.04972787672913	58.79673562955283	2.9818258827494866	80	380
3280.0	60.15754358688796	651.4608721531707	0.5753025953973753	1359.593302925293	1.04972787672913	58.36586387157031	3.0697390503121915	80	380
3290.0	59.56301214236497	651.4608721531707	0.5753025953973753	1359.593302925293	1.04972787672913	57.938149609830404	2.8044777810074772	80	380
3300.0	58.528728533482116	651.4608721531707	0.5753025953973753	1359.593302925293	1.04972787672913	57.513569705702295	1.7650770643769853	80	380
3310.0	58.285177384106724	651.4608721531707	0.5753025953973753	1359.593302925293	1.04972787672913	57.09210119011874	2.0897395070729625	80	380
3320.0	58.07776713899657	651.4608721531707	0.5753025953973753	1359.593302925293	1.04972787672913	56.67372126233349	2.477419596578072	80	380
3330.0	57.94812731395363	651.4608721531707	0.5753025953973753	1359.593302925293	1.04972787672913	56.25840728868764	3.0034978000625885	80	380
3340.0	57.56542315767714	651.4608721531707	0.5753025953973753	1359.593302925293	1.04972787672913	55.846136801385484	3.078612872375087	80	380
3350.0	57.1655442946487	651.4608721531707	0.5753025953973753	1359.593302925293	1.04972787672913	55.43688749727868	3.1182428801668776	80	380
3360.0	56.300917999485584	651.4608721531707	0.5753025953973753	1359.593302925293	1.04972787672913	55.03063723666006	2.308315561316618	80	380
3370.0	55.832208389553614	651.4608721531707	0.5753025953973753	1359.593302925293	1.04972787672913	54.62736404206556	2.205569257488373	80	380
3380.0	54.653265352646955	651.4608721531707	0.5753025953973753	1359.593302925293	1.04972787672913	54.227046097085555	0.7859901769281631	80	380
3390.0	55.21729354592561	651.4608721531707	0.5753025953973753	1359.593302925293	1.04972787672913	53.829661745184445	2.577820026642277	80	380
3400.0	55.23009404712079	651.4608721531707	0.5753025953973753	1359.593302925293	1.04972787672913	53.43518948852921	3.359030960256785	80	380
3410.0	54.814072436853344	651.4608721531707	0.5753025953973753	1359.593302925293	1.04972787672913	53.043607986826274	3.337752685425879	80	380
3420.0	54.37788829527751	651.4608721531707	0.5753025953973753	1359.593302925293	1.04972787672913	52.65489605616712	3.2722355719256755	80	380
3430.0	53.984356046591394	651.4608721531707	0.5753025953973753	1359.593302925293	1.04972787672913	52.26903266788229	3.2817201527494775	80	380
3440.0	53.83041249792494	651.4608721531707	0.5753025953973753	1359.593302925293	1.04972787672913	51.885996947403676	3.747476515662402	80	380
3450.0	53.43412659629796	651.4608721531707	0.5753025953973753	1359.593302925293	1.04972787672913	51.505768173135365	3.743965950921192	80	380
3460.0	53.18332341777212	651.4608721531707	0.5753025953973753	1359.593302925293	1.04972787672913	51.128325775332506	4.019293828375416	80	380
3470.0	52.35665124794984	651.4608721531707	0.5753025953973753	1359.593302925293	1.04972787672913	50.75364933498865	3.1583973447523297	80	380
3480.0	51.51254590943593	651.4608721531707	0.5753025953973753	1359.593302925293	1.04972787672913	50.381718582730976	2.2445191599568806	80	380
3490.0	51.53606050638455	651.4608721531707	0.5753025953973753	1359.593302925293	1.04972787672913	50.01251339772391	3.046331818088513	80	380
3500.0	51.32868996286759	651.4608721531707	0.5753025953973753	1359.593302925293	1.04972787672913	49.646013806580456	3.389347960226572	80	380
3510.0	50.53545318598921	651.4608721531707	0.5753025953973753	1359.593302925293	1.04972787672913	49.282199982281774	2.5430139160954957	80	380
3520.0	50.18316005923313	651.4608721531707	0.5753025953973753	1359.593302925293	1.04972787672913	48.921052243104604	2.5798868958433334	80	380
3530.0	50.14929610156976	651.4608721531707	0.5753025953973753	1359.593302925293	1.04972787672913	48.56255105155637	3.2674252395201093	80	380
3540.0	50.15403998853483	651.4608721531707	0.5753025953973753	1359.593302925293	1.04972787672913	48.2066770133184	4.039612551345153	80	380
3550.0	49.517876559106604	651.4608721531707	0.5753025953973753	1359.593302925293	1.04972787672913	47.8534108761966	3.4782592346786085	80	380
3560.0	49.18380940157443	651.4608721531707	0.5753025953973753	1359.593302925293	1.04972787672913	47.50273352908003	3.5389034432413924	80	380
3570.0	48.553927202303534	651.4608721531707	0.5753025953973753	1359.593302925293	1.04972787672913	47.15462600090694	2.9674738622032195	80	380
3580.0	47.767185927985466	651.4608721531707	0.5753025953973753	1359.593302925293	1.04972787672913	46.809069459638586	2.046860746020644	80	380
3590.0	47.82271793724966	651.4608721531707	0.5753025953973753	1359.593302925293	1.04972787672913	46.46604521124029	2.9197077561513254	80	380
3600.0	47.892027016433374	651.4608721531707	0.5753025953973753	1359.593302925293	1.04972787672913	46.12553469867029	3.8297492469263577	80	380
3610.0	47.82906310877898	651.4608721531707	0.5753025953973753	1359.593302925293	1.04972787672913	45.78751950087572	4.458733799423702	80	380
3620.0	46.59954888367907	651.4608721531707	0.5753025953973753	1359.593302925293	1.04972787672913	45.45198133179605	2.5247910393737616	80	380
3630.0	47.02306578789848	651.4608721531707	0.5753025953973753	1359.593302925293	1.04972787672913	45.11890203937398	4.220323772202599	80	380
3640.0	46.42910735556856	651.4608721531707	0.5753025953973753	1359.593302925293	1.04972787672913	44.788263604573274	3.663557412008585	80	380
3650.0	45.99400720327758	651.4608721531707	0.5753025953973753	1359.593302925293	1.04972787672913	44.4600481404041	3.450196585548598	80	380
3660.0	46.26198631782367	651.4608721531707	0.5753025953973753	1359.593302925293	1.04972787672913	44.13423789095523	4.821083423091122	80	380
3670.0	45.47625894724087	651.4608721531707	0.5753025953973753	1359.593302925293	1.04972787672913	43.810815230433654	3.801444250802937	80	380
3680.0	44.913772153452754	651.4608721531707	0.5753025953973753	1359.593302925293	1.04972787672913	43.48976266221086	3.274355627788348	80	380
3690.0	44.95088515796348	651.4608721531707	0.5753025953973753	1359.593302925293	1.04972787672913	43.171062817876475	4.1227206927831395	80	380
3700.0	44.392152324407284	651.4608721531707	0.5753025953973753	1359.593302925293	1.04972787672913	42.854698456298514	3.587596981172562	80	380
3710.0	44.47876201068356	651.4608721531707	0.5753025953973753	1359.593302925293	1.04972787672913	42.54065246269075	4.555899911719928	80	380
3720.0	44.422115903198666	651.4608721531707	0.5753025953973753	1359.593302925293	1.04972787672913	42.22890784768683	5.193617754506944	80	380
3730.0	44.305542526737376	651.4608721531707	0.5753025953973753	1359.593302925293	1.04972787672913	41.91944774642111	5.6920949788036665	80	380
3740.0	43.89748076809377	651.4608721531707	0.5753025953973753	1359.593302925293	1.04972787672913	41.61225541761642	5.491712303366069	80	380
3750.0	42.84987672888033	651.4608721531707	0.5753025953973753	1359.593302925293	1.04972787672913	41.307314242678224	3.734356770666903	80	380
3760.0	42.311978255019774	651.4608721531707	0.5753025953973753	1359.593302925293	1.04972787672913	41.004607724795754	3.188350292236656	80	380
3770.0	42.539258157707906	651.4608721531707	0.5753025953973753	1359.593302925293	1.04972787672913	40.704119488049386	4.508483889934803	80	380
3780.0	42.43358670835634	651.4608721531707	0.5753025953973753	1359.593302925293	1.04972787672913	40.40583327652491	5.018467056363166	80	380
3790.0	42.10471313344815	651.4608721531707	0.5753025953973753	1359.593302925293	1.04972787672913	40.10973295343394	4.973805690330362	80	380
3800.0	41.855807384422754	651.4608721531707	0.5753025953973753	1359.593302925293	1.04972787672913
3810.0	41.53702375341085	651.4608721531707	0.5753025953973753	1359.593302925293	1.04972787672913
3820.0	41.202608330545345	651.4608721531707	0.5753025953973753	1359.593302925293	1.04972787672913
3830.0	40.822102892123866	651.4608721531707	0.5753025953973753	1359.593302925293	1.04972787672913
3840.0	40.680998481453216	651.4608721531707	0.5753025953973753	1359.593302925293	1.04972787672913
3850.0	40.27223925121825	651.4608721531707	0.5753025953973753	1359.593302925293	1.04972787672913
3860.0	39.92770148140586	651.4608721531707	0.5753025953973753	1359.593302925293	1.04972787672913
3870.0	39.936074122932716	651.4608721531707	0.5753025953973753	1359.593302925293	1.04972787672913
3880.0	39.57598057159653	651.4608721531707	0.5753025953973753	1359.593302925293	1.04972787672913
3890.0	39.66297405663355	651.4608721531707	0.5753025953973753	1359.593302925293	1.04972787672913
3900.0	38.90514060028147	651.4608721531707	0.5753025953973753	1359.593302925293	1.04972787672913
3910.0	38.58240225289044	651.4608721531707	0.5753025953973753	1359.593302925293	1.04972787672913
3920.0	38.67402098130667	651.4608721531707	0.5753025953973753	1359.593302925293	1.04972787672913
3930.0	38.83196340511902	651.4608721531707	0.5753025953973753	1359.593302925293	1.04972787672913
3940.0	38.33100308380734	651.4608721531707	0.5753025953973753	1359.593302925293	1.04972787672913
3950.0	37.98666039659539	651.4608721531707	0.5753025953973753	1359.593302925293	1.04972787672913
3960.0	38.16601915517349	651.4608721531707	0.5753025953973753	1359.593302925293	1.04972787672913
3970.0	38.035991937049154	651.4608721531707	0.5753025953973753	1359.593302925293	1.04972787672913
3980.0	37.49561912847374	651.4608721531707	0.5753025953973753	1359.593302925293	1.04972787672913
3990.0	37.103593409724965	651.4608721531707	0.5753025953973753	1359.593302925293	1.04972787672913
4000.0	36.77103791153606	651.4608721531707	0.5753025953973753	1359.593302925293	1.04972787672913
4010.0	36.255389897054236	651.4608721531707	0.5753025953973753	1359.593302925293	1.04972787672913
4020.0	36.20914743646737	651.4608721531707	0.5753025953973753	1359.593302925293	1.04972787672913
4030.0	36.25746895603133	651.4608721531707	0.5753025953973753	1359.593302925293	1.04972787672913
4040.0	35.9554101052771	651.4608721531707	0.5753025953973753	1359.593302925293	1.04972787672913
4050.0	35.656541650458124	651.4608721531707	0.5753025953973753	1359.593302925293	1.04972787672913
4060.0	35.241387229906024	651.4608721531707	0.5753025953973753	1359.593302925293	1.04972787672913
4070.0	34.74332826808264	651.4608721531707	0.5753025953973753	1359.593302925293	1.04972787672913
4080.0	34.541054347597296	651.4608721531707	0.5753025953973753	1359.593302925293	1.04972787672913
4090.0	34.14364211042955	651.4608721531707	0.5753025953973753	1359.593302925293	1.04972787672913
4100.0	34.01788859330094	651.4608721531707	0.5753025953973753	1359.593302925293	1.04972787672913
4110.0	34.32802040398925	651.4608721531707	0.5753025953973753	1359.593302925293	1.04972787672913
4120.0	33.97597439928968	651.4608721531707	0.5753025953973753	1359.593302925293	1.04972787672913
4130.0	33.90371651122668	651.4608721531707	0.5753025953973753	1359.593302925293	1.04972787672913
4140.0	33.29608208762435	651.4608721531707	0.5753025953973753	1359.593302925293	1.04972787672913
4150.0	33.80680038875434	651.4608721531707	0.5753025953973753	1359.593302925293	1.04972787672913
4160.0	33.843250611876826	651.4608721531707	0.5753025953973753	1359.593302925293	1.04972787672913
4170.0	33.27888101621235	651.4608721531707	0.5753025953973753	1359.593302925293	1.04972787672913
4180.0	32.36807146755438	651.4608721531707	0.5753025953973753	1359.593302925293	1.04972787672913
4190.0	32.04164966050302	651.4608721531707	0.5753025953973753	1359.593302925293	1.04972787672913
4200.0	32.23822592627818	651.4608721531707	0.5753025953973753	1359.593302925293	1.04972787672913
4210.0	31.75035497727257	651.4608721531707	0.5753025953973753	1359.593302925293	1.04972787672913
4220.0	31.777962182602128	651.4608721531707	0.5753025953973753	1359.593302925293	1.04972787672913
4230.0	31.249827909746603	651.4608721531707	0.5753025953973753	1359.593302925293	1.04972787672913
4240.0	31.28738291829264	651.4608721531707	0.5753025953973753	1359.593302925293	1.04972787672913
4250.0	31.18276055886309	651.4608721531707	0.5753025953973753	1359.593302925293	1.04972787672913
4260.0	30.85640243187719	651.4608721531707	0.5753025953973753	1359.593302925293	1.04972787672913
4270.0	30.034169935746185	651.4608721531707	0.5753025953973753	1359.593302925293	1.04972787672913
4280.0	30.12890830283178	651.4608721531707	0.5753025953973753	1359.593302925293	1.04972787672913
4290.0	30.2461140585692	651.4608721531707	0.5753025953973753	1359.593302925293	1.04972787672913
4300.0	30.43454425696454	651.4608721531707	0.5753025953973753	1359.593302925293	1.04972787672913
4310.0	30.38034278452479	651.4608721531707	0.5753025953973753	1359.593302925293	1.04972787672913
4320.0	30.313608912396372	651.4608721531707	0.5753025953973753	1359.593302925293	1.04972787672913
4330.0	30.236108132202606	651.4608721531707	0.5753025953973753	1359.593302925293	1.04972787672913
4340.0	29.08632637188243	651.4608721531707	0.5753025953973753	1359.593302925293	1.04972787672913
4350.0	28.918306019483428	651.4608721531707	0.5753025953973753	1359.593302925293	1.04972787672913
4360.0	29.28028617740611	651.4608721531707	0.5753025953973753	1359.593302925293	1.04972787672913
4370.0	28.93015629780975	651.4608721531707	0.5753025953973753	1359.593302925293	1.04972787672913
4380.0	28.50448051762511	651.4608721531707	0.5753025953973753	1359.593302925293	1.04972787672913
4390.0	28.731249847025964	651.4608721531707	0.5753025953973753	1359.593302925293	1.04972787672913
4400.0	28.297802240110368	651.4608721531707	0.5753025953973753	1359.593302925293	1.04972787672913
4410.0	27.952903985625124	651.4608721531707	0.5753025953973753	1359.593302925293	1.04972787672913
4420.0	27.45209849048696	651.4608721531707	0.5753025953973753	1359.593302925293	1.04972787672913
4430.0	27.157194997203952	651.4608721531707	0.5753025953973753	1359.593302925293	1.04972787672913
4440.0	27.02968824700089	651.4608721531707	0.5753025953973753	1359.593302925293	1.04972787672913
4450.0	27.324516825494726	651.4608721531707	0.5753025953973753	1359.593302925293	1.04972787672913
4460.0	27.688108278475635	651.4608721531707	0.5753025953973753	1359.593302925293	1.04972787672913
4470.0	26.75355196887254	651.4608721531707	0.5753025953973753	1359.593302925293	1.04972787672913
4480.0	26.645523005428796	651.4608721531707	0.5753025953973753	1359.593302925293	1.04972787672913
4490.0	26.280405752769198	651.4608721531707	0.5753025953973753	1359.593302925293	1.04972787672913
4500.0	25.91952481397634	651.4608721531707	0.5753025953973753	1359.593302925293	1.04972787672913
4510.0	26.318659523182927	651.4608721531707	0.5753025953973753	1359.593302925293	1.04972787672913
4520.0	26.524990128048763	651.4608721531707	0.5753025953973753	1359.593302925293	1.04972787672913
4530.0	26.08737690460066	651.4608721531707	0.5753025953973753	1359.593302925293	1.04972787672913
4540.0	25.926616277817715	651.4608721531707	0.5753025953973753	1359.593302925293	1.04972787672913
4550.0	25.601650681650106	651.4608721531707	0.5753025953973753	1359.593302925293	1.04972787672913
4560.0	25.300912029001488	651.4608721531707	0.5753025953973753	1359.593302925293	1.04972787672913
4570.0	25.398508132155673	651.4608721531707	0.5753025953973753	1359.593302925293	1.04972787672913
4580.0	25.106016577003388	651.4608721531707	0.5753025953973753	1359.593302925293	1.04972787672913
4590.0	25.004021573052903	651.4608721531707	0.5753025953973753	1359.593302925293	1.04972787672913
4600.0	24.571955755583293	651.4608721531707	0.5753025953973753	1359.593302925293	1.04972787672913
4610.0	24.557244216025133	651.4608721531707	0.5753025953973753	1359.593302925293	1.04972787672913
4620.0	24.417000672713655	651.4608721531707	0.5753025953973753	1359.593302925293	1.04972787672913
4630.0	24.30849184469704	651.4608721531707	0.5753025953973753	1359.593302925293	1.04972787672913
4640.0	24.100022207006656	651.4608721531707	0.5753025953973753	1359.593302925293	1.04972787672913
4650.0	23.9194196461186	651.4608721531707	0.5753025953973753	1359.593302925293	1.04972787672913
4660.0	23.643212732327047	651.4608721531707	0.5753025953973753	1359.593302925293	1.04972787672913
4670.0	23.015733713048615	651.4608721531707	0.5753025953973753	1359.593302925293	1.04972787672913
4680.0	23.378781904894602	651.4608721531707	0.5753025953973753	1359.593302925293	1.04972787672913
4690.0	23.351912140574537	651.4608721531707	0.5753025953973753	1359.593302925293	1.04972787672913
4700.0	23.479346222371124	651.4608721531707	0.5753025953973753	1359.593302925293	1.04972787672913
4710.0	23.310492019128745	651.4608721531707	0.5753025953973753	1359.593302925293	1.04972787672913
4720.0	22.98913846743073	651.4608721531707	0.5753025953973753	1359.593302925293	1.04972787672913
4730.0	23.14977489726267	651.4608721531707	0.5753025953973753	1359.593302925293	1.04972787672913
4740.0	22.94456833592311	651.4608721531707	0.5753025953973753	1359.593302925293	1.04972787672913
4750.0	22.26092423199073	651.4608721531707	0.5753025953973753	1359.593302925293	1.04972787672913
4760.0	22.546175919335965	651.4608721531707	0.5753025953973753	1359.593302925293	1.04972787672913
4770.0	22.54079592897593	651.4608721531707	0.5753025953973753	1359.593302925293	1.04972787672913
4780.0	22.362265636369212	651.4608721531707	0.5753025953973753	1359.593302925293	1.04972787672913
4790.0	22.137878105107138	651.4608721531707	0.5753025953973753	1359.593302925293	1.04972787672913
4800.0	21.596046954804933	651.4608721531707	0.5753025953973753	1359.593302925293	1.04972787672913
4810.0	21.59798212502991	651.4608721531707	0.5753025953973753	1359.593302925293	1.04972787672913
4820.0	21.282963477295144	651.4608721531707	0.5753025953973753	1359.593302925293	1.04972787672913
4830.0	21.094258018735307	651.4608721531707	0.5753025953973753	1359.593302925293	1.04972787672913
4840.0	20.999340149264043	651.4608721531707	0.5753025953973753	1359.593302925293	1.04972787672913
4850.0	20.881061878290886	651.4608721531707	0.5753025953973753	1359.593302925293	1.04972787672913
4860.0	20.563820135896936	651.4608721531707	0.5753025953973753	1359.593302925293	1.04972787672913
4870.0	20.556519620285542	651.4608721531707	0.5753025953973753	1359.593302925293	1.04972787672913
4880.0	20.2003494787025	651.4608721531707	0.5753025953973753	1359.593302925293	1.04972787672913
4890.0	20.453214830254442	651.4608721531707	0.5753025953973753	1359.593302925293	1.04972787672913
4900.0	20.274987458219584	651.4608721531707	0.5753025953973753	1359.593302925293	1.04972787672913
4910.0	20.043787053315327	651.4608721531707	0.5753025953973753	1359.593302925293	1.04972787672913
4920.0	20.07992776764914	651.4608721531707	0.5753025953973753	1359.593302925293	1.04972787672913
4930.0	20.48276940297656	651.4608721531707	0.5753025953973753	1359.593302925293	1.04972787672913
4940.0	20.037178635589832	651.4608721531707	0.5753025953973753	1359.593302925293	1.04972787672913
4950.0	19.945430593005355	651.4608721531707	0.5753025953973753	1359.593302925293	1.04972787672913
4960.0	20.0742910855109	651.4608721531707	0.5753025953973753	1359.593302925293	1.04972787672913
4970.0	19.931079863357738	651.4608721531707	0.5753025953973753	1359.593302925293	1.04972787672913
4980.0	19.780212326390714	651.4608721531707	0.5753025953973753	1359.593302925293	1.04972787672913
4990.0	19.680280941579234	651.4608721531707	0.5753025953973753	1359.593302925293	1.04972787672913
5000.0	19.75376775332414	651.4608721531707	0.5753025953973753	1359.593302925293	1.04972787672913
5010.0	19.521429233183422	651.4608721531707	0.5753025953973753	1359.593302925293	1.04972787672913
5020.0	18.72722968491069	651.4608721531707	0.5753025953973753	1359.593302925293	1.04972787672913
5030.0	18.809858795198412	651.4608721531707	0.5753025953973753	1359.593302925293	1.04972787672913
5040.0	18.985932911142804	651.4608721531707	0.5753025953973753	1359.593302925293	1.04972787672913
5050.0	19.052380446731444	651.4608721531707	0.5753025953973753	1359.593302925293	1.04972787672913
5060.0	18.577277568498285	651.4608721531707	0.5753025953973753	1359.593302925293	1.04972787672913
5070.0	18.767274442545446	651.4608721531707	0.5753025953973753	1359.593302925293	1.04972787672913
5080.0	18.48261070094546	651.4608721531707	0.5753025953973753	1359.593302925293	1.04972787672913
5090.0	18.376420454841686	651.4608721531707	0.5753025953973753	1359.593302925293	1.04972787672913
5100.0	18.207315581798124	651.4608721531707	0.5753025953973753	1359.593302925293	1.04972787672913
5110.0	18.241371427249877	651.4608721531707	0.5753025953973753	1359.593302925293	1.04972787672913
5120.0	17.967809397689766	651.4608721531707	0.5753025953973753	1359.593302925293	1.04972787672913
5130.0	17.542097134217165	651.4608721531707	0.5753025953973753	1359.593302925293	1.04972787672913
5140.0	17.51264539935192	651.4608721531707	0.5753025953973753	1359.593302925293	1.04972787672913
5150.0	17.535663864861444	651.4608721531707	0.5753025953973753	1359.593302925293	1.04972787672913
5160.0	17.095704502850328	651.4608721531707	0.5753025953973753	1359.593302925293	1.04972787672913
5170.0	17.32551986514066	651.4608721531707	0.5753025953973753	1359.593302925293	1.04972787672913
5180.0	17.577135953046078	651.4608721531707	0.5753025953973753	1359.593302925293	1.04972787672913
5190.0	17.666144706377803	651.4608721531707	0.5753025953973753	1359.593302925293	1.04972787672913
5200.0	17.062548438295803	651.4608721531707	0.5753025953973753	1359.593302925293	1.04972787672913
5210.0	16.730614411431976	651.4608721531707	0.5753025953973753	1359.593302925293	1.04972787672913
5220.0	16.44125321892559	651.4608721531707	0.5753025953973753	1359.593302925293	1.04972787672913
5230.0	16.356982418337978	651.4608721531707	0.5753025953973753	1359.593302925293	1.04972787672913
5240.0	16.2566009543164	651.4608721531707	0.5753025953973753	1359.593302925293	1.04972787672913
5250.0	15.988904385056681	651.4608721531707	0.5753025953973753	1359.593302925293	1.04972787672913
5260.0	16.214695299791522	651.4608721531707	0.5753025953973753	1359.593302925293	1.04972787672913
5270.0	16.144393642402676	651.4608721531707	0.5753025953973753	1359.593302925293	1.04972787672913
5280.0	16.04852064145131	651.4608721531707	0.5753025953973753	1359.593302925293	1.04972787672913
5290.0	16.114816747348787	651.4608721531707	0.5753025953973753	1359.593302925293	1.04972787672913
5300.0	16.056807588293967	651.4608721531707	0.5753025953973753	1359.593302925293	1.04972787672913
5310.0	15.977912499428946	651.4608721531707	0.5753025953973753	1359.593302925293	1.04972787672913
5320.0	16.20293150299108	651.4608721531707	0.5753025953973753	1359.593302925293	1.04972787672913
5330.0	16.019038305208777	651.4608721531707	0.5753025953973753	1359.593302925293	1.04972787672913
5340.0	15.675490435362915	651.4608721531707	0.5753025953973753	1359.593302925293	1.04972787672913
5350.0	15.628475522840167	651.4608721531707	0.5753025953973753	1359.593302925293	1.04972787672913
5360.0	15.7777544936622	651.4608721531707	0.5753025953973753	1359.593302925293	1.04972787672913
5370.0	15.591092175919785	651.4608721531707	0.5753025953973753	1359.593302925293	1.04972787672913
5380.0	15.332597329671115	651.4608721531707	0.5753025953973753	1359.593302925293	1.04972787672913
5390.0	15.429868852238423	651.4608721531707	0.5753025953973753	1359.593302925293	1.04972787672913
5400.0	15.5805219768858	651.4608721531707	0.5753025953973753	1359.593302925293	1.04972787672913
5410.0	15.264088863385464	651.4608721531707	0.5753025953973753	1359.593302925293	1.04972787672913
5420.0	14.955358951564627	651.4608721531707	0.5753025953973753	1359.593302925293	1.04972787672913
5430.0	14.911128862422089	651.4608721531707	0.5753025953973753	1359.593302925293	1.04972787672913
5440.0	14.573141741525793	651.4608721531707	0.5753025953973753	1359.593302925293	1.04972787672913
5450.0	14.576969285268218	651.4608721531707	0.5753025953973753	1359.593302925293	1.04972787672913
5460.0	14.535808574669149	651.4608721531707	0.5753025953973753	1359.593302925293	1.04972787672913
5470.0	14.376170879108544	651.4608721531707	0.5753025953973753	1359.593302925293	1.04972787672913
5480.0	14.17814646042889	651.4608721531707	0.5753025953973753	1359.593302925293	1.04972787672913
5490.0	14.361398555076567	651.4608721531707	0.5753025953973753	1359.593302925293	1.04972787672913
5500.0	14.16523237811294	651.4608721531707	0.5753025953973753	1359.593302925293	1.04972787672913
5510.0	14.152527041116041	651.4608721531707	0.5753025953973753	1359.593302925293	1.04972787672913
5520.0	14.011612432833168	651.4608721531707	0.5753025953973753	1359.593302925293	1.04972787672913
5530.0	13.908239121801529	651.4608721531707	0.5753025953973753	1359.593302925293	1.04972787672913
5540.0	13.542633846303211	651.4608721531707	0.5753025953973753	1359.593302925293	1.04972787672913
5550.0	13.783382130618673	651.4608721531707	0.5753025953973753	1359.593302925293	1.04972787672913
5560.0	13.722077726131843	651.4608721531707	0.5753025953973753	1359.593302925293	1.04972787672913
5570.0	13.518836382836893	651.4608721531707	0.5753025953973753	1359.593302925293	1.04972787672913
5580.0	13.507549429980296	651.4608721531707	0.5753025953973753	1359.593302925293	1.04972787672913
5590.0	13.401352665013304	651.4608721531707	0.5753025953973753	1359.593302925293	1.04972787672913
5600.0	13.047621481001107	651.4608721531707	0.5753025953973753	1359.593302925293	1.04972787672913
5610.0	13.170805033635876	651.4608721531707	0.5753025953973753	1359.593302925293	1.04972787672913
5620.0	13.075209579078585	651.4608721531707	0.5753025953973753	1359.593302925293	1.04972787672913
5630.0	13.547527959504404	651.4608721531707	0.5753025953973753	1359.593302925293	1.04972787672913
5640.0	13.119120330481362	651.4608721531707	0.5753025953973753	1359.593302925293	1.04972787672913
5650.0	12.980186636635516	651.4608721531707	0.5753025953973753	1359.593302925293	1.04972787672913
5660.0	12.575402089488126	651.4608721531707	0.5753025953973753	1359.593302925293	1.04972787672913
5670.0	12.528943890232798	651.4608721531707	0.5753025953973753	1359.593302925293	1.04972787672913
5680.0	13.097982054886613	651.4608721531707	0.5753025953973753	1359.593302925293	1.04972787672913
5690.0	13.12891805963821	651.4608721531707	0.5753025953973753	1359.593302925293	1.04972787672913
5700.0	12.718786980804975	651.4608721531707	0.5753025953973753	1359.593302925293	1.04972787672913
5710.0	12.636383131669284	651.4608721531707	0.5753025953973753	1359.593302925293	1.04972787672913
5720.0	12.457996554001951	651.4608721531707	0.5753025953973753	1359.593302925293	1.04972787672913
5730.0	12.398884809907242	651.4608721531707	0.5753025953973753	1359.593302925293	1.04972787672913
5740.0	12.242612362476931	651.4608721531707	0.5753025953973753	1359.593302925293	1.04972787672913
5750.0	12.45192175050271	651.4608721531707	0.5753025953973753	1359.593302925293	1.04972787672913
5760.0	12.695010096253629	651.4608721531707	0.5753025953973753	1359.593302925293	1.04972787672913
5770.0	12.2067121618201	651.4608721531707	0.5753025953973753	1359.593302925293	1.04972787672913
5780.0	11.445467050109624	651.4608721531707	0.5753025953973753	1359.593302925293	1.04972787672913
5790.0	11.59645060816824	651.4608721531707	0.5753025953973753	1359.593302925293	1.04972787672913
5800.0	11.83283782585244	651.4608721531707	0.5753025953973753	1359.593302925293	1.04972787672913
5810.0	11.95829587517382	651.4608721531707	0.5753025953973753	1359.593302925293	1.04972787672913
5820.0	11.361053157786587	651.4608721531707	0.5753025953973753	1359.593302925293	1.04972787672913
5830.0	11.055966458233694	651.4608721531707	0.5753025953973753	1359.593302925293	1.04972787672913
5840.0	11.590725196002266	651.4608721531707	0.5753025953973753	1359.593302925293	1.04972787672913
5850.0	11.65519619761495	651.4608721531707	0.5753025953973753	1359.593302925293	1.04972787672913
5860.0	11.440055798609649	651.4608721531707	0.5753025953973753	1359.593302925293	1.04972787672913
5870.0	11.336546960374035	651.4608721531707	0.5753025953973753	1359.593302925293	1.04972787672913
5880.0	11.202710126581382	651.4608721531707	0.5753025953973753	1359.593302925293	1.04972787672913
5890.0	11.032356954911611	651.4608721531707	0.5753025953973753	1359.593302925293	1.04972787672913
5900.0	10.905566300449477	651.4608721531707	0.5753025953973753	1359.593302925293	1.04972787672913
5910.0	10.866917655053413	651.4608721531707	0.5753025953973753	1359.593302925293	1.04972787672913
5920.0	11.032174660538315	651.4608721531707	0.5753025953973753	1359.593302925293	1.04972787672913
5930.0	10.852769071042022	651.4608721531707	0.5753025953973753	1359.593302925293	1.04972787672913
5940.0	10.668929978594253	651.4608721531707	0.5753025953973753	1359.593302925293	1.04972787672913
5950.0	10.317474552646766	651.4608721531707	0.5753025953973753	1359.593302925293	1.04972787672913
5960.0	10.300155901016307	651.4608721531707	0.5753025953973753	1359.593302925293	1.04972787672913
5970.0	10.643021678448122	651.4608721531707	0.5753025953973753	1359.593302925293	1.04972787672913
5980.0	10.953085756333707	651.4608721531707	0.5753025953973753	1359.593302925293	1.04972787672913
5990.0	10.49634869961851	651.4608721531707	0.5753025953973753	1359.593302925293	1.04972787672913
6000.0	10.872868400258735	651.4608721531707	0.5753025953973753	1359.593302925293	1.04972787672913
6010.0	10.752561069040183	651.4608721531707	0.5753025953973753	1359.593302925293	1.04972787672913
6020.0	10.473156269133703	651.4608721531707	0.5753025953973753	1359.593302925293	1.04972787672913
6030.0	10.2646521252772	651.4608721531707	0.5753025953973753	1359.593302925293	1.04972787672913
6040.0	10.000730534939564	651.4608721531707	0.5753025953973753	1359.593302925293	1.04972787672913
6050.0	9.603836719367886	651.4608721531707	0.5753025953973753	1359.593302925293	1.04972787672913
6060.0	9.815172215093204	651.4608721531707	0.5753025953973753	1359.593302925293	1.04972787672913
6070.0	9.708227067463403	651.4608721531707	0.5753025953973753	1359.593302925293	1.04972787672913
6080.0	9.42484366191904	651.4608721531707	0.5753025953973753	1359.593302925293	1.04972787672913
6090.0	9.624945869659859	651.4608721531707	0.5753025953973753	1359.593302925293	1.04972787672913
6100.0	9.576346275941086	651.4608721531707	0.5753025953973753	1359.593302925293	1.04972787672913
6110.0	10.051299773215346	651.4608721531707	0.5753025953973753	1359.593302925293	1.04972787672913
6120.0	9.994374364581967	651.4608721531707	0.5753025953973753	1359.593302925293	1.04972787672913
6130.0	9.84089875543455	651.4608721531707	0.5753025953973753	1359.593302925293	1.04972787672913
6140.0	9.535933916828366	651.4608721531707	0.5753025953973753	1359.593302925293	1.04972787672913
6150.0	9.613126654248083	651.4608721531707	0.5753025953973753	1359.593302925293	1.04972787672913
6160.0	9.54577874079434	651.4608721531707	0.5753025953973753	1359.593302925293	1.04972787672913
6170.0	9.456855060214728	651.4608721531707	0.5753025953973753	1359.593302925293	1.04972787672913
6180.0	9.464274785092767	651.4608721531707	0.5753025953973753	1359.593302925293	1.04972787672913
6190.0	9.413641568416166	651.4608721531707	0.5753025953973753	1359.593302925293	1.04972787672913
6200.0	9.063427525495394	651.4608721531707	0.5753025953973753	1359.593302925293	1.04972787672913
6210.0	9.155328921824058	651.4608721531707	0.5753025953973753	1359.593302925293	1.04972787672913
6220.0	9.210070440488249	651.4608721531707	0.5753025953973753	1359.593302925293	1.04972787672913
6230.0	9.117570541227746	651.4608721531707	0.5753025953973753	1359.593302925293	1.04972787672913
6240.0	9.138794139958653	651.4608721531707	0.5753025953973753	1359.593302925293	1.04972787672913
6250.0	9.040464391040096	651.4608721531707	0.5753025953973753	1359.593302925293	1.04972787672913
6260.0	9.147472317602881	651.4608721531707	0.5753025953973753	1359.593302925293	1.04972787672913
6270.0	9.15830158149544	651.4608721531707	0.5753025953973753	1359.593302925293	1.04972787672913
6280.0	9.378132215220601	651.4608721531707	0.5753025953973753	1359.593302925293	1.04972787672913
6290.0	9.166118800422009	651.4608721531707	0.5753025953973753	1359.593302925293	1.04972787672913
6300.0	8.882348835537833	651.4608721531707	0.5753025953973753	1359.593302925293	1.04972787672913
6310.0	8.744952282571704	651.4608721531707	0.5753025953973753	1359.593302925293	1.04972787672913
6320.0	8.972618607618271	651.4608721531707	0.5753025953973753	1359.593302925293	1.04972787672913
6330.0	8.975434473050125	651.4608721531707	0.5753025953973753	1359.593302925293	1.04972787672913
6340.0	8.594012246320196	651.4608721531707	0.5753025953973753	1359.593302925293	1.04972787672913
6350.0	8.457649773217577	651.4608721531707	0.5753025953973753	1359.593302925293	1.04972787672913
6360.0	8.488989897381051	651.4608721531707	0.5753025953973753	1359.593302925293	1.04972787672913
6370.0	8.441656417506673	651.4608721531707	0.5753025953973753	1359.593302925293	1.04972787672913
6380.0	8.516962955157666	651.4608721531707	0.5753025953973753	1359.593302925293	1.04972787672913
6390.0	8.306164399927715	651.4608721531707	0.5753025953973753	1359.593302925293	1.04972787672913
6400.0	7.934286434466332	651.4608721531707	0.5753025953973753	1359.593302925293	1.04972787672913
6410.0	7.890954651008628	651.4608721531707	0.5753025953973753	1359.593302925293	1.04972787672913
6420.0	7.684366675123031	651.4608721531707	0.5753025953973753	1359.593302925293	1.04972787672913
6430.0	7.814212018137635	651.4608721531707	0.5753025953973753	1359.593302925293	1.04972787672913
6440.0	7.847210275413363	651.4608721531707	0.5753025953973753	1359.593302925293	1.04972787672913
6450.0	7.853915166378479	651.4608721531707	0.5753025953973753	1359.593302925293	1.04972787672913
6460.0	7.937687891762512	651.4608721531707	0.5753025953973753	1359.593302925293	1.04972787672913
6470.0	8.14122825168828	651.4608721531707	0.5753025953973753	1359.593302925293	1.04972787672913
6480.0	7.8270786649152235	651.4608721531707	0.5753025953973753	1359.593302925293	1.04972787672913
6490.0	7.702516589170993	651.4608721531707	0.5753025953973753	1359.593302925293	1.04972787672913
6500.0	7.637795108778712	651.4608721531707	0.5753025953973753	1359.593302925293	1.04972787672913
6510.0	7.410798795994423	651.4608721531707	0.5753025953973753	1359.593302925293	1.04972787672913
6520.0	7.287763799772735	651.4608721531707	0.5753025953973753	1359.593302925293	1.04972787672913
6530.0	7.336665690291342	651.4608721531707	0.5753025953973753	1359.593302925293	1.04972787672913
6540.0	7.528906232606922	651.4608721531707	0.5753025953973753	1359.593302925293	1.04972787672913
6550.0	7.604787105777874	651.4608721531707	0.5753025953973753	1359.593302925293	1.04972787672913
6560.0	7.37484203026526	651.4608721531707	0.5753025953973753	1359.593302925293	1.04972787672913
6570.0	7.2412844640624225	651.4608721531707	0.5753025953973753	1359.593302925293	1.04972787672913
6580.0	7.233286302224473	651.4608721531707	0.5753025953973753	1359.593302925293	1.04972787672913
6590.0	7.2191883007182795	651.4608721531707	0.5753025953973753	1359.593302925293	1.04972787672913
6600.0	6.932699928969662	651.4608721531707	0.5753025953973753	1359.593302925293	1.04972787672913
6610.0	7.146782958887196	651.4608721531707	0.5753025953973753	1359.593302925293	1.04972787672913
6620.0	7.469199660912832	651.4608721531707	0.5753025953973753	1359.593302925293	1.04972787672913
6630.0	7.216124346154226	651.4608721531707	0.5753025953973753	1359.593302925293	1.04972787672913
6640.0	6.968367488258582	651.4608721531707	0.5753025953973753	1359.593302925293	1.04972787672913
6650.0	6.9111132159269015	651.4608721531707	0.5753025953973753	1359.593302925293	1.04972787672913
6660.0	7.110194960947034	651.4608721531707	0.5753025953973753	1359.593302925293	1.04972787672913
6670.0	6.892037711493381	651.4608721531707	0.5753025953973753	1359.593302925293	1.04972787672913
6680.0	6.88207391484497	651.4608721531707	0.5753025953973753	1359.593302925293	1.04972787672913
6690.0	6.860851012428774	651.4608721531707	0.5753025953973753	1359.593302925293	1.04972787672913
6700.0	7.082693551460095	651.4608721531707	0.5753025953973753	1359.593302925293	1.04972787672913
6710.0	6.620979930344459	651.4608721531707	0.5753025953973753	1359.593302925293	1.04972787672913
6720.0	6.575870312999762	651.4608721531707	0.5753025953973753	1359.593302925293	1.04972787672913
6730.0	6.545961346313207	651.4608721531707	0.5753025953973753	1359.593302925293	1.04972787672913
6740.0	6.714067919203084	651.4608721531707	0.5753025953973753	1359.593302925293	1.04972787672913
6750.0	6.811639472805789	651.4608721531707	0.5753025953973753	1359.593302925293	1.04972787672913
6760.0	6.482360422892989	651.4608721531707	0.5753025953973753	1359.593302925293	1.04972787672913
6770.0	6.265711566089236	651.4608721531707	0.5753025953973753	1359.593302925293	1.04972787672913
6780.0	6.470139214489203	651.4608721531707	0.5753025953973753	1359.593302925293	1.04972787672913
6790.0	6.331463335690699	651.4608721531707	0.5753025953973753	1359.593302925293	1.04972787672913
6800.0	6.223148734387148	651.4608721531707	0.5753025953973753	1359.593302925293	1.04972787672913
6810.0	6.205182228003066	651.4608721531707	0.5753025953973753	1359.593302925293	1.04972787672913
6820.0	6.148260921769727	651.4608721531707	0.5753025953973753	1359.593302925293	1.04972787672913
6830.0	6.356394963978673	651.4608721531707	0.5753025953973753	1359.593302925293	1.04972787672913
6840.0	6.737182618071321	651.4608721531707	0.5753025953973753	1359.593302925293	1.04972787672913
6850.0	6.901970844756182	651.4608721531707	0.5753025953973753	1359.593302925293	1.04972787672913
6860.0	6.557791638811263	651.4608721531707	0.5753025953973753	1359.593302925293	1.04972787672913
6870.0	6.687328188988501	651.4608721531707	0.5753025953973753	1359.593302925293	1.04972787672913
6880.0	6.782377730325991	651.4608721531707	0.5753025953973753	1359.593302925293	1.04972787672913
6890.0	6.757491504234157	651.4608721531707	0.5753025953973753	1359.593302925293	1.04972787672913
6900.0	6.583859470739751	651.4608721531707	0.5753025953973753	1359.593302925293	1.04972787672913
6910.0	6.307368318270072	651.4608721531707	0.5753025953973753	1359.593302925293	1.04972787672913
6920.0	6.458644764363837	651.4608721531707	0.5753025953973753	1359.593302925293	1.04972787672913
6930.0	6.726630189920978	651.4608721531707	0.5753025953973753	1359.593302925293	1.04972787672913
6940.0	6.821883511806572	651.4608721531707	0.5753025953973753	1359.593302925293	1.04972787672913
6950.0	6.866758905026442	651.4608721531707	0.5753025953973753	1359.593302925293	1.04972787672913
6960.0	6.726204808937808	651.4608721531707	0.5753025953973753	1359.593302925293	1.04972787672913
6970.0	6.599330356917391	651.4608721531707	0.5753025953973753	1359.593302925293	1.04972787672913
6980.0	6.182630261089073	651.4608721531707	0.5753025953973753	1359.593302925293	1.04972787672913
6990.0	6.030941264052854	651.4608721531707	0.5753025953973753	1359.593302925293	1.04972787672913
7000.0	6.139400226282536	651.4608721531707	0.5753025953973753	1359.593302925293	1.04972787672913
7010.0	6.579951103153382	651.4608721531707	0.5753025953973753	1359.593302925293	1.04972787672913
7020.0	6.313293067026083	651.4608721531707	0.5753025953973753	1359.593302925293	1.04972787672913
7030.0	6.131644668942167	651.4608721531707	0.5753025953973753	1359.593302925293	1.04972787672913
7040.0	5.860122119258346	651.4608721531707	0.5753025953973753	1359.593302925293	1.04972787672913
7050.0	5.941608063490011	651.4608721531707	0.5753025953973753	1359.593302925293	1.04972787672913
7060.0	5.9670965447508655	651.4608721531707	0.5753025953973753	1359.593302925293	1.04972787672913
7070.0	6.396444322188594	651.4608721531707	0.5753025953973753	1359.593302925293	1.04972787672913
7080.0	6.0022565781636565	651.4608721531707	0.5753025953973753	1359.593302925293	1.04972787672913
7090.0	5.809778970643258	651.4608721531707	0.5753025953973753	1359.593302925293	1.04972787672913
7100.0	5.694362513563614	651.4608721531707	0.5753025953973753	1359.593302925293	1.04972787672913
7110.0	5.487973489843105	651.4608721531707	0.5753025953973753	1359.593302925293	1.04972787672913
7120.0	5.343291817736601	651.4608721531707	0.5753025953973753	1359.593302925293	1.04972787672913
7130.0	5.445423550637927	651.4608721531707	0.5753025953973753	1359.593302925293	1.04972787672913
7140.0	5.563601546711871	651.4608721531707	0.5753025953973753	1359.593302925293	1.04972787672913
7150.0	5.258474884843974	651.4608721531707	0.5753025953973753	1359.593302925293	1.04972787672913
7160.0	5.198535802646945	651.4608721531707	0.5753025953973753	1359.593302925293	1.04972787672913
7170.0	5.288910503248078	651.4608721531707	0.5753025953973753	1359.593302925293	1.04972787672913
7180.0	5.057453356863607	651.4608721531707	0.5753025953973753	1359.593302925293	1.04972787672913
7190.0	5.130046971747641	651.4608721531707	0.5753025953973753	1359.593302925293	1.04972787672913
7200.0	5.188287603710415	651.4608721531707	0.5753025953973753	1359.593302925293	1.04972787672913
7210.0	5.06577054079698	651.4608721531707	0.5753025953973753	1359.593302925293	1.04972787672913
7220.0	5.082844495749036	651.4608721531707	0.5753025953973753	1359.593302925293	1.04972787672913
7230.0	5.518669977676152	651.4608721531707	0.5753025953973753	1359.593302925293	1.04972787672913
7240.0	5.401345342789849	651.4608721531707	0.5753025953973753	1359.593302925293	1.04972787672913
7250.0	5.1143775525247	651.4608721531707	0.5753025953973753	1359.593302925293	1.04972787672913
7260.0	4.689565057001466	651.4608721531707	0.5753025953973753	1359.593302925293	1.04972787672913
7270.0	4.694590084757189	651.4608721531707	0.5753025953973753	1359.593302925293	1.04972787672913
7280.0	4.853682613133408	651.4608721531707	0.5753025953973753	1359.593302925293	1.04972787672913
7290.0	4.845624348707973	651.4608721531707	0.5753025953973753	1359.593302925293	1.04972787672913
7300.0	4.795701702600379	651.4608721531707	0.5753025953973753	1359.593302925293	1.04972787672913
7310.0	4.80335229271112	651.4608721531707	0.5753025953973753	1359.593302925293	1.04972787672913
7320.0	4.60807812413874	651.4608721531707	0.5753025953973753	1359.593302925293	1.04972787672913
7330.0	4.597922736020542	651.4608721531707	0.5753025953973753	1359.593302925293	1.04972787672913
7340.0	4.691219035891626	651.4608721531707	0.5753025953973753	1359.593302925293	1.04972787672913
7350.0	4.528413505916747	651.4608721531707	0.5753025953973753	1359.593302925293	1.04972787672913
7360.0	4.391216642134328	651.4608721531707	0.5753025953973753	1359.593302925293	1.04972787672913
7370.0	4.454366503463873	651.4608721531707	0.5753025953973753	1359.593302925293	1.04972787672913
7380.0	4.342766513391617	651.4608721531707	0.5753025953973753	1359.593302925293	1.04972787672913
7390.0	4.237213116699286	651.4608721531707	0.5753025953973753	1359.593302925293	1.04972787672913
7400.0	4.369110160821136	651.4608721531707	0.5753025953973753	1359.593302925293	1.04972787672913
7410.0	4.4608827390007075	651.4608721531707	0.5753025953973753	1359.593302925293	1.04972787672913
7420.0	4.354929539313237	651.4608721531707	0.5753025953973753	1359.593302925293	1.04972787672913
7430.0	4.124105530608697	651.4608721531707	0.5753025953973753	1359.593302925293	1.04972787672913
7440.0	4.09963257277696	651.4608721531707	0.5753025953973753	1359.593302925293	1.04972787672913
7450.0	4.338444169401756	651.4608721531707	0.5753025953973753	1359.593302925293	1.04972787672913
7460.0	4.155079717211205	651.4608721531707	0.5753025953973753	1359.593302925293	1.04972787672913
7470.0	4.010701981585285	651.4608721531707	0.5753025953973753	1359.593302925293	1.04972787672913
7480.0	4.102736934746638	651.4608721531707	0.5753025953973753	1359.593302925293	1.04972787672913
7490.0	4.092654695286531	651.4608721531707	0.5753025953973753	1359.593302925293	1.04972787672913
7500.0	4.004687554676434	651.4608721531707	0.5753025953973753	1359.593302925293	1.04972787672913
7510.0	4.245278400643838	651.4608721531707	0.5753025953973753	1359.593302925293	1.04972787672913
7520.0	4.228909945547436	651.4608721531707	0.5753025953973753	1359.593302925293	1.04972787672913
7530.0	4.2599899632879605	651.4608721531707	0.5753025953973753	1359.593302925293	1.04972787672913
7540.0	4.128166144713119	651.4608721531707	0.5753025953973753	1359.593302925293	1.04972787672913
7550.0	4.1142693654471065	651.4608721531707	0.5753025953973753	1359.593302925293	1.04972787672913
7560.0	4.059817633225971	651.4608721531707	0.5753025953973753	1359.593302925293	1.04972787672913
7570.0	3.978546971226348	651.4608721531707	0.5753025953973753	1359.593302925293	1.04972787672913
7580.0	3.8735512529277543	651.4608721531707	0.5753025953973753	1359.593302925293	1.04972787672913
7590.0	3.9846891529097324	651.4608721531707	0.5753025953973753	1359.593302925293	1.04972787672913
7600.0	3.77872123980971	651.4608721531707	0.5753025953973753	1359.593302925293	1.04972787672913
7610.0	3.859786544491417	651.4608721531707	0.5753025953973753	1359.593302925293	1.04972787672913
7620.0	3.982111747921624	651.4608721531707	0.5753025953973753	1359.593302925293	1.04972787672913
7630.0	3.9386530075722543	651.4608721531707	0.5753025953973753	1359.593302925293	1.04972787672913
7640.0	3.812251248972724	651.4608721531707	0.5753025953973753	1359.593302925293	1.04972787672913
7650.0	3.7911247602026235	651.4608721531707	0.5753025953973753	1359.593302925293	1.04972787672913
7660.0	3.5734339349159345	651.4608721531707	0.5753025953973753	1359.593302925293	1.04972787672913
7670.0	3.7201419803230578	651.4608721531707	0.5753025953973753	1359.593302925293	1.04972787672913
7680.0	3.7293782247296625	651.4608721531707	0.5753025953973753	1359.593302925293	1.04972787672913
7690.0	3.491037580730205	651.4608721531707	0.5753025953973753	1359.593302925293	1.04972787672913
7700.0	3.601942008417864	651.4608721531707	0.5753025953973753	1359.593302925293	1.04972787672913
7710.0	3.601612173790296	651.4608721531707	0.5753025953973753	1359.593302925293	1.04972787672913
7720.0	3.7573174050319396	651.4608721531707	0.5753025953973753	1359.593302925293	1.04972787672913
7730.0	3.626397300525933	651.4608721531707	0.5753025953973753	1359.593302925293	1.04972787672913
7740.0	3.4409066689965893	651.4608721531707	0.5753025953973753	1359.593302925293	1.04972787672913
7750.0	3.5746573561997472	651.4608721531707	0.5753025953973753	1359.593302925293	1.04972787672913
7760.0	3.6200906064934233	651.4608721531707	0.5753025953973753	1359.593302925293	1.04972787672913
7770.0	3.5528909395872295	651.4608721531707	0.5753025953973753	1359.593302925293	1.04972787672913
7780.0	3.4006724332031384	651.4608721531707	0.5753025953973753	1359.593302925293	1.04972787672913
7790.0	3.4577075474884142	651.4608721531707	0.5753025953973753	1359.593302925293	1.04972787672913
7800.0	3.46421179374028	651.4608721531707	0.5753025953973753	1359.593302925293	1.04972787672913
7810.0	3.5057307099645425	651.4608721531707	0.5753025953973753	1359.593302925293	1.04972787672913
7820.0	3.5059505084701033	651.4608721531707	0.5753025953973753	1359.593302925293	1.04972787672913
7830.0	3.5778375820419046	651.4608721531707	0.5753025953973753	1359.593302925293	1.04972787672913
7840.0	3.3383933501137713	651.4608721531707	0.5753025953973753	1359.593302925293	1.04972787672913
7850.0	3.1349670436276025	651.4608721531707	0.5753025953973753	1359.593302925293	1.04972787672913
7860.0	3.292677021197614	651.4608721531707	0.5753025953973753	1359.593302925293	1.04972787672913
7870.0	3.2396435579124887	651.4608721531707	0.5753025953973753	1359.593302925293	1.04972787672913
7880.0	3.3151116932784155	651.4608721531707	0.5753025953973753	1359.593302925293	1.04972787672913
7890.0	3.1329140271609344	651.4608721531707	0.5753025953973753	1359.593302925293	1.04972787672913
7900.0	3.0505321500621827	651.4608721531707	0.5753025953973753	1359.593302925293	1.04972787672913
7910.0	3.1839169520092936	651.4608721531707	0.5753025953973753	1359.593302925293	1.04972787672913
7920.0	3.350052948995812	651.4608721531707	0.5753025953973753	1359.593302925293	1.04972787672913
7930.0	3.229058996732912	651.4608721531707	0.5753025953973753	1359.593302925293	1.04972787672913
7940.0	3.219058786658377	651.4608721531707	0.5753025953973753	1359.593302925293	1.04972787672913
7950.0	3.374788317111074	651.4608721531707	0.5753025953973753	1359.593302925293	1.04972787672913
7960.0	3.152491489759518	651.4608721531707	0.5753025953973753	1359.593302925293	1.04972787672913
7970.0	3.19135964438957	651.4608721531707	0.5753025953973753	1359.593302925293	1.04972787672913
7980.0	3.1951544505949094	651.4608721531707	0.5753025953973753	1359.593302925293	1.04972787672913
7990.0	3.089375320951732	651.4608721531707	0.5753025953973753	1359.593302925293	1.04972787672913
8000.0	3.5173862754333545	651.4608721531707	0.5753025953973753	1359.593302925293	1.04972787672913
8010.0	4.291794240720045	651.4608721531707	0.5753025953973753	1359.593302925293	1.04972787672913
8020.0	4.060054575621909	651.4608721531707	0.5753025953973753	1359.593302925293	1.04972787672913
8030.0	3.530590636145372	651.4608721531707	0.5753025953973753	1359.593302925293	1.04972787672913
8040.0	3.214850131126832	651.4608721531707	0.5753025953973753	1359.593302925293	1.04972787672913
8050.0	3.085127427839258	651.4608721531707	0.5753025953973753	1359.593302925293	1.04972787672913
8060.0	3.026917663949248	651.4608721531707	0.5753025953973753	1359.593302925293	1.04972787672913
8070.0	2.9911278852737837	651.4608721531707	0.5753025953973753	1359.593302925293	1.04972787672913
8080.0	3.0170338027797423	651.4608721531707	0.5753025953973753	1359.593302925293	1.04972787672913
8090.0	3.1146687613655195	651.4608721531707	0.5753025953973753	1359.593302925293	1.04972787672913
8100.0	2.90417394096563	651.4608721531707	0.5753025953973753	1359.593302925293	1.04972787672913
8110.0	2.9843616217004643	651.4608721531707	0.5753025953973753	1359.593302925293	1.04972787672913
8120.0	2.9608777245634843	651.4608721531707	0.5753025953973753	1359.593302925293	1.04972787672913
8130.0	2.910743375354983	651.4608721531707	0.5753025953973753	1359.593302925293	1.04972787672913
8140.0	3.096463107043548	651.4608721531707	0.5753025953973753	1359.593302925293	1.04972787672913
8150.0	2.9330606306472737	651.4608721531707	0.5753025953973753	1359.593302925293	1.04972787672913
8160.0	2.821536194196372	651.4608721531707	0.5753025953973753	1359.593302925293	1.04972787672913
8170.0	2.798772614292821	651.4608721531707	0.5753025953973753	1359.593302925293	1.04972787672913
8180.0	2.6807479899191815	651.4608721531707	0.5753025953973753	1359.593302925293	1.04972787672913
8190.0	2.8016716294440767	651.4608721531707	0.5753025953973753	1359.593302925293	1.04972787672913
8200.0	2.700913901524662	651.4608721531707	0.5753025953973753	1359.593302925293	1.04972787672913
8210.0	2.7377143263694874	651.4608721531707	0.5753025953973753	1359.593302925293	1.04972787672913
8220.0	2.80853323551226	651.4608721531707	0.5753025953973753	1359.593302925293	1.04972787672913
8230.0	2.786584836933295	651.4608721531707	0.5753025953973753	1359.593302925293	1.04972787672913
8240.0	2.715682576753041	651.4608721531707	0.5753025953973753	1359.593302925293	1.04972787672913
8250.0	2.6630777759703	651.4608721531707	0.5753025953973753	1359.593302925293	1.04972787672913
8260.0	2.690241737841429	651.4608721531707	0.5753025953973753	1359.593302925293	1.04972787672913
8270.0	2.702867243558265	651.4608721531707	0.5753025953973753	1359.593302925293	1.04972787672913
8280.0	2.66501475602375	651.4608721531707	0.5753025953973753	1359.593302925293	1.04972787672913
8290.0	2.6269121395467177	651.4608721531707	0.5753025953973753	1359.593302925293	1.04972787672913
8300.0	2.65366424225357	651.4608721531707	0.5753025953973753	1359.593302925293	1.04972787672913
8310.0	2.7950234862231818	651.4608721531707	0.5753025953973753	1359.593302925293	1.04972787672913
8320.0	2.5959403452321475	651.4608721531707	0.5753025953973753	1359.593302925293	1.04972787672913
8330.0	2.5232776990870938	651.4608721531707	0.5753025953973753	1359.593302925293	1.04972787672913
8340.0	2.5055451360601575	651.4608721531707	0.5753025953973753	1359.593302925293	1.04972787672913
8350.0	2.597416189397143	651.4608721531707	0.5753025953973753	1359.593302925293	1.04972787672913
8360.0	2.44884561201258	651.4608721531707	0.5753025953973753	1359.593302925293	1.04972787672913
8370.0	2.5809622396465732	651.4608721531707	0.5753025953973753	1359.593302925293	1.04972787672913
8380.0	2.5065713360380544	651.4608721531707	0.5753025953973753	1359.593302925293	1.04972787672913
8390.0	2.5022285128611483	651.4608721531707	0.5753025953973753	1359.593302925293	1.04972787672913
8400.0	2.4497755814201776	651.4608721531707	0.5753025953973753	1359.593302925293	1.04972787672913
8410.0	2.417864618567835	651.4608721531707	0.5753025953973753	1359.593302925293	1.04972787672913
8420.0	2.622683966682752	651.4608721531707	0.5753025953973753	1359.593302925293	1.04972787672913
8430.0	2.460473824123707	651.4608721531707	0.5753025953973753	1359.593302925293	1.04972787672913
8440.0	2.503135160508297	651.4608721531707	0.5753025953973753	1359.593302925293	1.04972787672913
8450.0	2.6073124050398517	651.4608721531707	0.5753025953973753	1359.593302925293	1.04972787672913
8460.0	2.371364553705681	651.4608721531707	0.5753025953973753	1359.593302925293	1.04972787672913
8470.0	2.343995530580967	651.4608721531707	0.5753025953973753	1359.593302925293	1.04972787672913
8480.0	2.3223781435394515	651.4608721531707	0.5753025953973753	1359.593302925293	1.04972787672913
8490.0	2.3678498849492056	651.4608721531707	0.5753025953973753	1359.593302925293	1.04972787672913
8500.0	2.4124768950970132	651.4608721531707	0.5753025953973753	1359.593302925293	1.04972787672913
8510.0	2.5526023794090165	651.4608721531707	0.5753025953973753	1359.593302925293	1.04972787672913
8520.0	2.4989291132200004	651.4608721531707	0.5753025953973753	1359.593302925293	1.04972787672913
8530.0	2.5090684910186587	651.4608721531707	0.5753025953973753	1359.593302925293	1.04972787672913
8540.0	2.408646231250734	651.4608721531707	0.5753025953973753	1359.593302925293	1.04972787672913
8550.0	2.4538489372051173	651.4608721531707	0.5753025953973753	1359.593302925293	1.04972787672913
8560.0	2.4930844872651474	651.4608721531707	0.5753025953973753	1359.593302925293	1.04972787672913
8570.0	2.3962064981310225	651.4608721531707	0.5753025953973753	1359.593302925293	1.04972787672913
8580.0	2.155289137171746	651.4608721531707	0.5753025953973753	1359.593302925293	1.04972787672913
8590.0	2.3065444426768247	651.4608721531707	0.5753025953973753	1359.593302925293	1.04972787672913
8600.0	2.28865354852651	651.4608721531707	0.5753025953973753	1359.593302925293	1.04972787672913
8610.0	2.2779759573317584	651.4608721531707	0.5753025953973753	1359.593302925293	1.04972787672913
8620.0	2.2650363075414637	651.4608721531707	0.5753025953973753	1359.593302925293	1.04972787672913
8630.0	2.151151379532897	651.4608721531707	0.5753025953973753	1359.593302925293	1.04972787672913
8640.0	2.2701868881047362	651.4608721531707	0.5753025953973753	1359.593302925293	1.04972787672913
8650.0	2.2472919671988563	651.4608721531707	0.5753025953973753	1359.593302925293	1.04972787672913
8660.0	2.2444581298189172	651.4608721531707	0.5753025953973753	1359.593302925293	1.04972787672913
8670.0	2.252946841184219	651.4608721531707	0.5753025953973753	1359.593302925293	1.04972787672913
8680.0	2.1595305386650097	651.4608721531707	0.5753025953973753	1359.593302925293	1.04972787672913
8690.0	2.177710360171422	651.4608721531707	0.5753025953973753	1359.593302925293	1.04972787672913
8700.0	2.1282610292187147	651.4608721531707	0.5753025953973753	1359.593302925293	1.04972787672913
8710.0	2.0987832648457805	651.4608721531707	0.5753025953973753	1359.593302925293	1.04972787672913
8720.0	2.3088588286090816	651.4608721531707	0.5753025953973753	1359.593302925293	1.04972787672913
8730.0	2.330389494027886	651.4608721531707	0.5753025953973753	1359.593302925293	1.04972787672913
8740.0	2.025095685242437	651.4608721531707	0.5753025953973753	1359.593302925293	1.04972787672913
8750.0	2.0168704100102954	651.4608721531707	0.5753025953973753	1359.593302925293	1.04972787672913
8760.0	2.003452084371354	651.4608721531707	0.5753025953973753	1359.593302925293	1.04972787672913
8770.0	2.1292620059968748	651.4608721531707	0.5753025953973753	1359.593302925293	1.04972787672913
8780.0	2.0554895717392796	651.4608721531707	0.5753025953973753	1359.593302925293	1.04972787672913
8790.0	2.064700745398058	651.4608721531707	0.5753025953973753	1359.593302925293	1.04972787672913
8800.0	2.035483466464168	651.4608721531707	0.5753025953973753	1359.593302925293	1.04972787672913
8810.0	1.9084565198278125	651.4608721531707	0.5753025953973753	1359.593302925293	1.04972787672913
8820.0	2.0375905936206644	651.4608721531707	0.5753025953973753	1359.593302925293	1.04972787672913
8830.0	2.2750734110899056	651.4608721531707	0.5753025953973753	1359.593302925293	1.04972787672913
8840.0	2.1140602849397787	651.4608721531707	0.5753025953973753	1359.593302925293	1.04972787672913
8850.0	2.0647268069949427	651.4608721531707	0.5753025953973753	1359.593302925293	1.04972787672913
8860.0	1.9386830441432419	651.4608721531707	0.5753025953973753	1359.593302925293	1.04972787672913
8870.0	1.8573485883930958	651.4608721531707	0.5753025953973753	1359.593302925293	1.04972787672913
8880.0	1.9179592662712888	651.4608721531707	0.5753025953973753	1359.593302925293	1.04972787672913
8890.0	1.8589681037986563	651.4608721531707	0.5753025953973753	1359.593302925293	1.04972787672913
8900.0	1.8207503072067706	651.4608721531707	0.5753025953973753	1359.593302925293	1.04972787672913
8910.0	1.9716000792446984	651.4608721531707	0.5753025953973753	1359.593302925293	1.04972787672913
8920.0	1.8778005300450389	651.4608721531707	0.5753025953973753	1359.593302925293	1.04972787672913
8930.0	2.024900716498666	651.4608721531707	0.5753025953973753	1359.593302925293	1.04972787672913
8940.0	1.9888424344141935	651.4608721531707	0.5753025953973753	1359.593302925293	1.04972787672913
8950.0	2.033778034077306	651.4608721531707	0.5753025953973753	1359.593302925293	1.04972787672913
8960.0	1.964180352073966	651.4608721531707	0.5753025953973753	1359.593302925293	1.04972787672913
8970.0	1.8792840308634078	651.4608721531707	0.5753025953973753	1359.593302925293	1.04972787672913
8980.0	1.8232868023824247	651.4608721531707	0.5753025953973753	1359.593302925293	1.04972787672913
8990.0	1.8149667320748555	651.4608721531707	0.5753025953973753	1359.593302925293	1.04972787672913
9000.0	1.8029870737497744	651.4608721531707	0.5753025953973753	1359.593302925293	1.04972787672913
9010.0	1.8806607373771014	651.4608721531707	0.5753025953973753	1359.593302925293	1.04972787672913
9020.0	1.8536566655472155	651.4608721531707	0.5753025953973753	1359.593302925293	1.04972787672913
9030.0	1.7912522646906226	651.4608721531707	0.5753025953973753	1359.593302925293	1.04972787672913
9040.0	1.560205158795958	651.4608721531707	0.5753025953973753	1359.593302925293	1.04972787672913
9050.0	1.657904069404309	651.4608721531707	0.5753025953973753	1359.593302925293	1.04972787672913
9060.0	1.5882161806355446	651.4608721531707	0.5753025953973753	1359.593302925293	1.04972787672913
9070.0	1.6262229295005748	651.4608721531707	0.5753025953973753	1359.593302925293	1.04972787672913
9080.0	1.7198090609237322	651.4608721531707	0.5753025953973753	1359.593302925293	1.04972787672913
9090.0	1.8526114595575147	651.4608721531707	0.5753025953973753	1359.593302925293	1.04972787672913
9100.0	1.9919469987355332	651.4608721531707	0.5753025953973753	1359.593302925293	1.04972787672913
9110.0	1.8998406936604029	651.4608721531707	0.5753025953973753	1359.593302925293	1.04972787672913
9120.0	1.719802526746413	651.4608721531707	0.5753025953973753	1359.593302925293	1.04972787672913
9130.0	1.6546242196852519	651.4608721531707	0.5753025953973753	1359.593302925293	1.04972787672913
9140.0	1.746815104040282	651.4608721531707	0.5753025953973753	1359.593302925293	1.04972787672913
9150.0	1.6040656883635	651.4608721531707	0.5753025953973753	1359.593302925293	1.04972787672913
9160.0	1.6229362527328692	651.4608721531707	0.5753025953973753	1359.593302925293	1.04972787672913
9170.0	1.6872978667633978	651.4608721531707	0.5753025953973753	1359.593302925293	1.04972787672913
9180.0	1.575904503776396	651.4608721531707	0.5753025953973753	1359.593302925293	1.04972787672913
9190.0	1.583738773053048	651.4608721531707	0.5753025953973753	1359.593302925293	1.04972787672913
9200.0	1.6484021845031893	651.4608721531707	0.5753025953973753	1359.593302925293	1.04972787672913
9210.0	1.8101963676551112	651.4608721531707	0.5753025953973753	1359.593302925293	1.04972787672913
9220.0	1.8160996166514818	651.4608721531707	0.5753025953973753	1359.593302925293	1.04972787672913
9230.0	1.7570627458479648	651.4608721531707	0.5753025953973753	1359.593302925293	1.04972787672913
9240.0	1.641690950452132	651.4608721531707	0.5753025953973753	1359.593302925293	1.04972787672913
9250.0	1.6956942011478018	651.4608721531707	0.5753025953973753	1359.593302925293	1.04972787672913
9260.0	1.6492628658466646	651.4608721531707	0.5753025953973753	1359.593302925293	1.04972787672913
9270.0	1.8002187165411088	651.4608721531707	0.5753025953973753	1359.593302925293	1.04972787672913
9280.0	1.7054005472342197	651.4608721531707	0.5753025953973753	1359.593302925293	1.04972787672913
9290.0	1.6480338870882278	651.4608721531707	0.5753025953973753	1359.593302925293	1.04972787672913
9300.0	1.5117394767610275	651.4608721531707	0.5753025953973753	1359.593302925293	1.04972787672913
9310.0	1.6122003733006376	651.4608721531707	0.5753025953973753	1359.593302925293	1.04972787672913
9320.0	1.5639880100270203	651.4608721531707	0.5753025953973753	1359.593302925293	1.04972787672913
9330.0	1.5586310837187132	651.4608721531707	0.5753025953973753	1359.593302925293	1.04972787672913
9340.0	1.5821645545713368	651.4608721531707	0.5753025953973753	1359.593302925293	1.04972787672913
9350.0	1.5273266564481565	651.4608721531707	0.5753025953973753	1359.593302925293	1.04972787672913
9360.0	1.480437628451058	651.4608721531707	0.5753025953973753	1359.593302925293	1.04972787672913
9370.0	1.6998944703044434	651.4608721531707	0.5753025953973753	1359.593302925293	1.04972787672913
9380.0	1.6336179954967407	651.4608721531707	0.5753025953973753	1359.593302925293	1.04972787672913
9390.0	1.6620905190980155	651.4608721531707	0.5753025953973753	1359.593302925293	1.04972787672913
9400.0	1.5288284966523125	651.4608721531707	0.5753025953973753	1359.593302925293	1.04972787672913
9410.0	1.4736798255784085	651.4608721531707	0.5753025953973753	1359.593302925293	1.04972787672913
9420.0	1.4287692098580644	651.4608721531707	0.5753025953973753	1359.593302925293	1.04972787672913
9430.0	1.3638800724686195	651.4608721531707	0.5753025953973753	1359.593302925293	1.04972787672913
9440.0	1.4189017920733034	651.4608721531707	0.5753025953973753	1359.593302925293	1.04972787672913
9450.0	1.4806417990239933	651.4608721531707	0.5753025953973753	1359.593302925293	1.04972787672913
9460.0	1.5545227279313922	651.4608721531707	0.5753025953973753	1359.593302925293	1.04972787672913
9470.0	1.4618501729426987	651.4608721531707	0.5753025953973753	1359.593302925293	1.04972787672913
9480.0	1.4664447761565698	651.4608721531707	0.5753025953973753	1359.593302925293	1.04972787672913
9490.0	1.4610251503649758	651.4608721531707	0.5753025953973753	1359.593302925293	1.04972787672913
9500.0	1.5288115753481697	651.4608721531707	0.5753025953973753	1359.593302925293	1.04972787672913
9510.0	1.5513348735427823	651.4608721531707	0.5753025953973753	1359.593302925293	1.04972787672913
9520.0	1.5182753079105453	651.4608721531707	0.5753025953973753	1359.593302925293	1.04972787672913
9530.0	1.431347248276652	651.4608721531707	0.5753025953973753	1359.593302925293	1.04972787672913
9540.0	1.3714140855110328	651.4608721531707	0.5753025953973753	1359.593302925293	1.04972787672913
9550.0	1.499969691040289	651.4608721531707	0.5753025953973753	1359.593302925293	1.04972787672913
9560.0	1.3375077167081777	651.4608721531707	0.5753025953973753	1359.593302925293	1.04972787672913
9570.0	1.5488863329977118	651.4608721531707	0.5753025953973753	1359.593302925293	1.04972787672913
9580.0	1.4286591256766288	651.4608721531707	0.5753025953973753	1359.593302925293	1.04972787672913
9590.0	1.284190458094453	651.4608721531707	0.5753025953973753	1359.593302925293	1.04972787672913
9600.0	1.1324187833863817	651.4608721531707	0.5753025953973753	1359.593302925293	1.04972787672913
9610.0	1.2950799192679654	651.4608721531707	0.5753025953973753	1359.593302925293	1.04972787672913
9620.0	1.3059366415831508	651.4608721531707	0.5753025953973753	1359.593302925293	1.04972787672913
9630.0	1.3732541045395326	651.4608721531707	0.5753025953973753	1359.593302925293	1.04972787672913
9640.0	1.26907916855918	651.4608721531707	0.5753025953973753	1359.593302925293	1.04972787672913
9650.0	1.207567498016634	651.4608721531707	0.5753025953973753	1359.593302925293	1.04972787672913
9660.0	1.232291457005519	651.4608721531707	0.5753025953973753	1359.593302925293	1.04972787672913
9670.0	1.2835798574340345	651.4608721531707	0.5753025953973753	1359.593302925293	1.04972787672913
9680.0	1.3617243681925244	651.4608721531707	0.5753025953973753	1359.593302925293	1.04972787672913
9690.0	1.3587048823657502	651.4608721531707	0.5753025953973753	1359.593302925293	1.04972787672913
9700.0	1.2874346750207892	651.4608721531707	0.5753025953973753	1359.593302925293	1.04972787672913
9710.0	1.2931698896841026	651.4608721531707	0.5753025953973753	1359.593302925293	1.04972787672913
9720.0	1.3645221470364586	651.4608721531707	0.5753025953973753	1359.593302925293	1.04972787672913
9730.0	1.3663990654489635	651.4608721531707	0.5753025953973753	1359.593302925293	1.04972787672913
9740.0	1.2276209335213915	651.4608721531707	0.5753025953973753	1359.593302925293	1.04972787672913
9750.0	1.270782080745319	651.4608721531707	0.5753025953973753	1359.593302925293	1.04972787672913
9760.0	1.3257474235408586	651.4608721531707	0.5753025953973753	1359.593302925293	1.04972787672913
9770.0	1.4256642052060007	651.4608721531707	0.5753025953973753	1359.593302925293	1.04972787672913
9780.0	1.2303845425129518	651.4608721531707	0.5753025953973753	1359.593302925293	1.04972787672913
9790.0	1.3631100000732197	651.4608721531707	0.5753025953973753	1359.593302925293	1.04972787672913
9800.0	1.331569796261438	651.4608721531707	0.5753025953973753	1359.593302925293	1.04972787672913
9810.0	1.2901591798277527	651.4608721531707	0.5753025953973753	1359.593302925293	1.04972787672913
9820.0	1.0732604758319795	651.4608721531707	0.5753025953973753	1359.593302925293	1.04972787672913
9830.0	1.1478751983323758	651.4608721531707	0.5753025953973753	1359.593302925293	1.04972787672913
9840.0	1.0474171281959388	651.4608721531707	0.5753025953973753	1359.593302925293	1.04972787672913
9850.0	1.0678344712322212	651.4608721531707	0.5753025953973753	1359.593302925293	1.04972787672913
9860.0	1.1045052103911543	651.4608721531707	0.5753025953973753	1359.593302925293	1.04972787672913
9870.0	1.2560346130017812	651.4608721531707	0.5753025953973753	1359.593302925293	1.04972787672913
9880.0	1.0847118882129252	651.4608721531707	0.5753025953973753	1359.593302925293	1.04972787672913
9890.0	1.126973921017138	651.4608721531707	0.5753025953973753	1359.593302925293	1.04972787672913
9900.0	1.1407921884667163	651.4608721531707	0.5753025953973753	1359.593302925293	1.04972787672913
9910.0	1.2211423230347775	651.4608721531707	0.5753025953973753	1359.593302925293	1.04972787672913
9920.0	1.1797514622326277	651.4608721531707	0.5753025953973753	1359.593302925293	1.04972787672913
9930.0	1.1337899950297785	651.4608721531707	0.5753025953973753	1359.593302925293	1.04972787672913
9940.0	1.1776995137419692	651.4608721531707	0.5753025953973753	1359.593302925293	1.04972787672913
9950.0	1.1172642188573545	651.4608721531707	0.5753025953973753	1359.593302925293	1.04972787672913
9960.0	1.0663160355943755	651.4608721531707	0.5753025953973753	1359.593302925293	1.04972787672913
9970.0	1.0635152943580959	651.4608721531707	0.5753025953973753	1359.593302925293	1.04972787672913
9980.0	1.0611176103163462	651.4608721531707	0.5753025953973753	1359.593302925293	1.04972787672913
9990.0	1.1204859178136632	651.4608721531707	0.5753025953973753	1359.593302925293	1.04972787672913
10000.0	1.0244261802419796	651.4608721531707	0.5753025953973753	1359.593302925293	1.04972787672913
10010.0	1.1962374448083548	651.4608721531707	0.5753025953973753	1359.593302925293	1.04972787672913
10020.0	1.045525322338916	651.4608721531707	0.5753025953973753	1359.593302925293	1.04972787672913
10030.0	1.0319469076210834	651.4608721531707	0.5753025953973753	1359.593302925293	1.04972787672913
10040.0	1.2249961588824394	651.4608721531707	0.5753025953973753	1359.593302925293	1.04972787672913
10050.0	1.2050469702884747	651.4608721531707	0.5753025953973753	1359.593302925293	1.04972787672913
10060.0	1.1169951589484726	651.4608721531707	0.5753025953973753	1359.593302925293	1.04972787672913
10070.0	1.17765166309064	651.4608721531707	0.5753025953973753	1359.593302925293	1.04972787672913
10080.0	1.1029379735257643	651.4608721531707	0.5753025953973753	1359.593302925293	1.04972787672913
10090.0	1.1190081815097541	651.4608721531707	0.5753025953973753	1359.593302925293	1.04972787672913
10100.0	1.209577936318696	651.4608721531707	0.5753025953973753	1359.593302925293	1.04972787672913
10110.0	1.1510331903528739	651.4608721531707	0.5753025953973753	1359.593302925293	1.04972787672913
10120.0	1.2043744099860296	651.4608721531707	0.5753025953973753	1359.593302925293	1.04972787672913
10130.0	1.0866931768266281	651.4608721531707	0.5753025953973753	1359.593302925293	1.04972787672913
10140.0	1.058469622292963	651.4608721531707	0.5753025953973753	1359.593302925293	1.04972787672913
10150.0	1.0935458752621714	651.4608721531707	0.5753025953973753	1359.593302925293	1.04972787672913
10160.0	1.055452726513105	651.4608721531707	0.5753025953973753	1359.593302925293	1.04972787672913
10170.0	1.0294334257085438	651.4608721531707	0.5753025953973753	1359.593302925293	1.04972787672913
10180.0	0.9541270500815602	651.4608721531707	0.5753025953973753	1359.593302925293	1.04972787672913
10190.0	1.0726870396830064	651.4608721531707	0.5753025953973753	1359.593302925293	1.04972787672913
10200.0	1.0058122606035544	651.4608721531707	0.5753025953973753	1359.593302925293	1.04972787672913
10210.0	1.0667577473290268	651.4608721531707	0.5753025953973753	1359.593302925293	1.04972787672913
10220.0	0.9485671020499705	651.4608721531707	0.5753025953973753	1359.593302925293	1.04972787672913
10230.0	0.9752744486217354	651.4608721531707	0.5753025953973753	1359.593302925293	1.04972787672913
10240.0	1.1237649356651889	651.4608721531707	0.5753025953973753	1359.593302925293	1.04972787672913
10250.0	1.0444607508533295	651.4608721531707	0.5753025953973753	1359.593302925293	1.04972787672913
10260.0	0.9908435169783477	651.4608721531707	0.5753025953973753	1359.593302925293	1.04972787672913
10270.0	1.070374541657346	651.4608721531707	0.5753025953973753	1359.593302925293	1.04972787672913
10280.0	0.9442917514263716	651.4608721531707	0.5753025953973753	1359.593302925293	1.04972787672913
10290.0	0.9430608006552588	651.4608721531707	0.5753025953973753	1359.593302925293	1.04972787672913
10300.0	0.9718786449435224	651.4608721531707	0.5753025953973753	1359.593302925293	1.04972787672913
10310.0	0.9208748195689501	651.4608721531707	0.5753025953973753	1359.593302925293	1.04972787672913
10320.0	0.9981060300156047	651.4608721531707	0.5753025953973753	1359.593302925293	1.04972787672913
10330.0	0.9848503979643544	651.4608721531707	0.5753025953973753	1359.593302925293	1.04972787672913
10340.0	0.8566694448019425	651.4608721531707	0.5753025953973753	1359.593302925293	1.04972787672913
10350.0	0.8795532580361192	651.4608721531707	0.5753025953973753	1359.593302925293	1.04972787672913
10360.0	0.9780939039033488	651.4608721531707	0.5753025953973753	1359.593302925293	1.04972787672913
10370.0	0.9585223012043556	651.4608721531707	0.5753025953973753	1359.593302925293	1.04972787672913
10380.0	0.8996429087735711	651.4608721531707	0.5753025953973753	1359.593302925293	1.04972787672913
10390.0	0.9495516335209714	651.4608721531707	0.5753025953973753	1359.593302925293	1.04972787672913
10400.0	0.8737564066294983	651.4608721531707	0.5753025953973753	1359.593302925293	1.04972787672913
10410.0	0.940586322365913	651.4608721531707	0.5753025953973753	1359.593302925293	1.04972787672913
10420.0	0.9991268959289498	651.4608721531707	0.5753025953973753	1359.593302925293	1.04972787672913
10430.0	0.9938740477269974	651.4608721531707	0.5753025953973753	1359.593302925293	1.04972787672913
10440.0	0.8958326912228884	651.4608721531707	0.5753025953973753	1359.593302925293	1.04972787672913
10450.0	0.9158611448862817	651.4608721531707	0.5753025953973753	1359.593302925293	1.04972787672913
10460.0	0.9784072461921556	651.4608721531707	0.5753025953973753	1359.593302925293	1.04972787672913
10470.0	1.0262849611514029	651.4608721531707	0.5753025953973753	1359.593302925293	1.04972787672913
10480.0	0.9293517365348266	651.4608721531707	0.5753025953973753	1359.593302925293	1.04972787672913
10490.0	1.0451924880775492	651.4608721531707	0.5753025953973753	1359.593302925293	1.04972787672913
10500.0	0.9050574473545776	651.4608721531707	0.5753025953973753	1359.593302925293	1.04972787672913
10510.0	0.9826634684041556	651.4608721531707	0.5753025953973753	1359.593302925293	1.04972787672913
10520.0	0.9199672580513084	651.4608721531707	0.5753025953973753	1359.593302925293	1.04972787672913
10530.0	0.8720212147868607	651.4608721531707	0.5753025953973753	1359.593302925293	1.04972787672913
10540.0	0.8166124232151197	651.4608721531707	0.5753025953973753	1359.593302925293	1.04972787672913
10550.0	0.7938770607068153	651.4608721531707	0.5753025953973753	1359.593302925293	1.04972787672913
10560.0	0.8413863493158541	651.4608721531707	0.5753025953973753	1359.593302925293	1.04972787672913
10570.0	0.9036608844339276	651.4608721531707	0.5753025953973753	1359.593302925293	1.04972787672913
10580.0	0.817008581338263	651.4608721531707	0.5753025953973753	1359.593302925293	1.04972787672913
10590.0	0.891935800902685	651.4608721531707	0.5753025953973753	1359.593302925293	1.04972787672913
10600.0	0.777738465830223	651.4608721531707	0.5753025953973753	1359.593302925293	1.04972787672913
10610.0	0.8465869941837453	651.4608721531707	0.5753025953973753	1359.593302925293	1.04972787672913
10620.0	0.8400634712565784	651.4608721531707	0.5753025953973753	1359.593302925293	1.04972787672913
10630.0	0.8481802599087095	651.4608721531707	0.5753025953973753	1359.593302925293	1.04972787672913
10640.0	0.7761915269918527	651.4608721531707	0.5753025953973753	1359.593302925293	1.04972787672913
10650.0	0.7767014287564084	651.4608721531707	0.5753025953973753	1359.593302925293	1.04972787672913
10660.0	0.7206307857907309	651.4608721531707	0.5753025953973753	1359.593302925293	1.04972787672913
10670.0	0.8284933726560666	651.4608721531707	0.5753025953973753	1359.593302925293	1.04972787672913
10680.0	0.7824088216536768	651.4608721531707	0.5753025953973753	1359.593302925293	1.04972787672913
10690.0	0.8994029623189509	651.4608721531707	0.5753025953973753	1359.593302925293	1.04972787672913
10700.0	0.7916629809070719	651.4608721531707	0.5753025953973753	1359.593302925293	1.04972787672913
10710.0	0.8509363722271355	651.4608721531707	0.5753025953973753	1359.593302925293	1.04972787672913
10720.0	0.8297793933425052	651.4608721531707	0.5753025953973753	1359.593302925293	1.04972787672913
10730.0	0.89203077502815	651.4608721531707	0.5753025953973753	1359.593302925293	1.04972787672913
10740.0	0.8698729176841562	651.4608721531707	0.5753025953973753	1359.593302925293	1.04972787672913
10750.0	0.825788627092698	651.4608721531707	0.5753025953973753	1359.593302925293	1.04972787672913
10760.0	0.7969124370868855	651.4608721531707	0.5753025953973753	1359.593302925293	1.04972787672913
10770.0	0.8256737517218683	651.4608721531707	0.5753025953973753	1359.593302925293	1.04972787672913
10780.0	0.7299692680414467	651.4608721531707	0.5753025953973753	1359.593302925293	1.04972787672913
10790.0	0.8149160882558715	651.4608721531707	0.5753025953973753	1359.593302925293	1.04972787672913
10800.0	0.721176234395779	651.4608721531707	0.5753025953973753	1359.593302925293	1.04972787672913
10810.0	0.7907494434114206	651.4608721531707	0.5753025953973753	1359.593302925293	1.04972787672913
10820.0	0.7453967293021703	651.4608721531707	0.5753025953973753	1359.593302925293	1.04972787672913
10830.0	0.7026132773614908	651.4608721531707	0.5753025953973753	1359.593302925293	1.04972787672913
10840.0	0.6883679573919608	651.4608721531707	0.5753025953973753	1359.593302925293	1.04972787672913
10850.0	0.7923781002064918	651.4608721531707	0.5753025953973753	1359.593302925293	1.04972787672913
10860.0	0.724085281405988	651.4608721531707	0.5753025953973753	1359.593302925293	1.04972787672913
10870.0	0.7407079013058474	651.4608721531707	0.5753025953973753	1359.593302925293	1.04972787672913
10880.0	0.7632628983118164	651.4608721531707	0.5753025953973753	1359.593302925293	1.04972787672913
10890.0	0.7566333056407593	651.4608721531707	0.5753025953973753	1359.593302925293	1.04972787672913
10900.0	0.6806872779320617	651.4608721531707	0.5753025953973753	1359.593302925293	1.04972787672913
10910.0	0.6909119179081066	651.4608721531707	0.5753025953973753	1359.593302925293	1.04972787672913
10920.0	0.65768925169592	651.4608721531707	0.5753025953973753	1359.593302925293	1.04972787672913
10930.0	0.7653548911967316	651.4608721531707	0.5753025953973753	1359.593302925293	1.04972787672913
10940.0	0.6976063544481481	651.4608721531707	0.5753025953973753	1359.593302925293	1.04972787672913
10950.0	0.7284292935090341	651.4608721531707	0.5753025953973753	1359.593302925293	1.04972787672913
10960.0	0.6739040106551899	651.4608721531707	0.5753025953973753	1359.593302925293	1.04972787672913
10970.0	0.7302419423151462	651.4608721531707	0.5753025953973753	1359.593302925293	1.04972787672913
10980.0	0.7867361426519488	651.4608721531707	0.5753025953973753	1359.593302925293	1.04972787672913
10990.0	0.7521953215668927	651.4608721531707	0.5753025953973753	1359.593302925293	1.04972787672913
11000.0	0.7150533738316441	651.4608721531707	0.5753025953973753	1359.593302925293	1.04972787672913
11010.0	0.7547450094111022	651.4608721531707	0.5753025953973753	1359.593302925293	1.04972787672913
11020.0	0.7442424778072345	651.4608721531707	0.5753025953973753	1359.593302925293	1.04972787672913
11030.0	0.7451687231998431	651.4608721531707	0.5753025953973753	1359.593302925293	1.04972787672913
11040.0	0.6492099611178599	651.4608721531707	0.5753025953973753	1359.593302925293	1.04972787672913
11050.0	0.7118931870351585	651.4608721531707	0.5753025953973753	1359.593302925293	1.04972787672913
11060.0	0.6701469418102866	651.4608721531707	0.5753025953973753	1359.593302925293	1.04972787672913
11070.0	0.7186725833690397	651.4608721531707	0.5753025953973753	1359.593302925293	1.04972787672913
11080.0	0.6908016095333464	651.4608721531707	0.5753025953973753	1359.593302925293	1.04972787672913
11090.0	0.7196592872356868	651.4608721531707	0.5753025953973753	1359.593302925293	1.04972787672913
11100.0	0.7349794918159747	651.4608721531707	0.5753025953973753	1359.593302925293	1.04972787672913
11110.0	0.8194886118309898	651.4608721531707	0.5753025953973753	1359.593302925293	1.04972787672913
11120.0	0.6920699970731125	651.4608721531707	0.5753025953973753	1359.593302925293	1.04972787672913
11130.0	0.7112227466809573	651.4608721531707	0.5753025953973753	1359.593302925293	1.04972787672913
11140.0	0.7738029570452928	651.4608721531707	0.5753025953973753	1359.593302925293	1.04972787672913
11150.0	0.7592160298438384	651.4608721531707	0.5753025953973753	1359.593302925293	1.04972787672913
11160.0	0.6921797790587468	651.4608721531707	0.5753025953973753	1359.593302925293	1.04972787672913
11170.0	0.7953135394672217	651.4608721531707	0.5753025953973753	1359.593302925293	1.04972787672913
11180.0	0.759869078911478	651.4608721531707	0.5753025953973753	1359.593302925293	1.04972787672913
11190.0	0.6758921746086574	651.4608721531707	0.5753025953973753	1359.593302925293	1.04972787672913
11200.0	0.655079246638733	651.4608721531707	0.5753025953973753	1359.593302925293	1.04972787672913
11210.0	0.6801372275279662	651.4608721531707	0.5753025953973753	1359.593302925293	1.04972787672913
11220.0	0.6251838866135995	651.4608721531707	0.5753025953973753	1359.593302925293	1.04972787672913
11230.0	0.6770249495709161	651.4608721531707	0.5753025953973753	1359.593302925293	1.04972787672913
11240.0	0.657929871431892	651.4608721531707	0.5753025953973753	1359.593302925293	1.04972787672913
11250.0	0.7002610671294011	651.4608721531707	0.5753025953973753	1359.593302925293	1.04972787672913
11260.0	0.6653849702482317	651.4608721531707	0.5753025953973753	1359.593302925293	1.04972787672913
11270.0	0.7689244975739945	651.4608721531707	0.5753025953973753	1359.593302925293	1.04972787672913
11280.0	0.7136306019688948	651.4608721531707	0.5753025953973753	1359.593302925293	1.04972787672913
11290.0	0.6340198531913438	651.4608721531707	0.5753025953973753	1359.593302925293	1.04972787672913
11300.0	0.722830760665499	651.4608721531707	0.5753025953973753	1359.593302925293	1.04972787672913
11310.0	0.7149458791110003	651.4608721531707	0.5753025953973753	1359.593302925293	1.04972787672913
11320.0	0.5337010652456543	651.4608721531707	0.5753025953973753	1359.593302925293	1.04972787672913
11330.0	0.6427882630172768	651.4608721531707	0.5753025953973753	1359.593302925293	1.04972787672913
11340.0	0.7356417228766443	651.4608721531707	0.5753025953973753	1359.593302925293	1.04972787672913
11350.0	0.6635495150841357	651.4608721531707	0.5753025953973753	1359.593302925293	1.04972787672913
11360.0	0.6105772944294922	651.4608721531707	0.5753025953973753	1359.593302925293	1.04972787672913
11370.0	0.7313690912119989	651.4608721531707	0.5753025953973753	1359.593302925293	1.04972787672913
11380.0	0.6737641992221275	651.4608721531707	0.5753025953973753	1359.593302925293	1.04972787672913
11390.0	0.892380624079257	651.4608721531707	0.5753025953973753	1359.593302925293	1.04972787672913
11400.0	0.8785330832731434	651.4608721531707	0.5753025953973753	1359.593302925293	1.04972787672913
11410.0	0.8215376182979758	651.4608721531707	0.5753025953973753	1359.593302925293	1.04972787672913
11420.0	0.6726035295919464	651.4608721531707	0.5753025953973753	1359.593302925293	1.04972787672913
11430.0	0.7157565908179465	651.4608721531707	0.5753025953973753	1359.593302925293	1.04972787672913
11440.0	0.7122390825411217	651.4608721531707	0.5753025953973753	1359.593302925293	1.04972787672913
11450.0	0.6445999328482457	651.4608721531707	0.5753025953973753	1359.593302925293	1.04972787672913
11460.0	0.6632066821951322	651.4608721531707	0.5753025953973753	1359.593302925293	1.04972787672913
11470.0	0.7431058298598531	651.4608721531707	0.5753025953973753	1359.593302925293	1.04972787672913
11480.0	0.6493931971769878	651.4608721531707	0.5753025953973753	1359.593302925293	1.04972787672913
11490.0	0.682672764669534	651.4608721531707	0.5753025953973753	1359.593302925293	1.04972787672913
11500.0	0.66115632850452	651.4608721531707	0.5753025953973753	1359.593302925293	1.04972787672913
11510.0	0.6416964809832523	651.4608721531707	0.5753025953973753	1359.593302925293	1.04972787672913
11520.0	0.6018086628291196	651.4608721531707	0.5753025953973753	1359.593302925293	1.04972787672913
11530.0	0.6310683955176491	651.4608721531707	0.5753025953973753	1359.593302925293	1.04972787672913
11540.0	0.6034142607383624	651.4608721531707	0.5753025953973753	1359.593302925293	1.04972787672913
11550.0	0.7191108196772048	651.4608721531707	0.5753025953973753	1359.593302925293	1.04972787672913
11560.0	0.7266502330787669	651.4608721531707	0.5753025953973753	1359.593302925293	1.04972787672913
11570.0	0.6163165702528928	651.4608721531707	0.5753025953973753	1359.593302925293	1.04972787672913
11580.0	0.6089433035486274	651.4608721531707	0.5753025953973753	1359.593302925293	1.04972787672913
11590.0	0.630870559012043	651.4608721531707	0.5753025953973753	1359.593302925293	1.04972787672913
11600.0	0.5210248112372423	651.4608721531707	0.5753025953973753	1359.593302925293	1.04972787672913
11610.0	0.611834818667101	651.4608721531707	0.5753025953973753	1359.593302925293	1.04972787672913
11620.0	0.5969904120258914	651.4608721531707	0.5753025953973753	1359.593302925293	1.04972787672913
11630.0	0.5905671341103799	651.4608721531707	0.5753025953973753	1359.593302925293	1.04972787672913
11640.0	0.5756149750761053	651.4608721531707	0.5753025953973753	1359.593302925293	1.04972787672913
11650.0	0.6369376679536013	651.4608721531707	0.5753025953973753	1359.593302925293	1.04972787672913
11660.0	0.6188771113340598	651.4608721531707	0.5753025953973753	1359.593302925293	1.04972787672913
11670.0	0.6239540904289027	651.4608721531707	0.5753025953973753	1359.593302925293	1.04972787672913
11680.0	0.6387336180522225	651.4608721531707	0.5753025953973753	1359.593302925293	1.04972787672913
11690.0	0.5517167209849143	651.4608721531707	0.5753025953973753	1359.593302925293	1.04972787672913
11700.0	0.6280436913921491	651.4608721531707	0.5753025953973753	1359.593302925293	1.04972787672913
11710.0	0.6104230787193864	651.4608721531707	0.5753025953973753	1359.593302925293	1.04972787672913
11720.0	0.5764796474336266	651.4608721531707	0.5753025953973753	1359.593302925293	1.04972787672913
11730.0	0.6129261930818729	651.4608721531707	0.5753025953973753	1359.593302925293	1.04972787672913
11740.0	0.5108300103177409	651.4608721531707	0.5753025953973753	1359.593302925293	1.04972787672913
11750.0	0.5995023756278173	651.4608721531707	0.5753025953973753	1359.593302925293	1.04972787672913
11760.0	0.6111023682348026	651.4608721531707	0.5753025953973753	1359.593302925293	1.04972787672913
11770.0	0.515571366893746	651.4608721531707	0.5753025953973753	1359.593302925293	1.04972787672913
11780.0	0.5627383359788609	651.4608721531707	0.5753025953973753	1359.593302925293	1.04972787672913
11790.0	0.5997299888785872	651.4608721531707	0.5753025953973753	1359.593302925293	1.04972787672913
11800.0	0.5429397560392073	651.4608721531707	0.5753025953973753	1359.593302925293	1.04972787672913
11810.0	0.6093651766202418	651.4608721531707	0.5753025953973753	1359.593302925293	1.04972787672913
11820.0	0.5975679921949323	651.4608721531707	0.5753025953973753	1359.593302925293	1.04972787672913
11830.0	0.620832561412441	651.4608721531707	0.5753025953973753	1359.593302925293	1.04972787672913
11840.0	0.6041377993092193	651.4608721531707	0.5753025953973753	1359.593302925293	1.04972787672913
11850.0	0.5688587071300126	651.4608721531707	0.5753025953973753	1359.593302925293	1.04972787672913
11860.0	0.5557523470213289	651.4608721531707	0.5753025953973753	1359.593302925293	1.04972787672913
11870.0	0.5430389171684181	651.4608721531707	0.5753025953973753	1359.593302925293	1.04972787672913
11880.0	0.42520283584929325	651.4608721531707	0.5753025953973753	1359.593302925293	1.04972787672913
11890.0	0.5320919943844664	651.4608721531707	0.5753025953973753	1359.593302925293	1.04972787672913
11900.0	0.43342637689998065	651.4608721531707	0.5753025953973753	1359.593302925293	1.04972787672913
11910.0	0.6128779265349602	651.4608721531707	0.5753025953973753	1359.593302925293	1.04972787672913
11920.0	0.5929841180549351	651.4608721531707	0.5753025953973753	1359.593302925293	1.04972787672913
11930.0	0.5258814813740055	651.4608721531707	0.5753025953973753	1359.593302925293	1.04972787672913
11940.0	0.4440605523677633	651.4608721531707	0.5753025953973753	1359.593302925293	1.04972787672913
11950.0	0.6253295923048918	651.4608721531707	0.5753025953973753	1359.593302925293	1.04972787672913
11960.0	0.48339240108682807	651.4608721531707	0.5753025953973753	1359.593302925293	1.04972787672913
11970.0	0.5051217545149158	651.4608721531707	0.5753025953973753	1359.593302925293	1.04972787672913
11980.0	0.42400199850395787	651.4608721531707	0.5753025953973753	1359.593302925293	1.04972787672913
11990.0	0.543647113290899	651.4608721531707	0.5753025953973753	1359.593302925293	1.04972787672913
12000.0	0.46325248787959106	651.4608721531707	0.5753025953973753	1359.593302925293	1.04972787672913
12010.0	0.4560901037656408	651.4608721531707	0.5753025953973753	1359.593302925293	1.04972787672913
12020.0	0.5267216483208417	651.4608721531707	0.5753025953973753	1359.593302925293	1.04972787672913
12030.0	0.49126560181886425	651.4608721531707	0.5753025953973753	1359.593302925293	1.04972787672913
12040.0	0.4449877062515809	651.4608721531707	0.5753025953973753	1359.593302925293	1.04972787672913
12050.0	0.47166241653284885	651.4608721531707	0.5753025953973753	1359.593302925293	1.04972787672913
12060.0	0.5028686487524563	651.4608721531707	0.5753025953973753	1359.593302925293	1.04972787672913
12070.0	0.4899984342675825	651.4608721531707	0.5753025953973753	1359.593302925293	1.04972787672913
12080.0	0.4238528474276572	651.4608721531707	0.5753025953973753	1359.593302925293	1.04972787672913
12090.0	0.514963757817311	651.4608721531707	0.5753025953973753	1359.593302925293	1.04972787672913
12100.0	0.5414414821548608	651.4608721531707	0.5753025953973753	1359.593302925293	1.04972787672913
12110.0	0.5335043130356554	651.4608721531707	0.5753025953973753	1359.593302925293	1.04972787672913
12120.0	0.5251797081333207	651.4608721531707	0.5753025953973753	1359.593302925293	1.04972787672913
12130.0	0.5492767161823203	651.4608721531707	0.5753025953973753	1359.593302925293	1.04972787672913
12140.0	0.5243836576741798	651.4608721531707	0.5753025953973753	1359.593302925293	1.04972787672913
12150.0	0.530733308343054	651.4608721531707	0.5753025953973753	1359.593302925293	1.04972787672913
12160.0	0.4649489428257707	651.4608721531707	0.5753025953973753	1359.593302925293	1.04972787672913
12170.0	0.4967080534443992	651.4608721531707	0.5753025953973753	1359.593302925293	1.04972787672913
12180.0	0.43248328831359634	651.4608721531707	0.5753025953973753	1359.593302925293	1.04972787672913
12190.0	0.5449177767700139	651.4608721531707	0.5753025953973753	1359.593302925293	1.04972787672913
12200.0	0.46198326788694843	651.4608721531707	0.5753025953973753	1359.593302925293	1.04972787672913
12210.0	0.5099010322347632	651.4608721531707	0.5753025953973753	1359.593302925293	1.04972787672913
12220.0	0.49555420947637074	651.4608721531707	0.5753025953973753	1359.593302925293	1.04972787672913
12230.0	0.5073826424226832	651.4608721531707	0.5753025953973753	1359.593302925293	1.04972787672913
12240.0	0.45913617494169545	651.4608721531707	0.5753025953973753	1359.593302925293	1.04972787672913
12250.0	0.40314868314616265	651.4608721531707	0.5753025953973753	1359.593302925293	1.04972787672913
12260.0	0.44845234379525223	651.4608721531707	0.5753025953973753	1359.593302925293	1.04972787672913
12270.0	0.5038471054896154	651.4608721531707	0.5753025953973753	1359.593302925293	1.04972787672913
12280.0	0.3323741093172098	651.4608721531707	0.5753025953973753	1359.593302925293	1.04972787672913
12290.0	0.4947663034746785	651.4608721531707	0.5753025953973753	1359.593302925293	1.04972787672913
12300.0	0.507953740531304	651.4608721531707	0.5753025953973753	1359.593302925293	1.04972787672913
12310.0	0.4960734675662379	651.4608721531707	0.5753025953973753	1359.593302925293	1.04972787672913
12320.0	0.4529031739374973	651.4608721531707	0.5753025953973753	1359.593302925293	1.04972787672913
12330.0	0.47130922819504095	651.4608721531707	0.5753025953973753	1359.593302925293	1.04972787672913
12340.0	0.44504808042667926	651.4608721531707	0.5753025953973753	1359.593302925293	1.04972787672913
12350.0	0.44392425557785464	651.4608721531707	0.5753025953973753	1359.593302925293	1.04972787672913
12360.0	0.480553911250553	651.4608721531707	0.5753025953973753	1359.593302925293	1.04972787672913
12370.0	0.4839895039598308	651.4608721531707	0.5753025953973753	1359.593302925293	1.04972787672913
12380.0	0.39855347647638745	651.4608721531707	0.5753025953973753	1359.593302925293	1.04972787672913
12390.0	0.47052870297909016	651.4608721531707	0.5753025953973753	1359.593302925293	1.04972787672913
12400.0	0.443830742907139	651.4608721531707	0.5753025953973753	1359.593302925293	1.04972787672913
12410.0	0.5800487073689841	651.4608721531707	0.5753025953973753	1359.593302925293	1.04972787672913
12420.0	0.4328193154195579	651.4608721531707	0.5753025953973753	1359.593302925293	1.04972787672913
12430.0	0.45534062018467697	651.4608721531707	0.5753025953973753	1359.593302925293	1.04972787672913
12440.0	0.43209512790975674	651.4608721531707	0.5753025953973753	1359.593302925293	1.04972787672913
12450.0	0.4072591796778412	651.4608721531707	0.5753025953973753	1359.593302925293	1.04972787672913
12460.0	0.4578984644108802	651.4608721531707	0.5753025953973753	1359.593302925293	1.04972787672913
12470.0	0.46418441185331816	651.4608721531707	0.5753025953973753	1359.593302925293	1.04972787672913
12480.0	0.45187970672810135	651.4608721531707	0.5753025953973753	1359.593302925293	1.04972787672913
12490.0	0.46779076922636703	651.4608721531707	0.5753025953973753	1359.593302925293	1.04972787672913
12500.0	0.45583642803734387	651.4608721531707	0.5753025953973753	1359.593302925293	1.04972787672913
12510.0	0.49399515061428545	651.4608721531707	0.5753025953973753	1359.593302925293	1.04972787672913
12520.0	0.4844763636003247	651.4608721531707	0.5753025953973753	1359.593302925293	1.04972787672913
12530.0	0.45908222620134365	651.4608721531707	0.5753025953973753	1359.593302925293	1.04972787672913
12540.0	0.4806815407645527	651.4608721531707	0.5753025953973753	1359.593302925293	1.04972787672913
12550.0	0.5019595450677395	651.4608721531707	0.5753025953973753	1359.593302925293	1.04972787672913
12560.0	0.3688400492093998	651.4608721531707	0.5753025953973753	1359.593302925293	1.04972787672913
12570.0	0.44108507206934017	651.4608721531707	0.5753025953973753	1359.593302925293	1.04972787672913
12580.0	0.4304466789390287	651.4608721531707	0.5753025953973753	1359.593302925293	1.04972787672913
12590.0	0.4328495922045624	651.4608721531707	0.5753025953973753	1359.593302925293	1.04972787672913
12600.0	0.36490173363548317	651.4608721531707	0.5753025953973753	1359.593302925293	1.04972787672913
12610.0	0.43327908192792924	651.4608721531707	0.5753025953973753	1359.593302925293	1.04972787672913
12620.0	0.4467397548603031	651.4608721531707	0.5753025953973753	1359.593302925293	1.04972787672913
12630.0	0.43926378524479665	651.4608721531707	0.5753025953973753	1359.593302925293	1.04972787672913
12640.0	0.4620280141950638	651.4608721531707	0.5753025953973753	1359.593302925293	1.04972787672913
12650.0	0.5046251963877306	651.4608721531707	0.5753025953973753	1359.593302925293	1.04972787672913
12660.0	0.39241129098830263	651.4608721531707	0.5753025953973753	1359.593302925293	1.04972787672913
12670.0	0.32375160034771894	651.4608721531707	0.5753025953973753	1359.593302925293	1.04972787672913
12680.0	0.3444482979753354	651.4608721531707	0.5753025953973753	1359.593302925293	1.04972787672913
12690.0	0.4236496375161316	651.4608721531707	0.5753025953973753	1359.593302925293	1.04972787672913
12700.0	0.39196477950061936	651.4608721531707	0.5753025953973753	1359.593302925293	1.04972787672913
12710.0	0.6399576907632749	651.4608721531707	0.5753025953973753	1359.593302925293	1.04972787672913
12720.0	0.44286407518007337	651.4608721531707	0.5753025953973753	1359.593302925293	1.04972787672913
12730.0	0.4580735413624209	651.4608721531707	0.5753025953973753	1359.593302925293	1.04972787672913
12740.0	0.5552231763308674	651.4608721531707	0.5753025953973753	1359.593302925293	1.04972787672913
12750.0	0.46985942979471873	651.4608721531707	0.5753025953973753	1359.593302925293	1.04972787672913
12760.0	0.4940652559592463	651.4608721531707	0.5753025953973753	1359.593302925293	1.04972787672913
12770.0	0.44780879422584513	651.4608721531707	0.5753025953973753	1359.593302925293	1.04972787672913
12780.0	0.428372293779733	651.4608721531707	0.5753025953973753	1359.593302925293	1.04972787672913
12790.0	0.4643110356926252	651.4608721531707	0.5753025953973753	1359.593302925293	1.04972787672913
12800.0	0.39763836371500905	651.4608721531707	0.5753025953973753	1359.593302925293	1.04972787672913
12810.0	0.33391854857054165	651.4608721531707	0.5753025953973753	1359.593302925293	1.04972787672913
12820.0	0.3192901206080626	651.4608721531707	0.5753025953973753	1359.593302925293	1.04972787672913
12830.0	0.35503603204422474	651.4608721531707	0.5753025953973753	1359.593302925293	1.04972787672913
12840.0	0.34989999851139275	651.4608721531707	0.5753025953973753	1359.593302925293	1.04972787672913
12850.0	0.40376648179321195	651.4608721531707	0.5753025953973753	1359.593302925293	1.04972787672913
12860.0	0.3772150469886933	651.4608721531707	0.5753025953973753	1359.593302925293	1.04972787672913
12870.0	0.42247942790637255	651.4608721531707	0.5753025953973753	1359.593302925293	1.04972787672913
12880.0	0.3918497778941978	651.4608721531707	0.5753025953973753	1359.593302925293	1.04972787672913
12890.0	0.3569468163572236	651.4608721531707	0.5753025953973753	1359.593302925293	1.04972787672913
12900.0	0.336616384512327	651.4608721531707	0.5753025953973753	1359.593302925293	1.04972787672913
12910.0	0.34117196501342995	651.4608721531707	0.5753025953973753	1359.593302925293	1.04972787672913
12920.0	0.34140194556894077	651.4608721531707	0.5753025953973753	1359.593302925293	1.04972787672913
12930.0	0.30657920704062347	651.4608721531707	0.5753025953973753	1359.593302925293	1.04972787672913
12940.0	0.3655732494295245	651.4608721531707	0.5753025953973753	1359.593302925293	1.04972787672913
12950.0	0.38079156881514337	651.4608721531707	0.5753025953973753	1359.593302925293	1.04972787672913
12960.0	0.3289925612255144	651.4608721531707	0.5753025953973753	1359.593302925293	1.04972787672913
12970.0	0.34127872384566854	651.4608721531707	0.5753025953973753	1359.593302925293	1.04972787672913
12980.0	0.3867012177355102	651.4608721531707	0.5753025953973753	1359.593302925293	1.04972787672913
12990.0	0.4236204657910137	651.4608721531707	0.5753025953973753	1359.593302925293	1.04972787672913
13000.0	0.3364564153980496	651.4608721531707	0.5753025953973753	1359.593302925293	1.04972787672913
13010.0	0.3976641599827165	651.4608721531707	0.5753025953973753	1359.593302925293	1.04972787672913
13020.0	0.7529230575135034	651.4608721531707	0.5753025953973753	1359.593302925293	1.04972787672913
13030.0	0.7809576233821212	651.4608721531707	0.5753025953973753	1359.593302925293	1.04972787672913
13040.0	0.5579661151598536	651.4608721531707	0.5753025953973753	1359.593302925293	1.04972787672913
13050.0	0.5591654468203685	651.4608721531707	0.5753025953973753	1359.593302925293	1.04972787672913
13060.0	0.48012315412561735	651.4608721531707	0.5753025953973753	1359.593302925293	1.04972787672913
13070.0	0.3891887771964534	651.4608721531707	0.5753025953973753	1359.593302925293	1.04972787672913
13080.0	0.4128488748091052	651.4608721531707	0.5753025953973753	1359.593302925293	1.04972787672913
13090.0	0.4052883798688234	651.4608721531707	0.5753025953973753	1359.593302925293	1.04972787672913
13100.0	0.3678093639326862	651.4608721531707	0.5753025953973753	1359.593302925293	1.04972787672913
13110.0	0.4447999503677295	651.4608721531707	0.5753025953973753	1359.593302925293	1.04972787672913
13120.0	0.40781551515034775	651.4608721531707	0.5753025953973753	1359.593302925293	1.04972787672913
13130.0	0.3846340230045077	651.4608721531707	0.5753025953973753	1359.593302925293	1.04972787672913
13140.0	0.3976106854398508	651.4608721531707	0.5753025953973753	1359.593302925293	1.04972787672913
13150.0	0.5017630897155434	651.4608721531707	0.5753025953973753	1359.593302925293	1.04972787672913
13160.0	0.38550239350981286	651.4608721531707	0.5753025953973753	1359.593302925293	1.04972787672913
13170.0	0.3490469119589694	651.4608721531707	0.5753025953973753	1359.593302925293	1.04972787672913
13180.0	0.3270715418169018	651.4608721531707	0.5753025953973753	1359.593302925293	1.04972787672913
13190.0	0.3125635609796942	651.4608721531707	0.5753025953973753	1359.593302925293	1.04972787672913
13200.0	0.3396132649888695	651.4608721531707	0.5753025953973753	1359.593302925293	1.04972787672913
13210.0	0.3746763113222982	651.4608721531707	0.5753025953973753	1359.593302925293	1.04972787672913
13220.0	0.3267772570973063	651.4608721531707	0.5753025953973753	1359.593302925293	1.04972787672913
13230.0	0.35945502056212125	651.4608721531707	0.5753025953973753	1359.593302925293	1.04972787672913
13240.0	0.37633461831888687	651.4608721531707	0.5753025953973753	1359.593302925293	1.04972787672913
13250.0	0.3740329467845561	651.4608721531707	0.5753025953973753	1359.593302925293	1.04972787672913
13260.0	0.3569153197103626	651.4608721531707	0.5753025953973753	1359.593302925293	1.04972787672913
13270.0	0.31397269570448766	651.4608721531707	0.5753025953973753	1359.593302925293	1.04972787672913
13280.0	0.2674032233987278	651.4608721531707	0.5753025953973753	1359.593302925293	1.04972787672913
13290.0	0.36469057569233293	651.4608721531707	0.5753025953973753	1359.593302925293	1.04972787672913
13300.0	0.31656270695351435	651.4608721531707	0.5753025953973753	1359.593302925293	1.04972787672913
13310.0	0.33513741517123413	651.4608721531707	0.5753025953973753	1359.593302925293	1.04972787672913
13320.0	0.35081619673748143	651.4608721531707	0.5753025953973753	1359.593302925293	1.04972787672913
13330.0	0.4286235141439737	651.4608721531707	0.5753025953973753	1359.593302925293	1.04972787672913
13340.0	0.34043662257169793	651.4608721531707	0.5753025953973753	1359.593302925293	1.04972787672913
13350.0	0.41238191004523966	651.4608721531707	0.5753025953973753	1359.593302925293	1.04972787672913
13360.0	0.32459280489328174	651.4608721531707	0.5753025953973753	1359.593302925293	1.04972787672913
13370.0	0.40532987459875897	651.4608721531707	0.5753025953973753	1359.593302925293	1.04972787672913
13380.0	0.3814975893300972	651.4608721531707	0.5753025953973753	1359.593302925293	1.04972787672913
13390.0	0.42705244906782724	651.4608721531707	0.5753025953973753	1359.593302925293	1.04972787672913
13400.0	0.3490636221482636	651.4608721531707	0.5753025953973753	1359.593302925293	1.04972787672913
13410.0	0.49934488123576676	651.4608721531707	0.5753025953973753	1359.593302925293	1.04972787672913
13420.0	0.7827334599147093	651.4608721531707	0.5753025953973753	1359.593302925293	1.04972787672913
13430.0	0.7646055815786834	651.4608721531707	0.5753025953973753	1359.593302925293	1.04972787672913
13440.0	0.6379782127939948	651.4608721531707	0.5753025953973753	1359.593302925293	1.04972787672913
13450.0	0.5517665376535597	651.4608721531707	0.5753025953973753	1359.593302925293	1.04972787672913
13460.0	0.4290977157325004	651.4608721531707	0.5753025953973753	1359.593302925293	1.04972787672913
13470.0	0.43645182530093724	651.4608721531707	0.5753025953973753	1359.593302925293	1.04972787672913
13480.0	0.37012002240336056	651.4608721531707	0.5753025953973753	1359.593302925293	1.04972787672913
13490.0	0.40483891382356385	651.4608721531707	0.5753025953973753	1359.593302925293	1.04972787672913
13500.0	0.42290411852158094	651.4608721531707	0.5753025953973753	1359.593302925293	1.04972787672913
13510.0	0.42451404054674047	651.4608721531707	0.5753025953973753	1359.593302925293	1.04972787672913
13520.0	0.3494202467669565	651.4608721531707	0.5753025953973753	1359.593302925293	1.04972787672913
13530.0	0.3706711832801955	651.4608721531707	0.5753025953973753	1359.593302925293	1.04972787672913
13540.0	0.2994540486523613	651.4608721531707	0.5753025953973753	1359.593302925293	1.04972787672913
13550.0	0.3685557189051838	651.4608721531707	0.5753025953973753	1359.593302925293	1.04972787672913
13560.0	0.40877154148859457	651.4608721531707	0.5753025953973753	1359.593302925293	1.04972787672913
13570.0	0.299491009067921	651.4608721531707	0.5753025953973753	1359.593302925293	1.04972787672913
13580.0	0.3255694608294527	651.4608721531707	0.5753025953973753	1359.593302925293	1.04972787672913
13590.0	0.3968168049594119	651.4608721531707	0.5753025953973753	1359.593302925293	1.04972787672913
13600.0	0.3893702767520252	651.4608721531707	0.5753025953973753	1359.593302925293	1.04972787672913
13610.0	0.4612732792869065	651.4608721531707	0.5753025953973753	1359.593302925293	1.04972787672913
13620.0	0.4571036492742357	651.4608721531707	0.5753025953973753	1359.593302925293	1.04972787672913
13630.0	0.39281060897499753	651.4608721531707	0.5753025953973753	1359.593302925293	1.04972787672913
13640.0	0.37161241334989625	651.4608721531707	0.5753025953973753	1359.593302925293	1.04972787672913
13650.0	0.36465662917767666	651.4608721531707	0.5753025953973753	1359.593302925293	1.04972787672913
13660.0	0.3991933293276609	651.4608721531707	0.5753025953973753	1359.593302925293	1.04972787672913
13670.0	0.46538039974147677	651.4608721531707	0.5753025953973753	1359.593302925293	1.04972787672913
13680.0	0.38219394403163365	651.4608721531707	0.5753025953973753	1359.593302925293	1.04972787672913
13690.0	0.4634514340044839	651.4608721531707	0.5753025953973753	1359.593302925293	1.04972787672913
13700.0	0.37533047057126906	651.4608721531707	0.5753025953973753	1359.593302925293	1.04972787672913
13710.0	0.45563364200805706	651.4608721531707	0.5753025953973753	1359.593302925293	1.04972787672913
13720.0	0.4001850547977535	651.4608721531707	0.5753025953973753	1359.593302925293	1.04972787672913
13730.0	0.3988099381356972	651.4608721531707	0.5753025953973753	1359.593302925293	1.04972787672913
13740.0	0.4669826762314682	651.4608721531707	0.5753025953973753	1359.593302925293	1.04972787672913
13750.0	0.4304750799349493	651.4608721531707	0.5753025953973753	1359.593302925293	1.04972787672913
13760.0	0.40313811200802285	651.4608721531707	0.5753025953973753	1359.593302925293	1.04972787672913
13770.0	0.37553582841712496	651.4608721531707	0.5753025953973753	1359.593302925293	1.04972787672913
13780.0	0.40642353395837666	651.4608721531707	0.5753025953973753	1359.593302925293	1.04972787672913
13790.0	0.409704902357506	651.4608721531707	0.5753025953973753	1359.593302925293	1.04972787672913
13800.0	0.3932428167866631	651.4608721531707	0.5753025953973753	1359.593302925293	1.04972787672913
13810.0	0.4379615766301477	651.4608721531707	0.5753025953973753	1359.593302925293	1.04972787672913
13820.0	0.3231612912720743	651.4608721531707	0.5753025953973753	1359.593302925293	1.04972787672913
13830.0	0.38803734926530487	651.4608721531707	0.5753025953973753	1359.593302925293	1.04972787672913
13840.0	0.3529451926651117	651.4608721531707	0.5753025953973753	1359.593302925293	1.04972787672913
13850.0	0.48781776923409265	651.4608721531707	0.5753025953973753	1359.593302925293	1.04972787672913
13860.0	0.3791476893899145	651.4608721531707	0.5753025953973753	1359.593302925293	1.04972787672913
13870.0	0.435885607463734	651.4608721531707	0.5753025953973753	1359.593302925293	1.04972787672913
13880.0	0.4091097344999093	651.4608721531707	0.5753025953973753	1359.593302925293	1.04972787672913
13890.0	0.47702369240830916	651.4608721531707	0.5753025953973753	1359.593302925293	1.04972787672913
13900.0	0.36320568572388706	651.4608721531707	0.5753025953973753	1359.593302925293	1.04972787672913
13910.0	0.44651118834074305	651.4608721531707	0.5753025953973753	1359.593302925293	1.04972787672913
13920.0	0.6182484113967822	651.4608721531707	0.5753025953973753	1359.593302925293	1.04972787672913
13930.0	0.5940612919160103	651.4608721531707	0.5753025953973753	1359.593302925293	1.04972787672913
13940.0	0.5504404909502567	651.4608721531707	0.5753025953973753	1359.593302925293	1.04972787672913
13950.0	0.46591521894481047	651.4608721531707	0.5753025953973753	1359.593302925293	1.04972787672913
13960.0	0.35661431149278977	651.4608721531707	0.5753025953973753	1359.593302925293	1.04972787672913
13970.0	0.43147743975457936	651.4608721531707	0.5753025953973753	1359.593302925293	1.04972787672913
13980.0	0.4636444476782882	651.4608721531707	0.5753025953973753	1359.593302925293	1.04972787672913
13990.0	0.4201050193612777	651.4608721531707	0.5753025953973753	1359.593302925293	1.04972787672913
14000.0	0.4304540822880935	651.4608721531707	0.5753025953973753	1359.593302925293	1.04972787672913
14010.0	0.3849550282592755	651.4608721531707	0.5753025953973753	1359.593302925293	1.04972787672913
14020.0	0.4164061041576115	651.4608721531707	0.5753025953973753	1359.593302925293	1.04972787672913
14030.0	0.4191465523888992	651.4608721531707	0.5753025953973753	1359.593302925293	1.04972787672913
14040.0	0.39510140569594354	651.4608721531707	0.5753025953973753	1359.593302925293	1.04972787672913
14050.0	0.4170544660325802	651.4608721531707	0.5753025953973753	1359.593302925293	1.04972787672913
14060.0	0.35938651663766263	651.4608721531707	0.5753025953973753	1359.593302925293	1.04972787672913
14070.0	0.35459322793038806	651.4608721531707	0.5753025953973753	1359.593302925293	1.04972787672913
14080.0	0.4297397090076746	651.4608721531707	0.5753025953973753	1359.593302925293	1.04972787672913
14090.0	0.3736863144009812	651.4608721531707	0.5753025953973753	1359.593302925293	1.04972787672913
14100.0	0.3751187580383156	651.4608721531707	0.5753025953973753	1359.593302925293	1.04972787672913
14110.0	0.34460726091906946	651.4608721531707	0.5753025953973753	1359.593302925293	1.04972787672913
14120.0	0.32702149636019334	651.4608721531707	0.5753025953973753	1359.593302925293	1.04972787672913
14130.0	0.40441600469152045	651.4608721531707	0.5753025953973753	1359.593302925293	1.04972787672913
14140.0	0.3574704244458059	651.4608721531707	0.5753025953973753	1359.593302925293	1.04972787672913
14150.0	0.2767150278799969	651.4608721531707	0.5753025953973753	1359.593302925293	1.04972787672913
14160.0	0.35741866410014816	651.4608721531707	0.5753025953973753	1359.593302925293	1.04972787672913
14170.0	0.38105956378086125	651.4608721531707	0.5753025953973753	1359.593302925293	1.04972787672913
14180.0	0.32694483428512827	651.4608721531707	0.5753025953973753	1359.593302925293	1.04972787672913
14190.0	0.41184040655009657	651.4608721531707	0.5753025953973753	1359.593302925293	1.04972787672913
14200.0	0.35234291823627467	651.4608721531707	0.5753025953973753	1359.593302925293	1.04972787672913
14210.0	0.3581309895515774	651.4608721531707	0.5753025953973753	1359.593302925293	1.04972787672913
14220.0	0.35738293384000974	651.4608721531707	0.5753025953973753	1359.593302925293	1.04972787672913
14230.0	0.05907089092067468	651.4608721531707	0.5753025953973753	1359.593302925293	1.04972787672913
14240.0	-0.04253198960061094	651.4608721531707	0.5753025953973753	1359.593302925293	1.04972787672913
14250.0	0.04345412124251008	651.4608721531707	0.5753025953973753	1359.593302925293	1.04972787672913
14260.0	0.029614621439308247	651.4608721531707	0.5753025953973753	1359.593302925293	1.04972787672913
14270.0	0.03704957560226436	651.4608721531707	0.5753025953973753	1359.593302925293	1.04972787672913
14280.0	0.02395326014538475	651.4608721531707	0.5753025953973753	1359.593302925293	1.04972787672913
14290.0	0.03808543322851523	651.4608721531707	0.5753025953973753	1359.593302925293	1.04972787672913
14300.0	0.024170083740360625	651.4608721531707	0.5753025953973753	1359.593302925293	1.04972787672913
14310.0	0.0409426118343045	651.4608721531707	0.5753025953973753	1359.593302925293	1.04972787672913
14320.0	0.010626254797111474	651.4608721531707	0.5753025953973753	1359.593302925293	1.04972787672913
14330.0	0.027145740999756703	651.4608721531707	0.5753025953973753	1359.593302925293	1.04972787672913
14340.0	0.017618460125036907	651.4608721531707	0.5753025953973753	1359.593302925293	1.04972787672913
14350.0	0.018538401328684104	651.4608721531707	0.5753025953973753	1359.593302925293	1.04972787672913
14360.0	0.0031105451546967677	651.4608721531707	0.5753025953973753	1359.593302925293	1.04972787672913
14370.0	0.015210188976138453	651.4608721531707	0.5753025953973753	1359.593302925293	1.04972787672913
14380.0	0.006827681085108664	651.4608721531707	0.5753025953973753	1359.593302925293	1.04972787672913
14390.0	-0.0013115556747110599	651.4608721531707	0.5753025953973753	1359.593302925293	1.04972787672913
14400.0	0.0	651.4608721531707	0.5753025953973753	1359.593302925293	1.04972787672913
14410.0	0.0	651.4608721531707	0.5753025953973753	1359.593302925293	1.04972787672913
14420.0	0.0	651.4608721531707	0.5753025953973753	1359.593302925293	1.04972787672913
14430.0	0.0	651.4608721531707	0.5753025953973753	1359.593302925293	1.04972787672913
14440.0	0.0	651.4608721531707	0.5753025953973753	1359.593302925293	1.04972787672913
14450.0	0.0	651.4608721531707	0.5753025953973753	1359.593302925293	1.04972787672913
14460.0	0.0	651.4608721531707	0.5753025953973753	1359.593302925293	1.04972787672913
14470.0	0.0	651.4608721531707	0.5753025953973753	1359.593302925293	1.04972787672913
14480.0	0.0	651.4608721531707	0.5753025953973753	1359.593302925293	1.04972787672913
14490.0	0.0	651.4608721531707	0.5753025953973753	1359.593302925293	1.04972787672913
14500.0	0.0	651.4608721531707	0.5753025953973753	1359.593302925293	1.04972787672913
14510.0	0.0	651.4608721531707	0.5753025953973753	1359.593302925293	1.04972787672913
14520.0	0.0	651.4608721531707	0.5753025953973753	1359.593302925293	1.04972787672913
14530.0	0.0	651.4608721531707	0.5753025953973753	1359.593302925293	1.04972787672913
14540.0	0.0	651.4608721531707	0.5753025953973753	1359.593302925293	1.04972787672913
14550.0	0.0	651.4608721531707	0.5753025953973753	1359.593302925293	1.04972787672913
14560.0	0.0	651.4608721531707	0.5753025953973753	1359.593302925293	1.04972787672913
14570.0	0.0	651.4608721531707	0.5753025953973753	1359.593302925293	1.04972787672913
14580.0	0.0	651.4608721531707	0.5753025953973753	1359.593302925293	1.04972787672913
14590.0	0.0	651.4608721531707	0.5753025953973753	1359.593302925293	1.04972787672913
14600.0	0.0	651.4608721531707	0.5753025953973753	1359.593302925293	1.04972787672913
14610.0	0.0	651.4608721531707	0.5753025953973753	1359.593302925293	1.04972787672913
14620.0	0.0	651.4608721531707	0.5753025953973753	1359.593302925293	1.04972787672913
14630.0	0.0	651.4608721531707	0.5753025953973753	1359.593302925293	1.04972787672913
14640.0	0.0	651.4608721531707	0.5753025953973753	1359.593302925293	1.04972787672913
14650.0	0.0	651.4608721531707	0.5753025953973753	1359.593302925293	1.04972787672913
14660.0	0.0	651.4608721531707	0.5753025953973753	1359.593302925293	1.04972787672913
14670.0	0.0	651.4608721531707	0.5753025953973753	1359.593302925293	1.04972787672913
14680.0	0.0	651.4608721531707	0.5753025953973753	1359.593302925293	1.04972787672913
14690.0	0.0	651.4608721531707	0.5753025953973753	1359.593302925293	1.04972787672913
14700.0	0.0	651.4608721531707	0.5753025953973753	1359.593302925293	1.04972787672913
14710.0	0.0	651.4608721531707	0.5753025953973753	1359.593302925293	1.04972787672913
14720.0	0.0	651.4608721531707	0.5753025953973753	1359.593302925293	1.04972787672913
14730.0	0.0	651.4608721531707	0.5753025953973753	1359.593302925293	1.04972787672913
14740.0	0.0	651.4608721531707	0.5753025953973753	1359.593302925293	1.04972787672913
14750.0	0.0	651.4608721531707	0.5753025953973753	1359.593302925293	1.04972787672913
14760.0	0.0	651.4608721531707	0.5753025953973753	1359.593302925293	1.04972787672913
14770.0	0.0	651.4608721531707	0.5753025953973753	1359.593302925293	1.04972787672913
14780.0	0.0	651.4608721531707	0.5753025953973753	1359.593302925293	1.04972787672913
14790.0	0.0	651.4608721531707	0.5753025953973753	1359.593302925293	1.04972787672913
14800.0	0.0	651.4608721531707	0.5753025953973753	1359.593302925293	1.04972787672913
14810.0	0.0	651.4608721531707	0.5753025953973753	1359.593302925293	1.04972787672913
14820.0	0.0	651.4608721531707	0.5753025953973753	1359.593302925293	1.04972787672913
14830.0	0.0	651.4608721531707	0.5753025953973753	1359.593302925293	1.04972787672913
14840.0	0.0	651.4608721531707	0.5753025953973753	1359.593302925293	1.04972787672913
14850.0	0.0	651.4608721531707	0.5753025953973753	1359.593302925293	1.04972787672913
14860.0	0.0	651.4608721531707	0.5753025953973753	1359.593302925293	1.04972787672913
14870.0	0.0	651.4608721531707	0.5753025953973753	1359.593302925293	1.04972787672913
14880.0	0.0	651.4608721531707	0.5753025953973753	1359.593302925293	1.04972787672913
14890.0	0.0	651.4608721531707	0.5753025953973753	1359.593302925293	1.04972787672913
14900.0	0.0	651.4608721531707	0.5753025953973753	1359.593302925293	1.04972787672913
14910.0	0.0	651.4608721531707	0.5753025953973753	1359.593302925293	1.04972787672913
14920.0	0.0	651.4608721531707	0.5753025953973753	1359.593302925293	1.04972787672913
14930.0	0.0	651.4608721531707	0.5753025953973753	1359.593302925293	1.04972787672913
14940.0	0.0	651.4608721531707	0.5753025953973753	1359.593302925293	1.04972787672913
14950.0	0.0	651.4608721531707	0.5753025953973753	1359.593302925293	1.04972787672913
14960.0	0.0	651.4608721531707	0.5753025953973753	1359.593302925293	1.04972787672913
14970.0	0.0	651.4608721531707	0.5753025953973753	1359.593302925293	1.04972787672913
14980.0	0.0	651.4608721531707	0.5753025953973753	1359.593302925293	1.04972787672913
14990.0	0.0	651.4608721531707	0.5753025953973753	1359.593302925293	1.04972787672913
